timestamp,cpu_usage_system,cpu_usage_total,cpu_usage_user,memory_usage,memory_working_set,rx_bytes,tx_bytes
1650164533,0.0,0.0009054715,0.0025,2.1964311599731445e-05,2.1785497665405277e-05,1111.75,1116.0
1650164534,0.0,0.0009054715,0.0025,2.1964311599731445e-05,2.1785497665405277e-05,1111.75,1116.0
1650164535,0.0,0.0009054715,0.0025,2.1964311599731445e-05,2.1785497665405277e-05,1111.75,1116.0
1650164536,0.0,0.0009054715,0.0025,2.1964311599731445e-05,2.1785497665405277e-05,1111.75,1116.0
1650164537,0.0,0.000977351,0.0,2.1964311599731445e-05,2.1785497665405277e-05,1459.0,1286.0
1650164538,0.0,0.000782091,0.0,2.1964311599731445e-05,2.1785497665405277e-05,1460.0,1286.0
1650164539,0.0,0.000782091,0.0,2.1964311599731445e-05,2.1785497665405277e-05,1460.0,1286.0
1650164540,0.0,0.000497609,0.0,2.1964311599731445e-05,2.1785497665405277e-05,750.0,664.0
1650164541,0.0,0.000853528,0.0,2.1964311599731445e-05,2.1785497665405277e-05,1460.0,1286.0
1650164542,0.0,0.000853528,0.0,2.1964311599731445e-05,2.1785497665405277e-05,1460.0,1286.0
1650164543,0.0,0.000624414,0.0,2.1964311599731445e-05,2.1785497665405277e-05,1094.5,964.5
1650164544,0.0,0.000624414,0.0,2.1964311599731445e-05,2.1785497665405277e-05,1094.5,964.5
1650164545,0.0,0.0011088335,0.0,2.1964311599731445e-05,2.1785497665405277e-05,1732.0,2089.5
1650164546,0.0,0.001183333,0.0,2.1964311599731445e-05,2.1785497665405277e-05,1844.0,1740.0
1650164547,0.0,0.000812204,0.0,2.1964311599731445e-05,2.1785497665405277e-05,1458.0,1352.0
1650164548,0.01,0.000431935,0.0,2.1964311599731445e-05,2.1785497665405277e-05,730.0,643.0
1650164549,0.01,0.000431935,0.0,2.1964311599731445e-05,2.1785497665405277e-05,730.0,643.0
1650164550,0.0,0.0006107625,0.0,2.1964311599731445e-05,2.1785497665405277e-05,1095.0,964.5
1650164551,0.0,0.002110741,0.0,2.1964311599731445e-05,2.1785497665405277e-05,3650.0,3215.0
1650164552,0.0,0.002110741,0.0,2.1964311599731445e-05,2.1785497665405277e-05,3650.0,3215.0
1650164553,0.0,0.000420524,0.0,2.1964311599731445e-05,2.1785497665405277e-05,859.5,693.0
1650164554,0.0,0.000420524,0.0,2.1964311599731445e-05,2.1785497665405277e-05,859.5,693.0
1650164555,0.0,0.001451637,0.0,2.1964311599731445e-05,2.1785497665405277e-05,2158.0,2021.0
1650164556,0.0,0.001451637,0.0,2.1964311599731445e-05,2.1785497665405277e-05,2158.0,2021.0
1650164557,0.0,0.001159163,0.005,2.1964311599731445e-05,2.1785497665405277e-05,1824.5,1772.5
1650164558,0.0,0.00077654,0.0,2.1964311599731445e-05,2.1785497665405277e-05,1459.0,1286.0
1650164559,0.0,0.00077654,0.0,2.1964311599731445e-05,2.1785497665405277e-05,1459.0,1286.0
1650164560,0.0,0.0008325255,0.0,2.1964311599731445e-05,2.1785497665405277e-05,1460.0,1286.0
1650164561,0.01,0.001383413,0.0,2.1964311599731445e-05,2.1785497665405277e-05,2189.0,1929.0
1650164562,0.01,0.001383413,0.0,2.1964311599731445e-05,2.1785497665405277e-05,2189.0,1929.0
1650164563,0.0,0.0006250155,0.0,2.1964311599731445e-05,2.1785497665405277e-05,1095.0,964.5
1650164564,0.0,0.001125434,0.0,2.1964311599731445e-05,2.1785497665405277e-05,1460.0,2991.0
1650164565,0.0,0.001125434,0.0,2.1964311599731445e-05,2.1785497665405277e-05,1460.0,2991.0
1650164566,0.0,0.001083049,0.0,2.1964311599731445e-05,2.1785497665405277e-05,1559.5,1232.5
1650164567,0.0,0.001006431,0.0,2.1964311599731445e-05,2.1785497665405277e-05,1460.0,1550.0
1650164568,0.0,0.001006431,0.0,2.1964311599731445e-05,2.1785497665405277e-05,1460.0,1550.0
1650164569,0.0,0.0005835765,0.0,2.1964311599731445e-05,2.1785497665405277e-05,1094.5,997.5
1650164570,0.0,0.000861087,0.01,2.1964311599731445e-05,2.1785497665405277e-05,1459.0,1286.0
1650164571,0.0,0.001234518,0.0,2.1964311599731445e-05,2.1785497665405277e-05,2190.0,1929.0
1650164572,0.0,0.001234518,0.0,2.1964311599731445e-05,2.1785497665405277e-05,2190.0,1929.0
1650164573,0.0,0.000229514,0.0,2.1964311599731445e-05,2.1785497665405277e-05,365.0,321.5
1650164574,0.0,0.002299532,0.01,2.1964311599731445e-05,2.1785497665405277e-05,3647.0,4150.0
1650164575,0.0,0.002299532,0.01,2.1964311599731445e-05,2.1785497665405277e-05,3647.0,4150.0
1650164576,0.0,0.001237807,0.0,2.1964311599731445e-05,2.1785497665405277e-05,1924.0,1521.0
1650164577,0.0,0.001325472,0.0,2.1964311599731445e-05,2.1785497665405277e-05,2188.0,2325.0
1650164578,0.0,0.001865323,0.0,2.1964311599731445e-05,2.1785497665405277e-05,2920.0,2572.0
1650164579,0.0,0.001208921,0.0,2.1964311599731445e-05,2.1785497665405277e-05,2230.0,1971.0
1650164580,0.0,0.001208921,0.0,2.1964311599731445e-05,2.1785497665405277e-05,2230.0,1971.0
1650164581,0.0,0.000679471,0.0,2.1964311599731445e-05,2.1785497665405277e-05,1095.0,964.5
1650164582,0.0,0.000913942,0.0,2.1964311599731445e-05,2.1785497665405277e-05,1459.0,1286.0
1650164583,0.0,0.000913942,0.0,2.1964311599731445e-05,2.1785497665405277e-05,1459.0,1286.0
1650164584,0.0,0.0006764,0.0,2.1964311599731445e-05,2.1785497665405277e-05,1095.0,1766.5
1650164585,0.0,0.000694278,0.0,2.1964311599731445e-05,2.1785497665405277e-05,1114.0,833.0
1650164586,0.0,0.000694278,0.0,2.1964311599731445e-05,2.1785497665405277e-05,1114.0,833.0
1650164587,0.0,0.0007601255,0.0,2.1964311599731445e-05,2.1785497665405277e-05,1001.5,783.0
1650164588,0.01,0.001260878,0.0,2.1964311599731445e-05,2.1785497665405277e-05,2190.0,2325.0
1650164589,0.0,0.000875044,0.0,2.1964311599731445e-05,2.1785497665405277e-05,1460.0,1286.0
1650164590,0.0,0.000875044,0.0,2.1964311599731445e-05,2.1785497665405277e-05,1460.0,1286.0
1650164591,0.0,0.000392517,0.0,2.1964311599731445e-05,2.1785497665405277e-05,729.5,643.0
1650164592,0.0,0.001285166,0.0,2.1964311599731445e-05,2.1785497665405277e-05,2188.0,1929.0
1650164593,0.0,0.001285166,0.0,2.1964311599731445e-05,2.1785497665405277e-05,2188.0,1929.0
1650164594,0.0,0.0004914135,0.0,2.1964311599731445e-05,2.1785497665405277e-05,729.5,996.0
1650164595,0.01,0.001092698,0.0,2.1964311599731445e-05,2.1785497665405277e-05,1844.0,1476.0
1650164596,0.0,0.000817893,0.0,2.1964311599731445e-05,2.1785497665405277e-05,1459.0,1286.0
1650164597,0.0,0.000817893,0.0,2.1964311599731445e-05,2.1785497665405277e-05,1459.0,1286.0
1650164598,0.0,0.0007857985,0.0,2.1964311599731445e-05,2.1785497665405277e-05,1367.0,1170.5
1650164599,0.0,0.000903991,0.0,2.1964311599731445e-05,2.1785497665405277e-05,1460.0,1550.0
1650164600,0.0,0.000903991,0.0,2.1964311599731445e-05,2.1785497665405277e-05,1460.0,1550.0
1650164601,0.0,0.000659908,0.0,2.1964311599731445e-05,2.1785497665405277e-05,1095.0,964.5
1650164602,0.0,0.001744877,0.01,2.1964311599731445e-05,2.1785497665405277e-05,2918.0,2572.0
1650164603,0.0,0.001744877,0.01,2.1964311599731445e-05,2.1785497665405277e-05,2918.0,2572.0
1650164604,0.0,0.0005004305,0.0,2.1964311599731445e-05,2.1785497665405277e-05,730.0,1206.0
1650164605,0.0,0.0005004305,0.0,2.1964311599731445e-05,2.1785497665405277e-05,730.0,1206.0
1650164606,0.0,0.0007689895,0.0,2.1964311599731445e-05,2.1785497665405277e-05,1287.0,1059.5
1650164607,0.0,0.001445858,0.0,2.16066837310791e-05,2.142786979675293e-05,2454.0,1929.0
1650164608,0.0,0.001340777,0.0,2.1964311599731445e-05,2.1785497665405277e-05,1740.0,1698.0
1650164609,0.0,0.001395449,0.0,2.1964311599731445e-05,2.1785497665405277e-05,2189.0,2193.0
1650164610,0.0,0.001395449,0.0,2.1964311599731445e-05,2.1785497665405277e-05,2189.0,2193.0
1650164611,0.0,0.0008631175,0.0,2.1964311599731445e-05,2.1785497665405277e-05,1459.0,1286.0
1650164612,0.0,0.0008631175,0.0,2.1964311599731445e-05,2.1785497665405277e-05,1459.0,1286.0
1650164613,0.0,0.0004572485,0.0,2.1964311599731445e-05,2.1785497665405277e-05,730.0,643.0
1650164614,0.01,0.001725273,0.0,2.1964311599731445e-05,2.1785497665405277e-05,2189.0,3856.0
1650164615,0.0,0.001499229,0.0,2.1964311599731445e-05,2.1785497665405277e-05,2575.0,2119.0
1650164616,0.0,0.001499229,0.0,2.1964311599731445e-05,2.1785497665405277e-05,2575.0,2119.0
1650164617,0.0,0.0006375425,0.005,2.1964311599731445e-05,2.1785497665405277e-05,1094.5,964.5
1650164618,0.0,0.0006375425,0.005,2.1964311599731445e-05,2.1785497665405277e-05,1094.5,964.5
1650164619,0.0,0.000498256,0.0,2.16066837310791e-05,2.142786979675293e-05,882.5,664.0
1650164620,0.0,0.00121869,0.0,2.1964311599731445e-05,2.1785497665405277e-05,1740.0,1698.0
1650164621,0.0,0.00121869,0.0,2.1964311599731445e-05,2.1785497665405277e-05,1740.0,1698.0
1650164622,0.0,0.00077284,0.0,2.1964311599731445e-05,2.1785497665405277e-05,1459.5,1418.0
1650164623,0.0,0.000590853,0.0,2.1964311599731445e-05,2.1785497665405277e-05,988.0,743.0
1650164624,0.0,0.000590853,0.0,2.1964311599731445e-05,2.1785497665405277e-05,988.0,743.0
1650164625,0.0,0.000889685,0.0,2.1964311599731445e-05,2.1785497665405277e-05,1329.5,1753.0
1650164626,0.0,0.000707683,0.0,2.1964311599731445e-05,2.1785497665405277e-05,1115.0,833.0
1650164627,0.0,0.001662773,0.0,2.1964311599731445e-05,2.1785497665405277e-05,2920.0,2572.0
1650164628,0.0,0.001662773,0.0,2.1964311599731445e-05,2.1785497665405277e-05,2920.0,2572.0
1650164629,0.0,0.000209724,0.0,2.1964311599731445e-05,2.1785497665405277e-05,365.0,321.5
1650164630,0.0,0.00233463,0.0,2.1964311599731445e-05,2.1785497665405277e-05,3462.0,2984.0
1650164631,0.0,0.00233463,0.0,2.1964311599731445e-05,2.1785497665405277e-05,3462.0,2984.0
1650164632,0.0,0.0008305445,0.0,2.1964311599731445e-05,2.1785497665405277e-05,1525.5,1484.0
1650164633,0.0,0.0008305445,0.0,2.1964311599731445e-05,2.1785497665405277e-05,1525.5,1484.0
1650164634,0.0,0.0004677215,0.0,2.1964311599731445e-05,2.1785497665405277e-05,730.0,1494.0
1650164635,0.0,0.00145438,0.0,2.1964311599731445e-05,2.1785497665405277e-05,2573.0,2119.0
1650164636,0.0,0.00145438,0.0,2.1964311599731445e-05,2.1785497665405277e-05,2573.0,2119.0
1650164637,0.0,0.000461776,0.0,2.1964311599731445e-05,2.1785497665405277e-05,730.0,643.0
1650164638,0.0,0.000461776,0.0,2.1964311599731445e-05,2.1785497665405277e-05,730.0,643.0
1650164639,0.0,0.0005469475,0.0,2.1964311599731445e-05,2.1785497665405277e-05,1095.0,964.5
1650164640,0.0,0.001034069,0.0,2.16066837310791e-05,2.142786979675293e-05,1724.0,1286.0
1650164641,0.0,0.00071513,0.0,2.1964311599731445e-05,2.1785497665405277e-05,1009.0,923.0
1650164642,0.0,0.00071513,0.0,2.1964311599731445e-05,2.1785497665405277e-05,1009.0,923.0
1650164643,0.0,0.000470814,0.0,2.1964311599731445e-05,2.1785497665405277e-05,730.0,775.0
1650164644,0.0,0.000470814,0.0,2.1964311599731445e-05,2.1785497665405277e-05,730.0,775.0
1650164645,0.0,0.00082988,0.0,2.1964311599731445e-05,2.1785497665405277e-05,1287.5,1645.0
1650164646,0.0,0.000830534,0.0,2.1964311599731445e-05,2.1785497665405277e-05,1457.0,1286.0
1650164647,0.0,0.000830534,0.0,2.1964311599731445e-05,2.1785497665405277e-05,1457.0,1286.0
1650164648,0.0,0.0006699505,0.0,2.1964311599731445e-05,2.1785497665405277e-05,1093.5,964.5
1650164649,0.0,0.000933169,0.0,2.1964311599731445e-05,2.1785497665405277e-05,1460.0,1286.0
1650164650,0.0,0.000933169,0.0,2.1964311599731445e-05,2.1785497665405277e-05,1460.0,1286.0
1650164651,0.0,0.001369562,0.0,2.1964311599731445e-05,2.1785497665405277e-05,2097.0,1747.5
1650164652,0.0,0.001369562,0.0,2.1964311599731445e-05,2.1785497665405277e-05,2097.0,1747.5
1650164653,0.0,0.000691272,0.0,2.1964311599731445e-05,2.1785497665405277e-05,1094.5,1162.5
1650164654,0.0,0.000691272,0.0,2.1964311599731445e-05,2.1785497665405277e-05,1094.5,1162.5
1650164655,0.0,0.000697637,0.0,2.1964311599731445e-05,2.1785497665405277e-05,922.5,1537.0
1650164656,0.0,0.000697637,0.0,2.1964311599731445e-05,2.1785497665405277e-05,922.5,1537.0
1650164657,0.0,0.001145698,0.0,2.1964311599731445e-05,2.1785497665405277e-05,2190.0,1929.0
1650164658,0.0,0.000886122,0.0,2.1964311599731445e-05,2.1785497665405277e-05,1460.0,1286.0
1650164659,0.0,0.001118336,0.0,2.1964311599731445e-05,2.1785497665405277e-05,1500.0,1328.0
1650164660,0.0,0.001118336,0.0,2.1964311599731445e-05,2.1785497665405277e-05,1500.0,1328.0
1650164661,0.0,0.000874446,0.0,2.16066837310791e-05,2.142786979675293e-05,1226.0,964.5
1650164662,0.0,0.001010513,0.0,2.1964311599731445e-05,2.1785497665405277e-05,1009.0,923.0
1650164663,0.0,0.001010513,0.0,2.1964311599731445e-05,2.1785497665405277e-05,1009.0,923.0
1650164664,0.0,0.000627461,0.0,2.1964311599731445e-05,2.1785497665405277e-05,730.0,1508.0
1650164665,0.0,0.002050891,0.0,2.1964311599731445e-05,2.1785497665405277e-05,2572.0,2251.0
1650164666,0.0,0.002050891,0.0,2.1964311599731445e-05,2.1785497665405277e-05,2572.0,2251.0
1650164667,0.0,0.000728059,0.0,2.1964311599731445e-05,2.1785497665405277e-05,1095.0,964.5
1650164668,0.0,0.001464935,0.0,2.1964311599731445e-05,2.1785497665405277e-05,2189.0,1929.0
1650164669,0.0,0.001464935,0.0,2.1964311599731445e-05,2.1785497665405277e-05,2189.0,1929.0
1650164670,0.0,0.0010909305,0.0,2.1964311599731445e-05,2.1785497665405277e-05,1457.0,1286.0
1650164671,0.01,0.001170162,0.01,2.1964311599731445e-05,2.1785497665405277e-05,1457.0,1286.0
1650164672,0.01,0.001170162,0.01,2.1964311599731445e-05,2.1785497665405277e-05,1457.0,1286.0
1650164673,0.0,0.0006577785,0.0,2.16066837310791e-05,2.142786979675293e-05,861.5,643.0
1650164674,0.0,0.001708764,0.0,2.1964311599731445e-05,2.1785497665405277e-05,1738.0,3820.0
1650164675,0.0,0.001708764,0.0,2.1964311599731445e-05,2.1785497665405277e-05,1738.0,3820.0
1650164676,0.0,0.0008818345,0.0,2.1964311599731445e-05,2.1785497665405277e-05,1287.0,1191.5
1650164677,0.0,0.0008818345,0.0,2.1964311599731445e-05,2.1785497665405277e-05,1287.0,1191.5
1650164678,0.0,0.0009130765,0.0,2.1964311599731445e-05,2.1785497665405277e-05,1426.0,1240.0
1650164679,0.0,0.001354806,0.0,2.1964311599731445e-05,2.1785497665405277e-05,1526.0,1378.0
1650164680,0.0,0.001354806,0.0,2.1964311599731445e-05,2.1785497665405277e-05,1526.0,1378.0
1650164681,0.0,0.0002867225,0.0,2.1964311599731445e-05,2.1785497665405277e-05,365.0,321.5
1650164682,0.0,0.0,0.0,2.1964311599731445e-05,2.1785497665405277e-05,0.0,0.0
1650164683,0.0,0.0,0.0,2.1964311599731445e-05,2.1785497665405277e-05,0.0,0.0
1650164684,0.0,0.0,0.0,2.1964311599731445e-05,2.1785497665405277e-05,0.0,0.0
1650164685,0.0,0.0,0.0,2.1964311599731445e-05,2.1785497665405277e-05,0.0,0.0
1650164686,0.0,9.853725e-05,0.0,2.1964311599731445e-05,2.1785497665405277e-05,96.25,277.5
1650164687,0.0,0.0,0.0,2.1964311599731445e-05,2.1785497665405277e-05,0.0,0.0
1650164688,0.0,0.0,0.0,2.1964311599731445e-05,2.1785497665405277e-05,0.0,0.0
1650164689,0.0,0.0,0.0,2.1964311599731445e-05,2.1785497665405277e-05,0.0,0.0
1650164690,0.0,0.0,0.0,2.1964311599731445e-05,2.1785497665405277e-05,0.0,0.0
1650164691,0.0,0.0,0.0,2.1964311599731445e-05,2.1785497665405277e-05,0.0,0.0
1650164692,0.0,0.0,0.0,2.1964311599731445e-05,2.1785497665405277e-05,0.0,0.0
1650164693,0.0,0.0,0.0,2.1964311599731445e-05,2.1785497665405277e-05,0.0,0.0
1650164694,0.0,0.0,0.0,2.1964311599731445e-05,2.1785497665405277e-05,0.0,0.0
1650164695,0.0,0.0,0.0,2.1964311599731445e-05,2.1785497665405277e-05,0.0,0.0
1650164696,0.0,0.0,0.0,2.1964311599731445e-05,2.1785497665405277e-05,0.0,0.0
1650164697,0.0,5.067485714285714e-05,0.0,2.1964311599731445e-05,2.1785497665405277e-05,55.0,27.142857142857142
1650164698,0.0,0.0,0.0,2.1964311599731445e-05,2.1785497665405277e-05,0.0,0.0
1650164699,0.0,0.0,0.0,2.1964311599731445e-05,2.1785497665405277e-05,0.0,0.0
1650164700,0.0,0.0,0.0,2.1964311599731445e-05,2.1785497665405277e-05,0.0,0.0
1650164701,0.0,0.0,0.0,2.1964311599731445e-05,2.1785497665405277e-05,0.0,0.0
1650164702,0.0,0.0,0.0,2.1964311599731445e-05,2.1785497665405277e-05,0.0,0.0
1650164703,0.0,0.0,0.0,2.1964311599731445e-05,2.1785497665405277e-05,0.0,0.0
1650164704,0.0,0.0,0.0,2.1964311599731445e-05,2.1785497665405277e-05,0.0,0.0
1650164705,0.0,0.0,0.0,2.1964311599731445e-05,2.1785497665405277e-05,0.0,0.0
1650164706,0.0,0.0,0.0,2.1964311599731445e-05,2.1785497665405277e-05,0.0,0.0
1650164707,0.0,0.0,0.0,2.1964311599731445e-05,2.1785497665405277e-05,0.0,0.0
1650164708,0.0,4.342228571428572e-05,0.0,2.1964311599731445e-05,2.1785497665405277e-05,55.0,27.142857142857142
1650164709,0.0,0.0,0.0,2.1964311599731445e-05,2.1785497665405277e-05,0.0,0.0
1650164710,0.0,0.0,0.0,2.1964311599731445e-05,2.1785497665405277e-05,0.0,0.0
1650164711,0.0,0.0,0.0,2.1964311599731445e-05,2.1785497665405277e-05,0.0,0.0
1650164712,0.0,0.0,0.0,2.1964311599731445e-05,2.1785497665405277e-05,0.0,0.0
1650164713,0.0,0.0,0.0,2.1964311599731445e-05,2.1785497665405277e-05,0.0,0.0
1650164714,0.0,0.0,0.0,2.1964311599731445e-05,2.1785497665405277e-05,0.0,0.0
1650164715,0.0,0.0,0.0,2.1964311599731445e-05,2.1785497665405277e-05,0.0,0.0
1650164716,0.0,0.0,0.0,2.1964311599731445e-05,2.1785497665405277e-05,0.0,0.0
1650164717,0.0,6.975119999999999e-05,0.0,2.1964311599731445e-05,2.1785497665405277e-05,103.4,64.4
1650164718,0.0,0.0,0.0,2.1964311599731445e-05,2.1785497665405277e-05,0.0,0.0
1650164719,0.0,0.0,0.0,2.1964311599731445e-05,2.1785497665405277e-05,0.0,0.0
1650164720,0.0,0.0,0.0,2.1964311599731445e-05,2.1785497665405277e-05,0.0,0.0
1650164721,0.0,0.0,0.0,2.1964311599731445e-05,2.1785497665405277e-05,0.0,0.0
1650164722,0.0,0.0,0.0,2.1964311599731445e-05,2.1785497665405277e-05,0.0,0.0
1650164723,0.0,0.0,0.0,2.1964311599731445e-05,2.1785497665405277e-05,0.0,0.0
1650164724,0.0,0.0,0.0,2.1964311599731445e-05,2.1785497665405277e-05,0.0,0.0
1650164725,0.0,0.0,0.0,2.1964311599731445e-05,2.1785497665405277e-05,0.0,0.0
1650164726,0.0,0.0,0.0,2.1964311599731445e-05,2.1785497665405277e-05,0.0,0.0
1650164727,0.0,6.0119e-05,0.0,2.1964311599731445e-05,2.1785497665405277e-05,77.0,38.0
1650164728,0.0,0.0,0.0,2.1964311599731445e-05,2.1785497665405277e-05,0.0,0.0
1650164729,0.0,0.0,0.0,2.1964311599731445e-05,2.1785497665405277e-05,0.0,0.0
1650164730,0.0,0.0,0.0,2.1964311599731445e-05,2.1785497665405277e-05,0.0,0.0
1650164731,0.0,0.0,0.0,2.1964311599731445e-05,2.1785497665405277e-05,0.0,0.0
1650164732,0.0,0.0,0.0,2.1964311599731445e-05,2.1785497665405277e-05,0.0,0.0
1650164733,0.0,0.0,0.0,2.1964311599731445e-05,2.1785497665405277e-05,0.0,0.0
1650164734,0.0,0.0,0.0,2.1964311599731445e-05,2.1785497665405277e-05,0.0,0.0
1650164735,0.0,8.087725e-05,0.0,2.1964311599731445e-05,2.1785497665405277e-05,96.25,47.5
1650164736,0.0,0.0,0.0,2.1964311599731445e-05,2.1785497665405277e-05,0.0,0.0
1650164737,0.0,0.0,0.0,2.1964311599731445e-05,2.1785497665405277e-05,0.0,0.0
1650164738,0.0,0.0,0.0,2.1964311599731445e-05,2.1785497665405277e-05,0.0,0.0
1650164739,0.0,0.0,0.0,2.1964311599731445e-05,2.1785497665405277e-05,0.0,0.0
1650164740,0.0,0.0,0.0,2.1964311599731445e-05,2.1785497665405277e-05,0.0,0.0
1650164741,0.0,0.0,0.0,2.1964311599731445e-05,2.1785497665405277e-05,0.0,0.0
1650164742,0.0,0.0,0.0,2.1964311599731445e-05,2.1785497665405277e-05,0.0,0.0
1650164743,0.0,0.0,0.0,2.1964311599731445e-05,2.1785497665405277e-05,0.0,0.0
1650164744,0.0,0.0,0.0,2.1964311599731445e-05,2.1785497665405277e-05,0.0,0.0
1650164745,0.0,0.0,0.0,2.1964311599731445e-05,2.1785497665405277e-05,0.0,0.0
1650164746,0.0,4.975242857142857e-05,0.0,2.1964311599731445e-05,2.1785497665405277e-05,55.0,27.142857142857142
1650164747,0.0,4.975242857142857e-05,0.0,2.1964311599731445e-05,2.1785497665405277e-05,55.0,27.142857142857142
1650164748,0.0,0.0,0.0,2.1964311599731445e-05,2.1785497665405277e-05,0.0,0.0
1650164749,0.0,0.0,0.0,2.1964311599731445e-05,2.1785497665405277e-05,0.0,0.0
1650164750,0.0,0.0,0.0,2.1964311599731445e-05,2.1785497665405277e-05,0.0,0.0
1650164751,0.0,0.0,0.0,2.1964311599731445e-05,2.1785497665405277e-05,0.0,0.0
1650164752,0.0,0.0,0.0,2.1964311599731445e-05,2.1785497665405277e-05,0.0,0.0
1650164753,0.0,0.0,0.0,2.1964311599731445e-05,2.1785497665405277e-05,0.0,0.0
1650164754,0.0,0.0,0.0,2.1964311599731445e-05,2.1785497665405277e-05,0.0,0.0
1650164755,0.0,0.0,0.0,2.1964311599731445e-05,2.1785497665405277e-05,0.0,0.0
1650164756,0.0,0.0,0.0,2.1964311599731445e-05,2.1785497665405277e-05,0.0,0.0
1650164757,0.0,5.237366666666666e-05,0.0,2.1964311599731445e-05,2.1785497665405277e-05,64.16666666666667,31.666666666666668
1650164758,0.0,5.237366666666666e-05,0.0,2.1964311599731445e-05,2.1785497665405277e-05,64.16666666666667,31.666666666666668
1650164759,0.0,0.0,0.0,2.1964311599731445e-05,2.1785497665405277e-05,0.0,0.0
1650164760,0.0,0.0,0.0,2.1964311599731445e-05,2.1785497665405277e-05,0.0,0.0
1650164761,0.0,0.0,0.0,2.1964311599731445e-05,2.1785497665405277e-05,0.0,0.0
1650164762,0.0,0.0,0.0,2.1964311599731445e-05,2.1785497665405277e-05,0.0,0.0
1650164763,0.0,0.0,0.0,2.1964311599731445e-05,2.1785497665405277e-05,0.0,0.0
1650164764,0.0,0.0,0.0,2.1964311599731445e-05,2.1785497665405277e-05,0.0,0.0
1650164765,0.0,0.0,0.0,2.1964311599731445e-05,2.1785497665405277e-05,0.0,0.0
1650164766,0.0,0.0,0.0,2.1964311599731445e-05,2.1785497665405277e-05,0.0,0.0
1650164767,0.0,0.0,0.0,2.1964311599731445e-05,2.1785497665405277e-05,0.0,0.0
1650164768,0.0,0.0,0.0,2.1964311599731445e-05,2.1785497665405277e-05,0.0,0.0
1650164769,0.0,0.0,0.0,2.1964311599731445e-05,2.1785497665405277e-05,0.0,0.0
1650164770,0.0,3.7916375e-05,0.0,2.1964311599731445e-05,2.1785497665405277e-05,48.125,23.75
1650164771,0.0,3.7916375e-05,0.0,2.1964311599731445e-05,2.1785497665405277e-05,48.125,23.75
1650164772,0.0,0.0,0.0,2.1964311599731445e-05,2.1785497665405277e-05,0.0,0.0
1650164773,0.0,0.0,0.0,2.1964311599731445e-05,2.1785497665405277e-05,0.0,0.0
1650164774,0.0,1.9644e-05,0.0,2.1964311599731445e-05,2.1785497665405277e-05,0.0,0.0
1650164775,0.0,1.9644e-05,0.0,2.1964311599731445e-05,2.1785497665405277e-05,0.0,0.0
1650164776,0.0,0.0001355185,0.0,2.1964311599731445e-05,2.1785497665405277e-05,192.5,95.0
1650164777,0.0,0.0,0.0,2.1964311599731445e-05,2.1785497665405277e-05,0.0,0.0
1650164778,0.0,0.0,0.0,2.1964311599731445e-05,2.1785497665405277e-05,0.0,0.0
1650164779,0.0,0.0,0.0,2.1964311599731445e-05,2.1785497665405277e-05,0.0,0.0
1650164780,0.0,0.0,0.0,2.1964311599731445e-05,2.1785497665405277e-05,0.0,0.0
1650164781,0.0,0.0,0.0,2.1964311599731445e-05,2.1785497665405277e-05,0.0,0.0
1650164782,0.0,0.0,0.0,2.1964311599731445e-05,2.1785497665405277e-05,0.0,0.0
1650164783,0.0,0.0,0.0,2.1964311599731445e-05,2.1785497665405277e-05,0.0,0.0
1650164784,0.0,6.912e-06,0.0,2.1964311599731445e-05,2.1785497665405277e-05,0.0,0.0
1650164785,0.0,0.000247927,0.0,2.1964311599731445e-05,2.1785497665405277e-05,385.0,190.0
1650164786,0.0,0.000247927,0.0,2.1964311599731445e-05,2.1785497665405277e-05,385.0,190.0
1650164787,0.0,0.0,0.0,2.1964311599731445e-05,2.1785497665405277e-05,0.0,0.0
1650164788,0.0,0.0,0.0,2.1964311599731445e-05,2.1785497665405277e-05,0.0,0.0
1650164789,0.0,0.0,0.0,2.1964311599731445e-05,2.1785497665405277e-05,0.0,0.0
1650164790,0.0,0.0,0.0,2.1964311599731445e-05,2.1785497665405277e-05,0.0,0.0
1650164791,0.0,0.0,0.0,2.1964311599731445e-05,2.1785497665405277e-05,0.0,0.0
1650164792,0.0,0.0,0.0,2.1964311599731445e-05,2.1785497665405277e-05,0.0,0.0
1650164793,0.0,0.0,0.0,2.1964311599731445e-05,2.1785497665405277e-05,0.0,0.0
1650164794,0.0,0.0,0.0,2.1964311599731445e-05,2.1785497665405277e-05,0.0,0.0
1650164795,0.0,7.375525e-05,0.0,2.1964311599731445e-05,2.1785497665405277e-05,96.25,47.5
1650164796,0.0,0.0,0.0,2.1964311599731445e-05,2.1785497665405277e-05,0.0,0.0
1650164797,0.0,0.0,0.0,2.1964311599731445e-05,2.1785497665405277e-05,0.0,0.0
1650164798,0.0,0.0,0.0,2.1964311599731445e-05,2.1785497665405277e-05,0.0,0.0
1650164799,0.0,0.0,0.0,2.1964311599731445e-05,2.1785497665405277e-05,0.0,0.0
1650164800,0.0,0.0,0.0,2.1964311599731445e-05,2.1785497665405277e-05,0.0,0.0
1650164801,0.0,0.0,0.0,2.1964311599731445e-05,2.1785497665405277e-05,0.0,0.0
1650164802,0.0,0.0,0.0,2.1964311599731445e-05,2.1785497665405277e-05,0.0,0.0
1650164803,0.0,0.0,0.0,2.1964311599731445e-05,2.1785497665405277e-05,0.0,0.0
1650164804,0.0,0.0,0.0,2.1964311599731445e-05,2.1785497665405277e-05,0.0,0.0
1650164805,0.0,0.0,0.0,2.1964311599731445e-05,2.1785497665405277e-05,0.0,0.0
1650164806,0.0,0.0,0.0,2.1964311599731445e-05,2.1785497665405277e-05,0.0,0.0
1650164807,0.0,0.0,0.0,2.1964311599731445e-05,2.1785497665405277e-05,0.0,0.0
1650164808,0.0,4.276575e-05,0.0,2.1964311599731445e-05,2.1785497665405277e-05,48.125,23.75
1650164809,0.0,0.0,0.0,2.1964311599731445e-05,2.1785497665405277e-05,0.0,0.0
1650164810,0.0,0.0,0.0,2.1964311599731445e-05,2.1785497665405277e-05,0.0,0.0
1650164811,0.0,0.0,0.0,2.1964311599731445e-05,2.1785497665405277e-05,0.0,0.0
1650164812,0.0,0.0002268826666666,0.0,2.16066837310791e-05,2.142786979675293e-05,331.3333333333333,214.33333333333331
1650164813,0.0,0.001383561,0.0,2.1964311599731445e-05,2.1785497665405277e-05,1739.0,1698.0
1650164814,0.0,0.001285363,0.0,2.1964311599731445e-05,2.1785497665405277e-05,1460.0,2139.0
1650164815,0.0,0.001285363,0.0,2.1964311599731445e-05,2.1785497665405277e-05,1460.0,2139.0
1650164816,0.0,0.000782608,0.0,2.1964311599731445e-05,2.1785497665405277e-05,922.5,738.0
1650164817,0.0,0.001139097,0.0,2.1964311599731445e-05,2.1785497665405277e-05,1458.0,1286.0
1650164818,0.0,0.002597806,0.0,2.1964311599731445e-05,2.1785497665405277e-05,3650.0,3215.0
1650164819,0.0,0.001146589,0.0,2.1964311599731445e-05,2.1785497665405277e-05,1499.0,1328.0
1650164820,0.0,0.001146589,0.0,2.1964311599731445e-05,2.1785497665405277e-05,1499.0,1328.0
1650164821,0.0,0.0005362755,0.0,2.1964311599731445e-05,2.1785497665405277e-05,729.5,643.0
1650164822,0.0,0.0005362755,0.0,2.1964311599731445e-05,2.1785497665405277e-05,729.5,643.0
1650164823,0.0,0.001108762,0.0,2.1964311599731445e-05,2.1785497665405277e-05,1367.0,1170.5
1650164824,0.01,0.001859268,0.0,2.1964311599731445e-05,2.1785497665405277e-05,2189.0,4337.0
1650164825,0.01,0.001859268,0.0,2.1964311599731445e-05,2.1785497665405277e-05,2189.0,4337.0
1650164826,0.0,0.000666448,0.0,2.1964311599731445e-05,2.1785497665405277e-05,922.5,738.0
1650164827,0.0,0.001669297,0.0,2.1964311599731445e-05,2.1785497665405277e-05,2188.0,1929.0
1650164828,0.0,0.001669297,0.0,2.1964311599731445e-05,2.1785497665405277e-05,2188.0,1929.0
1650164829,0.0,0.001043491,0.0,2.1964311599731445e-05,2.1785497665405277e-05,1459.5,1286.0
1650164830,0.0,0.001043491,0.0,2.1964311599731445e-05,2.1785497665405277e-05,1459.5,1286.0
1650164831,0.0,0.00086076,0.0,2.1964311599731445e-05,2.1785497665405277e-05,1094.0,964.5
1650164832,0.0,0.00086076,0.0,2.1964311599731445e-05,2.1785497665405277e-05,1094.0,964.5
1650164833,0.0,0.000815148,0.0,2.1964311599731445e-05,2.1785497665405277e-05,1094.5,964.5
1650164834,0.0,0.001630937,0.0,2.1964311599731445e-05,2.1785497665405277e-05,2004.0,2591.0
1650164835,0.0,0.001630937,0.0,2.1964311599731445e-05,2.1785497665405277e-05,2004.0,2591.0
1650164836,0.0,0.00074061,0.0,2.1964311599731445e-05,2.1785497665405277e-05,921.5,870.0
1650164837,0.0,0.001664011,0.0,2.1964311599731445e-05,2.1785497665405277e-05,2188.0,2061.0
1650164838,0.0,0.001664011,0.0,2.1964311599731445e-05,2.1785497665405277e-05,2188.0,2061.0
1650164839,0.0,0.0010961245,0.0,2.1964311599731445e-05,2.1785497665405277e-05,1458.5,1286.0
1650164840,0.0,0.0010961245,0.0,2.1964311599731445e-05,2.1785497665405277e-05,1458.5,1286.0
1650164841,0.0,0.0012550295,0.0,2.1964311599731445e-05,2.1785497665405277e-05,1825.0,1607.5
1650164842,0.0,0.0012550295,0.0,2.1964311599731445e-05,2.1785497665405277e-05,1825.0,1607.5
1650164843,0.0,0.000753751,0.0,2.1964311599731445e-05,2.1785497665405277e-05,1095.0,964.5
1650164844,0.0,0.000164146,0.0,2.1964311599731445e-05,2.1785497665405277e-05,0.0,1829.0
1650164845,0.0,0.000164146,0.0,2.1964311599731445e-05,2.1785497665405277e-05,0.0,1829.0
1650164846,0.0,0.0001072625,0.0,2.1964311599731445e-05,2.1785497665405277e-05,192.5,95.0
1650164847,0.0,0.0,0.0,2.1964311599731445e-05,2.1785497665405277e-05,0.0,0.0
1650164848,0.0,0.0,0.0,2.1964311599731445e-05,2.1785497665405277e-05,0.0,0.0
1650164849,0.0,0.0,0.0,2.1964311599731445e-05,2.1785497665405277e-05,0.0,0.0
1650164850,0.0,0.0,0.0,2.1964311599731445e-05,2.1785497665405277e-05,0.0,0.0
1650164851,0.0,0.0,0.0,2.1964311599731445e-05,2.1785497665405277e-05,10.5,10.5
1650164852,0.0,0.0,0.0,2.1964311599731445e-05,2.1785497665405277e-05,10.5,10.5
1650164853,0.0,0.0,0.0,2.1964311599731445e-05,2.1785497665405277e-05,0.0,0.0
1650164854,0.0,0.0,0.0,2.1964311599731445e-05,2.1785497665405277e-05,0.0,0.0
1650164855,0.0,0.0001532885,0.0,2.1964311599731445e-05,2.1785497665405277e-05,192.5,95.0
1650164856,0.0,0.0,0.0,2.1964311599731445e-05,2.1785497665405277e-05,0.0,0.0
1650164857,0.0,0.0,0.0,2.1964311599731445e-05,2.1785497665405277e-05,0.0,0.0
1650164858,0.0,0.0,0.0,2.1964311599731445e-05,2.1785497665405277e-05,0.0,0.0
1650164859,0.0,0.0,0.0,2.1964311599731445e-05,2.1785497665405277e-05,0.0,0.0
1650164860,0.0,0.0,0.0,2.1964311599731445e-05,2.1785497665405277e-05,0.0,0.0
1650164861,0.0,0.0,0.0,2.1964311599731445e-05,2.1785497665405277e-05,0.0,0.0
1650164862,0.0,0.0,0.0,2.1964311599731445e-05,2.1785497665405277e-05,0.0,0.0
1650164863,0.0,0.0,0.0,2.1964311599731445e-05,2.1785497665405277e-05,0.0,0.0
1650164864,0.0,0.0,0.0,2.1964311599731445e-05,2.1785497665405277e-05,0.0,0.0
1650164865,0.0,5.1628333333333335e-05,0.0,2.1964311599731445e-05,2.1785497665405277e-05,64.16666666666667,31.666666666666668
1650164866,0.0,0.0,0.0,2.1964311599731445e-05,2.1785497665405277e-05,0.0,0.0
1650164867,0.0,0.0,0.0,2.1964311599731445e-05,2.1785497665405277e-05,0.0,0.0
1650164868,0.0,0.0,0.0,2.1964311599731445e-05,2.1785497665405277e-05,0.0,0.0
1650164869,0.0,0.0,0.0,2.1964311599731445e-05,2.1785497665405277e-05,0.0,0.0
1650164870,0.0,0.0,0.0,2.1964311599731445e-05,2.1785497665405277e-05,0.0,0.0
1650164871,0.0,0.0,0.0,2.1964311599731445e-05,2.1785497665405277e-05,0.0,0.0
1650164872,0.0,0.0,0.0,2.1964311599731445e-05,2.1785497665405277e-05,0.0,0.0
1650164873,0.0,0.0,0.0,2.1964311599731445e-05,2.1785497665405277e-05,0.0,0.0
1650164874,0.0,0.0,0.0,2.1964311599731445e-05,2.1785497665405277e-05,0.0,0.0
1650164875,0.0,5.953433333333334e-05,0.0,2.1964311599731445e-05,2.1785497665405277e-05,64.16666666666667,31.666666666666668
1650164876,0.0,5.953433333333334e-05,0.0,2.1964311599731445e-05,2.1785497665405277e-05,64.16666666666667,31.666666666666668
1650164877,0.0,0.0,0.0,2.1964311599731445e-05,2.1785497665405277e-05,0.0,0.0
1650164878,0.0,0.0,0.0,2.1964311599731445e-05,2.1785497665405277e-05,0.0,0.0
1650164879,0.0,0.0,0.0,2.1964311599731445e-05,2.1785497665405277e-05,0.0,0.0
1650164880,0.0,0.0,0.0,2.1964311599731445e-05,2.1785497665405277e-05,0.0,0.0
1650164881,0.0,0.0,0.0,2.1964311599731445e-05,2.1785497665405277e-05,0.0,0.0
1650164882,0.0,0.0,0.0,2.1964311599731445e-05,2.1785497665405277e-05,0.0,0.0
1650164883,0.0,0.0,0.0,2.1964311599731445e-05,2.1785497665405277e-05,0.0,0.0
1650164884,0.0,0.0,0.0,2.1964311599731445e-05,2.1785497665405277e-05,0.0,0.0
1650164885,0.0,0.0,0.0,2.1964311599731445e-05,2.1785497665405277e-05,0.0,0.0
1650164886,0.0,0.0,0.0,2.1964311599731445e-05,2.1785497665405277e-05,0.0,0.0
1650164887,0.0,5.553716666666667e-05,0.0,2.1964311599731445e-05,2.1785497665405277e-05,64.16666666666667,31.666666666666668
1650164888,0.0,0.0,0.0,2.1964311599731445e-05,2.1785497665405277e-05,0.0,0.0
1650164889,0.0,0.0,0.0,2.1964311599731445e-05,2.1785497665405277e-05,0.0,0.0
1650164890,0.0,0.0,0.0,2.1964311599731445e-05,2.1785497665405277e-05,0.0,0.0
1650164891,0.0,0.0,0.0,2.1964311599731445e-05,2.1785497665405277e-05,0.0,0.0
1650164892,0.0,0.0,0.0,2.1964311599731445e-05,2.1785497665405277e-05,0.0,0.0
1650164893,0.0,0.0,0.0,2.1964311599731445e-05,2.1785497665405277e-05,0.0,0.0
1650164894,0.0,0.0,0.0,2.1964311599731445e-05,2.1785497665405277e-05,0.0,0.0
1650164895,0.0,0.0,0.0,2.1964311599731445e-05,2.1785497665405277e-05,0.0,0.0
1650164896,0.0,0.0,0.0,2.1964311599731445e-05,2.1785497665405277e-05,0.0,0.0
1650164897,0.0,0.0,0.0,2.1964311599731445e-05,2.1785497665405277e-05,0.0,0.0
1650164898,0.0,5.698033333333333e-05,0.0,2.1964311599731445e-05,2.1785497665405277e-05,64.16666666666667,31.666666666666668
1650164899,0.0,0.0,0.0,2.1964311599731445e-05,2.1785497665405277e-05,0.0,0.0
1650164900,0.0,0.0,0.0,2.1964311599731445e-05,2.1785497665405277e-05,0.0,0.0
1650164901,0.0,0.0,0.0,2.1964311599731445e-05,2.1785497665405277e-05,0.0,0.0
1650164902,0.0,0.0,0.0,2.1964311599731445e-05,2.1785497665405277e-05,0.0,0.0
1650164903,0.0,0.0,0.0,2.1964311599731445e-05,2.1785497665405277e-05,0.0,0.0
1650164904,0.0,0.0,0.0,2.1964311599731445e-05,2.1785497665405277e-05,0.0,0.0
1650164905,0.0,9.4708e-05,0.0,2.1964311599731445e-05,2.1785497665405277e-05,96.25,47.5
1650164906,0.0,0.0,0.0,2.1964311599731445e-05,2.1785497665405277e-05,0.0,0.0
1650164907,0.0,0.0,0.0,2.1964311599731445e-05,2.1785497665405277e-05,0.0,0.0
1650164908,0.0,0.0,0.0,2.1964311599731445e-05,2.1785497665405277e-05,0.0,0.0
1650164909,0.0,0.0,0.0,2.1964311599731445e-05,2.1785497665405277e-05,0.0,0.0
1650164910,0.0,0.0,0.0,2.1964311599731445e-05,2.1785497665405277e-05,0.0,0.0
1650164911,0.0,0.0,0.0,2.1964311599731445e-05,2.1785497665405277e-05,0.0,0.0
1650164912,0.0,0.0,0.0,2.1964311599731445e-05,2.1785497665405277e-05,0.0,0.0
1650164913,0.0,0.0,0.0,2.1964311599731445e-05,2.1785497665405277e-05,0.0,0.0
1650164914,0.0,0.0,0.0,2.1964311599731445e-05,2.1785497665405277e-05,0.0,0.0
1650164915,0.0,7.14774e-05,0.0,2.1964311599731445e-05,2.1785497665405277e-05,85.4,38.0
1650164916,0.0,7.14774e-05,0.0,2.1964311599731445e-05,2.1785497665405277e-05,85.4,38.0
1650164917,0.0,0.0,0.0,2.1964311599731445e-05,2.1785497665405277e-05,0.0,0.0
1650164918,0.0,0.0,0.0,2.1964311599731445e-05,2.1785497665405277e-05,0.0,0.0
1650164919,0.0,0.0,0.0,2.1964311599731445e-05,2.1785497665405277e-05,0.0,0.0
1650164920,0.0,0.0,0.0,2.1964311599731445e-05,2.1785497665405277e-05,0.0,0.0
1650164921,0.0,0.0,0.0,2.1964311599731445e-05,2.1785497665405277e-05,0.0,0.0
1650164922,0.0,0.0,0.0,2.1964311599731445e-05,2.1785497665405277e-05,0.0,0.0
1650164923,0.0,0.0,0.0,2.1964311599731445e-05,2.1785497665405277e-05,0.0,0.0
1650164924,0.0,0.0,0.0,2.1964311599731445e-05,2.1785497665405277e-05,0.0,0.0
1650164925,0.0,0.0,0.0,2.1964311599731445e-05,2.1785497665405277e-05,0.0,0.0
1650164926,0.0,0.0,0.0,2.1964311599731445e-05,2.1785497665405277e-05,0.0,0.0
1650164927,0.0,4.480357142857143e-05,0.0,2.1964311599731445e-05,2.1785497665405277e-05,55.0,27.142857142857142
1650164928,0.0,0.0,0.0,2.1964311599731445e-05,2.1785497665405277e-05,0.0,0.0
1650164929,0.0,0.0,0.0,2.1964311599731445e-05,2.1785497665405277e-05,0.0,0.0
1650164930,0.0,0.0,0.0,2.1964311599731445e-05,2.1785497665405277e-05,0.0,0.0
1650164931,0.0,0.0,0.0,2.1964311599731445e-05,2.1785497665405277e-05,0.0,0.0
1650164932,0.0,0.0,0.0,2.1964311599731445e-05,2.1785497665405277e-05,0.0,0.0
1650164933,0.0,0.0,0.0,2.1964311599731445e-05,2.1785497665405277e-05,0.0,0.0
1650164934,0.0,0.0,0.0,2.1964311599731445e-05,2.1785497665405277e-05,0.0,0.0
1650164935,0.0,0.0,0.0,2.1964311599731445e-05,2.1785497665405277e-05,0.0,0.0
1650164936,0.0,0.0,0.0,2.1964311599731445e-05,2.1785497665405277e-05,0.0,0.0
1650164937,0.0,0.0,0.0,2.1964311599731445e-05,2.1785497665405277e-05,0.0,0.0
1650164938,0.0,0.0,0.0,2.1964311599731445e-05,2.1785497665405277e-05,0.0,0.0
1650164939,0.0,3.881225e-05,0.0,2.1964311599731445e-05,2.1785497665405277e-05,48.125,23.75
1650164940,0.0,0.0,0.0,2.1964311599731445e-05,2.1785497665405277e-05,0.0,0.0
1650164941,0.0,0.0,0.0,2.1964311599731445e-05,2.1785497665405277e-05,0.0,0.0
1650164942,0.0,0.0,0.0,2.1964311599731445e-05,2.1785497665405277e-05,0.0,0.0
1650164943,0.0,0.0,0.0,2.1964311599731445e-05,2.1785497665405277e-05,0.0,0.0
1650164944,0.0,9.306e-06,0.0,2.1964311599731445e-05,2.1785497665405277e-05,33.0,33.0
1650164945,0.0,9.306e-06,0.0,2.1964311599731445e-05,2.1785497665405277e-05,33.0,33.0
1650164946,0.0,0.000143158,0.0,2.1964311599731445e-05,2.1785497665405277e-05,192.5,95.0
1650164947,0.0,0.0,0.0,2.1964311599731445e-05,2.1785497665405277e-05,0.0,0.0
1650164948,0.0,0.0,0.0,2.1964311599731445e-05,2.1785497665405277e-05,0.0,0.0
1650164949,0.0,0.0,0.0,2.1964311599731445e-05,2.1785497665405277e-05,0.0,0.0
1650164950,0.0,0.0,0.0,2.1964311599731445e-05,2.1785497665405277e-05,0.0,0.0
1650164951,0.0,0.0,0.0,2.1964311599731445e-05,2.1785497665405277e-05,0.0,0.0
1650164952,0.0,0.0,0.0,2.1964311599731445e-05,2.1785497665405277e-05,0.0,0.0
1650164953,0.0,0.0,0.0,2.1964311599731445e-05,2.1785497665405277e-05,0.0,0.0
1650164954,0.0,0.0,0.0,2.1964311599731445e-05,2.1785497665405277e-05,0.0,0.0
1650164955,0.0,0.0,0.0,2.1964311599731445e-05,2.1785497665405277e-05,0.0,0.0
1650164956,0.0,0.0,0.0,2.1964311599731445e-05,2.1785497665405277e-05,0.0,0.0
1650164957,0.0,0.0,0.0,2.1964311599731445e-05,2.1785497665405277e-05,0.0,0.0
1650164958,0.0,0.0,0.0,2.1964311599731445e-05,2.1785497665405277e-05,0.0,0.0
1650164959,0.0,3.2675125e-05,0.0,2.1964311599731445e-05,2.1785497665405277e-05,48.125,23.75
1650164960,0.0,0.0,0.0,2.1964311599731445e-05,2.1785497665405277e-05,0.0,0.0
1650164961,0.0,0.0,0.0,2.1964311599731445e-05,2.1785497665405277e-05,0.0,0.0
1650164962,0.0,0.0,0.0,2.1964311599731445e-05,2.1785497665405277e-05,0.0,0.0
1650164963,0.0,0.0,0.0,2.1964311599731445e-05,2.1785497665405277e-05,0.0,0.0
1650164964,0.0,7.72025e-06,0.0,2.1964311599731445e-05,2.1785497665405277e-05,0.0,0.0
1650164965,0.0,7.72025e-06,0.0,2.1964311599731445e-05,2.1785497665405277e-05,0.0,0.0
1650164966,0.0,0.0001285955,0.0,2.1964311599731445e-05,2.1785497665405277e-05,192.5,95.0
1650164967,0.0,0.0,0.0,2.1964311599731445e-05,2.1785497665405277e-05,0.0,0.0
1650164968,0.0,0.0,0.0,2.1964311599731445e-05,2.1785497665405277e-05,0.0,0.0
1650164969,0.0,0.0,0.0,2.1964311599731445e-05,2.1785497665405277e-05,0.0,0.0
1650164970,0.0,0.0,0.0,2.1964311599731445e-05,2.1785497665405277e-05,0.0,0.0
1650164971,0.0,0.0,0.0,2.1964311599731445e-05,2.1785497665405277e-05,0.0,0.0
1650164972,0.0,0.0,0.0,2.1964311599731445e-05,2.1785497665405277e-05,0.0,0.0
1650164973,0.0,0.0,0.0,2.1964311599731445e-05,2.1785497665405277e-05,0.0,0.0
1650164974,0.0,0.0,0.0,2.1964311599731445e-05,2.1785497665405277e-05,0.0,0.0
1650164975,0.0,0.0,0.0,2.1964311599731445e-05,2.1785497665405277e-05,0.0,0.0
1650164976,0.0,0.0,0.0,2.1964311599731445e-05,2.1785497665405277e-05,0.0,0.0
1650164977,0.0,0.0,0.0,2.1964311599731445e-05,2.1785497665405277e-05,0.0,0.0
1650164978,0.0,0.0003431292857142,0.0014285714285714,2.1964311599731445e-05,2.1785497665405277e-05,445.2857142857143,361.57142857142856
1650164979,0.0,0.0003431292857142,0.0014285714285714,2.1964311599731445e-05,2.1785497665405277e-05,445.2857142857143,361.57142857142856
1650164980,0.0,0.0007782925,0.0,2.1964311599731445e-05,2.1785497665405277e-05,1095.0,1096.5
1650164981,0.0,0.001099343,0.0,2.1964311599731445e-05,2.1785497665405277e-05,1460.0,1286.0
1650164982,0.0,0.001099343,0.0,2.1964311599731445e-05,2.1785497665405277e-05,1460.0,1286.0
1650164983,0.0,0.0005374535,0.0,2.1964311599731445e-05,2.1785497665405277e-05,730.0,643.0
1650164984,0.0,0.001842061,0.0,2.1964311599731445e-05,2.1785497665405277e-05,2188.0,2646.0
1650164985,0.0,0.001842061,0.0,2.1964311599731445e-05,2.1785497665405277e-05,2188.0,2646.0
1650164986,0.0,0.0007665445,0.0,2.16066837310791e-05,2.142786979675293e-05,1054.0,738.0
1650164987,0.0,0.0,0.0,2.16066837310791e-05,2.142786979675293e-05,0.0,0.0
1650164988,0.0,0.0,0.0,2.16066837310791e-05,2.142786979675293e-05,0.0,0.0
1650164989,0.0,0.0,0.0,2.16066837310791e-05,2.142786979675293e-05,0.0,0.0
1650164990,0.0,0.0,0.0,2.16066837310791e-05,2.142786979675293e-05,0.0,0.0
1650164991,0.0,0.000766385,0.0,2.1964311599731445e-05,2.1785497665405277e-05,992.5,983.25
1650164992,0.0,0.000766385,0.0,2.1964311599731445e-05,2.1785497665405277e-05,992.5,983.25
1650164993,0.0,0.001254657,0.0,2.1964311599731445e-05,2.1785497665405277e-05,1824.5,1607.5
1650164994,0.0,0.001563381,0.0,2.1964311599731445e-05,2.1785497665405277e-05,2190.0,3078.0
1650164995,0.0,0.001563381,0.0,2.1964311599731445e-05,2.1785497665405277e-05,2190.0,3078.0
1650164996,0.0,0.0004198665,0.0,2.1964311599731445e-05,2.1785497665405277e-05,557.5,416.5
1650164997,0.0,0.001634488,0.0,2.1964311599731445e-05,2.1785497665405277e-05,2190.0,1929.0
1650164998,0.0,0.001916559,0.0,2.16066837310791e-05,2.142786979675293e-05,2453.0,1929.0
1650164999,0.0,0.001916559,0.0,2.16066837310791e-05,2.142786979675293e-05,2453.0,1929.0
1650165000,0.0,0.0006371875,0.0,2.1964311599731445e-05,2.1785497665405277e-05,870.0,849.0
1650165001,0.0,0.001677458,0.01,2.1964311599731445e-05,2.1785497665405277e-05,2188.0,2193.0
1650165002,0.0,0.001677458,0.01,2.1964311599731445e-05,2.1785497665405277e-05,2188.0,2193.0
1650165003,0.0,0.0005294165,0.005,2.1964311599731445e-05,2.1785497665405277e-05,729.0,643.0
1650165004,0.0,0.000628583,0.0,2.1964311599731445e-05,2.1785497665405277e-05,730.0,1569.0
1650165005,0.01,0.002633003,0.0,2.1964311599731445e-05,2.1785497665405277e-05,3304.0,2762.0
1650165006,0.0,0.000940343,0.0,2.1964311599731445e-05,2.1785497665405277e-05,1459.0,1286.0
1650165007,0.0,0.000940343,0.0,2.1964311599731445e-05,2.1785497665405277e-05,1459.0,1286.0
1650165008,0.0,0.0006889105,0.0,2.1964311599731445e-05,2.1785497665405277e-05,1094.0,964.5
1650165009,0.0,0.0006889105,0.0,2.1964311599731445e-05,2.1785497665405277e-05,1094.0,964.5
1650165010,0.0,0.0005588045,0.0,2.16066837310791e-05,2.142786979675293e-05,861.5,643.0
1650165011,0.0,0.001506446,0.01,2.1964311599731445e-05,2.1785497665405277e-05,2470.0,2473.0
1650165012,0.0,0.001506446,0.01,2.1964311599731445e-05,2.1785497665405277e-05,2470.0,2473.0
1650165013,0.0,0.0006143405,0.0,2.1964311599731445e-05,2.1785497665405277e-05,1094.5,1030.5
1650165014,0.0,0.0006143405,0.0,2.1964311599731445e-05,2.1785497665405277e-05,1094.5,1030.5
1650165015,0.0,0.0009108085,0.0,2.1964311599731445e-05,2.1785497665405277e-05,1459.0,2093.5
1650165016,0.0,0.0009108085,0.0,2.1964311599731445e-05,2.1785497665405277e-05,1459.0,2093.5
1650165017,0.005,0.00152721,0.0,2.1964311599731445e-05,2.1785497665405277e-05,2380.5,2024.0
1650165018,0.0,0.000766945,0.0,2.1964311599731445e-05,2.1785497665405277e-05,1459.0,1286.0
1650165019,0.0,0.000521301,0.0,2.1964311599731445e-05,2.1785497665405277e-05,772.0,685.0
1650165020,0.0,0.000521301,0.0,2.1964311599731445e-05,2.1785497665405277e-05,772.0,685.0
1650165021,0.0,0.0009584435,0.005,2.1964311599731445e-05,2.1785497665405277e-05,1366.0,1104.5
1650165022,0.0,0.0009584435,0.005,2.1964311599731445e-05,2.1785497665405277e-05,1366.0,1104.5
1650165023,0.0,0.00039178,0.0,2.1964311599731445e-05,2.1785497665405277e-05,730.0,775.0
1650165024,0.0,0.00039178,0.0,2.1964311599731445e-05,2.1785497665405277e-05,730.0,775.0
1650165025,0.0,0.000322745,0.0,2.1964311599731445e-05,2.1785497665405277e-05,431.0,1129.5
1650165026,0.0,0.000686653,0.0,2.1964311599731445e-05,2.1785497665405277e-05,1115.0,833.0
1650165027,0.0,0.002133898,0.0,2.1964311599731445e-05,2.1785497665405277e-05,3648.0,3215.0
1650165028,0.0,0.002133898,0.0,2.1964311599731445e-05,2.1785497665405277e-05,3648.0,3215.0
1650165029,0.0,0.0005715595,0.0,2.1964311599731445e-05,2.1785497665405277e-05,1094.5,964.5
1650165030,0.0,0.001685136,0.0,2.1964311599731445e-05,2.1785497665405277e-05,2918.0,2572.0
1650165031,0.0,0.000549953,0.0,2.1964311599731445e-05,2.1785497665405277e-05,730.0,643.0
1650165032,0.0,0.000549953,0.0,2.1964311599731445e-05,2.1785497665405277e-05,730.0,643.0
1650165033,0.005,0.0013012905,0.005,2.1964311599731445e-05,2.1785497665405277e-05,2096.5,1945.5
1650165034,0.005,0.0013012905,0.005,2.1964311599731445e-05,2.1785497665405277e-05,2096.5,1945.5
1650165035,0.0,0.000514977,0.005,2.1964311599731445e-05,2.1785497665405277e-05,729.5,1212.0
1650165036,0.0,0.001440328,0.0,2.1964311599731445e-05,2.1785497665405277e-05,2574.0,2119.0
1650165037,0.0,0.001630609,0.0,2.1964311599731445e-05,2.1785497665405277e-05,2918.0,2572.0
1650165038,0.0,0.000379072,0.0,2.1964311599731445e-05,2.1785497665405277e-05,729.0,643.0
1650165039,0.0,0.000379072,0.0,2.1964311599731445e-05,2.1785497665405277e-05,729.0,643.0
1650165040,0.0,0.0004144035,0.0,2.1964311599731445e-05,2.1785497665405277e-05,730.0,643.0
1650165041,0.0,0.000429045,0.0,2.1964311599731445e-05,2.1785497665405277e-05,730.0,643.0
1650165042,0.0,0.000429045,0.0,2.1964311599731445e-05,2.1785497665405277e-05,730.0,643.0
1650165043,0.0,0.0005495115,0.0,2.16066837310791e-05,2.142786979675293e-05,862.0,676.0
1650165044,0.0,0.001688681,0.0,2.1964311599731445e-05,2.1785497665405277e-05,2468.0,3609.0
1650165045,0.0,0.001688681,0.0,2.1964311599731445e-05,2.1785497665405277e-05,2468.0,3609.0
1650165046,0.0,0.000509562,0.0,2.1964311599731445e-05,2.1785497665405277e-05,922.5,804.0
1650165047,0.0,0.001332076,0.0,2.1964311599731445e-05,2.1785497665405277e-05,2188.0,1929.0
1650165048,0.0,0.001332076,0.0,2.1964311599731445e-05,2.1785497665405277e-05,2188.0,1929.0
1650165049,0.0,0.0008850245,0.0,2.1964311599731445e-05,2.1785497665405277e-05,1480.5,1307.0
1650165050,0.0,0.0008850245,0.0,2.1964311599731445e-05,2.1785497665405277e-05,1480.5,1307.0
1650165051,0.005,0.0004380165,0.0,2.1964311599731445e-05,2.1785497665405277e-05,728.0,643.0
1650165052,0.0,0.001430003,0.0,2.1964311599731445e-05,2.1785497665405277e-05,2189.0,1929.0
1650165053,0.0,0.001430003,0.0,2.1964311599731445e-05,2.1785497665405277e-05,2189.0,1929.0
1650165054,0.0,0.0009813045,0.0,2.1964311599731445e-05,2.1785497665405277e-05,1366.0,1953.5
1650165055,0.0,0.000450873,0.0,2.1964311599731445e-05,2.1785497665405277e-05,730.0,775.0
1650165056,0.0,0.000747199,0.0,2.1964311599731445e-05,2.1785497665405277e-05,1114.0,965.0
1650165057,0.0,0.001269276,0.0,2.1964311599731445e-05,2.1785497665405277e-05,2188.0,2061.0
1650165058,0.0,0.0003985,0.0,2.1964311599731445e-05,2.1785497665405277e-05,730.0,643.0
1650165059,0.0,0.0003985,0.0,2.1964311599731445e-05,2.1785497665405277e-05,730.0,643.0
1650165060,0.0,0.0011107805,0.0,2.1964311599731445e-05,2.1785497665405277e-05,1824.5,1607.5
1650165061,0.0,0.0011107805,0.0,2.1964311599731445e-05,2.1785497665405277e-05,1824.5,1607.5
1650165062,0.0,0.001268553,0.0,2.1964311599731445e-05,2.1785497665405277e-05,1823.5,1607.5
1650165063,0.0,0.0014488,0.0,2.1964311599731445e-05,2.1785497665405277e-05,2190.0,1929.0
1650165064,0.0,0.000669376,0.0,2.1964311599731445e-05,2.1785497665405277e-05,730.0,2470.0
1650165065,0.0,0.000669376,0.0,2.1964311599731445e-05,2.1785497665405277e-05,730.0,2470.0
1650165066,0.0,0.0009949215,0.0,2.1964311599731445e-05,2.1785497665405277e-05,1559.5,1265.5
1650165067,0.0,0.000933872,0.0,2.1964311599731445e-05,2.1785497665405277e-05,1459.0,1550.0
1650165068,0.0,0.000933872,0.0,2.1964311599731445e-05,2.1785497665405277e-05,1459.0,1550.0
1650165069,0.0,0.000569267,0.0,2.1964311599731445e-05,2.1785497665405277e-05,730.0,643.0
1650165070,0.0,0.000875552,0.0,2.1964311599731445e-05,2.1785497665405277e-05,1458.0,1286.0
1650165071,0.0,0.000895217,0.0,2.1964311599731445e-05,2.1785497665405277e-05,1460.0,1286.0
1650165072,0.0,0.000895217,0.0,2.1964311599731445e-05,2.1785497665405277e-05,1460.0,1286.0
1650165073,0.0,0.0002406995,0.0,2.1964311599731445e-05,2.1785497665405277e-05,365.0,321.5
1650165074,0.0,0.0002406995,0.0,2.1964311599731445e-05,2.1785497665405277e-05,365.0,321.5
1650165075,0.0,0.000883757,0.0,2.1964311599731445e-05,2.1785497665405277e-05,1287.5,1911.0
1650165076,0.0,0.002066244,0.0,2.1964311599731445e-05,2.1785497665405277e-05,3463.0,3116.0
1650165077,0.0,0.002066244,0.0,2.1964311599731445e-05,2.1785497665405277e-05,3463.0,3116.0
1650165078,0.0,0.0004373255,0.0,2.1964311599731445e-05,2.1785497665405277e-05,730.0,709.0
1650165079,0.0,0.000845046,0.0,2.1964311599731445e-05,2.1785497665405277e-05,1501.0,1328.0
1650165080,0.0,0.000910471,0.0,2.1964311599731445e-05,2.1785497665405277e-05,1458.0,1286.0
1650165081,0.0,0.001177748,0.0,2.1964311599731445e-05,2.1785497665405277e-05,2190.0,1929.0
1650165082,0.0,0.001177748,0.0,2.1964311599731445e-05,2.1785497665405277e-05,2190.0,1929.0
1650165083,0.0,0.0004543805,0.0,2.1964311599731445e-05,2.1785497665405277e-05,729.0,643.0
1650165084,0.01,0.002164113,0.0,2.1964311599731445e-05,2.1785497665405277e-05,3648.0,4258.0
1650165085,0.01,0.002164113,0.0,2.1964311599731445e-05,2.1785497665405277e-05,3648.0,4258.0
1650165086,0.0,0.0004847155,0.0,2.1964311599731445e-05,2.1785497665405277e-05,922.5,738.0
1650165087,0.0,0.001258964,0.0,2.1964311599731445e-05,2.1785497665405277e-05,2004.0,1566.0
1650165088,0.0,0.001258964,0.0,2.1964311599731445e-05,2.1785497665405277e-05,2004.0,1566.0
1650165089,0.0,0.0006140935,0.0,2.1964311599731445e-05,2.1785497665405277e-05,1094.5,1162.5
1650165090,0.0,0.000798879,0.0,2.1964311599731445e-05,2.1785497665405277e-05,1460.0,1286.0
1650165091,0.0,0.000798879,0.0,2.1964311599731445e-05,2.1785497665405277e-05,1460.0,1286.0
1650165092,0.0,0.0006546425,0.0,2.1964311599731445e-05,2.1785497665405277e-05,1095.0,964.5
1650165093,0.0,0.0006546425,0.0,2.1964311599731445e-05,2.1785497665405277e-05,1095.0,964.5
1650165094,0.0,0.000699899,0.0,2.1964311599731445e-05,2.1785497665405277e-05,1095.0,1373.5
1650165095,0.0,0.001221411,0.0,2.1964311599731445e-05,2.1785497665405277e-05,1845.0,1476.0
1650165096,0.0,0.000898349,0.01,2.1964311599731445e-05,2.1785497665405277e-05,1460.0,1286.0
1650165097,0.0,0.000898349,0.01,2.1964311599731445e-05,2.1785497665405277e-05,1460.0,1286.0
1650165098,0.0,0.000699677,0.0,2.16066837310791e-05,2.142786979675293e-05,1227.0,964.5
1650165099,0.0,0.001040179,0.0,2.1964311599731445e-05,2.1785497665405277e-05,1740.0,1698.0
1650165100,0.0,0.001040179,0.0,2.1964311599731445e-05,2.1785497665405277e-05,1740.0,1698.0
1650165101,0.0,0.000649579,0.0,2.1964311599731445e-05,2.1785497665405277e-05,1094.0,1096.5
1650165102,0.0,0.000495847,0.0,2.1964311599731445e-05,2.1785497665405277e-05,730.0,643.0
1650165103,0.0,0.000495847,0.0,2.1964311599731445e-05,2.1785497665405277e-05,730.0,643.0
1650165104,0.005,0.0006938775,0.0,2.1964311599731445e-05,2.1785497665405277e-05,1094.5,1695.5
1650165105,0.0,0.001058847,0.0,2.1964311599731445e-05,2.1785497665405277e-05,1842.0,1476.0
1650165106,0.0,0.001058847,0.0,2.1964311599731445e-05,2.1785497665405277e-05,1842.0,1476.0
1650165107,0.0,0.000390431,0.0,2.1964311599731445e-05,2.1785497665405277e-05,730.0,643.0
1650165108,0.0,0.000390431,0.0,2.1964311599731445e-05,2.1785497665405277e-05,730.0,643.0
1650165109,0.0,0.000912454,0.0,2.1785497665405277e-05,2.16066837310791e-05,1447.5,1105.5
1650165110,0.0,0.000950657,0.0,2.1964311599731445e-05,2.1785497665405277e-05,1341.0,1458.0
1650165111,0.0,0.000950657,0.0,2.1964311599731445e-05,2.1785497665405277e-05,1341.0,1458.0
1650165112,0.0,0.00081731,0.0,2.1964311599731445e-05,2.1785497665405277e-05,1460.0,1418.0
1650165113,0.0,0.00081731,0.0,2.1964311599731445e-05,2.1785497665405277e-05,1460.0,1418.0
1650165114,0.0,0.0002535405,0.0,2.1964311599731445e-05,2.1785497665405277e-05,365.0,726.5
1650165115,0.0,0.0002535405,0.0,2.1964311599731445e-05,2.1785497665405277e-05,365.0,726.5
1650165116,0.0,0.001249378,0.0,2.1964311599731445e-05,2.1785497665405277e-05,2016.0,1702.5
1650165117,0.0,0.000921773,0.0,2.1964311599731445e-05,2.1785497665405277e-05,1460.0,1286.0
1650165118,0.0,0.00051769,0.0,2.1964311599731445e-05,2.1785497665405277e-05,729.0,643.0
1650165119,0.0,0.00051769,0.0,2.1964311599731445e-05,2.1785497665405277e-05,729.0,643.0
1650165120,0.0,0.0006838185,0.0,2.16066837310791e-05,2.142786979675293e-05,1227.0,964.5
1650165121,0.0,0.000933147,0.0,2.1964311599731445e-05,2.1785497665405277e-05,1740.0,1698.0
1650165122,0.0,0.000933147,0.0,2.1964311599731445e-05,2.1785497665405277e-05,1740.0,1698.0
1650165123,0.0,0.000582682,0.0,2.1964311599731445e-05,2.1785497665405277e-05,729.0,775.0
1650165124,0.0,0.00121343,0.0,2.1964311599731445e-05,2.1785497665405277e-05,1460.0,2428.0
1650165125,0.0,0.00224348,0.01,2.1964311599731445e-05,2.1785497665405277e-05,4032.0,3405.0
1650165126,0.0,0.000458201,0.0,2.1964311599731445e-05,2.1785497665405277e-05,730.0,643.0
1650165127,0.0,0.000458201,0.0,2.1964311599731445e-05,2.1785497665405277e-05,730.0,643.0
1650165128,0.0,0.0004140125,0.0,2.1964311599731445e-05,2.1785497665405277e-05,729.0,643.0
1650165129,0.0,0.001662434,0.0,2.1964311599731445e-05,2.1785497665405277e-05,2188.0,1929.0
1650165130,0.0,0.001662434,0.0,2.1964311599731445e-05,2.1785497665405277e-05,2188.0,1929.0
1650165131,0.0,0.0010945515,0.0,2.166628837585449e-05,2.148747444152832e-05,1592.0,1286.0
1650165132,0.0,0.001749643,0.0,2.1964311599731445e-05,2.1785497665405277e-05,2469.0,2473.0
1650165133,0.0,0.001749643,0.0,2.1964311599731445e-05,2.1785497665405277e-05,2469.0,2473.0
1650165134,0.0,0.0006508445,0.0,2.1964311599731445e-05,2.1785497665405277e-05,728.5,1330.0
1650165135,0.0,0.00120594,0.0,2.1964311599731445e-05,2.1785497665405277e-05,1843.0,1476.0
1650165136,0.0,0.00120594,0.0,2.1964311599731445e-05,2.1785497665405277e-05,1843.0,1476.0
1650165137,0.0,0.001012037,0.0,2.1964311599731445e-05,2.1785497665405277e-05,1459.0,1286.0
1650165138,0.0,0.001012037,0.0,2.1964311599731445e-05,2.1785497665405277e-05,1459.0,1286.0
1650165139,0.0,0.0005583945,0.0,2.1964311599731445e-05,2.1785497665405277e-05,750.5,664.0
1650165140,0.0,0.001035663,0.0,2.1964311599731445e-05,2.1785497665405277e-05,1459.0,1286.0
1650165141,0.0,0.000519992,0.0,2.1964311599731445e-05,2.1785497665405277e-05,730.0,643.0
1650165142,0.0,0.000519992,0.0,2.1964311599731445e-05,2.1785497665405277e-05,730.0,643.0
1650165143,0.0,0.001080922,0.0,2.1964311599731445e-05,2.1785497665405277e-05,1367.0,1170.5
1650165144,0.0,0.001118616,0.0,2.1964311599731445e-05,2.1785497665405277e-05,1460.0,3009.0
1650165145,0.0,0.001118616,0.0,2.1964311599731445e-05,2.1785497665405277e-05,1460.0,3009.0
1650165146,0.0,0.0014907325,0.0,2.1964311599731445e-05,2.1785497665405277e-05,2017.0,1702.5
1650165147,0.0,0.001115896,0.0,2.1964311599731445e-05,2.1785497665405277e-05,1460.0,1286.0
1650165148,0.0,0.001115896,0.0,2.1964311599731445e-05,2.1785497665405277e-05,1460.0,1286.0
1650165149,0.0,0.000743842,0.0,2.1964311599731445e-05,2.1785497665405277e-05,1095.0,964.5
1650165150,0.0,0.000472732,0.0,2.1964311599731445e-05,2.1785497665405277e-05,730.0,643.0
1650165151,0.0,0.000472732,0.0,2.1964311599731445e-05,2.1785497665405277e-05,730.0,643.0
1650165152,0.0,7.7161e-05,0.0,2.1964311599731445e-05,2.1785497665405277e-05,129.5,50.0
1650165153,0.0,7.7161e-05,0.0,2.1964311599731445e-05,2.1785497665405277e-05,129.5,50.0
1650165154,0.0,0.0005447225,0.0,2.16066837310791e-05,2.142786979675293e-05,497.0,728.5
1650165155,0.0,0.00037001,0.0,2.1785497665405277e-05,2.16066837310791e-05,399.0,240.0
1650165156,0.0,0.000328545,0.0,2.1785497665405277e-05,2.16066837310791e-05,385.0,190.0
1650165157,0.0,0.00015761,0.0,2.1785497665405277e-05,2.16066837310791e-05,259.0,166.0
1650165158,0.0,0.00015761,0.0,2.1785497665405277e-05,2.16066837310791e-05,259.0,166.0
1650165159,0.0,0.000360922,0.0,2.1964311599731445e-05,2.1785497665405277e-05,435.0,424.5
1650165160,0.0,0.0,0.0,2.1964311599731445e-05,2.1785497665405277e-05,0.0,0.0
1650165161,0.0,0.0,0.0,2.1964311599731445e-05,2.1785497665405277e-05,0.0,0.0
1650165162,0.0,0.0007799445,0.0,2.1964311599731445e-05,2.1785497665405277e-05,965.0,1046.5
1650165163,0.0,0.0007799445,0.0,2.1964311599731445e-05,2.1785497665405277e-05,965.0,1046.5
1650165164,0.0,0.000300443,0.0,2.1964311599731445e-05,2.1785497665405277e-05,235.5,412.0
1650165165,0.0,0.000573615,0.0,2.1785497665405277e-05,2.16066837310791e-05,776.0,290.0
1650165166,0.0,0.000573615,0.0,2.1785497665405277e-05,2.16066837310791e-05,776.0,290.0
1650165167,0.0,0.000360529,0.0,2.1964311599731445e-05,2.1785497665405277e-05,435.0,391.5
1650165168,0.0,0.000439967,0.0,2.1964311599731445e-05,2.1785497665405277e-05,470.0,543.0
1650165169,0.0,0.000439967,0.0,2.1964311599731445e-05,2.1785497665405277e-05,470.0,543.0
1650165170,0.0,0.000350369,0.0,2.1785497665405277e-05,2.16066837310791e-05,452.0,375.5
1650165171,0.0,0.000173559,0.0,2.1785497665405277e-05,2.16066837310791e-05,259.0,166.0
1650165172,0.0,0.0,0.0,2.1785497665405277e-05,2.16066837310791e-05,0.0,0.0
1650165173,0.0,0.0,0.0,2.1785497665405277e-05,2.16066837310791e-05,0.0,0.0
1650165174,0.0,0.0,0.0,2.1785497665405277e-05,2.16066837310791e-05,0.0,0.0
1650165175,0.0,0.000300703,0.0,2.1964311599731445e-05,2.1785497665405277e-05,376.3333333333333,316.3333333333333
1650165176,0.0,0.000277817,0.0,2.1964311599731445e-05,2.1785497665405277e-05,385.0,190.0
1650165177,0.0,0.000277817,0.0,2.1964311599731445e-05,2.1785497665405277e-05,385.0,190.0
1650165178,0.0,0.0005220565,0.005,2.1785497665405277e-05,2.16066837310791e-05,666.5,659.0
1650165179,0.0,0.000790645,0.0,2.1964311599731445e-05,2.1785497665405277e-05,870.0,849.0
1650165180,0.0,0.000430667,0.0,2.1964311599731445e-05,2.1785497665405277e-05,471.0,543.0
1650165181,0.0,0.000430667,0.0,2.1964311599731445e-05,2.1785497665405277e-05,471.0,543.0
1650165182,0.0,0.0003607635,0.0,2.1964311599731445e-05,2.1785497665405277e-05,365.0,354.5
1650165183,0.0,0.0003607635,0.0,2.1964311599731445e-05,2.1785497665405277e-05,365.0,354.5
1650165184,0.0,0.000380747,0.0,2.1964311599731445e-05,2.1785497665405277e-05,364.5,493.5
1650165185,0.0,0.000400176,0.0,2.1964311599731445e-05,2.1785497665405277e-05,644.0,356.0
1650165186,0.0,0.000400176,0.0,2.1964311599731445e-05,2.1785497665405277e-05,644.0,356.0
1650165187,0.0,0.000393446,0.0,2.1785497665405277e-05,2.16066837310791e-05,430.0,321.5
1650165188,0.0,0.0,0.0,2.1785497665405277e-05,2.16066837310791e-05,0.0,0.0
1650165189,0.0,0.0,0.0,2.1785497665405277e-05,2.16066837310791e-05,0.0,0.0
1650165190,0.0,0.0,0.0,2.1785497665405277e-05,2.16066837310791e-05,0.0,0.0
1650165191,0.0033333333333333,0.0004577706666666,0.0,2.1964311599731445e-05,2.1785497665405277e-05,466.6666666666667,341.0
1650165192,0.0033333333333333,0.0004577706666666,0.0,2.1964311599731445e-05,2.1785497665405277e-05,466.6666666666667,341.0
1650165193,0.0,0.000272628,0.0,2.1964311599731445e-05,2.1785497665405277e-05,365.0,387.5
1650165194,0.0,0.000272628,0.0,2.1964311599731445e-05,2.1785497665405277e-05,365.0,387.5
1650165195,0.0,0.0006869175,0.0,2.1964311599731445e-05,2.1785497665405277e-05,793.0,1193.0
1650165196,0.0,0.0006869175,0.0,2.1964311599731445e-05,2.1785497665405277e-05,793.0,1193.0
1650165197,0.0,0.0003282445,0.0,2.1964311599731445e-05,2.1785497665405277e-05,365.0,354.5
1650165198,0.0,0.0003282445,0.0,2.1964311599731445e-05,2.1785497665405277e-05,365.0,354.5
1650165199,0.0,0.0003377985,0.0,2.1964311599731445e-05,2.1785497665405277e-05,386.0,342.5
1650165200,0.0,0.0003377985,0.0,2.1964311599731445e-05,2.1785497665405277e-05,386.0,342.5
1650165201,0.0,0.000328603,0.0,2.1785497665405277e-05,2.16066837310791e-05,431.0,321.5
1650165202,0.0,0.000511759,0.0,2.16066837310791e-05,2.142786979675293e-05,603.0,543.0
1650165203,0.0,0.000432338,0.0,2.1785497665405277e-05,2.16066837310791e-05,399.0,240.0
1650165204,0.0,0.000432338,0.0,2.1785497665405277e-05,2.16066837310791e-05,399.0,240.0
1650165205,0.0,0.000210227,0.0,2.1785497665405277e-05,2.16066837310791e-05,192.5,451.5
1650165206,0.0,0.000184224,0.0,2.1785497665405277e-05,2.16066837310791e-05,259.0,166.0
1650165207,0.0,0.000184224,0.0,2.1785497665405277e-05,2.16066837310791e-05,259.0,166.0
1650165208,0.0,0.000364838,0.0,2.1964311599731445e-05,2.1785497665405277e-05,435.0,424.5
1650165209,0.0,0.000721484,0.0,2.1964311599731445e-05,2.1785497665405277e-05,728.0,775.0
1650165210,0.0,0.000721484,0.0,2.1964311599731445e-05,2.1785497665405277e-05,728.0,775.0
1650165211,0.0,0.000550124,0.0,2.1964311599731445e-05,2.1785497665405277e-05,600.5,659.0
1650165212,0.0,0.00037727,0.0,2.1964311599731445e-05,2.1785497665405277e-05,470.0,543.0
1650165213,0.0,0.000275528,0.0,2.1785497665405277e-05,2.16066837310791e-05,391.0,100.0
1650165214,0.0,0.000275528,0.0,2.1785497665405277e-05,2.16066837310791e-05,391.0,100.0
1650165215,0.0,0.000421383,0.0,2.1785497665405277e-05,2.16066837310791e-05,427.5,611.5
1650165216,0.0,0.000421383,0.0,2.1785497665405277e-05,2.16066837310791e-05,427.5,611.5
1650165217,0.0,0.0003767315,0.0,2.1964311599731445e-05,2.1785497665405277e-05,435.0,391.5
1650165218,0.0,0.000653988,0.0,2.1785497665405277e-05,2.16066837310791e-05,861.0,709.0
1650165219,0.0,0.000653988,0.0,2.1785497665405277e-05,2.16066837310791e-05,861.0,709.0
1650165220,0.0,9.30795e-05,0.0,2.1785497665405277e-05,2.16066837310791e-05,129.5,83.0
1650165221,0.0,9.30795e-05,0.0,2.1785497665405277e-05,2.16066837310791e-05,129.5,83.0
1650165222,0.0,9.1337e-05,0.0,2.1785497665405277e-05,2.16066837310791e-05,129.5,83.0
1650165223,0.0,0.0,0.0,2.1785497665405277e-05,2.16066837310791e-05,0.0,0.0
1650165224,0.0,0.0,0.0,2.1785497665405277e-05,2.16066837310791e-05,0.0,0.0
1650165225,0.0,0.000513406,0.0,2.1964311599731445e-05,2.1785497665405277e-05,627.5,486.5
1650165226,0.0,0.000513406,0.0,2.1964311599731445e-05,2.1785497665405277e-05,627.5,486.5
1650165227,0.0,0.0005782875,0.0,2.1785497665405277e-05,2.16066837310791e-05,666.0,659.0
1650165228,0.0,0.0005782875,0.0,2.1785497665405277e-05,2.16066837310791e-05,666.0,659.0
1650165229,0.0,0.000583707,0.005,2.1964311599731445e-05,2.1785497665405277e-05,670.5,696.0
1650165230,0.0,0.000583707,0.005,2.1964311599731445e-05,2.1785497665405277e-05,670.5,696.0
1650165231,0.0,0.0003122725,0.0,2.1964311599731445e-05,2.1785497665405277e-05,364.5,354.5
1650165232,0.0,0.000160807,0.0,2.1964311599731445e-05,2.1785497665405277e-05,259.0,166.0
1650165233,0.0,0.000417871,0.0,2.1964311599731445e-05,2.1785497665405277e-05,471.0,543.0
1650165234,0.0,0.000417871,0.0,2.1964311599731445e-05,2.1785497665405277e-05,471.0,543.0
1650165235,0.0,0.000490771,0.0,2.1785497665405277e-05,2.16066837310791e-05,429.5,757.0
1650165236,0.0,0.000556124,0.0,2.1785497665405277e-05,2.16066837310791e-05,644.0,290.0
1650165237,0.0,0.0,0.0,2.1785497665405277e-05,2.16066837310791e-05,0.0,0.0
1650165238,0.0,0.0,0.0,2.1785497665405277e-05,2.16066837310791e-05,0.0,0.0
1650165239,0.0,0.0,0.0,2.1785497665405277e-05,2.16066837310791e-05,0.0,0.0
1650165240,0.0033333333333333,0.0003905496666666,0.0,2.1964311599731445e-05,2.1785497665405277e-05,481.0,355.0
1650165241,0.0,0.0,0.0,2.1964311599731445e-05,2.1785497665405277e-05,0.0,0.0
1650165242,0.0,0.0,0.0,2.1964311599731445e-05,2.1785497665405277e-05,0.0,0.0
1650165243,0.0,0.0,0.0,2.1964311599731445e-05,2.1785497665405277e-05,0.0,0.0
1650165244,0.0,0.0,0.0,2.1964311599731445e-05,2.1785497665405277e-05,0.0,0.0
1650165245,0.0,0.00063599925,0.0,2.1964311599731445e-05,2.1785497665405277e-05,696.5,926.0
1650165246,0.0,0.00063599925,0.0,2.1964311599731445e-05,2.1785497665405277e-05,696.5,926.0
1650165247,0.0,0.0001286495,0.0,2.1964311599731445e-05,2.1785497665405277e-05,129.0,83.0
1650165248,0.0,0.0001286495,0.0,2.1964311599731445e-05,2.1785497665405277e-05,129.0,83.0
1650165249,0.0,0.0002829795,0.0,2.1964311599731445e-05,2.1785497665405277e-05,364.5,321.5
1650165250,0.0,0.000425133,0.0,2.1964311599731445e-05,2.1785497665405277e-05,471.0,543.0
1650165251,0.0,0.00083892,0.0,2.16066837310791e-05,2.142786979675293e-05,994.0,643.0
1650165252,0.0,0.00083892,0.0,2.16066837310791e-05,2.142786979675293e-05,994.0,643.0
1650165253,0.0,0.0001759645,0.0,2.1785497665405277e-05,2.16066837310791e-05,199.5,120.0
1650165254,0.0,0.000277549,0.0,2.1785497665405277e-05,2.16066837310791e-05,391.0,798.0
1650165255,0.0,0.000277549,0.0,2.1785497665405277e-05,2.16066837310791e-05,391.0,798.0
1650165256,0.0,0.0001348295,0.0,2.1785497665405277e-05,2.16066837310791e-05,192.5,95.0
1650165257,0.0,0.000710419,0.0,2.1964311599731445e-05,2.1785497665405277e-05,870.0,849.0
1650165258,0.0,0.000444064,0.0,2.1964311599731445e-05,2.1785497665405277e-05,471.0,609.0
1650165259,0.0,0.000580231,0.0,2.1964311599731445e-05,2.1785497665405277e-05,730.0,775.0
1650165260,0.0,0.000580231,0.0,2.1964311599731445e-05,2.1785497665405277e-05,730.0,775.0
1650165261,0.0,0.0003400385,0.0,2.1964311599731445e-05,2.1785497665405277e-05,365.0,354.5
1650165262,0.0,0.000663453,0.0,2.1785497665405277e-05,2.16066837310791e-05,862.0,643.0
1650165263,0.0,0.000663453,0.0,2.1785497665405277e-05,2.16066837310791e-05,862.0,643.0
1650165264,0.0,0.000311875,0.0,2.1785497665405277e-05,2.16066837310791e-05,235.5,568.0
1650165265,0.0,0.000311875,0.0,2.1785497665405277e-05,2.16066837310791e-05,235.5,568.0
1650165266,0.0,0.000583379,0.0,2.1964311599731445e-05,2.1785497665405277e-05,627.5,486.5
1650165267,0.0,0.000146821,0.0,2.1964311599731445e-05,2.1785497665405277e-05,259.0,166.0
1650165268,0.0,0.00048045,0.0,2.1785497665405277e-05,2.16066837310791e-05,603.0,543.0
1650165269,0.0,0.000166885,0.0,2.1785497665405277e-05,2.16066837310791e-05,300.0,208.0
1650165270,0.0,0.000166885,0.0,2.1785497665405277e-05,2.16066837310791e-05,300.0,208.0
1650165271,0.0,0.00012358,0.0,2.1785497665405277e-05,2.16066837310791e-05,129.0,83.0
1650165272,0.0,0.0,0.0,2.1785497665405277e-05,2.16066837310791e-05,0.0,0.0
1650165273,0.0,0.0,0.0,2.1785497665405277e-05,2.16066837310791e-05,0.0,0.0
1650165274,0.0,0.0,0.0,2.1785497665405277e-05,2.16066837310791e-05,0.0,0.0
1650165275,0.0,0.0007971906666666,0.0,2.1785497665405277e-05,2.16066837310791e-05,862.6666666666666,894.3333333333334
1650165276,0.0,0.0007971906666666,0.0,2.1785497665405277e-05,2.16066837310791e-05,862.6666666666666,894.3333333333334
1650165277,0.0,0.0003807545,0.0,2.1964311599731445e-05,2.1785497665405277e-05,435.0,424.5
1650165278,0.0,0.000396996,0.0,2.1964311599731445e-05,2.1785497665405277e-05,471.0,543.0
1650165279,0.0,0.000396996,0.0,2.1964311599731445e-05,2.1785497665405277e-05,471.0,543.0
1650165280,0.0,0.0003434155,0.0,2.1964311599731445e-05,2.1785497665405277e-05,365.0,354.5
1650165281,0.0,0.000146788,0.0,2.1964311599731445e-05,2.1785497665405277e-05,259.0,166.0
1650165282,0.0,0.000146788,0.0,2.1964311599731445e-05,2.1785497665405277e-05,259.0,166.0
1650165283,0.0,0.0003344905,0.0,2.1785497665405277e-05,2.16066837310791e-05,430.5,354.5
1650165284,0.0,0.0003344905,0.0,2.1785497665405277e-05,2.16066837310791e-05,430.5,354.5
1650165285,0.0,0.000725201,0.0,2.1964311599731445e-05,2.1785497665405277e-05,800.0,996.5
1650165286,0.0,0.00182789,0.0,2.1964311599731445e-05,2.1785497665405277e-05,2314.0,2151.0
1650165287,0.0,0.001713042,0.01,2.1785497665405277e-05,2.16066837310791e-05,2063.0,1829.0
1650165288,0.0,0.001323499,0.0,2.1964311599731445e-05,2.1785497665405277e-05,1600.0,1492.0
1650165289,0.0,0.001323499,0.0,2.1964311599731445e-05,2.1785497665405277e-05,1600.0,1492.0
1650165290,0.0,0.0008108865,0.0,2.1964311599731445e-05,2.1785497665405277e-05,1093.0,1030.5
1650165291,0.0,0.0008108865,0.0,2.1964311599731445e-05,2.1785497665405277e-05,1093.0,1030.5
1650165292,0.0,0.0004980535,0.0,2.1964311599731445e-05,2.1785497665405277e-05,729.5,643.0
1650165293,0.0,0.001003339,0.0,2.1964311599731445e-05,2.1785497665405277e-05,1460.0,1286.0
1650165294,0.0,0.001533651,0.0,2.1964311599731445e-05,2.1785497665405277e-05,1731.0,3126.0
1650165295,0.0,0.001533651,0.0,2.1964311599731445e-05,2.1785497665405277e-05,1731.0,3126.0
1650165296,0.0,0.0007185185,0.005,2.1964311599731445e-05,2.1785497665405277e-05,922.5,804.0
1650165297,0.0,0.0007185185,0.005,2.1964311599731445e-05,2.1785497665405277e-05,922.5,804.0
1650165298,0.0,0.001035694,0.0,2.1785497665405277e-05,2.16066837310791e-05,1525.5,1319.0
1650165299,0.0,0.001679511,0.0,2.1964311599731445e-05,2.1785497665405277e-05,2372.0,2243.0
1650165300,0.0,0.001679511,0.0,2.1964311599731445e-05,2.1785497665405277e-05,2372.0,2243.0
1650165301,0.0,0.000253489,0.0,2.1964311599731445e-05,2.1785497665405277e-05,365.0,354.5
1650165302,0.0,0.001087709,0.0,2.1964311599731445e-05,2.1785497665405277e-05,1460.0,1286.0
1650165303,0.0,0.001087709,0.0,2.1964311599731445e-05,2.1785497665405277e-05,1460.0,1286.0
1650165304,0.0,0.0008240875,0.0,2.1964311599731445e-05,2.1785497665405277e-05,1094.5,1484.5
1650165305,0.0,0.002129897,0.0,2.1964311599731445e-05,2.1785497665405277e-05,2845.0,2259.0
1650165306,0.0,0.002129897,0.0,2.1964311599731445e-05,2.1785497665405277e-05,2845.0,2259.0
1650165307,0.0,0.00025726,0.0,2.1964311599731445e-05,2.1785497665405277e-05,365.0,354.5
1650165308,0.0,0.002008732,0.0,2.1964311599731445e-05,2.1785497665405277e-05,2920.0,2704.0
1650165309,0.0,0.001558007,0.0,2.1785497665405277e-05,2.16066837310791e-05,2322.0,1929.0
1650165310,0.0,0.001558007,0.0,2.1785497665405277e-05,2.16066837310791e-05,2322.0,1929.0
1650165311,0.0,0.0009272695,0.0,2.1964311599731445e-05,2.1785497665405277e-05,1164.5,1100.5
1650165312,0.0,0.0009272695,0.0,2.1964311599731445e-05,2.1785497665405277e-05,1164.5,1100.5
1650165313,0.005,0.0011431685,0.005,2.1964311599731445e-05,2.1785497665405277e-05,1460.0,1319.0
1650165314,0.0,0.001368292,0.0,2.1964311599731445e-05,2.1785497665405277e-05,1458.0,3079.0
1650165315,0.0,0.001368292,0.0,2.1964311599731445e-05,2.1785497665405277e-05,1458.0,3079.0
1650165316,0.0,0.0012118155,0.0,2.1785497665405277e-05,2.16066837310791e-05,1482.0,1109.5
1650165317,0.0,0.0012118155,0.0,2.1785497665405277e-05,2.16066837310791e-05,1482.0,1109.5
1650165318,0.0,0.0002797065,0.0,2.1964311599731445e-05,2.1785497665405277e-05,305.0,341.5
1650165319,0.0,0.0002797065,0.0,2.1964311599731445e-05,2.1785497665405277e-05,305.0,341.5
1650165320,0.0,0.0006815305,0.0,2.1964311599731445e-05,2.1785497665405277e-05,859.5,759.0
1650165321,0.0,0.000270925,0.0,2.1785497665405277e-05,2.16066837310791e-05,391.0,100.0
1650165322,0.0,0.000270925,0.0,2.1785497665405277e-05,2.16066837310791e-05,391.0,100.0
1650165323,0.0,0.000386145,0.0,2.1785497665405277e-05,2.16066837310791e-05,471.0,576.0
1650165324,0.0,0.000386145,0.0,2.1785497665405277e-05,2.16066837310791e-05,471.0,576.0
1650165325,0.0,0.000365122,0.0,2.1964311599731445e-05,2.1785497665405277e-05,392.0,675.5
1650165326,0.0,0.000396458,0.0,2.1964311599731445e-05,2.1785497665405277e-05,471.0,543.0
1650165327,0.0,0.000151662,0.0,2.1964311599731445e-05,2.1785497665405277e-05,259.0,166.0
1650165328,0.0,0.000151662,0.0,2.1964311599731445e-05,2.1785497665405277e-05,259.0,166.0
1650165329,0.0,7.79705e-05,0.0,2.1964311599731445e-05,2.1785497665405277e-05,150.5,104.0
1650165330,0.0,0.000851835,0.0,2.1785497665405277e-05,2.16066837310791e-05,862.0,709.0
1650165331,0.0,0.000851835,0.0,2.1785497665405277e-05,2.16066837310791e-05,862.0,709.0
1650165332,0.0,0.000551565,0.0,2.1964311599731445e-05,2.1785497665405277e-05,670.5,696.0
1650165333,0.0,0.0,0.0,2.1964311599731445e-05,2.1785497665405277e-05,0.0,0.0
1650165334,0.0,0.0,0.0,2.1964311599731445e-05,2.1785497665405277e-05,0.0,0.0
1650165335,0.0,0.0,0.0,2.1964311599731445e-05,2.1785497665405277e-05,0.0,0.0
1650165336,0.0,0.000993813,0.0,2.1964311599731445e-05,2.1785497665405277e-05,1235.6666666666667,1335.0
1650165337,0.0,0.000818192,0.0,2.1964311599731445e-05,2.1785497665405277e-05,1201.0,1252.0
1650165338,0.0,0.000818192,0.0,2.1964311599731445e-05,2.1785497665405277e-05,1201.0,1252.0
1650165339,0.0,0.0003220585,0.0,2.1964311599731445e-05,2.1785497665405277e-05,365.0,321.5
1650165340,0.0,0.000796605,0.0,2.1964311599731445e-05,2.1785497665405277e-05,989.0,743.0
1650165341,0.0,0.000796605,0.0,2.1964311599731445e-05,2.1785497665405277e-05,989.0,743.0
1650165342,0.0,0.000781087,0.0,2.1964311599731445e-05,2.1785497665405277e-05,1101.0,984.5
1650165343,0.0,0.001099468,0.0,2.1964311599731445e-05,2.1785497665405277e-05,1459.0,1418.0
1650165344,0.0,0.000821135,0.0,2.1964311599731445e-05,2.1785497665405277e-05,730.0,1194.0
1650165345,0.0,0.001392782,0.0,2.1785497665405277e-05,2.16066837310791e-05,1977.0,1476.0
1650165346,0.0,0.001392782,0.0,2.1785497665405277e-05,2.16066837310791e-05,1977.0,1476.0
1650165347,0.0,0.0004785105,0.0,2.1964311599731445e-05,2.1785497665405277e-05,564.5,474.5
1650165348,0.0,0.0004785105,0.0,2.1964311599731445e-05,2.1785497665405277e-05,564.5,474.5
1650165349,0.0,8.9578e-05,0.0,2.1964311599731445e-05,2.1785497665405277e-05,129.5,83.0
1650165350,0.0,8.9578e-05,0.0,2.1964311599731445e-05,2.1785497665405277e-05,129.5,83.0
1650165351,0.0,0.0007794835,0.0,2.1964311599731445e-05,2.1785497665405277e-05,965.0,947.5
1650165352,0.0,0.000896692,0.0,2.1964311599731445e-05,2.1785497665405277e-05,989.0,743.0
1650165353,0.0,0.000896692,0.0,2.1964311599731445e-05,2.1785497665405277e-05,989.0,743.0
1650165354,0.0,0.000390981,0.0,2.1785497665405277e-05,2.16066837310791e-05,431.0,784.5
1650165355,0.0,0.00109109,0.0,2.1964311599731445e-05,2.1785497665405277e-05,1255.0,973.0
1650165356,0.0,0.00109109,0.0,2.1964311599731445e-05,2.1785497665405277e-05,1255.0,973.0
1650165357,0.0,0.000554822,0.0,2.1785497665405277e-05,2.16066837310791e-05,666.0,659.0
1650165358,0.0,0.000554822,0.0,2.1785497665405277e-05,2.16066837310791e-05,666.0,659.0
1650165359,0.0,0.0004857365,0.0,2.1964311599731445e-05,2.1785497665405277e-05,585.5,528.5
1650165360,0.0,0.0004857365,0.0,2.1964311599731445e-05,2.1785497665405277e-05,585.5,528.5
1650165361,0.0,0.000497085,0.0,2.1964311599731445e-05,2.1785497665405277e-05,600.5,626.0
1650165362,0.0,0.000497085,0.0,2.1964311599731445e-05,2.1785497665405277e-05,600.5,626.0
1650165363,0.0,0.0006475485,0.0,2.1964311599731445e-05,2.1785497665405277e-05,729.5,676.0
1650165364,0.0,0.000855957,0.0,2.1964311599731445e-05,2.1785497665405277e-05,989.0,1677.0
1650165365,0.0,0.000855957,0.0,2.1964311599731445e-05,2.1785497665405277e-05,989.0,1677.0
1650165366,0.0,0.0002101235,0.0,2.1964311599731445e-05,2.1785497665405277e-05,321.5,145.0
1650165367,0.0,0.001186341,0.0,2.1964311599731445e-05,2.1785497665405277e-05,1213.0,1226.0
1650165368,0.0,0.000728485,0.0,2.1785497665405277e-05,2.16066837310791e-05,862.0,709.0
1650165369,0.0,0.000728485,0.0,2.1785497665405277e-05,2.16066837310791e-05,862.0,709.0
1650165370,0.0,0.0011576255,0.0,2.1964311599731445e-05,2.1785497665405277e-05,1529.0,1521.0
1650165371,0.0,0.0011576255,0.0,2.1964311599731445e-05,2.1785497665405277e-05,1529.0,1521.0
1650165372,0.0,7.3006e-05,0.0,2.1964311599731445e-05,2.1785497665405277e-05,129.5,50.0
1650165373,0.0,7.3006e-05,0.0,2.1964311599731445e-05,2.1785497665405277e-05,129.5,50.0
1650165374,0.0,0.0004014435,0.0,2.1964311599731445e-05,2.1785497665405277e-05,494.5,617.5
1650165375,0.0,0.002219809,0.0,2.1964311599731445e-05,2.1785497665405277e-05,2787.0,2562.0
1650165376,0.0,0.002219809,0.0,2.1964311599731445e-05,2.1785497665405277e-05,2787.0,2562.0
1650165377,0.005,0.000794173,0.0,2.1964311599731445e-05,2.1785497665405277e-05,1094.5,964.5
1650165378,0.0,0.001312326,0.0,2.1964311599731445e-05,2.1785497665405277e-05,1730.0,1426.0
1650165379,0.0,0.001312326,0.0,2.1964311599731445e-05,2.1785497665405277e-05,1730.0,1426.0
1650165380,0.0,0.0010489215,0.0,2.1964311599731445e-05,2.1785497665405277e-05,1230.0,1133.5
1650165381,0.0,0.0010489215,0.0,2.1964311599731445e-05,2.1785497665405277e-05,1230.0,1133.5
1650165382,0.0,0.0008965455,0.0,2.1964311599731445e-05,2.1785497665405277e-05,1093.5,1063.5
1650165383,0.0,0.0008965455,0.0,2.1964311599731445e-05,2.1785497665405277e-05,1093.5,1063.5
1650165384,0.0,0.000577838,0.0,2.1964311599731445e-05,2.1785497665405277e-05,729.0,1156.0
1650165385,0.0,0.000902834,0.0,2.1964311599731445e-05,2.1785497665405277e-05,1115.0,833.0
1650165386,0.0,0.000902834,0.0,2.1964311599731445e-05,2.1785497665405277e-05,1115.0,833.0
1650165387,0.0,7.46435e-05,0.0,2.1964311599731445e-05,2.1785497665405277e-05,129.5,50.0
1650165388,0.0,7.46435e-05,0.0,2.1964311599731445e-05,2.1785497665405277e-05,129.5,50.0
1650165389,0.0,0.0005984925,0.0,2.1964311599731445e-05,2.1785497665405277e-05,880.0,714.0
1650165390,0.0,0.0005984925,0.0,2.1964311599731445e-05,2.1785497665405277e-05,880.0,714.0
1650165391,0.0,0.001305892,0.0,2.1964311599731445e-05,2.1785497665405277e-05,1602.0,1475.0
1650165392,0.0,0.000617778,0.0,2.1964311599731445e-05,2.1785497665405277e-05,730.0,775.0
1650165393,0.0,0.001193178,0.0,2.1964311599731445e-05,2.1785497665405277e-05,1458.0,1352.0
1650165394,0.0,0.001193178,0.0,2.1964311599731445e-05,2.1785497665405277e-05,1458.0,1352.0
1650165395,0.0,6.44535e-05,0.0,2.1964311599731445e-05,2.1785497665405277e-05,0.0,358.5
1650165396,0.0,0.00147667,0.0,2.1964311599731445e-05,2.1785497665405277e-05,1586.0,1376.0
1650165397,0.0,0.000673764,0.0,2.1964311599731445e-05,2.1785497665405277e-05,730.0,643.0
1650165398,0.0,0.000673764,0.0,2.1964311599731445e-05,2.1785497665405277e-05,730.0,643.0
1650165399,0.0,0.00044351,0.0,2.1964311599731445e-05,2.1785497665405277e-05,494.5,371.5
1650165400,0.0,0.001325822,0.0,2.1785497665405277e-05,2.16066837310791e-05,1331.0,1186.0
1650165401,0.0,0.001325822,0.0,2.1785497665405277e-05,2.16066837310791e-05,1331.0,1186.0
1650165402,0.0,0.000405409,0.0,2.1785497665405277e-05,2.16066837310791e-05,501.0,391.5
1650165403,0.0,0.000405409,0.0,2.1785497665405277e-05,2.16066837310791e-05,501.0,391.5
1650165404,0.0,0.0007036395,0.0,2.1964311599731445e-05,2.1785497665405277e-05,798.5,1324.5
1650165405,0.0,0.001303302,0.0,2.1964311599731445e-05,2.1785497665405277e-05,1371.0,1131.0
1650165406,0.0,0.001303302,0.0,2.1964311599731445e-05,2.1785497665405277e-05,1371.0,1131.0
1650165407,0.0,0.0,0.0,2.1964311599731445e-05,2.1785497665405277e-05,0.0,0.0
1650165408,0.0,0.0,0.0,2.1964311599731445e-05,2.1785497665405277e-05,0.0,0.0
1650165409,0.0,0.0,0.0,2.1964311599731445e-05,2.1785497665405277e-05,0.0,0.0
1650165410,0.0,0.0,0.0,2.1964311599731445e-05,2.1785497665405277e-05,0.0,0.0
1650165411,0.0,0.0003294125,0.0,2.1964311599731445e-05,2.1785497665405277e-05,429.0,346.5
1650165412,0.0,0.000176557,0.0,2.1964311599731445e-05,2.1785497665405277e-05,259.0,100.0
1650165413,0.0,0.000176557,0.0,2.1964311599731445e-05,2.1785497665405277e-05,259.0,100.0
1650165414,0.0,0.0013724645,0.0,2.1964311599731445e-05,2.1785497665405277e-05,1471.5,1746.0
1650165415,0.0,0.0013724645,0.0,2.1964311599731445e-05,2.1785497665405277e-05,1471.5,1746.0
1650165416,0.0,0.00084131,0.0,2.1964311599731445e-05,2.1785497665405277e-05,1158.0,1108.5
1650165417,0.0,0.00117467,0.0,2.1964311599731445e-05,2.1785497665405277e-05,1460.0,1352.0
1650165418,0.0,0.001534428,0.0,2.1964311599731445e-05,2.1785497665405277e-05,2190.0,1929.0
1650165419,0.0,0.001534428,0.0,2.1964311599731445e-05,2.1785497665405277e-05,2190.0,1929.0
1650165420,0.0,0.000686351,0.0,2.1964311599731445e-05,2.1785497665405277e-05,880.5,714.0
1650165421,0.0,0.000972858,0.0,2.1964311599731445e-05,2.1785497665405277e-05,1200.0,1186.0
1650165422,0.0,0.000972858,0.0,2.1964311599731445e-05,2.1785497665405277e-05,1200.0,1186.0
1650165423,0.0,0.0001002,0.0,2.1964311599731445e-05,2.1785497665405277e-05,129.0,50.0
1650165424,0.0,0.00090499,0.0,2.16066837310791e-05,2.142786979675293e-05,993.0,1456.0
1650165425,0.0,0.00090499,0.0,2.16066837310791e-05,2.142786979675293e-05,993.0,1456.0
1650165426,0.0,0.000816949,0.0,2.1964311599731445e-05,2.1785497665405277e-05,933.0,861.0
1650165427,0.0,0.000816949,0.0,2.1964311599731445e-05,2.1785497665405277e-05,933.0,861.0
1650165428,0.0,0.000279304,0.0,2.1964311599731445e-05,2.1785497665405277e-05,494.5,470.5
1650165429,0.0,0.000279304,0.0,2.1964311599731445e-05,2.1785497665405277e-05,494.5,470.5
1650165430,0.0,0.0005535265,0.0,2.1964311599731445e-05,2.1785497665405277e-05,728.0,709.0
1650165431,0.0,0.0005535265,0.0,2.1964311599731445e-05,2.1785497665405277e-05,728.0,709.0
1650165432,0.0,0.000792892,0.0,2.1964311599731445e-05,2.1785497665405277e-05,965.0,914.5
1650165433,0.0,0.000792892,0.0,2.1964311599731445e-05,2.1785497665405277e-05,965.0,914.5
1650165434,0.0,0.000533851,0.0,2.1964311599731445e-05,2.1785497665405277e-05,728.5,944.5
1650165435,0.0,0.000967752,0.0,2.1964311599731445e-05,2.1785497665405277e-05,1374.0,933.0
1650165436,0.0,0.000967752,0.0,2.1964311599731445e-05,2.1785497665405277e-05,1374.0,933.0
1650165437,0.0,0.000398183,0.0,2.16066837310791e-05,2.142786979675293e-05,497.0,321.5
1650165438,0.0,0.000398183,0.0,2.16066837310791e-05,2.142786979675293e-05,497.0,321.5
1650165439,0.0,0.0001836635,0.0,2.1785497665405277e-05,2.16066837310791e-05,199.5,120.0
1650165440,0.0,0.0,0.0,2.1785497665405277e-05,2.16066837310791e-05,0.0,0.0
1650165441,0.0,0.0,0.0,2.1785497665405277e-05,2.16066837310791e-05,0.0,0.0
1650165442,0.0,0.0,0.0,2.1785497665405277e-05,2.16066837310791e-05,0.0,0.0
1650165443,0.0,0.0003055516666666,0.0,2.1964311599731445e-05,2.1785497665405277e-05,376.3333333333333,338.3333333333333
1650165444,0.0,0.0003055516666666,0.0,2.1964311599731445e-05,2.1785497665405277e-05,376.3333333333333,338.3333333333333
1650165445,0.0,0.0004940195,0.0,2.1964311599731445e-05,2.1785497665405277e-05,428.0,595.0
1650165446,0.0,0.001529187,0.0,2.1964311599731445e-05,2.1785497665405277e-05,1929.0,2027.0
1650165447,0.0,0.001529187,0.0,2.1964311599731445e-05,2.1785497665405277e-05,1929.0,2027.0
1650165448,0.0,0.0002556925,0.0,2.1964311599731445e-05,2.1785497665405277e-05,365.0,321.5
1650165449,0.0,0.0002556925,0.0,2.1964311599731445e-05,2.1785497665405277e-05,365.0,321.5
1650165450,0.0,0.00091501,0.0,2.1964311599731445e-05,2.1785497665405277e-05,1252.0,1055.5
1650165451,0.0,0.002457955,0.01,2.1964311599731445e-05,2.1785497665405277e-05,3388.0,3313.0
1650165452,0.0,0.002457955,0.01,2.1964311599731445e-05,2.1785497665405277e-05,3388.0,3313.0
1650165453,0.0,0.0006401245,0.0,2.1964311599731445e-05,2.1785497665405277e-05,865.5,713.0
1650165454,0.0,0.001555989,0.0,2.1964311599731445e-05,2.1785497665405277e-05,2190.0,3154.0
1650165455,0.0,0.001555989,0.0,2.1964311599731445e-05,2.1785497665405277e-05,2190.0,3154.0
1650165456,0.0,0.0011461015,0.0,2.1964311599731445e-05,2.1785497665405277e-05,1651.5,1381.0
1650165457,0.0,0.00092184,0.0,2.1964311599731445e-05,2.1785497665405277e-05,1458.0,1286.0
1650165458,0.0,0.00092184,0.0,2.1964311599731445e-05,2.1785497665405277e-05,1458.0,1286.0
1650165459,0.0,0.000982676,0.0,2.1964311599731445e-05,2.1785497665405277e-05,1329.0,1236.0
1650165460,0.0,0.000982676,0.0,2.1964311599731445e-05,2.1785497665405277e-05,1329.0,1236.0
1650165461,0.0,0.001182817,0.0,2.1964311599731445e-05,2.1785497665405277e-05,1595.5,1422.0
1650165462,0.0,0.002600998,0.0,2.1964311599731445e-05,2.1785497665405277e-05,3647.0,3281.0
1650165463,0.0,0.002414406,0.0,2.1964311599731445e-05,2.1785497665405277e-05,3189.0,2844.0
1650165464,0.0,0.002414406,0.0,2.1964311599731445e-05,2.1785497665405277e-05,3189.0,2844.0
1650165465,0.0,0.000693467,0.0,2.1964311599731445e-05,2.1785497665405277e-05,730.0,1471.0
1650165466,0.0,0.000693467,0.0,2.1964311599731445e-05,2.1785497665405277e-05,730.0,1471.0
1650165467,0.0,0.000937421,0.0,2.1964311599731445e-05,2.1785497665405277e-05,1287.0,1059.5
1650165468,0.0,0.000571779,0.0,2.1964311599731445e-05,2.1785497665405277e-05,728.0,643.0
1650165469,0.0,0.000459297,0.0,2.1964311599731445e-05,2.1785497665405277e-05,730.0,643.0
1650165470,0.0,0.002004378,0.0,2.1964311599731445e-05,2.1785497665405277e-05,2917.0,2572.0
1650165471,0.0,0.002004378,0.0,2.1964311599731445e-05,2.1785497665405277e-05,2917.0,2572.0
1650165472,0.0,0.000890549,0.0,2.1964311599731445e-05,2.1785497665405277e-05,1230.5,1067.5
1650165473,0.0,0.001099445,0.0,2.1785497665405277e-05,2.16066837310791e-05,1592.0,1418.0
1650165474,0.0,0.001099445,0.0,2.1785497665405277e-05,2.16066837310791e-05,1592.0,1418.0
1650165475,0.0,0.000708823,0.0,2.1964311599731445e-05,2.1785497665405277e-05,800.0,1159.0
1650165476,0.0,0.000770454,0.0,2.1964311599731445e-05,2.1785497665405277e-05,1114.0,899.0
1650165477,0.0,0.001030609,0.0,2.1964311599731445e-05,2.1785497665405277e-05,1459.0,1352.0
1650165478,0.0,0.001767762,0.0,2.1964311599731445e-05,2.1785497665405277e-05,2919.0,2572.0
1650165479,0.0,0.000823936,0.0,2.1964311599731445e-05,2.1785497665405277e-05,1502.0,1328.0
1650165480,0.0,0.000823936,0.0,2.1964311599731445e-05,2.1785497665405277e-05,1502.0,1328.0
1650165481,0.0,0.000176759,0.0,2.1964311599731445e-05,2.1785497665405277e-05,365.0,321.5
1650165482,0.0,0.002292524,0.0,2.1964311599731445e-05,2.1785497665405277e-05,3189.0,2778.0
1650165483,0.0,0.002292524,0.0,2.1964311599731445e-05,2.1785497665405277e-05,3189.0,2778.0
1650165484,0.0,0.0008372855,0.0,2.1845102310180664e-05,2.166628837585449e-05,1160.5,1437.0
1650165485,0.0,0.000840625,0.0,2.1964311599731445e-05,2.1785497665405277e-05,1255.0,973.0
1650165486,0.0,0.000840625,0.0,2.1964311599731445e-05,2.1785497665405277e-05,1255.0,973.0
1650165487,0.0,0.000450754,0.0,2.1964311599731445e-05,2.1785497665405277e-05,729.5,709.0
1650165488,0.0,0.001368789,0.0,2.1964311599731445e-05,2.1785497665405277e-05,2190.0,1995.0
1650165489,0.0,0.001368789,0.0,2.1964311599731445e-05,2.1785497665405277e-05,2190.0,1995.0
1650165490,0.0,0.0009107705,0.0,2.1964311599731445e-05,2.1785497665405277e-05,1459.5,1286.0
1650165491,0.0,0.0009107705,0.0,2.1964311599731445e-05,2.1785497665405277e-05,1459.5,1286.0
1650165492,0.0,0.0004310635,0.0,2.1964311599731445e-05,2.1785497665405277e-05,730.0,643.0
1650165493,0.0,0.002029994,0.01,2.1964311599731445e-05,2.1785497665405277e-05,3190.0,2712.0
1650165494,0.0,0.001369098,0.0,2.1964311599731445e-05,2.1785497665405277e-05,1458.0,2455.0
1650165495,0.0,0.001369098,0.0,2.1964311599731445e-05,2.1785497665405277e-05,1458.0,2455.0
1650165496,0.0,0.000745119,0.0,2.1964311599731445e-05,2.1785497665405277e-05,1057.5,841.0
1650165497,0.0,0.000745119,0.0,2.1964311599731445e-05,2.1785497665405277e-05,1057.5,841.0
1650165498,0.0,0.000422093,0.0,2.1964311599731445e-05,2.1785497665405277e-05,730.0,709.0
1650165499,0.0,0.000422093,0.0,2.1964311599731445e-05,2.1785497665405277e-05,730.0,709.0
1650165500,0.005,0.0004529875,0.0,2.1964311599731445e-05,2.1785497665405277e-05,729.5,676.0
1650165501,0.0,0.001252782,0.0,2.1964311599731445e-05,2.1785497665405277e-05,2188.0,1929.0
1650165502,0.0,0.001252782,0.0,2.1964311599731445e-05,2.1785497665405277e-05,2188.0,1929.0
1650165503,0.0,0.000643367,0.0,2.1964311599731445e-05,2.1785497665405277e-05,1095.0,964.5
1650165504,0.0,0.000643367,0.0,2.1964311599731445e-05,2.1785497665405277e-05,1095.0,964.5
1650165505,0.0,0.00073012,0.0,2.1964311599731445e-05,2.1785497665405277e-05,1058.0,1597.5
1650165506,0.0,0.00073012,0.0,2.1964311599731445e-05,2.1785497665405277e-05,1058.0,1597.5
1650165507,0.0,0.0005370505,0.0,2.1785497665405277e-05,2.16066837310791e-05,795.0,709.0
1650165508,0.0,0.001426581,0.0,2.1964311599731445e-05,2.1785497665405277e-05,2327.0,2267.0
1650165509,0.0,0.001426581,0.0,2.1964311599731445e-05,2.1785497665405277e-05,2327.0,2267.0
1650165510,0.0,0.000639109,0.0,2.1964311599731445e-05,2.1785497665405277e-05,1115.0,1018.5
1650165511,0.0,0.00050549,0.0,2.1964311599731445e-05,2.1785497665405277e-05,730.0,643.0
1650165512,0.0,0.000821721,0.0,2.1964311599731445e-05,2.1785497665405277e-05,1458.0,1286.0
1650165513,0.0,0.000821721,0.0,2.1964311599731445e-05,2.1785497665405277e-05,1458.0,1286.0
1650165514,0.0,0.000732605,0.0,2.1964311599731445e-05,2.1785497665405277e-05,1095.0,1526.0
1650165515,0.0,0.000732605,0.0,2.1964311599731445e-05,2.1785497665405277e-05,1095.0,1526.0
1650165516,0.0,0.0010566285,0.0,2.1964311599731445e-05,2.1785497665405277e-05,1788.0,1451.0
1650165517,0.0,0.000969205,0.0,2.1785497665405277e-05,2.16066837310791e-05,1591.0,1418.0
1650165518,0.0,0.000969205,0.0,2.1785497665405277e-05,2.16066837310791e-05,1591.0,1418.0
1650165519,0.0,0.0004911345,0.0,2.1964311599731445e-05,2.1785497665405277e-05,799.5,779.0
1650165520,0.0,0.000380283,0.0,2.1964311599731445e-05,2.1785497665405277e-05,729.0,709.0
1650165521,0.0,0.000407144,0.0,2.1964311599731445e-05,2.1785497665405277e-05,730.0,709.0
1650165522,0.0,0.000407144,0.0,2.1964311599731445e-05,2.1785497665405277e-05,730.0,709.0
1650165523,0.0,0.000432165,0.0,2.1964311599731445e-05,2.1785497665405277e-05,730.0,643.0
1650165524,0.01,0.001096231,0.0,2.1964311599731445e-05,2.1785497665405277e-05,1458.0,2625.0
1650165525,0.0,0.001042828,0.0,2.1964311599731445e-05,2.1785497665405277e-05,1845.0,1476.0
1650165526,0.0,0.001042828,0.0,2.1964311599731445e-05,2.1785497665405277e-05,1845.0,1476.0
1650165527,0.0,0.0007422985,0.0,2.1785497665405277e-05,2.16066837310791e-05,1161.0,964.5
1650165528,0.0,0.0007422985,0.0,2.1785497665405277e-05,2.16066837310791e-05,1161.0,964.5
1650165529,0.0,0.001194813,0.0,2.1964311599731445e-05,2.1785497665405277e-05,2030.5,1879.5
1650165530,0.0,0.001194813,0.0,2.1964311599731445e-05,2.1785497665405277e-05,2030.5,1879.5
1650165531,0.0,0.0006471125,0.0,2.1964311599731445e-05,2.1785497665405277e-05,1091.5,1030.5
1650165532,0.0,0.000523501,0.0,2.1964311599731445e-05,2.1785497665405277e-05,730.0,643.0
1650165533,0.0,0.000523501,0.0,2.1964311599731445e-05,2.1785497665405277e-05,730.0,643.0
1650165534,0.0,0.0009865285,0.0,2.1964311599731445e-05,2.1785497665405277e-05,1459.5,2304.5
1650165535,0.0,0.0009865285,0.0,2.1964311599731445e-05,2.1785497665405277e-05,1459.5,2304.5
1650165536,0.0,0.001207861,0.0,2.1964311599731445e-05,2.1785497665405277e-05,2016.5,1702.5
1650165537,0.0,0.001006191,0.01,2.1964311599731445e-05,2.1785497665405277e-05,1458.0,1286.0
1650165538,0.01,0.001687601,0.0,2.1964311599731445e-05,2.1785497665405277e-05,2461.0,2069.0
1650165539,0.01,0.001687601,0.0,2.1964311599731445e-05,2.1785497665405277e-05,2461.0,2069.0
1650165540,0.0,0.00070817,0.0,2.1964311599731445e-05,2.1785497665405277e-05,1252.0,1187.5
1650165541,0.0,0.00036273,0.0,2.1964311599731445e-05,2.1785497665405277e-05,730.0,709.0
1650165542,0.0,0.000960209,0.0,2.1964311599731445e-05,2.1785497665405277e-05,1460.0,1352.0
1650165543,0.0,0.000960209,0.0,2.1964311599731445e-05,2.1785497665405277e-05,1460.0,1352.0
1650165544,0.0,0.001402121,0.0,2.1964311599731445e-05,2.1785497665405277e-05,2189.5,2549.5
1650165545,0.0,0.001402121,0.0,2.1964311599731445e-05,2.1785497665405277e-05,2189.5,2549.5
1650165546,0.0,0.0005445405,0.0,2.1964311599731445e-05,2.1785497665405277e-05,922.0,738.0
1650165547,0.0,0.001315044,0.0,2.1964311599731445e-05,2.1785497665405277e-05,2188.0,1929.0
1650165548,0.0,0.000413296,0.0,2.1964311599731445e-05,2.1785497665405277e-05,730.0,643.0
1650165549,0.0,0.001324636,0.0,2.1785497665405277e-05,2.16066837310791e-05,2321.0,1929.0
1650165550,0.0,0.001959626,0.0,2.1964311599731445e-05,2.1785497665405277e-05,3331.0,3182.0
1650165551,0.0,0.001959626,0.0,2.1964311599731445e-05,2.1785497665405277e-05,3331.0,3182.0
1650165552,0.0,0.000460411,0.0,2.1964311599731445e-05,2.1785497665405277e-05,729.0,676.0
1650165553,0.0,0.000640927,0.0,2.1964311599731445e-05,2.1785497665405277e-05,730.0,643.0
1650165554,0.0,0.000640927,0.0,2.1964311599731445e-05,2.1785497665405277e-05,730.0,643.0
1650165555,0.0,0.000728113,0.0,2.1964311599731445e-05,2.1785497665405277e-05,1095.0,1869.0
1650165556,0.0,0.000728113,0.0,2.1964311599731445e-05,2.1785497665405277e-05,1095.0,1869.0
1650165557,0.0,0.0007626115,0.0,2.1964311599731445e-05,2.1785497665405277e-05,1287.0,1059.5
1650165558,0.0,0.0007626115,0.0,2.1964311599731445e-05,2.1785497665405277e-05,1287.0,1059.5
1650165559,0.005,0.0005722045,0.005,2.1964311599731445e-05,2.1785497665405277e-05,1095.0,964.5
1650165560,0.0,0.00090494,0.0,2.1785497665405277e-05,2.16066837310791e-05,1592.0,1286.0
1650165561,0.0,0.001603372,0.0,2.1964311599731445e-05,2.1785497665405277e-05,2601.0,2341.0
1650165562,0.0,0.001603372,0.0,2.1964311599731445e-05,2.1785497665405277e-05,2601.0,2341.0
1650165563,0.0,0.0004073935,0.0,2.1964311599731445e-05,2.1785497665405277e-05,730.0,742.0
1650165564,0.0,0.000445373,0.0,2.1964311599731445e-05,2.1785497665405277e-05,729.0,1100.0
1650165565,0.0,0.000445373,0.0,2.1964311599731445e-05,2.1785497665405277e-05,729.0,1100.0
1650165566,0.0,0.0008948975,0.0,2.1964311599731445e-05,2.1785497665405277e-05,1718.0,1447.0
1650165567,0.0,0.000345728,0.0,2.1964311599731445e-05,2.1785497665405277e-05,730.0,643.0
1650165568,0.0,0.000345728,0.0,2.1964311599731445e-05,2.1785497665405277e-05,730.0,643.0
1650165569,0.0,0.000464406,0.0,2.1964311599731445e-05,2.1785497665405277e-05,751.0,664.0
1650165570,0.0,0.000940672,0.0,2.1964311599731445e-05,2.1785497665405277e-05,1460.0,1286.0
1650165571,0.0,0.001090352,0.0,2.1964311599731445e-05,2.1785497665405277e-05,1730.0,1426.0
1650165572,0.0,0.001090352,0.0,2.1964311599731445e-05,2.1785497665405277e-05,1730.0,1426.0
1650165573,0.0,0.0007493125,0.0,2.1964311599731445e-05,2.1785497665405277e-05,1231.0,1166.5
1650165574,0.0,0.000861073,0.0,2.1964311599731445e-05,2.1785497665405277e-05,1460.0,2235.0
1650165575,0.0,0.000861073,0.0,2.1964311599731445e-05,2.1785497665405277e-05,1460.0,2235.0
1650165576,0.0,0.000605349,0.0,2.1964311599731445e-05,2.1785497665405277e-05,921.5,738.0
1650165577,0.0,0.000356804,0.0,2.1964311599731445e-05,2.1785497665405277e-05,730.0,643.0
1650165578,0.0,0.0008266,0.0,2.1964311599731445e-05,2.1785497665405277e-05,1458.0,1286.0
1650165579,0.0,0.000867145,0.0,2.1964311599731445e-05,2.1785497665405277e-05,1460.0,1286.0
1650165580,0.0,0.000867145,0.0,2.1964311599731445e-05,2.1785497665405277e-05,1460.0,1286.0
1650165581,0.0,0.0003992675,0.0,2.1964311599731445e-05,2.1785497665405277e-05,729.5,643.0
1650165582,0.0,0.001161103,0.0,2.1964311599731445e-05,2.1785497665405277e-05,1732.0,1426.0
1650165583,0.0,0.001161103,0.0,2.1964311599731445e-05,2.1785497665405277e-05,1732.0,1426.0
1650165584,0.0,0.0005999535,0.0,2.1964311599731445e-05,2.1785497665405277e-05,865.5,1502.0
1650165585,0.0,0.0005999535,0.0,2.1964311599731445e-05,2.1785497665405277e-05,865.5,1502.0
1650165586,0.0,0.000740242,0.0,2.1964311599731445e-05,2.1785497665405277e-05,1287.0,1191.5
1650165587,0.01,0.000965324,0.01,2.1964311599731445e-05,2.1785497665405277e-05,1460.0,1286.0
1650165588,0.0,0.001757449,0.0,2.1964311599731445e-05,2.1785497665405277e-05,2919.0,2572.0
1650165589,0.0,0.001757449,0.0,2.1964311599731445e-05,2.1785497665405277e-05,2919.0,2572.0
1650165590,0.0,0.0008759355,0.0,2.1964311599731445e-05,2.1785497665405277e-05,1460.0,1286.0
1650165591,0.0,0.0008759355,0.0,2.1964311599731445e-05,2.1785497665405277e-05,1460.0,1286.0
1650165592,0.0,0.000717878,0.0,2.1964311599731445e-05,2.1785497665405277e-05,1093.5,964.5
1650165593,0.0,0.000884962,0.0,2.1845102310180664e-05,2.166628837585449e-05,1590.0,1286.0
1650165594,0.0,0.000884962,0.0,2.1845102310180664e-05,2.166628837585449e-05,1590.0,1286.0
1650165595,0.0,0.000797734,0.0,2.1964311599731445e-05,2.1785497665405277e-05,1128.5,1767.0
1650165596,0.0,0.000825651,0.0,2.1964311599731445e-05,2.1785497665405277e-05,1458.0,1550.0
1650165597,0.0,0.000825651,0.0,2.1964311599731445e-05,2.1785497665405277e-05,1458.0,1550.0
1650165598,0.0,0.0008897115,0.0,2.1964311599731445e-05,2.1785497665405277e-05,1460.0,1319.0
1650165599,0.0,0.001390869,0.0,2.1964311599731445e-05,2.1785497665405277e-05,2230.0,1971.0
1650165600,0.0,0.001390869,0.0,2.1964311599731445e-05,2.1785497665405277e-05,2230.0,1971.0
1650165601,0.0,0.0007881635,0.0,2.1964311599731445e-05,2.1785497665405277e-05,1094.5,964.5
1650165602,0.0,0.0007881635,0.0,2.1964311599731445e-05,2.1785497665405277e-05,1094.5,964.5
1650165603,0.0,0.0006207545,0.0,2.1964311599731445e-05,2.1785497665405277e-05,730.0,643.0
1650165604,0.0,0.002082597,0.0,2.1785497665405277e-05,2.16066837310791e-05,2321.0,3525.0
1650165605,0.0,0.002082597,0.0,2.1785497665405277e-05,2.16066837310791e-05,2321.0,3525.0
1650165606,0.0,0.000953986,0.0,2.1964311599731445e-05,2.1785497665405277e-05,1127.0,911.0
1650165607,0.0,0.001028664,0.0,2.1964311599731445e-05,2.1785497665405277e-05,1460.0,1550.0
1650165608,0.0,0.000536725,0.0,2.1964311599731445e-05,2.1785497665405277e-05,730.0,709.0
1650165609,0.0,0.000536725,0.0,2.1964311599731445e-05,2.1785497665405277e-05,730.0,709.0
1650165610,0.0,0.000738184,0.0,2.1964311599731445e-05,2.1785497665405277e-05,1095.0,964.5
1650165611,0.0,0.001232098,0.0,2.1964311599731445e-05,2.1785497665405277e-05,1718.0,1386.0
1650165612,0.0,0.001232098,0.0,2.1964311599731445e-05,2.1785497665405277e-05,1718.0,1386.0
1650165613,0.005,0.00121557,0.0,2.1964311599731445e-05,2.1785497665405277e-05,1695.5,1557.5
1650165614,0.0,0.000798158,0.0,2.1964311599731445e-05,2.1785497665405277e-05,729.0,1977.0
1650165615,0.0,0.000798158,0.0,2.1964311599731445e-05,2.1785497665405277e-05,729.0,1977.0
1650165616,0.0,0.0010327515,0.0,2.1785497665405277e-05,2.16066837310791e-05,1352.5,1059.5
1650165617,0.0,0.0010327515,0.0,2.1785497665405277e-05,2.16066837310791e-05,1352.5,1059.5
1650165618,0.0,0.000773273,0.0,2.1964311599731445e-05,2.1785497665405277e-05,935.5,816.0
1650165619,0.0,0.001148372,0.0,2.1964311599731445e-05,2.1785497665405277e-05,1460.0,1550.0
1650165620,0.0,0.001016563,0.0,2.1964311599731445e-05,2.1785497665405277e-05,1459.0,1352.0
1650165621,0.0,0.001016563,0.0,2.1964311599731445e-05,2.1785497665405277e-05,1459.0,1352.0
1650165622,0.0,0.0,0.0,2.1964311599731445e-05,2.1785497665405277e-05,0.0,0.0
1650165623,0.0,0.0,0.0,2.1964311599731445e-05,2.1785497665405277e-05,0.0,0.0
1650165624,0.0,0.0,0.0,2.1964311599731445e-05,2.1785497665405277e-05,0.0,0.0
1650165625,0.0,4.3599333333333335e-05,0.0,2.1964311599731445e-05,2.1785497665405277e-05,0.0,345.0
1650165626,0.0,0.000247565,0.0,2.1964311599731445e-05,2.1785497665405277e-05,385.0,190.0
1650165627,0.0,0.000247565,0.0,2.1964311599731445e-05,2.1785497665405277e-05,385.0,190.0
1650165628,0.0,0.0,0.0,2.1964311599731445e-05,2.1785497665405277e-05,0.0,0.0
1650165629,0.0,0.0,0.0,2.1964311599731445e-05,2.1785497665405277e-05,0.0,0.0
1650165630,0.0,0.0,0.0,2.1964311599731445e-05,2.1785497665405277e-05,21.0,21.0
1650165631,0.0,0.0,0.0,2.1964311599731445e-05,2.1785497665405277e-05,21.0,21.0
1650165632,0.0,0.0,0.0,2.1964311599731445e-05,2.1785497665405277e-05,0.0,0.0
1650165633,0.0,0.0,0.0,2.1964311599731445e-05,2.1785497665405277e-05,0.0,0.0
1650165634,0.0,0.0,0.0,2.1964311599731445e-05,2.1785497665405277e-05,0.0,0.0
1650165635,0.0,0.0001010873333333,0.0,2.1964311599731445e-05,2.1785497665405277e-05,128.33333333333334,63.333333333333336
1650165636,0.0,0.0001010873333333,0.0,2.1964311599731445e-05,2.1785497665405277e-05,128.33333333333334,63.333333333333336
1650165637,0.0,0.0,0.0,2.1964311599731445e-05,2.1785497665405277e-05,0.0,0.0
1650165638,0.0,0.0,0.0,2.1964311599731445e-05,2.1785497665405277e-05,0.0,0.0
1650165639,0.0,0.0,0.0,2.1964311599731445e-05,2.1785497665405277e-05,0.0,0.0
1650165640,0.0,0.0,0.0,2.1964311599731445e-05,2.1785497665405277e-05,0.0,0.0
1650165641,0.0,0.0,0.0,2.1964311599731445e-05,2.1785497665405277e-05,0.0,0.0
1650165642,0.0,0.0,0.0,2.1964311599731445e-05,2.1785497665405277e-05,0.0,0.0
1650165643,0.0,0.0,0.0,2.1964311599731445e-05,2.1785497665405277e-05,0.0,0.0
1650165644,0.0,9.3545e-06,0.0,2.1964311599731445e-05,2.1785497665405277e-05,0.0,0.0
1650165645,0.0,0.0003627,0.0,2.1964311599731445e-05,2.1785497665405277e-05,385.0,190.0
1650165646,0.0,0.0,0.0,2.1964311599731445e-05,2.1785497665405277e-05,0.0,0.0
1650165647,0.0,0.0,0.0,2.1964311599731445e-05,2.1785497665405277e-05,0.0,0.0
1650165648,0.0,0.0,0.0,2.1964311599731445e-05,2.1785497665405277e-05,0.0,0.0
1650165649,0.0,0.0,0.0,2.1964311599731445e-05,2.1785497665405277e-05,0.0,0.0
1650165650,0.0,0.0,0.0,2.1964311599731445e-05,2.1785497665405277e-05,33.0,33.0
1650165651,0.0,0.0,0.0,2.1964311599731445e-05,2.1785497665405277e-05,33.0,33.0
1650165652,0.0,0.0,0.0,2.1964311599731445e-05,2.1785497665405277e-05,0.0,0.0
1650165653,0.0,0.0,0.0,2.1964311599731445e-05,2.1785497665405277e-05,0.0,0.0
1650165654,0.0,0.0,0.0,2.1964311599731445e-05,2.1785497665405277e-05,0.0,0.0
1650165655,0.0,0.0,0.0,2.1964311599731445e-05,2.1785497665405277e-05,0.0,0.0
1650165656,0.0,9.41085e-05,0.0,2.1964311599731445e-05,2.1785497665405277e-05,96.25,47.5
1650165657,0.0,0.0,0.0,2.1964311599731445e-05,2.1785497665405277e-05,0.0,0.0
1650165658,0.0,0.0,0.0,2.1964311599731445e-05,2.1785497665405277e-05,0.0,0.0
1650165659,0.0,0.0,0.0,2.1964311599731445e-05,2.1785497665405277e-05,0.0,0.0
1650165660,0.0,0.0,0.0,2.1964311599731445e-05,2.1785497665405277e-05,0.0,0.0
1650165661,0.0,0.0,0.0,2.1964311599731445e-05,2.1785497665405277e-05,0.0,0.0
1650165662,0.0,0.0,0.0,2.1964311599731445e-05,2.1785497665405277e-05,0.0,0.0
1650165663,0.0,0.0,0.0,2.1964311599731445e-05,2.1785497665405277e-05,0.0,0.0
1650165664,0.0,0.0,0.0,2.1964311599731445e-05,2.1785497665405277e-05,0.0,0.0
1650165665,0.0,0.0,0.0,2.1964311599731445e-05,2.1785497665405277e-05,0.0,0.0
1650165666,0.0,0.0,0.0,2.1964311599731445e-05,2.1785497665405277e-05,0.0,0.0
1650165667,0.0,0.0,0.0,2.1964311599731445e-05,2.1785497665405277e-05,0.0,0.0
1650165668,0.0,4.1718625e-05,0.0,2.1964311599731445e-05,2.1785497665405277e-05,48.125,23.75
1650165669,0.0,0.0,0.0,2.1964311599731445e-05,2.1785497665405277e-05,0.0,0.0
1650165670,0.0,0.0,0.0,2.1964311599731445e-05,2.1785497665405277e-05,0.0,0.0
1650165671,0.0,0.0,0.0,2.1964311599731445e-05,2.1785497665405277e-05,0.0,0.0
1650165672,0.0,0.0,0.0,2.1964311599731445e-05,2.1785497665405277e-05,0.0,0.0
1650165673,0.0,0.0,0.0,2.1964311599731445e-05,2.1785497665405277e-05,0.0,0.0
1650165674,0.0,0.0,0.0,2.1964311599731445e-05,2.1785497665405277e-05,0.0,0.0
1650165675,0.0,0.0,0.0,2.1964311599731445e-05,2.1785497665405277e-05,0.0,0.0
1650165676,0.0,0.0,0.0,2.1964311599731445e-05,2.1785497665405277e-05,0.0,0.0
1650165677,0.0,6.140240000000001e-05,0.0,2.1964311599731445e-05,2.1785497665405277e-05,77.0,38.0
1650165678,0.0,6.140240000000001e-05,0.0,2.1964311599731445e-05,2.1785497665405277e-05,77.0,38.0
1650165679,0.0,0.0,0.0,2.1964311599731445e-05,2.1785497665405277e-05,0.0,0.0
1650165680,0.0,0.0,0.0,2.1964311599731445e-05,2.1785497665405277e-05,0.0,0.0
1650165681,0.0,0.0,0.0,2.1964311599731445e-05,2.1785497665405277e-05,0.0,0.0
1650165682,0.0,0.0,0.0,2.1964311599731445e-05,2.1785497665405277e-05,0.0,0.0
1650165683,0.0,0.0,0.0,2.1964311599731445e-05,2.1785497665405277e-05,0.0,0.0
1650165684,0.0,0.0,0.0,2.1964311599731445e-05,2.1785497665405277e-05,0.0,0.0
1650165685,0.0,0.0,0.0,2.1964311599731445e-05,2.1785497665405277e-05,0.0,0.0
1650165686,0.0,0.0,0.0,2.1964311599731445e-05,2.1785497665405277e-05,0.0,0.0
1650165687,0.0,0.0,0.0,2.1964311599731445e-05,2.1785497665405277e-05,0.0,0.0
1650165688,0.0,0.0,0.0,2.1964311599731445e-05,2.1785497665405277e-05,0.0,0.0
1650165689,0.0,4.246571428571428e-05,0.0,2.1964311599731445e-05,2.1785497665405277e-05,55.0,27.142857142857142
1650165690,0.0,4.246571428571428e-05,0.0,2.1964311599731445e-05,2.1785497665405277e-05,55.0,27.142857142857142
1650165691,0.0,0.0,0.0,2.1964311599731445e-05,2.1785497665405277e-05,0.0,0.0
1650165692,0.0,0.0,0.0,2.1964311599731445e-05,2.1785497665405277e-05,0.0,0.0
1650165693,0.0,0.0,0.0,2.1964311599731445e-05,2.1785497665405277e-05,0.0,0.0
1650165694,0.0,0.0,0.0,2.1964311599731445e-05,2.1785497665405277e-05,0.0,0.0
1650165695,0.0,0.0,0.0,2.1964311599731445e-05,2.1785497665405277e-05,0.0,0.0
1650165696,0.0,0.0,0.0,2.1964311599731445e-05,2.1785497665405277e-05,0.0,0.0
1650165697,0.0,0.0,0.0,2.1964311599731445e-05,2.1785497665405277e-05,0.0,0.0
1650165698,0.0,0.0,0.0,2.1964311599731445e-05,2.1785497665405277e-05,0.0,0.0
1650165699,0.0,4.946916666666666e-05,0.0,2.1964311599731445e-05,2.1785497665405277e-05,64.16666666666667,31.666666666666668
1650165700,0.0,4.946916666666666e-05,0.0,2.1964311599731445e-05,2.1785497665405277e-05,64.16666666666667,31.666666666666668
1650165701,0.0,0.0,0.0,2.1964311599731445e-05,2.1785497665405277e-05,0.0,0.0
1650165702,0.0,0.0,0.0,2.1964311599731445e-05,2.1785497665405277e-05,0.0,0.0
1650165703,0.0,0.0,0.0,2.1964311599731445e-05,2.1785497665405277e-05,0.0,0.0
1650165704,0.0,1.2523666666666668e-05,0.0,2.1964311599731445e-05,2.1785497665405277e-05,0.0,0.0
1650165705,0.0,0.000258122,0.0,2.1964311599731445e-05,2.1785497665405277e-05,385.0,190.0
1650165706,0.0,0.000258122,0.0,2.1964311599731445e-05,2.1785497665405277e-05,385.0,190.0
1650165707,0.0,0.0,0.0,2.1964311599731445e-05,2.1785497665405277e-05,0.0,0.0
1650165708,0.0,0.0,0.0,2.1964311599731445e-05,2.1785497665405277e-05,0.0,0.0
1650165709,0.0,0.0,0.0,2.1964311599731445e-05,2.1785497665405277e-05,0.0,0.0
1650165710,0.0,0.0,0.0,2.1964311599731445e-05,2.1785497665405277e-05,0.0,0.0
1650165711,0.0,0.0,0.0,2.1964311599731445e-05,2.1785497665405277e-05,0.0,0.0
1650165712,0.0,0.0,0.0,2.1964311599731445e-05,2.1785497665405277e-05,0.0,0.0
1650165713,0.0,0.0,0.0,2.1964311599731445e-05,2.1785497665405277e-05,0.0,0.0
1650165714,0.0,1.198e-05,0.0,2.1964311599731445e-05,2.1785497665405277e-05,0.0,0.0
1650165715,0.0,0.000262318,0.0,2.1964311599731445e-05,2.1785497665405277e-05,385.0,190.0
1650165716,0.0,0.000262318,0.0,2.1964311599731445e-05,2.1785497665405277e-05,385.0,190.0
1650165717,0.0,0.0,0.0,2.1964311599731445e-05,2.1785497665405277e-05,0.0,0.0
1650165718,0.0,0.0,0.0,2.1964311599731445e-05,2.1785497665405277e-05,0.0,0.0
1650165719,0.0,0.0,0.0,2.1964311599731445e-05,2.1785497665405277e-05,0.0,0.0
1650165720,0.0,0.0,0.0,2.1964311599731445e-05,2.1785497665405277e-05,0.0,0.0
1650165721,0.0,0.0,0.0,2.1964311599731445e-05,2.1785497665405277e-05,0.0,0.0
1650165722,0.0,0.0,0.0,2.1964311599731445e-05,2.1785497665405277e-05,0.0,0.0
1650165723,0.0,0.0,0.0,2.1964311599731445e-05,2.1785497665405277e-05,0.0,0.0
1650165724,0.0,0.0,0.0,2.1964311599731445e-05,2.1785497665405277e-05,0.0,0.0
1650165725,0.0,0.0,0.0,2.1964311599731445e-05,2.1785497665405277e-05,0.0,0.0
1650165726,0.0,5.811083333333333e-05,0.0,2.1964311599731445e-05,2.1785497665405277e-05,64.16666666666667,31.666666666666668
1650165727,0.0,5.811083333333333e-05,0.0,2.1964311599731445e-05,2.1785497665405277e-05,64.16666666666667,31.666666666666668
1650165728,0.0,0.0,0.0,2.1964311599731445e-05,2.1785497665405277e-05,0.0,0.0
1650165729,0.0,0.0,0.0,2.1964311599731445e-05,2.1785497665405277e-05,0.0,0.0
1650165730,0.0,0.0,0.0,2.1964311599731445e-05,2.1785497665405277e-05,0.0,0.0
1650165731,0.0,0.0,0.0,2.1964311599731445e-05,2.1785497665405277e-05,0.0,0.0
1650165732,0.0,0.0,0.0,2.1964311599731445e-05,2.1785497665405277e-05,0.0,0.0
1650165733,0.0,0.0,0.0,2.1964311599731445e-05,2.1785497665405277e-05,0.0,0.0
1650165734,0.0,0.0,0.0,2.1964311599731445e-05,2.1785497665405277e-05,0.0,0.0
1650165735,0.0,0.0,0.0,2.1964311599731445e-05,2.1785497665405277e-05,0.0,0.0
1650165736,0.0,6.4229e-05,0.0,2.1964311599731445e-05,2.1785497665405277e-05,77.0,38.0
1650165737,0.0,0.0,0.0,2.1964311599731445e-05,2.1785497665405277e-05,0.0,0.0
1650165738,0.0,0.0,0.0,2.1964311599731445e-05,2.1785497665405277e-05,0.0,0.0
1650165739,0.0,0.0,0.0,2.1964311599731445e-05,2.1785497665405277e-05,0.0,0.0
1650165740,0.0,0.0,0.0,2.1964311599731445e-05,2.1785497665405277e-05,0.0,0.0
1650165741,0.0,0.0,0.0,2.1964311599731445e-05,2.1785497665405277e-05,0.0,0.0
1650165742,0.0,0.0,0.0,2.1964311599731445e-05,2.1785497665405277e-05,0.0,0.0
1650165743,0.0,0.0,0.0,2.1964311599731445e-05,2.1785497665405277e-05,0.0,0.0
1650165744,0.0,0.0,0.0,2.1964311599731445e-05,2.1785497665405277e-05,0.0,0.0
1650165745,0.0,0.0,0.0,2.1964311599731445e-05,2.1785497665405277e-05,0.0,0.0
1650165746,0.0,6.920683333333333e-05,0.0,2.1964311599731445e-05,2.1785497665405277e-05,64.16666666666667,31.666666666666668
1650165747,0.0,0.0,0.0,2.1964311599731445e-05,2.1785497665405277e-05,0.0,0.0
1650165748,0.0,0.0,0.0,2.1964311599731445e-05,2.1785497665405277e-05,0.0,0.0
1650165749,0.0,0.0,0.0,2.1964311599731445e-05,2.1785497665405277e-05,0.0,0.0
1650165750,0.0,0.0,0.0,2.1964311599731445e-05,2.1785497665405277e-05,0.0,0.0
1650165751,0.0,0.0,0.0,2.1964311599731445e-05,2.1785497665405277e-05,0.0,0.0
1650165752,0.0,0.0,0.0,2.1964311599731445e-05,2.1785497665405277e-05,0.0,0.0
1650165753,0.0,0.0,0.0,2.1964311599731445e-05,2.1785497665405277e-05,0.0,0.0
1650165754,0.0,0.0,0.0,2.1964311599731445e-05,2.1785497665405277e-05,0.0,0.0
1650165755,0.0,0.0006945695,0.0,2.1964311599731445e-05,2.1785497665405277e-05,884.8333333333334,833.8333333333334
1650165756,0.0,0.001520249,0.0,2.1964311599731445e-05,2.1785497665405277e-05,2188.0,1929.0
1650165757,0.0,0.000491065,0.0,2.1964311599731445e-05,2.1785497665405277e-05,730.0,643.0
1650165758,0.0,0.001003476,0.0,2.1964311599731445e-05,2.1785497665405277e-05,1460.0,1286.0
1650165759,0.0,0.001003476,0.0,2.1964311599731445e-05,2.1785497665405277e-05,1460.0,1286.0
1650165760,0.0,0.000830894,0.0,2.1964311599731445e-05,2.1785497665405277e-05,1116.0,985.5
1650165761,0.0,0.001505295,0.01,2.1964311599731445e-05,2.1785497665405277e-05,2190.0,1929.0
1650165762,0.0,0.001505295,0.01,2.1964311599731445e-05,2.1785497665405277e-05,2190.0,1929.0
1650165763,0.0,0.0010365255,0.0,2.1964311599731445e-05,2.1785497665405277e-05,1366.0,1104.5
1650165764,0.0,0.0010365255,0.0,2.1964311599731445e-05,2.1785497665405277e-05,1366.0,1104.5
1650165765,0.0,0.001274296,0.0,2.1964311599731445e-05,2.1785497665405277e-05,1652.0,2038.0
1650165766,0.0,0.000650034,0.0,2.1964311599731445e-05,2.1785497665405277e-05,729.0,643.0
1650165767,0.0,0.001001812,0.0,2.1964311599731445e-05,2.1785497665405277e-05,1459.0,1286.0
1650165768,0.0,0.002359997,0.0,2.1964311599731445e-05,2.1785497665405277e-05,3647.0,3215.0
1650165769,0.0,0.002359997,0.0,2.1964311599731445e-05,2.1785497665405277e-05,3647.0,3215.0
1650165770,0.0,0.0002339235,0.0,2.1964311599731445e-05,2.1785497665405277e-05,365.0,321.5
1650165771,0.0,0.001171185,0.0,2.1964311599731445e-05,2.1785497665405277e-05,1460.0,1286.0
1650165772,0.0,0.001171185,0.0,2.1964311599731445e-05,2.1785497665405277e-05,1460.0,1286.0
1650165773,0.0,0.0011104515,0.0,2.1964311599731445e-05,2.1785497665405277e-05,1460.0,1286.0
1650165774,0.0,0.001605946,0.0,2.1964311599731445e-05,2.1785497665405277e-05,2003.0,3474.0
1650165775,0.0,0.001605946,0.0,2.1964311599731445e-05,2.1785497665405277e-05,2003.0,3474.0
1650165776,0.005,0.000938782,0.0,2.1964311599731445e-05,2.1785497665405277e-05,1287.0,1257.5
1650165777,0.0,0.001139225,0.01,2.1964311599731445e-05,2.1785497665405277e-05,1459.0,1286.0
1650165778,0.0,0.00067614,0.0,2.1964311599731445e-05,2.1785497665405277e-05,728.0,643.0
1650165779,0.0,0.00067614,0.0,2.1964311599731445e-05,2.1785497665405277e-05,728.0,643.0
1650165780,0.0,0.0008097605,0.0,2.1964311599731445e-05,2.1785497665405277e-05,1093.5,964.5
1650165781,0.0,0.001016085,0.0,2.1964311599731445e-05,2.1785497665405277e-05,1460.0,1286.0
1650165782,0.0,0.001016085,0.0,2.1964311599731445e-05,2.1785497665405277e-05,1460.0,1286.0
1650165783,0.0,0.0003125235,0.0,2.1964311599731445e-05,2.1785497665405277e-05,365.0,321.5
1650165784,0.0,0.000591573,0.0,2.1964311599731445e-05,2.1785497665405277e-05,730.0,1353.0
1650165785,0.0,0.000591573,0.0,2.1964311599731445e-05,2.1785497665405277e-05,730.0,1353.0
1650165786,0.0,0.0001283535,0.0,2.1964311599731445e-05,2.1785497665405277e-05,192.5,95.0
1650165787,0.0,0.0,0.0,2.1964311599731445e-05,2.1785497665405277e-05,0.0,0.0
1650165788,0.0,0.0,0.0,2.1964311599731445e-05,2.1785497665405277e-05,0.0,0.0
1650165789,0.0,0.0,0.0,2.1964311599731445e-05,2.1785497665405277e-05,0.0,0.0
1650165790,0.0,0.0,0.0,2.1964311599731445e-05,2.1785497665405277e-05,0.0,0.0
1650165791,0.0,0.0,0.0,2.1964311599731445e-05,2.1785497665405277e-05,0.0,0.0
1650165792,0.0,0.0,0.0,2.1964311599731445e-05,2.1785497665405277e-05,0.0,0.0
1650165793,0.0,0.0,0.0,2.1964311599731445e-05,2.1785497665405277e-05,0.0,0.0
1650165794,0.0,0.0,0.0,2.1964311599731445e-05,2.1785497665405277e-05,0.0,0.0
1650165795,0.0,5.356383333333334e-05,0.0,2.1964311599731445e-05,2.1785497665405277e-05,64.16666666666667,31.666666666666668
1650165796,0.0,0.0,0.0,2.1964311599731445e-05,2.1785497665405277e-05,0.0,0.0
1650165797,0.0,0.0,0.0,2.1964311599731445e-05,2.1785497665405277e-05,0.0,0.0
1650165798,0.0,0.0,0.0,2.1964311599731445e-05,2.1785497665405277e-05,0.0,0.0
1650165799,0.0,0.0,0.0,2.1964311599731445e-05,2.1785497665405277e-05,0.0,0.0
1650165800,0.0,0.0,0.0,2.1964311599731445e-05,2.1785497665405277e-05,0.0,0.0
1650165801,0.0,0.0,0.0,2.1964311599731445e-05,2.1785497665405277e-05,0.0,0.0
1650165802,0.0,0.0,0.0,2.1964311599731445e-05,2.1785497665405277e-05,0.0,0.0
1650165803,0.0,0.0,0.0,2.1964311599731445e-05,2.1785497665405277e-05,0.0,0.0
1650165804,0.0,0.0,0.0,2.1964311599731445e-05,2.1785497665405277e-05,0.0,0.0
1650165805,0.0,0.0,0.0,2.1964311599731445e-05,2.1785497665405277e-05,0.0,0.0
1650165806,0.0,4.882214285714286e-05,0.0,2.1964311599731445e-05,2.1785497665405277e-05,55.0,27.142857142857142
1650165807,0.0,0.0,0.0,2.1964311599731445e-05,2.1785497665405277e-05,0.0,0.0
1650165808,0.0,0.0,0.0,2.1964311599731445e-05,2.1785497665405277e-05,0.0,0.0
1650165809,0.0,0.0,0.0,2.1964311599731445e-05,2.1785497665405277e-05,0.0,0.0
1650165810,0.0,0.0,0.0,2.1964311599731445e-05,2.1785497665405277e-05,0.0,0.0
1650165811,0.0,0.0,0.0,2.1964311599731445e-05,2.1785497665405277e-05,0.0,0.0
1650165812,0.0,0.0,0.0,2.1964311599731445e-05,2.1785497665405277e-05,0.0,0.0
1650165813,0.0,0.0,0.0,2.1964311599731445e-05,2.1785497665405277e-05,0.0,0.0
1650165814,0.0,0.0,0.0,2.1964311599731445e-05,2.1785497665405277e-05,0.0,0.0
1650165815,0.0,0.0,0.0,2.1964311599731445e-05,2.1785497665405277e-05,0.0,0.0
1650165816,0.0,0.0,0.0,2.1964311599731445e-05,2.1785497665405277e-05,0.0,0.0
1650165817,0.0,5.035314285714285e-05,0.0,2.1964311599731445e-05,2.1785497665405277e-05,55.0,27.142857142857142
1650165818,0.0,0.0,0.0,2.1964311599731445e-05,2.1785497665405277e-05,0.0,0.0
1650165819,0.0,0.0,0.0,2.1964311599731445e-05,2.1785497665405277e-05,0.0,0.0
1650165820,0.0,0.0,0.0,2.1964311599731445e-05,2.1785497665405277e-05,0.0,0.0
1650165821,0.0,0.0,0.0,2.1964311599731445e-05,2.1785497665405277e-05,0.0,0.0
1650165822,0.0,0.0,0.0,2.1964311599731445e-05,2.1785497665405277e-05,0.0,0.0
1650165823,0.0,0.0,0.0,2.1964311599731445e-05,2.1785497665405277e-05,0.0,0.0
1650165824,0.0,0.0,0.0,2.1964311599731445e-05,2.1785497665405277e-05,0.0,0.0
1650165825,0.0,0.0,0.0,2.1964311599731445e-05,2.1785497665405277e-05,0.0,0.0
1650165826,0.0,0.0,0.0,2.1964311599731445e-05,2.1785497665405277e-05,0.0,0.0
1650165827,0.0,0.0,0.0,2.1964311599731445e-05,2.1785497665405277e-05,0.0,0.0
1650165828,0.0,0.0,0.0,2.1964311599731445e-05,2.1785497665405277e-05,0.0,0.0
1650165829,0.0,4.1131375e-05,0.0,2.1964311599731445e-05,2.1785497665405277e-05,48.125,23.75
1650165830,0.0,0.0,0.0,2.1964311599731445e-05,2.1785497665405277e-05,0.0,0.0
1650165831,0.0,0.0,0.0,2.1964311599731445e-05,2.1785497665405277e-05,0.0,0.0
1650165832,0.0,0.0,0.0,2.1964311599731445e-05,2.1785497665405277e-05,0.0,0.0
1650165833,0.0,0.0,0.0,2.1964311599731445e-05,2.1785497665405277e-05,0.0,0.0
1650165834,0.0,8.61575e-06,0.0,2.1964311599731445e-05,2.1785497665405277e-05,0.0,0.0
1650165835,0.0,0.000257478,0.0,2.1964311599731445e-05,2.1785497665405277e-05,385.0,190.0
1650165836,0.0,0.000257478,0.0,2.1964311599731445e-05,2.1785497665405277e-05,385.0,190.0
1650165837,0.0,0.0,0.0,2.1964311599731445e-05,2.1785497665405277e-05,0.0,0.0
1650165838,0.0,0.0,0.0,2.1964311599731445e-05,2.1785497665405277e-05,0.0,0.0
1650165839,0.0,0.0,0.0,2.1964311599731445e-05,2.1785497665405277e-05,0.0,0.0
1650165840,0.0,0.0,0.0,2.1964311599731445e-05,2.1785497665405277e-05,0.0,0.0
1650165841,0.0,0.0,0.0,2.1964311599731445e-05,2.1785497665405277e-05,0.0,0.0
1650165842,0.0,0.0,0.0,2.1964311599731445e-05,2.1785497665405277e-05,0.0,0.0
1650165843,0.0,0.0,0.0,2.1964311599731445e-05,2.1785497665405277e-05,0.0,0.0
1650165844,0.0,0.0,0.0,2.1964311599731445e-05,2.1785497665405277e-05,0.0,0.0
1650165845,0.0,0.0,0.0,2.1964311599731445e-05,2.1785497665405277e-05,0.0,0.0
1650165846,0.0,4.723285714285714e-05,0.0,2.1964311599731445e-05,2.1785497665405277e-05,55.0,27.142857142857142
1650165847,0.0,4.723285714285714e-05,0.0,2.1964311599731445e-05,2.1785497665405277e-05,55.0,27.142857142857142
1650165848,0.0,0.0,0.0,2.1964311599731445e-05,2.1785497665405277e-05,0.0,0.0
1650165849,0.0,0.0,0.0,2.1964311599731445e-05,2.1785497665405277e-05,0.0,0.0
1650165850,0.0,0.0,0.0,2.1964311599731445e-05,2.1785497665405277e-05,0.0,0.0
1650165851,0.0,0.0,0.0,2.1964311599731445e-05,2.1785497665405277e-05,0.0,0.0
1650165852,0.0,0.0,0.0,2.1964311599731445e-05,2.1785497665405277e-05,0.0,0.0
1650165853,0.0,0.0,0.0,2.1964311599731445e-05,2.1785497665405277e-05,0.0,0.0
1650165854,0.0,0.0,0.0,2.1964311599731445e-05,2.1785497665405277e-05,0.0,0.0
1650165855,0.0,0.0,0.0,2.1964311599731445e-05,2.1785497665405277e-05,0.0,0.0
1650165856,0.0,9.23775e-05,0.0,2.1964311599731445e-05,2.1785497665405277e-05,96.25,47.5
1650165857,0.0,9.23775e-05,0.0,2.1964311599731445e-05,2.1785497665405277e-05,96.25,47.5
1650165858,0.0,0.0,0.0,2.1964311599731445e-05,2.1785497665405277e-05,0.0,0.0
1650165859,0.0,0.0,0.0,2.1964311599731445e-05,2.1785497665405277e-05,0.0,0.0
1650165860,0.0,0.0,0.0,2.1964311599731445e-05,2.1785497665405277e-05,0.0,0.0
1650165861,0.0,0.0,0.0,2.1964311599731445e-05,2.1785497665405277e-05,0.0,0.0
1650165862,0.0,0.0,0.0,2.1964311599731445e-05,2.1785497665405277e-05,0.0,0.0
1650165863,0.0,0.0,0.0,2.1964311599731445e-05,2.1785497665405277e-05,0.0,0.0
1650165864,0.0,9.6125e-06,0.0,2.1964311599731445e-05,2.1785497665405277e-05,0.0,0.0
1650165865,0.0,9.6125e-06,0.0,2.1964311599731445e-05,2.1785497665405277e-05,0.0,0.0
1650165866,0.0,0.0001283955,0.0,2.1964311599731445e-05,2.1785497665405277e-05,213.5,95.0
1650165867,0.0,0.0,0.0,2.1964311599731445e-05,2.1785497665405277e-05,0.0,0.0
1650165868,0.0,0.0,0.0,2.1964311599731445e-05,2.1785497665405277e-05,0.0,0.0
1650165869,0.0,0.0,0.0,2.1964311599731445e-05,2.1785497665405277e-05,0.0,0.0
1650165870,0.0,0.0,0.0,2.1964311599731445e-05,2.1785497665405277e-05,0.0,0.0
1650165871,0.0,0.0,0.0,2.1964311599731445e-05,2.1785497665405277e-05,0.0,0.0
1650165872,0.0,0.0,0.0,2.1964311599731445e-05,2.1785497665405277e-05,0.0,0.0
1650165873,0.0,0.0,0.0,2.1964311599731445e-05,2.1785497665405277e-05,0.0,0.0
1650165874,0.0,0.0,0.0,2.1964311599731445e-05,2.1785497665405277e-05,0.0,0.0
1650165875,0.0,0.0,0.0,2.1964311599731445e-05,2.1785497665405277e-05,0.0,0.0
1650165876,0.0,6.781416666666667e-05,0.0,2.1964311599731445e-05,2.1785497665405277e-05,86.16666666666667,53.66666666666666
1650165877,0.0,6.781416666666667e-05,0.0,2.1964311599731445e-05,2.1785497665405277e-05,86.16666666666667,53.66666666666666
1650165878,0.0,0.0,0.0,2.1964311599731445e-05,2.1785497665405277e-05,0.0,0.0
1650165879,0.0,0.0,0.0,2.1964311599731445e-05,2.1785497665405277e-05,0.0,0.0
1650165880,0.0,0.0,0.0,2.1964311599731445e-05,2.1785497665405277e-05,0.0,0.0
1650165881,0.0,0.0,0.0,2.1964311599731445e-05,2.1785497665405277e-05,0.0,0.0
1650165882,0.0,0.0,0.0,2.1964311599731445e-05,2.1785497665405277e-05,0.0,0.0
1650165883,0.0,0.0,0.0,2.1964311599731445e-05,2.1785497665405277e-05,0.0,0.0
1650165884,0.0,0.0,0.0,2.1964311599731445e-05,2.1785497665405277e-05,0.0,0.0
1650165885,0.0,0.0,0.0,2.1964311599731445e-05,2.1785497665405277e-05,0.0,0.0
1650165886,0.0,0.0,0.0,2.1964311599731445e-05,2.1785497665405277e-05,0.0,0.0
1650165887,0.0,0.0,0.0,2.1964311599731445e-05,2.1785497665405277e-05,0.0,0.0
1650165888,0.0,0.0,0.0,2.1964311599731445e-05,2.1785497665405277e-05,0.0,0.0
1650165889,0.0,0.0,0.0,2.1964311599731445e-05,2.1785497665405277e-05,0.0,0.0
1650165890,0.0,3.8820625e-05,0.0,2.1964311599731445e-05,2.1785497665405277e-05,48.125,23.75
1650165891,0.0,0.0,0.0,2.1964311599731445e-05,2.1785497665405277e-05,0.0,0.0
1650165892,0.0,0.0,0.0,2.1964311599731445e-05,2.1785497665405277e-05,0.0,0.0
1650165893,0.0,0.0,0.0,2.1964311599731445e-05,2.1785497665405277e-05,0.0,0.0
1650165894,0.0,0.0,0.0,2.1964311599731445e-05,2.1785497665405277e-05,0.0,0.0
1650165895,0.0,0.0,0.0,2.1964311599731445e-05,2.1785497665405277e-05,0.0,0.0
1650165896,0.0,0.0,0.0,2.1964311599731445e-05,2.1785497665405277e-05,0.0,0.0
1650165897,0.0,0.0,0.0,2.1964311599731445e-05,2.1785497665405277e-05,0.0,0.0
1650165898,0.0,0.0,0.0,2.1964311599731445e-05,2.1785497665405277e-05,0.0,0.0
1650165899,0.0,0.0,0.0,2.1964311599731445e-05,2.1785497665405277e-05,0.0,0.0
1650165900,0.0,0.0002288791428571,0.0,2.1785497665405277e-05,2.16066837310791e-05,266.0,165.28571428571428
1650165901,0.0,0.0002288791428571,0.0,2.1785497665405277e-05,2.16066837310791e-05,266.0,165.28571428571428
1650165902,0.0,0.0,0.0,2.1785497665405277e-05,2.16066837310791e-05,0.0,0.0
1650165903,0.0,0.0,0.0,2.1785497665405277e-05,2.16066837310791e-05,0.0,0.0
1650165904,0.0,0.0,0.0,2.1785497665405277e-05,2.16066837310791e-05,0.0,0.0
1650165905,0.0,0.0,0.0,2.1785497665405277e-05,2.16066837310791e-05,0.0,0.0
1650165906,0.0,0.00024053925,0.0,2.1964311599731445e-05,2.1785497665405277e-05,249.0,218.25
1650165907,0.0,0.00024053925,0.0,2.1964311599731445e-05,2.1785497665405277e-05,249.0,218.25
1650165908,0.0,0.0,0.0,2.1964311599731445e-05,2.1785497665405277e-05,0.0,0.0
1650165909,0.0,0.0,0.0,2.1964311599731445e-05,2.1785497665405277e-05,0.0,0.0
1650165910,0.0,0.0,0.0,2.1964311599731445e-05,2.1785497665405277e-05,0.0,0.0
1650165911,0.0,0.0,0.0,2.1964311599731445e-05,2.1785497665405277e-05,0.0,0.0
1650165912,0.0,0.0,0.0,2.1964311599731445e-05,2.1785497665405277e-05,0.0,0.0
1650165913,0.0,0.0,0.0,2.1964311599731445e-05,2.1785497665405277e-05,0.0,0.0
1650165914,0.0,0.0,0.0,2.1964311599731445e-05,2.1785497665405277e-05,0.0,0.0
1650165915,0.0,0.0,0.0,2.1964311599731445e-05,2.1785497665405277e-05,0.0,0.0
1650165916,0.0,0.0,0.0,2.1964311599731445e-05,2.1785497665405277e-05,0.0,0.0
1650165917,0.0,0.0005757818571428,0.0,2.1964311599731445e-05,2.1785497665405277e-05,757.8571428571429,684.2857142857143
1650165918,0.0,0.0005757818571428,0.0,2.1964311599731445e-05,2.1785497665405277e-05,757.8571428571429,684.2857142857143
1650165919,0.005,0.0010292805,0.0,2.1964311599731445e-05,2.1785497665405277e-05,1458.0,1385.0
1650165920,0.0,0.000483373,0.0,2.1964311599731445e-05,2.1785497665405277e-05,730.0,643.0
1650165921,0.0,0.000483373,0.0,2.1964311599731445e-05,2.1785497665405277e-05,730.0,643.0
1650165922,0.0,0.0011232915,0.0,2.1964311599731445e-05,2.1785497665405277e-05,1459.5,1286.0
1650165923,0.0,0.001138615,0.0,2.1964311599731445e-05,2.1785497665405277e-05,1458.0,1286.0
1650165924,0.0,0.001096739,0.0,2.1964311599731445e-05,2.1785497665405277e-05,1458.0,2633.0
1650165925,0.0,0.00085235,0.0,2.1785497665405277e-05,2.16066837310791e-05,1246.0,833.0
1650165926,0.0,0.00085235,0.0,2.1785497665405277e-05,2.16066837310791e-05,1246.0,833.0
1650165927,0.0,0.0009103835,0.0,2.1964311599731445e-05,2.1785497665405277e-05,1164.0,1100.5
1650165928,0.0,0.00137535,0.0,2.1964311599731445e-05,2.1785497665405277e-05,1731.0,1492.0
1650165929,0.0,0.000973021,0.01,2.1964311599731445e-05,2.1785497665405277e-05,1502.0,1460.0
1650165930,0.0,0.000973021,0.01,2.1964311599731445e-05,2.1785497665405277e-05,1502.0,1460.0
1650165931,0.0,0.000599385,0.0,2.1964311599731445e-05,2.1785497665405277e-05,730.0,676.0
1650165932,0.0,0.002121301,0.0,2.1964311599731445e-05,2.1785497665405277e-05,2920.0,2572.0
1650165933,0.0,0.001090453,0.0,2.1964311599731445e-05,2.1785497665405277e-05,1459.0,1286.0
1650165934,0.0,0.001090453,0.0,2.1964311599731445e-05,2.1785497665405277e-05,1459.0,1286.0
1650165935,0.0,0.001498074,0.0,2.1964311599731445e-05,2.1785497665405277e-05,2017.0,2662.5
1650165936,0.0,0.001498074,0.0,2.1964311599731445e-05,2.1785497665405277e-05,2017.0,2662.5
1650165937,0.0,0.000598831,0.0,2.1785497665405277e-05,2.16066837310791e-05,795.5,643.0
1650165938,0.0,0.002281231,0.0,2.1964311599731445e-05,2.1785497665405277e-05,3058.0,2910.0
1650165939,0.0,0.002281231,0.0,2.1964311599731445e-05,2.1785497665405277e-05,3058.0,2910.0
1650165940,0.0,0.000586219,0.0,2.1964311599731445e-05,2.1785497665405277e-05,866.0,713.0
1650165941,0.0,0.00106614,0.0,2.1964311599731445e-05,2.1785497665405277e-05,1460.0,1418.0
1650165942,0.01,0.000459722,0.0,2.1964311599731445e-05,2.1785497665405277e-05,729.0,709.0
1650165943,0.01,0.000459722,0.0,2.1964311599731445e-05,2.1785497665405277e-05,729.0,709.0
