timestamp,cpu_usage_system,cpu_usage_total,cpu_usage_user,memory_usage,memory_working_set,rx_bytes,tx_bytes
1650163049,0.0028571428571428,0.0045220591428571,0.0014285714285714,1.341104507446289e-05,1.341104507446289e-05,2802.1428571428573,4770.714285714285
1650163050,0.0028571428571428,0.0045220591428571,0.0014285714285714,1.341104507446289e-05,1.341104507446289e-05,2802.1428571428573,4770.714285714285
1650163051,0.0028571428571428,0.0045220591428571,0.0014285714285714,1.341104507446289e-05,1.341104507446289e-05,2802.1428571428573,4770.714285714285
1650163052,0.0028571428571428,0.0045220591428571,0.0014285714285714,1.341104507446289e-05,1.341104507446289e-05,2802.1428571428573,4770.714285714285
1650163053,0.0028571428571428,0.0045220591428571,0.0014285714285714,1.341104507446289e-05,1.341104507446289e-05,2802.1428571428573,4770.714285714285
1650163054,0.0028571428571428,0.0045220591428571,0.0014285714285714,1.341104507446289e-05,1.341104507446289e-05,2802.1428571428573,4770.714285714285
1650163055,0.0028571428571428,0.0045220591428571,0.0014285714285714,1.341104507446289e-05,1.341104507446289e-05,2802.1428571428573,4770.714285714285
1650163056,0.0028571428571428,0.0045220591428571,0.0014285714285714,1.4215707778930664e-05,1.4215707778930664e-05,2802.1428571428573,4770.714285714285
1650163057,0.0,0.002633686,0.0,1.379847526550293e-05,1.379847526550293e-05,1593.0,2715.0
1650163058,0.0,0.002633686,0.0,1.379847526550293e-05,1.379847526550293e-05,1593.0,2715.0
1650163059,0.005,0.0046910355,0.0,1.341104507446289e-05,1.341104507446289e-05,3206.0,5452.0
1650163060,0.005,0.0046910355,0.0,1.341104507446289e-05,1.341104507446289e-05,3206.0,5452.0
1650163061,0.0,0.002511038,0.0,1.329183578491211e-05,1.329183578491211e-05,1592.5,3111.5
1650163062,0.01,0.008148724,0.01,1.4096498489379885e-05,1.4096498489379885e-05,6112.0,8726.0
1650163063,0.01,0.008148724,0.01,1.4096498489379885e-05,1.4096498489379885e-05,6112.0,8726.0
1650163064,0.005,0.0052040505,0.0,1.4007091522216795e-05,1.4007091522216795e-05,3532.5,5560.5
1650163065,0.0,0.004836246,0.0,1.341104507446289e-05,1.341104507446289e-05,3186.0,5432.0
1650163066,0.0,0.004836246,0.0,1.341104507446289e-05,1.341104507446289e-05,3186.0,5432.0
1650163067,0.0,0.0011676305,0.0,1.341104507446289e-05,1.341104507446289e-05,796.5,1358.0
1650163068,0.01,0.009357907,0.01,1.341104507446289e-05,1.341104507446289e-05,6372.0,10863.0
1650163069,0.01,0.009357907,0.01,1.341104507446289e-05,1.341104507446289e-05,6372.0,10863.0
1650163070,0.0,0.004661248,0.005,1.341104507446289e-05,1.341104507446289e-05,3186.0,5430.0
1650163071,0.0,0.005059406,0.0,1.3709068298339844e-05,1.3709068298339844e-05,3184.0,5424.0
1650163072,0.01,0.00632836,0.0,1.341104507446289e-05,1.341104507446289e-05,4090.0,7118.0
1650163073,0.0,0.005530751,0.0,1.341104507446289e-05,1.341104507446289e-05,3977.0,8968.0
1650163074,0.0,0.005530751,0.0,1.341104507446289e-05,1.341104507446289e-05,3977.0,8968.0
1650163075,0.005,0.0034850755,0.0,1.3440847396850586e-05,1.3440847396850586e-05,2587.5,4074.0
1650163076,0.0,0.00259729,0.0,1.341104507446289e-05,1.341104507446289e-05,1593.0,2716.0
1650163077,0.0,0.00259729,0.0,1.341104507446289e-05,1.341104507446289e-05,1593.0,2716.0
1650163078,0.0,0.002443699,0.0,1.341104507446289e-05,1.341104507446289e-05,1592.0,2712.0
1650163079,0.0,0.007200195,0.0,1.341104507446289e-05,1.341104507446289e-05,4845.0,8146.0
1650163080,0.0,0.007200195,0.0,1.341104507446289e-05,1.341104507446289e-05,4845.0,8146.0
1650163081,0.0,0.0024212785,0.0,1.341104507446289e-05,1.341104507446289e-05,1593.0,2716.0
1650163082,0.0,0.0024212785,0.0,1.341104507446289e-05,1.341104507446289e-05,1593.0,2716.0
1650163083,0.005,0.0051318645,0.005,1.3381242752075195e-05,1.3381242752075195e-05,2669.0,4746.0
1650163084,0.0,0.006058428,0.0,1.341104507446289e-05,1.341104507446289e-05,4124.0,7546.0
1650163085,0.0,0.007350302,0.0,1.341104507446289e-05,1.341104507446289e-05,5307.0,8148.0
1650163086,0.0,0.007350302,0.0,1.341104507446289e-05,1.341104507446289e-05,5307.0,8148.0
1650163087,0.0,0.002288878,0.0,1.3440847396850586e-05,1.3440847396850586e-05,1593.0,2716.0
1650163088,0.01,0.004697013,0.0,1.341104507446289e-05,1.341104507446289e-05,3186.0,5432.0
1650163089,0.01,0.004697013,0.0,1.341104507446289e-05,1.341104507446289e-05,3186.0,5432.0
1650163090,0.0,0.002253076,0.0,1.341104507446289e-05,1.341104507446289e-05,1593.0,2716.0
1650163091,0.01,0.004925497,0.0,1.379847526550293e-05,1.379847526550293e-05,3186.0,5431.0
1650163092,0.01,0.004925497,0.0,1.379847526550293e-05,1.379847526550293e-05,3186.0,5431.0
1650163093,0.0,0.0043530425,0.005,1.3381242752075195e-05,1.3381242752075195e-05,2669.5,5240.5
1650163094,0.0,0.0043530425,0.005,1.3381242752075195e-05,1.3381242752075195e-05,2669.5,5240.5
1650163095,0.005,0.00393284,0.0,1.3500452041625977e-05,1.3500452041625977e-05,3057.5,4212.0
1650163096,0.005,0.00393284,0.0,1.3500452041625977e-05,1.3500452041625977e-05,3057.5,4212.0
1650163097,0.0,0.00262432,0.0,1.341104507446289e-05,1.341104507446289e-05,1659.0,2712.0
1650163098,0.0,0.007567671,0.0,1.3619661331176758e-05,1.3619661331176758e-05,4775.0,8140.0
1650163099,0.01,0.013105303,0.01,1.4185905456542969e-05,1.4185905456542969e-05,4481.0,7886.0
1650163100,0.01,0.013105303,0.01,1.4185905456542969e-05,1.4185905456542969e-05,4481.0,7886.0
1650163101,0.0,0.002610897,0.0,1.341104507446289e-05,1.341104507446289e-05,1742.0,2846.0
1650163102,0.0,0.002610897,0.0,1.341104507446289e-05,1.341104507446289e-05,1742.0,2846.0
1650163103,0.0,0.00470226,0.0,1.341104507446289e-05,1.341104507446289e-05,3218.0,5428.5
1650163104,0.01,0.003004703,0.0,1.3321638107299805e-05,1.3321638107299805e-05,1593.0,5932.0
1650163105,0.0,0.011777885,0.0,1.3619661331176758e-05,1.3619661331176758e-05,8267.0,11968.0
1650163106,0.0,0.011777885,0.0,1.3619661331176758e-05,1.3619661331176758e-05,8267.0,11968.0
1650163107,0.005,0.0047645885,0.0,1.3947486877441406e-05,1.3947486877441406e-05,3251.5,5431.0
1650163108,0.005,0.0047645885,0.0,1.3947486877441406e-05,1.3947486877441406e-05,3251.5,5431.0
1650163109,0.0,0.003509241,0.005,1.3500452041625977e-05,1.3500452041625977e-05,2410.5,4094.0
1650163110,0.01,0.004524859,0.0,1.3500452041625977e-05,1.3500452041625977e-05,3185.0,5429.0
1650163111,0.01,0.004524859,0.0,1.3500452041625977e-05,1.3500452041625977e-05,3185.0,5429.0
1650163112,0.0,0.0037260545,0.0,1.341104507446289e-05,1.341104507446289e-05,2389.0,4070.5
1650163113,0.0,0.003146464,0.01,1.4036893844604492e-05,1.4036893844604492e-05,2411.0,5622.0
1650163114,0.0,0.003146464,0.01,1.4036893844604492e-05,1.4036893844604492e-05,2411.0,5622.0
1650163115,0.005,0.0034721125,0.0,1.3262033462524414e-05,1.3262033462524414e-05,1980.5,3954.0
1650163116,0.01,0.009563124,0.0,1.341104507446289e-05,1.341104507446289e-05,6411.0,8972.0
1650163117,0.01,0.009563124,0.0,1.341104507446289e-05,1.341104507446289e-05,6411.0,8972.0
1650163118,0.0,0.004888994,0.0,1.3828277587890623e-05,1.3828277587890623e-05,3383.5,5430.5
1650163119,0.0,0.007004668,0.0,1.4096498489379885e-05,1.4096498489379885e-05,4845.0,8140.0
1650163120,0.01,0.004826151,0.0,1.3679265975952148e-05,1.3679265975952148e-05,3186.0,5431.0
1650163121,0.01,0.004826151,0.0,1.3679265975952148e-05,1.3679265975952148e-05,3186.0,5431.0
1650163122,0.0,0.0011662925,0.0,1.341104507446289e-05,1.341104507446289e-05,796.0,1354.5
1650163123,0.0,0.0011662925,0.0,1.341104507446289e-05,1.341104507446289e-05,796.0,1354.5
1650163124,0.005,0.004711522,0.005,1.341104507446289e-05,1.341104507446289e-05,3186.0,6774.5
1650163125,0.01,0.007260439,0.0,1.3262033462524414e-05,1.3262033462524414e-05,4845.0,8940.0
1650163126,0.01,0.007260439,0.0,1.3262033462524414e-05,1.3262033462524414e-05,4845.0,8940.0
1650163127,0.0,0.0046311805,0.0,1.3560056686401367e-05,1.3560056686401367e-05,3205.0,4490.5
1650163128,0.0,0.0046311805,0.0,1.3560056686401367e-05,1.3560056686401367e-05,3205.0,4490.5
1650163129,0.0,0.003390674,0.0,1.341104507446289e-05,1.341104507446289e-05,2587.5,4073.0
1650163130,0.0,0.004681528,0.0,1.341104507446289e-05,1.341104507446289e-05,3186.0,5431.0
1650163131,0.0,0.004681528,0.0,1.341104507446289e-05,1.341104507446289e-05,3186.0,5431.0
1650163132,0.005,0.0047774505,0.0,1.341104507446289e-05,1.341104507446289e-05,3186.0,5431.0
1650163133,0.005,0.0047774505,0.0,1.341104507446289e-05,1.341104507446289e-05,3186.0,5431.0
1650163134,0.0,0.0064457775,0.005,1.3530254364013672e-05,1.3530254364013672e-05,3981.0,8541.0
1650163135,0.0,0.0064457775,0.005,1.3530254364013672e-05,1.3530254364013672e-05,3981.0,8541.0
1650163136,0.0,0.0035100515,0.0,1.341104507446289e-05,1.341104507446289e-05,2389.5,4071.0
1650163137,0.01,0.008867965,0.0,1.3619661331176758e-05,1.3619661331176758e-05,6015.0,9766.0
1650163138,0.01,0.008867965,0.0,1.3619661331176758e-05,1.3619661331176758e-05,6015.0,9766.0
1650163139,0.005,0.0035436615,0.0,1.3440847396850586e-05,1.3440847396850586e-05,2785.5,4072.5
1650163140,0.0,0.004585079,0.0,1.3440847396850586e-05,1.3440847396850586e-05,3185.0,5432.0
1650163141,0.0,0.004585079,0.0,1.3440847396850586e-05,1.3440847396850586e-05,3185.0,5432.0
1650163142,0.0,0.0048971035,0.005,1.3440847396850586e-05,1.3440847396850586e-05,2389.0,4069.5
1650163143,0.01,0.006326483,0.0,1.5288591384887695e-05,1.5288591384887695e-05,4345.0,10139.0
1650163144,0.0,0.005430653,0.0,1.347064971923828e-05,1.347064971923828e-05,3620.0,6118.0
1650163145,0.0,0.002479731,0.0,1.341104507446289e-05,1.341104507446289e-05,1593.0,2716.0
1650163146,0.0,0.002479731,0.0,1.341104507446289e-05,1.341104507446289e-05,1593.0,2716.0
1650163147,0.0,0.003582199,0.0,1.3440847396850586e-05,1.3440847396850586e-05,2388.5,4070.0
1650163148,0.0,0.003582199,0.0,1.3440847396850586e-05,1.3440847396850586e-05,2388.5,4070.0
1650163149,0.005,0.005999994,0.005,1.347064971923828e-05,1.347064971923828e-05,4001.5,6243.0
1650163150,0.0,0.004720832,0.0,1.347064971923828e-05,1.347064971923828e-05,3581.0,5431.0
1650163151,0.0,0.004720832,0.0,1.347064971923828e-05,1.347064971923828e-05,3581.0,5431.0
1650163152,0.0,0.003609487,0.005,1.341104507446289e-05,1.341104507446289e-05,2389.5,4073.5
1650163153,0.0,0.003609487,0.005,1.341104507446289e-05,1.341104507446289e-05,2389.5,4073.5
1650163154,0.0,0.002688713,0.0,1.341104507446289e-05,1.341104507446289e-05,1593.0,5333.5
1650163155,0.0,0.002688713,0.0,1.341104507446289e-05,1.341104507446289e-05,1593.0,5333.5
1650163156,0.0,0.003647698,0.0,1.341104507446289e-05,1.341104507446289e-05,2389.5,4073.5
1650163157,0.01,0.007260695,0.0,1.341104507446289e-05,1.341104507446289e-05,4779.0,8145.0
1650163158,0.0,0.007177243,0.0,1.373887062072754e-05,1.373887062072754e-05,4819.0,8188.0
1650163159,0.0,0.002690093,0.0,1.3262033462524414e-05,1.3262033462524414e-05,1593.0,3508.0
1650163160,0.0,0.002690093,0.0,1.3262033462524414e-05,1.3262033462524414e-05,1593.0,3508.0
1650163161,0.005,0.004500276,0.0,1.3560056686401367e-05,1.3560056686401367e-05,3204.5,4494.0
1650163162,0.0,0.002373206,0.0,1.341104507446289e-05,1.341104507446289e-05,1989.0,2715.0
1650163163,0.0,0.002373206,0.0,1.341104507446289e-05,1.341104507446289e-05,1989.0,2715.0
1650163164,0.0,0.00355172,0.0,1.341104507446289e-05,1.341104507446289e-05,2389.5,5422.0
1650163165,0.0,0.007244188,0.0,1.347064971923828e-05,1.347064971923828e-05,4779.0,8145.0
1650163166,0.0,0.007244188,0.0,1.347064971923828e-05,1.347064971923828e-05,4779.0,8145.0
1650163167,0.0,0.005708789,0.005,1.436471939086914e-05,1.436471939086914e-05,3982.0,6786.0
1650163168,0.0,0.005708789,0.005,1.436471939086914e-05,1.436471939086914e-05,3982.0,6786.0
1650163169,0.0,0.004067157,0.005,1.3440847396850586e-05,1.3440847396850586e-05,2389.0,4070.0
1650163170,0.0,0.004067157,0.005,1.3440847396850586e-05,1.3440847396850586e-05,2389.0,4070.0
1650163171,0.005,0.0069927805,0.0,1.3500452041625977e-05,1.3500452041625977e-05,4798.5,7605.0
1650163172,0.005,0.0069927805,0.0,1.3500452041625977e-05,1.3500452041625977e-05,4798.5,7605.0
1650163173,0.0,0.0049272505,0.005,1.3440847396850586e-05,1.3440847396850586e-05,3415.5,5428.5
1650163174,0.01,0.008343889,0.0,1.3440847396850586e-05,1.3440847396850586e-05,4778.0,11690.0
1650163175,0.01,0.008343889,0.0,1.3440847396850586e-05,1.3440847396850586e-05,4778.0,11690.0
1650163176,0.005,0.002941939,0.0,1.347064971923828e-05,1.347064971923828e-05,1593.0,2716.0
1650163177,0.0,0.00616412,0.0,1.3440847396850586e-05,1.3440847396850586e-05,3183.0,5418.0
1650163178,0.0,0.00616412,0.0,1.3440847396850586e-05,1.3440847396850586e-05,3183.0,5418.0
1650163179,0.005,0.0059306405,0.005,1.3440847396850586e-05,1.3440847396850586e-05,3186.0,5431.0
1650163180,0.0,0.012106544,0.0,1.3530254364013672e-05,1.3530254364013672e-05,6512.0,11793.0
1650163181,0.0,0.012106544,0.0,1.3530254364013672e-05,1.3530254364013672e-05,6512.0,11793.0
1650163182,0.005,0.0053454625,0.0,1.3440847396850586e-05,1.3440847396850586e-05,3167.0,4417.0
1650163183,0.005,0.0053454625,0.0,1.3440847396850586e-05,1.3440847396850586e-05,3167.0,4417.0
1650163184,0.0,0.007020411,0.005,1.3530254364013672e-05,1.3530254364013672e-05,4180.0,7720.5
1650163185,0.01,0.015085737,0.0,1.3440847396850586e-05,1.3440847396850586e-05,7965.0,13580.0
1650163186,0.0,0.0064545,0.0,1.3679265975952148e-05,1.3679265975952148e-05,3185.0,5423.0
1650163187,0.0,0.0064545,0.0,1.3679265975952148e-05,1.3679265975952148e-05,3185.0,5423.0
1650163188,0.01,0.0062923215,0.0,1.3500452041625977e-05,1.3500452041625977e-05,3185.5,5427.5
1650163189,0.01,0.0062923215,0.0,1.3500452041625977e-05,1.3500452041625977e-05,3185.5,5427.5
1650163190,0.005,0.0043855045,0.005,1.3440847396850586e-05,1.3440847396850586e-05,2389.0,4074.0
1650163191,0.0,0.011211771,0.0,1.3530254364013672e-05,1.3530254364013672e-05,5618.0,9780.0
1650163192,0.0,0.011211771,0.0,1.3530254364013672e-05,1.3530254364013672e-05,5618.0,9780.0
1650163193,0.005,0.0033115775,0.005,1.3440847396850586e-05,1.3440847396850586e-05,1989.0,4902.0
1650163194,0.005,0.0033115775,0.005,1.3440847396850586e-05,1.3440847396850586e-05,1989.0,4902.0
1650163195,0.0,0.0029092205,0.0,1.3440847396850586e-05,1.3440847396850586e-05,1791.0,2716.0
1650163196,0.0,0.00277388,0.0,1.3440847396850586e-05,1.3440847396850586e-05,1593.0,2716.0
1650163197,0.0,0.0,0.0,1.3440847396850586e-05,1.3440847396850586e-05,0.0,0.0
1650163198,0.0,0.0,0.0,1.3440847396850586e-05,1.3440847396850586e-05,0.0,0.0
1650163199,0.0,0.0,0.0,1.3440847396850586e-05,1.3440847396850586e-05,0.0,0.0
1650163200,0.0,0.0,0.0,1.3440847396850586e-05,1.3440847396850586e-05,0.0,0.0
1650163201,0.0,0.0,0.0,1.3440847396850586e-05,1.3440847396850586e-05,0.0,0.0
1650163202,0.0,0.0,0.0,1.3440847396850586e-05,1.3440847396850586e-05,0.0,0.0
1650163203,0.0,0.0,0.0,1.3440847396850586e-05,1.3440847396850586e-05,0.0,0.0
1650163204,0.0,0.0,0.0,1.3440847396850586e-05,1.3440847396850586e-05,0.0,0.0
1650163205,0.0,0.0,0.0,1.3440847396850586e-05,1.3440847396850586e-05,0.0,0.0
1650163206,0.0,0.0,0.0,1.3440847396850586e-05,1.3440847396850586e-05,0.0,0.0
1650163207,0.0,0.0,0.0,1.3440847396850586e-05,1.3440847396850586e-05,0.0,0.0
1650163208,0.0,0.0,0.0,1.3440847396850586e-05,1.3440847396850586e-05,0.0,0.0
1650163209,0.0,4.799625e-06,0.0,1.3440847396850586e-05,1.3440847396850586e-05,0.0,0.0
1650163210,0.0,4.799625e-06,0.0,1.3440847396850586e-05,1.3440847396850586e-05,0.0,0.0
1650163211,0.0,0.0,0.0,1.3440847396850586e-05,1.3440847396850586e-05,0.0,0.0
1650163212,0.0,0.0,0.0,1.3440847396850586e-05,1.3440847396850586e-05,0.0,0.0
1650163213,0.0,0.0,0.0,1.3440847396850586e-05,1.3440847396850586e-05,0.0,0.0
1650163214,0.0,1.0385333333333334e-05,0.0,1.3440847396850586e-05,1.3440847396850586e-05,0.0,0.0
1650163215,0.0,0.0,0.0,1.3440847396850586e-05,1.3440847396850586e-05,0.0,0.0
1650163216,0.0,0.0,0.0,1.3440847396850586e-05,1.3440847396850586e-05,0.0,0.0
1650163217,0.0,0.0,0.0,1.3440847396850586e-05,1.3440847396850586e-05,0.0,0.0
1650163218,0.0,0.0,0.0,1.3440847396850586e-05,1.3440847396850586e-05,0.0,0.0
1650163219,0.0,0.0,0.0,1.3440847396850586e-05,1.3440847396850586e-05,0.0,0.0
1650163220,0.0,0.0,0.0,1.3440847396850586e-05,1.3440847396850586e-05,0.0,0.0
1650163221,0.0,0.0,0.0,1.3440847396850586e-05,1.3440847396850586e-05,0.0,0.0
1650163222,0.0,0.0,0.0,1.3440847396850586e-05,1.3440847396850586e-05,0.0,0.0
1650163223,0.0,0.0,0.0,1.3440847396850586e-05,1.3440847396850586e-05,0.0,0.0
1650163224,0.0,5.652e-06,0.0,1.3440847396850586e-05,1.3440847396850586e-05,0.0,0.0
1650163225,0.0,5.652e-06,0.0,1.3440847396850586e-05,1.3440847396850586e-05,0.0,0.0
1650163226,0.0,0.0,0.0,1.3440847396850586e-05,1.3440847396850586e-05,0.0,0.0
1650163227,0.0,0.0,0.0,1.3440847396850586e-05,1.3440847396850586e-05,0.0,0.0
1650163228,0.0,0.0,0.0,1.3440847396850586e-05,1.3440847396850586e-05,0.0,0.0
1650163229,0.0,0.0,0.0,1.3440847396850586e-05,1.3440847396850586e-05,0.0,0.0
1650163230,0.0,0.0,0.0,1.3440847396850586e-05,1.3440847396850586e-05,0.0,0.0
1650163231,0.0,0.0,0.0,1.3440847396850586e-05,1.3440847396850586e-05,0.0,0.0
1650163232,0.0,0.0,0.0,1.3440847396850586e-05,1.3440847396850586e-05,0.0,0.0
1650163233,0.0,7.7274e-06,0.0,1.3440847396850586e-05,1.3440847396850586e-05,0.0,0.0
1650163234,0.0,7.7274e-06,0.0,1.3440847396850586e-05,1.3440847396850586e-05,0.0,0.0
1650163235,0.0,0.0,0.0,1.3440847396850586e-05,1.3440847396850586e-05,0.0,0.0
1650163236,0.0,0.0,0.0,1.3440847396850586e-05,1.3440847396850586e-05,0.0,0.0
1650163237,0.0,0.0,0.0,1.3440847396850586e-05,1.3440847396850586e-05,0.0,0.0
1650163238,0.0,0.0,0.0,1.3440847396850586e-05,1.3440847396850586e-05,0.0,0.0
1650163239,0.0,0.0,0.0,1.3440847396850586e-05,1.3440847396850586e-05,0.0,0.0
1650163240,0.0,0.0,0.0,1.3440847396850586e-05,1.3440847396850586e-05,0.0,0.0
1650163241,0.0,0.0,0.0,1.3440847396850586e-05,1.3440847396850586e-05,0.0,0.0
1650163242,0.0,0.0,0.0,1.3440847396850586e-05,1.3440847396850586e-05,0.0,0.0
1650163243,0.0,0.0,0.0,1.3440847396850586e-05,1.3440847396850586e-05,0.0,0.0
1650163244,0.0,0.0,0.0,1.3440847396850586e-05,1.3440847396850586e-05,0.0,0.0
1650163245,0.0,1.0112e-05,0.0,1.3440847396850586e-05,1.3440847396850586e-05,0.0,0.0
1650163246,0.0,0.0,0.0,1.3440847396850586e-05,1.3440847396850586e-05,0.0,0.0
1650163247,0.0,0.0,0.0,1.3440847396850586e-05,1.3440847396850586e-05,0.0,0.0
1650163248,0.0,0.0,0.0,1.3440847396850586e-05,1.3440847396850586e-05,0.0,0.0
1650163249,0.0,0.0,0.0,1.3440847396850586e-05,1.3440847396850586e-05,0.0,0.0
1650163250,0.0,0.0,0.0,1.3440847396850586e-05,1.3440847396850586e-05,0.0,0.0
1650163251,0.0,0.0,0.0,1.3440847396850586e-05,1.3440847396850586e-05,0.0,0.0
1650163252,0.0,0.0,0.0,1.3440847396850586e-05,1.3440847396850586e-05,0.0,0.0
1650163253,0.0,0.0,0.0,1.3440847396850586e-05,1.3440847396850586e-05,0.0,0.0
1650163254,0.0,0.0,0.0,1.3440847396850586e-05,1.3440847396850586e-05,0.0,0.0
1650163255,0.0,0.0,0.0,1.3440847396850586e-05,1.3440847396850586e-05,0.0,0.0
1650163256,0.0,0.0,0.0,1.3440847396850586e-05,1.3440847396850586e-05,0.0,0.0
1650163257,0.0,7.6542e-06,0.0,1.3440847396850586e-05,1.3440847396850586e-05,0.0,0.0
1650163258,0.0,7.6542e-06,0.0,1.3440847396850586e-05,1.3440847396850586e-05,0.0,0.0
1650163259,0.0,0.0,0.0,1.3440847396850586e-05,1.3440847396850586e-05,0.0,0.0
1650163260,0.0,0.0,0.0,1.3440847396850586e-05,1.3440847396850586e-05,0.0,0.0
1650163261,0.0,0.0,0.0,1.3440847396850586e-05,1.3440847396850586e-05,0.0,0.0
1650163262,0.0,0.0,0.0,1.3440847396850586e-05,1.3440847396850586e-05,0.0,0.0
1650163263,0.0,0.0,0.0,1.3440847396850586e-05,1.3440847396850586e-05,0.0,0.0
1650163264,0.0,0.0,0.0,1.3440847396850586e-05,1.3440847396850586e-05,0.0,0.0
1650163265,0.0,0.0,0.0,1.3440847396850586e-05,1.3440847396850586e-05,0.0,0.0
1650163266,0.0,0.0,0.0,1.3440847396850586e-05,1.3440847396850586e-05,0.0,0.0
1650163267,0.0,0.0,0.0,1.3440847396850586e-05,1.3440847396850586e-05,0.0,0.0
1650163268,0.0,0.0,0.0,1.3440847396850586e-05,1.3440847396850586e-05,0.0,0.0
1650163269,0.0,0.0,0.0,1.3440847396850586e-05,1.3440847396850586e-05,0.0,0.0
1650163270,0.0,5.212e-06,0.0,1.3440847396850586e-05,1.3440847396850586e-05,0.0,0.0
1650163271,0.0,0.0,0.0,1.3440847396850586e-05,1.3440847396850586e-05,0.0,0.0
1650163272,0.0,0.0,0.0,1.3440847396850586e-05,1.3440847396850586e-05,0.0,0.0
1650163273,0.0,0.0,0.0,1.3440847396850586e-05,1.3440847396850586e-05,0.0,0.0
1650163274,0.0,1.2262e-05,0.0,1.3440847396850586e-05,1.3440847396850586e-05,0.0,0.0
1650163275,0.0,0.0,0.0,1.3440847396850586e-05,1.3440847396850586e-05,0.0,0.0
1650163276,0.0,0.0,0.0,1.3440847396850586e-05,1.3440847396850586e-05,0.0,0.0
1650163277,0.0,0.0,0.0,1.3440847396850586e-05,1.3440847396850586e-05,0.0,0.0
1650163278,0.0,0.0,0.0,1.3440847396850586e-05,1.3440847396850586e-05,0.0,0.0
1650163279,0.0,0.0,0.0,1.3440847396850586e-05,1.3440847396850586e-05,0.0,0.0
1650163280,0.0,0.0,0.0,1.3440847396850586e-05,1.3440847396850586e-05,0.0,0.0
1650163281,0.0,0.0,0.0,1.3440847396850586e-05,1.3440847396850586e-05,0.0,0.0
1650163282,0.0,0.0,0.0,1.3440847396850586e-05,1.3440847396850586e-05,0.0,0.0
1650163283,0.0,0.0,0.0,1.3440847396850586e-05,1.3440847396850586e-05,0.0,0.0
1650163284,0.0,0.0,0.0,1.3440847396850586e-05,1.3440847396850586e-05,0.0,0.0
1650163285,0.0,3.171625e-06,0.0,1.3440847396850586e-05,1.3440847396850586e-05,0.0,0.0
1650163286,0.0,0.0,0.0,1.3440847396850586e-05,1.3440847396850586e-05,0.0,0.0
1650163287,0.0,0.0,0.0,1.3440847396850586e-05,1.3440847396850586e-05,0.0,0.0
1650163288,0.0,0.0,0.0,1.3440847396850586e-05,1.3440847396850586e-05,0.0,0.0
1650163289,0.0,0.0,0.0,1.3440847396850586e-05,1.3440847396850586e-05,0.0,0.0
1650163290,0.0,0.0,0.0,1.3440847396850586e-05,1.3440847396850586e-05,0.0,0.0
1650163291,0.0,0.0,0.0,1.3440847396850586e-05,1.3440847396850586e-05,0.0,0.0
1650163292,0.0,0.0,0.0,1.3440847396850586e-05,1.3440847396850586e-05,0.0,0.0
1650163293,0.0,0.0,0.0,1.3440847396850586e-05,1.3440847396850586e-05,0.0,0.0
1650163294,0.0,0.0,0.0,1.3440847396850586e-05,1.3440847396850586e-05,0.0,0.0
1650163295,0.0,0.0,0.0,1.3440847396850586e-05,1.3440847396850586e-05,0.0,0.0
1650163296,0.0,0.0,0.0,1.3440847396850586e-05,1.3440847396850586e-05,0.0,0.0
1650163297,0.0,6.360142857142857e-06,0.0,1.3440847396850586e-05,1.3440847396850586e-05,0.0,0.0
1650163298,0.0,0.0,0.0,1.3440847396850586e-05,1.3440847396850586e-05,0.0,0.0
1650163299,0.0,0.0,0.0,1.3440847396850586e-05,1.3440847396850586e-05,0.0,0.0
1650163300,0.0,0.0,0.0,1.3440847396850586e-05,1.3440847396850586e-05,0.0,0.0
1650163301,0.0,0.0,0.0,1.3440847396850586e-05,1.3440847396850586e-05,0.0,0.0
1650163302,0.0,0.0,0.0,1.3440847396850586e-05,1.3440847396850586e-05,0.0,0.0
1650163303,0.0,0.0,0.0,1.3440847396850586e-05,1.3440847396850586e-05,0.0,0.0
1650163304,0.0,0.0,0.0,1.3440847396850586e-05,1.3440847396850586e-05,0.0,0.0
1650163305,0.0,0.0,0.0,1.3440847396850586e-05,1.3440847396850586e-05,0.0,0.0
1650163306,0.0,0.0,0.0,1.3440847396850586e-05,1.3440847396850586e-05,0.0,0.0
1650163307,0.0,8.7196e-06,0.0,1.3440847396850586e-05,1.3440847396850586e-05,0.0,0.0
1650163308,0.0,8.7196e-06,0.0,1.3440847396850586e-05,1.3440847396850586e-05,0.0,0.0
1650163309,0.0,0.0,0.0,1.3440847396850586e-05,1.3440847396850586e-05,0.0,0.0
1650163310,0.0,0.0,0.0,1.3440847396850586e-05,1.3440847396850586e-05,0.0,0.0
1650163311,0.0,0.0,0.0,1.3440847396850586e-05,1.3440847396850586e-05,0.0,0.0
1650163312,0.0,0.0,0.0,1.3440847396850586e-05,1.3440847396850586e-05,0.0,0.0
1650163313,0.0,0.0,0.0,1.3440847396850586e-05,1.3440847396850586e-05,0.0,0.0
1650163314,0.0,0.0,0.0,1.3440847396850586e-05,1.3440847396850586e-05,0.0,0.0
1650163315,0.0,0.0,0.0,1.3440847396850586e-05,1.3440847396850586e-05,0.0,0.0
1650163316,0.0,7.0576e-06,0.0,1.3440847396850586e-05,1.3440847396850586e-05,0.0,0.0
1650163317,0.0,0.0,0.0,1.3440847396850586e-05,1.3440847396850586e-05,0.0,0.0
1650163318,0.0,0.0,0.0,1.3440847396850586e-05,1.3440847396850586e-05,0.0,0.0
1650163319,0.0,0.0,0.0,1.3440847396850586e-05,1.3440847396850586e-05,0.0,0.0
1650163320,0.0,0.0,0.0,1.3440847396850586e-05,1.3440847396850586e-05,0.0,0.0
1650163321,0.0,0.0,0.0,1.3440847396850586e-05,1.3440847396850586e-05,0.0,0.0
1650163322,0.0,0.0,0.0,1.3440847396850586e-05,1.3440847396850586e-05,0.0,0.0
1650163323,0.0,0.0,0.0,1.3440847396850586e-05,1.3440847396850586e-05,0.0,0.0
1650163324,0.0,0.0,0.0,1.3440847396850586e-05,1.3440847396850586e-05,0.0,0.0
1650163325,0.0,0.0,0.0,1.3440847396850586e-05,1.3440847396850586e-05,0.0,0.0
1650163326,0.0,0.0,0.0,1.3440847396850586e-05,1.3440847396850586e-05,0.0,0.0
1650163327,0.0,0.0,0.0,1.3440847396850586e-05,1.3440847396850586e-05,0.0,0.0
1650163328,0.0,5.124125e-06,0.0,1.3440847396850586e-05,1.3440847396850586e-05,0.0,0.0
1650163329,0.0,5.124125e-06,0.0,1.3440847396850586e-05,1.3440847396850586e-05,0.0,0.0
1650163330,0.0,0.008962947,0.0,1.373887062072754e-05,1.373887062072754e-05,4996.5,7604.5
1650163331,0.0,0.008962947,0.0,1.373887062072754e-05,1.373887062072754e-05,4996.5,7604.5
1650163332,0.005,0.0048044535,0.0,1.3947486877441406e-05,1.3947486877441406e-05,2389.0,4070.5
1650163333,0.01,0.003657026,0.0,1.3530254364013672e-05,1.3530254364013672e-05,1592.0,6254.0
1650163334,0.01,0.003657026,0.0,1.3530254364013672e-05,1.3530254364013672e-05,1592.0,6254.0
1650163335,0.005,0.0044437645,0.005,1.3589859008789062e-05,1.3589859008789062e-05,2389.5,4073.5
1650163336,0.0,0.011912653,0.0,1.3440847396850586e-05,1.3440847396850586e-05,6372.0,10862.0
1650163337,0.0,0.005606309,0.0,1.385807991027832e-05,1.385807991027832e-05,3185.0,5425.0
1650163338,0.0,0.005606309,0.0,1.385807991027832e-05,1.385807991027832e-05,3185.0,5425.0
1650163339,0.0,0.002887321,0.005,1.3560056686401367e-05,1.3560056686401367e-05,1613.0,2737.0
1650163340,0.0,0.002887321,0.005,1.3560056686401367e-05,1.3560056686401367e-05,1613.0,2737.0
1650163341,0.0,0.004386512,0.0,1.347064971923828e-05,1.347064971923828e-05,2012.5,3528.5
1650163342,0.0,0.004386512,0.0,1.347064971923828e-05,1.347064971923828e-05,2012.5,3528.5
1650163343,0.0,0.0031873585,0.0,1.3440847396850586e-05,1.3440847396850586e-05,1989.0,2714.5
1650163344,0.01,0.009073337,0.0,1.347064971923828e-05,1.347064971923828e-05,5175.0,10019.0
1650163345,0.01,0.009073337,0.0,1.347064971923828e-05,1.347064971923828e-05,5175.0,10019.0
1650163346,0.0,0.003238166,0.0,1.3530254364013672e-05,1.3530254364013672e-05,1593.0,2715.0
1650163347,0.0,0.003238166,0.0,1.3530254364013672e-05,1.3530254364013672e-05,1593.0,2715.0
1650163348,0.005,0.005994011,0.005,1.3679265975952148e-05,1.3679265975952148e-05,3186.0,5431.5
1650163349,0.005,0.005994011,0.005,1.3679265975952148e-05,1.3679265975952148e-05,3186.0,5431.5
1650163350,0.0,0.004439833,0.0,1.3530254364013672e-05,1.3530254364013672e-05,2389.5,4069.5
1650163351,0.0,0.011130773,0.01,1.3440847396850586e-05,1.3440847396850586e-05,5685.0,9827.0
1650163352,0.0,0.011130773,0.01,1.3440847396850586e-05,1.3440847396850586e-05,5685.0,9827.0
1650163353,0.0,0.003234389,0.0,1.3440847396850586e-05,1.3440847396850586e-05,1988.5,2712.0
1650163354,0.0,0.003327897,0.0,1.347064971923828e-05,1.347064971923828e-05,1989.0,5395.0
1650163355,0.0,0.008773576,0.0,1.3977289199829102e-05,1.3977289199829102e-05,4779.0,8147.0
1650163356,0.0,0.008773576,0.0,1.3977289199829102e-05,1.3977289199829102e-05,4779.0,8147.0
1650163357,0.005,0.003168359,0.0,1.3619661331176758e-05,1.3619661331176758e-05,1592.5,2715.5
1650163358,0.005,0.003168359,0.0,1.3619661331176758e-05,1.3619661331176758e-05,1592.5,2715.5
1650163359,0.0,0.002934315,0.005,1.3768672943115234e-05,1.3768672943115234e-05,1480.0,2577.5
1650163360,0.0,0.000704844,0.0,1.3440847396850586e-05,1.3440847396850586e-05,290.0,262.0
1650163361,0.0,0.003604499,0.0,1.3321638107299805e-05,1.3321638107299805e-05,1659.0,3508.0
1650163362,0.0,0.003604499,0.0,1.3321638107299805e-05,1.3321638107299805e-05,1659.0,3508.0
1650163363,0.0,0.0024625715,0.0,1.3500452041625977e-05,1.3500452041625977e-05,1183.5,1777.5
1650163364,0.0,0.0024625715,0.0,1.3500452041625977e-05,1.3500452041625977e-05,1183.5,1777.5
1650163365,0.0,0.001630323,0.0,1.3768672943115234e-05,1.3768672943115234e-05,816.5,2597.5
1650163366,0.0,0.001630323,0.0,1.3768672943115234e-05,1.3768672943115234e-05,816.5,2597.5
1650163367,0.0,0.001586092,0.0,1.4603137969970705e-05,1.4603137969970705e-05,855.5,1264.0
1650163368,0.0,0.000651572,0.0,1.424551010131836e-05,1.424551010131836e-05,364.0,696.0
1650163369,0.0,0.000651572,0.0,1.424551010131836e-05,1.424551010131836e-05,364.0,696.0
1650163370,0.0,0.001505308,0.0,1.4662742614746094e-05,1.4662742614746094e-05,816.5,1227.0
1650163371,0.0,0.002683746,0.0,1.5795230865478516e-05,1.5795230865478516e-05,1303.0,2226.0
1650163372,0.0,0.000629088,0.0,1.5348196029663086e-05,1.5348196029663086e-05,364.0,988.0
1650163373,0.0,0.000629088,0.0,1.5348196029663086e-05,1.5348196029663086e-05,364.0,988.0
1650163374,0.0,0.0003824155,0.0,1.4483928680419922e-05,1.4483928680419922e-05,178.0,565.0
1650163375,0.0,0.003810563,0.0,1.4454126358032228e-05,1.4454126358032228e-05,1659.0,3376.0
1650163376,0.0,0.0,0.0,1.4454126358032228e-05,1.4454126358032228e-05,0.0,0.0
1650163377,0.0,0.0,0.0,1.4454126358032228e-05,1.4454126358032228e-05,0.0,0.0
1650163378,0.0,0.0,0.0,1.4454126358032228e-05,1.4454126358032228e-05,0.0,0.0
1650163379,0.0,0.0,0.0,1.4454126358032228e-05,1.4454126358032228e-05,0.0,0.0
1650163380,0.0,0.00108366525,0.0,1.4901161193847656e-05,1.4901161193847656e-05,527.75,799.0
1650163381,0.0,0.002818125,0.0,1.570582389831543e-05,1.570582389831543e-05,1633.0,2454.0
1650163382,0.0,0.002818125,0.0,1.570582389831543e-05,1.570582389831543e-05,1633.0,2454.0
1650163383,0.0,0.0024472415,0.0,1.4901161193847656e-05,1.4901161193847656e-05,1321.5,1969.0
1650163384,0.0,0.0024472415,0.0,1.4901161193847656e-05,1.4901161193847656e-05,1321.5,1969.0
1650163385,0.0,0.002951843,0.0,1.4930963516235352e-05,1.4930963516235352e-05,1612.5,2878.5
1650163386,0.01,0.003691698,0.0,1.4543533325195312e-05,1.4543533325195312e-05,1949.0,2977.0
1650163387,0.01,0.003691698,0.0,1.4543533325195312e-05,1.4543533325195312e-05,1949.0,2977.0
1650163388,0.0,0.0031397685,0.0,1.4543533325195312e-05,1.4543533325195312e-05,1659.0,2715.5
1650163389,0.0,0.003123172,0.0,1.4781951904296877e-05,1.4781951904296877e-05,1303.0,3408.0
1650163390,0.0,0.003123172,0.0,1.4781951904296877e-05,1.4781951904296877e-05,1303.0,3408.0
1650163391,0.0,0.0003493615,0.0,1.4394521713256836e-05,1.4394521713256836e-05,112.0,458.0
1650163392,0.0,0.005016492,0.0,1.4960765838623049e-05,1.4960765838623049e-05,2143.0,3294.0
1650163393,0.0,0.005016492,0.0,1.4960765838623049e-05,1.4960765838623049e-05,2143.0,3294.0
1650163394,0.0,0.0018568995,0.0,1.5348196029663086e-05,1.5348196029663086e-05,1037.5,2079.0
1650163395,0.0,0.0,0.0,1.5348196029663086e-05,1.5348196029663086e-05,0.0,0.0
1650163396,0.0,0.0,0.0,1.5348196029663086e-05,1.5348196029663086e-05,0.0,0.0
1650163397,0.0,0.0,0.0,1.5348196029663086e-05,1.5348196029663086e-05,0.0,0.0
1650163398,0.0,0.000242573,0.0,1.4573335647583008e-05,1.4573335647583008e-05,96.66666666666669,131.33333333333334
1650163399,0.0,0.000242573,0.0,1.4573335647583008e-05,1.4573335647583008e-05,96.66666666666669,131.33333333333334
1650163400,0.0,0.0018672565,0.0,1.4573335647583008e-05,1.4573335647583008e-05,994.5,1358.0
1650163401,0.0,0.0,0.0,1.4573335647583008e-05,1.4573335647583008e-05,66.0,66.0
1650163402,0.01,0.007463547,0.0,1.5616416931152344e-05,1.5616416931152344e-05,3891.0,6464.0
1650163403,0.01,0.007463547,0.0,1.5616416931152344e-05,1.5616416931152344e-05,3891.0,6464.0
1650163404,0.0,0.000473959,0.0,1.4901161193847656e-05,1.4901161193847656e-05,234.0,880.0
1650163405,0.0,0.000473959,0.0,1.4901161193847656e-05,1.4901161193847656e-05,234.0,880.0
1650163406,0.0,0.002263769,0.0,1.4483928680419922e-05,1.4483928680419922e-05,1071.5,1738.5
1650163407,0.01,0.0032019,0.0,1.3500452041625977e-05,1.3500452041625977e-05,2001.0,3010.0
1650163408,0.01,0.0032019,0.0,1.3500452041625977e-05,1.3500452041625977e-05,2001.0,3010.0
1650163409,0.0,0.001628485,0.0,1.385807991027832e-05,1.385807991027832e-05,994.5,1358.0
1650163410,0.0,0.003082678,0.0,1.3530254364013672e-05,1.3530254364013672e-05,1671.0,3007.0
1650163411,0.0,0.003082678,0.0,1.3530254364013672e-05,1.3530254364013672e-05,1671.0,3007.0
1650163412,0.0,0.001634552,0.0,1.3530254364013672e-05,1.3530254364013672e-05,829.5,1358.0
1650163413,0.0,0.001634552,0.0,1.3530254364013672e-05,1.3530254364013672e-05,829.5,1358.0
1650163414,0.005,0.001511477,0.0,1.3709068298339844e-05,1.3709068298339844e-05,690.0,2185.0
1650163415,0.0,0.0,0.0,1.3709068298339844e-05,1.3709068298339844e-05,0.0,0.0
1650163416,0.0,0.0,0.0,1.3709068298339844e-05,1.3709068298339844e-05,0.0,0.0
1650163417,0.0,0.002475522,0.0,1.385807991027832e-05,1.385807991027832e-05,1146.5,1701.0
1650163418,0.0,0.002475522,0.0,1.385807991027832e-05,1.385807991027832e-05,1146.5,1701.0
1650163419,0.0,7.3636e-05,0.0,1.385807991027832e-05,1.385807991027832e-05,95.0,271.0
1650163420,0.0,7.3636e-05,0.0,1.385807991027832e-05,1.385807991027832e-05,95.0,271.0
1650163421,0.0,0.000272463,0.0,1.3500452041625977e-05,1.3500452041625977e-05,145.0,131.0
1650163422,0.0,0.002714477,0.0,1.385807991027832e-05,1.385807991027832e-05,1633.0,2454.0
1650163423,0.0,0.002714477,0.0,1.385807991027832e-05,1.385807991027832e-05,1633.0,2454.0
1650163424,0.0,0.0003311025,0.0,1.3530254364013672e-05,1.3530254364013672e-05,145.0,131.0
1650163425,0.0,0.0003311025,0.0,1.3530254364013672e-05,1.3530254364013672e-05,145.0,131.0
1650163426,0.005,0.0030095205,0.0,1.3530254364013672e-05,1.3530254364013672e-05,1923.0,2715.5
1650163427,0.0,0.003070273,0.0,1.3500452041625977e-05,1.3500452041625977e-05,1659.0,2848.0
1650163428,0.0,0.003070273,0.0,1.3500452041625977e-05,1.3500452041625977e-05,1659.0,2848.0
1650163429,0.0,0.0015864225,0.0,1.379847526550293e-05,1.379847526550293e-05,651.5,1447.0
1650163430,0.0,0.0,0.0,1.373887062072754e-05,1.373887062072754e-05,0.0,74.0
1650163431,0.0,0.0,0.0,1.373887062072754e-05,1.373887062072754e-05,0.0,74.0
1650163432,0.0,0.002197109,0.0,1.4781951904296877e-05,1.4781951904296877e-05,1075.5,1754.0
1650163433,0.0,0.002197109,0.0,1.4781951904296877e-05,1.4781951904296877e-05,1075.5,1754.0
1650163434,0.0,2.69735e-05,0.0,1.4781951904296877e-05,1.4781951904296877e-05,0.0,0.0
1650163435,0.0,0.001258099,0.0,1.373887062072754e-05,1.373887062072754e-05,728.0,1024.0
1650163436,0.0,0.001258099,0.0,1.373887062072754e-05,1.373887062072754e-05,728.0,1024.0
1650163437,0.0,0.0014190705,0.0,1.537799835205078e-05,1.537799835205078e-05,816.5,1227.0
1650163438,0.0,0.000587047,0.0,1.3530254364013672e-05,1.3530254364013672e-05,290.0,262.0
1650163439,0.0,0.002713719,0.0,1.4573335647583008e-05,1.4573335647583008e-05,1699.0,2451.0
1650163440,0.0,0.002713719,0.0,1.4573335647583008e-05,1.4573335647583008e-05,1699.0,2451.0
1650163441,0.0,0.0021088545,0.0,1.3530254364013672e-05,1.3530254364013672e-05,1139.5,1554.5
1650163442,0.0,0.008447148,0.0,1.3887882232666016e-05,1.3887882232666016e-05,3595.0,6442.0
1650163443,0.0,0.000719454,0.0,1.3530254364013672e-05,1.3530254364013672e-05,364.0,1689.0
1650163444,0.0,0.000719454,0.0,1.3530254364013672e-05,1.3530254364013672e-05,364.0,1689.0
1650163445,0.0,0.0,0.0,1.3530254364013672e-05,1.3530254364013672e-05,0.0,0.0
1650163446,0.0,0.0,0.0,1.3530254364013672e-05,1.3530254364013672e-05,0.0,0.0
1650163447,0.0,0.003133694,0.0,1.373887062072754e-05,1.373887062072754e-05,1923.0,2715.5
1650163448,0.0,0.003133694,0.0,1.373887062072754e-05,1.373887062072754e-05,1923.0,2715.5
1650163449,0.0,0.001706563,0.0,1.3530254364013672e-05,1.3530254364013672e-05,961.5,1358.0
1650163450,0.0,0.00323712,0.0,1.3828277587890623e-05,1.3828277587890623e-05,1659.0,2716.0
1650163451,0.0,0.00323712,0.0,1.3828277587890623e-05,1.3828277587890623e-05,1659.0,2716.0
1650163452,0.0,0.0,0.0,1.3500452041625977e-05,1.3500452041625977e-05,0.0,0.0
1650163453,0.0,7.4093e-05,0.0,1.3500452041625977e-05,1.3500452041625977e-05,0.0,0.0
1650163454,0.0,0.0,0.0,1.3500452041625977e-05,1.3500452041625977e-05,0.0,0.0
1650163455,0.0,0.0,0.0,1.3500452041625977e-05,1.3500452041625977e-05,0.0,0.0
1650163456,0.0,0.0,0.0,1.3500452041625977e-05,1.3500452041625977e-05,0.0,0.0
1650163457,0.0,0.0028247203333333,0.0033333333333333,1.385807991027832e-05,1.385807991027832e-05,1198.6666666666667,2147.333333333333
1650163458,0.0,0.0028247203333333,0.0033333333333333,1.385807991027832e-05,1.385807991027832e-05,1198.6666666666667,2147.333333333333
1650163459,0.0,6.65295e-05,0.0,1.385807991027832e-05,1.385807991027832e-05,74.0,250.0
1650163460,0.0,0.00057994,0.0,1.3530254364013672e-05,1.3530254364013672e-05,290.0,262.0
1650163461,0.0,0.00057994,0.0,1.3530254364013672e-05,1.3530254364013672e-05,290.0,262.0
1650163462,0.0,0.001395883,0.0,1.3828277587890623e-05,1.3828277587890623e-05,816.5,1227.0
1650163463,0.0,0.000167927,0.0,1.3828277587890623e-05,1.3828277587890623e-05,0.0,990.0
1650163464,0.0,0.000167927,0.0,1.3828277587890623e-05,1.3828277587890623e-05,0.0,990.0
1650163465,0.0,0.001465691,0.0,1.4573335647583008e-05,1.4573335647583008e-05,923.5,1541.0
1650163466,0.0,0.003617183,0.0,1.4334917068481444e-05,1.4334917068481444e-05,2279.0,2978.0
1650163467,0.01,0.003048764,0.0,1.4543533325195312e-05,1.4543533325195312e-05,1303.0,3408.0
1650163468,0.01,0.003048764,0.0,1.4543533325195312e-05,1.4543533325195312e-05,1303.0,3408.0
1650163469,0.0,0.0027829855,0.0,1.519918441772461e-05,1.519918441772461e-05,1167.5,1832.0
1650163470,0.0,0.0027829855,0.0,1.519918441772461e-05,1.519918441772461e-05,1167.5,1832.0
1650163471,0.0,0.0004235715,0.0,1.4424324035644531e-05,1.4424324035644531e-05,182.0,348.0
1650163472,0.0,0.002494645,0.0,1.475214958190918e-05,1.475214958190918e-05,1633.0,2454.0
1650163473,0.0,0.004261159,0.0,1.4573335647583008e-05,1.4573335647583008e-05,2213.0,4712.0
1650163474,0.0,0.004261159,0.0,1.4573335647583008e-05,1.4573335647583008e-05,2213.0,4712.0
1650163475,0.0,0.0015993155,0.0,1.4781951904296877e-05,1.4781951904296877e-05,961.5,1461.0
1650163476,0.0,0.0015993155,0.0,1.4781951904296877e-05,1.4781951904296877e-05,961.5,1461.0
1650163477,0.0,0.0016322555,0.0,1.4632940292358398e-05,1.4632940292358398e-05,866.5,1570.5
1650163478,0.0,0.0016322555,0.0,1.4632940292358398e-05,1.4632940292358398e-05,866.5,1570.5
1650163479,0.0,0.0,0.0,1.4483928680419922e-05,1.4483928680419922e-05,0.0,0.0
1650163480,0.0,0.0,0.0,1.4483928680419922e-05,1.4483928680419922e-05,0.0,0.0
1650163481,0.0,0.004416004,0.0,1.3560056686401367e-05,1.3560056686401367e-05,2020.0,3599.5
1650163482,0.01,0.003683784,0.01,1.3530254364013672e-05,1.3530254364013672e-05,2071.0,2996.0
1650163483,0.0,0.006391608,0.0,1.4126300811767578e-05,1.4126300811767578e-05,3622.0,6281.0
1650163484,0.0,0.006391608,0.0,1.4126300811767578e-05,1.4126300811767578e-05,3622.0,6281.0
1650163485,0.0,0.000344416,0.0,1.3500452041625977e-05,1.3500452041625977e-05,252.0,381.0
1650163486,0.0,0.0,0.0,1.3500452041625977e-05,1.3500452041625977e-05,0.0,0.0
1650163487,0.0,0.0,0.0,1.3500452041625977e-05,1.3500452041625977e-05,0.0,0.0
1650163488,0.0,0.0015548015,0.0,1.3500452041625977e-05,1.3500452041625977e-05,895.5,1357.5
1650163489,0.0,0.003163813,0.0,1.3500452041625977e-05,1.3500452041625977e-05,1593.0,2715.0
1650163490,0.0,0.003163813,0.0,1.3500452041625977e-05,1.3500452041625977e-05,1593.0,2715.0
1650163491,0.0,0.0018094555,0.0,1.341104507446289e-05,1.341104507446289e-05,829.0,1549.0
1650163492,0.0,0.006873469,0.0,1.3440847396850586e-05,1.3440847396850586e-05,3936.0,6116.0
1650163493,0.0,0.00942274,0.0,1.5348196029663086e-05,1.5348196029663086e-05,5421.0,9155.0
1650163494,0.0,0.00942274,0.0,1.5348196029663086e-05,1.5348196029663086e-05,5421.0,9155.0
1650163495,0.01,0.006762908,0.0,1.3947486877441406e-05,1.3947486877441406e-05,3536.5,5691.5
1650163496,0.01,0.006762908,0.0,1.3947486877441406e-05,1.3947486877441406e-05,3536.5,5691.5
1650163497,0.01,0.007555308,0.005,1.3530254364013672e-05,1.3530254364013672e-05,4015.0,6785.5
1650163498,0.0,0.01156385,0.0,1.3530254364013672e-05,1.3530254364013672e-05,6371.0,10857.0
1650163499,0.0,0.01156385,0.0,1.3530254364013672e-05,1.3530254364013672e-05,6371.0,10857.0
1650163500,0.005,0.002934903,0.0,1.3500452041625977e-05,1.3500452041625977e-05,1593.0,2715.0
1650163501,0.01,0.005821521,0.0,1.3500452041625977e-05,1.3500452041625977e-05,3185.0,5429.0
1650163502,0.01,0.007607111,0.0,1.3530254364013672e-05,1.3530254364013672e-05,3606.0,6245.0
1650163503,0.01,0.007607111,0.0,1.3530254364013672e-05,1.3530254364013672e-05,3606.0,6245.0
1650163504,0.01,0.004895502,0.005,1.3500452041625977e-05,1.3500452041625977e-05,2892.5,5693.0
1650163505,0.01,0.004895502,0.005,1.3500452041625977e-05,1.3500452041625977e-05,2892.5,5693.0
1650163506,0.0,0.0073364305,0.005,1.3500452041625977e-05,1.3500452041625977e-05,3419.0,5564.0
1650163507,0.01,0.015377577,0.0,1.3619661331176758e-05,1.3619661331176758e-05,8163.0,13625.0
1650163508,0.01,0.015377577,0.0,1.3619661331176758e-05,1.3619661331176758e-05,8163.0,13625.0
1650163509,0.005,0.0058160515,0.0,1.3589859008789062e-05,1.3589859008789062e-05,3207.0,5450.5
1650163510,0.005,0.0058160515,0.0,1.3589859008789062e-05,1.3589859008789062e-05,3207.0,5450.5
1650163511,0.005,0.0057484905,0.0,1.3500452041625977e-05,1.3500452041625977e-05,3218.0,5457.5
1650163512,0.005,0.0057484905,0.0,1.3500452041625977e-05,1.3500452041625977e-05,3218.0,5457.5
1650163513,0.005,0.006832636,0.0,1.3560056686401367e-05,1.3560056686401367e-05,3495.0,5835.0
1650163514,0.01,0.009794625,0.0,1.4007091522216795e-05,1.4007091522216795e-05,5586.0,12350.0
1650163515,0.01,0.009794625,0.0,1.4007091522216795e-05,1.4007091522216795e-05,5586.0,12350.0
1650163516,0.0,0.0044707455,0.0,1.4066696166992188e-05,1.4066696166992188e-05,2657.5,4143.5
1650163517,0.0,0.008749655,0.01,1.3500452041625977e-05,1.3500452041625977e-05,4845.0,8146.0
1650163518,0.0,0.008749655,0.01,1.3500452041625977e-05,1.3500452041625977e-05,4845.0,8146.0
1650163519,0.0,0.0031011235,0.0,1.3500452041625977e-05,1.3500452041625977e-05,1593.0,2712.0
1650163520,0.0,0.008533165,0.0,1.3500452041625977e-05,1.3500452041625977e-05,4844.0,8202.0
1650163521,0.0,0.008533165,0.0,1.3500452041625977e-05,1.3500452041625977e-05,4844.0,8202.0
1650163522,0.005,0.005778147,0.005,1.3500452041625977e-05,1.3500452041625977e-05,3186.0,5432.0
1650163523,0.005,0.005778147,0.005,1.3500452041625977e-05,1.3500452041625977e-05,3186.0,5432.0
1650163524,0.0,0.005099498,0.0,1.3500452041625977e-05,1.3500452041625977e-05,3495.0,6331.5
1650163525,0.01,0.015119096,0.0,1.3560056686401367e-05,1.3560056686401367e-05,10627.0,16970.0
1650163526,0.01,0.015119096,0.0,1.3560056686401367e-05,1.3560056686401367e-05,10627.0,16970.0
1650163527,0.005,0.0037700815,0.005,1.3589859008789062e-05,1.3589859008789062e-05,2525.5,4142.0
1650163528,0.0,0.002248596,0.0,1.3500452041625977e-05,1.3500452041625977e-05,1659.0,2715.0
1650163529,0.0,0.002248596,0.0,1.3500452041625977e-05,1.3500452041625977e-05,1659.0,2715.0
1650163530,0.0,0.0037056715,0.0,1.3500452041625977e-05,1.3500452041625977e-05,2388.5,4072.5
1650163531,0.01,0.004784246,0.0,1.3500452041625977e-05,1.3500452041625977e-05,3185.0,5432.0
1650163532,0.01,0.004784246,0.0,1.3500452041625977e-05,1.3500452041625977e-05,3185.0,5432.0
1650163533,0.0,0.005081873,0.0,1.3440847396850586e-05,1.3440847396850586e-05,3185.0,7395.5
1650163534,0.0,0.007860309,0.0,1.3530254364013672e-05,1.3530254364013672e-05,5594.0,8558.0
1650163535,0.0,0.007860309,0.0,1.3530254364013672e-05,1.3530254364013672e-05,5594.0,8558.0
1650163536,0.0,0.0049604855,0.005,1.385807991027832e-05,1.385807991027832e-05,3557.0,5702.5
1650163537,0.0,0.0049604855,0.005,1.385807991027832e-05,1.385807991027832e-05,3557.0,5702.5
1650163538,0.005,0.0062081685,0.0,1.3589859008789062e-05,1.3589859008789062e-05,4217.5,6924.5
1650163539,0.01,0.004861051,0.0,1.3679265975952148e-05,1.3679265975952148e-05,3186.0,5430.0
1650163540,0.01,0.004861051,0.0,1.3679265975952148e-05,1.3679265975952148e-05,3186.0,5430.0
1650163541,0.0,0.004675913,0.0,1.3500452041625977e-05,1.3500452041625977e-05,3219.0,5432.0
1650163542,0.0,0.004675913,0.0,1.3500452041625977e-05,1.3500452041625977e-05,3219.0,5432.0
1650163543,0.0,0.001397041,0.0,1.3530254364013672e-05,1.3530254364013672e-05,796.0,1354.5
1650163544,0.0,0.001397041,0.0,1.3530254364013672e-05,1.3530254364013672e-05,796.0,1354.5
1650163545,0.005,0.004189538,0.0,1.4424324035644531e-05,1.4424324035644531e-05,2598.5,6666.0
1650163546,0.0,0.005686993,0.01,1.3530254364013672e-05,1.3530254364013672e-05,3862.0,5975.0
1650163547,0.0,0.002593878,0.0,1.3500452041625977e-05,1.3500452041625977e-05,1923.0,2716.0
1650163548,0.0,0.002593878,0.0,1.3500452041625977e-05,1.3500452041625977e-05,1923.0,2716.0
1650163549,0.0,0.0025236425,0.0,1.3500452041625977e-05,1.3500452041625977e-05,1816.0,2873.0
1650163550,0.0,0.0025236425,0.0,1.3500452041625977e-05,1.3500452041625977e-05,1816.0,2873.0
1650163551,0.005,0.0024383535,0.005,1.3500452041625977e-05,1.3500452041625977e-05,1659.0,2715.5
1650163552,0.0,0.009025179,0.0,1.3500452041625977e-05,1.3500452041625977e-05,6438.0,10859.0
1650163553,0.01,0.004945625,0.0,1.3530254364013672e-05,1.3530254364013672e-05,3186.0,8108.0
1650163554,0.01,0.004945625,0.0,1.3530254364013672e-05,1.3530254364013672e-05,3186.0,8108.0
1650163555,0.005,0.0047006965,0.005,1.3619661331176758e-05,1.3619661331176758e-05,3185.0,5626.0
1650163556,0.005,0.0047006965,0.005,1.3619661331176758e-05,1.3619661331176758e-05,3185.0,5626.0
1650163557,0.005,0.0043974595,0.005,1.3530254364013672e-05,1.3530254364013672e-05,2937.0,4552.5
1650163558,0.005,0.0043974595,0.005,1.3530254364013672e-05,1.3530254364013672e-05,2937.0,4552.5
1650163559,0.0,0.0025289165,0.0,1.3530254364013672e-05,1.3530254364013672e-05,1824.0,2715.5
1650163560,0.0,0.0025289165,0.0,1.3530254364013672e-05,1.3530254364013672e-05,1824.0,2715.5
1650163561,0.0,0.002638681,0.0,1.3560056686401367e-05,1.3560056686401367e-05,1728.5,2840.5
1650163562,0.0,0.009707208,0.0,1.3500452041625977e-05,1.3500452041625977e-05,3318.0,5423.0
1650163563,0.0,0.009707208,0.0,1.3500452041625977e-05,1.3500452041625977e-05,3318.0,5423.0
1650163564,0.0,0.0025555295,0.0,1.3530254364013672e-05,1.3530254364013672e-05,1626.0,4499.0
1650163565,0.0,0.0025555295,0.0,1.3530254364013672e-05,1.3530254364013672e-05,1626.0,4499.0
1650163566,0.005,0.00252407,0.005,1.4156103134155272e-05,1.4156103134155272e-05,1593.0,2913.5
1650163567,0.0,0.012402415,0.0,1.3560056686401367e-05,1.3560056686401367e-05,7797.0,11828.0
1650163568,0.0,0.012402415,0.0,1.3560056686401367e-05,1.3560056686401367e-05,7797.0,11828.0
1650163569,0.0,0.0023445025,0.0,1.3500452041625977e-05,1.3500452041625977e-05,1725.0,2715.0
1650163570,0.01,0.010512927,0.0,1.3560056686401367e-05,1.3560056686401367e-05,6370.0,10864.0
1650163571,0.0,0.004924711,0.0,1.3560056686401367e-05,1.3560056686401367e-05,3326.0,5696.0
1650163572,0.0,0.004924711,0.0,1.3560056686401367e-05,1.3560056686401367e-05,3326.0,5696.0
1650163573,0.0,0.0041245295,0.0,1.3560056686401367e-05,1.3560056686401367e-05,2488.0,4564.0
1650163574,0.01,0.007286795,0.01,1.3560056686401367e-05,1.3560056686401367e-05,4779.0,8148.0
1650163575,0.0,0.002292029,0.0,1.3649463653564451e-05,1.3649463653564451e-05,1593.0,2715.0
1650163576,0.0,0.002292029,0.0,1.3649463653564451e-05,1.3649463653564451e-05,1593.0,2715.0
1650163577,0.0,0.0037034945,0.0,1.3530254364013672e-05,1.3530254364013672e-05,2389.5,4268.0
1650163578,0.01,0.00320205,0.0,1.3440847396850586e-05,1.3440847396850586e-05,2013.0,3400.0
1650163579,0.0,0.010448531,0.0,1.4096498489379885e-05,1.4096498489379885e-05,7642.0,11142.0
1650163580,0.0,0.010448531,0.0,1.4096498489379885e-05,1.4096498489379885e-05,7642.0,11142.0
1650163581,0.0,0.003735804,0.0,1.3500452041625977e-05,1.3500452041625977e-05,2389.5,4074.0
1650163582,0.0,0.007443376,0.01,1.3500452041625977e-05,1.3500452041625977e-05,4917.0,8405.0
1650163583,0.01,0.005283822,0.01,1.3619661331176758e-05,1.3619661331176758e-05,3317.0,8967.0
1650163584,0.01,0.005283822,0.01,1.3619661331176758e-05,1.3619661331176758e-05,3317.0,8967.0
1650163585,0.0,0.003776995,0.0,1.3500452041625977e-05,1.3500452041625977e-05,2421.5,4065.5
1650163586,0.0,0.003038886,0.0,1.3500452041625977e-05,1.3500452041625977e-05,1592.0,2709.0
1650163587,0.0,0.003038886,0.0,1.3500452041625977e-05,1.3500452041625977e-05,1592.0,2709.0
1650163588,0.005,0.003945334,0.0,1.4334917068481444e-05,1.4334917068481444e-05,2471.5,4503.0
1650163589,0.005,0.003945334,0.0,1.4334917068481444e-05,1.4334917068481444e-05,2471.5,4503.0
1650163590,0.005,0.003067081,0.005,1.3530254364013672e-05,1.3530254364013672e-05,2145.5,2979.5
1650163591,0.0,0.007327977,0.0,1.3500452041625977e-05,1.3500452041625977e-05,5307.0,8200.0
1650163592,0.0,0.007327977,0.0,1.3500452041625977e-05,1.3500452041625977e-05,5307.0,8200.0
1650163593,0.005,0.0053417825,0.0,1.3887882232666016e-05,1.3887882232666016e-05,3321.5,8185.5
1650163594,0.005,0.0053417825,0.0,1.3887882232666016e-05,1.3887882232666016e-05,3321.5,8185.5
1650163595,0.0,0.003514155,0.0,1.3500452041625977e-05,1.3500452041625977e-05,2422.0,4073.0
1650163596,0.0,0.002346806,0.01,1.3500452041625977e-05,1.3500452041625977e-05,1593.0,2716.0
1650163597,0.0,0.004734213,0.0,1.3500452041625977e-05,1.3500452041625977e-05,3186.0,5423.0
1650163598,0.0,0.004734213,0.0,1.3500452041625977e-05,1.3500452041625977e-05,3186.0,5423.0
1650163599,0.0,0.005522603,0.0,1.3530254364013672e-05,1.3530254364013672e-05,3494.0,5831.5
1650163600,0.0,0.005522603,0.0,1.3530254364013672e-05,1.3530254364013672e-05,3494.0,5831.5
1650163601,0.0,0.003071887,0.0,1.3500452041625977e-05,1.3500452041625977e-05,2311.0,3435.0
1650163602,0.01,0.006796951,0.0,1.379847526550293e-05,1.379847526550293e-05,4415.0,7254.0
1650163603,0.01,0.006796951,0.0,1.379847526550293e-05,1.379847526550293e-05,4415.0,7254.0
1650163604,0.0,0.0041846065,0.0,1.3500452041625977e-05,1.3500452041625977e-05,2458.5,6812.5
1650163605,0.0,0.0041846065,0.0,1.3500452041625977e-05,1.3500452041625977e-05,2458.5,6812.5
1650163606,0.005,0.003575866,0.0,1.3530254364013672e-05,1.3530254364013672e-05,2488.0,4073.5
1650163607,0.005,0.003575866,0.0,1.3530254364013672e-05,1.3530254364013672e-05,2488.0,4073.5
1650163608,0.0,0.0023142185,0.0,1.3500452041625977e-05,1.3500452041625977e-05,1593.0,2716.0
1650163609,0.0,0.008749152,0.0,1.3530254364013672e-05,1.3530254364013672e-05,5198.0,8955.0
1650163610,0.0,0.008749152,0.0,1.3530254364013672e-05,1.3530254364013672e-05,5198.0,8955.0
1650163611,0.0,0.0025384105,0.0,1.3440847396850586e-05,1.3440847396850586e-05,1824.0,2874.5
1650163612,0.0,0.005775935,0.0,1.3679265975952148e-05,1.3679265975952148e-05,3796.0,5711.0
1650163613,0.0,0.005775935,0.0,1.3679265975952148e-05,1.3679265975952148e-05,3796.0,5711.0
1650163614,0.0,0.0037588885,0.0,1.385807991027832e-05,1.385807991027832e-05,2521.5,5074.0
1650163615,0.01,0.002603514,0.0,1.3500452041625977e-05,1.3500452041625977e-05,1732.0,2856.0
1650163616,0.01,0.002603514,0.0,1.3500452041625977e-05,1.3500452041625977e-05,1732.0,2856.0
1650163617,0.005,0.002439748,0.0,1.3530254364013672e-05,1.3530254364013672e-05,1659.0,2715.0
1650163618,0.005,0.002439748,0.0,1.3530254364013672e-05,1.3530254364013672e-05,1659.0,2715.0
1650163619,0.0,0.0036637205,0.0,1.3500452041625977e-05,1.3500452041625977e-05,2422.0,4073.0
1650163620,0.0,0.0036637205,0.0,1.3500452041625977e-05,1.3500452041625977e-05,2422.0,4073.0
1650163621,0.0,0.00425165,0.0,1.3560056686401367e-05,1.3560056686401367e-05,2697.0,4477.5
1650163622,0.0,0.00297045,0.01,1.347064971923828e-05,1.347064971923828e-05,1790.0,2973.0
1650163623,0.0,0.009823575,0.0,1.385807991027832e-05,1.385807991027832e-05,5519.0,8412.0
1650163624,0.0,0.002442905,0.0,1.3500452041625977e-05,1.3500452041625977e-05,1725.0,5410.0
1650163625,0.0,0.002442905,0.0,1.3500452041625977e-05,1.3500452041625977e-05,1725.0,5410.0
1650163626,0.005,0.004924132,0.005,1.3947486877441406e-05,1.3947486877441406e-05,3256.0,5567.0
1650163627,0.005,0.004924132,0.005,1.3947486877441406e-05,1.3947486877441406e-05,3256.0,5567.0
1650163628,0.0,0.0011688745,0.0,1.3530254364013672e-05,1.3530254364013672e-05,829.5,1358.0
1650163629,0.0,0.004655031,0.0,1.3500452041625977e-05,1.3500452041625977e-05,3358.0,5473.0
1650163630,0.0,0.004655031,0.0,1.3500452041625977e-05,1.3500452041625977e-05,3358.0,5473.0
1650163631,0.005,0.0039804835,0.0,1.3500452041625977e-05,1.3500452041625977e-05,2599.0,4482.0
1650163632,0.0,0.004493267,0.0,1.3530254364013672e-05,1.3530254364013672e-05,3581.0,5432.0
1650163633,0.0,0.004493267,0.0,1.3530254364013672e-05,1.3530254364013672e-05,3581.0,5432.0
1650163634,0.005,0.0061165815,0.0,1.3560056686401367e-05,1.3560056686401367e-05,4419.0,7554.5
1650163635,0.01,0.004382894,0.0,1.3560056686401367e-05,1.3560056686401367e-05,3186.0,5432.0
1650163636,0.01,0.004382894,0.0,1.3560056686401367e-05,1.3560056686401367e-05,3186.0,5432.0
1650163637,0.0,0.001091796,0.0,1.347064971923828e-05,1.347064971923828e-05,796.5,1423.5
1650163638,0.0,0.001091796,0.0,1.347064971923828e-05,1.347064971923828e-05,796.5,1423.5
1650163639,0.0,0.003553698,0.0,1.3530254364013672e-05,1.3530254364013672e-05,2525.5,4141.5
1650163640,0.0,0.007309757,0.0,1.3500452041625977e-05,1.3500452041625977e-05,4843.0,8147.0
1650163641,0.0,0.007309757,0.0,1.3500452041625977e-05,1.3500452041625977e-05,4843.0,8147.0
1650163642,0.0,0.004054704,0.0,1.3589859008789062e-05,1.3589859008789062e-05,2599.0,4481.5
1650163643,0.01,0.007260346,0.0,1.3500452041625977e-05,1.3500452041625977e-05,5438.0,8200.0
1650163644,0.0,0.006477548,0.0,1.3500452041625977e-05,1.3500452041625977e-05,3465.0,7830.0
1650163645,0.0,0.006477548,0.0,1.3500452041625977e-05,1.3500452041625977e-05,3465.0,7830.0
1650163646,0.0,0.00297519,0.0,1.3500452041625977e-05,1.3500452041625977e-05,1725.0,2715.5
1650163647,0.01,0.005258911,0.0,1.5467405319213867e-05,1.5467405319213867e-05,3020.0,5102.0
1650163648,0.0,0.010544447,0.01,1.347064971923828e-05,1.347064971923828e-05,5077.0,8606.0
1650163649,0.0,0.010544447,0.01,1.347064971923828e-05,1.347064971923828e-05,5077.0,8606.0
1650163650,0.0,0.003020063,0.005,1.3500452041625977e-05,1.3500452041625977e-05,1696.0,2786.0
1650163651,0.0,0.008831306,0.0,1.373887062072754e-05,1.373887062072754e-05,4910.0,8148.0
1650163652,0.0,0.008831306,0.0,1.373887062072754e-05,1.373887062072754e-05,4910.0,8148.0
1650163653,0.01,0.008164419,0.0,1.3500452041625977e-05,1.3500452041625977e-05,4390.5,7195.5
1650163654,0.01,0.008164419,0.0,1.3500452041625977e-05,1.3500452041625977e-05,4390.5,7195.5
1650163655,0.0,0.005923426,0.0,1.3440847396850586e-05,1.3440847396850586e-05,3285.0,7743.5
1650163656,0.01,0.007274787,0.01,1.3500452041625977e-05,1.3500452041625977e-05,3597.0,5711.0
1650163657,0.01,0.007274787,0.01,1.3500452041625977e-05,1.3500452041625977e-05,3597.0,5711.0
1650163658,0.0,0.002887014,0.0,1.3500452041625977e-05,1.3500452041625977e-05,1725.0,2716.0
1650163659,0.0,0.002887014,0.0,1.3500452041625977e-05,1.3500452041625977e-05,1725.0,2716.0
1650163660,0.01,0.004548837,0.0,1.3560056686401367e-05,1.3560056686401367e-05,2492.5,4209.5
1650163661,0.0,0.008971327,0.0,1.3500452041625977e-05,1.3500452041625977e-05,4910.0,8141.0
1650163662,0.0,0.008971327,0.0,1.3500452041625977e-05,1.3500452041625977e-05,4910.0,8141.0
1650163663,0.005,0.0032170285,0.005,1.3619661331176758e-05,1.3619661331176758e-05,1593.0,3840.5
1650163664,0.005,0.0032170285,0.005,1.3619661331176758e-05,1.3619661331176758e-05,1593.0,3840.5
1650163665,0.0,0.0050716345,0.0,1.3500452041625977e-05,1.3500452041625977e-05,2797.0,4280.0
1650163666,0.0,0.0,0.0,1.3500452041625977e-05,1.3500452041625977e-05,0.0,0.0
1650163667,0.0,0.0,0.0,1.3500452041625977e-05,1.3500452041625977e-05,0.0,0.0
1650163668,0.0,0.0,0.0,1.3500452041625977e-05,1.3500452041625977e-05,0.0,0.0
1650163669,0.0,0.0,0.0,1.3500452041625977e-05,1.3500452041625977e-05,0.0,0.0
1650163670,0.0,0.0,0.0,1.3500452041625977e-05,1.3500452041625977e-05,14.0,14.0
1650163671,0.0,0.0,0.0,1.3500452041625977e-05,1.3500452041625977e-05,14.0,14.0
1650163672,0.0,0.0,0.0,1.3500452041625977e-05,1.3500452041625977e-05,0.0,0.0
1650163673,0.0,0.0,0.0,1.3500452041625977e-05,1.3500452041625977e-05,0.0,0.0
1650163674,0.0,0.0,0.0,1.3500452041625977e-05,1.3500452041625977e-05,0.0,0.0
1650163675,0.0,5.9735e-05,0.0,1.3500452041625977e-05,1.3500452041625977e-05,0.0,334.3333333333333
1650163676,0.0,0.0,0.0,1.3500452041625977e-05,1.3500452041625977e-05,0.0,0.0
1650163677,0.0,0.0,0.0,1.3500452041625977e-05,1.3500452041625977e-05,0.0,0.0
1650163678,0.0,0.0,0.0,1.3500452041625977e-05,1.3500452041625977e-05,0.0,0.0
1650163679,0.0,0.0,0.0,1.3500452041625977e-05,1.3500452041625977e-05,0.0,0.0
1650163680,0.0,0.0,0.0,1.3500452041625977e-05,1.3500452041625977e-05,0.0,0.0
1650163681,0.0,0.0,0.0,1.3500452041625977e-05,1.3500452041625977e-05,0.0,0.0
1650163682,0.0,0.0,0.0,1.3500452041625977e-05,1.3500452041625977e-05,0.0,0.0
1650163683,0.0,0.0,0.0,1.3500452041625977e-05,1.3500452041625977e-05,0.0,0.0
1650163684,0.0,0.0,0.0,1.3500452041625977e-05,1.3500452041625977e-05,0.0,0.0
1650163685,0.0,0.0,0.0,1.3500452041625977e-05,1.3500452041625977e-05,0.0,0.0
1650163686,0.0,5.764428571428571e-06,0.0,1.3500452041625977e-05,1.3500452041625977e-05,0.0,0.0
1650163687,0.0,0.0,0.0,1.3500452041625977e-05,1.3500452041625977e-05,0.0,0.0
1650163688,0.0,0.0,0.0,1.3500452041625977e-05,1.3500452041625977e-05,0.0,0.0
1650163689,0.0,0.0,0.0,1.3500452041625977e-05,1.3500452041625977e-05,0.0,0.0
1650163690,0.0,0.0,0.0,1.3500452041625977e-05,1.3500452041625977e-05,0.0,0.0
1650163691,0.0,0.0,0.0,1.3500452041625977e-05,1.3500452041625977e-05,0.0,0.0
1650163692,0.0,0.0,0.0,1.3500452041625977e-05,1.3500452041625977e-05,0.0,0.0
1650163693,0.0,0.0,0.0,1.3500452041625977e-05,1.3500452041625977e-05,0.0,0.0
1650163694,0.0,0.0,0.0,1.3500452041625977e-05,1.3500452041625977e-05,0.0,0.0
1650163695,0.0,0.0,0.0,1.3500452041625977e-05,1.3500452041625977e-05,0.0,0.0
1650163696,0.0,0.0,0.0,1.3500452041625977e-05,1.3500452041625977e-05,0.0,0.0
1650163697,0.0,0.0,0.0,1.3500452041625977e-05,1.3500452041625977e-05,0.0,0.0
1650163698,0.0,4.872428571428571e-06,0.0,1.3500452041625977e-05,1.3500452041625977e-05,0.0,0.0
1650163699,0.0,0.0,0.0,1.3500452041625977e-05,1.3500452041625977e-05,0.0,0.0
1650163700,0.0,0.0,0.0,1.3500452041625977e-05,1.3500452041625977e-05,0.0,0.0
1650163701,0.0,0.0,0.0,1.3500452041625977e-05,1.3500452041625977e-05,0.0,0.0
1650163702,0.0,0.0,0.0,1.3500452041625977e-05,1.3500452041625977e-05,0.0,0.0
1650163703,0.0,0.0,0.0,1.3500452041625977e-05,1.3500452041625977e-05,0.0,0.0
1650163704,0.0,0.0,0.0,1.3500452041625977e-05,1.3500452041625977e-05,0.0,0.0
1650163705,0.0,0.0,0.0,1.3500452041625977e-05,1.3500452041625977e-05,0.0,0.0
1650163706,0.0,1.093675e-05,0.0,1.3500452041625977e-05,1.3500452041625977e-05,0.0,0.0
1650163707,0.0,1.093675e-05,0.0,1.3500452041625977e-05,1.3500452041625977e-05,0.0,0.0
1650163708,0.0,0.0,0.0,1.3500452041625977e-05,1.3500452041625977e-05,0.0,0.0
1650163709,0.0,0.0,0.0,1.3500452041625977e-05,1.3500452041625977e-05,0.0,0.0
1650163710,0.0,0.0,0.0,1.3500452041625977e-05,1.3500452041625977e-05,0.0,0.0
1650163711,0.0,0.0,0.0,1.3500452041625977e-05,1.3500452041625977e-05,0.0,0.0
1650163712,0.0,0.0,0.0,1.3500452041625977e-05,1.3500452041625977e-05,0.0,0.0
1650163713,0.0,0.0,0.0,1.3500452041625977e-05,1.3500452041625977e-05,0.0,0.0
1650163714,0.0,0.0,0.0,1.3500452041625977e-05,1.3500452041625977e-05,0.0,0.0
1650163715,0.0,0.0,0.0,1.3500452041625977e-05,1.3500452041625977e-05,0.0,0.0
1650163716,0.0,0.0,0.0,1.3500452041625977e-05,1.3500452041625977e-05,0.0,0.0
1650163717,0.0,6.885833333333333e-06,0.0,1.3500452041625977e-05,1.3500452041625977e-05,0.0,0.0
1650163718,0.0,0.0,0.0,1.3500452041625977e-05,1.3500452041625977e-05,0.0,0.0
1650163719,0.0,0.0,0.0,1.3500452041625977e-05,1.3500452041625977e-05,0.0,0.0
1650163720,0.0,0.0,0.0,1.3500452041625977e-05,1.3500452041625977e-05,0.0,0.0
1650163721,0.0,0.0,0.0,1.3500452041625977e-05,1.3500452041625977e-05,0.0,0.0
1650163722,0.0,0.0,0.0,1.3500452041625977e-05,1.3500452041625977e-05,0.0,0.0
1650163723,0.0,0.0,0.0,1.3500452041625977e-05,1.3500452041625977e-05,0.0,0.0
1650163724,0.0,0.0,0.0,1.3500452041625977e-05,1.3500452041625977e-05,0.0,0.0
1650163725,0.0,0.0,0.0,1.3500452041625977e-05,1.3500452041625977e-05,0.0,0.0
1650163726,0.0,0.0,0.0,1.3500452041625977e-05,1.3500452041625977e-05,0.0,0.0
1650163727,0.0,7.003833333333333e-06,0.0,1.3500452041625977e-05,1.3500452041625977e-05,0.0,0.0
1650163728,0.0,7.003833333333333e-06,0.0,1.3500452041625977e-05,1.3500452041625977e-05,0.0,0.0
1650163729,0.0,0.0,0.0,1.3500452041625977e-05,1.3500452041625977e-05,0.0,0.0
1650163730,0.0,0.0,0.0,1.3500452041625977e-05,1.3500452041625977e-05,0.0,0.0
1650163731,0.0,0.0,0.0,1.3500452041625977e-05,1.3500452041625977e-05,0.0,0.0
1650163732,0.0,0.0,0.0,1.3500452041625977e-05,1.3500452041625977e-05,0.0,0.0
1650163733,0.0,0.0,0.0,1.3500452041625977e-05,1.3500452041625977e-05,0.0,0.0
1650163734,0.0,0.0,0.0,1.3500452041625977e-05,1.3500452041625977e-05,0.0,0.0
1650163735,0.0,0.0,0.0,1.3500452041625977e-05,1.3500452041625977e-05,0.0,0.0
1650163736,0.0,0.0,0.0,1.3500452041625977e-05,1.3500452041625977e-05,0.0,0.0
1650163737,0.0,7.000166666666667e-06,0.0,1.3500452041625977e-05,1.3500452041625977e-05,0.0,0.0
1650163738,0.0,0.0,0.0,1.3500452041625977e-05,1.3500452041625977e-05,0.0,0.0
1650163739,0.0,0.0,0.0,1.3500452041625977e-05,1.3500452041625977e-05,0.0,0.0
1650163740,0.0,0.0,0.0,1.3500452041625977e-05,1.3500452041625977e-05,0.0,0.0
1650163741,0.0,0.0,0.0,1.3500452041625977e-05,1.3500452041625977e-05,0.0,0.0
1650163742,0.0,0.0,0.0,1.3500452041625977e-05,1.3500452041625977e-05,0.0,0.0
1650163743,0.0,0.0,0.0,1.3500452041625977e-05,1.3500452041625977e-05,0.0,0.0
1650163744,0.0,0.0,0.0,1.3500452041625977e-05,1.3500452041625977e-05,0.0,0.0
1650163745,0.0,0.0,0.0,1.3500452041625977e-05,1.3500452041625977e-05,0.0,0.0
1650163746,0.0,6.198166666666667e-06,0.0,1.3500452041625977e-05,1.3500452041625977e-05,0.0,0.0
1650163747,0.0,0.0,0.0,1.3500452041625977e-05,1.3500452041625977e-05,0.0,0.0
1650163748,0.0,0.0,0.0,1.3500452041625977e-05,1.3500452041625977e-05,0.0,0.0
1650163749,0.0,0.0,0.0,1.3500452041625977e-05,1.3500452041625977e-05,0.0,0.0
1650163750,0.0,0.0,0.0,1.3500452041625977e-05,1.3500452041625977e-05,0.0,0.0
1650163751,0.0,0.0,0.0,1.3500452041625977e-05,1.3500452041625977e-05,0.0,0.0
1650163752,0.0,0.0,0.0,1.3500452041625977e-05,1.3500452041625977e-05,0.0,0.0
1650163753,0.0,0.0,0.0,1.3500452041625977e-05,1.3500452041625977e-05,0.0,0.0
1650163754,0.0,0.0,0.0,1.3500452041625977e-05,1.3500452041625977e-05,0.0,0.0
1650163755,0.0,0.0,0.0,1.3500452041625977e-05,1.3500452041625977e-05,0.0,0.0
1650163756,0.0,7.187e-06,0.0,1.3500452041625977e-05,1.3500452041625977e-05,0.0,0.0
1650163757,0.0,0.0,0.0,1.3500452041625977e-05,1.3500452041625977e-05,0.0,0.0
1650163758,0.0,0.0,0.0,1.3500452041625977e-05,1.3500452041625977e-05,0.0,0.0
1650163759,0.0,0.0,0.0,1.3500452041625977e-05,1.3500452041625977e-05,0.0,0.0
1650163760,0.0,0.0,0.0,1.3500452041625977e-05,1.3500452041625977e-05,0.0,0.0
1650163761,0.0,0.0,0.0,1.3500452041625977e-05,1.3500452041625977e-05,0.0,0.0
1650163762,0.0,0.0,0.0,1.3500452041625977e-05,1.3500452041625977e-05,0.0,0.0
1650163763,0.0,0.0,0.0,1.3500452041625977e-05,1.3500452041625977e-05,0.0,0.0
1650163764,0.0,0.0,0.0,1.3500452041625977e-05,1.3500452041625977e-05,0.0,0.0
1650163765,0.0,0.0,0.0,1.3500452041625977e-05,1.3500452041625977e-05,0.0,0.0
1650163766,0.0,0.0,0.0,1.3500452041625977e-05,1.3500452041625977e-05,0.0,0.0
1650163767,0.0,0.0,0.0,1.3500452041625977e-05,1.3500452041625977e-05,0.0,0.0
1650163768,0.0,4.94525e-06,0.0,1.3500452041625977e-05,1.3500452041625977e-05,0.0,0.0
1650163769,0.0,0.0,0.0,1.3500452041625977e-05,1.3500452041625977e-05,0.0,0.0
1650163770,0.0,0.0,0.0,1.3500452041625977e-05,1.3500452041625977e-05,0.0,0.0
1650163771,0.0,0.0,0.0,1.3500452041625977e-05,1.3500452041625977e-05,0.0,0.0
1650163772,0.0,0.0,0.0,1.3500452041625977e-05,1.3500452041625977e-05,0.0,0.0
1650163773,0.0,0.0,0.0,1.3500452041625977e-05,1.3500452041625977e-05,0.0,0.0
1650163774,0.0,0.0,0.0,1.3500452041625977e-05,1.3500452041625977e-05,0.0,0.0
1650163775,0.0,0.0,0.0,1.3500452041625977e-05,1.3500452041625977e-05,0.0,0.0
1650163776,0.0,0.0,0.0,1.3500452041625977e-05,1.3500452041625977e-05,0.0,0.0
1650163777,0.0,0.0,0.0,1.3500452041625977e-05,1.3500452041625977e-05,0.0,0.0
1650163778,0.0,7.248833333333333e-06,0.0,1.3500452041625977e-05,1.3500452041625977e-05,0.0,0.0
1650163779,0.0,0.0,0.0,1.3500452041625977e-05,1.3500452041625977e-05,0.0,0.0
1650163780,0.0,0.0,0.0,1.3500452041625977e-05,1.3500452041625977e-05,0.0,0.0
1650163781,0.0,0.0,0.0,1.3500452041625977e-05,1.3500452041625977e-05,0.0,0.0
1650163782,0.0,0.0,0.0,1.3500452041625977e-05,1.3500452041625977e-05,0.0,0.0
1650163783,0.0,0.0,0.0,1.3500452041625977e-05,1.3500452041625977e-05,0.0,0.0
1650163784,0.0,0.0,0.0,1.3500452041625977e-05,1.3500452041625977e-05,0.0,0.0
1650163785,0.0,0.0,0.0,1.3500452041625977e-05,1.3500452041625977e-05,0.0,0.0
1650163786,0.0,0.0,0.0,1.3500452041625977e-05,1.3500452041625977e-05,0.0,0.0
1650163787,0.0,0.0,0.0,1.3500452041625977e-05,1.3500452041625977e-05,0.0,0.0
1650163788,0.0,0.0,0.0,1.3500452041625977e-05,1.3500452041625977e-05,0.0,0.0
1650163789,0.0,5.740333333333333e-06,0.0,1.3500452041625977e-05,1.3500452041625977e-05,0.0,0.0
1650163790,0.0,0.0,0.0,1.3500452041625977e-05,1.3500452041625977e-05,0.0,0.0
1650163791,0.0,0.0,0.0,1.3500452041625977e-05,1.3500452041625977e-05,0.0,0.0
1650163792,0.0,0.0,0.0,1.3500452041625977e-05,1.3500452041625977e-05,0.0,0.0
1650163793,0.0,1.3724e-05,0.0,1.3500452041625977e-05,1.3500452041625977e-05,0.0,0.0
1650163794,0.0,1.3724e-05,0.0,1.3500452041625977e-05,1.3500452041625977e-05,0.0,0.0
1650163795,0.0,0.0,0.0,1.3500452041625977e-05,1.3500452041625977e-05,0.0,0.0
1650163796,0.0,0.0,0.0,1.3500452041625977e-05,1.3500452041625977e-05,0.0,0.0
1650163797,0.0,0.0,0.0,1.3500452041625977e-05,1.3500452041625977e-05,0.0,0.0
1650163798,0.0,0.0010916843333333,0.0,1.33514404296875e-05,1.33514404296875e-05,597.0,1168.6666666666667
1650163799,0.0,0.0010916843333333,0.0,1.33514404296875e-05,1.33514404296875e-05,597.0,1168.6666666666667
1650163800,0.0,0.008167826,0.005,1.3500452041625977e-05,1.3500452041625977e-05,5029.5,7234.5
1650163801,0.01,0.005900486,0.0,1.3619661331176758e-05,1.3619661331176758e-05,3186.0,5432.0
1650163802,0.0,0.014063068,0.0,1.3500452041625977e-05,1.3500452041625977e-05,6372.0,10859.0
1650163803,0.01,0.00652233,0.0,1.3709068298339844e-05,1.3709068298339844e-05,3186.0,5429.0
1650163804,0.01,0.00652233,0.0,1.3709068298339844e-05,1.3709068298339844e-05,3186.0,5429.0
1650163805,0.0,0.0047241695,0.0,1.379847526550293e-05,1.379847526550293e-05,2389.5,4074.0
1650163806,0.0,0.006065175,0.0,1.3500452041625977e-05,1.3500452041625977e-05,3186.0,5432.0
1650163807,0.0,0.006065175,0.0,1.3500452041625977e-05,1.3500452041625977e-05,3186.0,5432.0
1650163808,0.0,0.0061630015,0.0,1.481175422668457e-05,1.481175422668457e-05,3036.0,5627.0
1650163809,0.0,0.0061630015,0.0,1.481175422668457e-05,1.481175422668457e-05,3036.0,5627.0
1650163810,0.005,0.0043696895,0.0,1.3500452041625977e-05,1.3500452041625977e-05,2360.0,3332.5
1650163811,0.0,0.009645141,0.0,1.3560056686401367e-05,1.3560056686401367e-05,5569.0,8141.0
1650163812,0.0,0.009645141,0.0,1.3560056686401367e-05,1.3560056686401367e-05,5569.0,8141.0
1650163813,0.0,0.0047196625,0.005,1.3530254364013672e-05,1.3530254364013672e-05,2389.0,6686.5
1650163814,0.0,0.005782161,0.0,1.3649463653564451e-05,1.3649463653564451e-05,3185.0,5430.0
1650163815,0.0,0.005782161,0.0,1.3649463653564451e-05,1.3649463653564451e-05,3185.0,5430.0
1650163816,0.0,0.0032522735,0.0,1.3500452041625977e-05,1.3500452041625977e-05,1593.0,2715.0
1650163817,0.0,0.006452008,0.0,1.3530254364013672e-05,1.3530254364013672e-05,3185.0,5425.0
1650163818,0.0,0.008684534,0.0,1.4066696166992188e-05,1.4066696166992188e-05,4522.0,8586.0
1650163819,0.0,0.008684534,0.0,1.4066696166992188e-05,1.4066696166992188e-05,4522.0,8586.0
1650163820,0.005,0.0058474825,0.0,1.3709068298339844e-05,1.3709068298339844e-05,3354.0,4691.0
1650163821,0.005,0.0058474825,0.0,1.3709068298339844e-05,1.3709068298339844e-05,3354.0,4691.0
1650163822,0.005,0.0043838,0.0,1.373887062072754e-05,1.373887062072754e-05,2587.5,4068.5
1650163823,0.0,0.008516269,0.0,1.3560056686401367e-05,1.3560056686401367e-05,4844.0,11738.0
1650163824,0.0,0.008516269,0.0,1.3560056686401367e-05,1.3560056686401367e-05,4844.0,11738.0
1650163825,0.0,0.002872806,0.0,1.3709068298339844e-05,1.3709068298339844e-05,1592.5,2715.0
1650163826,0.0,0.005901639,0.0,1.3828277587890623e-05,1.3828277587890623e-05,3186.0,5432.0
1650163827,0.0,0.005901639,0.0,1.3828277587890623e-05,1.3828277587890623e-05,3186.0,5432.0
1650163828,0.005,0.0029808705,0.0,1.3500452041625977e-05,1.3500452041625977e-05,1592.5,2716.0
1650163829,0.0,0.0,0.0,1.3500452041625977e-05,1.3500452041625977e-05,0.0,0.0
1650163830,0.0,0.0,0.0,1.3500452041625977e-05,1.3500452041625977e-05,0.0,0.0
1650163831,0.0,0.0,0.0,1.3500452041625977e-05,1.3500452041625977e-05,0.0,0.0
1650163832,0.0,0.0,0.0,1.3500452041625977e-05,1.3500452041625977e-05,0.0,0.0
1650163833,0.0,0.0,0.0,1.3500452041625977e-05,1.3500452041625977e-05,0.0,0.0
1650163834,0.0,0.0,0.0,1.3500452041625977e-05,1.3500452041625977e-05,0.0,0.0
1650163835,0.0,0.0,0.0,1.3500452041625977e-05,1.3500452041625977e-05,0.0,0.0
1650163836,0.0,0.0,0.0,1.3500452041625977e-05,1.3500452041625977e-05,0.0,0.0
1650163837,0.0,0.0,0.0,1.3500452041625977e-05,1.3500452041625977e-05,0.0,0.0
1650163838,0.0,6.6915e-06,0.0,1.3500452041625977e-05,1.3500452041625977e-05,7.0,0.0
1650163839,0.0,0.0,0.0,1.3500452041625977e-05,1.3500452041625977e-05,0.0,0.0
1650163840,0.0,0.0,0.0,1.3500452041625977e-05,1.3500452041625977e-05,0.0,0.0
1650163841,0.0,0.0,0.0,1.3500452041625977e-05,1.3500452041625977e-05,0.0,0.0
1650163842,0.0,0.0,0.0,1.3500452041625977e-05,1.3500452041625977e-05,0.0,0.0
1650163843,0.0,0.0,0.0,1.3500452041625977e-05,1.3500452041625977e-05,0.0,0.0
1650163844,0.0,0.0,0.0,1.3500452041625977e-05,1.3500452041625977e-05,0.0,0.0
1650163845,0.0,0.0,0.0,1.3500452041625977e-05,1.3500452041625977e-05,0.0,0.0
1650163846,0.0,0.0,0.0,1.3500452041625977e-05,1.3500452041625977e-05,0.0,0.0
1650163847,0.0,0.0,0.0,1.3500452041625977e-05,1.3500452041625977e-05,0.0,0.0
1650163848,0.0,0.0,0.0,1.3500452041625977e-05,1.3500452041625977e-05,0.0,0.0
1650163849,0.0,0.0,0.0,1.3500452041625977e-05,1.3500452041625977e-05,0.0,0.0
1650163850,0.0,5.40775e-06,0.0,1.3500452041625977e-05,1.3500452041625977e-05,0.0,0.0
1650163851,0.0,0.0,0.0,1.3500452041625977e-05,1.3500452041625977e-05,0.0,0.0
1650163852,0.0,0.0,0.0,1.3500452041625977e-05,1.3500452041625977e-05,0.0,0.0
1650163853,0.0,0.0,0.0,1.3500452041625977e-05,1.3500452041625977e-05,0.0,0.0
1650163854,0.0,1.4719e-05,0.0,1.3500452041625977e-05,1.3500452041625977e-05,0.0,0.0
1650163855,0.0,1.4719e-05,0.0,1.3500452041625977e-05,1.3500452041625977e-05,0.0,0.0
1650163856,0.0,0.0,0.0,1.3500452041625977e-05,1.3500452041625977e-05,0.0,0.0
1650163857,0.0,0.0,0.0,1.3500452041625977e-05,1.3500452041625977e-05,0.0,0.0
1650163858,0.0,0.0,0.0,1.3500452041625977e-05,1.3500452041625977e-05,0.0,0.0
1650163859,0.0,0.0,0.0,1.3500452041625977e-05,1.3500452041625977e-05,0.0,0.0
1650163860,0.0,0.0,0.0,1.3500452041625977e-05,1.3500452041625977e-05,0.0,0.0
1650163861,0.0,0.0,0.0,1.3500452041625977e-05,1.3500452041625977e-05,0.0,0.0
1650163862,0.0,0.0,0.0,1.3500452041625977e-05,1.3500452041625977e-05,0.0,0.0
1650163863,0.0,0.0,0.0,1.3500452041625977e-05,1.3500452041625977e-05,0.0,0.0
1650163864,0.0,7.975333333333333e-06,0.0,1.3500452041625977e-05,1.3500452041625977e-05,0.0,0.0
1650163865,0.0,0.0,0.0,1.3500452041625977e-05,1.3500452041625977e-05,0.0,0.0
1650163866,0.0,0.0,0.0,1.3500452041625977e-05,1.3500452041625977e-05,0.0,0.0
1650163867,0.0,0.0,0.0,1.3500452041625977e-05,1.3500452041625977e-05,0.0,0.0
1650163868,0.0,0.0,0.0,1.3500452041625977e-05,1.3500452041625977e-05,0.0,0.0
1650163869,0.0,0.0,0.0,1.3500452041625977e-05,1.3500452041625977e-05,0.0,0.0
1650163870,0.0,0.0,0.0,1.3500452041625977e-05,1.3500452041625977e-05,0.0,0.0
1650163871,0.0,0.0,0.0,1.3500452041625977e-05,1.3500452041625977e-05,0.0,0.0
1650163872,0.0,0.0,0.0,1.3500452041625977e-05,1.3500452041625977e-05,0.0,0.0
1650163873,0.0,0.0,0.0,1.3500452041625977e-05,1.3500452041625977e-05,0.0,0.0
1650163874,0.0,0.0,0.0,1.3500452041625977e-05,1.3500452041625977e-05,0.0,0.0
1650163875,0.0,7.277e-06,0.0,1.3500452041625977e-05,1.3500452041625977e-05,0.0,0.0
1650163876,0.0,7.277e-06,0.0,1.3500452041625977e-05,1.3500452041625977e-05,0.0,0.0
1650163877,0.0,0.0,0.0,1.3500452041625977e-05,1.3500452041625977e-05,0.0,0.0
1650163878,0.0,0.0,0.0,1.3500452041625977e-05,1.3500452041625977e-05,0.0,0.0
1650163879,0.0,0.0,0.0,1.3500452041625977e-05,1.3500452041625977e-05,0.0,0.0
1650163880,0.0,0.0,0.0,1.3500452041625977e-05,1.3500452041625977e-05,0.0,0.0
1650163881,0.0,0.0,0.0,1.3500452041625977e-05,1.3500452041625977e-05,0.0,0.0
1650163882,0.0,0.0,0.0,1.3500452041625977e-05,1.3500452041625977e-05,0.0,0.0
1650163883,0.0,0.0,0.0,1.3500452041625977e-05,1.3500452041625977e-05,0.0,0.0
1650163884,0.0,0.0,0.0,1.3500452041625977e-05,1.3500452041625977e-05,0.0,0.0
1650163885,0.0,8.611200000000002e-06,0.0,1.3500452041625977e-05,1.3500452041625977e-05,0.0,0.0
1650163886,0.0,0.0,0.0,1.3500452041625977e-05,1.3500452041625977e-05,0.0,0.0
1650163887,0.0,0.0,0.0,1.3500452041625977e-05,1.3500452041625977e-05,0.0,0.0
1650163888,0.0,0.0,0.0,1.3500452041625977e-05,1.3500452041625977e-05,0.0,0.0
1650163889,0.0,0.0,0.0,1.3500452041625977e-05,1.3500452041625977e-05,0.0,0.0
1650163890,0.0,0.0,0.0,1.3500452041625977e-05,1.3500452041625977e-05,0.0,0.0
1650163891,0.0,0.0,0.0,1.3500452041625977e-05,1.3500452041625977e-05,0.0,0.0
1650163892,0.0,0.0,0.0,1.3500452041625977e-05,1.3500452041625977e-05,0.0,0.0
1650163893,0.0,0.0,0.0,1.3500452041625977e-05,1.3500452041625977e-05,0.0,0.0
1650163894,0.0,0.0,0.0,1.3500452041625977e-05,1.3500452041625977e-05,0.0,0.0
1650163895,0.0,7.269e-06,0.0,1.3500452041625977e-05,1.3500452041625977e-05,0.0,0.0
1650163896,0.0,0.0,0.0,1.3500452041625977e-05,1.3500452041625977e-05,0.0,0.0
1650163897,0.0,0.0,0.0,1.3500452041625977e-05,1.3500452041625977e-05,0.0,0.0
1650163898,0.0,0.0,0.0,1.3500452041625977e-05,1.3500452041625977e-05,0.0,0.0
1650163899,0.0,0.0,0.0,1.3500452041625977e-05,1.3500452041625977e-05,0.0,0.0
1650163900,0.0,0.0,0.0,1.3500452041625977e-05,1.3500452041625977e-05,0.0,0.0
1650163901,0.0,0.0,0.0,1.3500452041625977e-05,1.3500452041625977e-05,0.0,0.0
1650163902,0.0,0.0,0.0,1.3500452041625977e-05,1.3500452041625977e-05,0.0,0.0
1650163903,0.0,0.0,0.0,1.3500452041625977e-05,1.3500452041625977e-05,0.0,0.0
1650163904,0.0,9.516e-06,0.0,1.3500452041625977e-05,1.3500452041625977e-05,0.0,0.0
1650163905,0.0,0.0,0.0,1.3500452041625977e-05,1.3500452041625977e-05,0.0,0.0
1650163906,0.0,0.0,0.0,1.3500452041625977e-05,1.3500452041625977e-05,0.0,0.0
1650163907,0.0,0.0,0.0,1.3500452041625977e-05,1.3500452041625977e-05,0.0,0.0
1650163908,0.0,0.0,0.0,1.3500452041625977e-05,1.3500452041625977e-05,0.0,0.0
1650163909,0.0,0.0,0.0,1.3500452041625977e-05,1.3500452041625977e-05,0.0,0.0
1650163910,0.0,0.0,0.0,1.3500452041625977e-05,1.3500452041625977e-05,0.0,0.0
1650163911,0.0,0.0,0.0,1.3500452041625977e-05,1.3500452041625977e-05,0.0,0.0
1650163912,0.0,0.0,0.0,1.3500452041625977e-05,1.3500452041625977e-05,0.0,0.0
1650163913,0.0,0.0,0.0,1.3500452041625977e-05,1.3500452041625977e-05,0.0,0.0
1650163914,0.0,0.0,0.0,1.3500452041625977e-05,1.3500452041625977e-05,0.0,0.0
1650163915,0.0,0.0,0.0,1.3500452041625977e-05,1.3500452041625977e-05,0.0,0.0
1650163916,0.0,6.060857142857143e-06,0.0,1.3500452041625977e-05,1.3500452041625977e-05,0.0,0.0
1650163917,0.0,6.060857142857143e-06,0.0,1.3500452041625977e-05,1.3500452041625977e-05,0.0,0.0
1650163918,0.0,0.0,0.0,1.3500452041625977e-05,1.3500452041625977e-05,0.0,0.0
1650163919,0.0,0.0,0.0,1.3500452041625977e-05,1.3500452041625977e-05,0.0,0.0
1650163920,0.0,0.0,0.0,1.3500452041625977e-05,1.3500452041625977e-05,0.0,0.0
1650163921,0.0,0.0,0.0,1.3500452041625977e-05,1.3500452041625977e-05,0.0,0.0
1650163922,0.0,0.0,0.0,1.3500452041625977e-05,1.3500452041625977e-05,0.0,0.0
1650163923,0.0,0.0,0.0,1.3500452041625977e-05,1.3500452041625977e-05,0.0,0.0
1650163924,0.0,0.0,0.0,1.3500452041625977e-05,1.3500452041625977e-05,0.0,0.0
1650163925,0.0,0.0,0.0,1.3500452041625977e-05,1.3500452041625977e-05,0.0,0.0
1650163926,0.0,6.506166666666667e-06,0.0,1.3500452041625977e-05,1.3500452041625977e-05,7.0,0.0
1650163927,0.0,6.506166666666667e-06,0.0,1.3500452041625977e-05,1.3500452041625977e-05,7.0,0.0
1650163928,0.0,0.0,0.0,1.3500452041625977e-05,1.3500452041625977e-05,0.0,0.0
1650163929,0.0,0.0,0.0,1.3500452041625977e-05,1.3500452041625977e-05,0.0,0.0
1650163930,0.0,0.0,0.0,1.3500452041625977e-05,1.3500452041625977e-05,0.0,0.0
1650163931,0.0,0.0,0.0,1.3500452041625977e-05,1.3500452041625977e-05,0.0,0.0
1650163932,0.0,0.0,0.0,1.3500452041625977e-05,1.3500452041625977e-05,0.0,0.0
1650163933,0.0,0.0,0.0,1.3500452041625977e-05,1.3500452041625977e-05,0.0,0.0
1650163934,0.0,0.0,0.0,1.3500452041625977e-05,1.3500452041625977e-05,0.0,0.0
1650163935,0.0,0.0,0.0,1.3500452041625977e-05,1.3500452041625977e-05,0.0,0.0
1650163936,0.0,0.0,0.0,1.3500452041625977e-05,1.3500452041625977e-05,0.0,0.0
1650163937,0.0,0.0,0.0,1.3500452041625977e-05,1.3500452041625977e-05,0.0,0.0
1650163938,0.0,0.0004063192857142,0.0014285714285714,1.3887882232666016e-05,1.3887882232666016e-05,179.85714285714286,444.8571428571428
1650163939,0.0,0.0,0.0,1.373887062072754e-05,1.373887062072754e-05,0.0,0.0
1650163940,0.0,0.000628225,0.0,1.33514404296875e-05,1.33514404296875e-05,334.0,394.0
1650163941,0.0,0.000628225,0.0,1.33514404296875e-05,1.33514404296875e-05,334.0,394.0
1650163942,0.0,0.0,0.0,1.33514404296875e-05,1.33514404296875e-05,0.0,0.0
1650163943,0.0,0.0,0.0,1.33514404296875e-05,1.33514404296875e-05,0.0,0.0
1650163944,0.0,0.0,0.0,1.33514404296875e-05,1.33514404296875e-05,0.0,0.0
1650163945,0.0,1.2607e-05,0.0,1.33514404296875e-05,1.33514404296875e-05,182.0,182.0
1650163946,0.0,1.2607e-05,0.0,1.33514404296875e-05,1.33514404296875e-05,182.0,182.0
1650163947,0.0,0.0,0.0,1.33514404296875e-05,1.33514404296875e-05,0.0,0.0
1650163948,0.0,0.0,0.0,1.33514404296875e-05,1.33514404296875e-05,0.0,0.0
1650163949,0.0,0.0,0.0,1.33514404296875e-05,1.33514404296875e-05,0.0,0.0
1650163950,0.0,0.0,0.0,1.33514404296875e-05,1.33514404296875e-05,0.0,0.0
1650163951,0.0,0.0,0.0,1.33514404296875e-05,1.33514404296875e-05,0.0,0.0
1650163952,0.0,0.0,0.0,1.33514404296875e-05,1.33514404296875e-05,0.0,0.0
1650163953,0.0,0.0,0.0,1.33514404296875e-05,1.33514404296875e-05,0.0,0.0
1650163954,0.0,0.0,0.0,1.33514404296875e-05,1.33514404296875e-05,0.0,0.0
1650163955,0.0,9.2134e-06,0.0,1.33514404296875e-05,1.33514404296875e-05,0.0,0.0
1650163956,0.0,9.2134e-06,0.0,1.33514404296875e-05,1.33514404296875e-05,0.0,0.0
1650163957,0.0,0.0,0.0,1.33514404296875e-05,1.33514404296875e-05,0.0,0.0
1650163958,0.0,0.0,0.0,1.33514404296875e-05,1.33514404296875e-05,0.0,0.0
1650163959,0.0,0.0,0.0,1.33514404296875e-05,1.33514404296875e-05,0.0,0.0
1650163960,0.0,0.0,0.0,1.33514404296875e-05,1.33514404296875e-05,0.0,0.0
1650163961,0.0,0.0,0.0,1.33514404296875e-05,1.33514404296875e-05,0.0,0.0
1650163962,0.0,0.0,0.0,1.33514404296875e-05,1.33514404296875e-05,0.0,0.0
1650163963,0.0,0.0,0.0,1.33514404296875e-05,1.33514404296875e-05,0.0,0.0
1650163964,0.0,0.0,0.0,1.33514404296875e-05,1.33514404296875e-05,0.0,0.0
1650163965,0.0,0.0,0.0,1.33514404296875e-05,1.33514404296875e-05,0.0,0.0
1650163966,0.0042857142857142,0.0051681925714285,0.0,1.3768672943115234e-05,1.3768672943115234e-05,2792.5714285714284,4771.857142857143
1650163967,0.0,0.007949951,0.0,1.4275312423706056e-05,1.4275312423706056e-05,4481.0,7884.0
1650163968,0.0,0.007949951,0.0,1.4275312423706056e-05,1.4275312423706056e-05,4481.0,7884.0
1650163969,0.0,0.0032119635,0.0,1.3500452041625977e-05,1.3500452041625977e-05,1762.5,2867.5
1650163970,0.01,0.012024848,0.01,1.341104507446289e-05,1.341104507446289e-05,6372.0,11655.0
1650163971,0.01,0.012024848,0.01,1.341104507446289e-05,1.341104507446289e-05,6372.0,11655.0
1650163972,0.005,0.0025928945,0.0,1.3500452041625977e-05,1.3500452041625977e-05,1216.5,1778.0
1650163973,0.02,0.012501017,0.0,1.3530254364013672e-05,1.3530254364013672e-05,7560.0,14403.0
1650163974,0.02,0.012501017,0.0,1.3530254364013672e-05,1.3530254364013672e-05,7560.0,14403.0
1650163975,0.0,0.003172722,0.0,1.3500452041625977e-05,1.3500452041625977e-05,1593.0,2715.0
1650163976,0.01,0.003106816,0.01,1.3500452041625977e-05,1.3500452041625977e-05,1593.0,2716.0
1650163977,0.01,0.003106816,0.01,1.3500452041625977e-05,1.3500452041625977e-05,1593.0,2716.0
1650163978,0.005,0.006110634,0.005,1.3649463653564451e-05,1.3649463653564451e-05,3185.5,5431.5
1650163979,0.0,0.003353051,0.0,1.3500452041625977e-05,1.3500452041625977e-05,1592.0,2707.0
1650163980,0.0,0.005889919,0.01,1.3500452041625977e-05,1.3500452041625977e-05,3186.0,5429.0
1650163981,0.0,0.006553188,0.0,1.379847526550293e-05,1.379847526550293e-05,3252.0,5486.0
1650163982,0.0,0.006553188,0.0,1.379847526550293e-05,1.379847526550293e-05,3252.0,5486.0
1650163983,0.005,0.006181644,0.0,1.385807991027832e-05,1.385807991027832e-05,3006.0,6655.5
1650163984,0.005,0.006181644,0.0,1.385807991027832e-05,1.385807991027832e-05,3006.0,6655.5
1650163985,0.0,0.0030041,0.0,1.3560056686401367e-05,1.3560056686401367e-05,1988.5,2715.0
1650163986,0.0,0.00566749,0.0,1.3500452041625977e-05,1.3500452041625977e-05,3185.0,5429.0
1650163987,0.0,0.00566749,0.0,1.3500452041625977e-05,1.3500452041625977e-05,3185.0,5429.0
1650163988,0.005,0.004400733,0.0,1.3828277587890623e-05,1.3828277587890623e-05,2389.5,4072.0
1650163989,0.0,0.009432178,0.0,1.373887062072754e-05,1.373887062072754e-05,4777.0,8148.0
1650163990,0.0,0.009432178,0.0,1.373887062072754e-05,1.373887062072754e-05,4777.0,8148.0
1650163991,0.005,0.004373519,0.01,1.3530254364013672e-05,1.3530254364013672e-05,2389.0,4073.0
1650163992,0.02,0.005634423,0.0,1.3709068298339844e-05,1.3709068298339844e-05,3186.0,5431.0
1650163993,0.0,0.0029888,0.0,1.3500452041625977e-05,1.3500452041625977e-05,1593.0,4555.0
1650163994,0.0,0.0029888,0.0,1.3500452041625977e-05,1.3500452041625977e-05,1593.0,4555.0
1650163995,0.005,0.0056020735,0.0,1.3887882232666016e-05,1.3887882232666016e-05,4001.5,6243.5
1650163996,0.01,0.009862752,0.01,1.3649463653564451e-05,1.3649463653564451e-05,6767.0,10847.0
1650163997,0.01,0.009862752,0.01,1.3649463653564451e-05,1.3649463653564451e-05,6767.0,10847.0
1650163998,0.0,0.0011650445,0.0,1.3500452041625977e-05,1.3500452041625977e-05,796.5,1357.5
1650163999,0.0,0.010081202,0.01,1.3500452041625977e-05,1.3500452041625977e-05,6412.0,10899.0
1650164000,0.0,0.010081202,0.01,1.3500452041625977e-05,1.3500452041625977e-05,6412.0,10899.0
1650164001,0.005,0.004827108,0.0,1.3500452041625977e-05,1.3500452041625977e-05,3185.0,5432.0
1650164002,0.0,0.006869302,0.0,1.3530254364013672e-05,1.3530254364013672e-05,4779.0,8148.0
1650164003,0.0,0.006869302,0.0,1.3530254364013672e-05,1.3530254364013672e-05,4779.0,8148.0
1650164004,0.0,0.001419777,0.005,1.3500452041625977e-05,1.3500452041625977e-05,796.5,3955.5
1650164005,0.0,0.009710447,0.01,1.3768672943115234e-05,1.3768672943115234e-05,6015.0,9780.0
1650164006,0.0,0.009710447,0.01,1.3768672943115234e-05,1.3768672943115234e-05,6015.0,9780.0
1650164007,0.0,0.0037294795,0.0,1.3500452041625977e-05,1.3500452041625977e-05,2785.0,4067.0
1650164008,0.0,0.004628574,0.0,1.3500452041625977e-05,1.3500452041625977e-05,3185.0,5432.0
1650164009,0.0,0.004680606,0.0,1.3560056686401367e-05,1.3560056686401367e-05,3185.0,5431.0
1650164010,0.0,0.004680606,0.0,1.3560056686401367e-05,1.3560056686401367e-05,3185.0,5431.0
1650164011,0.0,0.0035236845,0.005,1.3530254364013672e-05,1.3530254364013672e-05,2389.0,4073.0
1650164012,0.0,0.0098002,0.0,1.3500452041625977e-05,1.3500452041625977e-05,6371.0,10859.0
1650164013,0.0,0.0098002,0.0,1.3500452041625977e-05,1.3500452041625977e-05,6371.0,10859.0
1650164014,0.005,0.003561669,0.005,1.385807991027832e-05,1.385807991027832e-05,2389.5,5840.5
1650164015,0.0,0.009053628,0.0,1.3679265975952148e-05,1.3679265975952148e-05,5618.0,9779.0
1650164016,0.0,0.009053628,0.0,1.3679265975952148e-05,1.3679265975952148e-05,5618.0,9779.0
1650164017,0.0,0.00491388,0.0,1.3500452041625977e-05,1.3500452041625977e-05,3778.0,5427.5
1650164018,0.0,0.002284665,0.0,1.3500452041625977e-05,1.3500452041625977e-05,1593.0,2716.0
1650164019,0.0,0.002284665,0.0,1.3500452041625977e-05,1.3500452041625977e-05,1593.0,2716.0
1650164020,0.005,0.0023829245,0.0,1.3500452041625977e-05,1.3500452041625977e-05,1593.0,2715.5
1650164021,0.0,0.007190692,0.0,1.3500452041625977e-05,1.3500452041625977e-05,4778.0,8140.0
1650164022,0.0,0.007190692,0.0,1.3500452041625977e-05,1.3500452041625977e-05,4778.0,8140.0
1650164023,0.0,0.0046212005,0.005,1.3589859008789062e-05,1.3589859008789062e-05,3186.0,6360.5
1650164024,0.0,0.0046212005,0.005,1.3589859008789062e-05,1.3589859008789062e-05,3186.0,6360.5
1650164025,0.005,0.00607574,0.0,1.3500452041625977e-05,1.3500452041625977e-05,3981.5,6785.0
1650164026,0.01,0.002542117,0.0,1.33514404296875e-05,1.33514404296875e-05,1593.0,3508.0
1650164027,0.01,0.002542117,0.0,1.33514404296875e-05,1.33514404296875e-05,1593.0,3508.0
1650164028,0.0,0.006996258,0.005,1.3500452041625977e-05,1.3500452041625977e-05,4996.5,7208.0
1650164029,0.0,0.004998984,0.0,1.3500452041625977e-05,1.3500452041625977e-05,3227.0,5467.0
1650164030,0.0,0.004790136,0.0,1.3649463653564451e-05,1.3649463653564451e-05,3186.0,5432.0
1650164031,0.01,0.007428101,0.0,1.3500452041625977e-05,1.3500452041625977e-05,4778.0,8138.0
1650164032,0.01,0.007428101,0.0,1.3500452041625977e-05,1.3500452041625977e-05,4778.0,8138.0
1650164033,0.0,0.0012576415,0.0,1.3500452041625977e-05,1.3500452041625977e-05,796.5,1354.5
1650164034,0.0,0.007139077,0.0,1.3500452041625977e-05,1.3500452041625977e-05,4779.0,13405.0
1650164035,0.0,0.00525373,0.01,1.3917684555053713e-05,1.3917684555053713e-05,3186.0,5432.0
1650164036,0.0,0.00525373,0.01,1.3917684555053713e-05,1.3917684555053713e-05,3186.0,5432.0
1650164037,0.0,0.0044595065,0.0,1.3500452041625977e-05,1.3500452041625977e-05,2809.0,4889.5
1650164038,0.0,0.005380143,0.0,1.3560056686401367e-05,1.3560056686401367e-05,3978.0,5430.0
1650164039,0.0,0.005380143,0.0,1.3560056686401367e-05,1.3560056686401367e-05,3978.0,5430.0
1650164040,0.005,0.004687053,0.005,1.3530254364013672e-05,1.3530254364013672e-05,3382.5,5424.5
1650164041,0.005,0.004687053,0.005,1.3530254364013672e-05,1.3530254364013672e-05,3382.5,5424.5
1650164042,0.0,0.003678814,0.0,1.3530254364013672e-05,1.3530254364013672e-05,2387.5,4069.0
1650164043,0.0,0.010163457,0.0,1.3500452041625977e-05,1.3500452041625977e-05,4779.0,8147.0
1650164044,0.01,0.005002724,0.0,1.3500452041625977e-05,1.3500452041625977e-05,3185.0,9797.0
1650164045,0.0,0.004777705,0.0,1.3619661331176758e-05,1.3619661331176758e-05,3186.0,5432.0
1650164046,0.0,0.004777705,0.0,1.3619661331176758e-05,1.3619661331176758e-05,3186.0,5432.0
1650164047,0.0,0.0024592415,0.0,1.3500452041625977e-05,1.3500452041625977e-05,1592.0,2715.5
1650164048,0.0,0.0024592415,0.0,1.3500452041625977e-05,1.3500452041625977e-05,1592.0,2715.5
1650164049,0.005,0.003374033,0.0,1.3560056686401367e-05,1.3560056686401367e-05,2046.0,3559.0
1650164050,0.0,0.010515305,0.0,1.3500452041625977e-05,1.3500452041625977e-05,5965.0,8132.0
1650164051,0.0,0.010515305,0.0,1.3500452041625977e-05,1.3500452041625977e-05,5965.0,8132.0
1650164052,0.0,0.0049124795,0.0,1.373887062072754e-05,1.373887062072754e-05,3185.0,5427.5
1650164053,0.0,0.008009764,0.01,1.4066696166992188e-05,1.4066696166992188e-05,4779.0,11711.0
1650164054,0.0,0.008009764,0.01,1.4066696166992188e-05,1.4066696166992188e-05,4779.0,11711.0
1650164055,0.0,0.003631752,0.0,1.3649463653564451e-05,1.3649463653564451e-05,2389.5,4072.5
1650164056,0.0,0.004687654,0.0,1.3500452041625977e-05,1.3500452041625977e-05,3186.0,5425.0
1650164057,0.0,0.002381912,0.0,1.3500452041625977e-05,1.3500452041625977e-05,1593.0,2715.0
1650164058,0.0,0.002381912,0.0,1.3500452041625977e-05,1.3500452041625977e-05,1593.0,2715.0
1650164059,0.0,0.0052192455,0.0,1.3500452041625977e-05,1.3500452041625977e-05,3206.5,5448.5
1650164060,0.0,0.006568778,0.0,1.3560056686401367e-05,1.3560056686401367e-05,4025.0,7062.0
1650164061,0.0,0.002459117,0.0,1.385807991027832e-05,1.385807991027832e-05,1989.0,2716.0
1650164062,0.0,0.007176497,0.0,1.4901161193847656e-05,1.4901161193847656e-05,5272.0,7878.0
1650164063,0.0,0.00273582,0.0,1.3709068298339844e-05,1.3709068298339844e-05,1891.0,4852.0
1650164064,0.0,0.00273582,0.0,1.3709068298339844e-05,1.3709068298339844e-05,1891.0,4852.0
1650164065,0.0,0.0011193545,0.0,1.3530254364013672e-05,1.3530254364013672e-05,796.5,1358.0
1650164066,0.0,0.004821795,0.0,1.3530254364013672e-05,1.3530254364013672e-05,3186.0,5428.0
1650164067,0.01,0.004666381,0.0,1.3530254364013672e-05,1.3530254364013672e-05,3186.0,5429.0
1650164068,0.01,0.004666381,0.0,1.3530254364013672e-05,1.3530254364013672e-05,3186.0,5429.0
1650164069,0.0,0.003702637,0.005,1.3500452041625977e-05,1.3500452041625977e-05,2389.0,4070.0
1650164070,0.0,0.003702637,0.005,1.3500452041625977e-05,1.3500452041625977e-05,2389.0,4070.0
1650164071,0.0,0.0041112725,0.0,1.3500452041625977e-05,1.3500452041625977e-05,2013.0,3531.5
1650164072,0.01,0.005848066,0.0,1.3500452041625977e-05,1.3500452041625977e-05,4041.0,5418.0
1650164073,0.01,0.007591851,0.0,1.3500452041625977e-05,1.3500452041625977e-05,5175.0,10828.0
1650164074,0.01,0.007591851,0.0,1.3500452041625977e-05,1.3500452041625977e-05,5175.0,10828.0
1650164075,0.0,0.003520884,0.0,1.3530254364013672e-05,1.3530254364013672e-05,2388.5,4070.5
1650164076,0.0,0.003520884,0.0,1.3530254364013672e-05,1.3530254364013672e-05,2388.5,4070.5
1650164077,0.0,0.003772053,0.0,1.3500452041625977e-05,1.3500452041625977e-05,2389.5,4073.0
1650164078,0.0,0.003772053,0.0,1.3500452041625977e-05,1.3500452041625977e-05,2389.5,4073.0
1650164079,0.005,0.003473781,0.0,1.3500452041625977e-05,1.3500452041625977e-05,2389.0,4073.5
1650164080,0.0,0.009480107,0.0,1.3440847396850586e-05,1.3440847396850586e-05,6370.0,11655.0
1650164081,0.0,0.003778601,0.0,1.3530254364013672e-05,1.3530254364013672e-05,2433.0,3542.0
1650164082,0.0,0.003778601,0.0,1.3530254364013672e-05,1.3530254364013672e-05,2433.0,3542.0
1650164083,0.0,0.002625668,0.005,1.3500452041625977e-05,1.3500452041625977e-05,1989.0,4485.5
1650164084,0.01,0.004535126,0.0,1.3619661331176758e-05,1.3619661331176758e-05,3582.0,5430.0
1650164085,0.01,0.004535126,0.0,1.3619661331176758e-05,1.3619661331176758e-05,3582.0,5430.0
1650164086,0.005,0.004786953,0.0,1.3500452041625977e-05,1.3500452041625977e-05,3186.0,5431.0
1650164087,0.0,0.009234261,0.0,1.3530254364013672e-05,1.3530254364013672e-05,6372.0,10846.0
1650164088,0.0,0.009234261,0.0,1.3530254364013672e-05,1.3530254364013672e-05,6372.0,10846.0
1650164089,0.0,0.002371483,0.0,1.3560056686401367e-05,1.3560056686401367e-05,1613.5,2737.0
1650164090,0.0,0.004522738,0.0,1.3560056686401367e-05,1.3560056686401367e-05,3186.0,5431.0
1650164091,0.0,0.004522738,0.0,1.3560056686401367e-05,1.3560056686401367e-05,3186.0,5431.0
1650164092,0.0,0.002778252,0.0,1.341104507446289e-05,1.341104507446289e-05,1593.0,3112.0
1650164093,0.01,0.009305491,0.0,1.3500452041625977e-05,1.3500452041625977e-05,6411.0,11666.0
1650164094,0.0,0.002610034,0.0,1.3500452041625977e-05,1.3500452041625977e-05,1988.0,2715.0
1650164095,0.0,0.002610034,0.0,1.3500452041625977e-05,1.3500452041625977e-05,1988.0,2715.0
1650164096,0.0,0.002510543,0.0,1.3500452041625977e-05,1.3500452041625977e-05,1592.5,2712.5
1650164097,0.0,0.002510543,0.0,1.3500452041625977e-05,1.3500452041625977e-05,1592.5,2712.5
1650164098,0.005,0.008543872,0.005,1.3500452041625977e-05,1.3500452041625977e-05,5575.0,9495.5
1650164099,0.01,0.00903558,0.0,1.3500452041625977e-05,1.3500452041625977e-05,6372.0,10863.0
1650164100,0.01,0.00903558,0.0,1.3500452041625977e-05,1.3500452041625977e-05,6372.0,10863.0
1650164101,0.0,0.0041408105,0.0,1.3500452041625977e-05,1.3500452041625977e-05,2389.5,4067.0
1650164102,0.0,0.0041408105,0.0,1.3500452041625977e-05,1.3500452041625977e-05,2389.5,4067.0
1650164103,0.005,0.0052867375,0.0,1.3679265975952148e-05,1.3679265975952148e-05,2808.5,7061.5
1650164104,0.005,0.0052867375,0.0,1.3679265975952148e-05,1.3679265975952148e-05,2808.5,7061.5
1650164105,0.0,0.0040866655,0.0,1.3530254364013672e-05,1.3530254364013672e-05,2982.5,4070.0
1650164106,0.0,0.007374303,0.0,1.3500452041625977e-05,1.3500452041625977e-05,4779.0,8143.0
1650164107,0.0,0.007374303,0.0,1.3500452041625977e-05,1.3500452041625977e-05,4779.0,8143.0
1650164108,0.005,0.005345049,0.0,1.4126300811767578e-05,1.4126300811767578e-05,3185.5,5428.5
1650164109,0.01,0.007338309,0.0,1.3679265975952148e-05,1.3679265975952148e-05,4845.0,8202.0
1650164110,0.0,0.004865249,0.0,1.3500452041625977e-05,1.3500452041625977e-05,3185.0,5431.0
1650164111,0.0,0.004865249,0.0,1.3500452041625977e-05,1.3500452041625977e-05,3185.0,5431.0
1650164112,0.0,0.002649822,0.0,1.3500452041625977e-05,1.3500452041625977e-05,1593.0,2715.5
1650164113,0.0,0.00489313,0.01,1.3500452041625977e-05,1.3500452041625977e-05,3186.0,5432.0
1650164114,0.0,0.00489313,0.01,1.3500452041625977e-05,1.3500452041625977e-05,3186.0,5432.0
1650164115,0.005,0.0072372275,0.005,1.3649463653564451e-05,1.3649463653564451e-05,4002.0,8434.5
1650164116,0.0,0.002904177,0.0,1.3530254364013672e-05,1.3530254364013672e-05,1988.0,2715.0
1650164117,0.0,0.002904177,0.0,1.3530254364013672e-05,1.3530254364013672e-05,1988.0,2715.0
1650164118,0.005,0.0061405605,0.0,1.3500452041625977e-05,1.3500452041625977e-05,3186.0,5430.5
1650164119,0.005,0.0061405605,0.0,1.3500452041625977e-05,1.3500452041625977e-05,3186.0,5430.5
1650164120,0.0,0.0062786645,0.0,1.3500452041625977e-05,1.3500452041625977e-05,3207.0,5452.5
1650164121,0.01,0.006039056,0.0,1.3500452041625977e-05,1.3500452041625977e-05,3186.0,5432.0
1650164122,0.01,0.009227178,0.0,1.3500452041625977e-05,1.3500452041625977e-05,4779.0,8146.0
1650164123,0.01,0.009227178,0.0,1.3500452041625977e-05,1.3500452041625977e-05,4779.0,8146.0
1650164124,0.0,0.003607319,0.0,1.3500452041625977e-05,1.3500452041625977e-05,1593.0,6196.5
1650164125,0.0,0.007655112,0.0,1.436471939086914e-05,1.436471939086914e-05,3728.0,6786.0
1650164126,0.0,0.007655112,0.0,1.436471939086914e-05,1.436471939086914e-05,3728.0,6786.0
1650164127,0.01,0.008009918,0.0,1.3500452041625977e-05,1.3500452041625977e-05,4725.0,6915.5
1650164128,0.01,0.008009918,0.0,1.3500452041625977e-05,1.3500452041625977e-05,4725.0,6915.5
1650164129,0.0,0.00496705,0.0,1.3530254364013672e-05,1.3530254364013672e-05,2389.5,4074.0
1650164130,0.0,0.00496705,0.0,1.3530254364013672e-05,1.3530254364013672e-05,2389.5,4074.0
1650164131,0.005,0.0029337185,0.0,1.3589859008789062e-05,1.3589859008789062e-05,1592.5,2715.5
1650164132,0.01,0.014801056,0.0,1.3500452041625977e-05,1.3500452041625977e-05,7963.0,13579.0
1650164133,0.01,0.014801056,0.0,1.3500452041625977e-05,1.3500452041625977e-05,7963.0,13579.0
1650164134,0.0,0.004484894,0.005,1.3500452041625977e-05,1.3500452041625977e-05,2389.5,5851.5
1650164135,0.0,0.005908343,0.0,1.3500452041625977e-05,1.3500452041625977e-05,3186.0,5425.0
1650164136,0.0,0.001353968,0.0,1.3828277587890623e-05,1.3828277587890623e-05,862.0,1626.0
1650164137,0.0,0.001353968,0.0,1.3828277587890623e-05,1.3828277587890623e-05,862.0,1626.0
1650164138,0.0,0.002338151,0.0,1.4543533325195312e-05,1.4543533325195312e-05,1076.5,1836.0
1650164139,0.0,0.002338151,0.0,1.4543533325195312e-05,1.4543533325195312e-05,1076.5,1836.0
1650164140,0.0,0.000849391,0.0,1.436471939086914e-05,1.436471939086914e-05,567.5,684.0
1650164141,0.0,0.0,0.0,1.436471939086914e-05,1.436471939086914e-05,0.0,0.0
1650164142,0.0,0.0,0.0,1.436471939086914e-05,1.436471939086914e-05,0.0,0.0
1650164143,0.0,0.0,0.0,1.436471939086914e-05,1.436471939086914e-05,0.0,0.0
1650164144,0.0033333333333333,0.0019830943333333,0.0,1.4960765838623049e-05,1.4960765838623049e-05,1090.3333333333333,1616.3333333333333
1650164145,0.0033333333333333,0.0019830943333333,0.0,1.4960765838623049e-05,1.4960765838623049e-05,1090.3333333333333,1616.3333333333333
1650164146,0.0,0.001550852,0.0,1.4960765838623049e-05,1.4960765838623049e-05,895.5,1357.5
1650164147,0.0,0.001550852,0.0,1.4960765838623049e-05,1.4960765838623049e-05,895.5,1357.5
1650164148,0.005,0.002907331,0.0,1.4454126358032228e-05,1.4454126358032228e-05,1359.5,2299.0
1650164149,0.0,0.002251179,0.0,1.4126300811767578e-05,1.4126300811767578e-05,904.0,1582.0
1650164150,0.0,0.002251179,0.0,1.4126300811767578e-05,1.4126300811767578e-05,904.0,1582.0
1650164151,0.0,0.0021573725,0.0,1.430511474609375e-05,1.430511474609375e-05,1039.5,1634.0
1650164152,0.0,0.003267136,0.0,1.4573335647583008e-05,1.4573335647583008e-05,1857.0,2847.0
1650164153,0.0,0.003267136,0.0,1.4573335647583008e-05,1.4573335647583008e-05,1857.0,2847.0
1650164154,0.0,0.0008255545,0.0,1.4543533325195312e-05,1.4543533325195312e-05,567.5,1032.5
1650164155,0.0,0.002343554,0.0,1.4096498489379885e-05,1.4096498489379885e-05,796.0,1882.0
1650164156,0.0,0.002343554,0.0,1.4096498489379885e-05,1.4096498489379885e-05,796.0,1882.0
1650164157,0.0,0.000847895,0.0,1.4454126358032228e-05,1.4454126358032228e-05,602.5,685.0
1650164158,0.01,0.001477081,0.0,1.4930963516235352e-05,1.4930963516235352e-05,937.0,1370.0
1650164159,0.01,0.001477081,0.0,1.4930963516235352e-05,1.4930963516235352e-05,937.0,1370.0
1650164160,0.0,0.0013467695,0.0,1.52587890625e-05,1.52587890625e-05,538.0,883.0
1650164161,0.0,0.001399185,0.0,1.4930963516235352e-05,1.4930963516235352e-05,863.0,1625.0
1650164162,0.0,0.005122003,0.0,1.5079975128173828e-05,1.5079975128173828e-05,2211.0,3136.0
1650164163,0.0,0.005122003,0.0,1.5079975128173828e-05,1.5079975128173828e-05,2211.0,3136.0
1650164164,0.0,0.001178207,0.0,1.4722347259521484e-05,1.4722347259521484e-05,464.0,1237.5
1650164165,0.0,0.003345182,0.0,1.4543533325195312e-05,1.4543533325195312e-05,1989.0,2711.0
1650164166,0.0,0.00340064,0.0,1.4603137969970705e-05,1.4603137969970705e-05,1857.0,2715.0
1650164167,0.0,0.00340064,0.0,1.4603137969970705e-05,1.4603137969970705e-05,1857.0,2715.0
1650164168,0.005,0.001970526,0.0,1.5020370483398438e-05,1.5020370483398438e-05,928.5,1422.5
1650164169,0.005,0.001970526,0.0,1.5020370483398438e-05,1.5020370483398438e-05,928.5,1422.5
1650164170,0.0,0.001074282,0.0,1.4185905456542969e-05,1.4185905456542969e-05,398.0,809.0
1650164171,0.0,0.00393318,0.0,1.436471939086914e-05,1.436471939086914e-05,1733.0,3252.0
1650164172,0.0,0.001750921,0.0,1.4513731002807615e-05,1.4513731002807615e-05,936.0,1765.0
1650164173,0.0,3.7025e-05,0.0,1.4394521713256836e-05,1.4394521713256836e-05,0.0,0.0
1650164174,0.0,0.002443188,0.0,1.5228986740112305e-05,1.5228986740112305e-05,1357.0,1790.0
1650164175,0.0,0.002443188,0.0,1.5228986740112305e-05,1.5228986740112305e-05,1357.0,1790.0
1650164176,0.0,0.0,0.0,1.5020370483398438e-05,1.5020370483398438e-05,0.0,0.0
1650164177,0.0,0.004242356,0.0,1.5050172805786133e-05,1.5050172805786133e-05,2137.0,2996.0
1650164178,0.0,0.003372748,0.0,1.5288591384887695e-05,1.5288591384887695e-05,1988.0,2716.0
1650164179,0.0,0.003372748,0.0,1.5288591384887695e-05,1.5288591384887695e-05,1988.0,2716.0
1650164180,0.0,0.0012240405,0.0,1.4722347259521484e-05,1.4722347259521484e-05,464.0,743.0
1650164181,0.01,0.005835218,0.01,1.4692544937133787e-05,1.4692544937133787e-05,2785.0,4202.0
1650164182,0.0,0.001386932,0.0,1.4573335647583008e-05,1.4573335647583008e-05,863.0,1230.0
1650164183,0.0,0.001386932,0.0,1.4573335647583008e-05,1.4573335647583008e-05,863.0,1230.0
1650164184,0.005,0.0011077855,0.0,1.424551010131836e-05,1.424551010131836e-05,398.0,1469.5
1650164185,0.0,0.001398431,0.0,1.4424324035644531e-05,1.4424324035644531e-05,863.0,1626.0
1650164186,0.0,0.004977867,0.0,1.4573335647583008e-05,1.4573335647583008e-05,2153.0,3408.0
1650164187,0.0,0.004977867,0.0,1.4573335647583008e-05,1.4573335647583008e-05,2153.0,3408.0
1650164188,0.0,0.001142724,0.0,1.4096498489379885e-05,1.4096498489379885e-05,419.0,962.0
1650164189,0.0,0.001142724,0.0,1.4096498489379885e-05,1.4096498489379885e-05,419.0,962.0
1650164190,0.0,0.000717838,0.0,1.4454126358032228e-05,1.4454126358032228e-05,567.5,685.0
1650164191,0.0,0.001533262,0.0,1.4930963516235352e-05,1.4930963516235352e-05,1135.0,1369.0
1650164192,0.0,0.004184714,0.0,1.519918441772461e-05,1.519918441772461e-05,2137.0,2996.0
1650164193,0.0,0.004184714,0.0,1.519918441772461e-05,1.519918441772461e-05,2137.0,2996.0
1650164194,0.0,0.000103965,0.0,1.4960765838623049e-05,1.4960765838623049e-05,0.0,347.0
1650164195,0.0,0.003374004,0.0,1.4990568161010742e-05,1.4990568161010742e-05,1791.0,2716.0
1650164196,0.0,0.00574562,0.0,1.4573335647583008e-05,1.4573335647583008e-05,2785.0,4648.0
1650164197,0.0,0.00574562,0.0,1.4573335647583008e-05,1.4573335647583008e-05,2785.0,4648.0
1650164198,0.005,0.0010867625,0.0,1.4126300811767578e-05,1.4126300811767578e-05,398.0,743.0
1650164199,0.0,0.002196009,0.0,1.4573335647583008e-05,1.4573335647583008e-05,1283.0,1650.0
1650164200,0.0,0.002196009,0.0,1.4573335647583008e-05,1.4573335647583008e-05,1283.0,1650.0
1650164201,0.0,0.001774084,0.0,1.4543533325195312e-05,1.4543533325195312e-05,928.5,1422.0
1650164202,0.0,0.002083488,0.0,1.4156103134155272e-05,1.4156103134155272e-05,796.0,1618.0
1650164203,0.0,0.002083488,0.0,1.4156103134155272e-05,1.4156103134155272e-05,796.0,1618.0
1650164204,0.0,0.002341899,0.0,1.4096498489379885e-05,1.4096498489379885e-05,965.0,2019.0
1650164205,0.0,0.001733402,0.0,1.4483928680419922e-05,1.4483928680419922e-05,1135.0,1369.0
1650164206,0.0,0.001733402,0.0,1.4483928680419922e-05,1.4483928680419922e-05,1135.0,1369.0
1650164207,0.0,0.0,0.0,1.4483928680419922e-05,1.4483928680419922e-05,0.0,0.0
1650164208,0.0,0.0,0.0,1.4483928680419922e-05,1.4483928680419922e-05,0.0,0.0
1650164209,0.0,0.0,0.0,1.4483928680419922e-05,1.4483928680419922e-05,0.0,0.0
1650164210,0.0066666666666666,0.0019863263333333,0.0,1.4930963516235352e-05,1.4930963516235352e-05,958.6666666666666,1586.3333333333333
1650164211,0.0066666666666666,0.0019863263333333,0.0,1.4930963516235352e-05,1.4930963516235352e-05,958.6666666666666,1586.3333333333333
1650164212,0.0,0.0022722045,0.0,1.5079975128173828e-05,1.5079975128173828e-05,1105.5,1567.5
1650164213,0.02,0.005546217,0.0,1.4603137969970705e-05,1.4603137969970705e-05,2917.0,6283.0
1650164214,0.02,0.005546217,0.0,1.4603137969970705e-05,1.4603137969970705e-05,2917.0,6283.0
1650164215,0.0,0.001635832,0.0,1.4603137969970705e-05,1.4603137969970705e-05,928.0,1357.5
1650164216,0.0,0.002019014,0.0,1.5169382095336914e-05,1.5169382095336914e-05,796.0,1618.0
1650164217,0.0,0.002019014,0.0,1.5169382095336914e-05,1.5169382095336914e-05,796.0,1618.0
1650164218,0.005,0.000611617,0.0,1.4513731002807615e-05,1.4513731002807615e-05,530.0,615.0
1650164219,0.0,0.003736046,0.0,1.4632940292358398e-05,1.4632940292358398e-05,1775.0,3030.0
1650164220,0.0,0.003736046,0.0,1.4632940292358398e-05,1.4632940292358398e-05,1775.0,3030.0
1650164221,0.0,0.002029178,0.0,1.4573335647583008e-05,1.4573335647583008e-05,866.5,1824.0
1650164222,0.0,0.0,0.0,1.4394521713256836e-05,1.4394521713256836e-05,0.0,0.0
1650164223,0.0,0.0,0.0,1.4394521713256836e-05,1.4394521713256836e-05,0.0,0.0
1650164224,0.0,0.001296566,0.0,1.5169382095336914e-05,1.5169382095336914e-05,677.5,892.5
1650164225,0.0,0.001296566,0.0,1.5169382095336914e-05,1.5169382095336914e-05,677.5,892.5
1650164226,0.0,0.00201646,0.0,1.5050172805786133e-05,1.5050172805786133e-05,1068.5,1498.0
1650164227,0.0,0.003583533,0.0,1.5109777450561523e-05,1.5109777450561523e-05,1989.0,2716.0
1650164228,0.0,0.003583533,0.0,1.5109777450561523e-05,1.5109777450561523e-05,1989.0,2716.0
1650164229,0.005,0.00290335,0.0,1.4632940292358398e-05,1.4632940292358398e-05,1458.5,2099.5
1650164230,0.0,0.002056892,0.0,1.4185905456542969e-05,1.4185905456542969e-05,862.0,1540.0
1650164231,0.0,0.002056892,0.0,1.4185905456542969e-05,1.4185905456542969e-05,862.0,1540.0
1650164232,0.0,0.0006030395,0.0,1.4543533325195312e-05,1.4543533325195312e-05,431.5,615.0
1650164233,0.0,0.004191911,0.0,1.4662742614746094e-05,1.4662742614746094e-05,1659.0,4250.0
1650164234,0.0,0.00206602,0.0,1.4066696166992188e-05,1.4066696166992188e-05,796.0,1618.0
1650164235,0.0,0.00206602,0.0,1.4066696166992188e-05,1.4066696166992188e-05,796.0,1618.0
1650164236,0.005,0.0023598545,0.0,1.4215707778930664e-05,1.4215707778930664e-05,1076.5,1836.0
1650164237,0.005,0.0023598545,0.0,1.4215707778930664e-05,1.4215707778930664e-05,1076.5,1836.0
1650164238,0.0,0.000754801,0.0,1.4483928680419922e-05,1.4483928680419922e-05,567.0,685.0
1650164239,0.0,0.0,0.0,1.4483928680419922e-05,1.4483928680419922e-05,0.0,0.0
1650164240,0.0,0.0,0.0,1.4483928680419922e-05,1.4483928680419922e-05,0.0,0.0
1650164241,0.0,0.0,0.0,1.4483928680419922e-05,1.4483928680419922e-05,0.0,0.0
1650164242,0.0,0.0,0.0,1.4483928680419922e-05,1.4483928680419922e-05,0.0,0.0
1650164243,0.0025,0.00151074275,0.0025,1.4960765838623049e-05,1.4960765838623049e-05,818.0,1210.75
1650164244,0.0,0.003253251,0.0,1.4960765838623049e-05,1.4960765838623049e-05,1791.0,2712.0
1650164245,0.0,0.003253251,0.0,1.4960765838623049e-05,1.4960765838623049e-05,1791.0,2712.0
1650164246,0.005,0.00315415,0.0,1.4483928680419922e-05,1.4483928680419922e-05,1359.5,2299.0
1650164247,0.0,0.002133905,0.0,1.4126300811767578e-05,1.4126300811767578e-05,796.0,1483.0
1650164248,0.0,0.002133905,0.0,1.4126300811767578e-05,1.4126300811767578e-05,796.0,1483.0
1650164249,0.005,0.0021985575,0.0,1.4185905456542969e-05,1.4185905456542969e-05,1039.5,1634.0
1650164250,0.0,0.003087991,0.0,1.4841556549072266e-05,1.4841556549072266e-05,1559.0,2586.0
1650164251,0.0,0.003087991,0.0,1.4841556549072266e-05,1.4841556549072266e-05,1559.0,2586.0
1650164252,0.0,0.0010913275,0.0,1.4543533325195312e-05,1.4543533325195312e-05,716.5,816.0
1650164253,0.0,0.0010913275,0.0,1.4543533325195312e-05,1.4543533325195312e-05,716.5,816.0
1650164254,0.0,0.0021247315,0.0,1.4454126358032228e-05,1.4454126358032228e-05,998.5,2579.5
1650164255,0.0,0.0,0.0,1.4454126358032228e-05,1.4454126358032228e-05,0.0,0.0
1650164256,0.0,0.0,0.0,1.4454126358032228e-05,1.4454126358032228e-05,0.0,0.0
1650164257,0.0,0.0007753715,0.0,1.4930963516235352e-05,1.4930963516235352e-05,468.5,685.0
1650164258,0.0,0.0007753715,0.0,1.4930963516235352e-05,1.4930963516235352e-05,468.5,685.0
1650164259,0.0,0.002181329,0.0,1.4901161193847656e-05,1.4901161193847656e-05,990.5,1715.0
1650164260,0.0,0.002181329,0.0,1.4901161193847656e-05,1.4901161193847656e-05,990.5,1715.0
1650164261,0.005,0.002243184,0.0,1.5050172805786133e-05,1.5050172805786133e-05,1105.5,1568.0
1650164262,0.0,0.005421864,0.0,1.4573335647583008e-05,1.4573335647583008e-05,2917.0,4202.0
1650164263,0.0,0.005421864,0.0,1.4573335647583008e-05,1.4573335647583008e-05,2917.0,4202.0
1650164264,0.0,0.0011105335,0.0,1.4215707778930664e-05,1.4215707778930664e-05,398.0,1089.5
1650164265,0.0,0.003504801,0.0,1.4394521713256836e-05,1.4394521713256836e-05,1856.0,2848.0
1650164266,0.0,0.003504801,0.0,1.4394521713256836e-05,1.4394521713256836e-05,1856.0,2848.0
1650164267,0.005,0.0006756915,0.0,1.4513731002807615e-05,1.4513731002807615e-05,530.5,614.5
1650164268,0.0,0.0,0.0,1.4513731002807615e-05,1.4513731002807615e-05,0.0,0.0
1650164269,0.0,0.0,0.0,1.4513731002807615e-05,1.4513731002807615e-05,0.0,0.0
1650164270,0.0,0.0,0.0,1.4513731002807615e-05,1.4513731002807615e-05,0.0,0.0
1650164271,0.0,0.0,0.0,1.4513731002807615e-05,1.4513731002807615e-05,0.0,0.0
1650164272,0.005,0.00811219625,0.0025,1.4603137969970705e-05,1.4603137969970705e-05,4289.75,6885.75
1650164273,0.02,0.011523687,0.0,1.3589859008789062e-05,1.3589859008789062e-05,5575.0,13294.0
1650164274,0.02,0.011523687,0.0,1.3589859008789062e-05,1.3589859008789062e-05,5575.0,13294.0
1650164275,0.0,0.0029241125,0.0,1.373887062072754e-05,1.373887062072754e-05,1592.5,2715.5
1650164276,0.0,0.006614116,0.02,1.3500452041625977e-05,1.3500452041625977e-05,3186.0,5431.0
1650164277,0.01,0.012215657,0.0,1.3649463653564451e-05,1.3649463653564451e-05,6368.0,10855.0
1650164278,0.01,0.012215657,0.0,1.3649463653564451e-05,1.3649463653564451e-05,6368.0,10855.0
1650164279,0.005,0.0063806555,0.0,1.3530254364013672e-05,1.3530254364013672e-05,3429.0,5836.5
1650164280,0.005,0.0063806555,0.0,1.3530254364013672e-05,1.3530254364013672e-05,3429.0,5836.5
1650164281,0.0,0.0029582195,0.0,1.3500452041625977e-05,1.3500452041625977e-05,1790.5,2716.0
1650164282,0.0,0.0029582195,0.0,1.3500452041625977e-05,1.3500452041625977e-05,1790.5,2716.0
1650164283,0.005,0.003803171,0.0,1.3530254364013672e-05,1.3530254364013672e-05,1869.0,3123.0
1650164284,0.0,0.01201187,0.01,1.3530254364013672e-05,1.3530254364013672e-05,6965.0,13523.0
1650164285,0.0,0.01201187,0.01,1.3530254364013672e-05,1.3530254364013672e-05,6965.0,13523.0
1650164286,0.0,0.003017021,0.0,1.3530254364013672e-05,1.3530254364013672e-05,1592.5,2716.0
1650164287,0.0,0.009351985,0.0,1.3500452041625977e-05,1.3500452041625977e-05,4779.0,8145.0
1650164288,0.0,0.009351985,0.0,1.3500452041625977e-05,1.3500452041625977e-05,4779.0,8145.0
1650164289,0.005,0.006078925,0.0,1.347064971923828e-05,1.347064971923828e-05,3186.0,5497.0
1650164290,0.0,0.01030809,0.01,1.3560056686401367e-05,1.3560056686401367e-05,5331.0,8832.0
1650164291,0.0,0.01030809,0.01,1.3560056686401367e-05,1.3560056686401367e-05,5331.0,8832.0
1650164292,0.0,0.004997273,0.0,1.341104507446289e-05,1.341104507446289e-05,2619.5,4263.0
1650164293,0.01,0.009793621,0.0,1.3530254364013672e-05,1.3530254364013672e-05,5595.0,12950.0
1650164294,0.01,0.009793621,0.0,1.3530254364013672e-05,1.3530254364013672e-05,5595.0,12950.0
1650164295,0.0,0.0029361235,0.005,1.3709068298339844e-05,1.3709068298339844e-05,1692.0,2715.0
1650164296,0.0,0.003012134,0.0,1.3679265975952148e-05,1.3679265975952148e-05,1593.0,2716.0
1650164297,0.01,0.005446002,0.0,1.4156103134155272e-05,1.4156103134155272e-05,2888.0,5169.0
1650164298,0.01,0.005446002,0.0,1.4156103134155272e-05,1.4156103134155272e-05,2888.0,5169.0
1650164299,0.005,0.001629328,0.0,1.3500452041625977e-05,1.3500452041625977e-05,966.0,1510.0
1650164300,0.005,0.001629328,0.0,1.3500452041625977e-05,1.3500452041625977e-05,966.0,1510.0
1650164301,0.005,0.003199342,0.0,1.4215707778930664e-05,1.4215707778930664e-05,1546.5,2782.0
1650164302,0.0,0.005857888,0.0,1.424551010131836e-05,1.424551010131836e-05,3100.0,4620.0
1650164303,0.0,3.9219e-05,0.0,1.3828277587890623e-05,1.3828277587890623e-05,0.0,0.0
1650164304,0.0,3.9219e-05,0.0,1.3828277587890623e-05,1.3828277587890623e-05,0.0,0.0
1650164305,0.0,0.0029018985,0.0,1.3440847396850586e-05,1.3440847396850586e-05,1359.5,2299.0
1650164306,0.0,0.010773679,0.0,1.373887062072754e-05,1.373887062072754e-05,5924.0,8558.0
1650164307,0.0,0.010773679,0.0,1.373887062072754e-05,1.373887062072754e-05,5924.0,8558.0
1650164308,0.0,0.003198568,0.0,1.3500452041625977e-05,1.3500452041625977e-05,1758.0,2716.0
1650164309,0.0,0.003350328,0.0,1.3500452041625977e-05,1.3500452041625977e-05,1659.0,2716.0
1650164310,0.0,0.003350328,0.0,1.3500452041625977e-05,1.3500452041625977e-05,1659.0,2716.0
1650164311,0.0,0.0019854375,0.005,1.3530254364013672e-05,1.3530254364013672e-05,829.5,1357.5
1650164312,0.0,0.004571299,0.0,1.3828277587890623e-05,1.3828277587890623e-05,2596.0,4216.0
1650164313,0.0,0.004571299,0.0,1.3828277587890623e-05,1.3828277587890623e-05,2596.0,4216.0
1650164314,0.0,0.000825311,0.0,1.430511474609375e-05,1.430511474609375e-05,468.5,1613.0
1650164315,0.0,0.006585188,0.0,1.430511474609375e-05,1.430511474609375e-05,2735.0,4746.0
1650164316,0.0,0.006585188,0.0,1.430511474609375e-05,1.430511474609375e-05,2735.0,4746.0
1650164317,0.005,0.005032231,0.0,1.3530254364013672e-05,1.3530254364013672e-05,2465.0,3866.0
1650164318,0.0,0.001506398,0.0,1.3887882232666016e-05,1.3887882232666016e-05,1060.0,1226.0
1650164319,0.0,0.004598039,0.01,1.4394521713256836e-05,1.4394521713256836e-05,2918.0,3944.0
1650164320,0.0,0.003458815,0.0,1.436471939086914e-05,1.436471939086914e-05,1659.0,2716.0
1650164321,0.0,0.003458815,0.0,1.436471939086914e-05,1.436471939086914e-05,1659.0,2716.0
1650164322,0.0,0.0047653495,0.0,1.4334917068481444e-05,1.4334917068481444e-05,2525.5,4208.5
1650164323,0.0,0.0047653495,0.0,1.4334917068481444e-05,1.4334917068481444e-05,2525.5,4208.5
1650164324,0.0,0.00182064,0.0,1.4454126358032228e-05,1.4454126358032228e-05,829.5,2448.5
1650164325,0.0,0.00182064,0.0,1.4454126358032228e-05,1.4454126358032228e-05,829.5,2448.5
1650164326,0.0,0.002499586,0.0,1.3917684555053713e-05,1.3917684555053713e-05,1248.5,2232.5
1650164327,0.0,0.00363533,0.01,1.3917684555053713e-05,1.3917684555053713e-05,1938.0,3390.0
1650164328,0.01,0.008662327,0.01,1.4454126358032228e-05,1.4454126358032228e-05,5327.0,7146.0
1650164329,0.01,0.008662327,0.01,1.4454126358032228e-05,1.4454126358032228e-05,5327.0,7146.0
1650164330,0.0,0.0026676525,0.0,1.4066696166992188e-05,1.4066696166992188e-05,1392.5,2100.5
1650164331,0.0,0.011148306,0.0,1.4722347259521484e-05,1.4722347259521484e-05,5109.0,8255.0
1650164332,0.0,0.011148306,0.0,1.4722347259521484e-05,1.4722347259521484e-05,5109.0,8255.0
1650164333,0.0,0.0025155125,0.0,1.4394521713256836e-05,1.4394521713256836e-05,1298.0,3204.5
1650164334,0.0,0.0,0.0,1.4394521713256836e-05,1.4394521713256836e-05,0.0,0.0
1650164335,0.0,0.0,0.0,1.4394521713256836e-05,1.4394521713256836e-05,0.0,0.0
1650164336,0.0,0.0,0.0,1.4394521713256836e-05,1.4394521713256836e-05,0.0,0.0
1650164337,0.0,0.0,0.0,1.4394521713256836e-05,1.4394521713256836e-05,0.0,0.0
1650164338,0.0025,0.00648482225,0.0025,1.4543533325195312e-05,1.4543533325195312e-05,3228.25,5140.75
1650164339,0.01,0.008184403,0.0,1.4662742614746094e-05,1.4662742614746094e-05,4683.0,6958.0
1650164340,0.01,0.008184403,0.0,1.4662742614746094e-05,1.4662742614746094e-05,4683.0,6958.0
1650164341,0.005,0.0050375875,0.005,1.4156103134155272e-05,1.4156103134155272e-05,2488.0,4070.5
1650164342,0.0,0.003750374,0.0,1.4156103134155272e-05,1.4156103134155272e-05,1659.0,2716.0
1650164343,0.0,0.003750374,0.0,1.4156103134155272e-05,1.4156103134155272e-05,1659.0,2716.0
1650164344,0.0,0.0007483115,0.0,1.4513731002807615e-05,1.4513731002807615e-05,431.0,2248.5
1650164345,0.0,0.008517445,0.0,1.4334917068481444e-05,1.4334917068481444e-05,4113.0,7182.0
1650164346,0.0,0.008517445,0.0,1.4334917068481444e-05,1.4334917068481444e-05,4113.0,7182.0
1650164347,0.005,0.0018562965,0.0,1.430511474609375e-05,1.430511474609375e-05,899.5,1587.0
1650164348,0.005,0.0018562965,0.0,1.430511474609375e-05,1.430511474609375e-05,899.5,1587.0
1650164349,0.0,0.004809908,0.0,1.4573335647583008e-05,1.4573335647583008e-05,2605.5,3879.0
1650164350,0.0,0.005701944,0.0,1.4543533325195312e-05,1.4543533325195312e-05,2917.0,4202.0
1650164351,0.0,0.001171457,0.0,1.4483928680419922e-05,1.4483928680419922e-05,1061.0,1230.0
1650164352,0.0,0.001171457,0.0,1.4483928680419922e-05,1.4483928680419922e-05,1061.0,1230.0
1650164353,0.0,0.002935548,0.0,1.4662742614746094e-05,1.4662742614746094e-05,1695.5,2785.5
1650164354,0.0,0.00354587,0.0,1.475214958190918e-05,1.475214958190918e-05,1659.0,3715.0
1650164355,0.01,0.004169629,0.0,1.4990568161010742e-05,1.4990568161010742e-05,2522.0,3946.0
1650164356,0.01,0.004169629,0.0,1.4990568161010742e-05,1.4990568161010742e-05,2522.0,3946.0
1650164357,0.0,0.0010785445,0.0,1.4632940292358398e-05,1.4632940292358398e-05,398.0,743.0
1650164358,0.0,0.008621944,0.0,1.4126300811767578e-05,1.4126300811767578e-05,4048.0,7050.0
1650164359,0.0,0.008621944,0.0,1.4126300811767578e-05,1.4126300811767578e-05,4048.0,7050.0
1650164360,0.005,0.004883595,0.0,1.4632940292358398e-05,1.4632940292358398e-05,2539.5,4008.5
1650164361,0.01,0.005439304,0.0,1.4126300811767578e-05,1.4126300811767578e-05,2917.0,4198.0
1650164362,0.01,0.002970066,0.0,1.4215707778930664e-05,1.4215707778930664e-05,1989.0,2715.0
1650164363,0.0,0.006926948,0.0,1.4424324035644531e-05,1.4424324035644531e-05,3392.0,8384.0
1650164364,0.0,0.006926948,0.0,1.4424324035644531e-05,1.4424324035644531e-05,3392.0,8384.0
1650164365,0.01,0.004815999,0.0,1.424551010131836e-05,1.424551010131836e-05,2488.0,4069.0
1650164366,0.01,0.004815999,0.0,1.424551010131836e-05,1.424551010131836e-05,2488.0,4069.0
1650164367,0.0,0.002353065,0.0,1.4483928680419922e-05,1.4483928680419922e-05,1260.5,1973.0
1650164368,0.0,0.003258053,0.0,1.4483928680419922e-05,1.4483928680419922e-05,1659.0,2716.0
1650164369,0.0,0.006886355,0.01,1.4543533325195312e-05,1.4543533325195312e-05,3317.0,6088.0
1650164370,0.0,0.006886355,0.01,1.4543533325195312e-05,1.4543533325195312e-05,3317.0,6088.0
1650164371,0.0,0.00236021,0.0,1.5109777450561523e-05,1.5109777450561523e-05,1216.5,1778.0
1650164372,0.0,0.00236021,0.0,1.5109777450561523e-05,1.5109777450561523e-05,1216.5,1778.0
1650164373,0.0,0.000747005,0.0,1.5050172805786133e-05,1.5050172805786133e-05,530.0,613.0
1650164374,0.0,0.004048532,0.0,1.5020370483398438e-05,1.5020370483398438e-05,1989.0,4899.0
1650164375,0.0,0.004048532,0.0,1.5020370483398438e-05,1.5020370483398438e-05,1989.0,4899.0
1650164376,0.0,0.00288211,0.0,1.4841556549072266e-05,1.4841556549072266e-05,1491.5,2128.0
1650164377,0.0,0.003128133,0.0,1.4692544937133787e-05,1.4692544937133787e-05,1659.0,2714.0
1650164378,0.0,0.003128133,0.0,1.4692544937133787e-05,1.4692544937133787e-05,1659.0,2714.0
1650164379,0.005,0.004587096,0.0,1.4781951904296877e-05,1.4781951904296877e-05,2542.5,4124.0
1650164380,0.005,0.004587096,0.0,1.4781951904296877e-05,1.4781951904296877e-05,2542.5,4124.0
1650164381,0.005,0.003897468,0.0,1.5079975128173828e-05,1.5079975128173828e-05,2056.5,3324.5
1650164382,0.0,0.002557845,0.0,1.4632940292358398e-05,1.4632940292358398e-05,796.0,1879.0
1650164383,0.0,0.002557845,0.0,1.4632940292358398e-05,1.4632940292358398e-05,796.0,1879.0
1650164384,0.0,0.000970105,0.0,1.4901161193847656e-05,1.4901161193847656e-05,468.5,2230.0
1650164385,0.0,0.006699874,0.0,1.4692544937133787e-05,1.4692544937133787e-05,3287.0,4902.0
1650164386,0.0,0.006699874,0.0,1.4692544937133787e-05,1.4692544937133787e-05,3287.0,4902.0
1650164387,0.0,0.002938544,0.0,1.4692544937133787e-05,1.4692544937133787e-05,1989.0,2716.0
1650164388,0.01,0.006783671,0.01,1.4841556549072266e-05,1.4841556549072266e-05,3449.0,5424.0
1650164389,0.01,0.006783671,0.01,1.4841556549072266e-05,1.4841556549072266e-05,3449.0,5424.0
1650164390,0.0,0.0027269025,0.0,1.4692544937133787e-05,1.4692544937133787e-05,1659.0,2714.5
1650164391,0.0,0.0027269025,0.0,1.4692544937133787e-05,1.4692544937133787e-05,1659.0,2714.5
1650164392,0.0,0.003895832,0.0,1.519918441772461e-05,1.519918441772461e-05,2057.0,3328.0
1650164393,0.0,0.000183369,0.0,1.5050172805786133e-05,1.5050172805786133e-05,0.0,2978.0
1650164394,0.0,0.003437733,0.0,1.5288591384887695e-05,1.5288591384887695e-05,1775.0,2856.0
1650164395,0.0,0.003437733,0.0,1.5288591384887695e-05,1.5288591384887695e-05,1775.0,2856.0
1650164396,0.0,0.001867924,0.0,1.5228986740112305e-05,1.5228986740112305e-05,829.0,1554.5
1650164397,0.0,0.005171966,0.01,1.4275312423706056e-05,1.4275312423706056e-05,1860.0,3315.0
1650164398,0.0,0.003157286,0.0,1.4185905456542969e-05,1.4185905456542969e-05,1791.0,3112.0
1650164399,0.0,0.003157286,0.0,1.4185905456542969e-05,1.4185905456542969e-05,1791.0,3112.0
1650164400,0.0,0.0033161755,0.0,1.4275312423706056e-05,1.4275312423706056e-05,2034.0,2924.0
1650164401,0.0,0.006548126,0.0,1.4483928680419922e-05,1.4483928680419922e-05,3648.0,5428.0
1650164402,0.01,0.00662798,0.0,1.4722347259521484e-05,1.4722347259521484e-05,3384.0,5485.0
1650164403,0.0,0.012421202,0.0,1.4454126358032228e-05,1.4454126358032228e-05,6504.0,12076.0
1650164404,0.0,0.012421202,0.0,1.4454126358032228e-05,1.4454126358032228e-05,6504.0,12076.0
1650164405,0.0,0.002709877,0.005,1.4632940292358398e-05,1.4632940292358398e-05,1298.0,2109.0
1650164406,0.0,0.0,0.0,1.4632940292358398e-05,1.4632940292358398e-05,0.0,0.0
1650164407,0.0,0.0,0.0,1.4632940292358398e-05,1.4632940292358398e-05,0.0,0.0
1650164408,0.0,0.0,0.0,1.4632940292358398e-05,1.4632940292358398e-05,0.0,0.0
1650164409,0.0,0.0011319383333333,0.0,1.5527009963989258e-05,1.5527009963989258e-05,624.6666666666666,1045.0
1650164410,0.0,0.0,0.0,1.5437602996826172e-05,1.5437602996826172e-05,0.0,0.0
1650164411,0.0,0.007849646,0.0,1.537799835205078e-05,1.537799835205078e-05,3155.0,5165.0
1650164412,0.0,0.007849646,0.0,1.537799835205078e-05,1.537799835205078e-05,3155.0,5165.0
1650164413,0.0,0.004450226,0.0,1.4841556549072266e-05,1.4841556549072266e-05,2453.0,3459.0
1650164414,0.0,0.004469408,0.0,1.5228986740112305e-05,1.5228986740112305e-05,2720.0,5823.0
1650164415,0.0,0.004469408,0.0,1.5228986740112305e-05,1.5228986740112305e-05,2720.0,5823.0
1650164416,0.0,0.0025391515,0.0,1.4841556549072266e-05,1.4841556549072266e-05,1260.5,2134.0
1650164417,0.0,0.005859251,0.0,1.4841556549072266e-05,1.4841556549072266e-05,3317.0,5432.0
1650164418,0.01,0.004390613,0.0,1.5228986740112305e-05,1.5228986740112305e-05,2563.0,4119.0
1650164419,0.01,0.004390613,0.0,1.5228986740112305e-05,1.5228986740112305e-05,2563.0,4119.0
1650164420,0.005,0.004590133,0.005,1.4603137969970705e-05,1.4603137969970705e-05,2022.0,3628.0
1650164421,0.0,0.005443763,0.0,1.430511474609375e-05,1.430511474609375e-05,2455.0,4466.0
1650164422,0.0,0.005443763,0.0,1.430511474609375e-05,1.430511474609375e-05,2455.0,4466.0
1650164423,0.0,0.0030377615,0.0,1.4543533325195312e-05,1.4543533325195312e-05,1611.0,2758.5
1650164424,0.0,0.0030377615,0.0,1.4543533325195312e-05,1.4543533325195312e-05,1611.0,2758.5
1650164425,0.0,0.003385299,0.0,1.4901161193847656e-05,1.4901161193847656e-05,2025.5,2785.0
1650164426,0.0,0.005414893,0.0,1.4781951904296877e-05,1.4781951904296877e-05,2851.0,4256.0
1650164427,0.0,0.005414893,0.0,1.4781951904296877e-05,1.4781951904296877e-05,2851.0,4256.0
1650164428,0.0,0.003369109,0.0,1.4215707778930664e-05,1.4215707778930664e-05,1659.0,2715.5
1650164429,0.0,0.004336678,0.0,1.4603137969970705e-05,1.4603137969970705e-05,2522.0,3944.0
1650164430,0.0,0.004336678,0.0,1.4603137969970705e-05,1.4603137969970705e-05,2522.0,3944.0
1650164431,0.0,0.005396508,0.005,1.4454126358032228e-05,1.4454126358032228e-05,2853.5,4882.5
1650164432,0.0,0.006175301,0.01,1.4185905456542969e-05,1.4185905456542969e-05,3252.0,5483.0
1650164433,0.0,0.006175301,0.01,1.4185905456542969e-05,1.4185905456542969e-05,3252.0,5483.0
1650164434,0.005,0.005710598,0.0,1.4543533325195312e-05,1.4543533325195312e-05,2904.0,6359.0
1650164435,0.0,0.002853633,0.0,1.4215707778930664e-05,1.4215707778930664e-05,1923.0,2846.0
1650164436,0.0,0.006472995,0.01,1.4454126358032228e-05,1.4454126358032228e-05,3722.0,5564.0
1650164437,0.0,0.006472995,0.01,1.4454126358032228e-05,1.4454126358032228e-05,3722.0,5564.0
1650164438,0.005,0.0044976695,0.0,1.4275312423706056e-05,1.4275312423706056e-05,2455.5,4069.5
1650164439,0.005,0.0044976695,0.0,1.4275312423706056e-05,1.4275312423706056e-05,2455.5,4069.5
1650164440,0.005,0.0029124985,0.0,1.4185905456542969e-05,1.4185905456542969e-05,1593.0,2715.0
1650164441,0.01,0.006478071,0.0,1.4185905456542969e-05,1.4185905456542969e-05,3185.0,5417.0
1650164442,0.0,0.005949717,0.01,1.4454126358032228e-05,1.4454126358032228e-05,3185.0,5431.0
1650164443,0.0,0.006147507,0.0,1.4185905456542969e-05,1.4185905456542969e-05,3186.0,8133.0
1650164444,0.0,0.006147507,0.0,1.4185905456542969e-05,1.4185905456542969e-05,3186.0,8133.0
1650164445,0.0,0.005219475,0.0,1.4394521713256836e-05,1.4394521713256836e-05,2903.0,4754.0
1650164446,0.0,0.005219475,0.0,1.4394521713256836e-05,1.4394521713256836e-05,2903.0,4754.0
1650164447,0.005,0.004715931,0.0,1.4185905456542969e-05,1.4185905456542969e-05,2789.5,4210.0
1650164448,0.005,0.004715931,0.0,1.4185905456542969e-05,1.4185905456542969e-05,2789.5,4210.0
1650164449,0.0,0.006405405,0.005,1.4185905456542969e-05,1.4185905456542969e-05,3285.0,5431.0
1650164450,0.0,0.006187534,0.0,1.424551010131836e-05,1.424551010131836e-05,3186.0,5431.0
1650164451,0.0,0.006187534,0.0,1.424551010131836e-05,1.424551010131836e-05,3186.0,5431.0
1650164452,0.005,0.0072791785,0.0,1.4185905456542969e-05,1.4185905456542969e-05,3982.5,6785.5
1650164453,0.01,0.008906885,0.0,1.4185905456542969e-05,1.4185905456542969e-05,4779.0,9992.0
1650164454,0.01,0.008906885,0.0,1.4185905456542969e-05,1.4185905456542969e-05,4779.0,9992.0
1650164455,0.005,0.006698779,0.0,1.4334917068481444e-05,1.4334917068481444e-05,3536.0,6111.0
1650164456,0.005,0.006698779,0.0,1.4334917068481444e-05,1.4334917068481444e-05,3536.0,6111.0
1650164457,0.0,0.003170459,0.005,1.4185905456542969e-05,1.4185905456542969e-05,1922.0,2712.5
1650164458,0.0,0.015069504,0.01,1.4483928680419922e-05,1.4483928680419922e-05,8675.0,13893.0
1650164459,0.0,0.005801574,0.0,1.424551010131836e-05,1.424551010131836e-05,3186.0,5431.0
