timestamp,cpu_usage_system,cpu_usage_total,cpu_usage_user,memory_usage,memory_working_set,rx_bytes,tx_bytes
1650163049,0.0,0.0002610842857142,0.0,1.8894672393798828e-05,1.8894672393798828e-05,384.2857142857143,245.0
1650163050,0.0,0.0002610842857142,0.0,1.8894672393798828e-05,1.8894672393798828e-05,384.2857142857143,245.0
1650163051,0.0,0.0002610842857142,0.0,1.8894672393798828e-05,1.8894672393798828e-05,384.2857142857143,245.0
1650163052,0.0,0.0002610842857142,0.0,1.8894672393798828e-05,1.8894672393798828e-05,384.2857142857143,245.0
1650163053,0.0,0.0002610842857142,0.0,1.8894672393798828e-05,1.8894672393798828e-05,384.2857142857143,245.0
1650163054,0.0,0.0002610842857142,0.0,1.8894672393798828e-05,1.8894672393798828e-05,384.2857142857143,245.0
1650163055,0.0,0.0002610842857142,0.0,1.8894672393798828e-05,1.8894672393798828e-05,384.2857142857143,245.0
1650163056,0.0,0.000272182,0.0,1.8894672393798828e-05,1.8894672393798828e-05,538.0,220.0
1650163057,0.0,0.000272182,0.0,1.8894672393798828e-05,1.8894672393798828e-05,538.0,220.0
1650163058,0.005,0.000194537,0.0,1.8894672393798828e-05,1.8894672393798828e-05,403.5,165.0
1650163059,0.005,0.000194537,0.0,1.8894672393798828e-05,1.8894672393798828e-05,403.5,165.0
1650163060,0.0,0.000195562,0.0,1.8894672393798828e-05,1.8894672393798828e-05,424.0,186.0
1650163061,0.0,0.000606907,0.01,1.8894672393798828e-05,1.8894672393798828e-05,1079.0,536.0
1650163062,0.0,0.000250169,0.0,1.8894672393798828e-05,1.8894672393798828e-05,538.0,352.0
1650163063,0.0,0.000250169,0.0,1.8894672393798828e-05,1.8894672393798828e-05,538.0,352.0
1650163064,0.0,0.0002314,0.0,1.8894672393798828e-05,1.8894672393798828e-05,403.5,165.0
1650163065,0.0,0.0002314,0.0,1.8894672393798828e-05,1.8894672393798828e-05,403.5,165.0
1650163066,0.0,0.000129598,0.0,1.8894672393798828e-05,1.8894672393798828e-05,269.0,110.0
1650163067,0.0,0.000129598,0.0,1.8894672393798828e-05,1.8894672393798828e-05,269.0,110.0
1650163068,0.0,0.0002637855,0.0,1.8894672393798828e-05,1.8894672393798828e-05,537.5,220.0
1650163069,0.0,0.000491109,0.0,1.8894672393798828e-05,1.8894672393798828e-05,1075.0,440.0
1650163070,0.0,0.000491109,0.0,1.8894672393798828e-05,1.8894672393798828e-05,1075.0,440.0
1650163071,0.0,0.000148416,0.0,1.8894672393798828e-05,1.8894672393798828e-05,269.0,110.0
1650163072,0.0,0.000672516,0.0,1.8894672393798828e-05,1.8894672393798828e-05,1078.0,470.0
1650163073,0.0,0.000443842,0.0,1.8894672393798828e-05,1.8894672393798828e-05,535.0,952.0
1650163074,0.0,0.000443842,0.0,1.8894672393798828e-05,1.8894672393798828e-05,535.0,952.0
1650163075,0.0,0.0001132955,0.0,1.8894672393798828e-05,1.8894672393798828e-05,269.0,143.0
1650163076,0.0,0.000250788,0.0,1.8894672393798828e-05,1.8894672393798828e-05,537.0,220.0
1650163077,0.0,0.000335036,0.0,1.8894672393798828e-05,1.8894672393798828e-05,537.0,220.0
1650163078,0.0,0.000335036,0.0,1.8894672393798828e-05,1.8894672393798828e-05,537.0,220.0
1650163079,0.0,0.000119808,0.0,1.8894672393798828e-05,1.8894672393798828e-05,269.0,110.0
1650163080,0.0,0.00034262,0.0,1.8894672393798828e-05,1.8894672393798828e-05,807.0,330.0
1650163081,0.0,0.00034262,0.0,1.8894672393798828e-05,1.8894672393798828e-05,807.0,330.0
1650163082,0.0,0.0001599765,0.0,1.8894672393798828e-05,1.8894672393798828e-05,268.5,110.0
1650163083,0.0,0.0001599765,0.0,1.8894672393798828e-05,1.8894672393798828e-05,268.5,110.0
1650163084,0.0,0.0003924945,0.0,1.8894672393798828e-05,1.8894672393798828e-05,539.0,460.5
1650163085,0.0,0.0003924945,0.0,1.8894672393798828e-05,1.8894672393798828e-05,539.0,460.5
1650163086,0.0,0.0001633975,0.0,1.8894672393798828e-05,1.8894672393798828e-05,403.0,231.0
1650163087,0.0,0.000246619,0.0,1.8894672393798828e-05,1.8894672393798828e-05,538.0,220.0
1650163088,0.0,0.000246619,0.0,1.8894672393798828e-05,1.8894672393798828e-05,538.0,220.0
1650163089,0.0,0.00018845,0.0,1.8894672393798828e-05,1.8894672393798828e-05,424.5,186.0
1650163090,0.0,0.000116399,0.0,1.8894672393798828e-05,1.8894672393798828e-05,269.0,110.0
1650163091,0.0,0.000116399,0.0,1.8894672393798828e-05,1.8894672393798828e-05,269.0,110.0
1650163092,0.0,0.0001987455,0.0,1.8894672393798828e-05,1.8894672393798828e-05,403.5,165.0
1650163093,0.0,0.0001987455,0.0,1.8894672393798828e-05,1.8894672393798828e-05,403.5,165.0
1650163094,0.0,0.0004661965,0.0,1.8894672393798828e-05,1.8894672393798828e-05,674.0,462.5
1650163095,0.0,0.0004661965,0.0,1.8894672393798828e-05,1.8894672393798828e-05,674.0,462.5
1650163096,0.0,0.000163718,0.0,1.8894672393798828e-05,1.8894672393798828e-05,268.5,176.0
1650163097,0.0,0.000163718,0.0,1.8894672393798828e-05,1.8894672393798828e-05,268.5,176.0
1650163098,0.0,0.0002434195,0.0,1.8894672393798828e-05,1.8894672393798828e-05,403.0,165.0
1650163099,0.0,0.0002434195,0.0,1.8894672393798828e-05,1.8894672393798828e-05,403.0,165.0
1650163100,0.0,0.000440804,0.0,1.8894672393798828e-05,1.8894672393798828e-05,538.0,220.0
1650163101,0.0,0.000415968,0.0,1.8894672393798828e-05,1.8894672393798828e-05,807.0,330.0
1650163102,0.0,0.000415968,0.0,1.8894672393798828e-05,1.8894672393798828e-05,807.0,330.0
1650163103,0.0,0.000170358,0.0,1.8894672393798828e-05,1.8894672393798828e-05,403.5,165.0
1650163104,0.0,0.000170358,0.0,1.8894672393798828e-05,1.8894672393798828e-05,403.5,165.0
1650163105,0.0,0.000409827,0.0,1.8894672393798828e-05,1.8894672393798828e-05,539.5,480.5
1650163106,0.0,0.000356254,0.0,1.8894672393798828e-05,1.8894672393798828e-05,807.0,528.0
1650163107,0.0,0.000459541,0.0,1.8894672393798828e-05,1.8894672393798828e-05,1074.0,440.0
1650163108,0.0,0.000115004,0.0,1.8894672393798828e-05,1.8894672393798828e-05,269.0,110.0
1650163109,0.0,0.000115004,0.0,1.8894672393798828e-05,1.8894672393798828e-05,269.0,110.0
1650163110,0.0,0.000193017,0.0,1.8894672393798828e-05,1.8894672393798828e-05,403.5,165.0
1650163111,0.0,0.000462088,0.0,1.8894672393798828e-05,1.8894672393798828e-05,806.0,330.0
1650163112,0.0,0.000462088,0.0,1.8894672393798828e-05,1.8894672393798828e-05,806.0,330.0
1650163113,0.0,0.00020089,0.0,1.8894672393798828e-05,1.8894672393798828e-05,268.5,302.5
1650163114,0.0,0.000112989,0.0,1.8894672393798828e-05,1.8894672393798828e-05,269.0,110.0
1650163115,0.0,0.000112989,0.0,1.8894672393798828e-05,1.8894672393798828e-05,269.0,110.0
1650163116,0.0,0.0002515975,0.0,1.8894672393798828e-05,1.8894672393798828e-05,405.0,180.0
1650163117,0.0,0.00045394,0.0,1.8894672393798828e-05,1.8894672393798828e-05,807.0,528.0
1650163118,0.0,0.00045394,0.0,1.8894672393798828e-05,1.8894672393798828e-05,807.0,528.0
1650163119,0.0,0.0003216335,0.0,1.8894672393798828e-05,1.8894672393798828e-05,693.5,296.0
1650163120,0.0,0.0003216335,0.0,1.8894672393798828e-05,1.8894672393798828e-05,693.5,296.0
1650163121,0.0,0.000190001,0.0,1.8894672393798828e-05,1.8894672393798828e-05,403.0,165.0
1650163122,0.0,0.000283505,0.01,1.8894672393798828e-05,1.8894672393798828e-05,538.0,220.0
1650163123,0.0,0.000623397,0.0,1.8894672393798828e-05,1.8894672393798828e-05,807.0,822.0
1650163124,0.0,0.000623397,0.0,1.8894672393798828e-05,1.8894672393798828e-05,807.0,822.0
1650163125,0.0,0.0002266095,0.0,1.8715858459472656e-05,1.8715858459472656e-05,468.5,165.0
1650163126,0.0,0.0002266095,0.0,1.8715858459472656e-05,1.8715858459472656e-05,468.5,165.0
1650163127,0.0,0.0002225915,0.0,1.8894672393798828e-05,1.8894672393798828e-05,338.5,213.0
1650163128,0.0,0.0002225915,0.0,1.8894672393798828e-05,1.8894672393798828e-05,338.5,213.0
1650163129,0.0,0.000316134,0.0,1.8894672393798828e-05,1.8894672393798828e-05,537.0,286.0
1650163130,0.0,0.000316134,0.0,1.8894672393798828e-05,1.8894672393798828e-05,537.0,286.0
1650163131,0.0,0.0001389375,0.005,1.8894672393798828e-05,1.8894672393798828e-05,268.5,110.0
1650163132,0.0,0.000718668,0.0,1.8894672393798828e-05,1.8894672393798828e-05,1344.0,550.0
1650163133,0.0,0.000718668,0.0,1.8894672393798828e-05,1.8894672393798828e-05,1344.0,550.0
1650163134,0.0,0.000347456,0.0,1.8894672393798828e-05,1.8894672393798828e-05,536.5,521.5
1650163135,0.0,0.000347456,0.0,1.8894672393798828e-05,1.8894672393798828e-05,536.5,521.5
1650163136,0.0,0.000181486,0.0,1.8894672393798828e-05,1.8894672393798828e-05,403.5,165.0
1650163137,0.0,0.000746505,0.0,1.8894672393798828e-05,1.8894672393798828e-05,1079.0,536.0
1650163138,0.0,0.000746505,0.0,1.8894672393798828e-05,1.8894672393798828e-05,1079.0,536.0
1650163139,0.0,0.0001892845,0.0,1.8894672393798828e-05,1.8894672393798828e-05,403.5,231.0
1650163140,0.0,0.0001892845,0.0,1.8894672393798828e-05,1.8894672393798828e-05,403.5,231.0
1650163141,0.0,0.000265082,0.0,1.8894672393798828e-05,1.8894672393798828e-05,538.0,220.0
1650163142,0.0,0.000280592,0.0,1.8894672393798828e-05,1.8894672393798828e-05,537.0,220.0
1650163143,0.0,0.000280592,0.0,1.8894672393798828e-05,1.8894672393798828e-05,537.0,220.0
1650163144,0.0,0.0003145765,0.0,1.8894672393798828e-05,1.8894672393798828e-05,538.0,466.0
1650163145,0.0,0.000304441,0.0,1.8894672393798828e-05,1.8894672393798828e-05,806.0,330.0
1650163146,0.0,0.000304441,0.0,1.8894672393798828e-05,1.8894672393798828e-05,806.0,330.0
1650163147,0.0,0.0001332645,0.0,1.8894672393798828e-05,1.8894672393798828e-05,134.5,55.0
1650163148,0.0,0.0001332645,0.0,1.8894672393798828e-05,1.8894672393798828e-05,134.5,55.0
1650163149,0.0,0.0003798125,0.0,1.8894672393798828e-05,1.8894672393798828e-05,560.0,289.0
1650163150,0.0,0.000411341,0.0,1.8894672393798828e-05,1.8894672393798828e-05,807.0,462.0
1650163151,0.0,0.000411341,0.0,1.8894672393798828e-05,1.8894672393798828e-05,807.0,462.0
1650163152,0.0,0.000271247,0.0,1.8894672393798828e-05,1.8894672393798828e-05,403.5,165.0
1650163153,0.0,0.000271247,0.0,1.8894672393798828e-05,1.8894672393798828e-05,403.5,165.0
1650163154,0.005,0.000239793,0.0,1.8894672393798828e-05,1.8894672393798828e-05,268.5,520.0
1650163155,0.0,0.000227724,0.0,1.8894672393798828e-05,1.8894672393798828e-05,538.0,220.0
1650163156,0.0,0.000626509,0.0,1.8894672393798828e-05,1.8894672393798828e-05,1076.0,440.0
1650163157,0.0,0.000626509,0.0,1.8894672393798828e-05,1.8894672393798828e-05,1076.0,440.0
1650163158,0.0,7.4558e-05,0.0,1.8894672393798828e-05,1.8894672393798828e-05,134.5,55.0
1650163159,0.0,0.000486959,0.0,1.8715858459472656e-05,1.8715858459472656e-05,939.0,330.0
1650163160,0.0,0.000486959,0.0,1.8715858459472656e-05,1.8715858459472656e-05,939.0,330.0
1650163161,0.0,0.000173026,0.0,1.8894672393798828e-05,1.8894672393798828e-05,339.0,213.0
1650163162,0.0,0.000168605,0.0,1.8894672393798828e-05,1.8894672393798828e-05,269.0,176.0
1650163163,0.0,0.000168605,0.0,1.8894672393798828e-05,1.8894672393798828e-05,269.0,176.0
1650163164,0.0,0.000199507,0.0,1.8894672393798828e-05,1.8894672393798828e-05,269.0,390.5
1650163165,0.0,0.000705598,0.0,1.8894672393798828e-05,1.8894672393798828e-05,1344.0,550.0
1650163166,0.0,0.000705598,0.0,1.8894672393798828e-05,1.8894672393798828e-05,1344.0,550.0
1650163167,0.0,0.0002841805,0.0,1.8894672393798828e-05,1.8894672393798828e-05,538.0,220.0
1650163168,0.0,0.000443885,0.0,1.8894672393798828e-05,1.8894672393798828e-05,806.0,330.0
1650163169,0.0,0.000443885,0.0,1.8894672393798828e-05,1.8894672393798828e-05,806.0,330.0
1650163170,0.0,0.000361468,0.0,1.8894672393798828e-05,1.8894672393798828e-05,673.5,290.0
1650163171,0.0,0.000410529,0.0,1.8894672393798828e-05,1.8894672393798828e-05,805.0,528.0
1650163172,0.0,0.000255997,0.0,1.8894672393798828e-05,1.8894672393798828e-05,538.0,220.0
1650163173,0.0,0.000255997,0.0,1.8894672393798828e-05,1.8894672393798828e-05,538.0,220.0
1650163174,0.0,0.000220954,0.0,1.8894672393798828e-05,1.8894672393798828e-05,269.0,410.5
1650163175,0.0,0.000456237,0.0,1.8894672393798828e-05,1.8894672393798828e-05,807.0,330.0
1650163176,0.0,0.000456237,0.0,1.8894672393798828e-05,1.8894672393798828e-05,807.0,330.0
1650163177,0.0,0.00015766,0.0,1.8894672393798828e-05,1.8894672393798828e-05,268.5,110.0
1650163178,0.0,0.000378669,0.0,1.8894672393798828e-05,1.8894672393798828e-05,536.0,220.0
1650163179,0.0,0.000378669,0.0,1.8894672393798828e-05,1.8894672393798828e-05,536.0,220.0
1650163180,0.0,0.000388674,0.005,1.8894672393798828e-05,1.8894672393798828e-05,693.0,296.0
1650163181,0.0,0.001114721,0.0,1.8894672393798828e-05,1.8894672393798828e-05,1615.0,822.0
1650163182,0.0,0.001114721,0.0,1.8894672393798828e-05,1.8894672393798828e-05,1615.0,822.0
1650163183,0.0,0.0002336375,0.0,1.8894672393798828e-05,1.8894672393798828e-05,268.0,335.0
1650163184,0.0,0.0002336375,0.0,1.8894672393798828e-05,1.8894672393798828e-05,268.0,335.0
1650163185,0.0,0.0005694135,0.0,1.8894672393798828e-05,1.8894672393798828e-05,940.0,385.0
1650163186,0.0,0.0005694135,0.0,1.8894672393798828e-05,1.8894672393798828e-05,940.0,385.0
1650163187,0.0,0.0004364285,0.0,1.8894672393798828e-05,1.8894672393798828e-05,537.5,220.0
1650163188,0.0,0.000539451,0.0,1.8894672393798828e-05,1.8894672393798828e-05,807.0,330.0
1650163189,0.0,0.000325995,0.0,1.8894672393798828e-05,1.8894672393798828e-05,538.0,220.0
1650163190,0.0,0.000325995,0.0,1.8894672393798828e-05,1.8894672393798828e-05,538.0,220.0
1650163191,0.0,0.0002859725,0.0,1.8715858459472656e-05,1.8715858459472656e-05,469.0,165.0
1650163192,0.0,0.00045287,0.0,1.8894672393798828e-05,1.8894672393798828e-05,678.0,426.0
1650163193,0.0,0.00045287,0.0,1.8894672393798828e-05,1.8894672393798828e-05,678.0,426.0
1650163194,0.0,0.000240581,0.0,1.8894672393798828e-05,1.8894672393798828e-05,269.0,532.5
1650163195,0.0,0.000240581,0.0,1.8894672393798828e-05,1.8894672393798828e-05,269.0,532.5
1650163196,0.0,0.00015458,0.0,1.8894672393798828e-05,1.8894672393798828e-05,268.5,110.0
1650163197,0.0,0.00015458,0.0,1.8894672393798828e-05,1.8894672393798828e-05,268.5,110.0
1650163198,0.0,0.0,0.0,1.8894672393798828e-05,1.8894672393798828e-05,0.0,0.0
1650163199,0.0,0.0,0.0,1.8894672393798828e-05,1.8894672393798828e-05,0.0,0.0
1650163200,0.0,0.0,0.0,1.8894672393798828e-05,1.8894672393798828e-05,0.0,0.0
1650163201,0.0,0.0,0.0,1.8894672393798828e-05,1.8894672393798828e-05,0.0,0.0
1650163202,0.0,0.0,0.0,1.8894672393798828e-05,1.8894672393798828e-05,0.0,0.0
1650163203,0.0,0.0,0.0,1.8894672393798828e-05,1.8894672393798828e-05,0.0,0.0
1650163204,0.0,0.0,0.0,1.8894672393798828e-05,1.8894672393798828e-05,0.0,0.0
1650163205,0.0,0.0,0.0,1.8894672393798828e-05,1.8894672393798828e-05,0.0,0.0
1650163206,0.0,6.392833333333333e-06,0.0,1.8894672393798828e-05,1.8894672393798828e-05,0.0,0.0
1650163207,0.0,6.392833333333333e-06,0.0,1.8894672393798828e-05,1.8894672393798828e-05,0.0,0.0
1650163208,0.0,0.0,0.0,1.8894672393798828e-05,1.8894672393798828e-05,0.0,0.0
1650163209,0.0,0.0,0.0,1.8894672393798828e-05,1.8894672393798828e-05,0.0,0.0
1650163210,0.0,0.0,0.0,1.8894672393798828e-05,1.8894672393798828e-05,0.0,0.0
1650163211,0.0,0.0,0.0,1.8894672393798828e-05,1.8894672393798828e-05,0.0,0.0
1650163212,0.0,0.0,0.0,1.8894672393798828e-05,1.8894672393798828e-05,0.0,0.0
1650163213,0.0,0.0,0.0,1.8894672393798828e-05,1.8894672393798828e-05,0.0,0.0
1650163214,0.0,0.0,0.0,1.8894672393798828e-05,1.8894672393798828e-05,0.0,0.0
1650163215,0.0,0.0,0.0,1.8894672393798828e-05,1.8894672393798828e-05,0.0,0.0
1650163216,0.0,0.0,0.0,1.8894672393798828e-05,1.8894672393798828e-05,0.0,0.0
1650163217,0.0,0.0,0.0,1.8894672393798828e-05,1.8894672393798828e-05,0.0,0.0
1650163218,0.0,4.616e-06,0.0,1.8894672393798828e-05,1.8894672393798828e-05,0.0,0.0
1650163219,0.0,0.0,0.0,1.8894672393798828e-05,1.8894672393798828e-05,0.0,0.0
1650163220,0.0,0.0,0.0,1.8894672393798828e-05,1.8894672393798828e-05,0.0,0.0
1650163221,0.0,0.0,0.0,1.8894672393798828e-05,1.8894672393798828e-05,0.0,0.0
1650163222,0.0,0.0,0.0,1.8894672393798828e-05,1.8894672393798828e-05,0.0,0.0
1650163223,0.0,1.0503e-05,0.0,1.8894672393798828e-05,1.8894672393798828e-05,0.0,0.0
1650163224,0.0,1.0503e-05,0.0,1.8894672393798828e-05,1.8894672393798828e-05,0.0,0.0
1650163225,0.0,0.0,0.0,1.8894672393798828e-05,1.8894672393798828e-05,0.0,0.0
1650163226,0.0,0.0,0.0,1.8894672393798828e-05,1.8894672393798828e-05,0.0,0.0
1650163227,0.0,0.0,0.0,1.8894672393798828e-05,1.8894672393798828e-05,0.0,0.0
1650163228,0.0,0.0,0.0,1.8894672393798828e-05,1.8894672393798828e-05,0.0,0.0
1650163229,0.0,0.0,0.0,1.8894672393798828e-05,1.8894672393798828e-05,0.0,0.0
1650163230,0.0,0.0,0.0,1.8894672393798828e-05,1.8894672393798828e-05,0.0,0.0
1650163231,0.0,0.0,0.0,1.8894672393798828e-05,1.8894672393798828e-05,0.0,0.0
1650163232,0.0,0.0,0.0,1.8894672393798828e-05,1.8894672393798828e-05,0.0,0.0
1650163233,0.0,1.01292e-05,0.0,1.8894672393798828e-05,1.8894672393798828e-05,0.0,0.0
1650163234,0.0,1.01292e-05,0.0,1.8894672393798828e-05,1.8894672393798828e-05,0.0,0.0
1650163235,0.0,0.0,0.0,1.8894672393798828e-05,1.8894672393798828e-05,0.0,0.0
1650163236,0.0,0.0,0.0,1.8894672393798828e-05,1.8894672393798828e-05,0.0,0.0
1650163237,0.0,0.0,0.0,1.8894672393798828e-05,1.8894672393798828e-05,0.0,0.0
1650163238,0.0,0.0,0.0,1.8894672393798828e-05,1.8894672393798828e-05,0.0,0.0
1650163239,0.0,0.0,0.0,1.8894672393798828e-05,1.8894672393798828e-05,0.0,0.0
1650163240,0.0,0.0,0.0,1.8894672393798828e-05,1.8894672393798828e-05,0.0,0.0
1650163241,0.0,0.0,0.0,1.8894672393798828e-05,1.8894672393798828e-05,0.0,0.0
1650163242,0.0,0.0,0.0,1.8894672393798828e-05,1.8894672393798828e-05,0.0,0.0
1650163243,0.0,0.0,0.0,1.8894672393798828e-05,1.8894672393798828e-05,0.0,0.0
1650163244,0.0,6.513333333333333e-06,0.0,1.8894672393798828e-05,1.8894672393798828e-05,0.0,0.0
1650163245,0.0,0.0,0.0,1.8894672393798828e-05,1.8894672393798828e-05,0.0,0.0
1650163246,0.0,0.0,0.0,1.8894672393798828e-05,1.8894672393798828e-05,0.0,0.0
1650163247,0.0,0.0,0.0,1.8894672393798828e-05,1.8894672393798828e-05,0.0,0.0
1650163248,0.0,0.0,0.0,1.8894672393798828e-05,1.8894672393798828e-05,0.0,0.0
1650163249,0.0,0.0,0.0,1.8894672393798828e-05,1.8894672393798828e-05,0.0,0.0
1650163250,0.0,0.0,0.0,1.8894672393798828e-05,1.8894672393798828e-05,0.0,0.0
1650163251,0.0,0.0,0.0,1.8894672393798828e-05,1.8894672393798828e-05,0.0,0.0
1650163252,0.0,0.0,0.0,1.8894672393798828e-05,1.8894672393798828e-05,0.0,0.0
1650163253,0.0,0.0,0.0,1.8894672393798828e-05,1.8894672393798828e-05,0.0,0.0
1650163254,0.0,0.0,0.0,1.8894672393798828e-05,1.8894672393798828e-05,0.0,0.0
1650163255,0.0,0.0,0.0,1.8894672393798828e-05,1.8894672393798828e-05,0.0,0.0
1650163256,0.0,0.0,0.0,1.8894672393798828e-05,1.8894672393798828e-05,0.0,0.0
1650163257,0.0,3.551e-06,0.0,1.8894672393798828e-05,1.8894672393798828e-05,0.0,0.0
1650163258,0.0,0.0,0.0,1.8894672393798828e-05,1.8894672393798828e-05,0.0,0.0
1650163259,0.0,0.0,0.0,1.8894672393798828e-05,1.8894672393798828e-05,0.0,0.0
1650163260,0.0,0.0,0.0,1.8894672393798828e-05,1.8894672393798828e-05,0.0,0.0
1650163261,0.0,0.0,0.0,1.8894672393798828e-05,1.8894672393798828e-05,0.0,0.0
1650163262,0.0,0.0,0.0,1.8894672393798828e-05,1.8894672393798828e-05,0.0,0.0
1650163263,0.0,0.0,0.0,1.8894672393798828e-05,1.8894672393798828e-05,0.0,0.0
1650163264,0.0,0.0,0.0,1.8894672393798828e-05,1.8894672393798828e-05,0.0,0.0
1650163265,0.0,0.0,0.0,1.8894672393798828e-05,1.8894672393798828e-05,0.0,0.0
1650163266,0.0,0.0,0.0,1.8894672393798828e-05,1.8894672393798828e-05,0.0,0.0
1650163267,0.0,0.0,0.0,1.8894672393798828e-05,1.8894672393798828e-05,0.0,0.0
1650163268,0.0,5.121571428571428e-06,0.0,1.8894672393798828e-05,1.8894672393798828e-05,0.0,0.0
1650163269,0.0,0.0,0.0,1.8894672393798828e-05,1.8894672393798828e-05,0.0,0.0
1650163270,0.0,0.0,0.0,1.8894672393798828e-05,1.8894672393798828e-05,0.0,0.0
1650163271,0.0,0.0,0.0,1.8894672393798828e-05,1.8894672393798828e-05,0.0,0.0
1650163272,0.0,0.0,0.0,1.8894672393798828e-05,1.8894672393798828e-05,0.0,0.0
1650163273,0.0,0.0,0.0,1.8894672393798828e-05,1.8894672393798828e-05,0.0,0.0
1650163274,0.0,0.0,0.0,1.8894672393798828e-05,1.8894672393798828e-05,0.0,0.0
1650163275,0.0,0.0,0.0,1.8894672393798828e-05,1.8894672393798828e-05,0.0,0.0
1650163276,0.0,0.0,0.0,1.8894672393798828e-05,1.8894672393798828e-05,0.0,0.0
1650163277,0.0,0.0,0.0,1.8894672393798828e-05,1.8894672393798828e-05,0.0,0.0
1650163278,0.0,0.0,0.0,1.8894672393798828e-05,1.8894672393798828e-05,0.0,0.0
1650163279,0.0,0.0,0.0,1.8894672393798828e-05,1.8894672393798828e-05,0.0,0.0
1650163280,0.0,7.313571428571429e-06,0.0,1.8894672393798828e-05,1.8894672393798828e-05,0.0,0.0
1650163281,0.0,7.313571428571429e-06,0.0,1.8894672393798828e-05,1.8894672393798828e-05,0.0,0.0
1650163282,0.0,0.0,0.0,1.8894672393798828e-05,1.8894672393798828e-05,0.0,0.0
1650163283,0.0,0.0,0.0,1.8894672393798828e-05,1.8894672393798828e-05,0.0,0.0
1650163284,0.0,0.0,0.0,1.8894672393798828e-05,1.8894672393798828e-05,0.0,0.0
1650163285,0.0,1.3050666666666669e-05,0.0,1.8894672393798828e-05,1.8894672393798828e-05,0.0,0.0
1650163286,0.0,1.3050666666666669e-05,0.0,1.8894672393798828e-05,1.8894672393798828e-05,0.0,0.0
1650163287,0.0,0.0,0.0,1.8894672393798828e-05,1.8894672393798828e-05,0.0,0.0
1650163288,0.0,0.0,0.0,1.8894672393798828e-05,1.8894672393798828e-05,0.0,0.0
1650163289,0.0,0.0,0.0,1.8894672393798828e-05,1.8894672393798828e-05,0.0,0.0
1650163290,0.0,0.0,0.0,1.8894672393798828e-05,1.8894672393798828e-05,0.0,0.0
1650163291,0.0,0.0,0.0,1.8894672393798828e-05,1.8894672393798828e-05,0.0,0.0
1650163292,0.0,0.0,0.0,1.8894672393798828e-05,1.8894672393798828e-05,0.0,0.0
1650163293,0.0,0.0,0.0,1.8894672393798828e-05,1.8894672393798828e-05,0.0,0.0
1650163294,0.0,0.0,0.0,1.8894672393798828e-05,1.8894672393798828e-05,0.0,0.0
1650163295,0.0,0.0,0.0,1.8894672393798828e-05,1.8894672393798828e-05,0.0,0.0
1650163296,0.0,7.964e-06,0.0,1.8894672393798828e-05,1.8894672393798828e-05,0.0,0.0
1650163297,0.0,7.964e-06,0.0,1.8894672393798828e-05,1.8894672393798828e-05,0.0,0.0
1650163298,0.0,0.0,0.0,1.8894672393798828e-05,1.8894672393798828e-05,0.0,0.0
1650163299,0.0,0.0,0.0,1.8894672393798828e-05,1.8894672393798828e-05,0.0,0.0
1650163300,0.0,0.0,0.0,1.8894672393798828e-05,1.8894672393798828e-05,0.0,0.0
1650163301,0.0,0.0,0.0,1.8894672393798828e-05,1.8894672393798828e-05,0.0,0.0
1650163302,0.0,0.0,0.0,1.8894672393798828e-05,1.8894672393798828e-05,0.0,0.0
1650163303,0.0,0.0,0.0,1.8894672393798828e-05,1.8894672393798828e-05,0.0,0.0
1650163304,0.0,0.0,0.0,1.8894672393798828e-05,1.8894672393798828e-05,0.0,0.0
1650163305,0.0,7.1188e-06,0.0,1.8894672393798828e-05,1.8894672393798828e-05,0.0,0.0
1650163306,0.0,7.1188e-06,0.0,1.8894672393798828e-05,1.8894672393798828e-05,0.0,0.0
1650163307,0.0,0.0,0.0,1.8894672393798828e-05,1.8894672393798828e-05,0.0,0.0
1650163308,0.0,0.0,0.0,1.8894672393798828e-05,1.8894672393798828e-05,0.0,0.0
1650163309,0.0,0.0,0.0,1.8894672393798828e-05,1.8894672393798828e-05,0.0,0.0
1650163310,0.0,0.0,0.0,1.8894672393798828e-05,1.8894672393798828e-05,0.0,0.0
1650163311,0.0,0.0,0.0,1.8894672393798828e-05,1.8894672393798828e-05,0.0,0.0
1650163312,0.0,0.0,0.0,1.8894672393798828e-05,1.8894672393798828e-05,0.0,0.0
1650163313,0.0,0.0,0.0,1.8894672393798828e-05,1.8894672393798828e-05,0.0,0.0
1650163314,0.0,0.0,0.0,1.8894672393798828e-05,1.8894672393798828e-05,0.0,0.0
1650163315,0.0,0.0,0.0,1.8894672393798828e-05,1.8894672393798828e-05,0.0,0.0
1650163316,0.0,0.0,0.0,1.8894672393798828e-05,1.8894672393798828e-05,0.0,0.0
1650163317,0.0,5.159875e-06,0.0,1.8894672393798828e-05,1.8894672393798828e-05,0.0,0.0
1650163318,0.0,5.159875e-06,0.0,1.8894672393798828e-05,1.8894672393798828e-05,0.0,0.0
1650163319,0.0,0.0,0.0,1.8894672393798828e-05,1.8894672393798828e-05,0.0,0.0
1650163320,0.0,0.0,0.0,1.8894672393798828e-05,1.8894672393798828e-05,0.0,0.0
1650163321,0.0,0.0,0.0,1.8894672393798828e-05,1.8894672393798828e-05,0.0,0.0
1650163322,0.0,0.0,0.0,1.8894672393798828e-05,1.8894672393798828e-05,0.0,0.0
1650163323,0.0,0.0,0.0,1.8894672393798828e-05,1.8894672393798828e-05,0.0,0.0
1650163324,0.0,0.0,0.0,1.8894672393798828e-05,1.8894672393798828e-05,0.0,0.0
1650163325,0.0,0.0,0.0,1.8894672393798828e-05,1.8894672393798828e-05,0.0,0.0
1650163326,0.0,0.0,0.0,1.8894672393798828e-05,1.8894672393798828e-05,0.0,0.0
1650163327,0.0,0.0,0.0,1.8894672393798828e-05,1.8894672393798828e-05,0.0,0.0
1650163328,0.0,7.327e-06,0.0,1.8894672393798828e-05,1.8894672393798828e-05,0.0,0.0
1650163329,0.0,0.000269308,0.0,1.8715858459472656e-05,1.8715858459472656e-05,401.0,110.0
1650163330,0.0,0.000912352,0.0,1.8894672393798828e-05,1.8894672393798828e-05,1216.0,778.0
1650163331,0.0,0.000912352,0.0,1.8894672393798828e-05,1.8894672393798828e-05,1216.0,778.0
1650163332,0.0,0.000308057,0.0,1.8894672393798828e-05,1.8894672393798828e-05,403.0,165.0
1650163333,0.0,0.00036175,0.0,1.8894672393798828e-05,1.8894672393798828e-05,268.0,712.0
1650163334,0.0,0.00036175,0.0,1.8894672393798828e-05,1.8894672393798828e-05,268.0,712.0
1650163335,0.0,0.000222105,0.0,1.8894672393798828e-05,1.8894672393798828e-05,402.5,165.0
1650163336,0.0,0.000501193,0.01,1.8894672393798828e-05,1.8894672393798828e-05,806.0,330.0
1650163337,0.0,0.000320165,0.0,1.8894672393798828e-05,1.8894672393798828e-05,538.0,220.0
1650163338,0.0,0.000320165,0.0,1.8894672393798828e-05,1.8894672393798828e-05,538.0,220.0
1650163339,0.0,0.0002225945,0.0,1.8894672393798828e-05,1.8894672393798828e-05,424.5,186.0
1650163340,0.0,0.000337278,0.0,1.8715858459472656e-05,1.8715858459472656e-05,399.0,110.0
1650163341,0.0,0.000526541,0.0,1.8894672393798828e-05,1.8894672393798828e-05,678.0,426.0
1650163342,0.0,0.000526541,0.0,1.8894672393798828e-05,1.8894672393798828e-05,678.0,426.0
1650163343,0.0,0.000146604,0.0,1.8894672393798828e-05,1.8894672393798828e-05,269.0,176.0
1650163344,0.0,0.000146604,0.0,1.8894672393798828e-05,1.8894672393798828e-05,269.0,176.0
1650163345,0.0,0.0003502425,0.0,1.8894672393798828e-05,1.8894672393798828e-05,403.5,358.0
1650163346,0.0,0.000304836,0.0,1.8894672393798828e-05,1.8894672393798828e-05,538.0,220.0
1650163347,0.0,0.000304836,0.0,1.8894672393798828e-05,1.8894672393798828e-05,538.0,220.0
1650163348,0.0,0.0002763595,0.0,1.8894672393798828e-05,1.8894672393798828e-05,403.5,165.0
1650163349,0.0,0.000305753,0.0,1.8894672393798828e-05,1.8894672393798828e-05,537.0,220.0
1650163350,0.0,0.000305753,0.0,1.8894672393798828e-05,1.8894672393798828e-05,537.0,220.0
1650163351,0.0,0.0004675405,0.0,1.8894672393798828e-05,1.8894672393798828e-05,674.0,290.0
1650163352,0.0,0.000141511,0.0,1.8894672393798828e-05,1.8894672393798828e-05,269.0,176.0
1650163353,0.0,0.000141511,0.0,1.8894672393798828e-05,1.8894672393798828e-05,269.0,176.0
1650163354,0.0,0.0002580525,0.0,1.8894672393798828e-05,1.8894672393798828e-05,268.5,423.0
1650163355,0.0,0.000147466,0.0,1.8894672393798828e-05,1.8894672393798828e-05,269.0,110.0
1650163356,0.0,0.000147466,0.0,1.8894672393798828e-05,1.8894672393798828e-05,269.0,110.0
1650163357,0.0,0.000331908,0.0,1.8894672393798828e-05,1.8894672393798828e-05,538.0,220.0
1650163358,0.0,0.000148011,0.0,1.8894672393798828e-05,1.8894672393798828e-05,268.0,110.0
1650163359,0.0,0.000148011,0.0,1.8894672393798828e-05,1.8894672393798828e-05,268.0,110.0
1650163360,0.0,0.0001171945,0.0,1.8894672393798828e-05,1.8894672393798828e-05,133.5,55.0
1650163361,0.0,0.000241717,0.0,1.8715858459472656e-05,1.8715858459472656e-05,401.0,110.0
1650163362,0.0,0.0,0.0,1.8715858459472656e-05,1.8715858459472656e-05,0.0,0.0
1650163363,0.0,0.0,0.0,1.8715858459472656e-05,1.8715858459472656e-05,0.0,0.0
1650163364,0.0,0.0,0.0,1.8715858459472656e-05,1.8715858459472656e-05,0.0,0.0
1650163365,0.0,0.0,0.0,1.8715858459472656e-05,1.8715858459472656e-05,0.0,0.0
1650163366,0.0,0.0001707875,0.0,1.8894672393798828e-05,1.8894672393798828e-05,169.5,203.5
1650163367,0.0,0.000158029,0.0,1.8894672393798828e-05,1.8894672393798828e-05,269.0,176.0
1650163368,0.0,0.000158029,0.0,1.8894672393798828e-05,1.8894672393798828e-05,269.0,176.0
1650163369,0.0,0.0,0.0,1.8894672393798828e-05,1.8894672393798828e-05,0.0,0.0
1650163370,0.0,0.0,0.0,1.8894672393798828e-05,1.8894672393798828e-05,0.0,0.0
1650163371,0.0,0.000172934,0.0,1.8894672393798828e-05,1.8894672393798828e-05,269.0,143.0
1650163372,0.0,0.000172934,0.0,1.8894672393798828e-05,1.8894672393798828e-05,269.0,143.0
1650163373,0.0,0.0,0.0,1.8894672393798828e-05,1.8894672393798828e-05,0.0,0.0
1650163374,0.0,0.0,0.0,1.8894672393798828e-05,1.8894672393798828e-05,0.0,0.0
1650163375,0.0,0.0,0.0,1.8894672393798828e-05,1.8894672393798828e-05,0.0,0.0
1650163376,0.0,0.000126163,0.0,1.8715858459472656e-05,1.8715858459472656e-05,133.66666666666666,128.66666666666666
1650163377,0.0,0.000126163,0.0,1.8715858459472656e-05,1.8715858459472656e-05,133.66666666666666,128.66666666666666
1650163378,0.0,0.0,0.0,1.8715858459472656e-05,1.8715858459472656e-05,0.0,0.0
1650163379,0.0,0.0,0.0,1.8715858459472656e-05,1.8715858459472656e-05,0.0,0.0
1650163380,0.0,0.000170861,0.0,1.8894672393798828e-05,1.8894672393798828e-05,225.5,146.0
1650163381,0.0,0.000156374,0.0,1.8894672393798828e-05,1.8894672393798828e-05,269.0,176.0
1650163382,0.0,0.000156374,0.0,1.8894672393798828e-05,1.8894672393798828e-05,269.0,176.0
1650163383,0.0,0.000104788,0.0,1.8894672393798828e-05,1.8894672393798828e-05,134.5,88.0
1650163384,0.0,0.000104788,0.0,1.8894672393798828e-05,1.8894672393798828e-05,134.5,88.0
1650163385,0.0,0.000168782,0.0,1.8894672393798828e-05,1.8894672393798828e-05,268.5,143.0
1650163386,0.0,0.000375134,0.0,1.8894672393798828e-05,1.8894672393798828e-05,538.0,220.0
1650163387,0.0,0.000375134,0.0,1.8894672393798828e-05,1.8894672393798828e-05,538.0,220.0
1650163388,0.0,7.58575e-05,0.0,1.8894672393798828e-05,1.8894672393798828e-05,134.5,55.0
1650163389,0.0,0.000241857,0.0,1.8715858459472656e-05,1.8715858459472656e-05,401.0,110.0
1650163390,0.0,0.000241857,0.0,1.8715858459472656e-05,1.8715858459472656e-05,401.0,110.0
1650163391,0.0,0.0,0.0,1.8715858459472656e-05,1.8715858459472656e-05,0.0,0.0
1650163392,0.0,0.0,0.0,1.8715858459472656e-05,1.8715858459472656e-05,0.0,0.0
1650163393,0.0,0.0,0.0,1.8715858459472656e-05,1.8715858459472656e-05,0.0,0.0
1650163394,0.0,0.000234462,0.0,1.8894672393798828e-05,1.8894672393798828e-05,226.0,234.33333333333331
1650163395,0.0,0.000234462,0.0,1.8894672393798828e-05,1.8894672393798828e-05,226.0,234.33333333333331
1650163396,0.0,0.0,0.0,1.8894672393798828e-05,1.8894672393798828e-05,0.0,0.0
1650163397,0.0,0.0,0.0,1.8894672393798828e-05,1.8894672393798828e-05,0.0,0.0
1650163398,0.0,0.0,0.0,1.8894672393798828e-05,1.8894672393798828e-05,0.0,0.0
1650163399,0.0,0.0,0.0,1.8894672393798828e-05,1.8894672393798828e-05,0.0,0.0
1650163400,0.0,0.0,0.0,1.8894672393798828e-05,1.8894672393798828e-05,0.0,0.0
1650163401,0.0,0.0,0.0,1.8894672393798828e-05,1.8894672393798828e-05,0.0,0.0
1650163402,0.0,0.0,0.0,1.8894672393798828e-05,1.8894672393798828e-05,0.0,0.0
1650163403,0.0,0.0,0.0,1.8894672393798828e-05,1.8894672393798828e-05,0.0,0.0
1650163404,0.0,0.0,0.0,1.8894672393798828e-05,1.8894672393798828e-05,0.0,0.0
1650163405,0.0,0.0,0.0,1.8894672393798828e-05,1.8894672393798828e-05,0.0,0.0
1650163406,0.0,0.0001726294285714,0.0,1.8894672393798828e-05,1.8894672393798828e-05,231.0,175.85714285714286
1650163407,0.0,0.0001726294285714,0.0,1.8894672393798828e-05,1.8894672393798828e-05,231.0,175.85714285714286
1650163408,0.0,8.5166e-05,0.0,1.8894672393798828e-05,1.8894672393798828e-05,134.5,88.0
1650163409,0.0,8.5166e-05,0.0,1.8894672393798828e-05,1.8894672393798828e-05,134.5,88.0
1650163410,0.0,7.28505e-05,0.0,1.8894672393798828e-05,1.8894672393798828e-05,134.5,55.0
1650163411,0.0,0.000155699,0.0,1.8894672393798828e-05,1.8894672393798828e-05,269.0,110.0
1650163412,0.0,0.000155699,0.0,1.8894672393798828e-05,1.8894672393798828e-05,269.0,110.0
1650163413,0.0,0.0001188745,0.0,1.8775463104248047e-05,1.8775463104248047e-05,200.5,55.0
1650163414,0.0,0.0001188745,0.0,1.8775463104248047e-05,1.8775463104248047e-05,200.5,55.0
1650163415,0.0,1.99095e-05,0.0,1.8715858459472656e-05,1.8715858459472656e-05,0.0,0.0
1650163416,0.0,1.99095e-05,0.0,1.8715858459472656e-05,1.8715858459472656e-05,0.0,0.0
1650163417,0.0,0.000154241,0.0,1.8894672393798828e-05,1.8894672393798828e-05,204.5,125.0
1650163418,0.0,0.000154241,0.0,1.8894672393798828e-05,1.8894672393798828e-05,204.5,125.0
1650163419,0.0,0.0,0.0,1.8894672393798828e-05,1.8894672393798828e-05,0.0,0.0
1650163420,0.0,0.0,0.0,1.8894672393798828e-05,1.8894672393798828e-05,0.0,0.0
1650163421,0.0,0.0,0.0,1.8894672393798828e-05,1.8894672393798828e-05,0.0,0.0
1650163422,0.0,0.0,0.0,1.8894672393798828e-05,1.8894672393798828e-05,0.0,0.0
1650163423,0.0,0.0,0.0,1.8894672393798828e-05,1.8894672393798828e-05,0.0,0.0
1650163424,0.0,0.0,0.0,1.8894672393798828e-05,1.8894672393798828e-05,0.0,0.0
1650163425,0.0,0.0,0.0,1.8894672393798828e-05,1.8894672393798828e-05,0.0,0.0
1650163426,0.0,0.0,0.0,1.8894672393798828e-05,1.8894672393798828e-05,0.0,0.0
1650163427,0.0,0.000110124,0.0,1.8894672393798828e-05,1.8894672393798828e-05,179.16666666666666,106.33333333333331
1650163428,0.0,0.0,0.0,1.8894672393798828e-05,1.8894672393798828e-05,0.0,0.0
1650163429,0.0,0.0,0.0,1.8894672393798828e-05,1.8894672393798828e-05,0.0,0.0
1650163430,0.0,0.0,0.0,1.8894672393798828e-05,1.8894672393798828e-05,0.0,0.0
1650163431,0.0,0.0001835676666666,0.0,1.8894672393798828e-05,1.8894672393798828e-05,269.6666666666667,120.0
1650163432,0.0,0.0001835676666666,0.0,1.8894672393798828e-05,1.8894672393798828e-05,269.6666666666667,120.0
1650163433,0.0,0.0,0.0,1.8894672393798828e-05,1.8894672393798828e-05,0.0,0.0
1650163434,0.0,0.0,0.0,1.8894672393798828e-05,1.8894672393798828e-05,0.0,0.0
1650163435,0.0,1.6859e-05,0.0,1.8894672393798828e-05,1.8894672393798828e-05,0.0,0.0
1650163436,0.0,0.0,0.0,1.8894672393798828e-05,1.8894672393798828e-05,0.0,0.0
1650163437,0.0,0.0,0.0,1.8894672393798828e-05,1.8894672393798828e-05,0.0,0.0
1650163438,0.0,0.0,0.0,1.8894672393798828e-05,1.8894672393798828e-05,0.0,0.0
1650163439,0.0,0.0001055563333333,0.0,1.8894672393798828e-05,1.8894672393798828e-05,179.33333333333334,117.33333333333331
1650163440,0.0,0.000238542,0.0,1.8894672393798828e-05,1.8894672393798828e-05,269.0,176.0
1650163441,0.0,0.000253252,0.0,1.8715858459472656e-05,1.8715858459472656e-05,401.0,110.0
1650163442,0.0,0.000253252,0.0,1.8715858459472656e-05,1.8715858459472656e-05,401.0,110.0
1650163443,0.0,0.000260028,0.0,1.8894672393798828e-05,1.8894672393798828e-05,204.0,263.5
1650163444,0.0,0.000260028,0.0,1.8894672393798828e-05,1.8894672393798828e-05,204.0,263.5
1650163445,0.0,0.0,0.0,1.8894672393798828e-05,1.8894672393798828e-05,0.0,0.0
1650163446,0.0,0.0,0.0,1.8894672393798828e-05,1.8894672393798828e-05,0.0,0.0
1650163447,0.0,0.0,0.0,1.8894672393798828e-05,1.8894672393798828e-05,0.0,0.0
1650163448,0.0,0.0001540386666666,0.0,1.8894672393798828e-05,1.8894672393798828e-05,283.0,190.0
1650163449,0.0,0.0001540386666666,0.0,1.8894672393798828e-05,1.8894672393798828e-05,283.0,190.0
1650163450,0.0,7.56135e-05,0.0,1.8894672393798828e-05,1.8894672393798828e-05,134.5,55.0
1650163451,0.0,7.56135e-05,0.0,1.8894672393798828e-05,1.8894672393798828e-05,134.5,55.0
1650163452,0.0,0.0,0.0,1.8894672393798828e-05,1.8894672393798828e-05,0.0,0.0
1650163453,0.0,0.0,0.0,1.8894672393798828e-05,1.8894672393798828e-05,0.0,0.0
1650163454,0.0,1.53605e-05,0.0,1.8894672393798828e-05,1.8894672393798828e-05,0.0,0.0
1650163455,0.0,0.0,0.0,1.8894672393798828e-05,1.8894672393798828e-05,0.0,0.0
1650163456,0.0,0.0,0.0,1.8894672393798828e-05,1.8894672393798828e-05,0.0,0.0
1650163457,0.0,0.0,0.0,1.8894672393798828e-05,1.8894672393798828e-05,0.0,0.0
1650163458,0.0,0.000222841,0.0,1.8894672393798828e-05,1.8894672393798828e-05,270.0,120.0
1650163459,0.0,0.000222841,0.0,1.8894672393798828e-05,1.8894672393798828e-05,270.0,120.0
1650163460,0.0,0.0,0.0,1.8894672393798828e-05,1.8894672393798828e-05,0.0,0.0
1650163461,0.0,0.0,0.0,1.8894672393798828e-05,1.8894672393798828e-05,0.0,0.0
1650163462,0.0,8.3815e-05,0.0,1.8894672393798828e-05,1.8894672393798828e-05,134.5,88.0
1650163463,0.0,0.000112106,0.0,1.8894672393798828e-05,1.8894672393798828e-05,0.0,276.0
1650163464,0.0,0.000147434,0.0,1.8894672393798828e-05,1.8894672393798828e-05,269.0,176.0
1650163465,0.0,0.000147434,0.0,1.8894672393798828e-05,1.8894672393798828e-05,269.0,176.0
1650163466,0.0,7.2467e-05,0.0,1.8894672393798828e-05,1.8894672393798828e-05,134.5,88.0
1650163467,0.0,0.000325847,0.0,1.8715858459472656e-05,1.8715858459472656e-05,400.0,110.0
1650163468,0.0,0.000325847,0.0,1.8715858459472656e-05,1.8715858459472656e-05,400.0,110.0
1650163469,0.0,0.000198308,0.0,1.8894672393798828e-05,1.8894672393798828e-05,204.5,125.0
1650163470,0.0,0.000198308,0.0,1.8894672393798828e-05,1.8894672393798828e-05,204.5,125.0
1650163471,0.0,8.2486e-05,0.0,1.8894672393798828e-05,1.8894672393798828e-05,134.5,88.0
1650163472,0.0,0.0,0.0,1.8894672393798828e-05,1.8894672393798828e-05,0.0,0.0
1650163473,0.0,0.0,0.0,1.8894672393798828e-05,1.8894672393798828e-05,0.0,0.0
1650163474,0.0,0.0001231045,0.0,1.8894672393798828e-05,1.8894672393798828e-05,134.5,281.5
1650163475,0.0,0.000210262,0.0,1.8894672393798828e-05,1.8894672393798828e-05,269.0,176.0
1650163476,0.0,0.000210262,0.0,1.8894672393798828e-05,1.8894672393798828e-05,269.0,176.0
1650163477,0.0,8.0766e-05,0.0,1.8894672393798828e-05,1.8894672393798828e-05,134.5,55.0
1650163478,0.0,0.0,0.0,1.8894672393798828e-05,1.8894672393798828e-05,0.0,0.0
1650163479,0.0,0.0,0.0,1.8894672393798828e-05,1.8894672393798828e-05,0.0,0.0
1650163480,0.0,0.0,0.0,1.8894672393798828e-05,1.8894672393798828e-05,0.0,0.0
1650163481,0.0,0.0,0.0,1.8894672393798828e-05,1.8894672393798828e-05,0.0,0.0
1650163482,0.0,0.00018925475,0.0,1.8894672393798828e-05,1.8894672393798828e-05,269.75,117.5
1650163483,0.0,0.000452849,0.0,1.8894672393798828e-05,1.8894672393798828e-05,538.0,629.0
1650163484,0.0,0.000452849,0.0,1.8894672393798828e-05,1.8894672393798828e-05,538.0,629.0
1650163485,0.0,0.0,0.0,1.8894672393798828e-05,1.8894672393798828e-05,0.0,0.0
1650163486,0.0,0.0,0.0,1.8894672393798828e-05,1.8894672393798828e-05,0.0,0.0
1650163487,0.0,0.0,0.0,1.8894672393798828e-05,1.8894672393798828e-05,0.0,0.0
1650163488,0.0,0.0,0.0,1.8894672393798828e-05,1.8894672393798828e-05,0.0,0.0
1650163489,0.0,8.4037e-05,0.0,1.8894672393798828e-05,1.8894672393798828e-05,145.0,82.0
1650163490,0.0,8.4037e-05,0.0,1.8894672393798828e-05,1.8894672393798828e-05,145.0,82.0
1650163491,0.0,0.0001849105,0.0,1.8894672393798828e-05,1.8894672393798828e-05,268.5,110.0
1650163492,0.0,0.000531504,0.0,1.8894672393798828e-05,1.8894672393798828e-05,810.0,360.0
1650163493,0.0,0.000531504,0.0,1.8894672393798828e-05,1.8894672393798828e-05,810.0,360.0
1650163494,0.0,0.000205474,0.0,1.8894672393798828e-05,1.8894672393798828e-05,269.0,315.0
1650163495,0.0,0.000862998,0.0,1.8894672393798828e-05,1.8894672393798828e-05,1344.0,616.0
1650163496,0.0,0.000333928,0.0,1.8894672393798828e-05,1.8894672393798828e-05,538.0,220.0
1650163497,0.0,0.000333928,0.0,1.8894672393798828e-05,1.8894672393798828e-05,538.0,220.0
1650163498,0.0,0.0003408135,0.0,1.8894672393798828e-05,1.8894672393798828e-05,537.5,220.0
1650163499,0.0,0.000575699,0.0,1.8894672393798828e-05,1.8894672393798828e-05,805.0,330.0
1650163500,0.0,0.000575699,0.0,1.8894672393798828e-05,1.8894672393798828e-05,805.0,330.0
1650163501,0.0,0.000222689,0.0,1.8894672393798828e-05,1.8894672393798828e-05,403.0,165.0
1650163502,0.0,0.000222689,0.0,1.8894672393798828e-05,1.8894672393798828e-05,403.0,165.0
1650163503,0.0,0.000283882,0.0,1.8715858459472656e-05,1.8715858459472656e-05,469.5,165.0
1650163504,0.0,0.00101009,0.0,1.8894672393798828e-05,1.8894672393798828e-05,1216.0,1272.0
1650163505,0.0,0.00101009,0.0,1.8894672393798828e-05,1.8894672393798828e-05,1216.0,1272.0
1650163506,0.0,0.000186766,0.0,1.8894672393798828e-05,1.8894672393798828e-05,268.0,110.0
1650163507,0.0,0.000600673,0.0,1.8894672393798828e-05,1.8894672393798828e-05,1076.0,440.0
1650163508,0.0,0.000600673,0.0,1.8894672393798828e-05,1.8894672393798828e-05,1076.0,440.0
1650163509,0.0,0.00038999,0.0,1.8894672393798828e-05,1.8894672393798828e-05,672.0,275.0
1650163510,0.0,0.000144201,0.0,1.8894672393798828e-05,1.8894672393798828e-05,269.0,110.0
1650163511,0.0,0.000296298,0.0,1.8894672393798828e-05,1.8894672393798828e-05,538.0,220.0
1650163512,0.0,0.000593893,0.0,1.8894672393798828e-05,1.8894672393798828e-05,807.0,330.0
1650163513,0.0,0.000593893,0.0,1.8894672393798828e-05,1.8894672393798828e-05,807.0,330.0
1650163514,0.0,0.000502825,0.0,1.8894672393798828e-05,1.8894672393798828e-05,674.0,591.0
1650163515,0.0,0.000502825,0.0,1.8894672393798828e-05,1.8894672393798828e-05,674.0,591.0
1650163516,0.0,0.000367167,0.0,1.8894672393798828e-05,1.8894672393798828e-05,672.5,374.0
1650163517,0.0,0.00031935,0.0,1.8894672393798828e-05,1.8894672393798828e-05,538.0,220.0
1650163518,0.0,0.00031935,0.0,1.8894672393798828e-05,1.8894672393798828e-05,538.0,220.0
1650163519,0.0,0.0001871165,0.0,1.8894672393798828e-05,1.8894672393798828e-05,268.5,110.0
1650163520,0.0,0.000319924,0.0,1.8894672393798828e-05,1.8894672393798828e-05,538.0,220.0
1650163521,0.0,0.000319924,0.0,1.8894672393798828e-05,1.8894672393798828e-05,538.0,220.0
1650163522,0.0,0.000381587,0.0,1.8894672393798828e-05,1.8894672393798828e-05,672.5,275.0
1650163523,0.0,0.000784068,0.0,1.8894672393798828e-05,1.8894672393798828e-05,1076.0,716.0
1650163524,0.0,0.000784068,0.0,1.8894672393798828e-05,1.8894672393798828e-05,1076.0,716.0
1650163525,0.0,0.000386531,0.0,1.8894672393798828e-05,1.8894672393798828e-05,674.0,356.0
1650163526,0.0,0.000219082,0.0,1.8894672393798828e-05,1.8894672393798828e-05,538.0,286.0
1650163527,0.0,0.000664718,0.0,1.8894672393798828e-05,1.8894672393798828e-05,1076.0,440.0
1650163528,0.0,0.000664718,0.0,1.8894672393798828e-05,1.8894672393798828e-05,1076.0,440.0
1650163529,0.0,0.000141997,0.0,1.8894672393798828e-05,1.8894672393798828e-05,290.0,131.0
1650163530,0.0,0.000141997,0.0,1.8894672393798828e-05,1.8894672393798828e-05,290.0,131.0
1650163531,0.0,0.000112062,0.0,1.8894672393798828e-05,1.8894672393798828e-05,269.0,110.0
1650163532,0.0,0.000112062,0.0,1.8894672393798828e-05,1.8894672393798828e-05,269.0,110.0
1650163533,0.0,0.0002913335,0.0,1.8894672393798828e-05,1.8894672393798828e-05,537.5,220.0
1650163534,0.0,0.000686843,0.0,1.8894672393798828e-05,1.8894672393798828e-05,1074.0,1149.0
1650163535,0.0,0.000686843,0.0,1.8894672393798828e-05,1.8894672393798828e-05,1074.0,1149.0
1650163536,0.0,0.0003188865,0.0,1.8894672393798828e-05,1.8894672393798828e-05,539.5,268.0
1650163537,0.0,0.000555723,0.0,1.8894672393798828e-05,1.8894672393798828e-05,1076.0,572.0
1650163538,0.0,0.000555723,0.0,1.8894672393798828e-05,1.8894672393798828e-05,1076.0,572.0
1650163539,0.0,0.000247012,0.0,1.8894672393798828e-05,1.8894672393798828e-05,403.0,165.0
1650163540,0.0,0.000222277,0.0,1.8894672393798828e-05,1.8894672393798828e-05,538.0,220.0
1650163541,0.0,0.000222277,0.0,1.8894672393798828e-05,1.8894672393798828e-05,538.0,220.0
1650163542,0.0,0.000193101,0.0,1.8894672393798828e-05,1.8894672393798828e-05,403.5,165.0
1650163543,0.0,0.00028855,0.0,1.8894672393798828e-05,1.8894672393798828e-05,268.0,715.0
1650163544,0.0,0.00028855,0.0,1.8894672393798828e-05,1.8894672393798828e-05,268.0,715.0
1650163545,0.0,0.0002374615,0.0,1.8894672393798828e-05,1.8894672393798828e-05,402.5,165.0
1650163546,0.0,0.000546449,0.0,1.8894672393798828e-05,1.8894672393798828e-05,810.0,360.0
1650163547,0.0,0.000259968,0.0,1.8894672393798828e-05,1.8894672393798828e-05,534.0,352.0
1650163548,0.0,0.000259968,0.0,1.8894672393798828e-05,1.8894672393798828e-05,534.0,352.0
1650163549,0.0,0.0001437475,0.0,1.8894672393798828e-05,1.8894672393798828e-05,269.0,143.0
1650163550,0.0,0.00011611,0.0,1.8894672393798828e-05,1.8894672393798828e-05,269.0,110.0
1650163551,0.0,0.00011611,0.0,1.8894672393798828e-05,1.8894672393798828e-05,269.0,110.0
1650163552,0.0,0.0002078875,0.0,1.8894672393798828e-05,1.8894672393798828e-05,403.5,165.0
1650163553,0.0,0.000329812,0.0,1.8894672393798828e-05,1.8894672393798828e-05,807.0,330.0
1650163554,0.0,0.000351474,0.0,1.8894672393798828e-05,1.8894672393798828e-05,538.0,713.0
1650163555,0.0,0.000351474,0.0,1.8894672393798828e-05,1.8894672393798828e-05,538.0,713.0
1650163556,0.0,0.0001994445,0.0,1.8894672393798828e-05,1.8894672393798828e-05,402.5,165.0
1650163557,0.0,0.000561548,0.0,1.8894672393798828e-05,1.8894672393798828e-05,809.0,360.0
1650163558,0.0,0.000295984,0.0,1.8894672393798828e-05,1.8894672393798828e-05,537.0,352.0
1650163559,0.0,0.000295984,0.0,1.8894672393798828e-05,1.8894672393798828e-05,537.0,352.0
1650163560,0.0,0.0001214365,0.0,1.8894672393798828e-05,1.8894672393798828e-05,134.0,88.0
1650163561,0.0,0.00011256,0.0,1.8894672393798828e-05,1.8894672393798828e-05,269.0,110.0
1650163562,0.0,0.00011256,0.0,1.8894672393798828e-05,1.8894672393798828e-05,269.0,110.0
1650163563,0.0,0.0001263825,0.0,1.8894672393798828e-05,1.8894672393798828e-05,269.0,110.0
1650163564,0.0,0.0001263825,0.0,1.8894672393798828e-05,1.8894672393798828e-05,269.0,110.0
1650163565,0.0,0.000182099,0.0,1.8894672393798828e-05,1.8894672393798828e-05,269.0,411.0
1650163566,0.0,0.000231005,0.0,1.8894672393798828e-05,1.8894672393798828e-05,537.0,220.0
1650163567,0.0,0.000784671,0.0,1.8894672393798828e-05,1.8894672393798828e-05,1345.0,646.0
1650163568,0.0,0.000784671,0.0,1.8894672393798828e-05,1.8894672393798828e-05,1345.0,646.0
1650163569,0.0,0.0001975745,0.0,1.8894672393798828e-05,1.8894672393798828e-05,424.0,252.0
1650163570,0.0,0.0001975745,0.0,1.8894672393798828e-05,1.8894672393798828e-05,424.0,252.0
1650163571,0.005,0.0002091995,0.0,1.8894672393798828e-05,1.8894672393798828e-05,403.5,165.0
1650163572,0.0,0.000453504,0.0,1.8894672393798828e-05,1.8894672393798828e-05,806.0,330.0
1650163573,0.0,0.000232192,0.0,1.8894672393798828e-05,1.8894672393798828e-05,538.0,220.0
1650163574,0.0,0.000338443,0.0,1.8894672393798828e-05,1.8894672393798828e-05,538.0,497.0
1650163575,0.0,0.000338443,0.0,1.8894672393798828e-05,1.8894672393798828e-05,538.0,497.0
1650163576,0.0,0.0001409435,0.0,1.8894672393798828e-05,1.8894672393798828e-05,269.0,110.0
1650163577,0.0,0.0001409435,0.0,1.8894672393798828e-05,1.8894672393798828e-05,269.0,110.0
1650163578,0.0,0.0003140405,0.0,1.8715858459472656e-05,1.8715858459472656e-05,604.0,220.0
1650163579,0.0,0.00051173,0.0,1.8894672393798828e-05,1.8894672393798828e-05,947.0,602.0
1650163580,0.0,0.000644262,0.0,1.8894672393798828e-05,1.8894672393798828e-05,1076.0,506.0
1650163581,0.0,0.000644262,0.0,1.8894672393798828e-05,1.8894672393798828e-05,1076.0,506.0
1650163582,0.0,0.0002555455,0.0,1.8894672393798828e-05,1.8894672393798828e-05,402.5,165.0
1650163583,0.0,0.0002555455,0.0,1.8894672393798828e-05,1.8894672393798828e-05,402.5,165.0
1650163584,0.0,0.000319831,0.0,1.8894672393798828e-05,1.8894672393798828e-05,403.0,465.5
1650163585,0.0,0.000361883,0.0,1.8894672393798828e-05,1.8894672393798828e-05,537.0,220.0
1650163586,0.0,0.000361883,0.0,1.8894672393798828e-05,1.8894672393798828e-05,537.0,220.0
1650163587,0.0,0.0001168625,0.005,1.8894672393798828e-05,1.8894672393798828e-05,134.0,55.0
1650163588,0.0,0.000265411,0.0,1.8894672393798828e-05,1.8894672393798828e-05,538.0,220.0
1650163589,0.0,0.000186567,0.0,1.8715858459472656e-05,1.8715858459472656e-05,401.0,110.0
1650163590,0.0,0.000186567,0.0,1.8715858459472656e-05,1.8715858459472656e-05,401.0,110.0
1650163591,0.0,0.0004279085,0.0,1.8894672393798828e-05,1.8894672393798828e-05,607.0,389.0
1650163592,0.0,0.00025983,0.0,1.8894672393798828e-05,1.8894672393798828e-05,536.0,220.0
1650163593,0.0,0.00025983,0.0,1.8894672393798828e-05,1.8894672393798828e-05,536.0,220.0
1650163594,0.0,0.0004778475,0.0,1.8894672393798828e-05,1.8894672393798828e-05,672.5,736.5
1650163595,0.0,0.000115086,0.0,1.8894672393798828e-05,1.8894672393798828e-05,268.0,110.0
1650163596,0.0,0.000115086,0.0,1.8894672393798828e-05,1.8894672393798828e-05,268.0,110.0
1650163597,0.0,0.0001874065,0.0,1.8894672393798828e-05,1.8894672393798828e-05,403.5,165.0
1650163598,0.0,0.0001874065,0.0,1.8894672393798828e-05,1.8894672393798828e-05,403.5,165.0
1650163599,0.0,0.000152701,0.0,1.8894672393798828e-05,1.8894672393798828e-05,269.0,110.0
1650163600,0.0,0.000605832,0.0,1.8715858459472656e-05,1.8715858459472656e-05,938.0,330.0
1650163601,0.0,0.000605832,0.0,1.8715858459472656e-05,1.8715858459472656e-05,938.0,330.0
1650163602,0.0,0.000383607,0.0,1.8894672393798828e-05,1.8894672393798828e-05,608.0,389.0
1650163603,0.0,0.000383607,0.0,1.8894672393798828e-05,1.8894672393798828e-05,608.0,389.0
1650163604,0.0,0.0003115955,0.0,1.8894672393798828e-05,1.8894672393798828e-05,403.0,519.5
1650163605,0.0,0.0003115955,0.0,1.8894672393798828e-05,1.8894672393798828e-05,403.0,519.5
1650163606,0.0,0.0001952145,0.0,1.8894672393798828e-05,1.8894672393798828e-05,403.5,165.0
1650163607,0.0,0.000111245,0.0,1.8894672393798828e-05,1.8894672393798828e-05,268.0,110.0
1650163608,0.0,0.000298737,0.0,1.8894672393798828e-05,1.8894672393798828e-05,580.0,262.0
1650163609,0.0,0.000298737,0.0,1.8894672393798828e-05,1.8894672393798828e-05,580.0,262.0
1650163610,0.0,0.0002060965,0.0,1.8894672393798828e-05,1.8894672393798828e-05,403.0,165.0
1650163611,0.0,0.0002060965,0.0,1.8894672393798828e-05,1.8894672393798828e-05,403.0,165.0
1650163612,0.0,0.0002909595,0.0,1.8894672393798828e-05,1.8894672393798828e-05,404.5,180.0
1650163613,0.0,0.000454929,0.0,1.8894672393798828e-05,1.8894672393798828e-05,807.0,915.0
1650163614,0.0,0.000454929,0.0,1.8894672393798828e-05,1.8894672393798828e-05,807.0,915.0
1650163615,0.0,5.9593e-05,0.0,1.8894672393798828e-05,1.8894672393798828e-05,134.5,55.0
1650163616,0.0,0.000226449,0.0,1.8894672393798828e-05,1.8894672393798828e-05,538.0,220.0
1650163617,0.0,0.000226449,0.0,1.8894672393798828e-05,1.8894672393798828e-05,538.0,220.0
1650163618,0.0,0.0001241385,0.0,1.8894672393798828e-05,1.8894672393798828e-05,268.5,110.0
1650163619,0.0,0.000441545,0.0,1.8894672393798828e-05,1.8894672393798828e-05,805.0,330.0
1650163620,0.0,0.000441545,0.0,1.8894672393798828e-05,1.8894672393798828e-05,805.0,330.0
1650163621,0.0,0.0001455295,0.0,1.8894672393798828e-05,1.8894672393798828e-05,269.0,110.0
1650163622,0.0,0.000744355,0.0,1.8894672393798828e-05,1.8894672393798828e-05,1077.0,536.0
1650163623,0.0,0.000744355,0.0,1.8894672393798828e-05,1.8894672393798828e-05,1077.0,536.0
1650163624,0.0,0.0002292675,0.0,1.8894672393798828e-05,1.8894672393798828e-05,268.5,422.5
1650163625,0.0,0.000302598,0.0,1.8894672393798828e-05,1.8894672393798828e-05,538.0,220.0
1650163626,0.0,0.000286547,0.0,1.8894672393798828e-05,1.8894672393798828e-05,538.0,220.0
1650163627,0.0,0.000286547,0.0,1.8894672393798828e-05,1.8894672393798828e-05,538.0,220.0
1650163628,0.0,0.0001342945,0.0,1.8894672393798828e-05,1.8894672393798828e-05,269.0,110.0
1650163629,0.0,0.0001342945,0.0,1.8894672393798828e-05,1.8894672393798828e-05,269.0,110.0
1650163630,0.0,0.0001219305,0.0,1.8894672393798828e-05,1.8894672393798828e-05,269.0,110.0
1650163631,0.0,0.000307811,0.0,1.8894672393798828e-05,1.8894672393798828e-05,538.0,220.0
1650163632,0.0,0.000307811,0.0,1.8894672393798828e-05,1.8894672393798828e-05,538.0,220.0
1650163633,0.0,0.000385027,0.005,1.8894672393798828e-05,1.8894672393798828e-05,673.5,290.0
1650163634,0.01,0.000459617,0.0,1.8894672393798828e-05,1.8894672393798828e-05,807.0,806.0
1650163635,0.0,0.000244031,0.0,1.8894672393798828e-05,1.8894672393798828e-05,537.0,220.0
1650163636,0.0,0.000244031,0.0,1.8894672393798828e-05,1.8894672393798828e-05,537.0,220.0
1650163637,0.0,7.31345e-05,0.0,1.8894672393798828e-05,1.8894672393798828e-05,134.5,55.0
1650163638,0.0,0.000238675,0.0,1.8894672393798828e-05,1.8894672393798828e-05,580.0,262.0
1650163639,0.0,0.000238675,0.0,1.8894672393798828e-05,1.8894672393798828e-05,580.0,262.0
1650163640,0.0,0.000261233,0.0,1.8894672393798828e-05,1.8894672393798828e-05,536.5,220.0
1650163641,0.0,0.000261233,0.0,1.8894672393798828e-05,1.8894672393798828e-05,536.5,220.0
1650163642,0.0,0.0002018395,0.0,1.8894672393798828e-05,1.8894672393798828e-05,403.5,165.0
1650163643,0.0,0.000519322,0.0,1.8894672393798828e-05,1.8894672393798828e-05,807.0,713.0
1650163644,0.0,0.000519322,0.0,1.8894672393798828e-05,1.8894672393798828e-05,807.0,713.0
1650163645,0.0,0.0003414455,0.0,1.8894672393798828e-05,1.8894672393798828e-05,539.0,268.0
1650163646,0.0,0.000321712,0.0,1.8894672393798828e-05,1.8894672393798828e-05,538.0,352.0
1650163647,0.0,0.000321712,0.0,1.8894672393798828e-05,1.8894672393798828e-05,538.0,352.0
1650163648,0.0,0.000386157,0.0,1.8894672393798828e-05,1.8894672393798828e-05,538.0,220.0
1650163649,0.0,0.000300833,0.0,1.8894672393798828e-05,1.8894672393798828e-05,538.0,220.0
1650163650,0.0,0.000300833,0.0,1.8894672393798828e-05,1.8894672393798828e-05,538.0,220.0
1650163651,0.0,0.000232544,0.0,1.8894672393798828e-05,1.8894672393798828e-05,403.0,165.0
1650163652,0.0,0.000232544,0.0,1.8894672393798828e-05,1.8894672393798828e-05,403.0,165.0
1650163653,0.0,0.0004521325,0.0,1.8894672393798828e-05,1.8894672393798828e-05,672.5,275.0
1650163654,0.0,0.00056256,0.0,1.8894672393798828e-05,1.8894672393798828e-05,807.0,1039.0
1650163655,0.0,0.000540572,0.0,1.8894672393798828e-05,1.8894672393798828e-05,809.0,360.0
1650163656,0.0,0.000540572,0.0,1.8894672393798828e-05,1.8894672393798828e-05,809.0,360.0
1650163657,0.0,0.0001965215,0.0,1.8894672393798828e-05,1.8894672393798828e-05,268.5,176.0
1650163658,0.0,0.0001965215,0.0,1.8894672393798828e-05,1.8894672393798828e-05,268.5,176.0
1650163659,0.0,0.000239785,0.0,1.8894672393798828e-05,1.8894672393798828e-05,403.5,198.0
1650163660,0.0,0.000523948,0.0,1.8894672393798828e-05,1.8894672393798828e-05,806.0,330.0
1650163661,0.0,0.000523948,0.0,1.8894672393798828e-05,1.8894672393798828e-05,806.0,330.0
1650163662,0.0,0.000144715,0.0,1.8894672393798828e-05,1.8894672393798828e-05,269.0,110.0
1650163663,0.0,0.000304458,0.0,1.8894672393798828e-05,1.8894672393798828e-05,269.0,494.0
1650163664,0.0,0.000304458,0.0,1.8894672393798828e-05,1.8894672393798828e-05,269.0,494.0
1650163665,0.0,0.0002753665,0.0,1.8894672393798828e-05,1.8894672393798828e-05,402.5,165.0
1650163666,0.0,0.0002753665,0.0,1.8894672393798828e-05,1.8894672393798828e-05,402.5,165.0
1650163667,0.0,0.0,0.0,1.8894672393798828e-05,1.8894672393798828e-05,0.0,0.0
1650163668,0.0,0.0,0.0,1.8894672393798828e-05,1.8894672393798828e-05,0.0,0.0
1650163669,0.0,0.0,0.0,1.8894672393798828e-05,1.8894672393798828e-05,0.0,0.0
1650163670,0.0,0.0,0.0,1.8894672393798828e-05,1.8894672393798828e-05,14.0,14.0
1650163671,0.0,0.0,0.0,1.8894672393798828e-05,1.8894672393798828e-05,14.0,14.0
1650163672,0.0,0.0,0.0,1.8894672393798828e-05,1.8894672393798828e-05,0.0,0.0
1650163673,0.0,0.0,0.0,1.8894672393798828e-05,1.8894672393798828e-05,0.0,0.0
1650163674,0.0,4.98835e-05,0.0,1.8894672393798828e-05,1.8894672393798828e-05,0.0,138.0
1650163675,0.0,4.98835e-05,0.0,1.8894672393798828e-05,1.8894672393798828e-05,0.0,138.0
1650163676,0.0,0.0,0.0,1.8894672393798828e-05,1.8894672393798828e-05,0.0,0.0
1650163677,0.0,0.0,0.0,1.8894672393798828e-05,1.8894672393798828e-05,0.0,0.0
1650163678,0.0,0.0,0.0,1.8894672393798828e-05,1.8894672393798828e-05,0.0,0.0
1650163679,0.0,0.0,0.0,1.8894672393798828e-05,1.8894672393798828e-05,0.0,0.0
1650163680,0.0,0.0,0.0,1.8894672393798828e-05,1.8894672393798828e-05,0.0,0.0
1650163681,0.0,0.0,0.0,1.8894672393798828e-05,1.8894672393798828e-05,0.0,0.0
1650163682,0.0,0.0,0.0,1.8894672393798828e-05,1.8894672393798828e-05,0.0,0.0
1650163683,0.0,0.0,0.0,1.8894672393798828e-05,1.8894672393798828e-05,0.0,0.0
1650163684,0.0,9.8295e-06,0.0,1.8894672393798828e-05,1.8894672393798828e-05,0.0,0.0
1650163685,0.0,9.8295e-06,0.0,1.8894672393798828e-05,1.8894672393798828e-05,0.0,0.0
1650163686,0.0,0.0,0.0,1.8894672393798828e-05,1.8894672393798828e-05,0.0,0.0
1650163687,0.0,0.0,0.0,1.8894672393798828e-05,1.8894672393798828e-05,0.0,0.0
1650163688,0.0,0.0,0.0,1.8894672393798828e-05,1.8894672393798828e-05,0.0,0.0
1650163689,0.0,0.0,0.0,1.8894672393798828e-05,1.8894672393798828e-05,0.0,0.0
1650163690,0.0,0.0,0.0,1.8894672393798828e-05,1.8894672393798828e-05,0.0,0.0
1650163691,0.0,0.0,0.0,1.8894672393798828e-05,1.8894672393798828e-05,0.0,0.0
1650163692,0.0,0.0,0.0,1.8894672393798828e-05,1.8894672393798828e-05,0.0,0.0
1650163693,0.0,0.0,0.0,1.8894672393798828e-05,1.8894672393798828e-05,0.0,0.0
1650163694,0.0,0.0,0.0,1.8894672393798828e-05,1.8894672393798828e-05,0.0,0.0
1650163695,0.0,0.0,0.0,1.8894672393798828e-05,1.8894672393798828e-05,0.0,0.0
1650163696,0.0,4.963333333333333e-06,0.0,1.8894672393798828e-05,1.8894672393798828e-05,0.0,0.0
1650163697,0.0,4.963333333333333e-06,0.0,1.8894672393798828e-05,1.8894672393798828e-05,0.0,0.0
1650163698,0.0,0.0,0.0,1.8894672393798828e-05,1.8894672393798828e-05,0.0,0.0
1650163699,0.0,0.0,0.0,1.8894672393798828e-05,1.8894672393798828e-05,0.0,0.0
1650163700,0.0,0.0,0.0,1.8894672393798828e-05,1.8894672393798828e-05,0.0,0.0
1650163701,0.0,0.0,0.0,1.8894672393798828e-05,1.8894672393798828e-05,0.0,0.0
1650163702,0.0,0.0,0.0,1.8894672393798828e-05,1.8894672393798828e-05,0.0,0.0
1650163703,0.0,0.0,0.0,1.8894672393798828e-05,1.8894672393798828e-05,0.0,0.0
1650163704,0.0,0.0,0.0,1.8894672393798828e-05,1.8894672393798828e-05,0.0,0.0
1650163705,0.0,9.079e-06,0.0,1.8894672393798828e-05,1.8894672393798828e-05,0.0,0.0
1650163706,0.0,9.079e-06,0.0,1.8894672393798828e-05,1.8894672393798828e-05,0.0,0.0
1650163707,0.0,0.0,0.0,1.8894672393798828e-05,1.8894672393798828e-05,0.0,0.0
1650163708,0.0,0.0,0.0,1.8894672393798828e-05,1.8894672393798828e-05,0.0,0.0
1650163709,0.0,0.0,0.0,1.8894672393798828e-05,1.8894672393798828e-05,0.0,0.0
1650163710,0.0,0.0,0.0,1.8894672393798828e-05,1.8894672393798828e-05,0.0,0.0
1650163711,0.0,0.0,0.0,1.8894672393798828e-05,1.8894672393798828e-05,0.0,0.0
1650163712,0.0,0.0,0.0,1.8894672393798828e-05,1.8894672393798828e-05,0.0,0.0
1650163713,0.0,0.0,0.0,1.8894672393798828e-05,1.8894672393798828e-05,0.0,0.0
1650163714,0.0,0.0,0.0,1.8894672393798828e-05,1.8894672393798828e-05,0.0,0.0
1650163715,0.0,0.0,0.0,1.8894672393798828e-05,1.8894672393798828e-05,0.0,0.0
1650163716,0.0,9.297666666666666e-06,0.0,1.8894672393798828e-05,1.8894672393798828e-05,0.0,0.0
1650163717,0.0,0.0,0.0,1.8894672393798828e-05,1.8894672393798828e-05,0.0,0.0
1650163718,0.0,0.0,0.0,1.8894672393798828e-05,1.8894672393798828e-05,0.0,0.0
1650163719,0.0,0.0,0.0,1.8894672393798828e-05,1.8894672393798828e-05,0.0,0.0
1650163720,0.0,0.0,0.0,1.8894672393798828e-05,1.8894672393798828e-05,0.0,0.0
1650163721,0.0,0.0,0.0,1.8894672393798828e-05,1.8894672393798828e-05,0.0,0.0
1650163722,0.0,0.0,0.0,1.8894672393798828e-05,1.8894672393798828e-05,0.0,0.0
1650163723,0.0,7.588e-06,0.0,1.8894672393798828e-05,1.8894672393798828e-05,0.0,0.0
1650163724,0.0,7.588e-06,0.0,1.8894672393798828e-05,1.8894672393798828e-05,0.0,0.0
1650163725,0.0,0.0,0.0,1.8894672393798828e-05,1.8894672393798828e-05,0.0,0.0
1650163726,0.0,0.0,0.0,1.8894672393798828e-05,1.8894672393798828e-05,0.0,0.0
1650163727,0.0,0.0,0.0,1.8894672393798828e-05,1.8894672393798828e-05,0.0,0.0
1650163728,0.0,0.0,0.0,1.8894672393798828e-05,1.8894672393798828e-05,0.0,0.0
1650163729,0.0,0.0,0.0,1.8894672393798828e-05,1.8894672393798828e-05,0.0,0.0
1650163730,0.0,0.0,0.0,1.8894672393798828e-05,1.8894672393798828e-05,0.0,0.0
1650163731,0.0,0.0,0.0,1.8894672393798828e-05,1.8894672393798828e-05,0.0,0.0
1650163732,0.0,0.0,0.0,1.8894672393798828e-05,1.8894672393798828e-05,0.0,0.0
1650163733,0.0,0.0,0.0,1.8894672393798828e-05,1.8894672393798828e-05,0.0,0.0
1650163734,0.0,1.0850833333333336e-05,0.0,1.8894672393798828e-05,1.8894672393798828e-05,0.0,0.0
1650163735,0.0,1.0850833333333336e-05,0.0,1.8894672393798828e-05,1.8894672393798828e-05,0.0,0.0
1650163736,0.0,0.0,0.0,1.8894672393798828e-05,1.8894672393798828e-05,0.0,0.0
1650163737,0.0,0.0,0.0,1.8894672393798828e-05,1.8894672393798828e-05,0.0,0.0
1650163738,0.0,0.0,0.0,1.8894672393798828e-05,1.8894672393798828e-05,0.0,0.0
1650163739,0.0,0.0,0.0,1.8894672393798828e-05,1.8894672393798828e-05,0.0,0.0
1650163740,0.0,0.0,0.0,1.8894672393798828e-05,1.8894672393798828e-05,0.0,0.0
1650163741,0.0,0.0,0.0,1.8894672393798828e-05,1.8894672393798828e-05,0.0,0.0
1650163742,0.0,0.0,0.0,1.8894672393798828e-05,1.8894672393798828e-05,0.0,0.0
1650163743,0.0,0.0,0.0,1.8894672393798828e-05,1.8894672393798828e-05,0.0,0.0
1650163744,0.0,8.256e-06,0.0,1.8894672393798828e-05,1.8894672393798828e-05,0.0,0.0
1650163745,0.0,8.256e-06,0.0,1.8894672393798828e-05,1.8894672393798828e-05,0.0,0.0
1650163746,0.0,0.0,0.0,1.8894672393798828e-05,1.8894672393798828e-05,0.0,0.0
1650163747,0.0,0.0,0.0,1.8894672393798828e-05,1.8894672393798828e-05,0.0,0.0
1650163748,0.0,0.0,0.0,1.8894672393798828e-05,1.8894672393798828e-05,0.0,0.0
1650163749,0.0,0.0,0.0,1.8894672393798828e-05,1.8894672393798828e-05,0.0,0.0
1650163750,0.0,0.0,0.0,1.8894672393798828e-05,1.8894672393798828e-05,0.0,0.0
1650163751,0.0,0.0,0.0,1.8894672393798828e-05,1.8894672393798828e-05,0.0,0.0
1650163752,0.0,0.0,0.0,1.8894672393798828e-05,1.8894672393798828e-05,0.0,0.0
1650163753,0.0,0.0,0.0,1.8894672393798828e-05,1.8894672393798828e-05,0.0,0.0
1650163754,0.0,0.0,0.0,1.8894672393798828e-05,1.8894672393798828e-05,0.0,0.0
1650163755,0.0,6.712333333333333e-06,0.0,1.8894672393798828e-05,1.8894672393798828e-05,0.0,0.0
1650163756,0.0,0.0,0.0,1.8894672393798828e-05,1.8894672393798828e-05,0.0,0.0
1650163757,0.0,0.0,0.0,1.8894672393798828e-05,1.8894672393798828e-05,0.0,0.0
1650163758,0.0,0.0,0.0,1.8894672393798828e-05,1.8894672393798828e-05,0.0,0.0
1650163759,0.0,0.0,0.0,1.8894672393798828e-05,1.8894672393798828e-05,0.0,0.0
1650163760,0.0,0.0,0.0,1.8894672393798828e-05,1.8894672393798828e-05,0.0,0.0
1650163761,0.0,0.0,0.0,1.8894672393798828e-05,1.8894672393798828e-05,0.0,0.0
1650163762,0.0,0.0,0.0,1.8894672393798828e-05,1.8894672393798828e-05,0.0,0.0
1650163763,0.0,0.0,0.0,1.8894672393798828e-05,1.8894672393798828e-05,0.0,0.0
1650163764,0.0,8.50825e-06,0.0,1.8894672393798828e-05,1.8894672393798828e-05,0.0,0.0
1650163765,0.0,8.50825e-06,0.0,1.8894672393798828e-05,1.8894672393798828e-05,0.0,0.0
1650163766,0.0,0.0,0.0,1.8894672393798828e-05,1.8894672393798828e-05,0.0,0.0
1650163767,0.0,0.0,0.0,1.8894672393798828e-05,1.8894672393798828e-05,0.0,0.0
1650163768,0.0,0.0,0.0,1.8894672393798828e-05,1.8894672393798828e-05,0.0,0.0
1650163769,0.0,0.0,0.0,1.8894672393798828e-05,1.8894672393798828e-05,0.0,0.0
1650163770,0.0,0.0,0.0,1.8894672393798828e-05,1.8894672393798828e-05,0.0,0.0
1650163771,0.0,0.0,0.0,1.8894672393798828e-05,1.8894672393798828e-05,0.0,0.0
1650163772,0.0,0.0,0.0,1.8894672393798828e-05,1.8894672393798828e-05,0.0,0.0
1650163773,0.0,0.0,0.0,1.8894672393798828e-05,1.8894672393798828e-05,0.0,0.0
1650163774,0.0,0.0,0.0,1.8894672393798828e-05,1.8894672393798828e-05,0.0,0.0
1650163775,0.0,0.0,0.0,1.8894672393798828e-05,1.8894672393798828e-05,0.0,0.0
1650163776,0.0,4.712285714285715e-06,0.0,1.8894672393798828e-05,1.8894672393798828e-05,0.0,0.0
1650163777,0.0,4.712285714285715e-06,0.0,1.8894672393798828e-05,1.8894672393798828e-05,0.0,0.0
1650163778,0.0,0.0,0.0,1.8894672393798828e-05,1.8894672393798828e-05,0.0,0.0
1650163779,0.0,0.0,0.0,1.8894672393798828e-05,1.8894672393798828e-05,0.0,0.0
1650163780,0.0,0.0,0.0,1.8894672393798828e-05,1.8894672393798828e-05,0.0,0.0
1650163781,0.0,0.0,0.0,1.8894672393798828e-05,1.8894672393798828e-05,0.0,0.0
1650163782,0.0,0.0,0.0,1.8894672393798828e-05,1.8894672393798828e-05,0.0,0.0
1650163783,0.0,0.0,0.0,1.8894672393798828e-05,1.8894672393798828e-05,0.0,0.0
1650163784,0.0,0.0,0.0,1.8894672393798828e-05,1.8894672393798828e-05,0.0,0.0
1650163785,0.0,0.0,0.0,1.8894672393798828e-05,1.8894672393798828e-05,0.0,0.0
1650163786,0.0,0.0,0.0,1.8894672393798828e-05,1.8894672393798828e-05,0.0,0.0
1650163787,0.0,0.0,0.0,1.8894672393798828e-05,1.8894672393798828e-05,0.0,0.0
1650163788,0.0,0.0,0.0,1.8894672393798828e-05,1.8894672393798828e-05,0.0,0.0
1650163789,0.0,5.688e-06,0.0,1.8894672393798828e-05,1.8894672393798828e-05,0.0,0.0
1650163790,0.0,5.688e-06,0.0,1.8894672393798828e-05,1.8894672393798828e-05,0.0,0.0
1650163791,0.0,0.0,0.0,1.8894672393798828e-05,1.8894672393798828e-05,0.0,0.0
1650163792,0.0,0.0,0.0,1.8894672393798828e-05,1.8894672393798828e-05,0.0,0.0
1650163793,0.0,0.0,0.0,1.8894672393798828e-05,1.8894672393798828e-05,0.0,0.0
1650163794,0.0,1.4851e-05,0.0,1.8894672393798828e-05,1.8894672393798828e-05,0.0,0.0
1650163795,0.0,1.4851e-05,0.0,1.8894672393798828e-05,1.8894672393798828e-05,0.0,0.0
1650163796,0.0,0.0,0.0,1.8894672393798828e-05,1.8894672393798828e-05,0.0,0.0
1650163797,0.0,0.0,0.0,1.8894672393798828e-05,1.8894672393798828e-05,0.0,0.0
1650163798,0.0,0.0,0.0,1.8894672393798828e-05,1.8894672393798828e-05,0.0,0.0
1650163799,0.0,0.000277932,0.0,1.8894672393798828e-05,1.8894672393798828e-05,449.3333333333333,237.33333333333331
1650163800,0.0,0.000471198,0.0,1.8894672393798828e-05,1.8894672393798828e-05,806.0,396.0
1650163801,0.0,0.000471198,0.0,1.8894672393798828e-05,1.8894672393798828e-05,806.0,396.0
1650163802,0.0,0.000403113,0.0,1.8894672393798828e-05,1.8894672393798828e-05,672.0,275.0
1650163803,0.0,0.000222449,0.0,1.8894672393798828e-05,1.8894672393798828e-05,269.0,110.0
1650163804,0.0,0.000222449,0.0,1.8894672393798828e-05,1.8894672393798828e-05,269.0,110.0
1650163805,0.0,0.000388105,0.0,1.8894672393798828e-05,1.8894672393798828e-05,537.5,220.0
1650163806,0.0,0.000317293,0.0,1.8894672393798828e-05,1.8894672393798828e-05,538.0,220.0
1650163807,0.0,0.000394985,0.0,1.8894672393798828e-05,1.8894672393798828e-05,537.0,220.0
1650163808,0.0,0.000394985,0.0,1.8894672393798828e-05,1.8894672393798828e-05,537.0,220.0
1650163809,0.0,0.000423184,0.0,1.8894672393798828e-05,1.8894672393798828e-05,538.5,235.0
1650163810,0.0,0.00036441,0.0,1.8894672393798828e-05,1.8894672393798828e-05,537.0,352.0
1650163811,0.0,0.00036441,0.0,1.8894672393798828e-05,1.8894672393798828e-05,537.0,352.0
1650163812,0.0,0.000198254,0.0,1.8894672393798828e-05,1.8894672393798828e-05,269.0,143.0
1650163813,0.0,0.000645162,0.0,1.8894672393798828e-05,1.8894672393798828e-05,806.0,1265.0
1650163814,0.0,0.000645162,0.0,1.8894672393798828e-05,1.8894672393798828e-05,806.0,1265.0
1650163815,0.0,0.000279495,0.0,1.8894672393798828e-05,1.8894672393798828e-05,402.5,165.0
1650163816,0.0,0.000279495,0.0,1.8894672393798828e-05,1.8894672393798828e-05,402.5,165.0
1650163817,0.0,0.0002677035,0.0,1.8894672393798828e-05,1.8894672393798828e-05,403.0,165.0
1650163818,0.0,0.0002677035,0.0,1.8894672393798828e-05,1.8894672393798828e-05,403.0,165.0
1650163819,0.0,0.0002851915,0.0,1.8715858459472656e-05,1.8715858459472656e-05,490.5,186.0
1650163820,0.0,0.00070799,0.0,1.8894672393798828e-05,1.8894672393798828e-05,946.0,602.0
1650163821,0.0,0.00070799,0.0,1.8894672393798828e-05,1.8894672393798828e-05,946.0,602.0
1650163822,0.0,0.000254738,0.0,1.8894672393798828e-05,1.8894672393798828e-05,403.5,198.0
1650163823,0.0,0.000571208,0.0,1.8894672393798828e-05,1.8894672393798828e-05,806.0,824.0
1650163824,0.0,0.000158838,0.0,1.8894672393798828e-05,1.8894672393798828e-05,269.0,110.0
1650163825,0.0,0.000158838,0.0,1.8894672393798828e-05,1.8894672393798828e-05,269.0,110.0
1650163826,0.0,0.0001574825,0.0,1.8894672393798828e-05,1.8894672393798828e-05,269.0,110.0
1650163827,0.0,0.0001574825,0.0,1.8894672393798828e-05,1.8894672393798828e-05,269.0,110.0
1650163828,0.0,0.000218307,0.0,1.8894672393798828e-05,1.8894672393798828e-05,403.5,165.0
1650163829,0.0,0.000218307,0.0,1.8894672393798828e-05,1.8894672393798828e-05,403.5,165.0
1650163830,0.0,0.0,0.0,1.8894672393798828e-05,1.8894672393798828e-05,0.0,0.0
1650163831,0.0,0.0,0.0,1.8894672393798828e-05,1.8894672393798828e-05,0.0,0.0
1650163832,0.0,0.0,0.0,1.8894672393798828e-05,1.8894672393798828e-05,0.0,0.0
1650163833,0.0,0.0,0.0,1.8894672393798828e-05,1.8894672393798828e-05,0.0,0.0
1650163834,0.0,0.0,0.0,1.8894672393798828e-05,1.8894672393798828e-05,0.0,0.0
1650163835,0.0,0.0,0.0,1.8894672393798828e-05,1.8894672393798828e-05,0.0,0.0
1650163836,0.0,0.0,0.0,1.8894672393798828e-05,1.8894672393798828e-05,0.0,0.0
1650163837,0.0,0.0,0.0,1.8894672393798828e-05,1.8894672393798828e-05,0.0,0.0
1650163838,0.0,7.8394e-06,0.0,1.8894672393798828e-05,1.8894672393798828e-05,8.4,0.0
1650163839,0.0,7.8394e-06,0.0,1.8894672393798828e-05,1.8894672393798828e-05,8.4,0.0
1650163840,0.0,0.0,0.0,1.8894672393798828e-05,1.8894672393798828e-05,0.0,0.0
1650163841,0.0,0.0,0.0,1.8894672393798828e-05,1.8894672393798828e-05,0.0,0.0
1650163842,0.0,0.0,0.0,1.8894672393798828e-05,1.8894672393798828e-05,0.0,0.0
1650163843,0.0,0.0,0.0,1.8894672393798828e-05,1.8894672393798828e-05,0.0,0.0
1650163844,0.0,0.0,0.0,1.8894672393798828e-05,1.8894672393798828e-05,0.0,0.0
1650163845,0.0,0.0,0.0,1.8894672393798828e-05,1.8894672393798828e-05,0.0,0.0
1650163846,0.0,0.0,0.0,1.8894672393798828e-05,1.8894672393798828e-05,0.0,0.0
1650163847,0.0,0.0,0.0,1.8894672393798828e-05,1.8894672393798828e-05,0.0,0.0
1650163848,0.0,5.569333333333333e-06,0.0,1.8894672393798828e-05,1.8894672393798828e-05,0.0,0.0
1650163849,0.0,0.0,0.0,1.8894672393798828e-05,1.8894672393798828e-05,0.0,0.0
1650163850,0.0,0.0,0.0,1.8894672393798828e-05,1.8894672393798828e-05,0.0,0.0
1650163851,0.0,0.0,0.0,1.8894672393798828e-05,1.8894672393798828e-05,0.0,0.0
1650163852,0.0,0.0,0.0,1.8894672393798828e-05,1.8894672393798828e-05,0.0,0.0
1650163853,0.0,0.0,0.0,1.8894672393798828e-05,1.8894672393798828e-05,0.0,0.0
1650163854,0.0,0.0,0.0,1.8894672393798828e-05,1.8894672393798828e-05,0.0,0.0
1650163855,0.0,0.0,0.0,1.8894672393798828e-05,1.8894672393798828e-05,0.0,0.0
1650163856,0.0,0.0,0.0,1.8894672393798828e-05,1.8894672393798828e-05,0.0,0.0
1650163857,0.0,0.0,0.0,1.8894672393798828e-05,1.8894672393798828e-05,0.0,0.0
1650163858,0.0,6.365857142857143e-06,0.0,1.8894672393798828e-05,1.8894672393798828e-05,0.0,0.0
1650163859,0.0,0.0,0.0,1.8894672393798828e-05,1.8894672393798828e-05,0.0,0.0
1650163860,0.0,0.0,0.0,1.8894672393798828e-05,1.8894672393798828e-05,0.0,0.0
1650163861,0.0,0.0,0.0,1.8894672393798828e-05,1.8894672393798828e-05,0.0,0.0
1650163862,0.0,0.0,0.0,1.8894672393798828e-05,1.8894672393798828e-05,0.0,0.0
1650163863,0.0,0.0,0.0,1.8894672393798828e-05,1.8894672393798828e-05,0.0,0.0
1650163864,0.0,0.0,0.0,1.8894672393798828e-05,1.8894672393798828e-05,0.0,0.0
1650163865,0.0,0.0,0.0,1.8894672393798828e-05,1.8894672393798828e-05,0.0,0.0
1650163866,0.0,0.0,0.0,1.8894672393798828e-05,1.8894672393798828e-05,0.0,0.0
1650163867,0.0,0.0,0.0,1.8894672393798828e-05,1.8894672393798828e-05,0.0,0.0
1650163868,0.0,0.0,0.0,1.8894672393798828e-05,1.8894672393798828e-05,0.0,0.0
1650163869,0.0,0.0,0.0,1.8894672393798828e-05,1.8894672393798828e-05,0.0,0.0
1650163870,0.0,0.0,0.0,1.8894672393798828e-05,1.8894672393798828e-05,0.0,0.0
1650163871,0.0,5.6125e-06,0.0,1.8894672393798828e-05,1.8894672393798828e-05,0.0,0.0
1650163872,0.0,5.6125e-06,0.0,1.8894672393798828e-05,1.8894672393798828e-05,0.0,0.0
1650163873,0.0,0.0,0.0,1.8894672393798828e-05,1.8894672393798828e-05,0.0,0.0
1650163874,0.0,0.0,0.0,1.8894672393798828e-05,1.8894672393798828e-05,0.0,0.0
1650163875,0.0,0.0,0.0,1.8894672393798828e-05,1.8894672393798828e-05,0.0,0.0
1650163876,0.0,1.5292666666666667e-05,0.0,1.8894672393798828e-05,1.8894672393798828e-05,0.0,0.0
1650163877,0.0,0.0,0.0,1.8894672393798828e-05,1.8894672393798828e-05,0.0,0.0
1650163878,0.0,0.0,0.0,1.8894672393798828e-05,1.8894672393798828e-05,0.0,0.0
1650163879,0.0,0.0,0.0,1.8894672393798828e-05,1.8894672393798828e-05,0.0,0.0
1650163880,0.0,0.0,0.0,1.8894672393798828e-05,1.8894672393798828e-05,0.0,0.0
1650163881,0.0,0.0,0.0,1.8894672393798828e-05,1.8894672393798828e-05,0.0,0.0
1650163882,0.0,0.0,0.0,1.8894672393798828e-05,1.8894672393798828e-05,0.0,0.0
1650163883,0.0,0.0,0.0,1.8894672393798828e-05,1.8894672393798828e-05,0.0,0.0
1650163884,0.0,0.0,0.0,1.8894672393798828e-05,1.8894672393798828e-05,0.0,0.0
1650163885,0.0,9.3824e-06,0.0,1.8894672393798828e-05,1.8894672393798828e-05,0.0,0.0
1650163886,0.0,0.0,0.0,1.8894672393798828e-05,1.8894672393798828e-05,0.0,0.0
1650163887,0.0,0.0,0.0,1.8894672393798828e-05,1.8894672393798828e-05,0.0,0.0
1650163888,0.0,0.0,0.0,1.8894672393798828e-05,1.8894672393798828e-05,0.0,0.0
1650163889,0.0,0.0,0.0,1.8894672393798828e-05,1.8894672393798828e-05,0.0,0.0
1650163890,0.0,0.0,0.0,1.8894672393798828e-05,1.8894672393798828e-05,0.0,0.0
1650163891,0.0,0.0,0.0,1.8894672393798828e-05,1.8894672393798828e-05,0.0,0.0
1650163892,0.0,0.0,0.0,1.8894672393798828e-05,1.8894672393798828e-05,0.0,0.0
1650163893,0.0,0.0,0.0,1.8894672393798828e-05,1.8894672393798828e-05,0.0,0.0
1650163894,0.0,1.07844e-05,0.0,1.8894672393798828e-05,1.8894672393798828e-05,0.0,0.0
1650163895,0.0,1.07844e-05,0.0,1.8894672393798828e-05,1.8894672393798828e-05,0.0,0.0
1650163896,0.0,0.0,0.0,1.8894672393798828e-05,1.8894672393798828e-05,0.0,0.0
1650163897,0.0,0.0,0.0,1.8894672393798828e-05,1.8894672393798828e-05,0.0,0.0
1650163898,0.0,0.0,0.0,1.8894672393798828e-05,1.8894672393798828e-05,0.0,0.0
1650163899,0.0,0.0,0.0,1.8894672393798828e-05,1.8894672393798828e-05,0.0,0.0
1650163900,0.0,0.0,0.0,1.8894672393798828e-05,1.8894672393798828e-05,0.0,0.0
1650163901,0.0,0.0,0.0,1.8894672393798828e-05,1.8894672393798828e-05,0.0,0.0
1650163902,0.0,0.0,0.0,1.8894672393798828e-05,1.8894672393798828e-05,0.0,0.0
1650163903,0.0,0.0,0.0,1.8894672393798828e-05,1.8894672393798828e-05,0.0,0.0
1650163904,0.0,0.0,0.0,1.8894672393798828e-05,1.8894672393798828e-05,0.0,0.0
1650163905,0.0,0.0,0.0,1.8894672393798828e-05,1.8894672393798828e-05,0.0,0.0
1650163906,0.0,0.0,0.0,1.8894672393798828e-05,1.8894672393798828e-05,0.0,0.0
1650163907,0.0,4.0475e-06,0.0,1.8894672393798828e-05,1.8894672393798828e-05,0.0,0.0
1650163908,0.0,4.0475e-06,0.0,1.8894672393798828e-05,1.8894672393798828e-05,0.0,0.0
1650163909,0.0,0.0,0.0,1.8894672393798828e-05,1.8894672393798828e-05,0.0,0.0
1650163910,0.0,0.0,0.0,1.8894672393798828e-05,1.8894672393798828e-05,0.0,0.0
1650163911,0.0,0.0,0.0,1.8894672393798828e-05,1.8894672393798828e-05,0.0,0.0
1650163912,0.0,0.0,0.0,1.8894672393798828e-05,1.8894672393798828e-05,0.0,0.0
1650163913,0.0,0.0,0.0,1.8894672393798828e-05,1.8894672393798828e-05,0.0,0.0
1650163914,0.0,0.0,0.0,1.8894672393798828e-05,1.8894672393798828e-05,0.0,0.0
1650163915,0.0,0.0,0.0,1.8894672393798828e-05,1.8894672393798828e-05,0.0,0.0
1650163916,0.0,1.103925e-05,0.0,1.8894672393798828e-05,1.8894672393798828e-05,0.0,0.0
1650163917,0.0,1.103925e-05,0.0,1.8894672393798828e-05,1.8894672393798828e-05,0.0,0.0
1650163918,0.0,0.0,0.0,1.8894672393798828e-05,1.8894672393798828e-05,0.0,0.0
1650163919,0.0,0.0,0.0,1.8894672393798828e-05,1.8894672393798828e-05,0.0,0.0
1650163920,0.0,0.0,0.0,1.8894672393798828e-05,1.8894672393798828e-05,0.0,0.0
1650163921,0.0,0.0,0.0,1.8894672393798828e-05,1.8894672393798828e-05,0.0,0.0
1650163922,0.0,0.0,0.0,1.8894672393798828e-05,1.8894672393798828e-05,0.0,0.0
1650163923,0.0,0.0,0.0,1.8894672393798828e-05,1.8894672393798828e-05,0.0,0.0
1650163924,0.0,0.0,0.0,1.8894672393798828e-05,1.8894672393798828e-05,0.0,0.0
1650163925,0.0,0.0,0.0,1.8894672393798828e-05,1.8894672393798828e-05,0.0,0.0
1650163926,0.0,0.0,0.0,1.8894672393798828e-05,1.8894672393798828e-05,0.0,0.0
1650163927,0.0,0.0,0.0,1.8894672393798828e-05,1.8894672393798828e-05,0.0,0.0
1650163928,0.0,5.481428571428572e-06,0.0,1.8894672393798828e-05,1.8894672393798828e-05,6.0,0.0
1650163929,0.0,5.481428571428572e-06,0.0,1.8894672393798828e-05,1.8894672393798828e-05,6.0,0.0
1650163930,0.0,0.0,0.0,1.8894672393798828e-05,1.8894672393798828e-05,0.0,0.0
1650163931,0.0,0.0,0.0,1.8894672393798828e-05,1.8894672393798828e-05,0.0,0.0
1650163932,0.0,0.0,0.0,1.8894672393798828e-05,1.8894672393798828e-05,0.0,0.0
1650163933,0.0,0.0,0.0,1.8894672393798828e-05,1.8894672393798828e-05,0.0,0.0
1650163934,0.0,0.0,0.0,1.8894672393798828e-05,1.8894672393798828e-05,0.0,0.0
1650163935,0.0,0.0,0.0,1.8894672393798828e-05,1.8894672393798828e-05,0.0,0.0
1650163936,0.0,6.5735e-06,0.0,1.8894672393798828e-05,1.8894672393798828e-05,0.0,0.0
1650163937,0.0,6.5735e-06,0.0,1.8894672393798828e-05,1.8894672393798828e-05,0.0,0.0
1650163938,0.0,0.0001254105,0.0,1.8715858459472656e-05,1.8715858459472656e-05,200.5,55.0
1650163939,0.0,0.0,0.0,1.8715858459472656e-05,1.8715858459472656e-05,0.0,0.0
1650163940,0.0,0.0,0.0,1.8715858459472656e-05,1.8715858459472656e-05,0.0,0.0
1650163941,0.0,0.0,0.0,1.8715858459472656e-05,1.8715858459472656e-05,0.0,0.0
1650163942,0.0,0.0,0.0,1.8715858459472656e-05,1.8715858459472656e-05,0.0,0.0
1650163943,0.0,0.0,0.0,1.8715858459472656e-05,1.8715858459472656e-05,0.0,0.0
1650163944,0.0,0.0,0.0,1.8715858459472656e-05,1.8715858459472656e-05,0.0,0.0
1650163945,0.0,0.0,0.0,1.8715858459472656e-05,1.8715858459472656e-05,0.0,0.0
1650163946,0.0,0.0,0.0,1.8715858459472656e-05,1.8715858459472656e-05,0.0,0.0
1650163947,0.0,0.0,0.0,1.8715858459472656e-05,1.8715858459472656e-05,0.0,0.0
1650163948,0.0,6.268833333333333e-06,0.0,1.8715858459472656e-05,1.8715858459472656e-05,14.0,14.0
1650163949,0.0,6.268833333333333e-06,0.0,1.8715858459472656e-05,1.8715858459472656e-05,14.0,14.0
1650163950,0.0,0.0,0.0,1.8715858459472656e-05,1.8715858459472656e-05,0.0,0.0
1650163951,0.0,0.0,0.0,1.8715858459472656e-05,1.8715858459472656e-05,0.0,0.0
1650163952,0.0,0.0,0.0,1.8715858459472656e-05,1.8715858459472656e-05,0.0,0.0
1650163953,0.0,0.0,0.0,1.8715858459472656e-05,1.8715858459472656e-05,0.0,0.0
1650163954,0.0,7.716e-06,0.0,1.8715858459472656e-05,1.8715858459472656e-05,0.0,0.0
1650163955,0.0,7.716e-06,0.0,1.8715858459472656e-05,1.8715858459472656e-05,0.0,0.0
1650163956,0.0,0.0,0.0,1.8715858459472656e-05,1.8715858459472656e-05,0.0,0.0
1650163957,0.0,0.0,0.0,1.8715858459472656e-05,1.8715858459472656e-05,0.0,0.0
1650163958,0.0,0.0,0.0,1.8715858459472656e-05,1.8715858459472656e-05,0.0,0.0
1650163959,0.0,0.0,0.0,1.8715858459472656e-05,1.8715858459472656e-05,0.0,0.0
1650163960,0.0,0.0,0.0,1.8715858459472656e-05,1.8715858459472656e-05,0.0,0.0
1650163961,0.0,0.0,0.0,1.8715858459472656e-05,1.8715858459472656e-05,0.0,0.0
1650163962,0.0,0.0,0.0,1.8715858459472656e-05,1.8715858459472656e-05,0.0,0.0
1650163963,0.0,0.0,0.0,1.8715858459472656e-05,1.8715858459472656e-05,0.0,0.0
1650163964,0.0,0.0,0.0,1.8715858459472656e-05,1.8715858459472656e-05,0.0,0.0
1650163965,0.0,0.0,0.0,1.8715858459472656e-05,1.8715858459472656e-05,0.0,0.0
1650163966,0.0,0.0003298882857142,0.0,1.8894672393798828e-05,1.8894672393798828e-05,442.4285714285714,292.0
1650163967,0.0,0.00015817,0.0,1.8894672393798828e-05,1.8894672393798828e-05,269.0,110.0
1650163968,0.0,0.000442004,0.0,1.8894672393798828e-05,1.8894672393798828e-05,848.0,372.0
1650163969,0.0,0.000466523,0.0,1.8894672393798828e-05,1.8894672393798828e-05,807.0,330.0
1650163970,0.0,0.000466523,0.0,1.8894672393798828e-05,1.8894672393798828e-05,807.0,330.0
1650163971,0.0,0.00039971,0.0,1.8894672393798828e-05,1.8894672393798828e-05,539.5,235.0
1650163972,0.0,0.000235188,0.0,1.8894672393798828e-05,1.8894672393798828e-05,269.0,176.0
1650163973,0.0,0.0006648,0.0,1.8894672393798828e-05,1.8894672393798828e-05,807.0,1063.0
1650163974,0.0,0.000380314,0.0,1.8894672393798828e-05,1.8894672393798828e-05,538.0,220.0
1650163975,0.0,0.000380314,0.0,1.8894672393798828e-05,1.8894672393798828e-05,538.0,220.0
1650163976,0.0,0.0001485745,0.0,1.8894672393798828e-05,1.8894672393798828e-05,269.0,110.0
1650163977,0.0,0.0001485745,0.0,1.8894672393798828e-05,1.8894672393798828e-05,269.0,110.0
1650163978,0.0,0.0002714255,0.0,1.8894672393798828e-05,1.8894672393798828e-05,402.5,165.0
1650163979,0.0,0.000373247,0.0,1.8894672393798828e-05,1.8894672393798828e-05,537.0,220.0
1650163980,0.0,0.000319195,0.0,1.8894672393798828e-05,1.8894672393798828e-05,537.0,220.0
1650163981,0.0,0.000263422,0.0,1.8894672393798828e-05,1.8894672393798828e-05,269.0,110.0
1650163982,0.0,0.000263422,0.0,1.8894672393798828e-05,1.8894672393798828e-05,269.0,110.0
1650163983,0.0,0.0002935825,0.0,1.8894672393798828e-05,1.8894672393798828e-05,405.0,180.0
1650163984,0.0,0.0002935825,0.0,1.8894672393798828e-05,1.8894672393798828e-05,405.0,180.0
1650163985,0.0,0.0003016585,0.0,1.8894672393798828e-05,1.8894672393798828e-05,402.0,620.5
1650163986,0.0,0.000466428,0.0,1.8894672393798828e-05,1.8894672393798828e-05,807.0,330.0
1650163987,0.0,0.000466428,0.0,1.8894672393798828e-05,1.8894672393798828e-05,807.0,330.0
1650163988,0.0,0.0001520315,0.0,1.8894672393798828e-05,1.8894672393798828e-05,269.0,110.0
1650163989,0.0,0.000556574,0.0,1.8894672393798828e-05,1.8894672393798828e-05,807.0,330.0
1650163990,0.0,0.000469314,0.0,1.8894672393798828e-05,1.8894672393798828e-05,807.0,330.0
1650163991,0.0,0.000469314,0.0,1.8894672393798828e-05,1.8894672393798828e-05,807.0,330.0
1650163992,0.0,7.65425e-05,0.0,1.8894672393798828e-05,1.8894672393798828e-05,134.5,55.0
1650163993,0.0,0.000644191,0.0,1.8715858459472656e-05,1.8715858459472656e-05,937.0,608.0
1650163994,0.0,0.000644191,0.0,1.8715858459472656e-05,1.8715858459472656e-05,937.0,608.0
1650163995,0.0,0.0003917245,0.0,1.8894672393798828e-05,1.8894672393798828e-05,607.5,389.0
1650163996,0.0,0.0003917245,0.0,1.8894672393798828e-05,1.8894672393798828e-05,607.5,389.0
1650163997,0.0,0.000360201,0.0,1.8894672393798828e-05,1.8894672393798828e-05,536.5,220.0
1650163998,0.0,0.000360201,0.0,1.8894672393798828e-05,1.8894672393798828e-05,536.5,220.0
1650163999,0.0,0.000345803,0.0,1.8894672393798828e-05,1.8894672393798828e-05,537.5,220.0
1650164000,0.0,0.000561957,0.0,1.8894672393798828e-05,1.8894672393798828e-05,1076.0,440.0
1650164001,0.0,0.000561957,0.0,1.8894672393798828e-05,1.8894672393798828e-05,1076.0,440.0
1650164002,0.0,0.000110445,0.0,1.8894672393798828e-05,1.8894672393798828e-05,269.0,110.0
1650164003,0.0,0.000324488,0.0,1.8894672393798828e-05,1.8894672393798828e-05,538.0,220.0
1650164004,0.0,0.000402288,0.01,1.8715858459472656e-05,1.8715858459472656e-05,401.0,929.0
1650164005,0.0,0.000613618,0.0,1.8894672393798828e-05,1.8894672393798828e-05,947.0,602.0
1650164006,0.0,0.000613618,0.0,1.8894672393798828e-05,1.8894672393798828e-05,947.0,602.0
1650164007,0.005,0.000193986,0.0,1.8894672393798828e-05,1.8894672393798828e-05,403.0,198.0
1650164008,0.0,0.000248196,0.0,1.8894672393798828e-05,1.8894672393798828e-05,538.0,220.0
1650164009,0.0,0.000248196,0.0,1.8894672393798828e-05,1.8894672393798828e-05,538.0,220.0
1650164010,0.0,0.0001511785,0.0,1.8894672393798828e-05,1.8894672393798828e-05,268.5,110.0
1650164011,0.0,0.00027611,0.0,1.8894672393798828e-05,1.8894672393798828e-05,538.0,220.0
1650164012,0.0,0.000549916,0.0,1.8894672393798828e-05,1.8894672393798828e-05,1076.0,440.0
1650164013,0.0,0.000549916,0.0,1.8894672393798828e-05,1.8894672393798828e-05,1076.0,440.0
1650164014,0.0,0.0002725925,0.0,1.8894672393798828e-05,1.8894672393798828e-05,402.5,465.5
1650164015,0.01,0.000137273,0.0,1.8894672393798828e-05,1.8894672393798828e-05,269.0,110.0
1650164016,0.0,0.000826885,0.0,1.8894672393798828e-05,1.8894672393798828e-05,1347.0,712.0
1650164017,0.0,0.000826885,0.0,1.8894672393798828e-05,1.8894672393798828e-05,1347.0,712.0
1650164018,0.0,0.0001506335,0.0,1.8894672393798828e-05,1.8894672393798828e-05,269.0,143.0
1650164019,0.0,0.000219845,0.0,1.8894672393798828e-05,1.8894672393798828e-05,580.0,262.0
1650164020,0.0,0.000219845,0.0,1.8894672393798828e-05,1.8894672393798828e-05,580.0,262.0
1650164021,0.0,0.0001271575,0.0,1.8894672393798828e-05,1.8894672393798828e-05,269.0,110.0
1650164022,0.0,0.000615646,0.0,1.8894672393798828e-05,1.8894672393798828e-05,1075.0,440.0
1650164023,0.0,0.000615646,0.0,1.8894672393798828e-05,1.8894672393798828e-05,1075.0,440.0
1650164024,0.0,0.000358239,0.0,1.8894672393798828e-05,1.8894672393798828e-05,672.5,467.5
1650164025,0.0,0.000358239,0.0,1.8894672393798828e-05,1.8894672393798828e-05,672.5,467.5
1650164026,0.0,0.0003102555,0.0,1.8894672393798828e-05,1.8894672393798828e-05,469.0,165.0
1650164027,0.0,0.000368808,0.0,1.8894672393798828e-05,1.8894672393798828e-05,409.0,250.0
1650164028,0.0,0.000539312,0.0,1.8894672393798828e-05,1.8894672393798828e-05,1076.0,638.0
1650164029,0.0,0.000539312,0.0,1.8894672393798828e-05,1.8894672393798828e-05,1076.0,638.0
1650164030,0.0,0.000238396,0.0,1.8894672393798828e-05,1.8894672393798828e-05,403.5,165.0
1650164031,0.0,0.000466483,0.0,1.8894672393798828e-05,1.8894672393798828e-05,806.0,330.0
1650164032,0.0,0.000466483,0.0,1.8894672393798828e-05,1.8894672393798828e-05,806.0,330.0
1650164033,0.0,0.0001579325,0.0,1.8894672393798828e-05,1.8894672393798828e-05,269.0,110.0
1650164034,0.0,0.000508821,0.0,1.8894672393798828e-05,1.8894672393798828e-05,807.0,1152.0
1650164035,0.0,0.000508821,0.0,1.8894672393798828e-05,1.8894672393798828e-05,807.0,1152.0
1650164036,0.0,0.000197248,0.0,1.8894672393798828e-05,1.8894672393798828e-05,269.0,110.0
1650164037,0.0,0.000641391,0.0,1.8894672393798828e-05,1.8894672393798828e-05,1078.0,470.0
1650164038,0.0,0.000641391,0.0,1.8894672393798828e-05,1.8894672393798828e-05,1078.0,470.0
1650164039,0.0,0.0002880155,0.0,1.8894672393798828e-05,1.8894672393798828e-05,538.0,319.0
1650164040,0.0,0.000312579,0.0,1.8894672393798828e-05,1.8894672393798828e-05,536.0,220.0
1650164041,0.0,0.000463583,0.0,1.8894672393798828e-05,1.8894672393798828e-05,806.0,330.0
1650164042,0.0,0.000463583,0.0,1.8894672393798828e-05,1.8894672393798828e-05,806.0,330.0
1650164043,0.0,0.000204104,0.0,1.8894672393798828e-05,1.8894672393798828e-05,403.0,165.0
1650164044,0.0,0.000290496,0.0,1.8894672393798828e-05,1.8894672393798828e-05,269.0,816.0
1650164045,0.0,0.000290496,0.0,1.8894672393798828e-05,1.8894672393798828e-05,269.0,816.0
1650164046,0.0,0.000196417,0.0,1.8894672393798828e-05,1.8894672393798828e-05,403.5,165.0
1650164047,0.0,0.00033851,0.0,1.8894672393798828e-05,1.8894672393798828e-05,538.0,220.0
1650164048,0.0,0.00033851,0.0,1.8894672393798828e-05,1.8894672393798828e-05,538.0,220.0
1650164049,0.0,0.000245526,0.0,1.8894672393798828e-05,1.8894672393798828e-05,405.0,180.0
1650164050,0.0,0.000245526,0.0,1.8894672393798828e-05,1.8894672393798828e-05,405.0,180.0
1650164051,0.0,0.0006881675,0.0,1.8894672393798828e-05,1.8894672393798828e-05,537.0,319.0
1650164052,0.0,0.000390509,0.0,1.8894672393798828e-05,1.8894672393798828e-05,806.0,330.0
1650164053,0.0,0.000473121,0.0,1.8894672393798828e-05,1.8894672393798828e-05,807.0,936.0
1650164054,0.0,0.000473121,0.0,1.8894672393798828e-05,1.8894672393798828e-05,807.0,936.0
1650164055,0.0,0.0002442715,0.005,1.8894672393798828e-05,1.8894672393798828e-05,403.5,165.0
1650164056,0.0,0.000223982,0.0,1.8894672393798828e-05,1.8894672393798828e-05,538.0,220.0
1650164057,0.0,0.000223982,0.0,1.8894672393798828e-05,1.8894672393798828e-05,538.0,220.0
1650164058,0.0,0.000121909,0.0,1.8894672393798828e-05,1.8894672393798828e-05,269.0,110.0
1650164059,0.0,0.000809069,0.0,1.8715858459472656e-05,1.8715858459472656e-05,1206.0,440.0
1650164060,0.0,0.000809069,0.0,1.8715858459472656e-05,1.8715858459472656e-05,1206.0,440.0
1650164061,0.0,0.000166678,0.0,1.8894672393798828e-05,1.8894672393798828e-05,339.0,213.0
1650164062,0.0,0.000166678,0.0,1.8894672393798828e-05,1.8894672393798828e-05,339.0,213.0
1650164063,0.0,0.0001904955,0.0,1.8894672393798828e-05,1.8894672393798828e-05,403.0,231.0
1650164064,0.0,0.000336383,0.0,1.8894672393798828e-05,1.8894672393798828e-05,269.0,496.0
1650164065,0.0,0.000336383,0.0,1.8894672393798828e-05,1.8894672393798828e-05,269.0,496.0
1650164066,0.0,0.000197855,0.0,1.8894672393798828e-05,1.8894672393798828e-05,403.5,165.0
1650164067,0.0,0.000267815,0.0,1.8894672393798828e-05,1.8894672393798828e-05,538.0,220.0
1650164068,0.0,0.000267815,0.0,1.8894672393798828e-05,1.8894672393798828e-05,538.0,220.0
1650164069,0.0,0.0001187905,0.0,1.8894672393798828e-05,1.8894672393798828e-05,289.0,131.0
1650164070,0.0,0.000733668,0.0,1.8894672393798828e-05,1.8894672393798828e-05,1079.0,470.0
1650164071,0.0,0.000733668,0.0,1.8894672393798828e-05,1.8894672393798828e-05,1079.0,470.0
1650164072,0.0,0.0002820895,0.0,1.8894672393798828e-05,1.8894672393798828e-05,402.0,264.0
1650164073,0.0,0.000333763,0.0,1.8894672393798828e-05,1.8894672393798828e-05,538.0,716.0
1650164074,0.0,0.000333763,0.0,1.8894672393798828e-05,1.8894672393798828e-05,538.0,716.0
1650164075,0.0,0.0002094295,0.0,1.8894672393798828e-05,1.8894672393798828e-05,403.0,165.0
1650164076,0.0,0.0002094295,0.0,1.8894672393798828e-05,1.8894672393798828e-05,403.0,165.0
1650164077,0.0,0.0002791195,0.0,1.8894672393798828e-05,1.8894672393798828e-05,403.5,165.0
1650164078,0.0,0.000251183,0.0,1.8894672393798828e-05,1.8894672393798828e-05,538.0,220.0
1650164079,0.0,0.00013864,0.0,1.8894672393798828e-05,1.8894672393798828e-05,269.0,110.0
1650164080,0.0,0.000549963,0.0,1.8715858459472656e-05,1.8715858459472656e-05,1208.0,440.0
1650164081,0.0,0.000549963,0.0,1.8715858459472656e-05,1.8715858459472656e-05,1208.0,440.0
1650164082,0.0,0.0002360865,0.0,1.8894672393798828e-05,1.8894672393798828e-05,339.0,213.0
1650164083,0.0,0.000277061,0.0,1.8894672393798828e-05,1.8894672393798828e-05,269.0,780.0
1650164084,0.0,0.000277061,0.0,1.8894672393798828e-05,1.8894672393798828e-05,269.0,780.0
1650164085,0.0,0.000380634,0.0,1.8894672393798828e-05,1.8894672393798828e-05,672.5,308.0
1650164086,0.0,0.00034443,0.0,1.8894672393798828e-05,1.8894672393798828e-05,806.0,330.0
1650164087,0.0,0.00034443,0.0,1.8894672393798828e-05,1.8894672393798828e-05,806.0,330.0
1650164088,0.0,0.0001113,0.0,1.8894672393798828e-05,1.8894672393798828e-05,269.0,110.0
1650164089,0.0,0.0001113,0.0,1.8894672393798828e-05,1.8894672393798828e-05,269.0,110.0
1650164090,0.0,0.000208156,0.0,1.8894672393798828e-05,1.8894672393798828e-05,403.5,165.0
1650164091,0.0,0.000308838,0.0,1.8894672393798828e-05,1.8894672393798828e-05,538.0,220.0
1650164092,0.0,0.000521025,0.0,1.8894672393798828e-05,1.8894672393798828e-05,809.0,360.0
1650164093,0.0,0.000521025,0.0,1.8894672393798828e-05,1.8894672393798828e-05,809.0,360.0
1650164094,0.0,0.0002556275,0.0,1.8894672393798828e-05,1.8894672393798828e-05,403.0,510.5
1650164095,0.0,0.000191005,0.0,1.8894672393798828e-05,1.8894672393798828e-05,268.0,110.0
1650164096,0.0,0.000577872,0.0,1.8894672393798828e-05,1.8894672393798828e-05,1075.0,440.0
1650164097,0.0,0.000577872,0.0,1.8894672393798828e-05,1.8894672393798828e-05,1075.0,440.0
1650164098,0.0,0.000268164,0.0,1.8894672393798828e-05,1.8894672393798828e-05,537.5,220.0
1650164099,0.0,0.000402063,0.0,1.8894672393798828e-05,1.8894672393798828e-05,807.0,330.0
1650164100,0.0,0.000402063,0.0,1.8894672393798828e-05,1.8894672393798828e-05,807.0,330.0
1650164101,0.0,0.0001127405,0.0,1.8894672393798828e-05,1.8894672393798828e-05,269.0,110.0
1650164102,0.0,0.000586703,0.0,1.8894672393798828e-05,1.8894672393798828e-05,806.0,330.0
1650164103,0.0,0.000479747,0.0,1.8894672393798828e-05,1.8894672393798828e-05,809.0,360.0
1650164104,0.0,0.000479747,0.0,1.8894672393798828e-05,1.8894672393798828e-05,809.0,360.0
1650164105,0.0,0.000306785,0.0,1.8894672393798828e-05,1.8894672393798828e-05,402.5,621.0
1650164106,0.01,0.000463147,0.0,1.8894672393798828e-05,1.8894672393798828e-05,805.0,330.0
1650164107,0.01,0.000463147,0.0,1.8894672393798828e-05,1.8894672393798828e-05,805.0,330.0
1650164108,0.0,0.0002474055,0.0,1.8894672393798828e-05,1.8894672393798828e-05,403.0,165.0
1650164109,0.0,0.000505124,0.0,1.8894672393798828e-05,1.8894672393798828e-05,1075.0,440.0
1650164110,0.0,0.000421825,0.01,1.8894672393798828e-05,1.8894672393798828e-05,806.0,330.0
1650164111,0.0,0.000421825,0.01,1.8894672393798828e-05,1.8894672393798828e-05,806.0,330.0
1650164112,0.0,0.000100758,0.0,1.8894672393798828e-05,1.8894672393798828e-05,134.5,55.0
1650164113,0.0,0.000100758,0.0,1.8894672393798828e-05,1.8894672393798828e-05,134.5,55.0
1650164114,0.0,0.0003244055,0.0,1.8715858459472656e-05,1.8715858459472656e-05,469.5,522.5
1650164115,0.0,0.00088824,0.01,1.8894672393798828e-05,1.8894672393798828e-05,1216.0,778.0
1650164116,0.0,0.00088824,0.01,1.8894672393798828e-05,1.8894672393798828e-05,1216.0,778.0
1650164117,0.0,0.000153521,0.0,1.8894672393798828e-05,1.8894672393798828e-05,269.0,110.0
1650164118,0.0,0.000448277,0.0,1.8894672393798828e-05,1.8894672393798828e-05,535.0,220.0
1650164119,0.0,0.000448277,0.0,1.8894672393798828e-05,1.8894672393798828e-05,535.0,220.0
1650164120,0.0,0.0004787675,0.0,1.8894672393798828e-05,1.8894672393798828e-05,692.5,296.0
1650164121,0.0,0.0004787675,0.0,1.8894672393798828e-05,1.8894672393798828e-05,692.5,296.0
1650164122,0.0,0.0002193295,0.0,1.8894672393798828e-05,1.8894672393798828e-05,403.0,165.0
1650164123,0.0,0.000821013,0.0,1.8894672393798828e-05,1.8894672393798828e-05,807.0,1362.0
1650164124,0.0,0.000821013,0.0,1.8894672393798828e-05,1.8894672393798828e-05,807.0,1362.0
1650164125,0.0,0.0001374995,0.0,1.8715858459472656e-05,1.8715858459472656e-05,200.5,55.0
1650164126,0.0,0.000775825,0.0,1.8894672393798828e-05,1.8894672393798828e-05,1215.0,778.0
1650164127,0.0,0.000775825,0.0,1.8894672393798828e-05,1.8894672393798828e-05,1215.0,778.0
1650164128,0.0,0.000311889,0.0,1.8894672393798828e-05,1.8894672393798828e-05,403.0,165.0
1650164129,0.0,0.000311889,0.0,1.8894672393798828e-05,1.8894672393798828e-05,403.0,165.0
1650164130,0.0,0.0002721385,0.0,1.8894672393798828e-05,1.8894672393798828e-05,403.0,165.0
1650164131,0.0,0.0002721385,0.0,1.8894672393798828e-05,1.8894672393798828e-05,403.0,165.0
1650164132,0.0,0.0002465925,0.0,1.8894672393798828e-05,1.8894672393798828e-05,403.5,165.0
1650164133,0.0,0.001073328,0.0,1.8894672393798828e-05,1.8894672393798828e-05,1612.0,1258.0
1650164134,0.0,0.001073328,0.0,1.8894672393798828e-05,1.8894672393798828e-05,1612.0,1258.0
1650164135,0.0,0.0001574725,0.0,1.8894672393798828e-05,1.8894672393798828e-05,269.0,110.0
1650164136,0.0,0.0001574725,0.0,1.8894672393798828e-05,1.8894672393798828e-05,269.0,110.0
1650164137,0.0,0.0001316955,0.0,1.8715858459472656e-05,1.8715858459472656e-05,200.0,55.0
1650164138,0.0,0.0001316955,0.0,1.8715858459472656e-05,1.8715858459472656e-05,200.0,55.0
1650164139,0.0,0.0001470465,0.0,1.8894672393798828e-05,1.8894672393798828e-05,204.0,125.0
1650164140,0.0,0.0001470465,0.0,1.8894672393798828e-05,1.8894672393798828e-05,204.0,125.0
1650164141,0.0,8.5979e-05,0.0,1.8894672393798828e-05,1.8894672393798828e-05,134.5,88.0
1650164142,0.0,0.000283361,0.0,1.8894672393798828e-05,1.8894672393798828e-05,269.0,176.0
1650164143,0.0,0.0,0.0,1.8894672393798828e-05,1.8894672393798828e-05,0.0,0.0
1650164144,0.0,0.0,0.0,1.8894672393798828e-05,1.8894672393798828e-05,0.0,0.0
1650164145,0.0,0.0002269625,0.0,1.8894672393798828e-05,1.8894672393798828e-05,269.0,281.5
1650164146,0.0,0.0002269625,0.0,1.8894672393798828e-05,1.8894672393798828e-05,269.0,281.5
1650164147,0.0,0.0,0.0,1.8894672393798828e-05,1.8894672393798828e-05,0.0,0.0
1650164148,0.0,0.0,0.0,1.8894672393798828e-05,1.8894672393798828e-05,0.0,0.0
1650164149,0.0,0.0,0.0,1.8894672393798828e-05,1.8894672393798828e-05,0.0,0.0
1650164150,0.0,0.0,0.0,1.8894672393798828e-05,1.8894672393798828e-05,0.0,0.0
1650164151,0.0,0.0001355405,0.0,1.8894672393798828e-05,1.8894672393798828e-05,202.5,90.0
1650164152,0.0,0.0001355405,0.0,1.8894672393798828e-05,1.8894672393798828e-05,202.5,90.0
1650164153,0.0,9.2134e-05,0.0,1.8894672393798828e-05,1.8894672393798828e-05,134.5,88.0
1650164154,0.0,9.2134e-05,0.0,1.8894672393798828e-05,1.8894672393798828e-05,134.5,88.0
1650164155,0.0,8.41065e-05,0.0,1.8894672393798828e-05,1.8894672393798828e-05,134.0,88.0
1650164156,0.0,0.000219202,0.0,1.8894672393798828e-05,1.8894672393798828e-05,269.0,176.0
1650164157,0.0,0.0,0.0,1.8894672393798828e-05,1.8894672393798828e-05,0.0,0.0
1650164158,0.0,0.0,0.0,1.8894672393798828e-05,1.8894672393798828e-05,0.0,0.0
1650164159,0.0,0.0,0.0,1.8894672393798828e-05,1.8894672393798828e-05,0.0,0.0
1650164160,0.0,0.0001366606666666,0.0,1.8715858459472656e-05,1.8715858459472656e-05,223.33333333333331,73.33333333333333
1650164161,0.0,0.0001366606666666,0.0,1.8715858459472656e-05,1.8715858459472656e-05,223.33333333333331,73.33333333333333
1650164162,0.0,0.0,0.0,1.8715858459472656e-05,1.8715858459472656e-05,0.0,0.0
1650164163,0.0,0.0,0.0,1.8715858459472656e-05,1.8715858459472656e-05,0.0,0.0
1650164164,0.0,0.0003269145,0.0,1.8894672393798828e-05,1.8894672393798828e-05,339.0,352.0
1650164165,0.0,0.0003269145,0.0,1.8894672393798828e-05,1.8894672393798828e-05,339.0,352.0
1650164166,0.0,0.0,0.0,1.8894672393798828e-05,1.8894672393798828e-05,0.0,0.0
1650164167,0.0,0.0,0.0,1.8894672393798828e-05,1.8894672393798828e-05,0.0,0.0
1650164168,0.0,0.0001541635,0.0,1.8894672393798828e-05,1.8894672393798828e-05,268.0,176.0
1650164169,0.0,0.0001541635,0.0,1.8894672393798828e-05,1.8894672393798828e-05,268.0,176.0
1650164170,0.0,9.1509e-05,0.0,1.8894672393798828e-05,1.8894672393798828e-05,155.5,76.0
1650164171,0.0,9.1509e-05,0.0,1.8894672393798828e-05,1.8894672393798828e-05,155.5,76.0
1650164172,0.0,0.0,0.0,1.8894672393798828e-05,1.8894672393798828e-05,0.0,0.0
1650164173,0.0,0.0,0.0,1.8894672393798828e-05,1.8894672393798828e-05,0.0,0.0
1650164174,0.0,0.0,0.0,1.8894672393798828e-05,1.8894672393798828e-05,0.0,0.0
1650164175,0.0,0.0002179353333333,0.0,1.8894672393798828e-05,1.8894672393798828e-05,269.6666666666667,120.0
1650164176,0.0,0.000219651,0.0,1.8894672393798828e-05,1.8894672393798828e-05,269.0,176.0
1650164177,0.0,0.0,0.0,1.8894672393798828e-05,1.8894672393798828e-05,0.0,0.0
1650164178,0.0,0.0,0.0,1.8894672393798828e-05,1.8894672393798828e-05,0.0,0.0
1650164179,0.0,0.0,0.0,1.8894672393798828e-05,1.8894672393798828e-05,0.0,0.0
1650164180,0.0,4.910966666666666e-05,0.0,1.8894672393798828e-05,1.8894672393798828e-05,89.66666666666667,58.66666666666666
1650164181,0.0,0.000154019,0.0,1.8894672393798828e-05,1.8894672393798828e-05,269.0,176.0
1650164182,0.0,0.000154019,0.0,1.8894672393798828e-05,1.8894672393798828e-05,269.0,176.0
1650164183,0.0,0.0001213295,0.0,1.8894672393798828e-05,1.8894672393798828e-05,134.5,55.0
1650164184,0.0,0.000107263,0.0,1.8894672393798828e-05,1.8894672393798828e-05,0.0,381.0
1650164185,0.0,0.000280058,0.0,1.8715858459472656e-05,1.8715858459472656e-05,401.0,110.0
1650164186,0.0,0.000280058,0.0,1.8715858459472656e-05,1.8715858459472656e-05,401.0,110.0
1650164187,0.0,0.0001687785,0.0,1.8894672393798828e-05,1.8894672393798828e-05,204.5,125.0
1650164188,0.0,0.0,0.0,1.8894672393798828e-05,1.8894672393798828e-05,0.0,0.0
1650164189,0.0,0.0,0.0,1.8894672393798828e-05,1.8894672393798828e-05,0.0,0.0
1650164190,0.0,0.0,0.0,1.8894672393798828e-05,1.8894672393798828e-05,0.0,0.0
1650164191,0.0,0.0,0.0,1.8894672393798828e-05,1.8894672393798828e-05,0.0,0.0
1650164192,0.0,9.02925e-05,0.0,1.8894672393798828e-05,1.8894672393798828e-05,134.25,88.0
1650164193,0.0,0.000145742,0.0,1.8894672393798828e-05,1.8894672393798828e-05,269.0,176.0
1650164194,0.0,0.000174337,0.0,1.8894672393798828e-05,1.8894672393798828e-05,269.0,110.0
1650164195,0.0,0.000174337,0.0,1.8894672393798828e-05,1.8894672393798828e-05,269.0,110.0
1650164196,0.0,0.0,0.0,1.8894672393798828e-05,1.8894672393798828e-05,0.0,0.0
1650164197,0.0,0.0,0.0,1.8894672393798828e-05,1.8894672393798828e-05,0.0,0.0
1650164198,0.0,0.0,0.0,1.8894672393798828e-05,1.8894672393798828e-05,0.0,0.0
1650164199,0.0,0.0001732106666666,0.0,1.8894672393798828e-05,1.8894672393798828e-05,270.0,120.0
1650164200,0.0,0.0001732106666666,0.0,1.8894672393798828e-05,1.8894672393798828e-05,270.0,120.0
1650164201,0.0,0.0001182155,0.0,1.8894672393798828e-05,1.8894672393798828e-05,134.5,88.0
1650164202,0.0,0.0,0.0,1.8894672393798828e-05,1.8894672393798828e-05,0.0,0.0
1650164203,0.0,0.0,0.0,1.8894672393798828e-05,1.8894672393798828e-05,0.0,0.0
1650164204,0.0,0.0,0.0,1.8894672393798828e-05,1.8894672393798828e-05,0.0,0.0
1650164205,0.0,0.000235097,0.0033333333333333,1.8894672393798828e-05,1.8894672393798828e-05,179.0,245.66666666666663
1650164206,0.0,0.000235097,0.0033333333333333,1.8894672393798828e-05,1.8894672393798828e-05,179.0,245.66666666666663
1650164207,0.0,7.71135e-05,0.0,1.8894672393798828e-05,1.8894672393798828e-05,133.5,55.0
1650164208,0.0,7.71135e-05,0.0,1.8894672393798828e-05,1.8894672393798828e-05,133.5,55.0
1650164209,0.0,0.0001245915,0.0,1.8715858459472656e-05,1.8715858459472656e-05,200.5,55.0
1650164210,0.0,0.0,0.0,1.8715858459472656e-05,1.8715858459472656e-05,0.0,0.0
1650164211,0.0,0.0,0.0,1.8715858459472656e-05,1.8715858459472656e-05,0.0,0.0
1650164212,0.0,0.0,0.0,1.8715858459472656e-05,1.8715858459472656e-05,0.0,0.0
1650164213,0.0,0.0,0.0,1.8715858459472656e-05,1.8715858459472656e-05,0.0,0.0
1650164214,0.0,0.000138086,0.0,1.8894672393798828e-05,1.8894672393798828e-05,169.5,176.25
1650164215,0.0,0.000138086,0.0,1.8894672393798828e-05,1.8894672393798828e-05,169.5,176.25
1650164216,0.0,7.1598e-05,0.0,1.8894672393798828e-05,1.8894672393798828e-05,134.0,88.0
1650164217,0.0,0.000139809,0.0,1.8894672393798828e-05,1.8894672393798828e-05,269.0,176.0
1650164218,0.0,0.0,0.0,1.8894672393798828e-05,1.8894672393798828e-05,42.0,42.0
1650164219,0.0,0.0,0.0,1.8894672393798828e-05,1.8894672393798828e-05,42.0,42.0
1650164220,0.0,7.76325e-05,0.0,1.8894672393798828e-05,1.8894672393798828e-05,134.5,55.0
1650164221,0.0,7.76325e-05,0.0,1.8894672393798828e-05,1.8894672393798828e-05,134.5,55.0
1650164222,0.0,0.0001498015,0.0,1.8715858459472656e-05,1.8715858459472656e-05,200.5,55.0
1650164223,0.0,0.0001498015,0.0,1.8715858459472656e-05,1.8715858459472656e-05,200.5,55.0
1650164224,0.0,0.000179414,0.0,1.8894672393798828e-05,1.8894672393798828e-05,204.5,125.0
1650164225,0.0,0.000159977,0.0,1.8894672393798828e-05,1.8894672393798828e-05,269.0,176.0
1650164226,0.0,0.000159977,0.0,1.8894672393798828e-05,1.8894672393798828e-05,269.0,176.0
1650164227,0.0,7.1304e-05,0.0,1.8894672393798828e-05,1.8894672393798828e-05,134.5,88.0
1650164228,0.0,0.0,0.0,1.8894672393798828e-05,1.8894672393798828e-05,0.0,0.0
1650164229,0.0,0.0,0.0,1.8894672393798828e-05,1.8894672393798828e-05,0.0,0.0
1650164230,0.0,0.0,0.0,1.8894672393798828e-05,1.8894672393798828e-05,0.0,0.0
1650164231,0.0,0.0001220726666666,0.0,1.8894672393798828e-05,1.8894672393798828e-05,179.33333333333334,95.33333333333331
1650164232,0.0,0.0001220726666666,0.0,1.8894672393798828e-05,1.8894672393798828e-05,179.33333333333334,95.33333333333331
1650164233,0.0,0.0,0.0,1.8894672393798828e-05,1.8894672393798828e-05,0.0,0.0
1650164234,0.0,0.0,0.0,1.8894672393798828e-05,1.8894672393798828e-05,0.0,0.0
1650164235,0.0,0.000318903,0.0,1.8894672393798828e-05,1.8894672393798828e-05,405.0,319.5
1650164236,0.0,0.000318903,0.0,1.8894672393798828e-05,1.8894672393798828e-05,405.0,319.5
1650164237,0.0,0.0,0.0,1.8894672393798828e-05,1.8894672393798828e-05,0.0,0.0
1650164238,0.0,0.0,0.0,1.8894672393798828e-05,1.8894672393798828e-05,0.0,0.0
1650164239,0.0,0.0,0.0,1.8894672393798828e-05,1.8894672393798828e-05,0.0,0.0
1650164240,0.0,0.0,0.0,1.8894672393798828e-05,1.8894672393798828e-05,0.0,0.0
1650164241,0.0,0.00010128775,0.0,1.8894672393798828e-05,1.8894672393798828e-05,134.25,88.0
1650164242,0.0,0.000142233,0.0,1.8894672393798828e-05,1.8894672393798828e-05,269.0,176.0
1650164243,0.0,0.000142233,0.0,1.8894672393798828e-05,1.8894672393798828e-05,269.0,176.0
1650164244,0.0,0.000136604,0.0,1.8894672393798828e-05,1.8894672393798828e-05,134.5,193.0
1650164245,0.0,0.0,0.0,1.8894672393798828e-05,1.8894672393798828e-05,0.0,0.0
1650164246,0.0,0.0,0.0,1.8894672393798828e-05,1.8894672393798828e-05,0.0,0.0
1650164247,0.0,0.0,0.0,1.8894672393798828e-05,1.8894672393798828e-05,0.0,0.0
1650164248,0.0,0.0,0.0,1.8894672393798828e-05,1.8894672393798828e-05,0.0,0.0
1650164249,0.0,0.00013902425,0.0,1.8894672393798828e-05,1.8894672393798828e-05,212.75,100.5
1650164250,0.0,0.00013902425,0.0,1.8894672393798828e-05,1.8894672393798828e-05,212.75,100.5
1650164251,0.0,0.000123973,0.0,1.8894672393798828e-05,1.8894672393798828e-05,134.0,88.0
1650164252,0.0,0.00026263,0.0,1.8894672393798828e-05,1.8894672393798828e-05,269.0,176.0
1650164253,0.0,0.000106578,0.0,1.8894672393798828e-05,1.8894672393798828e-05,0.0,386.0
1650164254,0.0,0.000173988,0.0,1.8894672393798828e-05,1.8894672393798828e-05,269.0,176.0
1650164255,0.0,0.000173988,0.0,1.8894672393798828e-05,1.8894672393798828e-05,269.0,176.0
1650164256,0.0,0.0001068185,0.0,1.8894672393798828e-05,1.8894672393798828e-05,134.5,55.0
1650164257,0.0,0.0,0.0,1.8894672393798828e-05,1.8894672393798828e-05,0.0,0.0
1650164258,0.0,0.0,0.0,1.8894672393798828e-05,1.8894672393798828e-05,0.0,0.0
1650164259,0.0,0.0001187765,0.0,1.8715858459472656e-05,1.8715858459472656e-05,200.5,55.0
1650164260,0.0,0.0001187765,0.0,1.8715858459472656e-05,1.8715858459472656e-05,200.5,55.0
1650164261,0.0,0.000156419,0.0,1.8894672393798828e-05,1.8894672393798828e-05,204.5,125.0
1650164262,0.0,0.0,0.0,1.8894672393798828e-05,1.8894672393798828e-05,0.0,0.0
1650164263,0.0,0.0,0.0,1.8894672393798828e-05,1.8894672393798828e-05,0.0,0.0
1650164264,0.0,0.0,0.0,1.8894672393798828e-05,1.8894672393798828e-05,0.0,0.0
1650164265,0.0,0.0001352643333333,0.0,1.8894672393798828e-05,1.8894672393798828e-05,179.0,117.33333333333331
1650164266,0.0,0.000139644,0.0,1.8894672393798828e-05,1.8894672393798828e-05,269.0,176.0
1650164267,0.0,0.000139644,0.0,1.8894672393798828e-05,1.8894672393798828e-05,269.0,176.0
1650164268,0.0,0.000176763,0.0,1.8894672393798828e-05,1.8894672393798828e-05,269.0,110.0
1650164269,0.0,0.000155763,0.0,1.8894672393798828e-05,1.8894672393798828e-05,269.0,110.0
1650164270,0.0,0.000155763,0.0,1.8894672393798828e-05,1.8894672393798828e-05,269.0,110.0
1650164271,0.0,0.000236281,0.0,1.8715858459472656e-05,1.8715858459472656e-05,334.5,110.0
1650164272,0.0,0.000236281,0.0,1.8715858459472656e-05,1.8715858459472656e-05,334.5,110.0
1650164273,0.0,0.000593146,0.0,1.8894672393798828e-05,1.8894672393798828e-05,877.0,499.0
1650164274,0.0,0.000469372,0.0,1.8894672393798828e-05,1.8894672393798828e-05,537.0,822.0
1650164275,0.0,0.000469372,0.0,1.8894672393798828e-05,1.8894672393798828e-05,537.0,822.0
1650164276,0.0,0.0002916585,0.0,1.8894672393798828e-05,1.8894672393798828e-05,403.0,165.0
1650164277,0.0,0.000375503,0.0,1.8894672393798828e-05,1.8894672393798828e-05,537.0,220.0
1650164278,0.0,0.000591386,0.0,1.8894672393798828e-05,1.8894672393798828e-05,1118.0,482.0
1650164279,0.0,0.000591386,0.0,1.8894672393798828e-05,1.8894672393798828e-05,1118.0,482.0
1650164280,0.0,0.0001534935,0.0,1.8894672393798828e-05,1.8894672393798828e-05,269.0,110.0
1650164281,0.0,0.000341921,0.0,1.8894672393798828e-05,1.8894672393798828e-05,538.0,220.0
1650164282,0.0,0.000341921,0.0,1.8894672393798828e-05,1.8894672393798828e-05,538.0,220.0
1650164283,0.0,0.0003296745,0.0,1.8894672393798828e-05,1.8894672393798828e-05,404.5,180.0
1650164284,0.0,0.000718942,0.0,1.8894672393798828e-05,1.8894672393798828e-05,1076.0,1133.0
1650164285,0.0,0.000718942,0.0,1.8894672393798828e-05,1.8894672393798828e-05,1076.0,1133.0
1650164286,0.0,0.000313669,0.0,1.8894672393798828e-05,1.8894672393798828e-05,537.5,220.0
1650164287,0.0,0.000313669,0.0,1.8894672393798828e-05,1.8894672393798828e-05,537.5,220.0
1650164288,0.0,0.0003088475,0.0,1.8894672393798828e-05,1.8894672393798828e-05,403.5,165.0
1650164289,0.0,0.000293417,0.0,1.8894672393798828e-05,1.8894672393798828e-05,537.0,220.0
1650164290,0.0,0.00060385,0.0,1.8894672393798828e-05,1.8894672393798828e-05,807.0,330.0
1650164291,0.0,0.00060385,0.0,1.8894672393798828e-05,1.8894672393798828e-05,807.0,330.0
1650164292,0.0,0.0002362985,0.0,1.8894672393798828e-05,1.8894672393798828e-05,268.0,110.0
1650164293,0.0,0.0002362985,0.0,1.8894672393798828e-05,1.8894672393798828e-05,268.0,110.0
1650164294,0.0,0.0004909505,0.0,1.8894672393798828e-05,1.8894672393798828e-05,673.5,712.0
1650164295,0.0,0.000285613,0.0,1.8894672393798828e-05,1.8894672393798828e-05,538.0,286.0
1650164296,0.0,0.000285613,0.0,1.8894672393798828e-05,1.8894672393798828e-05,538.0,286.0
1650164297,0.0,0.000151288,0.0,1.8894672393798828e-05,1.8894672393798828e-05,268.5,110.0
1650164298,0.0,0.000301746,0.0,1.8894672393798828e-05,1.8894672393798828e-05,538.0,220.0
1650164299,0.0,0.00017535,0.0,1.8894672393798828e-05,1.8894672393798828e-05,269.0,110.0
1650164300,0.0,0.00017535,0.0,1.8894672393798828e-05,1.8894672393798828e-05,269.0,110.0
1650164301,0.0,7.70855e-05,0.0,1.8894672393798828e-05,1.8894672393798828e-05,134.5,55.0
1650164302,0.0,0.000289396,0.0,1.8894672393798828e-05,1.8894672393798828e-05,538.0,220.0
1650164303,0.0,0.000289396,0.0,1.8894672393798828e-05,1.8894672393798828e-05,538.0,220.0
1650164304,0.0,0.000158617,0.0,1.8775463104248047e-05,1.8775463104248047e-05,200.5,55.0
1650164305,0.0,0.000158617,0.0,1.8775463104248047e-05,1.8775463104248047e-05,200.5,55.0
1650164306,0.0,0.0002579135,0.0,1.8894672393798828e-05,1.8894672393798828e-05,338.5,213.0
1650164307,0.0,0.000310784,0.0,1.8894672393798828e-05,1.8894672393798828e-05,538.0,352.0
1650164308,0.0,0.000310784,0.0,1.8894672393798828e-05,1.8894672393798828e-05,538.0,352.0
1650164309,0.0,0.0001715475,0.0,1.8894672393798828e-05,1.8894672393798828e-05,269.0,110.0
1650164310,0.0,0.000226485,0.0,1.8894672393798828e-05,1.8894672393798828e-05,268.0,110.0
1650164311,0.0,0.000226485,0.0,1.8894672393798828e-05,1.8894672393798828e-05,268.0,110.0
1650164312,0.0,0.0001605485,0.0,1.8894672393798828e-05,1.8894672393798828e-05,269.0,110.0
1650164313,0.0,0.0001605485,0.0,1.8894672393798828e-05,1.8894672393798828e-05,269.0,110.0
1650164314,0.0,0.000145243,0.0,1.8894672393798828e-05,1.8894672393798828e-05,134.5,249.0
1650164315,0.0,0.000145243,0.0,1.8894672393798828e-05,1.8894672393798828e-05,134.5,249.0
1650164316,0.0,0.0002482195,0.0,1.8715858459472656e-05,1.8715858459472656e-05,335.0,110.0
1650164317,0.0,0.000400708,0.0,1.8894672393798828e-05,1.8894672393798828e-05,409.0,250.0
1650164318,0.0,0.000231684,0.0,1.8894672393798828e-05,1.8894672393798828e-05,268.0,176.0
1650164319,0.0,0.000231684,0.0,1.8894672393798828e-05,1.8894672393798828e-05,268.0,176.0
1650164320,0.0,0.000145589,0.0,1.8894672393798828e-05,1.8894672393798828e-05,290.0,197.0
1650164321,0.0,0.000478107,0.0,1.8894672393798828e-05,1.8894672393798828e-05,807.0,330.0
1650164322,0.0,0.000174075,0.0,1.8894672393798828e-05,1.8894672393798828e-05,269.0,110.0
1650164323,0.0,0.000174075,0.0,1.8894672393798828e-05,1.8894672393798828e-05,269.0,110.0
1650164324,0.0,0.0001310775,0.0,1.8894672393798828e-05,1.8894672393798828e-05,134.0,302.0
1650164325,0.0,0.0001310775,0.0,1.8894672393798828e-05,1.8894672393798828e-05,134.0,302.0
1650164326,0.0,7.4396e-05,0.0,1.8894672393798828e-05,1.8894672393798828e-05,155.5,55.0
1650164327,0.0,0.000665713,0.0,1.8894672393798828e-05,1.8894672393798828e-05,1079.0,536.0
1650164328,0.0,0.000143319,0.0,1.8894672393798828e-05,1.8894672393798828e-05,269.0,176.0
1650164329,0.0,0.000143319,0.0,1.8894672393798828e-05,1.8894672393798828e-05,269.0,176.0
1650164330,0.0,7.1755e-05,0.0,1.8894672393798828e-05,1.8894672393798828e-05,134.5,88.0
1650164331,0.0,0.000653373,0.0,1.8894672393798828e-05,1.8894672393798828e-05,807.0,330.0
1650164332,0.0,0.000162699,0.0,1.8894672393798828e-05,1.8894672393798828e-05,269.0,110.0
1650164333,0.0,0.000162699,0.0,1.8894672393798828e-05,1.8894672393798828e-05,269.0,110.0
1650164334,0.0,0.000191121,0.0,1.8894672393798828e-05,1.8894672393798828e-05,134.5,304.0
1650164335,0.0,0.000195461,0.0,1.8894672393798828e-05,1.8894672393798828e-05,268.0,110.0
1650164336,0.0,0.000195461,0.0,1.8894672393798828e-05,1.8894672393798828e-05,268.0,110.0
1650164337,0.0,0.000309514,0.0,1.8894672393798828e-05,1.8894672393798828e-05,403.5,165.0
1650164338,0.0,0.000699875,0.0,1.8894672393798828e-05,1.8894672393798828e-05,1078.0,536.0
1650164339,0.0,0.000699875,0.0,1.8894672393798828e-05,1.8894672393798828e-05,1078.0,536.0
1650164340,0.0,0.0002222145,0.0,1.8894672393798828e-05,1.8894672393798828e-05,403.5,231.0
1650164341,0.0,0.000549528,0.0,1.8894672393798828e-05,1.8894672393798828e-05,806.0,330.0
1650164342,0.0,0.0,0.0,1.8894672393798828e-05,1.8894672393798828e-05,0.0,0.0
1650164343,0.0,0.0,0.0,1.8894672393798828e-05,1.8894672393798828e-05,0.0,0.0
1650164344,0.0,0.0,0.0,1.8894672393798828e-05,1.8894672393798828e-05,0.0,0.0
1650164345,0.0,0.000222235,0.0,1.8894672393798828e-05,1.8894672393798828e-05,269.0,275.6666666666667
1650164346,0.0,0.000222235,0.0,1.8894672393798828e-05,1.8894672393798828e-05,269.0,275.6666666666667
1650164347,0.0,9.07045e-05,0.0,1.8894672393798828e-05,1.8894672393798828e-05,134.5,55.0
1650164348,0.0,0.00061165,0.0,1.8894672393798828e-05,1.8894672393798828e-05,809.0,360.0
1650164349,0.0,0.00061165,0.0,1.8894672393798828e-05,1.8894672393798828e-05,809.0,360.0
1650164350,0.0,0.0001412915,0.0,1.8894672393798828e-05,1.8894672393798828e-05,290.0,197.0
1650164351,0.0,0.000143743,0.0,1.8894672393798828e-05,1.8894672393798828e-05,269.0,176.0
1650164352,0.0,0.000143743,0.0,1.8894672393798828e-05,1.8894672393798828e-05,269.0,176.0
1650164353,0.0,0.000167732,0.0,1.8894672393798828e-05,1.8894672393798828e-05,268.5,110.0
1650164354,0.0,0.000245921,0.0,1.8894672393798828e-05,1.8894672393798828e-05,269.0,386.0
1650164355,0.0,0.000245921,0.0,1.8894672393798828e-05,1.8894672393798828e-05,269.0,386.0
1650164356,0.0,0.0001638235,0.0,1.8894672393798828e-05,1.8894672393798828e-05,269.0,110.0
1650164357,0.0,0.000226644,0.0,1.8894672393798828e-05,1.8894672393798828e-05,269.0,110.0
1650164358,0.0,0.000226644,0.0,1.8894672393798828e-05,1.8894672393798828e-05,269.0,110.0
1650164359,0.0,0.000403966,0.0,1.8894672393798828e-05,1.8894672393798828e-05,539.0,235.0
1650164360,0.0,0.000138658,0.0,1.8894672393798828e-05,1.8894672393798828e-05,269.0,176.0
1650164361,0.0,0.000138658,0.0,1.8894672393798828e-05,1.8894672393798828e-05,269.0,176.0
1650164362,0.0,0.000150921,0.0,1.8894672393798828e-05,1.8894672393798828e-05,268.5,176.0
1650164363,0.0,0.000224103,0.0,1.8894672393798828e-05,1.8894672393798828e-05,269.0,110.0
1650164364,0.0,0.000421929,0.0,1.8894672393798828e-05,1.8894672393798828e-05,538.0,714.0
1650164365,0.0,0.000421929,0.0,1.8894672393798828e-05,1.8894672393798828e-05,538.0,714.0
1650164366,0.0,0.000271728,0.0,1.8894672393798828e-05,1.8894672393798828e-05,403.5,165.0
1650164367,0.0,0.000271728,0.0,1.8894672393798828e-05,1.8894672393798828e-05,403.5,165.0
1650164368,0.0,7.41585e-05,0.0,1.8894672393798828e-05,1.8894672393798828e-05,134.5,55.0
1650164369,0.0,0.000291759,0.0,1.8894672393798828e-05,1.8894672393798828e-05,538.0,220.0
1650164370,0.0,0.00032979,0.0,1.8715858459472656e-05,1.8715858459472656e-05,400.0,110.0
1650164371,0.0,0.000280269,0.0,1.8894672393798828e-05,1.8894672393798828e-05,409.0,250.0
1650164372,0.0,0.000228485,0.0,1.8894672393798828e-05,1.8894672393798828e-05,268.0,176.0
1650164373,0.0,0.000228485,0.0,1.8894672393798828e-05,1.8894672393798828e-05,268.0,176.0
1650164374,0.0,0.0001809425,0.0,1.8894672393798828e-05,1.8894672393798828e-05,134.5,335.5
1650164375,0.0,0.0001809425,0.0,1.8894672393798828e-05,1.8894672393798828e-05,134.5,335.5
1650164376,0.0,7.05625e-05,0.0,1.8894672393798828e-05,1.8894672393798828e-05,134.5,88.0
1650164377,0.0,0.000145924,0.0,1.8894672393798828e-05,1.8894672393798828e-05,269.0,110.0
1650164378,0.0,0.000145924,0.0,1.8894672393798828e-05,1.8894672393798828e-05,269.0,110.0
1650164379,0.0,0.0002280735,0.0,1.8894672393798828e-05,1.8894672393798828e-05,424.5,186.0
1650164380,0.0,0.000375385,0.0,1.8894672393798828e-05,1.8894672393798828e-05,537.0,220.0
1650164381,0.0,0.000375385,0.0,1.8894672393798828e-05,1.8894672393798828e-05,537.0,220.0
1650164382,0.0,0.0001280715,0.0,1.8894672393798828e-05,1.8894672393798828e-05,134.0,55.0
1650164383,0.0,0.000376273,0.0,1.8715858459472656e-05,1.8715858459472656e-05,401.0,603.0
1650164384,0.0,0.0,0.0,1.8715858459472656e-05,1.8715858459472656e-05,0.0,0.0
1650164385,0.0,0.0,0.0,1.8715858459472656e-05,1.8715858459472656e-05,0.0,0.0
1650164386,0.0,0.0,0.0,1.8715858459472656e-05,1.8715858459472656e-05,0.0,0.0
1650164387,0.0,0.0002267513333333,0.0,1.8894672393798828e-05,1.8894672393798828e-05,315.6666666666667,200.66666666666663
1650164388,0.0,0.000387391,0.0,1.8894672393798828e-05,1.8894672393798828e-05,537.0,286.0
1650164389,0.0,0.000328202,0.0,1.8894672393798828e-05,1.8894672393798828e-05,538.0,220.0
1650164390,0.0,0.000328202,0.0,1.8894672393798828e-05,1.8894672393798828e-05,538.0,220.0
1650164391,0.005,0.0001872015,0.0,1.8894672393798828e-05,1.8894672393798828e-05,269.0,110.0
1650164392,0.005,0.0001872015,0.0,1.8894672393798828e-05,1.8894672393798828e-05,269.0,110.0
1650164393,0.0,0.0001170255,0.0,1.8894672393798828e-05,1.8894672393798828e-05,134.0,55.0
1650164394,0.0,0.000331827,0.0,1.8894672393798828e-05,1.8894672393798828e-05,310.0,716.0
1650164395,0.0,0.00015942,0.0,1.8894672393798828e-05,1.8894672393798828e-05,269.0,110.0
1650164396,0.0,0.0,0.0,1.8894672393798828e-05,1.8894672393798828e-05,0.0,0.0
1650164397,0.0,0.0,0.0,1.8894672393798828e-05,1.8894672393798828e-05,0.0,0.0
1650164398,0.0,0.0,0.0,1.8894672393798828e-05,1.8894672393798828e-05,0.0,0.0
1650164399,0.0,0.0,0.0,1.8894672393798828e-05,1.8894672393798828e-05,0.0,0.0
1650164400,0.0,0.00016912325,0.0,1.8894672393798828e-05,1.8894672393798828e-05,269.75,134.0
1650164401,0.0,0.000308646,0.0,1.8894672393798828e-05,1.8894672393798828e-05,538.0,352.0
1650164402,0.0,0.000308646,0.0,1.8894672393798828e-05,1.8894672393798828e-05,538.0,352.0
1650164403,0.0,0.0001490375,0.0,1.8894672393798828e-05,1.8894672393798828e-05,269.0,110.0
1650164404,0.0,0.001055647,0.0,1.8894672393798828e-05,1.8894672393798828e-05,1613.0,660.0
1650164405,0.0,0.001055647,0.0,1.8894672393798828e-05,1.8894672393798828e-05,1613.0,660.0
1650164406,0.0,0.0,0.0,1.8894672393798828e-05,1.8894672393798828e-05,0.0,0.0
1650164407,0.0,0.0,0.0,1.8894672393798828e-05,1.8894672393798828e-05,0.0,0.0
1650164408,0.0,7.6882e-05,0.0,1.8894672393798828e-05,1.8894672393798828e-05,134.0,55.0
1650164409,0.0,0.000262969,0.0,1.8715858459472656e-05,1.8715858459472656e-05,401.0,110.0
1650164410,0.0,0.000262969,0.0,1.8715858459472656e-05,1.8715858459472656e-05,401.0,110.0
1650164411,0.0,0.0,0.0,1.8715858459472656e-05,1.8715858459472656e-05,0.0,0.0
1650164412,0.0,0.0,0.0,1.8715858459472656e-05,1.8715858459472656e-05,0.0,0.0
1650164413,0.0,0.0,0.0,1.8715858459472656e-05,1.8715858459472656e-05,0.0,0.0
1650164414,0.0,0.000371213,0.0,1.8894672393798828e-05,1.8894672393798828e-05,495.0,425.0
1650164415,0.0,0.000371213,0.0,1.8894672393798828e-05,1.8894672393798828e-05,495.0,425.0
1650164416,0.0,0.0001556545,0.0,1.8894672393798828e-05,1.8894672393798828e-05,269.0,110.0
1650164417,0.0,0.0001556545,0.0,1.8894672393798828e-05,1.8894672393798828e-05,269.0,110.0
1650164418,0.0,0.000148737,0.0,1.8894672393798828e-05,1.8894672393798828e-05,268.0,110.0
1650164419,0.0,0.000319847,0.0,1.8894672393798828e-05,1.8894672393798828e-05,580.0,262.0
1650164420,0.0,0.000319847,0.0,1.8894672393798828e-05,1.8894672393798828e-05,580.0,262.0
1650164421,0.0,0.000153076,0.0,1.8894672393798828e-05,1.8894672393798828e-05,268.5,110.0
1650164422,0.0,0.000643185,0.0,1.8894672393798828e-05,1.8894672393798828e-05,810.0,360.0
1650164423,0.0,0.000643185,0.0,1.8894672393798828e-05,1.8894672393798828e-05,810.0,360.0
1650164424,0.0,7.5494e-05,0.0,1.8894672393798828e-05,1.8894672393798828e-05,0.0,139.5
1650164425,0.0,0.000305931,0.0,1.8894672393798828e-05,1.8894672393798828e-05,538.0,352.0
1650164426,0.0,0.000305931,0.0,1.8894672393798828e-05,1.8894672393798828e-05,538.0,352.0
1650164427,0.0,7.3895e-05,0.0,1.8894672393798828e-05,1.8894672393798828e-05,134.5,88.0
1650164428,0.0,7.3895e-05,0.0,1.8894672393798828e-05,1.8894672393798828e-05,134.5,88.0
1650164429,0.0,0.0002779725,0.0,1.8894672393798828e-05,1.8894672393798828e-05,403.5,165.0
1650164430,0.0,0.000156223,0.0,1.8894672393798828e-05,1.8894672393798828e-05,269.0,110.0
1650164431,0.0,0.000593312,0.0,1.8894672393798828e-05,1.8894672393798828e-05,1076.0,440.0
1650164432,0.0,0.000593312,0.0,1.8894672393798828e-05,1.8894672393798828e-05,1076.0,440.0
1650164433,0.0,0.000421982,0.0,1.8894672393798828e-05,1.8894672393798828e-05,538.5,235.0
1650164434,0.0,0.000342741,0.0,1.8894672393798828e-05,1.8894672393798828e-05,266.0,669.0
1650164435,0.0,0.000342741,0.0,1.8894672393798828e-05,1.8894672393798828e-05,266.0,669.0
1650164436,0.0,0.0001546145,0.0,1.8894672393798828e-05,1.8894672393798828e-05,269.0,176.0
1650164437,0.0,0.0001546145,0.0,1.8894672393798828e-05,1.8894672393798828e-05,269.0,176.0
1650164438,0.0,0.000298016,0.0,1.8894672393798828e-05,1.8894672393798828e-05,403.5,165.0
1650164439,0.0,0.000434557,0.0,1.8894672393798828e-05,1.8894672393798828e-05,807.0,330.0
1650164440,0.0,0.000398299,0.0,1.8894672393798828e-05,1.8894672393798828e-05,537.0,220.0
1650164441,0.0,0.000398299,0.0,1.8894672393798828e-05,1.8894672393798828e-05,537.0,220.0
1650164442,0.0,0.0002161695,0.0,1.8894672393798828e-05,1.8894672393798828e-05,403.5,165.0
1650164443,0.0,0.0002161695,0.0,1.8894672393798828e-05,1.8894672393798828e-05,403.5,165.0
1650164444,0.0,0.0003987105,0.0,1.8894672393798828e-05,1.8894672393798828e-05,539.5,483.0
1650164445,0.0,0.0003987105,0.0,1.8894672393798828e-05,1.8894672393798828e-05,539.5,483.0
1650164446,0.0,0.0002260795,0.0,1.8894672393798828e-05,1.8894672393798828e-05,403.5,264.0
1650164447,0.0,0.0002260795,0.0,1.8894672393798828e-05,1.8894672393798828e-05,403.5,264.0
1650164448,0.0,0.000376374,0.0,1.8894672393798828e-05,1.8894672393798828e-05,538.0,220.0
1650164449,0.0,0.000230837,0.0,1.8894672393798828e-05,1.8894672393798828e-05,311.0,152.0
1650164450,0.0,0.000342868,0.0,1.8894672393798828e-05,1.8894672393798828e-05,538.0,220.0
1650164451,0.0,0.000342868,0.0,1.8894672393798828e-05,1.8894672393798828e-05,538.0,220.0
1650164452,0.0,0.0004641615,0.0,1.8894672393798828e-05,1.8894672393798828e-05,806.0,330.0
1650164453,0.0,0.0004641615,0.0,1.8894672393798828e-05,1.8894672393798828e-05,806.0,330.0
1650164454,0.0,0.000273499,0.0,1.8894672393798828e-05,1.8894672393798828e-05,403.5,358.5
1650164455,0.0,0.000672996,0.0,1.8894672393798828e-05,1.8894672393798828e-05,1078.0,470.0
1650164456,0.0,0.000154285,0.0,1.8894672393798828e-05,1.8894672393798828e-05,269.0,176.0
1650164457,0.0,0.000154285,0.0,1.8894672393798828e-05,1.8894672393798828e-05,269.0,176.0
1650164458,0.0,0.0003776535,0.0,1.8894672393798828e-05,1.8894672393798828e-05,537.5,286.0
1650164459,0.0,0.000612699,0.0,1.8894672393798828e-05,1.8894672393798828e-05,1076.0,440.0
