timestamp,cpu_usage_system,cpu_usage_total,cpu_usage_user,memory_usage,memory_working_set,rx_bytes,tx_bytes
1650161565,0.01,0.014128771,0.01,1.3321638107299805e-05,1.3321638107299805e-05,8399.0,11694.0
1650161566,0.01,0.014128771,0.01,1.3321638107299805e-05,1.3321638107299805e-05,8399.0,11694.0
1650161567,0.01,0.014128771,0.01,1.347064971923828e-05,1.347064971923828e-05,8399.0,11694.0
1650161568,0.01,0.014128771,0.01,1.347064971923828e-05,1.347064971923828e-05,8399.0,11694.0
1650161569,0.005,0.002681043,0.0,1.347064971923828e-05,1.347064971923828e-05,1592.0,2712.5
1650161570,0.005,0.002681043,0.0,1.347064971923828e-05,1.347064971923828e-05,1592.0,2712.5
1650161571,0.0,0.0023084115,0.0,1.3500452041625977e-05,1.3500452041625977e-05,1593.0,2715.0
1650161572,0.01,0.00434004,0.01,1.347064971923828e-05,1.347064971923828e-05,3184.0,5432.0
1650161573,0.01,0.00434004,0.01,1.347064971923828e-05,1.347064971923828e-05,3184.0,5432.0
1650161574,0.0,0.0027989325,0.0,1.3500452041625977e-05,1.3500452041625977e-05,1592.5,4477.0
1650161575,0.0,0.007176938,0.0,1.347064971923828e-05,1.347064971923828e-05,4778.0,8147.0
1650161576,0.0,0.007176938,0.0,1.347064971923828e-05,1.347064971923828e-05,4778.0,8147.0
1650161577,0.0,0.0051883735,0.0,1.341104507446289e-05,1.341104507446289e-05,3186.0,5828.0
1650161578,0.0,0.006832999,0.0,1.3619661331176758e-05,1.3619661331176758e-05,4529.0,6360.0
1650161579,0.0,0.006832999,0.0,1.3619661331176758e-05,1.3619661331176758e-05,4529.0,6360.0
1650161580,0.0,0.002432427,0.0,1.347064971923828e-05,1.347064971923828e-05,1989.0,2715.5
1650161581,0.0,0.007481711,0.0,1.3560056686401367e-05,1.3560056686401367e-05,4778.0,8146.0
1650161582,0.0,0.007481711,0.0,1.3560056686401367e-05,1.3560056686401367e-05,4778.0,8146.0
1650161583,0.005,0.0057391085,0.0,1.347064971923828e-05,1.347064971923828e-05,3186.0,5432.0
1650161584,0.01,0.0074504,0.0,1.3530254364013672e-05,1.3530254364013672e-05,4779.0,12533.0
1650161585,0.0,0.002559774,0.0,1.347064971923828e-05,1.347064971923828e-05,1659.0,2716.0
1650161586,0.0,0.002559774,0.0,1.347064971923828e-05,1.347064971923828e-05,1659.0,2716.0
1650161587,0.005,0.00394246,0.005,1.347064971923828e-05,1.347064971923828e-05,2388.5,4066.0
1650161588,0.005,0.00394246,0.005,1.347064971923828e-05,1.347064971923828e-05,2388.5,4066.0
1650161589,0.005,0.004845379,0.0,1.347064971923828e-05,1.347064971923828e-05,3007.5,4889.5
1650161590,0.0,0.00545252,0.0,1.347064971923828e-05,1.347064971923828e-05,3978.0,5430.0
1650161591,0.0,0.006173473,0.01,1.5109777450561523e-05,1.5109777450561523e-05,4112.0,6727.0
1650161592,0.0,0.006173473,0.01,1.5109777450561523e-05,1.5109777450561523e-05,4112.0,6727.0
1650161593,0.005,0.005596673,0.005,1.3500452041625977e-05,1.3500452041625977e-05,3519.0,6140.0
1650161594,0.0,0.002673216,0.0,1.347064971923828e-05,1.347064971923828e-05,1593.0,7076.0
1650161595,0.0,0.004831831,0.0,1.347064971923828e-05,1.347064971923828e-05,3184.0,5431.0
1650161596,0.0,0.004831831,0.0,1.347064971923828e-05,1.347064971923828e-05,3184.0,5431.0
1650161597,0.005,0.0024970425,0.0,1.3500452041625977e-05,1.3500452041625977e-05,1593.0,2715.5
1650161598,0.0,0.007494082,0.0,1.3321638107299805e-05,1.3321638107299805e-05,4779.0,8937.0
1650161599,0.0,0.007494082,0.0,1.3321638107299805e-05,1.3321638107299805e-05,4779.0,8937.0
1650161600,0.0,0.0056878075,0.0,1.3560056686401367e-05,1.3560056686401367e-05,4199.5,5848.0
1650161601,0.0,0.0056878075,0.0,1.3560056686401367e-05,1.3560056686401367e-05,4199.5,5848.0
1650161602,0.0,0.00238927,0.0,1.347064971923828e-05,1.347064971923828e-05,1593.0,2715.5
1650161603,0.0,0.007475863,0.0,1.3500452041625977e-05,1.3500452041625977e-05,4777.0,10839.0
1650161604,0.01,0.002315321,0.0,1.347064971923828e-05,1.347064971923828e-05,1659.0,2715.0
1650161605,0.01,0.002315321,0.0,1.347064971923828e-05,1.347064971923828e-05,1659.0,2715.0
1650161606,0.0,0.00283609,0.005,1.347064971923828e-05,1.347064971923828e-05,1592.5,2712.0
1650161607,0.0,0.00283609,0.005,1.347064971923828e-05,1.347064971923828e-05,1592.5,2712.0
1650161608,0.005,0.0051591335,0.0,1.347064971923828e-05,1.347064971923828e-05,3185.5,5426.5
1650161609,0.01,0.010002319,0.0,1.3321638107299805e-05,1.3321638107299805e-05,6371.0,11653.0
1650161610,0.01,0.010002319,0.0,1.3321638107299805e-05,1.3321638107299805e-05,6371.0,11653.0
1650161611,0.005,0.004515283,0.0,1.3500452041625977e-05,1.3500452041625977e-05,3205.5,4494.0
1650161612,0.0,0.006855221,0.0,1.3560056686401367e-05,1.3560056686401367e-05,5174.0,8145.0
1650161613,0.0,0.006855221,0.0,1.3560056686401367e-05,1.3560056686401367e-05,5174.0,8145.0
1650161614,0.0,0.0026255415,0.005,1.347064971923828e-05,1.347064971923828e-05,1592.5,4900.5
1650161615,0.0,0.0026255415,0.005,1.347064971923828e-05,1.347064971923828e-05,1592.5,4900.5
1650161616,0.005,0.0060516025,0.0,1.3619661331176758e-05,1.3619661331176758e-05,4014.5,6816.5
1650161617,0.0,0.002375138,0.0,1.347064971923828e-05,1.347064971923828e-05,1593.0,2716.0
1650161618,0.0,0.007999137,0.0,1.3530254364013672e-05,1.3530254364013672e-05,4779.0,8145.0
1650161619,0.01,0.002830852,0.01,1.347064971923828e-05,1.347064971923828e-05,1593.0,2716.0
1650161620,0.01,0.009534687,0.0,1.4185905456542969e-05,1.4185905456542969e-05,6073.0,11261.0
1650161621,0.01,0.009534687,0.0,1.4185905456542969e-05,1.4185905456542969e-05,6073.0,11261.0
1650161622,0.0,0.003748773,0.0,1.347064971923828e-05,1.347064971923828e-05,2359.5,3329.5
1650161623,0.0,0.00273912,0.0,1.347064971923828e-05,1.347064971923828e-05,1989.0,7950.0
1650161624,0.0,0.009564841,0.01,1.3530254364013672e-05,1.3530254364013672e-05,6768.0,10856.0
1650161625,0.0,0.004623157,0.0,1.3560056686401367e-05,1.3560056686401367e-05,3186.0,5431.0
1650161626,0.0,0.004623157,0.0,1.3560056686401367e-05,1.3560056686401367e-05,3186.0,5431.0
1650161627,0.0,0.002290238,0.0,1.3589859008789062e-05,1.3589859008789062e-05,1593.0,2716.0
1650161628,0.0,0.002290238,0.0,1.3589859008789062e-05,1.3589859008789062e-05,1593.0,2716.0
1650161629,0.005,0.0047025935,0.0,1.3709068298339844e-05,1.3709068298339844e-05,3207.0,5448.0
1650161630,0.0,0.002829326,0.0,1.3500452041625977e-05,1.3500452041625977e-05,1593.0,2716.0
1650161631,0.0,0.005097652,0.0,1.3381242752075195e-05,1.3381242752075195e-05,3185.0,6222.0
1650161632,0.0,0.003760218,0.0,1.3828277587890623e-05,1.3828277587890623e-05,2433.0,3555.0
1650161633,0.0,0.003760218,0.0,1.3828277587890623e-05,1.3828277587890623e-05,2433.0,3555.0
1650161634,0.005,0.003695607,0.0,1.347064971923828e-05,1.347064971923828e-05,3016.5,4567.5
1650161635,0.01,0.009798937,0.0,1.4543533325195312e-05,1.4543533325195312e-05,6372.0,10862.0
1650161636,0.01,0.009798937,0.0,1.4543533325195312e-05,1.4543533325195312e-05,6372.0,10862.0
1650161637,0.0,0.0025767835,0.0,1.3500452041625977e-05,1.3500452041625977e-05,1593.0,2716.0
1650161638,0.0,0.005037675,0.0,1.3619661331176758e-05,1.3619661331176758e-05,3186.0,5431.0
1650161639,0.0,0.004554369,0.0,1.3500452041625977e-05,1.3500452041625977e-05,3186.0,5432.0
1650161640,0.0,0.004398871,0.0,1.3500452041625977e-05,1.3500452041625977e-05,3186.0,5425.0
1650161641,0.0,0.004641325,0.01,1.4454126358032228e-05,1.4454126358032228e-05,2888.0,5170.0
1650161642,0.0,0.004641325,0.01,1.4454126358032228e-05,1.4454126358032228e-05,2888.0,5170.0
1650161643,0.0,0.004267983,0.0,1.347064971923828e-05,1.347064971923828e-05,1742.0,2843.0
1650161644,0.01,0.010409045,0.01,1.3500452041625977e-05,1.3500452041625977e-05,6015.0,14144.0
1650161645,0.01,0.010409045,0.01,1.3500452041625977e-05,1.3500452041625977e-05,6015.0,14144.0
1650161646,0.0,0.0026150705,0.0,1.3500452041625977e-05,1.3500452041625977e-05,1989.0,2715.5
1650161647,0.0,0.0026150705,0.0,1.3500452041625977e-05,1.3500452041625977e-05,1989.0,2715.5
1650161648,0.0,0.002442999,0.0,1.347064971923828e-05,1.347064971923828e-05,1592.5,2712.0
1650161649,0.01,0.002648561,0.0,1.347064971923828e-05,1.347064971923828e-05,1593.0,2716.0
1650161650,0.0,0.009890229,0.0,1.3560056686401367e-05,1.3560056686401367e-05,6370.0,10864.0
1650161651,0.0,0.002607922,0.0,1.347064971923828e-05,1.347064971923828e-05,1593.0,2716.0
1650161652,0.0,0.010529849,0.0,1.347064971923828e-05,1.347064971923828e-05,6372.0,10863.0
1650161653,0.0,0.010529849,0.0,1.347064971923828e-05,1.347064971923828e-05,6372.0,10863.0
1650161654,0.0,0.004777211,0.0,1.347064971923828e-05,1.347064971923828e-05,2809.5,7079.5
1650161655,0.0,0.005111084,0.0,1.347064971923828e-05,1.347064971923828e-05,4044.0,5479.0
1650161656,0.0,0.009984829,0.0,1.4007091522216795e-05,1.4007091522216795e-05,6833.0,10915.0
1650161657,0.0,0.009984829,0.0,1.4007091522216795e-05,1.4007091522216795e-05,6833.0,10915.0
1650161658,0.0,0.0023981255,0.0,1.3619661331176758e-05,1.3619661331176758e-05,1593.0,2715.5
1650161659,0.01,0.00487115,0.01,1.3560056686401367e-05,1.3560056686401367e-05,3186.0,5430.0
1650161660,0.0,0.004609745,0.0,1.347064971923828e-05,1.347064971923828e-05,3185.0,5431.0
1650161661,0.0,0.004609745,0.0,1.347064971923828e-05,1.347064971923828e-05,3185.0,5431.0
1650161662,0.005,0.0023099455,0.0,1.347064971923828e-05,1.347064971923828e-05,1592.5,2716.0
1650161663,0.005,0.0023099455,0.0,1.347064971923828e-05,1.347064971923828e-05,1592.5,2716.0
1650161664,0.0,0.005978317,0.0,1.3530254364013672e-05,1.3530254364013672e-05,4015.5,7754.0
1650161665,0.0,0.006967185,0.0,1.3500452041625977e-05,1.3500452041625977e-05,4026.0,7063.0
1650161666,0.01,0.009821109,0.01,1.347064971923828e-05,1.347064971923828e-05,7560.0,10864.0
1650161667,0.01,0.009821109,0.01,1.347064971923828e-05,1.347064971923828e-05,7560.0,10864.0
1650161668,0.005,0.0036043455,0.0,1.3560056686401367e-05,1.3560056686401367e-05,2389.0,4073.5
1650161669,0.005,0.0036043455,0.0,1.3560056686401367e-05,1.3560056686401367e-05,2389.0,4073.5
1650161670,0.0,0.0050046295,0.0,1.379847526550293e-05,1.379847526550293e-05,3185.0,5431.0
1650161671,0.0,0.0050046295,0.0,1.379847526550293e-05,1.379847526550293e-05,3185.0,5431.0
1650161672,0.005,0.004592218,0.0,1.3500452041625977e-05,1.3500452041625977e-05,3186.0,5430.0
1650161673,0.005,0.004592218,0.0,1.3500452041625977e-05,1.3500452041625977e-05,3186.0,5430.0
1650161674,0.0,0.003760404,0.005,1.3679265975952148e-05,1.3679265975952148e-05,2389.0,4566.0
1650161675,0.0,0.002472927,0.0,1.3321638107299805e-05,1.3321638107299805e-05,1593.0,3508.0
1650161676,0.0,0.002472927,0.0,1.3321638107299805e-05,1.3321638107299805e-05,1593.0,3508.0
1650161677,0.0,0.0043167625,0.0,1.347064971923828e-05,1.347064971923828e-05,3205.0,4493.5
1650161678,0.0,0.005701348,0.0,1.3768672943115234e-05,1.3768672943115234e-05,3623.0,5464.0
1650161679,0.0,0.005086102,0.0,1.3500452041625977e-05,1.3500452041625977e-05,3185.0,5429.0
1650161680,0.0,0.005086102,0.0,1.3500452041625977e-05,1.3500452041625977e-05,3185.0,5429.0
1650161681,0.005,0.003511314,0.0,1.347064971923828e-05,1.347064971923828e-05,2389.5,4072.5
1650161682,0.0,0.004408561,0.0,1.3500452041625977e-05,1.3500452041625977e-05,3186.0,5432.0
1650161683,0.0,0.004408561,0.0,1.3500452041625977e-05,1.3500452041625977e-05,3186.0,5432.0
1650161684,0.0,0.002495802,0.0,1.3589859008789062e-05,1.3589859008789062e-05,1592.0,4479.0
1650161685,0.0,0.002510928,0.0,1.347064971923828e-05,1.347064971923828e-05,1593.0,2714.0
1650161686,0.0,0.002510928,0.0,1.347064971923828e-05,1.347064971923828e-05,1593.0,2714.0
1650161687,0.0,0.0033630015,0.0,1.3500452041625977e-05,1.3500452041625977e-05,2013.0,3527.0
1650161688,0.0,0.0033630015,0.0,1.3500452041625977e-05,1.3500452041625977e-05,2013.0,3527.0
1650161689,0.0,0.0024603365,0.0,1.3500452041625977e-05,1.3500452041625977e-05,1989.0,2715.5
1650161690,0.0,0.002553643,0.0,1.347064971923828e-05,1.347064971923828e-05,1989.0,2709.0
1650161691,0.0,0.002885084,0.0,1.347064971923828e-05,1.347064971923828e-05,1593.0,2716.0
1650161692,0.0,0.009070281,0.0,1.3530254364013672e-05,1.3530254364013672e-05,4778.0,8141.0
1650161693,0.0,0.005380832,0.0,1.4156103134155272e-05,1.4156103134155272e-05,2888.0,7008.0
1650161694,0.0,0.005380832,0.0,1.4156103134155272e-05,1.4156103134155272e-05,2888.0,7008.0
1650161695,0.01,0.0062140005,0.005,1.3589859008789062e-05,1.3589859008789062e-05,3367.5,5589.5
1650161696,0.0,0.009287097,0.0,1.3679265975952148e-05,1.3679265975952148e-05,4779.0,8145.0
1650161697,0.0,0.009287097,0.0,1.3679265975952148e-05,1.3679265975952148e-05,4779.0,8145.0
1650161698,0.01,0.007430001,0.005,1.3589859008789062e-05,1.3589859008789062e-05,4001.0,6245.5
1650161699,0.01,0.007430001,0.005,1.3589859008789062e-05,1.3589859008789062e-05,4001.0,6245.5
1650161700,0.005,0.004538217,0.0,1.385807991027832e-05,1.385807991027832e-05,2587.0,4070.0
1650161701,0.0,0.006094581,0.0,1.3828277587890623e-05,1.3828277587890623e-05,3186.0,5432.0
1650161702,0.0,0.006094581,0.0,1.3828277587890623e-05,1.3828277587890623e-05,3186.0,5432.0
1650161703,0.0,0.004627365,0.0,1.3500452041625977e-05,1.3500452041625977e-05,2389.0,4073.5
1650161704,0.0,0.006162222,0.01,1.347064971923828e-05,1.347064971923828e-05,3186.0,9784.0
1650161705,0.0,0.006586642,0.0,1.347064971923828e-05,1.347064971923828e-05,3185.0,5418.0
1650161706,0.0,0.006586642,0.0,1.347064971923828e-05,1.347064971923828e-05,3185.0,5418.0
1650161707,0.0,0.0058415245,0.0,1.373887062072754e-05,1.373887062072754e-05,3185.5,5427.0
1650161708,0.01,0.011089987,0.0,1.3530254364013672e-05,1.3530254364013672e-05,6014.0,9778.0
1650161709,0.0,0.003367086,0.0,1.3530254364013672e-05,1.3530254364013672e-05,1989.0,2716.0
1650161710,0.0,0.003367086,0.0,1.3530254364013672e-05,1.3530254364013672e-05,1989.0,2716.0
1650161711,0.0,0.001998032,0.0,1.385807991027832e-05,1.385807991027832e-05,1392.5,2073.5
1650161712,0.0,0.001998032,0.0,1.385807991027832e-05,1.385807991027832e-05,1392.5,2073.5
1650161713,0.0,0.0,0.0,1.379847526550293e-05,1.379847526550293e-05,0.0,303.0
1650161714,0.0,0.001793204,0.0,1.4275312423706056e-05,1.4275312423706056e-05,1019.0,3862.0
1650161715,0.0,0.001793204,0.0,1.4275312423706056e-05,1.4275312423706056e-05,1019.0,3862.0
1650161716,0.0,0.000858376,0.0,1.4841556549072266e-05,1.4841556549072266e-05,513.0,684.5
1650161717,0.0,0.000858376,0.0,1.4841556549072266e-05,1.4841556549072266e-05,513.0,684.5
1650161718,0.0,0.0016748945,0.0,1.487135887145996e-05,1.487135887145996e-05,870.5,1427.5
1650161719,0.0,0.00014719,0.0,1.481175422668457e-05,1.481175422668457e-05,74.0,471.0
1650161720,0.0,0.00014719,0.0,1.481175422668457e-05,1.481175422668457e-05,74.0,471.0
1650161721,0.0,0.0009294615,0.0,1.5288591384887695e-05,1.5288591384887695e-05,538.0,817.0
1650161722,0.01,0.002443324,0.0,1.6391277313232422e-05,1.6391277313232422e-05,1360.0,1520.0
1650161723,0.0,0.002441909,0.0,1.5944242477416992e-05,1.5944242477416992e-05,870.0,2571.0
1650161724,0.0,0.002441909,0.0,1.5944242477416992e-05,1.5944242477416992e-05,870.0,2571.0
1650161725,0.0,0.0007068295,0.0,1.627206802368164e-05,1.627206802368164e-05,608.5,782.5
1650161726,0.0,0.004576022,0.0,1.7076730728149414e-05,1.7076730728149414e-05,2351.0,3131.0
1650161727,0.0,0.004576022,0.0,1.7076730728149414e-05,1.7076730728149414e-05,2351.0,3131.0
1650161728,0.0,0.001807582,0.0,1.6450881958007812e-05,1.6450881958007812e-05,955.0,1363.0
1650161729,0.0,0.001807582,0.0,1.6450881958007812e-05,1.6450881958007812e-05,955.0,1363.0
1650161730,0.0,0.002004439,0.0,1.6450881958007812e-05,1.6450881958007812e-05,1027.5,1618.0
1650161731,0.0,0.002405735,0.0,1.6123056411743164e-05,1.6123056411743164e-05,1002.0,1829.0
1650161732,0.0,0.002405735,0.0,1.6123056411743164e-05,1.6123056411743164e-05,1002.0,1829.0
1650161733,0.0,0.001987543,0.0,1.5676021575927734e-05,1.5676021575927734e-05,868.5,1755.0
1650161734,0.01,0.002577261,0.0,1.6361474990844727e-05,1.6361474990844727e-05,1431.0,2278.0
1650161735,0.0,0.003464476,0.01,1.6391277313232422e-05,1.6391277313232422e-05,1923.0,2789.0
1650161736,0.0,0.003464476,0.01,1.6391277313232422e-05,1.6391277313232422e-05,1923.0,2789.0
1650161737,0.0,0.0012198695,0.0,1.5914440155029297e-05,1.5914440155029297e-05,435.0,1009.5
1650161738,0.0,0.0012198695,0.0,1.5914440155029297e-05,1.5914440155029297e-05,435.0,1009.5
1650161739,0.0,0.001986374,0.0,1.5735626220703125e-05,1.5735626220703125e-05,1142.0,1597.0
1650161740,0.0,0.001986374,0.0,1.5735626220703125e-05,1.5735626220703125e-05,1142.0,1597.0
1650161741,0.0,0.0007281305,0.0,1.627206802368164e-05,1.627206802368164e-05,596.5,619.0
1650161742,0.0,0.003507317,0.0,1.6242265701293945e-05,1.6242265701293945e-05,1655.0,2921.0
1650161743,0.0,0.003507317,0.0,1.6242265701293945e-05,1.6242265701293945e-05,1655.0,2921.0
1650161744,0.0,0.000974957,0.0,1.671910285949707e-05,1.671910285949707e-05,505.5,851.5
1650161745,0.0,0.004490518,0.0,1.5974044799804688e-05,1.5974044799804688e-05,1786.0,3513.0
1650161746,0.0,0.004490518,0.0,1.5974044799804688e-05,1.5974044799804688e-05,1786.0,3513.0
1650161747,0.005,0.0023601055,0.0,1.6063451766967773e-05,1.6063451766967773e-05,1150.5,1773.5
1650161748,0.005,0.0023601055,0.0,1.6063451766967773e-05,1.6063451766967773e-05,1150.5,1773.5
1650161749,0.0,0.0018776595,0.0,1.6033649444580078e-05,1.6033649444580078e-05,1039.5,1628.5
1650161750,0.0,0.0018776595,0.0,1.6033649444580078e-05,1.6033649444580078e-05,1039.5,1628.5
1650161751,0.0,0.0020020385,0.0,1.615285873413086e-05,1.615285873413086e-05,1142.5,1530.5
1650161752,0.01,0.001270943,0.0,1.6510486602783203e-05,1.6510486602783203e-05,1283.0,1564.0
1650161753,0.0,0.002538323,0.0,1.6301870346069336e-05,1.6301870346069336e-05,994.0,2494.0
1650161754,0.0,0.001338907,0.0,1.6480684280395508e-05,1.6480684280395508e-05,863.0,1230.0
1650161755,0.0,0.001338907,0.0,1.6480684280395508e-05,1.6480684280395508e-05,863.0,1230.0
1650161756,0.0,0.0017667965,0.0,1.6510486602783203e-05,1.6510486602783203e-05,895.5,1556.0
1650161757,0.0,0.0017667965,0.0,1.6510486602783203e-05,1.6510486602783203e-05,895.5,1556.0
1650161758,0.0,0.0,0.0,1.633167266845703e-05,1.633167266845703e-05,33.0,0.0
1650161759,0.0,0.004839589,0.0,1.659989356994629e-05,1.659989356994629e-05,2276.0,3279.0
1650161760,0.0,0.004839589,0.0,1.659989356994629e-05,1.659989356994629e-05,2276.0,3279.0
1650161761,0.005,0.0030285905,0.0,1.6361474990844727e-05,1.6361474990844727e-05,1220.5,2267.0
1650161762,0.0,0.003319789,0.0,1.6003847122192383e-05,1.6003847122192383e-05,1298.0,2307.0
1650161763,0.0,0.004640904,0.0,1.558661460876465e-05,1.558661460876465e-05,1997.0,4068.0
1650161764,0.0,0.004640904,0.0,1.558661460876465e-05,1.558661460876465e-05,1997.0,4068.0
1650161765,0.0,0.000900353,0.0,1.5854835510253906e-05,1.5854835510253906e-05,641.5,754.5
1650161766,0.0,0.001354872,0.0,1.6361474990844727e-05,1.6361474990844727e-05,1011.0,1164.0
1650161767,0.0,0.001354872,0.0,1.6361474990844727e-05,1.6361474990844727e-05,1011.0,1164.0
1650161768,0.0,0.001352898,0.0,1.5914440155029297e-05,1.5914440155029297e-05,501.0,914.5
1650161769,0.0,0.003893344,0.0,1.582503318786621e-05,1.582503318786621e-05,2013.0,3446.0
1650161770,0.01,0.002283882,0.0,1.6391277313232422e-05,1.6391277313232422e-05,1431.0,1715.0
1650161771,0.01,0.002283882,0.0,1.6391277313232422e-05,1.6391277313232422e-05,1431.0,1715.0
1650161772,0.0,0.0016611435,0.0,1.6421079635620117e-05,1.6421079635620117e-05,961.5,1358.0
1650161773,0.0,0.0016611435,0.0,1.6421079635620117e-05,1.6421079635620117e-05,961.5,1358.0
1650161774,0.0,0.0012508115,0.0,1.5914440155029297e-05,1.5914440155029297e-05,431.0,1112.5
1650161775,0.0,0.001297453,0.0,1.6301870346069336e-05,1.6301870346069336e-05,1061.0,1230.0
1650161776,0.0,0.001297453,0.0,1.6301870346069336e-05,1.6301870346069336e-05,1061.0,1230.0
1650161777,0.005,0.002567344,0.005,1.6629695892333984e-05,1.6629695892333984e-05,1068.0,1531.0
1650161778,0.0,0.003914093,0.0,1.6450881958007812e-05,1.6450881958007812e-05,1689.0,2766.0
1650161779,0.0,0.003914093,0.0,1.6450881958007812e-05,1.6450881958007812e-05,1689.0,2766.0
1650161780,0.0,0.001171313,0.0,1.6182661056518555e-05,1.6182661056518555e-05,501.0,980.0
1650161781,0.0,0.003880726,0.0,1.570582389831543e-05,1.570582389831543e-05,1873.0,3180.0
1650161782,0.01,0.002349355,0.0,1.531839370727539e-05,1.531839370727539e-05,870.0,1961.0
1650161783,0.01,0.002349355,0.0,1.531839370727539e-05,1.531839370727539e-05,870.0,1961.0
1650161784,0.0,0.0014069845,0.0,1.582503318786621e-05,1.582503318786621e-05,752.5,1459.5
1650161785,0.0,0.0014069845,0.0,1.582503318786621e-05,1.582503318786621e-05,752.5,1459.5
1650161786,0.0,0.0021044665,0.0,1.58846378326416e-05,1.58846378326416e-05,1039.5,1495.0
1650161787,0.0,0.003097071,0.0,1.7583370208740234e-05,1.7583370208740234e-05,1707.0,2651.0
1650161788,0.0,0.001856238,0.0,1.633167266845703e-05,1.633167266845703e-05,1581.0,1959.0
1650161789,0.0,0.001856238,0.0,1.633167266845703e-05,1.633167266845703e-05,1581.0,1959.0
1650161790,0.0,0.0013410765,0.0,1.5914440155029297e-05,1.5914440155029297e-05,571.0,883.0
1650161791,0.0,0.0013410765,0.0,1.5914440155029297e-05,1.5914440155029297e-05,571.0,883.0
1650161792,0.0,0.0017279595,0.0,1.58846378326416e-05,1.58846378326416e-05,928.5,1358.0
1650161793,0.0,0.001561325,0.0,1.615285873413086e-05,1.615285873413086e-05,797.0,2308.0
1650161794,0.0,0.001561325,0.0,1.615285873413086e-05,1.615285873413086e-05,797.0,2308.0
1650161795,0.0,0.001229462,0.0,1.704692840576172e-05,1.704692840576172e-05,674.5,793.5
1650161796,0.0,0.00461769,0.0,1.6748905181884766e-05,1.6748905181884766e-05,1778.0,3244.0
1650161797,0.0,0.00461769,0.0,1.6748905181884766e-05,1.6748905181884766e-05,1778.0,3244.0
1650161798,0.0,0.0019458295,0.0,1.6033649444580078e-05,1.6033649444580078e-05,932.5,1531.0
1650161799,0.0,0.0019458295,0.0,1.6033649444580078e-05,1.6033649444580078e-05,932.5,1531.0
1650161800,0.005,0.0032087245,0.0,1.5348196029663086e-05,1.5348196029663086e-05,1404.5,2505.0
1650161801,0.0,0.001450221,0.0,1.5795230865478516e-05,1.5795230865478516e-05,1209.0,1167.0
1650161802,0.0,0.000145161,0.0,1.570582389831543e-05,1.570582389831543e-05,74.0,343.0
1650161803,0.0,0.000145161,0.0,1.570582389831543e-05,1.570582389831543e-05,74.0,343.0
1650161804,0.0,0.0022685455,0.0,1.621246337890625e-05,1.621246337890625e-05,1080.5,1638.0
1650161805,0.0,0.0022685455,0.0,1.621246337890625e-05,1.621246337890625e-05,1080.5,1638.0
1650161806,0.005,0.001758056,0.0,1.5854835510253906e-05,1.5854835510253906e-05,1006.5,1722.5
1650161807,0.01,0.002227373,0.0,1.6570091247558594e-05,1.6570091247558594e-05,1431.0,1716.0
1650161808,0.0,0.002071592,0.0,1.6003847122192383e-05,1.6003847122192383e-05,994.0,1485.0
1650161809,0.0,0.002071592,0.0,1.6003847122192383e-05,1.6003847122192383e-05,994.0,1485.0
1650161810,0.0,0.0007559025,0.0,1.633167266845703e-05,1.633167266845703e-05,530.0,615.0
1650161811,0.0,0.003599111,0.0,1.6391277313232422e-05,1.6391277313232422e-05,1989.0,2716.0
1650161812,0.0,0.003599111,0.0,1.6391277313232422e-05,1.6391277313232422e-05,1989.0,2716.0
1650161813,0.0,0.0008975725,0.0,1.6927719116210938e-05,1.6927719116210938e-05,563.5,978.5
1650161814,0.0,0.002321999,0.0,1.6629695892333984e-05,1.6629695892333984e-05,862.0,1956.0
1650161815,0.0,0.002321999,0.0,1.6629695892333984e-05,1.6629695892333984e-05,862.0,1956.0
1650161816,0.0,0.003367885,0.0,1.6123056411743164e-05,1.6123056411743164e-05,1365.5,2446.0
1650161817,0.0,0.003367885,0.0,1.6123056411743164e-05,1.6123056411743164e-05,1365.5,2446.0
1650161818,0.01,0.0035492805,0.005,1.5437602996826172e-05,1.5437602996826172e-05,1437.5,2571.0
1650161819,0.01,0.002494088,0.0,1.58846378326416e-05,1.58846378326416e-05,1431.0,1587.0
1650161820,0.01,0.002494088,0.0,1.58846378326416e-05,1.58846378326416e-05,1431.0,1587.0
1650161821,0.0,0.000860884,0.0,1.6361474990844727e-05,1.6361474990844727e-05,641.5,753.5
1650161822,0.0,0.000860884,0.0,1.6361474990844727e-05,1.6361474990844727e-05,641.5,753.5
1650161823,0.0,0.001426883,0.0,1.5914440155029297e-05,1.5914440155029297e-05,505.0,1982.5
1650161824,0.01,0.00331924,0.0,1.633167266845703e-05,1.633167266845703e-05,1865.0,2715.0
1650161825,0.01,0.00331924,0.0,1.633167266845703e-05,1.633167266845703e-05,1865.0,2715.0
1650161826,0.0,0.0008625125,0.005,1.6242265701293945e-05,1.6242265701293945e-05,641.5,781.0
1650161827,0.0,0.002351619,0.0,1.5854835510253906e-05,1.5854835510253906e-05,928.0,1750.0
1650161828,0.0,0.003792506,0.0,1.5914440155029297e-05,1.5914440155029297e-05,1981.0,3036.0
1650161829,0.0,0.003792506,0.0,1.5914440155029297e-05,1.5914440155029297e-05,1981.0,3036.0
1650161830,0.0,0.000860088,0.0,1.615285873413086e-05,1.615285873413086e-05,398.5,812.5
1650161831,0.0,0.002445855,0.0,1.710653305053711e-05,1.710653305053711e-05,1349.0,1587.0
1650161832,0.0,0.002445855,0.0,1.710653305053711e-05,1.710653305053711e-05,1349.0,1587.0
1650161833,0.0,0.0022582635,0.0,1.6242265701293945e-05,1.6242265701293945e-05,889.0,2015.5
1650161834,0.01,0.0044377,0.0,1.633167266845703e-05,1.633167266845703e-05,1997.0,3059.0
1650161835,0.01,0.0044377,0.0,1.633167266845703e-05,1.633167266845703e-05,1997.0,3059.0
1650161836,0.0,0.003274432,0.0,1.5407800674438477e-05,1.5407800674438477e-05,1404.5,2372.0
1650161837,0.0,0.003274432,0.0,1.5407800674438477e-05,1.5407800674438477e-05,1404.5,2372.0
1650161838,0.0,0.0007414065,0.0,1.582503318786621e-05,1.582503318786621e-05,604.0,583.5
1650161839,0.0,0.0007414065,0.0,1.582503318786621e-05,1.582503318786621e-05,604.0,583.5
1650161840,0.0,0.0007854655,0.0,1.6242265701293945e-05,1.6242265701293945e-05,542.5,753.5
1650161841,0.0,0.002391986,0.0,1.582503318786621e-05,1.582503318786621e-05,870.0,2093.0
1650161842,0.0,0.002391986,0.0,1.582503318786621e-05,1.582503318786621e-05,870.0,2093.0
1650161843,0.005,0.0059111675,0.0,1.5079975128173828e-05,1.5079975128173828e-05,3184.0,5050.0
1650161844,0.0,0.003105359,0.01,1.4930963516235352e-05,1.4930963516235352e-05,1857.0,3919.0
1650161845,0.0,0.003105359,0.01,1.4930963516235352e-05,1.4930963516235352e-05,1857.0,3919.0
1650161846,0.005,0.0063882405,0.0,1.4901161193847656e-05,1.4901161193847656e-05,3516.0,5529.5
1650161847,0.01,0.008671161,0.01,1.4394521713256836e-05,1.4394521713256836e-05,3982.0,6918.0
1650161848,0.01,0.008671161,0.01,1.4394521713256836e-05,1.4394521713256836e-05,3982.0,6918.0
1650161849,0.0,0.0056769225,0.0,1.3530254364013672e-05,1.3530254364013672e-05,2748.0,4912.5
1650161850,0.01,0.012353943,0.0,1.4185905456542969e-05,1.4185905456542969e-05,6214.0,10872.0
1650161851,0.01,0.012353943,0.0,1.4185905456542969e-05,1.4185905456542969e-05,6214.0,10872.0
1650161852,0.0,0.0033559615,0.0,1.347064971923828e-05,1.347064971923828e-05,1808.0,2846.5
1650161853,0.01,0.009939216,0.0,1.3381242752075195e-05,1.3381242752075195e-05,5125.0,13485.0
1650161854,0.0,0.006733346,0.0,1.3768672943115234e-05,1.3768672943115234e-05,4068.0,5850.0
1650161855,0.0,0.006733346,0.0,1.3768672943115234e-05,1.3768672943115234e-05,4068.0,5850.0
1650161856,0.0,0.001775443,0.0,1.347064971923828e-05,1.347064971923828e-05,961.5,1358.0
1650161857,0.01,0.017959056,0.0,1.3619661331176758e-05,1.3619661331176758e-05,9756.0,16294.0
1650161858,0.01,0.017959056,0.0,1.3619661331176758e-05,1.3619661331176758e-05,9756.0,16294.0
1650161859,0.0,0.006137062,0.005,1.3530254364013672e-05,1.3530254364013672e-05,3185.5,5428.5
1650161860,0.0,0.005985066,0.0,1.347064971923828e-05,1.347064971923828e-05,3186.0,5432.0
1650161861,0.0,0.006679593,0.0,1.3977289199829102e-05,1.3977289199829102e-05,3391.0,5749.0
1650161862,0.0,0.006679593,0.0,1.3977289199829102e-05,1.3977289199829102e-05,3391.0,5749.0
1650161863,0.0,0.0015372435,0.005,1.3500452041625977e-05,1.3500452041625977e-05,829.5,1358.0
1650161864,0.01,0.01470705,0.0,1.3709068298339844e-05,1.3709068298339844e-05,7664.0,14914.0
1650161865,0.01,0.01470705,0.0,1.3709068298339844e-05,1.3709068298339844e-05,7664.0,14914.0
1650161866,0.0,0.004774498,0.0,1.3649463653564451e-05,1.3649463653564451e-05,2652.5,4072.5
1650161867,0.0,0.004774498,0.0,1.3649463653564451e-05,1.3649463653564451e-05,2652.5,4072.5
1650161868,0.0,0.0044086995,0.0,1.3530254364013672e-05,1.3530254364013672e-05,2389.5,4073.0
1650161869,0.0,0.003242069,0.0,1.347064971923828e-05,1.347064971923828e-05,1634.0,2750.0
1650161870,0.0,0.00870722,0.01,1.347064971923828e-05,1.347064971923828e-05,4779.0,8134.0
1650161871,0.0,0.00870722,0.01,1.347064971923828e-05,1.347064971923828e-05,4779.0,8134.0
1650161872,0.0,0.001660941,0.0,1.347064971923828e-05,1.347064971923828e-05,796.5,1357.5
1650161873,0.0,0.001660941,0.0,1.347064971923828e-05,1.347064971923828e-05,796.5,1357.5
1650161874,0.0,0.0047774175,0.0,1.347064971923828e-05,1.347064971923828e-05,2492.0,6398.5
1650161875,0.0,0.004904643,0.0,1.3679265975952148e-05,1.3679265975952148e-05,2522.0,4605.0
1650161876,0.0,0.004904643,0.0,1.3679265975952148e-05,1.3679265975952148e-05,2522.0,4605.0
1650161877,0.0,0.0026538645,0.0,1.4036893844604492e-05,1.4036893844604492e-05,1222.5,1879.5
1650161878,0.0,0.003381118,0.0,1.4424324035644531e-05,1.4424324035644531e-05,2001.0,2913.0
1650161879,0.0,0.003381118,0.0,1.4424324035644531e-05,1.4424324035644531e-05,2001.0,2913.0
1650161880,0.005,0.0017528895,0.0,1.385807991027832e-05,1.385807991027832e-05,961.5,1559.5
1650161881,0.0,0.002333421,0.0,1.3500452041625977e-05,1.3500452041625977e-05,1006.0,1689.0
1650161882,0.0,0.002333421,0.0,1.3500452041625977e-05,1.3500452041625977e-05,1006.0,1689.0
1650161883,0.0,0.002673043,0.0,1.3917684555053713e-05,1.3917684555053713e-05,1327.0,3011.0
1650161884,0.0,0.002673043,0.0,1.3917684555053713e-05,1.3917684555053713e-05,1327.0,3011.0
1650161885,0.0,0.000737223,0.0,1.4275312423706056e-05,1.4275312423706056e-05,431.0,615.0
1650161886,0.0,0.0,0.0,1.4275312423706056e-05,1.4275312423706056e-05,0.0,0.0
1650161887,0.0,0.0,0.0,1.4275312423706056e-05,1.4275312423706056e-05,0.0,0.0
1650161888,0.0,0.0,0.0,1.4275312423706056e-05,1.4275312423706056e-05,0.0,0.0
1650161889,0.0,0.002472067,0.0,1.4275312423706056e-05,1.4275312423706056e-05,936.3333333333334,1828.6666666666667
1650161890,0.0,0.002197377,0.0,1.4483928680419922e-05,1.4483928680419922e-05,1217.0,1650.0
1650161891,0.0,0.002197377,0.0,1.4483928680419922e-05,1.4483928680419922e-05,1217.0,1650.0
1650161892,0.0,0.000970104,0.0,1.4126300811767578e-05,1.4126300811767578e-05,464.0,743.0
1650161893,0.0,0.003432531,0.0,1.4126300811767578e-05,1.4126300811767578e-05,2054.0,4090.0
1650161894,0.0,0.003432531,0.0,1.4126300811767578e-05,1.4126300811767578e-05,2054.0,4090.0
1650161895,0.0,0.0022733745,0.0,1.4513731002807615e-05,1.4513731002807615e-05,1459.0,1973.0
1650161896,0.0,0.0022733745,0.0,1.4513731002807615e-05,1.4513731002807615e-05,1459.0,1973.0
1650161897,0.0,0.0033718525,0.005,1.4483928680419922e-05,1.4483928680419922e-05,1659.0,2749.0
1650161898,0.0,0.0,0.0,1.4483928680419922e-05,1.4483928680419922e-05,0.0,0.0
1650161899,0.0,0.0,0.0,1.4483928680419922e-05,1.4483928680419922e-05,0.0,0.0
1650161900,0.0,0.0,0.0,1.4483928680419922e-05,1.4483928680419922e-05,0.0,0.0
1650161901,0.0,0.0016551233333333,0.0,1.487135887145996e-05,1.487135887145996e-05,847.0,1652.0
1650161902,0.0,0.004295376,0.0,1.5169382095336914e-05,1.5169382095336914e-05,1947.0,3606.0
1650161903,0.0,0.009944227,0.0,1.4603137969970705e-05,1.4603137969970705e-05,4996.0,7667.0
1650161904,0.0,0.009944227,0.0,1.4603137969970705e-05,1.4603137969970705e-05,4996.0,7667.0
1650161905,0.0,0.002665423,0.005,1.4990568161010742e-05,1.4990568161010742e-05,1332.0,2200.5
1650161906,0.0,0.002665423,0.005,1.4990568161010742e-05,1.4990568161010742e-05,1332.0,2200.5
1650161907,0.0,0.0018587175,0.0,1.4185905456542969e-05,1.4185905456542969e-05,928.5,1358.0
1650161908,0.01,0.004430566,0.0,1.4543533325195312e-05,1.4543533325195312e-05,2456.0,3932.0
1650161909,0.0,0.0,0.0,1.4483928680419922e-05,1.4483928680419922e-05,0.0,0.0
1650161910,0.0,0.003419521,0.0,1.4543533325195312e-05,1.4543533325195312e-05,1659.0,2716.0
1650161911,0.0,0.003419521,0.0,1.4543533325195312e-05,1.4543533325195312e-05,1659.0,2716.0
1650161912,0.0,0.001932925,0.0,1.4394521713256836e-05,1.4394521713256836e-05,796.5,1553.5
1650161913,0.0,0.000157466,0.0,1.4394521713256836e-05,1.4394521713256836e-05,78.0,1510.0
1650161914,0.0,0.000157466,0.0,1.4394521713256836e-05,1.4394521713256836e-05,78.0,1510.0
1650161915,0.0,0.0033444265,0.0,1.519918441772461e-05,1.519918441772461e-05,1614.0,2689.5
1650161916,0.0,0.003745306,0.0,1.4990568161010742e-05,1.4990568161010742e-05,2001.0,3119.0
1650161917,0.0,0.003745306,0.0,1.4990568161010742e-05,1.4990568161010742e-05,2001.0,3119.0
1650161918,0.0,0.001903698,0.0,1.5228986740112305e-05,1.5228986740112305e-05,910.5,1347.5
1650161919,0.0,0.001903698,0.0,1.5228986740112305e-05,1.5228986740112305e-05,910.5,1347.5
1650161920,0.0,0.000749278,0.0,1.558661460876465e-05,1.558661460876465e-05,497.5,587.5
1650161921,0.0,0.000749278,0.0,1.558661460876465e-05,1.558661460876465e-05,497.5,587.5
1650161922,0.0,0.000835762,0.0,1.6242265701293945e-05,1.6242265701293945e-05,505.5,891.5
1650161923,0.0,0.000195614,0.0,1.615285873413086e-05,1.615285873413086e-05,66.0,1700.0
1650161924,0.0,0.000195614,0.0,1.615285873413086e-05,1.615285873413086e-05,66.0,1700.0
1650161925,0.005,0.0019410725,0.0,1.6450881958007812e-05,1.6450881958007812e-05,899.5,1464.0
1650161926,0.005,0.0019410725,0.0,1.6450881958007812e-05,1.6450881958007812e-05,899.5,1464.0
1650161927,0.0,0.002009967,0.01,1.6301870346069336e-05,1.6301870346069336e-05,895.5,1748.0
1650161928,0.01,0.005197059,0.0,1.6629695892333984e-05,1.6629695892333984e-05,2498.0,3755.0
1650161929,0.01,0.005197059,0.0,1.6629695892333984e-05,1.6629695892333984e-05,2498.0,3755.0
1650161930,0.0,0.0045347365,0.0,1.5944242477416992e-05,1.5944242477416992e-05,2387.0,3523.5
1650161931,0.0,0.0,0.0,1.5795230865478516e-05,1.5795230865478516e-05,0.0,0.0
1650161932,0.0,0.0,0.0,1.5795230865478516e-05,1.5795230865478516e-05,0.0,0.0
1650161933,0.0,0.0028392145,0.0,1.6242265701293945e-05,1.6242265701293945e-05,1441.5,4219.0
1650161934,0.0,0.0028392145,0.0,1.6242265701293945e-05,1.6242265701293945e-05,1441.5,4219.0
1650161935,0.0,0.0025780725,0.0,1.582503318786621e-05,1.582503318786621e-05,1264.5,2475.0
1650161936,0.0,0.002022025,0.0,1.5467405319213867e-05,1.5467405319213867e-05,796.0,1689.0
1650161937,0.0,0.002022025,0.0,1.5467405319213867e-05,1.5467405319213867e-05,796.0,1689.0
1650161938,0.005,0.0035944275,0.0,1.5109777450561523e-05,1.5109777450561523e-05,1593.0,3148.0
1650161939,0.005,0.0035944275,0.0,1.5109777450561523e-05,1.5109777450561523e-05,1593.0,3148.0
1650161940,0.0,0.0008761785,0.0,1.5527009963989258e-05,1.5527009963989258e-05,435.5,984.0
1650161941,0.0,0.0,0.0,1.5527009963989258e-05,1.5527009963989258e-05,0.0,609.0
1650161942,0.0,0.0,0.0,1.5527009963989258e-05,1.5527009963989258e-05,0.0,609.0
1650161943,0.0,0.00150089,0.0,1.6361474990844727e-05,1.6361474990844727e-05,715.5,1066.5
1650161944,0.0,0.004234178,0.0,1.65402889251709e-05,1.65402889251709e-05,2071.0,3737.0
1650161945,0.0,0.004234178,0.0,1.65402889251709e-05,1.65402889251709e-05,2071.0,3737.0
1650161946,0.0,0.001979218,0.0,1.6570091247558594e-05,1.6570091247558594e-05,965.5,1663.5
1650161947,0.0,0.001979218,0.0,1.6570091247558594e-05,1.6570091247558594e-05,965.5,1663.5
1650161948,0.0,0.000788947,0.0,1.6897916793823242e-05,1.6897916793823242e-05,569.5,786.5
1650161949,0.0,0.002546241,0.0,1.659989356994629e-05,1.659989356994629e-05,928.0,1560.0
1650161950,0.0,0.0012519,0.0,1.6868114471435547e-05,1.6868114471435547e-05,863.0,1296.0
1650161951,0.0,0.0012519,0.0,1.6868114471435547e-05,1.6868114471435547e-05,863.0,1296.0
1650161952,0.0,0.001808945,0.0,1.6808509826660156e-05,1.6808509826660156e-05,895.5,1591.0
1650161953,0.0,0.001808945,0.0,1.6808509826660156e-05,1.6808509826660156e-05,895.5,1591.0
1650161954,0.005,0.00230295,0.0,1.6987323760986328e-05,1.6987323760986328e-05,1072.0,2320.0
1650161955,0.0,0.002759178,0.0,1.6808509826660156e-05,1.6808509826660156e-05,870.0,1960.0
1650161956,0.0,0.002759178,0.0,1.6808509826660156e-05,1.6808509826660156e-05,870.0,1960.0
1650161957,0.0,0.005183516,0.0,1.5944242477416992e-05,1.5944242477416992e-05,2388.5,3761.0
1650161958,0.0,0.005543206,0.01,1.576542854309082e-05,1.576542854309082e-05,2827.0,4376.0
1650161959,0.0,0.001593753,0.0,1.58846378326416e-05,1.58846378326416e-05,871.0,1573.0
1650161960,0.0,0.001593753,0.0,1.58846378326416e-05,1.58846378326416e-05,871.0,1573.0
1650161961,0.0,0.001748569,0.0,1.5854835510253906e-05,1.5854835510253906e-05,868.5,1695.5
1650161962,0.0,0.003678825,0.0,1.58846378326416e-05,1.58846378326416e-05,1659.0,2711.0
1650161963,0.0,0.003678825,0.0,1.58846378326416e-05,1.58846378326416e-05,1659.0,2711.0
1650161964,0.0,0.001029747,0.0,1.6301870346069336e-05,1.6301870346069336e-05,434.5,2767.5
1650161965,0.0,0.002082877,0.0,1.5914440155029297e-05,1.5914440155029297e-05,730.0,1753.0
1650161966,0.0,0.002396274,0.0,1.6421079635620117e-05,1.6421079635620117e-05,1217.0,1520.0
1650161967,0.0,0.002396274,0.0,1.6421079635620117e-05,1.6421079635620117e-05,1217.0,1520.0
1650161968,0.0,7.8338e-05,0.0,1.6421079635620117e-05,1.6421079635620117e-05,107.0,204.5
1650161969,0.0,0.006802036,0.0,1.609325408935547e-05,1.609325408935547e-05,3007.0,4956.0
1650161970,0.0,0.006802036,0.0,1.609325408935547e-05,1.609325408935547e-05,3007.0,4956.0
1650161971,0.0,0.0018903435,0.005,1.6421079635620117e-05,1.6421079635620117e-05,961.0,1353.5
1650161972,0.0,0.002065305,0.0,1.5497207641601562e-05,1.5497207641601562e-05,862.0,1755.0
1650161973,0.0,0.003965241,0.0,1.5467405319213867e-05,1.5467405319213867e-05,1989.0,4775.0
1650161974,0.0,0.002266633,0.0,1.481175422668457e-05,1.481175422668457e-05,862.0,1683.0
1650161975,0.0,0.002266633,0.0,1.481175422668457e-05,1.481175422668457e-05,862.0,1683.0
1650161976,0.0,0.003495508,0.0,1.513957977294922e-05,1.513957977294922e-05,2024.0,3330.0
1650161977,0.01,0.003547014,0.0,1.513957977294922e-05,1.513957977294922e-05,1593.0,3112.0
1650161978,0.01,0.003547014,0.0,1.513957977294922e-05,1.513957977294922e-05,1593.0,3112.0
1650161979,0.0,0.003503046,0.005,1.4901161193847656e-05,1.4901161193847656e-05,1437.0,2568.0
1650161980,0.0,0.003503046,0.005,1.4901161193847656e-05,1.4901161193847656e-05,1437.0,2568.0
1650161981,0.0,0.003713381,0.0,1.4662742614746094e-05,1.4662742614746094e-05,2001.0,3160.5
1650161982,0.0,0.003713381,0.0,1.4662742614746094e-05,1.4662742614746094e-05,2001.0,3160.5
1650161983,0.0,6.9078e-05,0.0,1.4483928680419922e-05,1.4483928680419922e-05,39.0,902.5
1650161984,0.0,0.003390065,0.0,1.4603137969970705e-05,1.4603137969970705e-05,1923.0,2661.0
1650161985,0.0,0.003390065,0.0,1.4603137969970705e-05,1.4603137969970705e-05,1923.0,2661.0
1650161986,0.0,0.000680353,0.0,1.4930963516235352e-05,1.4930963516235352e-05,431.5,615.0
1650161987,0.0,0.000680353,0.0,1.4930963516235352e-05,1.4930963516235352e-05,431.5,615.0
1650161988,0.0,0.0029233165,0.0,1.4573335647583008e-05,1.4573335647583008e-05,1330.5,2272.5
1650161989,0.02,0.007613983,0.01,1.4573335647583008e-05,1.4573335647583008e-05,3684.0,6450.0
1650161990,0.02,0.007613983,0.01,1.4573335647583008e-05,1.4573335647583008e-05,3684.0,6450.0
1650161991,0.0,0.001689897,0.0,1.4513731002807615e-05,1.4513731002807615e-05,895.5,1357.0
1650161992,0.0,0.001689897,0.0,1.4513731002807615e-05,1.4513731002807615e-05,895.5,1357.0
1650161993,0.0,0.0017491865,0.0,1.4454126358032228e-05,1.4454126358032228e-05,928.5,1490.0
1650161994,0.0,0.0017491865,0.0,1.4454126358032228e-05,1.4454126358032228e-05,928.5,1490.0
1650161995,0.005,0.0030778625,0.0,1.4126300811767578e-05,1.4126300811767578e-05,1499.0,2373.0
1650161996,0.0,0.001778499,0.0,1.4483928680419922e-05,1.4483928680419922e-05,949.0,1573.0
1650161997,0.0,0.001778499,0.0,1.4483928680419922e-05,1.4483928680419922e-05,949.0,1573.0
1650161998,0.0,0.000766063,0.0,1.4960765838623049e-05,1.4960765838623049e-05,474.5,884.5
1650161999,0.0,0.003557227,0.0,1.5020370483398438e-05,1.5020370483398438e-05,1724.0,2709.0
1650162000,0.0,0.0,0.0,1.4960765838623049e-05,1.4960765838623049e-05,78.0,202.0
1650162001,0.0,0.001858613,0.0,1.5497207641601562e-05,1.5497207641601562e-05,937.0,1766.0
1650162002,0.0,0.001858613,0.0,1.5497207641601562e-05,1.5497207641601562e-05,937.0,1766.0
1650162003,0.0,0.0038845175,0.0,1.5288591384887695e-05,1.5288591384887695e-05,1503.5,2806.0
1650162004,0.0,0.0038845175,0.0,1.5288591384887695e-05,1.5288591384887695e-05,1503.5,2806.0
1650162005,0.005,0.001154725,0.0,1.475214958190918e-05,1.475214958190918e-05,359.0,934.5
1650162006,0.0,0.005931497,0.0,1.4096498489379885e-05,1.4096498489379885e-05,2999.0,4479.0
1650162007,0.0,0.005941015,0.0,1.3530254364013672e-05,1.3530254364013672e-05,2916.0,4326.0
1650162008,0.0,0.005941015,0.0,1.3530254364013672e-05,1.3530254364013672e-05,2916.0,4326.0
1650162009,0.005,0.0048080485,0.005,1.3530254364013672e-05,1.3530254364013672e-05,2607.5,4160.5
1650162010,0.005,0.0048080485,0.005,1.3530254364013672e-05,1.3530254364013672e-05,2607.5,4160.5
1650162011,0.005,0.004557877,0.0,1.3500452041625977e-05,1.3500452041625977e-05,2455.5,4100.0
1650162012,0.005,0.004557877,0.0,1.3500452041625977e-05,1.3500452041625977e-05,2455.5,4100.0
1650162013,0.0,0.0060463115,0.0,1.3500452041625977e-05,1.3500452041625977e-05,3321.0,5564.0
1650162014,0.01,0.01023117,0.0,1.3500452041625977e-05,1.3500452041625977e-05,5463.0,9966.0
1650162015,0.0,0.002916131,0.0,1.3500452041625977e-05,1.3500452041625977e-05,1791.0,2716.0
1650162016,0.0,0.008701973,0.0,1.3709068298339844e-05,1.3709068298339844e-05,4976.0,8405.0
1650162017,0.0,0.003606853,0.0,1.3530254364013672e-05,1.3530254364013672e-05,1938.0,3050.0
1650162018,0.0,0.003606853,0.0,1.3530254364013672e-05,1.3530254364013672e-05,1938.0,3050.0
1650162019,0.005,0.0045111275,0.0,1.3500452041625977e-05,1.3500452041625977e-05,2587.5,4069.5
1650162020,0.005,0.0045111275,0.0,1.3500452041625977e-05,1.3500452041625977e-05,2587.5,4069.5
1650162021,0.0,0.0029441595,0.0,1.3500452041625977e-05,1.3500452041625977e-05,1593.0,2715.0
1650162022,0.01,0.009023488,0.0,1.3500452041625977e-05,1.3500452041625977e-05,4778.0,8138.0
1650162023,0.01,0.016413167,0.01,1.3768672943115234e-05,1.3768672943115234e-05,8300.0,19098.0
1650162024,0.0,0.012628845,0.0,1.3530254364013672e-05,1.3530254364013672e-05,7188.0,11679.0
1650162025,0.0,0.012628845,0.0,1.3530254364013672e-05,1.3530254364013672e-05,7188.0,11679.0
1650162026,0.0,0.0060477965,0.005,1.3560056686401367e-05,1.3560056686401367e-05,3284.5,5432.0
1650162027,0.0,0.006073454,0.0,1.347064971923828e-05,1.347064971923828e-05,3186.0,5696.0
1650162028,0.0,0.006073454,0.0,1.347064971923828e-05,1.347064971923828e-05,3186.0,5696.0
1650162029,0.0,0.0060307325,0.0,1.4215707778930664e-05,1.4215707778930664e-05,3374.5,5440.5
1650162030,0.01,0.009144044,0.0,1.3589859008789062e-05,1.3589859008789062e-05,5077.0,8408.0
1650162031,0.0,0.003097379,0.01,1.4036893844604492e-05,1.4036893844604492e-05,1659.0,2770.0
1650162032,0.0,0.003097379,0.01,1.4036893844604492e-05,1.4036893844604492e-05,1659.0,2770.0
1650162033,0.0,0.0028208495,0.0,1.3530254364013672e-05,1.3530254364013672e-05,1625.5,2743.0
1650162034,0.0,0.0028208495,0.0,1.3530254364013672e-05,1.3530254364013672e-05,1625.5,2743.0
1650162035,0.01,0.010080915,0.0,1.3947486877441406e-05,1.3947486877441406e-05,5257.0,9618.5
1650162036,0.01,0.010080915,0.0,1.3947486877441406e-05,1.3947486877441406e-05,5257.0,9618.5
1650162037,0.005,0.007302039,0.005,1.3530254364013672e-05,1.3530254364013672e-05,4213.5,6815.5
1650162038,0.005,0.007302039,0.005,1.3530254364013672e-05,1.3530254364013672e-05,4213.5,6815.5
1650162039,0.005,0.003117665,0.0,1.347064971923828e-05,1.347064971923828e-05,1593.0,2847.5
1650162040,0.0,0.007727556,0.0,1.3619661331176758e-05,1.3619661331176758e-05,5321.0,8418.0
1650162041,0.0,0.007727556,0.0,1.3619661331176758e-05,1.3619661331176758e-05,5321.0,8418.0
1650162042,0.0,0.0037106825,0.0,1.3560056686401367e-05,1.3560056686401367e-05,2455.0,4073.0
1650162043,0.0,0.00777287,0.0,1.3530254364013672e-05,1.3530254364013672e-05,4777.0,15025.0
1650162044,0.0,0.00777287,0.0,1.3530254364013672e-05,1.3530254364013672e-05,4777.0,15025.0
1650162045,0.005,0.0038692755,0.0,1.3530254364013672e-05,1.3530254364013672e-05,2492.5,4202.5
1650162046,0.0,0.005598399,0.0,1.379847526550293e-05,1.379847526550293e-05,3738.0,6247.0
1650162047,0.0,0.005598399,0.0,1.379847526550293e-05,1.379847526550293e-05,3738.0,6247.0
1650162048,0.005,0.006004149,0.005,1.3560056686401367e-05,1.3560056686401367e-05,4299.5,6806.5
1650162049,0.01,0.007403686,0.0,1.3619661331176758e-05,1.3619661331176758e-05,4778.0,8405.0
1650162050,0.01,0.007403686,0.0,1.3619661331176758e-05,1.3619661331176758e-05,4778.0,8405.0
1650162051,0.0,0.004923199,0.0,1.3679265975952148e-05,1.3679265975952148e-05,3524.0,5570.5
1650162052,0.0,0.002217609,0.0,1.3649463653564451e-05,1.3649463653564451e-05,1592.0,2716.0
1650162053,0.0,0.002217609,0.0,1.3649463653564451e-05,1.3649463653564451e-05,1592.0,2716.0
1650162054,0.0,0.0025273405,0.0,1.3530254364013672e-05,1.3530254364013672e-05,1593.0,4497.5
1650162055,0.01,0.009922866,0.0,1.3589859008789062e-05,1.3589859008789062e-05,6644.0,11128.0
1650162056,0.01,0.009922866,0.0,1.3589859008789062e-05,1.3589859008789062e-05,6644.0,11128.0
1650162057,0.005,0.002750867,0.005,1.347064971923828e-05,1.347064971923828e-05,1625.5,2913.5
1650162058,0.01,0.008044623,0.0,1.3589859008789062e-05,1.3589859008789062e-05,5594.0,8568.0
1650162059,0.0,0.002729681,0.0,1.3530254364013672e-05,1.3530254364013672e-05,1791.0,2716.0
1650162060,0.0,0.002729681,0.0,1.3530254364013672e-05,1.3530254364013672e-05,1791.0,2716.0
1650162061,0.0,0.0024135955,0.0,1.347064971923828e-05,1.347064971923828e-05,1593.0,2847.5
1650162062,0.0,0.0024135955,0.0,1.347064971923828e-05,1.347064971923828e-05,1593.0,2847.5
1650162063,0.0,0.007832452,0.005,1.4066696166992188e-05,1.4066696166992188e-05,3524.0,5571.0
1650162064,0.0,0.005157628,0.0,1.3768672943115234e-05,1.3768672943115234e-05,3185.0,8128.0
1650162065,0.0,0.004649651,0.0,1.424551010131836e-05,1.424551010131836e-05,3186.0,5563.0
1650162066,0.0,0.004649651,0.0,1.424551010131836e-05,1.424551010131836e-05,3186.0,5563.0
1650162067,0.0,0.00398472,0.005,1.3679265975952148e-05,1.3679265975952148e-05,2525.5,4144.0
1650162068,0.01,0.006095372,0.0,1.3530254364013672e-05,1.3530254364013672e-05,3671.0,6241.0
1650162069,0.01,0.005011348,0.0,1.3530254364013672e-05,1.3530254364013672e-05,3582.0,5431.0
1650162070,0.0,0.007256347,0.0,1.3530254364013672e-05,1.3530254364013672e-05,4977.0,8139.0
1650162071,0.0,0.007256347,0.0,1.3530254364013672e-05,1.3530254364013672e-05,4977.0,8139.0
1650162072,0.005,0.0041383075,0.0,1.4454126358032228e-05,1.4454126358032228e-05,2595.0,4338.0
1650162073,0.005,0.0041383075,0.0,1.4454126358032228e-05,1.4454126358032228e-05,2595.0,4338.0
1650162074,0.0,0.004073825,0.0,1.3530254364013672e-05,1.3530254364013672e-05,2521.0,5842.0
1650162075,0.0,0.007489597,0.01,1.3530254364013672e-05,1.3530254364013672e-05,4779.0,8145.0
1650162076,0.0,0.007489597,0.01,1.3530254364013672e-05,1.3530254364013672e-05,4779.0,8145.0
1650162077,0.005,0.004110521,0.005,1.3530254364013672e-05,1.3530254364013672e-05,2492.5,4210.0
1650162078,0.005,0.004110521,0.005,1.3530254364013672e-05,1.3530254364013672e-05,2492.5,4210.0
1650162079,0.0,0.0040479565,0.0,1.5169382095336914e-05,1.5169382095336914e-05,2665.5,4482.0
1650162080,0.0,0.007134504,0.0,1.3530254364013672e-05,1.3530254364013672e-05,5373.0,8147.0
1650162081,0.0,0.007134504,0.0,1.3530254364013672e-05,1.3530254364013672e-05,5373.0,8147.0
1650162082,0.0,0.003728092,0.0,1.3530254364013672e-05,1.3530254364013672e-05,2389.5,4073.0
1650162083,0.0,0.005455276,0.01,1.3530254364013672e-05,1.3530254364013672e-05,3466.0,5974.0
1650162084,0.0,0.004722963,0.0,1.3679265975952148e-05,1.3679265975952148e-05,3449.0,9786.0
1650162085,0.0,0.002380388,0.0,1.3530254364013672e-05,1.3530254364013672e-05,1725.0,2716.0
1650162086,0.0,0.002380388,0.0,1.3530254364013672e-05,1.3530254364013672e-05,1725.0,2716.0
1650162087,0.0,0.002412405,0.0,1.3709068298339844e-05,1.3709068298339844e-05,1593.0,2715.5
1650162088,0.0,0.002503252,0.0,1.3500452041625977e-05,1.3500452041625977e-05,1592.0,2846.0
1650162089,0.0,0.004840325,0.0,1.3530254364013672e-05,1.3530254364013672e-05,3434.0,5614.0
1650162090,0.0,0.004840325,0.0,1.3530254364013672e-05,1.3530254364013672e-05,3434.0,5614.0
1650162091,0.0,0.004061138,0.005,1.373887062072754e-05,1.373887062072754e-05,2763.5,4478.0
1650162092,0.0,0.006963168,0.0,1.3768672943115234e-05,1.3768672943115234e-05,5175.0,8147.0
1650162093,0.0,0.008092381,0.0,1.4066696166992188e-05,1.4066696166992188e-05,5059.0,9694.0
1650162094,0.0,0.008092381,0.0,1.4066696166992188e-05,1.4066696166992188e-05,5059.0,9694.0
1650162095,0.0,0.002374025,0.005,1.3560056686401367e-05,1.3560056686401367e-05,1725.0,2712.5
1650162096,0.01,0.004976902,0.0,1.3649463653564451e-05,1.3649463653564451e-05,3317.0,5432.0
1650162097,0.01,0.004976902,0.0,1.3649463653564451e-05,1.3649463653564451e-05,3317.0,5432.0
1650162098,0.0,0.0025374385,0.005,1.4483928680419922e-05,1.4483928680419922e-05,1592.5,2711.0
1650162099,0.0,0.007583075,0.0,1.3768672943115234e-05,1.3768672943115234e-05,4919.0,8420.0
1650162100,0.0,0.007583075,0.0,1.3768672943115234e-05,1.3768672943115234e-05,4919.0,8420.0
1650162101,0.005,0.005271624,0.005,1.582503318786621e-05,1.582503318786621e-05,3594.0,5838.5
1650162102,0.01,0.00476376,0.01,1.3709068298339844e-05,1.3709068298339844e-05,3581.0,5431.0
1650162103,0.01,0.00476376,0.01,1.3709068298339844e-05,1.3709068298339844e-05,3581.0,5431.0
1650162104,0.0,0.003920414,0.0,1.3530254364013672e-05,1.3530254364013672e-05,2529.0,5274.0
1650162105,0.0,0.003920414,0.0,1.3530254364013672e-05,1.3530254364013672e-05,2529.0,5274.0
1650162106,0.0,0.0022958375,0.0,1.3560056686401367e-05,1.3560056686401367e-05,1725.0,2715.5
1650162107,0.0,0.0022958375,0.0,1.3560056686401367e-05,1.3560056686401367e-05,1725.0,2715.5
1650162108,0.005,0.0034227145,0.0,1.3530254364013672e-05,1.3530254364013672e-05,2454.5,4070.5
1650162109,0.0,0.005636834,0.0,1.4156103134155272e-05,1.4156103134155272e-05,4113.0,6728.0
1650162110,0.0,0.003869951,0.01,1.3530254364013672e-05,1.3530254364013672e-05,2259.0,4268.0
1650162111,0.0,0.003869951,0.01,1.3530254364013672e-05,1.3530254364013672e-05,2259.0,4268.0
1650162112,0.005,0.003647056,0.0,1.3530254364013672e-05,1.3530254364013672e-05,2558.5,4368.5
1650162113,0.0,0.005629819,0.0,1.3530254364013672e-05,1.3530254364013672e-05,3870.0,5852.0
1650162114,0.0,0.004698554,0.0,1.3530254364013672e-05,1.3530254364013672e-05,3582.0,5432.0
1650162115,0.0,0.004698554,0.0,1.3530254364013672e-05,1.3530254364013672e-05,3582.0,5432.0
1650162116,0.005,0.0025864995,0.0,1.3768672943115234e-05,1.3768672943115234e-05,1733.0,2988.0
1650162117,0.0,0.00758078,0.0,1.3589859008789062e-05,1.3589859008789062e-05,5173.0,8141.0
1650162118,0.0,0.00758078,0.0,1.3589859008789062e-05,1.3589859008789062e-05,5173.0,8141.0
1650162119,0.0,0.0024423755,0.005,1.4156103134155272e-05,1.4156103134155272e-05,1592.0,2712.0
1650162120,0.0,0.004634923,0.0,1.3679265975952148e-05,1.3679265975952148e-05,3186.0,5430.0
1650162121,0.0,0.002499438,0.0,1.3500452041625977e-05,1.3500452041625977e-05,1593.0,2847.0
1650162122,0.0,0.002499438,0.0,1.3500452041625977e-05,1.3500452041625977e-05,1593.0,2847.0
1650162123,0.005,0.004181917,0.0,1.3530254364013672e-05,1.3530254364013672e-05,2525.5,4144.0
1650162124,0.0,0.005559649,0.0,1.3530254364013672e-05,1.3530254364013672e-05,3669.0,8100.0
1650162125,0.0,0.005559649,0.0,1.3530254364013672e-05,1.3530254364013672e-05,3669.0,8100.0
1650162126,0.0,0.0025021825,0.0,1.3500452041625977e-05,1.3500452041625977e-05,1791.0,2847.0
1650162127,0.0,0.005365203,0.01,1.3530254364013672e-05,1.3530254364013672e-05,3796.0,5712.0
1650162128,0.0,0.004769855,0.0,1.3709068298339844e-05,1.3709068298339844e-05,3450.0,5432.0
1650162129,0.0,0.004769855,0.0,1.3709068298339844e-05,1.3709068298339844e-05,3450.0,5432.0
1650162130,0.005,0.003551736,0.0,1.4156103134155272e-05,1.4156103134155272e-05,2389.0,4072.5
1650162131,0.0,0.005056844,0.0,1.3589859008789062e-05,1.3589859008789062e-05,3185.0,5432.0
1650162132,0.0,0.005056844,0.0,1.3589859008789062e-05,1.3589859008789062e-05,3185.0,5432.0
1650162133,0.0,0.002417543,0.005,1.3560056686401367e-05,1.3560056686401367e-05,1593.0,2782.0
1650162134,0.0,0.010510084,0.0,1.347064971923828e-05,1.347064971923828e-05,6709.0,13230.0
1650162135,0.0,0.010510084,0.0,1.347064971923828e-05,1.347064971923828e-05,6709.0,13230.0
1650162136,0.005,0.0039443985,0.0,1.3530254364013672e-05,1.3530254364013672e-05,2796.5,4412.0
1650162137,0.005,0.0039443985,0.0,1.3530254364013672e-05,1.3530254364013672e-05,2796.5,4412.0
1650162138,0.0,0.003704547,0.0,1.3649463653564451e-05,1.3649463653564451e-05,2760.5,4213.5
1650162139,0.0,0.003704547,0.0,1.3649463653564451e-05,1.3649463653564451e-05,2760.5,4213.5
1650162140,0.005,0.003428346,0.0,1.3589859008789062e-05,1.3589859008789062e-05,2476.0,4093.0
1650162141,0.0,0.006975761,0.0,1.3679265975952148e-05,1.3679265975952148e-05,4778.0,8146.0
1650162142,0.0,0.006975761,0.0,1.3679265975952148e-05,1.3679265975952148e-05,4778.0,8146.0
1650162143,0.0,0.0022007235,0.0,1.3589859008789062e-05,1.3589859008789062e-05,1593.0,2716.0
1650162144,0.0,0.0022007235,0.0,1.3589859008789062e-05,1.3589859008789062e-05,1593.0,2716.0
1650162145,0.005,0.00345089,0.0,1.475214958190918e-05,1.475214958190918e-05,2275.5,5342.5
1650162146,0.0,0.003092999,0.0,1.347064971923828e-05,1.347064971923828e-05,2093.0,3572.0
1650162147,0.01,0.005609593,0.0,1.3589859008789062e-05,1.3589859008789062e-05,3936.0,5845.0
1650162148,0.01,0.005609593,0.0,1.3589859008789062e-05,1.3589859008789062e-05,3936.0,5845.0
1650162149,0.0,0.003910345,0.0,1.3560056686401367e-05,1.3560056686401367e-05,2793.5,4345.5
1650162150,0.01,0.004639761,0.01,1.3589859008789062e-05,1.3589859008789062e-05,3449.0,5431.0
1650162151,0.01,0.004639761,0.01,1.3589859008789062e-05,1.3589859008789062e-05,3449.0,5431.0
1650162152,0.0,0.002305652,0.0,1.3560056686401367e-05,1.3560056686401367e-05,1593.0,2715.5
1650162153,0.0,0.002305652,0.0,1.3560056686401367e-05,1.3560056686401367e-05,1593.0,2715.5
1650162154,0.0,0.00495876,0.0,1.3560056686401367e-05,1.3560056686401367e-05,3185.5,6351.5
1650162155,0.0,0.004999667,0.0,1.3619661331176758e-05,1.3619661331176758e-05,3186.0,5429.0
1650162156,0.0,0.005196636,0.0,1.3560056686401367e-05,1.3560056686401367e-05,3325.0,5704.0
1650162157,0.0,0.005843671,0.0,1.3560056686401367e-05,1.3560056686401367e-05,3738.0,6248.0
1650162158,0.0,0.005843671,0.0,1.3560056686401367e-05,1.3560056686401367e-05,3738.0,6248.0
1650162159,0.0,0.0024016515,0.0,1.3500452041625977e-05,1.3500452041625977e-05,1823.5,2848.0
1650162160,0.0,0.010847846,0.0,1.3589859008789062e-05,1.3589859008789062e-05,7246.0,11141.0
1650162161,0.01,0.006333128,0.0,1.3619661331176758e-05,1.3619661331176758e-05,3185.0,5424.0
1650162162,0.01,0.006333128,0.0,1.3619661331176758e-05,1.3619661331176758e-05,3185.0,5424.0
1650162163,0.0,0.0031182085,0.005,1.3560056686401367e-05,1.3560056686401367e-05,1593.0,2712.5
1650162164,0.0,0.012306592,0.0,1.3828277587890623e-05,1.3828277587890623e-05,6436.0,14232.0
1650162165,0.0,0.012306592,0.0,1.3828277587890623e-05,1.3828277587890623e-05,6436.0,14232.0
1650162166,0.0,0.001374532,0.0,1.3589859008789062e-05,1.3589859008789062e-05,796.5,1358.0
1650162167,0.01,0.006435175,0.01,1.373887062072754e-05,1.373887062072754e-05,3326.0,5704.0
1650162168,0.01,0.006875954,0.0,1.3649463653564451e-05,1.3649463653564451e-05,3738.0,6247.0
1650162169,0.01,0.006875954,0.0,1.3649463653564451e-05,1.3649463653564451e-05,3738.0,6247.0
1650162170,0.0,0.003351782,0.0,1.4036893844604492e-05,1.4036893844604492e-05,1824.0,2843.0
1650162171,0.0,0.009984877,0.0,1.3619661331176758e-05,1.3619661331176758e-05,5520.0,8410.0
1650162172,0.0,0.009984877,0.0,1.3619661331176758e-05,1.3619661331176758e-05,5520.0,8410.0
1650162173,0.005,0.0031131685,0.0,1.3560056686401367e-05,1.3560056686401367e-05,1659.0,2715.5
1650162174,0.0,0.015345959,0.01,1.3589859008789062e-05,1.3589859008789062e-05,7964.0,17311.0
1650162175,0.0,0.015345959,0.01,1.3589859008789062e-05,1.3589859008789062e-05,7964.0,17311.0
1650162176,0.005,0.0043867205,0.0,1.3560056686401367e-05,1.3560056686401367e-05,2389.0,4070.5
1650162177,0.0,0.005849748,0.0,1.3619661331176758e-05,1.3619661331176758e-05,3186.0,5562.0
1650162178,0.0,0.005849748,0.0,1.3619661331176758e-05,1.3619661331176758e-05,3186.0,5562.0
1650162179,0.0,0.0033966915,0.0,1.347064971923828e-05,1.347064971923828e-05,1695.5,2979.5
1650162180,0.0,0.0033966915,0.0,1.347064971923828e-05,1.347064971923828e-05,1695.5,2979.5
1650162181,0.0,0.007105569,0.0,1.3500452041625977e-05,1.3500452041625977e-05,3759.0,5773.5
1650162182,0.0,0.0,0.0,1.3500452041625977e-05,1.3500452041625977e-05,0.0,0.0
1650162183,0.0,0.0,0.0,1.3500452041625977e-05,1.3500452041625977e-05,0.0,0.0
1650162184,0.0,0.0,0.0,1.3500452041625977e-05,1.3500452041625977e-05,0.0,0.0
1650162185,0.0,0.0,0.0,1.3500452041625977e-05,1.3500452041625977e-05,0.0,0.0
1650162186,0.0,4.84575e-05,0.0,1.3500452041625977e-05,1.3500452041625977e-05,0.0,668.75
1650162187,0.0,0.0,0.0,1.3500452041625977e-05,1.3500452041625977e-05,0.0,0.0
1650162188,0.0,0.0,0.0,1.3500452041625977e-05,1.3500452041625977e-05,0.0,0.0
1650162189,0.0,0.0,0.0,1.3500452041625977e-05,1.3500452041625977e-05,21.0,21.0
1650162190,0.0,0.0,0.0,1.3500452041625977e-05,1.3500452041625977e-05,21.0,21.0
1650162191,0.0,0.0,0.0,1.3500452041625977e-05,1.3500452041625977e-05,0.0,0.0
1650162192,0.0,0.0,0.0,1.3500452041625977e-05,1.3500452041625977e-05,0.0,0.0
1650162193,0.0,0.0,0.0,1.3500452041625977e-05,1.3500452041625977e-05,0.0,0.0
1650162194,0.0,1.4136666666666666e-05,0.0,1.3500452041625977e-05,1.3500452041625977e-05,0.0,0.0
1650162195,0.0,1.4136666666666666e-05,0.0,1.3500452041625977e-05,1.3500452041625977e-05,0.0,0.0
1650162196,0.0,0.0,0.0,1.3500452041625977e-05,1.3500452041625977e-05,0.0,0.0
1650162197,0.0,0.0,0.0,1.3500452041625977e-05,1.3500452041625977e-05,0.0,0.0
1650162198,0.0,0.0,0.0,1.3500452041625977e-05,1.3500452041625977e-05,0.0,0.0
1650162199,0.0,0.0,0.0,1.3500452041625977e-05,1.3500452041625977e-05,0.0,0.0
1650162200,0.0,0.0,0.0,1.3500452041625977e-05,1.3500452041625977e-05,0.0,0.0
1650162201,0.0,0.0,0.0,1.3500452041625977e-05,1.3500452041625977e-05,0.0,0.0
1650162202,0.0,0.0,0.0,1.3500452041625977e-05,1.3500452041625977e-05,0.0,0.0
1650162203,0.0,0.0,0.0,1.3500452041625977e-05,1.3500452041625977e-05,0.0,0.0
1650162204,0.0,0.0,0.0,1.3500452041625977e-05,1.3500452041625977e-05,0.0,0.0
1650162205,0.0,0.0,0.0,1.3500452041625977e-05,1.3500452041625977e-05,0.0,0.0
1650162206,0.0,6.993333333333333e-06,0.0,1.3500452041625977e-05,1.3500452041625977e-05,0.0,0.0
1650162207,0.0,6.993333333333333e-06,0.0,1.3500452041625977e-05,1.3500452041625977e-05,0.0,0.0
1650162208,0.0,0.0,0.0,1.3500452041625977e-05,1.3500452041625977e-05,0.0,0.0
1650162209,0.0,0.0,0.0,1.3500452041625977e-05,1.3500452041625977e-05,0.0,0.0
1650162210,0.0,0.0,0.0,1.3500452041625977e-05,1.3500452041625977e-05,0.0,0.0
1650162211,0.0,0.0,0.0,1.3500452041625977e-05,1.3500452041625977e-05,0.0,0.0
1650162212,0.0,0.0,0.0,1.3500452041625977e-05,1.3500452041625977e-05,0.0,0.0
1650162213,0.0,0.0,0.0,1.3500452041625977e-05,1.3500452041625977e-05,0.0,0.0
1650162214,0.0,0.0,0.0,1.3500452041625977e-05,1.3500452041625977e-05,0.0,0.0
1650162215,0.0,0.0,0.0,1.3500452041625977e-05,1.3500452041625977e-05,0.0,0.0
1650162216,0.0,0.0,0.0,1.3500452041625977e-05,1.3500452041625977e-05,0.0,0.0
1650162217,0.0,0.0,0.0,1.3500452041625977e-05,1.3500452041625977e-05,0.0,0.0
1650162218,0.0,0.0,0.0,1.3500452041625977e-05,1.3500452041625977e-05,0.0,0.0
1650162219,0.0,4.20775e-06,0.0,1.3500452041625977e-05,1.3500452041625977e-05,0.0,0.0
1650162220,0.0,0.0,0.0,1.3500452041625977e-05,1.3500452041625977e-05,0.0,0.0
1650162221,0.0,0.0,0.0,1.3500452041625977e-05,1.3500452041625977e-05,0.0,0.0
1650162222,0.0,0.0,0.0,1.3500452041625977e-05,1.3500452041625977e-05,0.0,0.0
1650162223,0.0,0.0,0.0,1.3500452041625977e-05,1.3500452041625977e-05,0.0,0.0
1650162224,0.0,1.07035e-05,0.0,1.3500452041625977e-05,1.3500452041625977e-05,0.0,0.0
1650162225,0.0,0.0,0.0,1.3500452041625977e-05,1.3500452041625977e-05,0.0,0.0
1650162226,0.0,0.0,0.0,1.3500452041625977e-05,1.3500452041625977e-05,0.0,0.0
1650162227,0.0,0.0,0.0,1.3500452041625977e-05,1.3500452041625977e-05,0.0,0.0
1650162228,0.0,0.0,0.0,1.3500452041625977e-05,1.3500452041625977e-05,0.0,0.0
1650162229,0.0,0.0,0.0,1.3500452041625977e-05,1.3500452041625977e-05,0.0,0.0
1650162230,0.0,0.0,0.0,1.3500452041625977e-05,1.3500452041625977e-05,0.0,0.0
1650162231,0.0,0.0,0.0,1.3500452041625977e-05,1.3500452041625977e-05,0.0,0.0
1650162232,0.0,0.0,0.0,1.3500452041625977e-05,1.3500452041625977e-05,0.0,0.0
1650162233,0.0,0.0,0.0,1.3500452041625977e-05,1.3500452041625977e-05,0.0,0.0
1650162234,0.0,0.0,0.0,1.3500452041625977e-05,1.3500452041625977e-05,0.0,0.0
1650162235,0.0,0.0,0.0,1.3500452041625977e-05,1.3500452041625977e-05,0.0,0.0
1650162236,0.0,6.2345714285714284e-06,0.0,1.3500452041625977e-05,1.3500452041625977e-05,0.0,0.0
1650162237,0.0,6.2345714285714284e-06,0.0,1.3500452041625977e-05,1.3500452041625977e-05,0.0,0.0
1650162238,0.0,0.0,0.0,1.3500452041625977e-05,1.3500452041625977e-05,0.0,0.0
1650162239,0.0,0.0,0.0,1.3500452041625977e-05,1.3500452041625977e-05,0.0,0.0
1650162240,0.0,0.0,0.0,1.3500452041625977e-05,1.3500452041625977e-05,0.0,0.0
1650162241,0.0033333333333333,0.001121939,0.0,1.3828277587890623e-05,1.3828277587890623e-05,466.3333333333333,967.6666666666666
1650162242,0.0,0.00013263,0.0,1.3828277587890623e-05,1.3828277587890623e-05,74.0,300.0
1650162243,0.0,0.00013263,0.0,1.3828277587890623e-05,1.3828277587890623e-05,74.0,300.0
1650162244,0.0,2.2645e-05,0.0,1.3828277587890623e-05,1.3828277587890623e-05,74.0,33.0
1650162245,0.0,0.0,0.0,1.3828277587890623e-05,1.3828277587890623e-05,654.0,588.0
1650162246,0.0,0.0,0.0,1.3828277587890623e-05,1.3828277587890623e-05,654.0,588.0
1650162247,0.0,0.0,0.0,1.3828277587890623e-05,1.3828277587890623e-05,0.0,0.0
1650162248,0.0,0.0,0.0,1.3828277587890623e-05,1.3828277587890623e-05,0.0,0.0
1650162249,0.0,0.0,0.0,1.3828277587890623e-05,1.3828277587890623e-05,0.0,0.0
1650162250,0.0,0.0,0.0,1.3828277587890623e-05,1.3828277587890623e-05,22.0,22.0
1650162251,0.0,0.0,0.0,1.3828277587890623e-05,1.3828277587890623e-05,22.0,22.0
1650162252,0.0,0.000328906,0.0,1.347064971923828e-05,1.347064971923828e-05,95.0,164.0
1650162253,0.0,0.0,0.0,1.347064971923828e-05,1.347064971923828e-05,0.0,0.0
1650162254,0.0,0.0,0.0,1.347064971923828e-05,1.347064971923828e-05,0.0,0.0
1650162255,0.0,2.29775e-05,0.0,1.347064971923828e-05,1.347064971923828e-05,0.0,0.0
1650162256,0.0,2.29775e-05,0.0,1.347064971923828e-05,1.347064971923828e-05,0.0,0.0
1650162257,0.0,0.0,0.0,1.347064971923828e-05,1.347064971923828e-05,0.0,0.0
1650162258,0.0,0.0,0.0,1.347064971923828e-05,1.347064971923828e-05,0.0,0.0
1650162259,0.0,0.001954567,0.0,1.3887882232666016e-05,1.3887882232666016e-05,905.0,1423.0
1650162260,0.0,0.0,0.0,1.3887882232666016e-05,1.3887882232666016e-05,0.0,74.0
1650162261,0.0,0.000205075,0.0,1.3887882232666016e-05,1.3887882232666016e-05,74.0,300.0
1650162262,0.0,0.0,0.0,1.3887882232666016e-05,1.3887882232666016e-05,148.0,66.0
1650162263,0.0,0.0,0.0,1.3887882232666016e-05,1.3887882232666016e-05,148.0,66.0
1650162264,0.0,0.0015973375,0.0,1.4454126358032228e-05,1.4454126358032228e-05,864.0,1185.0
1650162265,0.0,0.0,0.0,1.4454126358032228e-05,1.4454126358032228e-05,0.0,0.0
1650162266,0.0,0.0,0.0,1.4454126358032228e-05,1.4454126358032228e-05,0.0,0.0
1650162267,0.0,0.0,0.0,1.4454126358032228e-05,1.4454126358032228e-05,0.0,0.0
1650162268,0.0,4.363833333333334e-05,0.0,1.4454126358032228e-05,1.4454126358032228e-05,74.0,121.66666666666669
1650162269,0.0,0.0,0.0,1.4454126358032228e-05,1.4454126358032228e-05,132.0,66.0
1650162270,0.0,0.000599827,0.0,1.4066696166992188e-05,1.4066696166992188e-05,190.0,328.0
1650162271,0.0,0.000599827,0.0,1.4066696166992188e-05,1.4066696166992188e-05,190.0,328.0
1650162272,0.0,0.0,0.0,1.4066696166992188e-05,1.4066696166992188e-05,0.0,0.0
1650162273,0.0,0.0,0.0,1.4066696166992188e-05,1.4066696166992188e-05,0.0,0.0
1650162274,0.0,0.0,0.0,1.4066696166992188e-05,1.4066696166992188e-05,0.0,0.0
1650162275,0.0,1.4319666666666666e-05,0.0,1.4066696166992188e-05,1.4066696166992188e-05,22.0,22.0
1650162276,0.0,0.000598195,0.0,1.3500452041625977e-05,1.3500452041625977e-05,190.0,328.0
1650162277,0.0,0.000598195,0.0,1.3500452041625977e-05,1.3500452041625977e-05,190.0,328.0
1650162278,0.0,0.0,0.0,1.3500452041625977e-05,1.3500452041625977e-05,0.0,0.0
1650162279,0.0,0.0,0.0,1.3500452041625977e-05,1.3500452041625977e-05,0.0,0.0
1650162280,0.0,0.0,0.0,1.3500452041625977e-05,1.3500452041625977e-05,0.0,0.0
1650162281,0.0,0.0,0.0,1.3500452041625977e-05,1.3500452041625977e-05,0.0,0.0
1650162282,0.0,0.0,0.0,1.3500452041625977e-05,1.3500452041625977e-05,0.0,0.0
1650162283,0.0,0.0,0.0,1.3500452041625977e-05,1.3500452041625977e-05,0.0,0.0
1650162284,0.0,0.0,0.0,1.3500452041625977e-05,1.3500452041625977e-05,0.0,0.0
1650162285,0.0,0.0,0.0,1.3500452041625977e-05,1.3500452041625977e-05,0.0,0.0
1650162286,0.0,0.0,0.0,1.3500452041625977e-05,1.3500452041625977e-05,0.0,0.0
1650162287,0.0,0.0,0.0,1.3500452041625977e-05,1.3500452041625977e-05,0.0,0.0
1650162288,0.0,0.0,0.0,1.3500452041625977e-05,1.3500452041625977e-05,0.0,0.0
1650162289,0.0,5.441857142857143e-06,0.0,1.3500452041625977e-05,1.3500452041625977e-05,0.0,0.0
1650162290,0.0,0.0,0.0,1.3500452041625977e-05,1.3500452041625977e-05,0.0,0.0
1650162291,0.0,0.0,0.0,1.3500452041625977e-05,1.3500452041625977e-05,0.0,0.0
1650162292,0.0,0.0,0.0,1.3500452041625977e-05,1.3500452041625977e-05,0.0,0.0
1650162293,0.0,1.3084e-05,0.0,1.3500452041625977e-05,1.3500452041625977e-05,0.0,0.0
1650162294,0.0,1.3084e-05,0.0,1.3500452041625977e-05,1.3500452041625977e-05,0.0,0.0
1650162295,0.0,0.0,0.0,1.3500452041625977e-05,1.3500452041625977e-05,0.0,0.0
1650162296,0.0,0.0,0.0,1.3500452041625977e-05,1.3500452041625977e-05,0.0,0.0
1650162297,0.0,0.0,0.0,1.3500452041625977e-05,1.3500452041625977e-05,0.0,0.0
1650162298,0.0,0.0,0.0,1.3500452041625977e-05,1.3500452041625977e-05,0.0,0.0
1650162299,0.0,0.0,0.0,1.3500452041625977e-05,1.3500452041625977e-05,0.0,0.0
1650162300,0.0,0.0,0.0,1.3500452041625977e-05,1.3500452041625977e-05,0.0,0.0
1650162301,0.0,0.0,0.0,1.3500452041625977e-05,1.3500452041625977e-05,0.0,0.0
1650162302,0.0,0.0,0.0,1.3500452041625977e-05,1.3500452041625977e-05,0.0,0.0
1650162303,0.0,0.0,0.0,1.3500452041625977e-05,1.3500452041625977e-05,0.0,0.0
1650162304,0.0,0.0,0.0,1.3500452041625977e-05,1.3500452041625977e-05,0.0,0.0
1650162305,0.0,5.080125e-06,0.0,1.3500452041625977e-05,1.3500452041625977e-05,0.0,0.0
1650162306,0.0,0.0,0.0,1.3500452041625977e-05,1.3500452041625977e-05,0.0,0.0
1650162307,0.0,0.0,0.0,1.3500452041625977e-05,1.3500452041625977e-05,0.0,0.0
1650162308,0.0,0.0,0.0,1.3500452041625977e-05,1.3500452041625977e-05,0.0,0.0
1650162309,0.0,0.0,0.0,1.3500452041625977e-05,1.3500452041625977e-05,0.0,0.0
1650162310,0.0,0.0,0.0,1.3500452041625977e-05,1.3500452041625977e-05,0.0,0.0
1650162311,0.0,0.0,0.0,1.3500452041625977e-05,1.3500452041625977e-05,0.0,0.0
1650162312,0.0,0.0,0.0,1.3500452041625977e-05,1.3500452041625977e-05,0.0,0.0
1650162313,0.0,0.0,0.0,1.3500452041625977e-05,1.3500452041625977e-05,0.0,0.0
1650162314,0.0,0.0,0.0,1.3500452041625977e-05,1.3500452041625977e-05,0.0,0.0
1650162315,0.0,0.0,0.0,1.3500452041625977e-05,1.3500452041625977e-05,0.0,0.0
1650162316,0.0,0.0,0.0,1.3500452041625977e-05,1.3500452041625977e-05,0.0,0.0
1650162317,0.0,0.0,0.0,1.3500452041625977e-05,1.3500452041625977e-05,0.0,0.0
1650162318,0.0,0.0,0.0,1.3500452041625977e-05,1.3500452041625977e-05,0.0,0.0
1650162319,0.0,0.0,0.0,1.3500452041625977e-05,1.3500452041625977e-05,0.0,0.0
1650162320,0.0,0.0,0.0,1.3500452041625977e-05,1.3500452041625977e-05,0.0,0.0
1650162321,0.0,0.0,0.0,1.3500452041625977e-05,1.3500452041625977e-05,0.0,0.0
1650162322,0.002,0.0044053561,0.001,1.373887062072754e-05,1.373887062072754e-05,2472.3,3963.7
1650162323,0.01,0.009279276,0.0,1.4126300811767578e-05,1.4126300811767578e-05,4778.0,10820.0
1650162324,0.01,0.009279276,0.0,1.4126300811767578e-05,1.4126300811767578e-05,4778.0,10820.0
1650162325,0.005,0.007319924,0.0,1.3947486877441406e-05,1.3947486877441406e-05,3606.0,6247.0
1650162326,0.0,0.005854713,0.01,1.3589859008789062e-05,1.3589859008789062e-05,3978.0,5431.0
1650162327,0.0,0.005854713,0.01,1.3589859008789062e-05,1.3589859008789062e-05,3978.0,5431.0
1650162328,0.0,0.003156569,0.0,1.3679265975952148e-05,1.3679265975952148e-05,1791.0,2715.0
1650162329,0.0,0.003156569,0.0,1.3679265975952148e-05,1.3679265975952148e-05,1791.0,2715.0
1650162330,0.0,0.0061353935,0.0,1.3649463653564451e-05,1.3649463653564451e-05,3207.0,5452.0
1650162331,0.0,0.005928106,0.0,1.3500452041625977e-05,1.3500452041625977e-05,3186.0,5432.0
1650162332,0.0,0.005928106,0.0,1.3500452041625977e-05,1.3500452041625977e-05,3186.0,5432.0
1650162333,0.005,0.0043594875,0.005,1.3560056686401367e-05,1.3560056686401367e-05,2389.5,4072.5
1650162334,0.0,0.00597219,0.0,1.3768672943115234e-05,1.3768672943115234e-05,3185.0,8110.0
1650162335,0.0,0.00597219,0.0,1.3768672943115234e-05,1.3768672943115234e-05,3185.0,8110.0
1650162336,0.0,0.00313393,0.0,1.3619661331176758e-05,1.3619661331176758e-05,1593.0,3111.5
1650162337,0.01,0.011786595,0.0,1.3500452041625977e-05,1.3500452041625977e-05,6477.0,9042.0
1650162338,0.01,0.011786595,0.0,1.3500452041625977e-05,1.3500452041625977e-05,6477.0,9042.0
1650162339,0.005,0.0029797835,0.0,1.3500452041625977e-05,1.3500452041625977e-05,1791.0,2716.0
1650162340,0.01,0.011678676,0.01,1.3500452041625977e-05,1.3500452041625977e-05,6372.0,10862.0
1650162341,0.01,0.011678676,0.01,1.3500452041625977e-05,1.3500452041625977e-05,6372.0,10862.0
1650162342,0.0,0.004375438,0.0,1.3500452041625977e-05,1.3500452041625977e-05,2389.5,4073.5
1650162343,0.0,0.004375438,0.0,1.3500452041625977e-05,1.3500452041625977e-05,2389.5,4073.5
1650162344,0.01,0.005967566,0.0,1.3500452041625977e-05,1.3500452041625977e-05,3186.0,6366.0
1650162345,0.0,0.0,0.0,1.3500452041625977e-05,1.3500452041625977e-05,0.0,0.0
1650162346,0.0,0.0,0.0,1.3500452041625977e-05,1.3500452041625977e-05,0.0,0.0
1650162347,0.0,0.0,0.0,1.3500452041625977e-05,1.3500452041625977e-05,0.0,0.0
1650162348,0.0,0.0,0.0,1.3500452041625977e-05,1.3500452041625977e-05,0.0,0.0
1650162349,0.0,0.0,0.0,1.3500452041625977e-05,1.3500452041625977e-05,0.0,0.0
1650162350,0.0,0.0,0.0,1.3500452041625977e-05,1.3500452041625977e-05,0.0,0.0
1650162351,0.0,0.0,0.0,1.3500452041625977e-05,1.3500452041625977e-05,0.0,0.0
1650162352,0.0,0.0,0.0,1.3500452041625977e-05,1.3500452041625977e-05,0.0,0.0
1650162353,0.0,0.0,0.0,1.3500452041625977e-05,1.3500452041625977e-05,0.0,0.0
1650162354,0.0,0.0,0.0,1.3500452041625977e-05,1.3500452041625977e-05,0.0,0.0
1650162355,0.0,0.0,0.0,1.3500452041625977e-05,1.3500452041625977e-05,0.0,0.0
1650162356,0.0,5.5937142857142855e-06,0.0,1.3500452041625977e-05,1.3500452041625977e-05,0.0,0.0
1650162357,0.0,0.0,0.0,1.3500452041625977e-05,1.3500452041625977e-05,0.0,0.0
1650162358,0.0,0.0,0.0,1.3500452041625977e-05,1.3500452041625977e-05,0.0,0.0
1650162359,0.0,0.0,0.0,1.3500452041625977e-05,1.3500452041625977e-05,0.0,0.0
1650162360,0.0,0.0010464436666666,0.0,1.3709068298339844e-05,1.3709068298339844e-05,397.0,1062.6666666666667
1650162361,0.0,0.0,0.0,1.3709068298339844e-05,1.3709068298339844e-05,0.0,234.0
1650162362,0.0,0.0,0.0,1.3709068298339844e-05,1.3709068298339844e-05,0.0,234.0
1650162363,0.0,0.000388694,0.0,1.3381242752075195e-05,1.3381242752075195e-05,167.0,197.0
1650162364,0.0,0.000388694,0.0,1.3381242752075195e-05,1.3381242752075195e-05,167.0,197.0
1650162365,0.0,0.002129079,0.0,1.4096498489379885e-05,1.4096498489379885e-05,1055.5,1697.5
1650162366,0.0,0.0,0.0,1.3917684555053713e-05,1.3917684555053713e-05,0.0,0.0
1650162367,0.0,0.0,0.0,1.3917684555053713e-05,1.3917684555053713e-05,0.0,0.0
1650162368,0.0,0.0,0.0,1.3917684555053713e-05,1.3917684555053713e-05,0.0,0.0
1650162369,0.0,0.0,0.0,1.3917684555053713e-05,1.3917684555053713e-05,0.0,0.0
1650162370,0.0,0.0,0.0,1.3917684555053713e-05,1.3917684555053713e-05,0.0,0.0
1650162371,0.0,0.001314508,0.0,1.3947486877441406e-05,1.3947486877441406e-05,663.0,905.3333333333334
1650162372,0.0,0.001314508,0.0,1.3947486877441406e-05,1.3947486877441406e-05,663.0,905.3333333333334
1650162373,0.0,0.0004364535,0.0,1.3500452041625977e-05,1.3500452041625977e-05,167.0,197.0
1650162374,0.0,0.0004364535,0.0,1.3500452041625977e-05,1.3500452041625977e-05,167.0,197.0
1650162375,0.0,0.0,0.0,1.3500452041625977e-05,1.3500452041625977e-05,0.0,0.0
1650162376,0.0,0.0,0.0,1.3500452041625977e-05,1.3500452041625977e-05,0.0,0.0
1650162377,0.0,0.0016078325,0.0,1.3709068298339844e-05,1.3709068298339844e-05,827.5,1557.0
1650162378,0.0,0.0016078325,0.0,1.3709068298339844e-05,1.3709068298339844e-05,827.5,1557.0
1650162379,0.0,0.0,0.0,1.3709068298339844e-05,1.3709068298339844e-05,0.0,0.0
1650162380,0.0,0.0,0.0,1.3709068298339844e-05,1.3709068298339844e-05,0.0,0.0
1650162381,0.0,0.0,0.0,1.3709068298339844e-05,1.3709068298339844e-05,0.0,0.0
1650162382,0.0,0.0015877033333333,0.0,1.4424324035644531e-05,1.4424324035644531e-05,677.6666666666666,1076.3333333333333
1650162383,0.0,0.000813434,0.0,1.4066696166992188e-05,1.4066696166992188e-05,412.0,1408.0
1650162384,0.0,0.0,0.0,1.4066696166992188e-05,1.4066696166992188e-05,0.0,0.0
1650162385,0.0,0.0,0.0,1.4066696166992188e-05,1.4066696166992188e-05,0.0,0.0
1650162386,0.0,0.0,0.0,1.4066696166992188e-05,1.4066696166992188e-05,0.0,0.0
1650162387,0.0,0.0,0.0,1.4066696166992188e-05,1.4066696166992188e-05,0.0,0.0
1650162388,0.0,0.0,0.0,1.4066696166992188e-05,1.4066696166992188e-05,0.0,0.0
1650162389,0.0,0.0,0.0,1.4066696166992188e-05,1.4066696166992188e-05,0.0,0.0
1650162390,0.0,0.0,0.0,1.4066696166992188e-05,1.4066696166992188e-05,0.0,0.0
1650162391,0.0,0.0,0.0,1.4066696166992188e-05,1.4066696166992188e-05,0.0,0.0
1650162392,0.0,0.000622311,0.0,1.4424324035644531e-05,1.4424324035644531e-05,352.6,500.8
1650162393,0.0,0.000622311,0.0,1.4424324035644531e-05,1.4424324035644531e-05,352.6,500.8
1650162394,0.0,5.6533e-05,0.0,1.4424324035644531e-05,1.4424324035644531e-05,0.0,396.5
1650162395,0.0,5.6533e-05,0.0,1.4424324035644531e-05,1.4424324035644531e-05,0.0,396.5
1650162396,0.0,0.000404905,0.0,1.4036893844604492e-05,1.4036893844604492e-05,167.0,197.0
1650162397,0.0,0.003735415,0.0,1.3917684555053713e-05,1.3917684555053713e-05,2063.0,3648.0
1650162398,0.0,0.003735415,0.0,1.3917684555053713e-05,1.3917684555053713e-05,2063.0,3648.0
1650162399,0.0,0.0,0.0,1.3917684555053713e-05,1.3917684555053713e-05,0.0,0.0
1650162400,0.0,0.0,0.0,1.3917684555053713e-05,1.3917684555053713e-05,0.0,0.0
1650162401,0.0,0.0,0.0,1.3917684555053713e-05,1.3917684555053713e-05,0.0,0.0
1650162402,0.0,0.0,0.0,1.3917684555053713e-05,1.3917684555053713e-05,0.0,0.0
1650162403,0.0,0.0,0.0,1.3917684555053713e-05,1.3917684555053713e-05,0.0,0.0
1650162404,0.0,0.0,0.0,1.3917684555053713e-05,1.3917684555053713e-05,0.0,0.0
1650162405,0.0,0.0,0.0,1.3917684555053713e-05,1.3917684555053713e-05,0.0,0.0
1650162406,0.0,0.0,0.0,1.3917684555053713e-05,1.3917684555053713e-05,0.0,0.0
1650162407,0.0,2.3099166666666667e-05,0.0,1.3917684555053713e-05,1.3917684555053713e-05,0.0,63.66666666666666
1650162408,0.01,0.005155794,0.0,1.4066696166992188e-05,1.4066696166992188e-05,2367.0,3790.0
1650162409,0.01,0.005155794,0.0,1.4066696166992188e-05,1.4066696166992188e-05,2367.0,3790.0
1650162410,0.0,0.0,0.0,1.4066696166992188e-05,1.4066696166992188e-05,0.0,0.0
1650162411,0.0,0.0,0.0,1.4066696166992188e-05,1.4066696166992188e-05,0.0,0.0
1650162412,0.0,0.0,0.0,1.4066696166992188e-05,1.4066696166992188e-05,0.0,0.0
1650162413,0.0,0.0012100483333333,0.0,1.4215707778930664e-05,1.4215707778930664e-05,615.0,1034.3333333333333
1650162414,0.0,0.0012100483333333,0.0,1.4215707778930664e-05,1.4215707778930664e-05,615.0,1034.3333333333333
1650162415,0.0,0.0,0.0,1.4066696166992188e-05,1.4066696166992188e-05,0.0,0.0
1650162416,0.0,0.0,0.0,1.4066696166992188e-05,1.4066696166992188e-05,0.0,0.0
1650162417,0.0,0.0,0.0,1.4066696166992188e-05,1.4066696166992188e-05,0.0,0.0
1650162418,0.0,0.0,0.0,1.4066696166992188e-05,1.4066696166992188e-05,0.0,0.0
1650162419,0.0,0.0,0.0,1.4066696166992188e-05,1.4066696166992188e-05,0.0,0.0
1650162420,0.0,0.00116684075,0.0,1.3530254364013672e-05,1.3530254364013672e-05,564.25,795.75
1650162421,0.0,0.00116684075,0.0,1.3530254364013672e-05,1.3530254364013672e-05,564.25,795.75
1650162422,0.0,0.0014910705,0.0,1.3768672943115234e-05,1.3768672943115234e-05,757.5,1443.5
1650162423,0.0,0.000317684,0.0,1.3768672943115234e-05,1.3768672943115234e-05,74.0,1379.0
1650162424,0.0,0.000317684,0.0,1.3768672943115234e-05,1.3768672943115234e-05,74.0,1379.0
1650162425,0.0,0.0,0.0,1.3768672943115234e-05,1.3768672943115234e-05,0.0,0.0
1650162426,0.0,0.0,0.0,1.3768672943115234e-05,1.3768672943115234e-05,0.0,0.0
1650162427,0.0,0.0,0.0,1.3768672943115234e-05,1.3768672943115234e-05,0.0,0.0
1650162428,0.0,0.0016418433333333,0.0,1.4036893844604492e-05,1.4036893844604492e-05,789.0,1416.0
1650162429,0.0,0.0,0.0,1.4036893844604492e-05,1.4036893844604492e-05,0.0,0.0
1650162430,0.0,0.0,0.0,1.4036893844604492e-05,1.4036893844604492e-05,0.0,0.0
1650162431,0.0,0.0,0.0,1.4036893844604492e-05,1.4036893844604492e-05,0.0,0.0
1650162432,0.0,0.000893862,0.0,1.4424324035644531e-05,1.4424324035644531e-05,527.0,796.6666666666666
1650162433,0.0,0.000746703,0.0,1.4036893844604492e-05,1.4036893844604492e-05,330.0,701.0
1650162434,0.0,0.000746703,0.0,1.4036893844604492e-05,1.4036893844604492e-05,330.0,701.0
1650162435,0.0,0.002131908,0.0,1.3500452041625977e-05,1.3500452041625977e-05,1165.5,1625.0
1650162436,0.0,0.002866274,0.0,1.3917684555053713e-05,1.3917684555053713e-05,1654.0,2319.0
1650162437,0.0,0.0,0.0,1.3917684555053713e-05,1.3917684555053713e-05,0.0,0.0
1650162438,0.0,0.0,0.0,1.3917684555053713e-05,1.3917684555053713e-05,0.0,0.0
1650162439,0.0,0.00202191,0.0,1.3828277587890623e-05,1.3828277587890623e-05,796.5,1754.0
1650162440,0.0,0.00202191,0.0,1.3828277587890623e-05,1.3828277587890623e-05,796.5,1754.0
1650162441,0.0,0.000394304,0.0,1.33514404296875e-05,1.33514404296875e-05,167.0,197.0
1650162442,0.0,0.000394304,0.0,1.33514404296875e-05,1.33514404296875e-05,167.0,197.0
1650162443,0.0,0.0,0.0,1.33514404296875e-05,1.33514404296875e-05,0.0,0.0
1650162444,0.0,0.0,0.0,1.33514404296875e-05,1.33514404296875e-05,0.0,0.0
1650162445,0.0,0.0,0.0,1.33514404296875e-05,1.33514404296875e-05,0.0,0.0
1650162446,0.0,5.451866666666666e-05,0.0,1.33514404296875e-05,1.33514404296875e-05,0.0,335.6666666666667
1650162447,0.0,5.451866666666666e-05,0.0,1.33514404296875e-05,1.33514404296875e-05,0.0,335.6666666666667
1650162448,0.0,0.0,0.0,1.33514404296875e-05,1.33514404296875e-05,0.0,0.0
1650162449,0.0,0.0,0.0,1.33514404296875e-05,1.33514404296875e-05,0.0,0.0
1650162450,0.0,0.0,0.0,1.33514404296875e-05,1.33514404296875e-05,0.0,0.0
1650162451,0.0,0.0,0.0,1.33514404296875e-05,1.33514404296875e-05,14.0,14.0
1650162452,0.0,0.0,0.0,1.33514404296875e-05,1.33514404296875e-05,0.0,0.0
1650162453,0.0,0.0,0.0,1.33514404296875e-05,1.33514404296875e-05,0.0,0.0
1650162454,0.0,0.0,0.0,1.33514404296875e-05,1.33514404296875e-05,0.0,0.0
1650162455,0.0,1.4379666666666664e-05,0.0,1.33514404296875e-05,1.33514404296875e-05,0.0,0.0
1650162456,0.0,1.4379666666666664e-05,0.0,1.33514404296875e-05,1.33514404296875e-05,0.0,0.0
1650162457,0.0,0.0022462695,0.0,1.385807991027832e-05,1.385807991027832e-05,1049.0,1581.0
1650162458,0.0,0.0,0.0,1.385807991027832e-05,1.385807991027832e-05,0.0,0.0
1650162459,0.0,0.0,0.0,1.385807991027832e-05,1.385807991027832e-05,0.0,0.0
1650162460,0.0,0.0,0.0,1.385807991027832e-05,1.385807991027832e-05,0.0,0.0
1650162461,0.0,0.0,0.0,1.385807991027832e-05,1.385807991027832e-05,0.0,0.0
1650162462,0.0,0.0,0.0,1.385807991027832e-05,1.385807991027832e-05,0.0,0.0
1650162463,0.0,0.0,0.0,1.385807991027832e-05,1.385807991027832e-05,0.0,0.0
1650162464,0.0,0.0,0.0,1.385807991027832e-05,1.385807991027832e-05,0.0,0.0
1650162465,0.0,0.0,0.0,1.385807991027832e-05,1.385807991027832e-05,0.0,0.0
1650162466,0.0,0.0,0.0,1.385807991027832e-05,1.385807991027832e-05,0.0,0.0
1650162467,0.0,0.0,0.0,1.385807991027832e-05,1.385807991027832e-05,0.0,0.0
1650162468,0.0,0.0005304707142857,0.0,1.3947486877441406e-05,1.3947486877441406e-05,347.42857142857144,462.0
1650162469,0.0,0.0,0.0,1.3947486877441406e-05,1.3947486877441406e-05,0.0,0.0
1650162470,0.0,0.0,0.0,1.3947486877441406e-05,1.3947486877441406e-05,0.0,0.0
1650162471,0.0,0.0,0.0,1.3947486877441406e-05,1.3947486877441406e-05,0.0,0.0
1650162472,0.0,0.0,0.0,1.3947486877441406e-05,1.3947486877441406e-05,0.0,0.0
1650162473,0.0,0.00093850875,0.0,1.379847526550293e-05,1.379847526550293e-05,480.75,1110.75
1650162474,0.0,0.000200807,0.0,1.379847526550293e-05,1.379847526550293e-05,0.0,999.0
1650162475,0.0,0.000200807,0.0,1.379847526550293e-05,1.379847526550293e-05,0.0,999.0
1650162476,0.0,0.002212006,0.0,1.4066696166992188e-05,1.4066696166992188e-05,1253.5,1847.5
1650162477,0.0,0.002212006,0.0,1.4066696166992188e-05,1.4066696166992188e-05,1253.5,1847.5
1650162478,0.0,0.0045577295,0.0,1.4036893844604492e-05,1.4036893844604492e-05,3016.5,4099.0
1650162479,0.0,0.006104214,0.0,1.4424324035644531e-05,1.4424324035644531e-05,3228.0,5473.0
1650162480,0.0,0.006104214,0.0,1.4424324035644531e-05,1.4424324035644531e-05,3228.0,5473.0
1650162481,0.005,0.0064229075,0.0,1.4275312423706056e-05,1.4275312423706056e-05,3185.5,5428.0
1650162482,0.02,0.006778169,0.01,1.4632940292358398e-05,1.4632940292358398e-05,3186.0,5432.0
1650162483,0.0,0.006039124,0.0,1.4275312423706056e-05,1.4275312423706056e-05,3228.0,7297.0
1650162484,0.0,0.006039124,0.0,1.4275312423706056e-05,1.4275312423706056e-05,3228.0,7297.0
1650162485,0.0,0.0047292995,0.0,1.4007091522216795e-05,1.4007091522216795e-05,2389.5,4469.0
1650162486,0.0,0.0047292995,0.0,1.4007091522216795e-05,1.4007091522216795e-05,2389.5,4469.0
1650162487,0.005,0.0056611515,0.0,1.4036893844604492e-05,1.4036893844604492e-05,3205.5,4488.5
1650162488,0.0,0.00647735,0.0,1.3500452041625977e-05,1.3500452041625977e-05,3772.0,5752.0
1650162489,0.0,0.00647735,0.0,1.3500452041625977e-05,1.3500452041625977e-05,3772.0,5752.0
1650162490,0.0,0.003048441,0.0,1.3589859008789062e-05,1.3589859008789062e-05,1592.5,2711.5
1650162491,0.0,0.003048441,0.0,1.3589859008789062e-05,1.3589859008789062e-05,1592.5,2711.5
1650162492,0.0,0.002883743,0.0,1.3500452041625977e-05,1.3500452041625977e-05,1593.0,2716.0
1650162493,0.01,0.005777832,0.01,1.3500452041625977e-05,1.3500452041625977e-05,3186.0,5432.0
1650162494,0.0,0.006567208,0.0,1.3500452041625977e-05,1.3500452041625977e-05,3186.0,8131.0
1650162495,0.0,0.006567208,0.0,1.3500452041625977e-05,1.3500452041625977e-05,3186.0,8131.0
1650162496,0.0,0.004221447,0.0,1.3500452041625977e-05,1.3500452041625977e-05,2389.5,4073.5
1650162497,0.0,0.004221447,0.0,1.3500452041625977e-05,1.3500452041625977e-05,2389.5,4073.5
1650162498,0.0,0.00587953,0.0,1.3500452041625977e-05,1.3500452041625977e-05,3006.5,4886.5
1650162499,0.0,0.005957748,0.0,1.3560056686401367e-05,1.3560056686401367e-05,3977.0,5432.0
1650162500,0.01,0.006001894,0.0,1.3709068298339844e-05,1.3709068298339844e-05,3186.0,5431.0
1650162501,0.01,0.006001894,0.0,1.3709068298339844e-05,1.3709068298339844e-05,3186.0,5431.0
1650162502,0.0,0.0028754615,0.0,1.3560056686401367e-05,1.3560056686401367e-05,1592.5,2715.5
1650162503,0.0,0.005995099,0.0,1.3500452041625977e-05,1.3500452041625977e-05,3186.0,7293.0
1650162504,0.0,0.008829056,0.0,1.3709068298339844e-05,1.3709068298339844e-05,4778.0,8147.0
1650162505,0.0,0.008829056,0.0,1.3709068298339844e-05,1.3709068298339844e-05,4778.0,8147.0
1650162506,0.0,0.004748613,0.0,1.3500452041625977e-05,1.3500452041625977e-05,2389.0,4074.0
1650162507,0.0,0.003445967,0.0,1.33514404296875e-05,1.33514404296875e-05,1593.0,3508.0
1650162508,0.0,0.003445967,0.0,1.33514404296875e-05,1.33514404296875e-05,1593.0,3508.0
1650162509,0.005,0.002340333,0.005,1.3500452041625977e-05,1.3500452041625977e-05,1237.5,1798.5
1650162510,0.01,0.009457497,0.0,1.3500452041625977e-05,1.3500452041625977e-05,7560.0,10855.0
1650162511,0.01,0.009457497,0.0,1.3500452041625977e-05,1.3500452041625977e-05,7560.0,10855.0
1650162512,0.005,0.0050162555,0.005,1.3500452041625977e-05,1.3500452041625977e-05,3185.5,5431.0
1650162513,0.005,0.0050162555,0.005,1.3500452041625977e-05,1.3500452041625977e-05,3185.5,5431.0
1650162514,0.0,0.0035073305,0.0,1.3500452041625977e-05,1.3500452041625977e-05,2389.0,4996.5
1650162515,0.0,0.0035073305,0.0,1.3500452041625977e-05,1.3500452041625977e-05,2389.0,4996.5
1650162516,0.0,0.0037543125,0.01,1.3500452041625977e-05,1.3500452041625977e-05,2389.0,4067.0
1650162517,0.01,0.009489531,0.0,1.3649463653564451e-05,1.3649463653564451e-05,6371.0,10854.0
1650162518,0.01,0.009489531,0.0,1.3649463653564451e-05,1.3649463653564451e-05,6371.0,10854.0
1650162519,0.005,0.0033134025,0.0,1.3709068298339844e-05,1.3709068298339844e-05,2013.0,3531.5
1650162520,0.0,0.00694227,0.01,1.3589859008789062e-05,1.3589859008789062e-05,5967.0,8146.0
1650162521,0.0,0.00694227,0.01,1.3589859008789062e-05,1.3589859008789062e-05,5967.0,8146.0
1650162522,0.005,0.003622043,0.0,1.3500452041625977e-05,1.3500452041625977e-05,2422.5,4073.5
1650162523,0.005,0.003622043,0.0,1.3500452041625977e-05,1.3500452041625977e-05,2422.5,4073.5
1650162524,0.0,0.0062141335,0.005,1.3977289199829102e-05,1.3977289199829102e-05,3982.5,8132.5
1650162525,0.0,0.004656051,0.0,1.3709068298339844e-05,1.3709068298339844e-05,3185.0,5425.0
1650162526,0.01,0.009640472,0.01,1.3828277587890623e-05,1.3828277587890623e-05,6372.0,10862.0
1650162527,0.01,0.009640472,0.01,1.3828277587890623e-05,1.3828277587890623e-05,6372.0,10862.0
1650162528,0.005,0.0049295475,0.005,1.424551010131836e-05,1.424551010131836e-05,3036.5,5297.0
1650162529,0.0,0.002973248,0.0,1.3500452041625977e-05,1.3500452041625977e-05,1890.0,2971.0
1650162530,0.0,0.002973248,0.0,1.3500452041625977e-05,1.3500452041625977e-05,1890.0,2971.0
1650162531,0.005,0.0073364985,0.0,1.3589859008789062e-05,1.3589859008789062e-05,5029.0,7625.0
1650162532,0.0,0.004711981,0.0,1.379847526550293e-05,1.379847526550293e-05,3186.0,5432.0
1650162533,0.0,0.004711981,0.0,1.379847526550293e-05,1.379847526550293e-05,3186.0,5432.0
1650162534,0.0,0.0035161185,0.005,1.3679265975952148e-05,1.3679265975952148e-05,2389.5,7530.5
1650162535,0.0,0.0035161185,0.005,1.3679265975952148e-05,1.3679265975952148e-05,2389.5,7530.5
1650162536,0.0,0.0025527615,0.0,1.3530254364013672e-05,1.3530254364013672e-05,1593.0,2716.0
1650162537,0.0,0.00228409,0.0,1.3500452041625977e-05,1.3500452041625977e-05,1593.0,2716.0
1650162538,0.0,0.004205022,0.0,1.3500452041625977e-05,1.3500452041625977e-05,3228.0,5474.0
1650162539,0.0,0.004205022,0.0,1.3500452041625977e-05,1.3500452041625977e-05,3228.0,5474.0
1650162540,0.0,0.006271532,0.0,1.3500452041625977e-05,1.3500452041625977e-05,4014.5,6816.0
1650162541,0.0,0.0025135,0.0,1.3500452041625977e-05,1.3500452041625977e-05,1593.0,2716.0
1650162542,0.0,0.0025135,0.0,1.3500452041625977e-05,1.3500452041625977e-05,1593.0,2716.0
1650162543,0.0,0.003515579,0.0,1.3530254364013672e-05,1.3530254364013672e-05,2012.5,3528.0
1650162544,0.01,0.00490091,0.0,1.3500452041625977e-05,1.3500452041625977e-05,3978.0,8124.0
1650162545,0.01,0.007267969,0.0,1.3619661331176758e-05,1.3619661331176758e-05,5175.0,8146.0
1650162546,0.01,0.007267969,0.0,1.3619661331176758e-05,1.3619661331176758e-05,5175.0,8146.0
1650162547,0.005,0.0047542105,0.0,1.5348196029663086e-05,1.5348196029663086e-05,3102.5,5326.5
1650162548,0.01,0.005382669,0.0,1.3530254364013672e-05,1.3530254364013672e-05,3484.0,5693.0
1650162549,0.0,0.004816648,0.0,1.3947486877441406e-05,1.3947486877441406e-05,3186.0,5431.0
1650162550,0.0,0.004926904,0.0,1.3619661331176758e-05,1.3619661331176758e-05,3186.0,5431.0
1650162551,0.0,0.002405324,0.0,1.3500452041625977e-05,1.3500452041625977e-05,1593.0,2716.0
1650162552,0.0,0.002405324,0.0,1.3500452041625977e-05,1.3500452041625977e-05,1593.0,2716.0
1650162553,0.005,0.0059785145,0.0,1.3530254364013672e-05,1.3530254364013672e-05,3606.0,6243.5
1650162554,0.0,0.01350531,0.0,1.3500452041625977e-05,1.3500452041625977e-05,9153.0,16256.0
1650162555,0.0,0.007230057,0.01,1.4096498489379885e-05,1.4096498489379885e-05,4779.0,8143.0
1650162556,0.0,0.007230057,0.01,1.4096498489379885e-05,1.4096498489379885e-05,4779.0,8143.0
1650162557,0.005,0.0014301155,0.0,1.3500452041625977e-05,1.3500452041625977e-05,796.5,1357.0
1650162558,0.0,0.007391504,0.0,1.3500452041625977e-05,1.3500452041625977e-05,4777.0,8146.0
1650162559,0.0,0.007391504,0.0,1.3500452041625977e-05,1.3500452041625977e-05,4777.0,8146.0
1650162560,0.0,0.0034033685,0.005,1.3500452041625977e-05,1.3500452041625977e-05,2389.5,4074.0
1650162561,0.01,0.006994506,0.0,1.3500452041625977e-05,1.3500452041625977e-05,4779.0,8148.0
1650162562,0.01,0.006994506,0.0,1.3500452041625977e-05,1.3500452041625977e-05,4779.0,8148.0
1650162563,0.0,0.003938316,0.0,1.33514404296875e-05,1.33514404296875e-05,2388.5,6659.0
1650162564,0.0,0.003938316,0.0,1.33514404296875e-05,1.33514404296875e-05,2388.5,6659.0
1650162565,0.0,0.0032740745,0.005,1.3619661331176758e-05,1.3619661331176758e-05,2211.0,3136.0
1650162566,0.02,0.007244568,0.0,1.3500452041625977e-05,1.3500452041625977e-05,5570.0,8147.0
1650162567,0.02,0.007244568,0.0,1.3500452041625977e-05,1.3500452041625977e-05,5570.0,8147.0
1650162568,0.0,0.0059940225,0.005,1.373887062072754e-05,1.373887062072754e-05,3980.5,6778.5
1650162569,0.0,0.0059940225,0.005,1.373887062072754e-05,1.373887062072754e-05,3980.5,6778.5
1650162570,0.0,0.0059365225,0.005,1.3709068298339844e-05,1.3709068298339844e-05,4003.0,6803.5
1650162571,0.01,0.007161974,0.0,1.3500452041625977e-05,1.3500452041625977e-05,4779.0,8138.0
1650162572,0.01,0.007161974,0.0,1.3500452041625977e-05,1.3500452041625977e-05,4779.0,8138.0
1650162573,0.0,0.004680536,0.0,1.3947486877441406e-05,1.3947486877441406e-05,3185.0,5423.5
1650162574,0.0,0.00540325,0.0,1.3709068298339844e-05,1.3709068298339844e-05,3185.0,10660.0
1650162575,0.0,0.00540325,0.0,1.3709068298339844e-05,1.3709068298339844e-05,3185.0,10660.0
1650162576,0.005,0.0046909905,0.01,1.3560056686401367e-05,1.3560056686401367e-05,3007.0,4889.0
1650162577,0.0,0.004883269,0.0,1.3500452041625977e-05,1.3500452041625977e-05,4044.0,5485.0
1650162578,0.0,0.004883269,0.0,1.3500452041625977e-05,1.3500452041625977e-05,4044.0,5485.0
1650162579,0.0,0.0047328605,0.0,1.3530254364013672e-05,1.3530254364013672e-05,3185.0,5424.0
1650162580,0.0,0.005034026,0.01,1.3530254364013672e-05,1.3530254364013672e-05,3251.0,5478.0
1650162581,0.01,0.004937795,0.01,1.3500452041625977e-05,1.3500452041625977e-05,3186.0,5430.0
1650162582,0.01,0.004937795,0.01,1.3500452041625977e-05,1.3500452041625977e-05,3186.0,5430.0
1650162583,0.0,0.0051571445,0.0,1.3560056686401367e-05,1.3560056686401367e-05,3185.5,8055.5
1650162584,0.0,0.002656998,0.0,1.3589859008789062e-05,1.3589859008789062e-05,1593.0,2716.0
1650162585,0.0,0.002656998,0.0,1.3589859008789062e-05,1.3589859008789062e-05,1593.0,2716.0
1650162586,0.005,0.002684467,0.005,1.3500452041625977e-05,1.3500452041625977e-05,1593.0,2781.5
1650162587,0.005,0.002684467,0.005,1.3500452041625977e-05,1.3500452041625977e-05,1593.0,2781.5
1650162588,0.0,0.003215819,0.0,1.3530254364013672e-05,1.3530254364013672e-05,2046.0,3465.5
1650162589,0.0,0.007287824,0.0,1.3619661331176758e-05,1.3619661331176758e-05,5900.0,8138.0
1650162590,0.0,0.007287824,0.0,1.3619661331176758e-05,1.3619661331176758e-05,5900.0,8138.0
1650162591,0.005,0.0023416445,0.0,1.3500452041625977e-05,1.3500452041625977e-05,1593.0,2716.0
1650162592,0.005,0.0023416445,0.0,1.3500452041625977e-05,1.3500452041625977e-05,1593.0,2716.0
1650162593,0.0,0.0035575945,0.0,1.3500452041625977e-05,1.3500452041625977e-05,2389.5,5852.0
1650162594,0.0,0.0035575945,0.0,1.3500452041625977e-05,1.3500452041625977e-05,2389.5,5852.0
1650162595,0.0,0.0046024335,0.0,1.3560056686401367e-05,1.3560056686401367e-05,3186.0,5431.5
1650162596,0.0,0.007155185,0.0,1.3530254364013672e-05,1.3530254364013672e-05,4778.0,8141.0
1650162597,0.0,0.004848003,0.0,1.3709068298339844e-05,1.3709068298339844e-05,3326.0,5704.0
1650162598,0.0,0.004848003,0.0,1.3709068298339844e-05,1.3709068298339844e-05,3326.0,5704.0
1650162599,0.0,0.0012349165,0.0,1.3649463653564451e-05,1.3649463653564451e-05,850.5,1705.5
1650162600,0.01,0.006163964,0.0,1.3649463653564451e-05,1.3649463653564451e-05,4348.0,6129.0
1650162601,0.0,0.002345962,0.0,1.3560056686401367e-05,1.3560056686401367e-05,1923.0,2716.0
1650162602,0.0,0.002345962,0.0,1.3560056686401367e-05,1.3560056686401367e-05,1923.0,2716.0
1650162603,0.0,0.005232597,0.0,1.4275312423706056e-05,1.4275312423706056e-05,2554.5,4570.0
1650162604,0.0,0.005232597,0.0,1.4275312423706056e-05,1.4275312423706056e-05,2554.5,4570.0
1650162605,0.0,0.002352931,0.005,1.3500452041625977e-05,1.3500452041625977e-05,1593.0,2715.5
1650162606,0.01,0.002398631,0.0,1.3500452041625977e-05,1.3500452041625977e-05,1593.0,2713.0
1650162607,0.01,0.002398631,0.0,1.3500452041625977e-05,1.3500452041625977e-05,1593.0,2713.0
1650162608,0.005,0.004068688,0.005,1.347064971923828e-05,1.347064971923828e-05,2387.5,4133.0
1650162609,0.0,0.007686521,0.0,1.3500452041625977e-05,1.3500452041625977e-05,5051.0,8288.0
1650162610,0.0,0.007686521,0.0,1.3500452041625977e-05,1.3500452041625977e-05,5051.0,8288.0
1650162611,0.005,0.005551607,0.0,1.3500452041625977e-05,1.3500452041625977e-05,3899.0,6111.0
1650162612,0.005,0.005551607,0.0,1.3500452041625977e-05,1.3500452041625977e-05,3899.0,6111.0
1650162613,0.0,0.0024454525,0.005,1.3500452041625977e-05,1.3500452041625977e-05,1758.0,2714.5
1650162614,0.0,0.006747439,0.0,1.3500452041625977e-05,1.3500452041625977e-05,4778.0,10823.0
1650162615,0.0,0.006747439,0.0,1.3500452041625977e-05,1.3500452041625977e-05,4778.0,10823.0
1650162616,0.005,0.0062015855,0.0,1.3500452041625977e-05,1.3500452041625977e-05,3982.5,6788.0
1650162617,0.0,0.005042574,0.0,1.3679265975952148e-05,1.3679265975952148e-05,3186.0,5432.0
1650162618,0.0,0.002276946,0.0,1.3500452041625977e-05,1.3500452041625977e-05,1593.0,2708.0
1650162619,0.0,0.002276946,0.0,1.3500452041625977e-05,1.3500452041625977e-05,1593.0,2708.0
1650162620,0.005,0.004186474,0.0,1.341104507446289e-05,1.341104507446289e-05,2492.5,4536.0
1650162621,0.0,0.006188237,0.0,1.3530254364013672e-05,1.3530254364013672e-05,4348.0,6124.0
1650162622,0.0,0.006188237,0.0,1.3530254364013672e-05,1.3530254364013672e-05,4348.0,6124.0
1650162623,0.005,0.004797345,0.0,1.3679265975952148e-05,1.3679265975952148e-05,3549.0,8045.0
1650162624,0.0,0.002297301,0.0,1.3500452041625977e-05,1.3500452041625977e-05,1659.0,2716.0
1650162625,0.0,0.002297301,0.0,1.3500452041625977e-05,1.3500452041625977e-05,1659.0,2716.0
1650162626,0.005,0.003477982,0.0,1.3530254364013672e-05,1.3530254364013672e-05,2389.5,4072.5
1650162627,0.0,0.004443356,0.0,1.3679265975952148e-05,1.3679265975952148e-05,3186.0,5429.0
1650162628,0.0,0.006730557,0.01,1.4424324035644531e-05,1.4424324035644531e-05,4523.0,7926.0
1650162629,0.0,0.006730557,0.01,1.4424324035644531e-05,1.4424324035644531e-05,4523.0,7926.0
1650162630,0.005,0.0026358335,0.005,1.347064971923828e-05,1.347064971923828e-05,1742.0,2911.5
1650162631,0.01,0.003320866,0.0,1.3500452041625977e-05,1.3500452041625977e-05,1732.0,2856.0
1650162632,0.01,0.003320866,0.0,1.3500452041625977e-05,1.3500452041625977e-05,1732.0,2856.0
1650162633,0.0,0.004241614,0.0,1.3500452041625977e-05,1.3500452041625977e-05,2008.5,3395.5
1650162634,0.0,0.009583447,0.0,1.3560056686401367e-05,1.3560056686401367e-05,5834.0,9989.0
1650162635,0.0,0.009583447,0.0,1.3560056686401367e-05,1.3560056686401367e-05,5834.0,9989.0
1650162636,0.0,0.0044478865,0.005,1.3560056686401367e-05,1.3560056686401367e-05,2389.0,4073.0
1650162637,0.0,0.006018426,0.0,1.3500452041625977e-05,1.3500452041625977e-05,3186.0,5425.0
1650162638,0.0,0.006018426,0.0,1.3500452041625977e-05,1.3500452041625977e-05,3186.0,5425.0
1650162639,0.005,0.00448807,0.0,1.385807991027832e-05,1.385807991027832e-05,2389.5,4069.0
1650162640,0.0,0.003515775,0.0,1.3500452041625977e-05,1.3500452041625977e-05,1592.0,2709.0
1650162641,0.0,0.003515775,0.0,1.3500452041625977e-05,1.3500452041625977e-05,1592.0,2709.0
1650162642,0.0,0.0049657935,0.0,1.3500452041625977e-05,1.3500452041625977e-05,2459.5,4210.0
1650162643,0.01,0.013855416,0.01,1.3649463653564451e-05,1.3649463653564451e-05,7599.0,17466.0
1650162644,0.01,0.013855416,0.01,1.3649463653564451e-05,1.3649463653564451e-05,7599.0,17466.0
1650162645,0.0,0.002948241,0.0,1.3500452041625977e-05,1.3500452041625977e-05,1923.0,2716.0
1650162646,0.0,0.008825086,0.0,1.3560056686401367e-05,1.3560056686401367e-05,4779.0,8148.0
1650162647,0.0,0.00873966,0.0,1.3560056686401367e-05,1.3560056686401367e-05,4778.0,8146.0
1650162648,0.0,0.00873966,0.0,1.3560056686401367e-05,1.3560056686401367e-05,4778.0,8146.0
1650162649,0.0,0.0014528775,0.0,1.3589859008789062e-05,1.3589859008789062e-05,796.5,1358.0
1650162650,0.01,0.009351482,0.0,1.3619661331176758e-05,1.3619661331176758e-05,4777.0,8141.0
1650162651,0.01,0.009351482,0.0,1.3619661331176758e-05,1.3619661331176758e-05,4777.0,8141.0
1650162652,0.0,0.0033788335,0.0,1.3828277587890623e-05,1.3828277587890623e-05,2004.5,3636.5
1650162653,0.0,0.001951755,0.0,1.5288591384887695e-05,1.5288591384887695e-05,822.0,2688.0
1650162654,0.0,0.001951755,0.0,1.5288591384887695e-05,1.5288591384887695e-05,822.0,2688.0
1650162655,0.0,0.0011931315,0.0,1.4007091522216795e-05,1.4007091522216795e-05,501.5,1059.0
1650162656,0.0,0.0011931315,0.0,1.4007091522216795e-05,1.4007091522216795e-05,501.5,1059.0
1650162657,0.0,0.0013125975,0.0,1.4513731002807615e-05,1.4513731002807615e-05,698.0,959.0
1650162658,0.0,0.0013125975,0.0,1.4513731002807615e-05,1.4513731002807615e-05,698.0,959.0
1650162659,0.0,0.0008927115,0.0,1.531839370727539e-05,1.531839370727539e-05,643.0,775.5
1650162660,0.0,0.00420961,0.0,1.537799835205078e-05,1.537799835205078e-05,2285.0,3127.0
1650162661,0.0,0.003603398,0.0,1.5348196029663086e-05,1.5348196029663086e-05,2211.0,3052.0
1650162662,0.0,0.003603398,0.0,1.5348196029663086e-05,1.5348196029663086e-05,2211.0,3052.0
1650162663,0.0,0.001878304,0.0,1.65402889251709e-05,1.65402889251709e-05,750.0,1321.5
1650162664,0.0,0.004045487,0.0,1.4513731002807615e-05,1.4513731002807615e-05,2093.0,3242.0
1650162665,0.0,0.004045487,0.0,1.4513731002807615e-05,1.4513731002807615e-05,2093.0,3242.0
1650162666,0.0,0.002141035,0.005,1.4483928680419922e-05,1.4483928680419922e-05,829.5,1622.0
1650162667,0.0,0.002141035,0.005,1.4483928680419922e-05,1.4483928680419922e-05,829.5,1622.0
1650162668,0.0,0.0011657905,0.0,1.4722347259521484e-05,1.4722347259521484e-05,622.0,825.0
1650162669,0.01,0.002488708,0.0,1.436471939086914e-05,1.436471939086914e-05,835.0,1618.0
1650162670,0.01,0.002488708,0.0,1.436471939086914e-05,1.436471939086914e-05,835.0,1618.0
1650162671,0.005,0.0021909965,0.0,1.4275312423706056e-05,1.4275312423706056e-05,928.5,1555.0
1650162672,0.0,0.00141217,0.0,1.4662742614746094e-05,1.4662742614746094e-05,1022.0,1100.0
1650162673,0.0,0.00036998,0.0,1.4662742614746094e-05,1.4662742614746094e-05,74.0,1332.0
1650162674,0.0,0.00036998,0.0,1.4662742614746094e-05,1.4662742614746094e-05,74.0,1332.0
1650162675,0.0,0.0008362145,0.0,1.531839370727539e-05,1.531839370727539e-05,622.0,755.0
1650162676,0.0,0.004078394,0.0,1.5348196029663086e-05,1.5348196029663086e-05,2087.0,3128.0
1650162677,0.0,0.000156381,0.0,1.5348196029663086e-05,1.5348196029663086e-05,74.0,270.0
1650162678,0.0,0.000156381,0.0,1.5348196029663086e-05,1.5348196029663086e-05,74.0,270.0
1650162679,0.0,0.002751621,0.0,1.4990568161010742e-05,1.4990568161010742e-05,1453.0,2397.5
1650162680,0.01,0.004565507,0.0,1.475214958190918e-05,1.475214958190918e-05,2211.0,3202.0
1650162681,0.01,0.004565507,0.0,1.475214958190918e-05,1.475214958190918e-05,2211.0,3202.0
1650162682,0.0,0.0016867665,0.0,1.5020370483398438e-05,1.5020370483398438e-05,928.5,1391.0
1650162683,0.0,0.002626033,0.0,1.436471939086914e-05,1.436471939086914e-05,835.0,2681.0
1650162684,0.0,0.002626033,0.0,1.436471939086914e-05,1.436471939086914e-05,835.0,2681.0
1650162685,0.0,0.001827409,0.0,1.4632940292358398e-05,1.4632940292358398e-05,928.5,1450.5
1650162686,0.0,0.001697296,0.0,1.481175422668457e-05,1.481175422668457e-05,1022.0,1100.0
1650162687,0.0,0.001697296,0.0,1.481175422668457e-05,1.481175422668457e-05,1022.0,1100.0
1650162688,0.0,0.001135989,0.0,1.4275312423706056e-05,1.4275312423706056e-05,417.5,978.0
1650162689,0.0,0.001135989,0.0,1.4275312423706056e-05,1.4275312423706056e-05,417.5,978.0
1650162690,0.0,0.0008246535,0.0,1.4662742614746094e-05,1.4662742614746094e-05,469.0,742.5
1650162691,0.0,0.002037023,0.0,1.519918441772461e-05,1.519918441772461e-05,1042.0,1897.0
1650162692,0.0,0.002037023,0.0,1.519918441772461e-05,1.519918441772461e-05,1042.0,1897.0
1650162693,0.0,0.002716508,0.0,1.5437602996826172e-05,1.5437602996826172e-05,1290.5,2523.5
1650162694,0.0,0.002716508,0.0,1.5437602996826172e-05,1.5437602996826172e-05,1290.5,2523.5
1650162695,0.0,0.001740104,0.0,1.5497207641601562e-05,1.5497207641601562e-05,1068.5,1424.0
1650162696,0.0,0.001740104,0.0,1.5497207641601562e-05,1.5497207641601562e-05,1068.5,1424.0
1650162697,0.005,0.0030165,0.0,1.4722347259521484e-05,1.4722347259521484e-05,1478.0,2129.5
1650162698,0.0,0.003250074,0.0,1.475214958190918e-05,1.475214958190918e-05,1857.0,2716.0
1650162699,0.0,0.003250074,0.0,1.475214958190918e-05,1.475214958190918e-05,1857.0,2716.0
1650162700,0.0,0.0016272745,0.0,1.4722347259521484e-05,1.4722347259521484e-05,862.5,1450.5
1650162701,0.0,0.0016272745,0.0,1.4722347259521484e-05,1.4722347259521484e-05,862.5,1450.5
1650162702,0.0,0.0011104845,0.0,1.430511474609375e-05,1.430511474609375e-05,417.5,808.5
1650162703,0.0,0.001779238,0.0,1.4573335647583008e-05,1.4573335647583008e-05,824.0,1495.0
1650162704,0.01,0.00493589,0.0,1.4781951904296877e-05,1.4781951904296877e-05,2079.0,4217.0
1650162705,0.01,0.00493589,0.0,1.4781951904296877e-05,1.4781951904296877e-05,2079.0,4217.0
1650162706,0.0,7.5471e-05,0.0,1.4632940292358398e-05,1.4632940292358398e-05,37.0,172.0
1650162707,0.0,7.5471e-05,0.0,1.4632940292358398e-05,1.4632940292358398e-05,37.0,172.0
1650162708,0.0,0.000844558,0.0,1.5288591384887695e-05,1.5288591384887695e-05,622.0,755.0
1650162709,0.0,0.004301424,0.01,1.5348196029663086e-05,1.5348196029663086e-05,2359.0,3331.0
1650162710,0.0,0.004301424,0.01,1.5348196029663086e-05,1.5348196029663086e-05,2359.0,3331.0
1650162711,0.0,0.0018548985,0.0,1.5348196029663086e-05,1.5348196029663086e-05,1068.5,1391.0
1650162712,0.0,0.002098399,0.0,1.4990568161010742e-05,1.4990568161010742e-05,967.0,1486.0
1650162713,0.0,0.00560648,0.0,1.436471939086914e-05,1.436471939086914e-05,2626.0,5270.0
1650162714,0.0,0.00560648,0.0,1.436471939086914e-05,1.436471939086914e-05,2626.0,5270.0
1650162715,0.0,0.00075054,0.0,1.4632940292358398e-05,1.4632940292358398e-05,412.0,813.0
1650162716,0.0,0.002407487,0.0,1.4454126358032228e-05,1.4454126358032228e-05,835.0,1615.0
1650162717,0.0,0.002261512,0.0,1.4722347259521484e-05,1.4722347259521484e-05,1244.0,1650.0
1650162718,0.0,0.002237945,0.0,1.4334917068481444e-05,1.4334917068481444e-05,835.0,1672.0
1650162719,0.0,0.002237945,0.0,1.4334917068481444e-05,1.4334917068481444e-05,835.0,1672.0
1650162720,0.0,0.001945545,0.0,1.4275312423706056e-05,1.4275312423706056e-05,928.0,1528.0
1650162721,0.0,0.001480253,0.0,1.4632940292358398e-05,1.4632940292358398e-05,1022.0,1099.0
1650162722,0.0,0.000181363,0.0,1.4632940292358398e-05,1.4632940292358398e-05,74.0,344.0
1650162723,0.0,0.00216845,0.0,1.531839370727539e-05,1.531839370727539e-05,1244.0,1911.0
1650162724,0.0,0.00216845,0.0,1.531839370727539e-05,1.531839370727539e-05,1244.0,1911.0
1650162725,0.0,0.0020651725,0.0,1.5348196029663086e-05,1.5348196029663086e-05,1043.5,1600.5
1650162726,0.0,0.0020651725,0.0,1.5348196029663086e-05,1.5348196029663086e-05,1043.5,1600.5
1650162727,0.005,0.00183584,0.0,1.52587890625e-05,1.52587890625e-05,1006.5,1724.0
1650162728,0.0,0.002251561,0.0,1.4960765838623049e-05,1.4960765838623049e-05,1075.0,1527.0
1650162729,0.0,0.002251561,0.0,1.4960765838623049e-05,1.4960765838623049e-05,1075.0,1527.0
1650162730,0.005,0.003441042,0.005,1.558661460876465e-05,1.558661460876465e-05,1340.0,2176.0
1650162731,0.0,0.001730464,0.0,1.4722347259521484e-05,1.4722347259521484e-05,1319.0,1492.0
1650162732,0.0,0.001730464,0.0,1.4722347259521484e-05,1.4722347259521484e-05,1319.0,1492.0
1650162733,0.0,0.0019428095,0.0,1.4722347259521484e-05,1.4722347259521484e-05,928.5,1421.0
1650162734,0.0,0.0019428095,0.0,1.4722347259521484e-05,1.4722347259521484e-05,928.5,1421.0
1650162735,0.0,0.0011306855,0.0,1.4334917068481444e-05,1.4334917068481444e-05,417.5,1563.0
1650162736,0.02,0.003904665,0.01,1.4275312423706056e-05,1.4275312423706056e-05,1857.0,3110.0
1650162737,0.02,0.003904665,0.01,1.4275312423706056e-05,1.4275312423706056e-05,1857.0,3110.0
1650162738,0.0,0.000843041,0.0,1.4662742614746094e-05,1.4662742614746094e-05,449.0,722.0
1650162739,0.0,0.000843041,0.0,1.4662742614746094e-05,1.4662742614746094e-05,449.0,722.0
1650162740,0.0,0.001009037,0.0,1.52587890625e-05,1.52587890625e-05,522.5,950.5
1650162741,0.0,0.005182345,0.0,1.5437602996826172e-05,1.5437602996826172e-05,2506.0,3548.0
1650162742,0.0,0.005182345,0.0,1.5437602996826172e-05,1.5437602996826172e-05,2506.0,3548.0
1650162743,0.0,7.44805e-05,0.0,1.5437602996826172e-05,1.5437602996826172e-05,37.0,134.5
1650162744,0.0,7.44805e-05,0.0,1.5437602996826172e-05,1.5437602996826172e-05,37.0,134.5
1650162745,0.0,0.0028893565,0.0,1.5109777450561523e-05,1.5109777450561523e-05,1552.0,2561.0
1650162746,0.0,0.006388495,0.0,1.436471939086914e-05,1.436471939086914e-05,2824.0,4329.0
1650162747,0.0,0.006388495,0.0,1.436471939086914e-05,1.436471939086914e-05,2824.0,4329.0
1650162748,0.005,0.001803349,0.0,1.4662742614746094e-05,1.4662742614746094e-05,928.5,1450.5
1650162749,0.0,0.00146072,0.0,1.4692544937133787e-05,1.4692544937133787e-05,823.0,1225.0
1650162750,0.0,0.00146072,0.0,1.4692544937133787e-05,1.4692544937133787e-05,823.0,1225.0
1650162751,0.0,0.001164197,0.0,1.4334917068481444e-05,1.4334917068481444e-05,417.5,836.0
1650162752,0.01,0.004517415,0.0,1.4454126358032228e-05,1.4454126358032228e-05,1659.0,3500.0
1650162753,0.01,0.004517415,0.0,1.4454126358032228e-05,1.4454126358032228e-05,1659.0,3500.0
1650162754,0.0,0.0012722575,0.0,1.4662742614746094e-05,1.4662742614746094e-05,622.0,1795.0
1650162755,0.0,0.001662618,0.0,1.5407800674438477e-05,1.5407800674438477e-05,1244.0,1509.0
1650162756,0.0,9.2191e-05,0.0,1.5288591384887695e-05,1.5288591384887695e-05,74.0,344.0
1650162757,0.0,9.2191e-05,0.0,1.5288591384887695e-05,1.5288591384887695e-05,74.0,344.0
1650162758,0.01,0.002296751,0.0,1.5348196029663086e-05,1.5348196029663086e-05,1179.0,1662.5
1650162759,0.01,0.002296751,0.0,1.5348196029663086e-05,1.5348196029663086e-05,1179.0,1662.5
1650162760,0.0,0.001705876,0.0,1.5348196029663086e-05,1.5348196029663086e-05,1068.0,1424.0
1650162761,0.0,0.001705876,0.0,1.5348196029663086e-05,1.5348196029663086e-05,1068.0,1424.0
1650162762,0.0,0.0028501295,0.0,1.4692544937133787e-05,1.4692544937133787e-05,1379.0,2132.5
1650162763,0.0,0.00229519,0.0,1.4334917068481444e-05,1.4334917068481444e-05,835.0,2543.0
1650162764,0.0,0.003795999,0.0,1.4424324035644531e-05,1.4424324035644531e-05,1658.0,3239.0
1650162765,0.0,0.003795999,0.0,1.4424324035644531e-05,1.4424324035644531e-05,1658.0,3239.0
1650162766,0.0,0.001077459,0.0,1.4662742614746094e-05,1.4662742614746094e-05,622.0,825.0
1650162767,0.0,0.002445761,0.0,1.430511474609375e-05,1.430511474609375e-05,835.0,1669.0
1650162768,0.0,0.002445761,0.0,1.430511474609375e-05,1.430511474609375e-05,835.0,1669.0
1650162769,0.0,0.001884612,0.0,1.424551010131836e-05,1.424551010131836e-05,949.0,1548.5
1650162770,0.0,0.001647207,0.0,1.4603137969970705e-05,1.4603137969970705e-05,1096.0,1444.0
1650162771,0.0,0.001647207,0.0,1.4603137969970705e-05,1.4603137969970705e-05,1096.0,1444.0
1650162772,0.0,0.0007662245,0.0,1.531839370727539e-05,1.531839370727539e-05,585.0,583.0
1650162773,0.0,0.0007662245,0.0,1.531839370727539e-05,1.531839370727539e-05,585.0,583.0
1650162774,0.0,0.0020807805,0.0,1.5348196029663086e-05,1.5348196029663086e-05,1080.5,2199.0
1650162775,0.0,8.0412e-05,0.0,1.5348196029663086e-05,1.5348196029663086e-05,74.0,270.0
1650162776,0.02,0.00578335,0.0,1.6391277313232422e-05,1.6391277313232422e-05,2905.0,4724.0
1650162777,0.02,0.00578335,0.0,1.6391277313232422e-05,1.6391277313232422e-05,2905.0,4724.0
1650162778,0.0,0.0022242725,0.0,1.4722347259521484e-05,1.4722347259521484e-05,1105.0,1567.5
1650162779,0.0,0.0022242725,0.0,1.4722347259521484e-05,1.4722347259521484e-05,1105.0,1567.5
1650162780,0.0,0.0018610875,0.0,1.4722347259521484e-05,1.4722347259521484e-05,928.5,1389.5
1650162781,0.0,0.002567534,0.0,1.436471939086914e-05,1.436471939086914e-05,835.0,1672.0
1650162782,0.0,0.002567534,0.0,1.436471939086914e-05,1.436471939086914e-05,835.0,1672.0
1650162783,0.0,0.0008909195,0.005,1.4692544937133787e-05,1.4692544937133787e-05,511.0,1691.0
1650162784,0.01,0.003545435,0.0,1.4960765838623049e-05,1.4960765838623049e-05,1931.0,3120.0
1650162785,0.0,0.013104876,0.0,1.5467405319213867e-05,1.5467405319213867e-05,7245.0,11142.0
1650162786,0.0,0.013104876,0.0,1.5467405319213867e-05,1.5467405319213867e-05,7245.0,11142.0
1650162787,0.0,0.0027224515,0.0,1.4394521713256836e-05,1.4394521713256836e-05,1220.0,2269.0
1650162788,0.01,0.008789871,0.0,1.436471939086914e-05,1.436471939086914e-05,4779.0,8148.0
1650162789,0.0,0.015274123,0.01,1.3649463653564451e-05,1.3649463653564451e-05,8241.0,13638.0
1650162790,0.0,0.015274123,0.01,1.3649463653564451e-05,1.3649463653564451e-05,8241.0,13638.0
1650162791,0.0,0.0030880845,0.0,1.347064971923828e-05,1.347064971923828e-05,1830.0,2784.5
1650162792,0.0,0.011340352,0.0,1.347064971923828e-05,1.347064971923828e-05,6227.0,10722.0
1650162793,0.0,0.011340352,0.0,1.347064971923828e-05,1.347064971923828e-05,6227.0,10722.0
1650162794,0.005,0.003136432,0.0,1.3679265975952148e-05,1.3679265975952148e-05,1593.0,4413.5
1650162795,0.005,0.003136432,0.0,1.3679265975952148e-05,1.3679265975952148e-05,1593.0,4413.5
1650162796,0.0,0.00328823,0.0,1.3440847396850586e-05,1.3440847396850586e-05,1766.0,2986.5
1650162797,0.01,0.012187883,0.0,1.3709068298339844e-05,1.3709068298339844e-05,6701.0,10856.0
1650162798,0.01,0.012187883,0.0,1.3709068298339844e-05,1.3709068298339844e-05,6701.0,10856.0
1650162799,0.005,0.0030172605,0.0,1.341104507446289e-05,1.341104507446289e-05,1593.0,2782.0
1650162800,0.01,0.010001688,0.0,1.3589859008789062e-05,1.3589859008789062e-05,5669.0,9103.0
1650162801,0.01,0.010001688,0.0,1.3589859008789062e-05,1.3589859008789062e-05,5669.0,9103.0
1650162802,0.0,0.002879489,0.005,1.3440847396850586e-05,1.3440847396850586e-05,1856.5,2742.5
1650162803,0.0,0.009091919,0.01,1.3440847396850586e-05,1.3440847396850586e-05,4843.0,10040.0
1650162804,0.0,0.009091919,0.01,1.3440847396850586e-05,1.3440847396850586e-05,4843.0,10040.0
1650162805,0.0,0.0043748075,0.0,1.3500452041625977e-05,1.3500452041625977e-05,2389.0,4135.0
1650162806,0.01,0.00746119,0.0,1.3500452041625977e-05,1.3500452041625977e-05,3532.0,5843.0
1650162807,0.01,0.00746119,0.0,1.3500452041625977e-05,1.3500452041625977e-05,3532.0,5843.0
1650162808,0.0,0.003000875,0.0,1.3440847396850586e-05,1.3440847396850586e-05,1725.0,2711.5
1650162809,0.0,0.006574577,0.0,1.3560056686401367e-05,1.3560056686401367e-05,3292.0,5460.0
1650162810,0.0,0.006574577,0.0,1.3560056686401367e-05,1.3560056686401367e-05,3292.0,5460.0
1650162811,0.0,0.0066171355,0.005,1.3828277587890623e-05,1.3828277587890623e-05,3729.5,5972.5
1650162812,0.0,0.0066171355,0.005,1.3828277587890623e-05,1.3828277587890623e-05,3729.5,5972.5
1650162813,0.005,0.004432914,0.0,1.347064971923828e-05,1.347064971923828e-05,2521.5,4069.0
1650162814,0.01,0.009501175,0.01,1.3440847396850586e-05,1.3440847396850586e-05,4778.0,12544.0
1650162815,0.01,0.009501175,0.01,1.3440847396850586e-05,1.3440847396850586e-05,4778.0,12544.0
1650162816,0.0,0.0006297125,0.0,1.3768672943115234e-05,1.3768672943115234e-05,412.0,917.5
1650162817,0.0,0.0006297125,0.0,1.3768672943115234e-05,1.3768672943115234e-05,412.0,917.5
1650162818,0.0,0.0027229845,0.0,1.4573335647583008e-05,1.4573335647583008e-05,1355.5,2308.5
1650162819,0.0,0.007019442,0.0,1.5616416931152344e-05,1.5616416931152344e-05,2968.0,5701.0
1650162820,0.01,0.003974399,0.0,1.341104507446289e-05,1.341104507446289e-05,2093.0,3704.0
1650162821,0.01,0.003974399,0.0,1.341104507446289e-05,1.341104507446289e-05,2093.0,3704.0
1650162822,0.0,0.0026773715,0.0,1.3977289199829102e-05,1.3977289199829102e-05,1587.0,2253.0
1650162823,0.0,0.003499758,0.0,1.3947486877441406e-05,1.3947486877441406e-05,1935.0,4983.0
1650162824,0.0,0.003499758,0.0,1.3947486877441406e-05,1.3947486877441406e-05,1935.0,4983.0
1650162825,0.0,0.0,0.0,1.379847526550293e-05,1.379847526550293e-05,39.0,204.0
1650162826,0.0,0.001532739,0.0,1.4483928680419922e-05,1.4483928680419922e-05,1022.0,1173.0
1650162827,0.0,0.001532739,0.0,1.4483928680419922e-05,1.4483928680419922e-05,1022.0,1173.0
1650162828,0.0,0.0018465335,0.0,1.5169382095336914e-05,1.5169382095336914e-05,903.5,1535.0
1650162829,0.01,0.009956597,0.01,1.5407800674438477e-05,1.5407800674438477e-05,5116.0,8411.0
1650162830,0.01,0.009956597,0.01,1.5407800674438477e-05,1.5407800674438477e-05,5116.0,8411.0
1650162831,0.0,0.001510109,0.0,1.4990568161010742e-05,1.4990568161010742e-05,829.5,1358.0
1650162832,0.0,0.009054517,0.01,1.5497207641601562e-05,1.5497207641601562e-05,4636.0,7822.0
1650162833,0.0,0.009054517,0.01,1.5497207641601562e-05,1.5497207641601562e-05,4636.0,7822.0
1650162834,0.0,0.0025802245,0.0,1.5079975128173828e-05,1.5079975128173828e-05,1379.0,2626.0
1650162835,0.0,0.004345535,0.0,1.5527009963989258e-05,1.5527009963989258e-05,2945.0,4012.0
1650162836,0.0,0.002094401,0.0,1.52587890625e-05,1.52587890625e-05,847.0,1689.0
1650162837,0.0,0.002094401,0.0,1.52587890625e-05,1.52587890625e-05,847.0,1689.0
1650162838,0.0,0.001528486,0.0,1.5050172805786133e-05,1.5050172805786133e-05,796.5,1423.5
1650162839,0.0,0.001461213,0.0,1.5437602996826172e-05,1.5437602996826172e-05,824.0,1100.0
1650162840,0.0,0.003335284,0.0,1.5407800674438477e-05,1.5407800674438477e-05,1733.0,3191.0
1650162841,0.0,0.003335284,0.0,1.5407800674438477e-05,1.5407800674438477e-05,1733.0,3191.0
1650162842,0.005,0.0048610315,0.0,1.4692544937133787e-05,1.4692544937133787e-05,2148.5,3766.0
1650162843,0.005,0.0048610315,0.0,1.4692544937133787e-05,1.4692544937133787e-05,2148.5,3766.0
1650162844,0.0,0.003348864,0.0,1.4275312423706056e-05,1.4275312423706056e-05,1284.0,2930.0
1650162845,0.0,0.006654414,0.0,1.475214958190918e-05,1.475214958190918e-05,3936.0,5849.0
1650162846,0.0,0.006654414,0.0,1.475214958190918e-05,1.475214958190918e-05,3936.0,5849.0
1650162847,0.0,0.000620316,0.0,1.4692544937133787e-05,1.4692544937133787e-05,511.0,613.0
1650162848,0.0,0.000620316,0.0,1.4692544937133787e-05,1.4692544937133787e-05,511.0,613.0
1650162849,0.0,0.0037659765,0.005,1.4990568161010742e-05,1.4990568161010742e-05,1854.5,3111.5
1650162850,0.0,0.009033543,0.0,1.52587890625e-05,1.52587890625e-05,3811.0,7115.0
1650162851,0.0,0.009033543,0.0,1.52587890625e-05,1.52587890625e-05,3811.0,7115.0
1650162852,0.0,0.0021515905,0.0,1.436471939086914e-05,1.436471939086914e-05,899.0,1424.0
1650162853,0.0,0.006809674,0.01,1.379847526550293e-05,1.379847526550293e-05,3318.0,8245.0
1650162854,0.0,0.006809674,0.01,1.379847526550293e-05,1.379847526550293e-05,3318.0,8245.0
1650162855,0.0,0.001090192,0.0,1.3440847396850586e-05,1.3440847396850586e-05,417.5,910.5
1650162856,0.0,0.006007373,0.0,1.4275312423706056e-05,1.4275312423706056e-05,2976.0,4901.0
1650162857,0.01,0.008214334,0.0,1.4692544937133787e-05,1.4692544937133787e-05,4250.0,6859.0
1650162858,0.01,0.008214334,0.0,1.4692544937133787e-05,1.4692544937133787e-05,4250.0,6859.0
1650162859,0.0,0.004107609,0.0,1.3828277587890623e-05,1.3828277587890623e-05,2322.5,3825.0
1650162860,0.0,0.004107609,0.0,1.3828277587890623e-05,1.3828277587890623e-05,2322.5,3825.0
1650162861,0.0,0.0010724255,0.0,1.347064971923828e-05,1.347064971923828e-05,423.5,845.0
1650162862,0.01,0.00690643,0.0,1.379847526550293e-05,1.379847526550293e-05,3185.0,5556.0
1650162863,0.01,0.00690643,0.0,1.379847526550293e-05,1.379847526550293e-05,3185.0,5556.0
1650162864,0.0,0.000721626,0.0,1.3768672943115234e-05,1.3768672943115234e-05,451.0,2167.5
1650162865,0.0,0.000721626,0.0,1.3768672943115234e-05,1.3768672943115234e-05,451.0,2167.5
1650162866,0.0,0.000758595,0.0,1.4454126358032228e-05,1.4454126358032228e-05,412.0,586.0
1650162867,0.0,0.004155593,0.0,1.5348196029663086e-05,1.5348196029663086e-05,1873.0,3672.0
1650162868,0.01,0.008300231,0.0,1.564621925354004e-05,1.564621925354004e-05,5230.0,7218.0
1650162869,0.01,0.008300231,0.0,1.564621925354004e-05,1.564621925354004e-05,5230.0,7218.0
1650162870,0.0,0.004005417,0.005,1.4632940292358398e-05,1.4632940292358398e-05,2175.5,3520.5
1650162871,0.0,0.00320676,0.0,1.4841556549072266e-05,1.4841556549072266e-05,1593.0,2709.0
1650162872,0.0,0.00320676,0.0,1.4841556549072266e-05,1.4841556549072266e-05,1593.0,2709.0
1650162873,0.0,0.003576993,0.0,1.347064971923828e-05,1.347064971923828e-05,1672.0,3045.5
1650162874,0.0,0.003576993,0.0,1.347064971923828e-05,1.347064971923828e-05,1672.0,3045.5
1650162875,0.0,0.0016538485,0.0,1.347064971923828e-05,1.347064971923828e-05,796.5,1358.0
1650162876,0.0,0.007432479,0.0,1.3768672943115234e-05,1.3768672943115234e-05,4009.0,6790.0
1650162877,0.0,0.007432479,0.0,1.3768672943115234e-05,1.3768672943115234e-05,4009.0,6790.0
1650162878,0.0,0.0008954615,0.0,1.436471939086914e-05,1.436471939086914e-05,481.5,985.0
1650162879,0.0,0.002323082,0.0,1.3947486877441406e-05,1.3947486877441406e-05,769.0,1882.0
1650162880,0.0,0.002396305,0.0,1.4513731002807615e-05,1.4513731002807615e-05,1244.0,1520.0
1650162881,0.0,0.002396305,0.0,1.4513731002807615e-05,1.4513731002807615e-05,1244.0,1520.0
1650162882,0.0,0.000880308,0.0,1.5288591384887695e-05,1.5288591384887695e-05,548.0,722.0
1650162883,0.0,0.000880308,0.0,1.5288591384887695e-05,1.5288591384887695e-05,548.0,722.0
1650162884,0.0,0.0033349155,0.0,1.513957977294922e-05,1.513957977294922e-05,1593.0,2548.0
1650162885,0.0,0.0033349155,0.0,1.513957977294922e-05,1.513957977294922e-05,1593.0,2548.0
1650162886,0.01,0.003638831,0.0,1.531839370727539e-05,1.531839370727539e-05,2235.5,3330.5
1650162887,0.0,0.003325473,0.0,1.531839370727539e-05,1.531839370727539e-05,1593.0,2920.0
1650162888,0.0,0.003325473,0.0,1.531839370727539e-05,1.531839370727539e-05,1593.0,2920.0
1650162889,0.0,0.0043954445,0.0,1.5050172805786133e-05,1.5050172805786133e-05,2082.5,3590.0
1650162890,0.0,0.003553278,0.0,1.4960765838623049e-05,1.4960765838623049e-05,1725.0,2782.0
1650162891,0.0,0.003553278,0.0,1.4960765838623049e-05,1.4960765838623049e-05,1725.0,2782.0
1650162892,0.0,0.0045146625,0.0,1.4334917068481444e-05,1.4334917068481444e-05,2115.5,3899.5
1650162893,0.0,0.006668967,0.0,1.4454126358032228e-05,1.4454126358032228e-05,3655.0,7750.0
1650162894,0.0,0.006668967,0.0,1.4454126358032228e-05,1.4454126358032228e-05,3655.0,7750.0
1650162895,0.005,0.0049882635,0.0,1.3500452041625977e-05,1.3500452041625977e-05,2177.5,3764.0
1650162896,0.0,0.001182056,0.0,1.3828277587890623e-05,1.3828277587890623e-05,890.0,1230.0
1650162897,0.0,0.003576583,0.0,1.3887882232666016e-05,1.3887882232666016e-05,1803.0,3124.0
1650162898,0.0,0.003576583,0.0,1.3887882232666016e-05,1.3887882232666016e-05,1803.0,3124.0
1650162899,0.0,0.0022604275,0.0,1.475214958190918e-05,1.475214958190918e-05,1332.0,2063.5
1650162900,0.0,0.0022604275,0.0,1.475214958190918e-05,1.475214958190918e-05,1332.0,2063.5
1650162901,0.005,0.003233467,0.0,1.4543533325195312e-05,1.4543533325195312e-05,1731.0,2818.0
1650162902,0.0,0.002258974,0.0,1.4156103134155272e-05,1.4156103134155272e-05,847.0,1690.0
1650162903,0.0,0.003251989,0.0,1.4066696166992188e-05,1.4066696166992188e-05,1593.0,4087.0
1650162904,0.0,0.008202539,0.0,1.4632940292358398e-05,1.4632940292358398e-05,3882.0,6259.0
1650162905,0.0,0.008202539,0.0,1.4632940292358398e-05,1.4632940292358398e-05,3882.0,6259.0
1650162906,0.0,0.004644466,0.0,1.4603137969970705e-05,1.4603137969970705e-05,2409.0,3602.5
1650162907,0.0,0.0,0.0,1.4573335647583008e-05,1.4573335647583008e-05,66.0,474.0
1650162908,0.0,0.0,0.0,1.4573335647583008e-05,1.4573335647583008e-05,66.0,474.0
1650162909,0.0,0.000843048,0.0,1.531839370727539e-05,1.531839370727539e-05,521.0,787.0
1650162910,0.0,0.000843048,0.0,1.531839370727539e-05,1.531839370727539e-05,521.0,787.0
1650162911,0.0,0.0020043195,0.0,1.582503318786621e-05,1.582503318786621e-05,790.5,1362.5
1650162912,0.0,0.0020043195,0.0,1.582503318786621e-05,1.582503318786621e-05,790.5,1362.5
1650162913,0.0,0.0052746395,0.0,1.487135887145996e-05,1.487135887145996e-05,2527.0,4267.5
1650162914,0.0,0.006886693,0.0,1.3709068298339844e-05,1.3709068298339844e-05,3260.0,8337.0
1650162915,0.0,0.004184366,0.0,1.379847526550293e-05,1.379847526550293e-05,2079.0,3335.0
1650162916,0.0,0.004184366,0.0,1.379847526550293e-05,1.379847526550293e-05,2079.0,3335.0
1650162917,0.005,0.003644773,0.0,1.3828277587890623e-05,1.3828277587890623e-05,1964.0,2986.5
1650162918,0.005,0.003644773,0.0,1.3828277587890623e-05,1.3828277587890623e-05,1964.0,2986.5
1650162919,0.0,0.0018063675,0.0,1.3768672943115234e-05,1.3768672943115234e-05,1000.5,1460.0
1650162920,0.0,0.003587872,0.0,1.3917684555053713e-05,1.3917684555053713e-05,1724.0,2843.0
1650162921,0.0,0.00249047,0.0,1.341104507446289e-05,1.341104507446289e-05,901.0,1615.0
1650162922,0.0,0.004027301,0.01,1.341104507446289e-05,1.341104507446289e-05,1667.0,2929.0
1650162923,0.0,0.004529243,0.0,1.379847526550293e-05,1.379847526550293e-05,2548.0,6327.0
1650162924,0.0,0.004529243,0.0,1.379847526550293e-05,1.379847526550293e-05,2548.0,6327.0
1650162925,0.0,0.004600059,0.0,1.4156103134155272e-05,1.4156103134155272e-05,1977.5,3457.5
1650162926,0.0,0.004600059,0.0,1.4156103134155272e-05,1.4156103134155272e-05,1977.5,3457.5
1650162927,0.0,0.0017773045,0.0,1.3321638107299805e-05,1.3321638107299805e-05,796.5,1556.0
1650162928,0.0,0.006081347,0.0,1.3768672943115234e-05,1.3768672943115234e-05,3035.0,4629.0
1650162929,0.0,0.006081347,0.0,1.3768672943115234e-05,1.3768672943115234e-05,3035.0,4629.0
1650162930,0.0,0.0049263795,0.0,1.341104507446289e-05,1.341104507446289e-05,2447.5,3597.0
1650162931,0.0,0.003486379,0.0,1.3440847396850586e-05,1.3440847396850586e-05,1725.0,2715.0
1650162932,0.0,0.003486379,0.0,1.3440847396850586e-05,1.3440847396850586e-05,1725.0,2715.0
1650162933,0.0,0.0014791175,0.0,1.3381242752075195e-05,1.3381242752075195e-05,796.5,1424.0
1650162934,0.0,0.001600323,0.0,1.3768672943115234e-05,1.3768672943115234e-05,824.0,4719.0
1650162935,0.0,0.001417803,0.0,1.4394521713256836e-05,1.4394521713256836e-05,823.0,1099.0
1650162936,0.0,0.0,0.0,1.4394521713256836e-05,1.4394521713256836e-05,0.0,148.0
1650162937,0.01,0.004905654,0.0,1.5288591384887695e-05,1.5288591384887695e-05,2490.0,4481.0
1650162938,0.01,0.004905654,0.0,1.5288591384887695e-05,1.5288591384887695e-05,2490.0,4481.0
1650162939,0.0,0.00331717,0.0,1.4692544937133787e-05,1.4692544937133787e-05,1449.0,2708.0
1650162940,0.0,0.003717289,0.0,1.4662742614746094e-05,1.4662742614746094e-05,1923.0,2980.0
1650162941,0.0,0.010461594,0.0,1.4901161193847656e-05,1.4901161193847656e-05,4960.0,7263.0
1650162942,0.0,0.001254315,0.0,1.4692544937133787e-05,1.4692544937133787e-05,902.0,1433.0
1650162943,0.0,0.001254315,0.0,1.4692544937133787e-05,1.4692544937133787e-05,902.0,1433.0
1650162944,0.0,0.0016961555,0.0,1.4692544937133787e-05,1.4692544937133787e-05,928.5,1893.5
1650162945,0.0,0.001443644,0.0,1.5228986740112305e-05,1.5228986740112305e-05,824.0,1434.0
1650162946,0.0,0.001443644,0.0,1.5228986740112305e-05,1.5228986740112305e-05,824.0,1434.0
1650162947,0.005,0.008599577,0.005,1.430511474609375e-05,1.430511474609375e-05,4125.5,7178.5
1650162948,0.005,0.008599577,0.005,1.430511474609375e-05,1.430511474609375e-05,4125.5,7178.5
1650162949,0.01,0.007779223,0.0,1.3679265975952148e-05,1.3679265975952148e-05,4083.5,6883.0
1650162950,0.0,0.003271337,0.0,1.33514404296875e-05,1.33514404296875e-05,1791.0,2980.0
1650162951,0.0,0.003271337,0.0,1.33514404296875e-05,1.33514404296875e-05,1791.0,2980.0
1650162952,0.005,0.0067168565,0.0,1.3440847396850586e-05,1.3440847396850586e-05,3622.5,5568.5
1650162953,0.005,0.0067168565,0.0,1.3440847396850586e-05,1.3440847396850586e-05,3622.5,5568.5
1650162954,0.005,0.0062979755,0.005,1.341104507446289e-05,1.341104507446289e-05,3186.0,8039.5
1650162955,0.0,0.00622502,0.0,1.341104507446289e-05,1.341104507446289e-05,3185.0,5418.0
1650162956,0.0,0.006357016,0.0,1.3649463653564451e-05,1.3649463653564451e-05,3185.0,5422.0
1650162957,0.0,0.006357016,0.0,1.3649463653564451e-05,1.3649463653564451e-05,3185.0,5422.0
1650162958,0.0,0.001639406,0.005,1.341104507446289e-05,1.341104507446289e-05,796.0,1354.0
1650162959,0.02,0.025126456,0.0,1.4036893844604492e-05,1.4036893844604492e-05,14159.0,22857.0
1650162960,0.02,0.025126456,0.0,1.4036893844604492e-05,1.4036893844604492e-05,14159.0,22857.0
1650162961,0.0,0.004503698,0.0,1.341104507446289e-05,1.341104507446289e-05,2388.5,4072.0
1650162962,0.0,0.004503698,0.0,1.341104507446289e-05,1.341104507446289e-05,2388.5,4072.0
1650162963,0.005,0.0052966485,0.0,1.341104507446289e-05,1.341104507446289e-05,2595.5,4345.5
1650162964,0.0,0.008933348,0.0,1.341104507446289e-05,1.341104507446289e-05,5043.0,13337.0
1650162965,0.0,0.008933348,0.0,1.341104507446289e-05,1.341104507446289e-05,5043.0,13337.0
1650162966,0.005,0.00632633,0.0,1.3768672943115234e-05,1.3768672943115234e-05,3186.0,5425.0
1650162967,0.005,0.00632633,0.0,1.3768672943115234e-05,1.3768672943115234e-05,3186.0,5425.0
1650162968,0.0,0.003016034,0.0,1.341104507446289e-05,1.341104507446289e-05,1593.0,2715.5
1650162969,0.01,0.010365514,0.0,1.341104507446289e-05,1.341104507446289e-05,4778.0,8661.0
1650162970,0.01,0.010365514,0.0,1.341104507446289e-05,1.341104507446289e-05,4778.0,8661.0
1650162971,0.005,0.0068003065,0.0,1.3500452041625977e-05,1.3500452041625977e-05,3862.0,5711.5
1650162972,0.0,0.00872106,0.0,1.341104507446289e-05,1.341104507446289e-05,4778.0,8145.0
1650162973,0.0,0.00872106,0.0,1.341104507446289e-05,1.341104507446289e-05,4778.0,8145.0
1650162974,0.005,0.0049802305,0.005,1.347064971923828e-05,1.347064971923828e-05,2595.5,5692.0
1650162975,0.0,0.008635475,0.0,1.3679265975952148e-05,1.3679265975952148e-05,5043.0,8146.0
