timestamp,cpu_usage_system,cpu_usage_total,cpu_usage_user,memory_usage,memory_working_set,rx_bytes,tx_bytes
1650480769,0.0,0.00331161,0.0,0.0004678666591644,0.0004675984382629,2303143.5,5400.5
1650480770,0.0,0.00331161,0.0,0.0004678666591644,0.0004675984382629,2303143.5,5400.5
1650480771,0.0,0.00331161,0.0,0.0004678666591644,0.0004675984382629,2303143.5,5400.5
1650480772,0.0,0.00331161,0.0,0.000466912984848,0.0004666447639465,2303143.5,5400.5
1650480773,0.0,0.00331161,0.0,0.000466912984848,0.0004666447639465,2303143.5,5400.5
1650480774,0.005,0.0042730995,0.0,0.000466912984848,0.0004666447639465,3070856.0,6465.0
1650480775,0.005,0.0042730995,0.0,0.000466912984848,0.0004666447639465,3070856.0,6465.0
1650480776,0.0,0.003009296,0.005,0.000466912984848,0.0004666447639465,2303278.5,4666.5
1650480777,0.0,0.003992061,0.0,0.000466912984848,0.0004666447639465,3078250.0,7146.0
1650480778,0.0,0.005960972,0.0,0.000466912984848,0.0004666447639465,4668859.0,11015.0
1650480779,0.0,0.001898133,0.01,0.000466912984848,0.0004666447639465,1536075.0,3507.0
1650480780,0.0,0.001898133,0.01,0.000466912984848,0.0004666447639465,1536075.0,3507.0
1650480781,0.0,0.0030573895,0.0,0.0004668831825256,0.0004666149616241,2304109.5,5168.5
1650480782,0.01,0.004016513,0.0,0.000466912984848,0.0004666447639465,3072975.0,7108.0
1650480783,0.01,0.004016513,0.0,0.000466912984848,0.0004666447639465,3072975.0,7108.0
1650480784,0.0,0.0018807835,0.0,0.000466912984848,0.0004666447639465,1536122.5,3111.0
1650480785,0.0,0.007354364,0.0,0.000466912984848,0.0004666447639465,6145134.0,12774.0
1650480786,0.0,0.007354364,0.0,0.000466912984848,0.0004666447639465,6145134.0,12774.0
1650480787,0.0,0.0028678565,0.0,0.000466912984848,0.0004666447639465,2304850.5,5466.0
1650480788,0.0,0.0028678565,0.0,0.000466912984848,0.0004666447639465,2304850.5,5466.0
1650480789,0.005,0.003996332,0.0,0.000466912984848,0.0004666447639465,3073205.5,6123.0
1650480790,0.0,0.004078629,0.01,0.000466912984848,0.0004666447639465,3073625.0,6618.0
1650480791,0.0,0.004078629,0.01,0.000466912984848,0.0004666447639465,3073625.0,6618.0
1650480792,0.0,0.002107241,0.0,0.0004668831825256,0.0004666149616241,1537336.5,3309.0
1650480793,0.0,0.003714766,0.0,0.0004668831825256,0.0004666149616241,3073944.0,6420.0
1650480794,0.0,0.004037928,0.0,0.0004668831825256,0.0004666149616241,3074267.0,6222.0
1650480795,0.0,0.004037928,0.0,0.0004668831825256,0.0004666149616241,3074267.0,6222.0
1650480796,0.0,0.0029781495,0.0,0.0004668831825256,0.0004666149616241,2305831.0,4831.5
1650480797,0.0,0.0029781495,0.0,0.0004668831825256,0.0004666149616241,2305831.0,4831.5
1650480798,0.0,0.002127493,0.0,0.0004668831825256,0.0004666149616241,1537388.0,4509.0
1650480799,0.0,0.005623773,0.01,0.0004668831825256,0.0004666149616241,4611893.0,9663.0
1650480800,0.0,0.005623773,0.01,0.0004668831825256,0.0004666149616241,4611893.0,9663.0
1650480801,0.0,0.0009207115,0.0,0.0004668831825256,0.0004666149616241,768877.5,1720.5
1650480802,0.0,0.0009207115,0.0,0.0004668831825256,0.0004666149616241,768877.5,1720.5
1650480803,0.005,0.0022804,0.0,0.0004668831825256,0.0004666149616241,1538135.5,3642.0
1650480804,0.01,0.007239566,0.0,0.0004668831825256,0.0004666149616241,6150402.0,12372.0
1650480805,0.01,0.007239566,0.0,0.0004668831825256,0.0004666149616241,6150402.0,12372.0
1650480806,0.0,0.00267601,0.0,0.0004669725894927,0.0004667043685913,2306713.0,4699.5
1650480807,0.0,0.005625909,0.0,0.0004670023918151,0.0004667341709136,4614122.0,10181.0
1650480808,0.0,0.005625909,0.0,0.0004670023918151,0.0004667341709136,4614122.0,10181.0
1650480809,0.0,0.002822434,0.0,0.0004670023918151,0.0004667341709136,2307211.0,4534.5
1650480810,0.0,0.002822434,0.0,0.0004670023918151,0.0004667341709136,2307211.0,4534.5
1650480811,0.005,0.0038691395,0.005,0.0004670023918151,0.0004667341709136,3076775.0,6423.0
1650480812,0.0,0.003975941,0.0,0.0004670023918151,0.0004667341709136,3077240.0,5944.0
1650480813,0.0,0.003975941,0.0,0.0004670023918151,0.0004667341709136,3077240.0,5944.0
1650480814,0.005,0.0019268725,0.0,0.0004667341709136,0.0004664659500122,1538702.5,3210.0
1650480815,0.0,0.003984168,0.01,0.0004669725894927,0.0004667043685913,3077606.0,6626.0
1650480816,0.0,0.003821867,0.0,0.0004669725894927,0.0004667043685913,3077525.0,6750.0
1650480817,0.0,0.003821867,0.0,0.0004669725894927,0.0004667043685913,3077525.0,6750.0
1650480818,0.0,0.0039548905,0.0,0.0004669725894927,0.0004667043685913,3077846.5,7063.5
1650480819,0.01,0.00580009,0.01,0.0004669725894927,0.0004667043685913,4617158.0,8607.0
1650480820,0.01,0.00580009,0.01,0.0004669725894927,0.0004667043685913,4617158.0,8607.0
1650480821,0.0,0.0038564185,0.0,0.0004669725894927,0.0004667043685913,3078354.0,6189.0
1650480822,0.0,0.005840151,0.01,0.0004669725894927,0.0004667043685913,4618552.0,9523.0
1650480823,0.0,0.005840151,0.01,0.0004669725894927,0.0004667043685913,4618552.0,9523.0
1650480824,0.0,0.000939752,0.0,0.0004669725894927,0.0004667043685913,769852.5,1819.5
1650480825,0.0,0.000939752,0.0,0.0004669725894927,0.0004667043685913,769852.5,1819.5
1650480826,0.005,0.002971229,0.0,0.0004669725894927,0.0004667043685913,2309705.5,5132.5
1650480827,0.005,0.002971229,0.0,0.0004669725894927,0.0004667043685913,2309705.5,5132.5
1650480828,0.0,0.0037207745,0.0,0.0004669725894927,0.0004667043685913,3079443.0,6822.0
1650480829,0.0,0.0037207745,0.0,0.0004669725894927,0.0004667043685913,3079443.0,6822.0
1650480830,0.0,0.002855075,0.0,0.0004669725894927,0.0004667043685913,2309941.5,4897.5
1650480831,0.0,0.001899083,0.0,0.0004669725894927,0.0004667043685913,1540299.0,3507.0
1650480832,0.0,0.004074701,0.01,0.0004669725894927,0.0004667043685913,3080575.0,6388.0
1650480833,0.0,0.004074701,0.01,0.0004669725894927,0.0004667043685913,3080575.0,6388.0
1650480834,0.0,0.001986886,0.0,0.0004669725894927,0.0004667043685913,1540400.5,3342.0
1650480835,0.0,0.003999055,0.01,0.0004669725894927,0.0004667043685913,3080664.0,5892.0
1650480836,0.0,0.003999055,0.01,0.0004669725894927,0.0004667043685913,3080664.0,5892.0
1650480837,0.005,0.0030449195,0.0,0.0004669725894927,0.0004667043685913,2310896.0,4934.5
1650480838,0.0,0.005763778,0.0,0.0004669725894927,0.0004667043685913,4621491.0,11626.0
1650480839,0.0,0.005763778,0.0,0.0004669725894927,0.0004667043685913,4621491.0,11626.0
1650480840,0.0,0.002847524,0.0,0.0004669725894927,0.0004667043685913,2311060.5,4963.5
1650480841,0.0,0.002847524,0.0,0.0004669725894927,0.0004667043685913,2311060.5,4963.5
1650480842,0.0,0.003842624,0.0,0.0004669725894927,0.0004667043685913,3081975.5,6152.0
1650480843,0.01,0.005564612,0.01,0.0004669725894927,0.0004667043685913,4623129.0,9465.0
1650480844,0.01,0.005564612,0.01,0.0004669725894927,0.0004667043685913,4623129.0,9465.0
1650480845,0.0,0.0027304215,0.0,0.0004669725894927,0.0004667043685913,2311780.5,4831.5
1650480846,0.0,0.005683286,0.0,0.0004667341709136,0.0004664659500122,4623927.0,9201.0
1650480847,0.0,0.004138039,0.0,0.0004669725894927,0.0004667043685913,3083042.0,7174.0
1650480848,0.01,0.003631167,0.0,0.0004669725894927,0.0004667043685913,3082962.0,6222.0
1650480849,0.0,0.004013784,0.0,0.0004669725894927,0.0004667043685913,3083285.0,6552.0
1650480850,0.0,0.004013784,0.0,0.0004669725894927,0.0004667043685913,3083285.0,6552.0
1650480851,0.0,0.0020207265,0.005,0.0004669725894927,0.0004667043685913,1541672.5,3177.0
1650480852,0.0,0.002064447,0.0,0.0004669725894927,0.0004667043685913,1542394.0,3565.0
1650480853,0.0,0.003736453,0.0,0.0004669725894927,0.0004667043685913,3083832.0,6750.0
1650480854,0.0,0.003736453,0.0,0.0004669725894927,0.0004667043685913,3083832.0,6750.0
1650480855,0.0,0.002801041,0.0,0.0004670619964599,0.0004667937755584,2312938.0,4600.5
1650480856,0.0,0.007777036,0.0,0.0004670917987823,0.0004668235778808,6168617.0,11586.0
1650480857,0.0,0.007777036,0.0,0.0004670917987823,0.0004668235778808,6168617.0,11586.0
1650480858,0.0,0.001977642,0.0,0.0004670917987823,0.0004668235778808,1542248.5,4049.0
1650480859,0.01,0.011611836,0.01,0.0004670917987823,0.0004668235778808,9255050.0,18674.0
1650480860,0.01,0.011611836,0.01,0.0004670917987823,0.0004668235778808,9255050.0,18674.0
1650480861,0.0,0.00287397,0.005,0.0004670917987823,0.0004668235778808,2314084.0,4831.5
1650480862,0.0,0.00287397,0.005,0.0004670917987823,0.0004668235778808,2314084.0,4831.5
1650480863,0.0,0.0029613815,0.0,0.0004670917987823,0.0004668235778808,2314394.0,4596.5
1650480864,0.01,0.005876316,0.0,0.0004670917987823,0.0004668235778808,4628966.0,10125.0
1650480865,0.01,0.005876316,0.0,0.0004670917987823,0.0004668235778808,4628966.0,10125.0
1650480866,0.0,0.001905195,0.0,0.0004670917987823,0.0004668235778808,1543164.0,3342.0
1650480867,0.0,0.001881531,0.0,0.0004670917987823,0.0004668235778808,1543401.0,3507.0
1650480868,0.0,0.006201884,0.0,0.0004670619964599,0.0004667937755584,4630300.0,10088.0
1650480869,0.0,0.006201884,0.0,0.0004670619964599,0.0004667937755584,4630300.0,10088.0
1650480870,0.0,0.0009227505,0.005,0.0004670619964599,0.0004667937755584,771697.0,1621.5
1650480871,0.0,0.005936904,0.0,0.0004670619964599,0.0004667937755584,4630726.0,9523.0
1650480872,0.0,0.005936904,0.0,0.0004670619964599,0.0004667937755584,4630726.0,9523.0
1650480873,0.0,0.0028757065,0.005,0.0004670619964599,0.0004667937755584,2315452.0,4864.5
1650480874,0.0,0.0028757065,0.005,0.0004670619964599,0.0004667937755584,2315452.0,4864.5
1650480875,0.005,0.002942703,0.0,0.0004670619964599,0.0004667937755584,2315569.5,4633.5
1650480876,0.005,0.002942703,0.0,0.0004670619964599,0.0004667937755584,2315569.5,4633.5
1650480877,0.005,0.002795732,0.005,0.0004670619964599,0.0004667937755584,2315983.5,5095.5
1650480878,0.005,0.002795732,0.005,0.0004670619964599,0.0004667937755584,2315983.5,5095.5
1650480879,0.0,0.0019127215,0.0,0.0004670619964599,0.0004667937755584,1544076.0,3744.5
1650480880,0.0,0.001995358,0.0,0.0004668235778808,0.0004665553569793,1544511.0,3441.0
1650480881,0.0,0.00385477,0.0,0.0004670619964599,0.0004667937755584,3088514.0,6626.0
1650480882,0.0,0.00385477,0.0,0.0004670619964599,0.0004667937755584,3088514.0,6626.0
1650480883,0.005,0.003018844,0.0,0.0004670619964599,0.0004667937755584,2316787.0,4950.5
1650480884,0.005,0.003018844,0.0,0.0004670619964599,0.0004667937755584,2316787.0,4950.5
1650480885,0.0,0.0028618735,0.005,0.0004670619964599,0.0004667937755584,2316530.5,4531.5
1650480886,0.01,0.007819324,0.01,0.0004670619964599,0.0004667937755584,6178142.0,13236.0
1650480887,0.01,0.007819324,0.01,0.0004670619964599,0.0004667937755584,6178142.0,13236.0
1650480888,0.0,0.003850398,0.0,0.0004670619964599,0.0004667937755584,3089490.0,7199.5
1650480889,0.0,0.003850398,0.0,0.0004670619964599,0.0004667937755584,3089490.0,7199.5
1650480890,0.0,0.0028408625,0.0,0.0004670619964599,0.0004667937755584,2317435.0,4798.5
1650480891,0.0,0.00810901,0.0,0.0004670619964599,0.0004667937755584,6181113.0,12906.0
1650480892,0.0,0.00810901,0.0,0.0004670619964599,0.0004667937755584,6181113.0,12906.0
1650480893,0.0,0.000932616,0.005,0.0004670619964599,0.0004667937755584,772699.5,1720.5
1650480894,0.0,0.000932616,0.005,0.0004670619964599,0.0004667937755584,772699.5,1720.5
1650480895,0.005,0.0028579125,0.0,0.0004670619964599,0.0004667937755584,2318109.5,4897.5
1650480896,0.005,0.0028579125,0.0,0.0004670619964599,0.0004667937755584,2318109.5,4897.5
1650480897,0.005,0.004854342,0.0,0.0004670619964599,0.0004667937755584,3863787.5,8140.5
1650480898,0.0,0.00198149,0.0,0.0004670619964599,0.0004667937755584,1545633.0,4976.0
1650480899,0.0,0.00602484,0.01,0.0004670619964599,0.0004667937755584,4637318.0,9333.0
1650480900,0.01,0.005806986,0.0,0.0004670619964599,0.0004667937755584,4637619.0,9663.0
1650480901,0.01,0.005806986,0.0,0.0004670619964599,0.0004667937755584,4637619.0,9663.0
1650480902,0.0,0.002129316,0.0,0.0004670917987823,0.0004668235778808,1546585.5,3507.0
1650480903,0.01,0.005597038,0.0,0.0004671514034271,0.0004668831825256,4638339.0,9861.0
1650480904,0.01,0.005597038,0.0,0.0004671514034271,0.0004668831825256,4638339.0,9861.0
1650480905,0.0,0.0057085085,0.0,0.0004671514034271,0.0004668831825256,4638987.0,9135.0
1650480906,0.0,0.0057085085,0.0,0.0004671514034271,0.0004668831825256,4638987.0,9135.0
1650480907,0.0,0.0011014635,0.0,0.0004671514034271,0.0004668831825256,773314.5,2603.0
1650480908,0.0,0.005737192,0.01,0.0004671514034271,0.0004668831825256,4639977.0,9927.0
1650480909,0.0,0.005737192,0.01,0.0004671514034271,0.0004668831825256,4639977.0,9927.0
1650480910,0.005,0.0019033425,0.0,0.0004671514034271,0.0004668831825256,1546845.0,3177.0
1650480911,0.0,0.003708217,0.0,0.0004671514034271,0.0004668831825256,3093750.0,6222.0
1650480912,0.0,0.003708217,0.0,0.0004671514034271,0.0004668831825256,3093750.0,6222.0
1650480913,0.0,0.003099892,0.0,0.000466912984848,0.0004666447639465,2320771.5,4551.5
1650480914,0.01,0.006002164,0.0,0.0004671514034271,0.0004668831825256,4641422.0,10001.0
1650480915,0.01,0.006002164,0.0,0.0004671514034271,0.0004668831825256,4641422.0,10001.0
1650480916,0.0,0.002952733,0.005,0.0004671514034271,0.0004668831825256,2320858.0,4732.5
1650480917,0.0,0.004025079,0.0,0.0004671514034271,0.0004668831825256,3095136.0,9277.0
1650480918,0.0,0.004025079,0.0,0.0004671514034271,0.0004668831825256,3095136.0,9277.0
1650480919,0.005,0.001906485,0.0,0.0004671514034271,0.0004668831825256,1547466.0,3045.0
1650480920,0.0,0.005848389,0.01,0.0004671514034271,0.0004668831825256,4642725.0,9201.0
1650480921,0.0,0.005848389,0.01,0.0004671514034271,0.0004668831825256,4642725.0,9201.0
1650480922,0.0,0.0041395545,0.0,0.0004671514034271,0.0004668831825256,3095799.5,5987.0
1650480923,0.01,0.002313536,0.0,0.000466912984848,0.0004666447639465,1548104.0,3111.0
1650480924,0.01,0.002313536,0.0,0.000466912984848,0.0004666447639465,1548104.0,3111.0
1650480925,0.0,0.0027963845,0.0,0.0004671514034271,0.0004668831825256,2322008.0,4637.5
1650480926,0.0,0.005680219,0.0,0.0004671514034271,0.0004668831825256,4644309.0,9861.0
1650480927,0.0,0.003624682,0.0,0.0004671514034271,0.0004668831825256,3096402.0,5496.0
1650480928,0.0,0.003950998,0.01,0.0004671514034271,0.0004668831825256,3096726.0,6892.0
1650480929,0.0,0.003950998,0.01,0.0004671514034271,0.0004668831825256,3096726.0,6892.0
1650480930,0.0,0.004673926,0.0,0.0004671514034271,0.0004668831825256,3871228.5,7612.5
1650480931,0.0,0.004673926,0.0,0.0004671514034271,0.0004668831825256,3871228.5,7612.5
1650480932,0.0,0.0029440865,0.005,0.0004671514034271,0.0004668831825256,2323178.0,4827.5
1650480933,0.01,0.007653955,0.0,0.000466912984848,0.0004666447639465,6195694.0,12840.0
1650480934,0.01,0.007653955,0.0,0.000466912984848,0.0004666447639465,6195694.0,12840.0
1650480935,0.0,0.002091811,0.005,0.0004671514034271,0.0004668831825256,1549203.5,3346.0
1650480936,0.0,0.001964356,0.0,0.0004671514034271,0.0004668831825256,1549173.0,3441.0
1650480937,0.0,0.001964356,0.0,0.0004671514034271,0.0004668831825256,1549173.0,3441.0
1650480938,0.0,0.0019338995,0.005,0.0004671514034271,0.0004668831825256,1549245.0,3408.0
1650480939,0.0,0.005666125,0.0,0.0004671514034271,0.0004668831825256,4647765.0,9069.0
1650480940,0.0,0.009804969,0.01,0.0004671514034271,0.0004668831825256,7747257.0,15159.0
1650480941,0.0,0.009804969,0.01,0.0004671514034271,0.0004668831825256,7747257.0,15159.0
1650480942,0.0,0.0010338555,0.0,0.0004671514034271,0.0004668831825256,775175.0,1881.5
1650480943,0.0,0.0010338555,0.0,0.0004671514034271,0.0004668831825256,775175.0,1881.5
1650480944,0.0,0.0046849535,0.0,0.0004671514034271,0.0004668831825256,3874315.0,7777.5
1650480945,0.0,0.003822004,0.0,0.000466912984848,0.0004666447639465,3100092.0,6750.0
1650480946,0.0,0.003822004,0.0,0.000466912984848,0.0004666447639465,3100092.0,6750.0
1650480947,0.005,0.0020169965,0.0,0.0004671514034271,0.0004668831825256,1550113.0,3247.0
1650480948,0.0,0.003951192,0.0,0.0004671812057495,0.000466912984848,3100212.0,8231.0
1650480949,0.0,0.003885356,0.0,0.0004672408103942,0.0004669725894927,3100733.0,6948.0
1650480950,0.0,0.001799623,0.0,0.0004672408103942,0.0004669725894927,1550467.0,3045.0
1650480951,0.01,0.004060322,0.0,0.0004672408103942,0.0004669725894927,3100851.0,6280.0
1650480952,0.01,0.004060322,0.0,0.0004672408103942,0.0004669725894927,3100851.0,6280.0
1650480953,0.0,0.002938653,0.0,0.0004672408103942,0.0004669725894927,2325868.5,4753.5
1650480954,0.0,0.00371107,0.0,0.0004672408103942,0.0004669725894927,3101172.0,6948.0
1650480955,0.0,0.00742573,0.0,0.0004672706127166,0.0004670023918151,6202919.0,12048.0
1650480956,0.0,0.00742573,0.0,0.0004672706127166,0.0004670023918151,6202919.0,12048.0
1650480957,0.005,0.0048849575,0.005,0.0004672706127166,0.0004670023918151,3877418.5,7888.5
1650480958,0.005,0.0048849575,0.005,0.0004672706127166,0.0004670023918151,3877418.5,7888.5
1650480959,0.0,0.00201515,0.005,0.0004672706127166,0.0004670023918151,1551113.5,3342.0
1650480960,0.0,0.003950939,0.0,0.0004672706127166,0.0004670023918151,3102682.0,7080.0
1650480961,0.0,0.003954583,0.0,0.0004672706127166,0.0004670023918151,3102930.0,6412.0
1650480962,0.0,0.003954583,0.0,0.0004672706127166,0.0004670023918151,3102930.0,6412.0
1650480963,0.0,0.003684019,0.0,0.0004672706127166,0.0004670023918151,3102965.5,6750.0
1650480964,0.0,0.003684019,0.0,0.0004672706127166,0.0004670023918151,3102965.5,6750.0
1650480965,0.0,0.001849819,0.005,0.0004672706127166,0.0004670023918151,1551627.0,3408.0
1650480966,0.0,0.001849819,0.005,0.0004672706127166,0.0004670023918151,1551627.0,3408.0
1650480967,0.005,0.0028938695,0.0,0.0004672706127166,0.0004670023918151,2327520.5,4831.5
1650480968,0.0,0.004131431,0.0,0.0004672408103942,0.0004669725894927,3104006.0,7451.0
1650480969,0.0,0.004131431,0.0,0.0004672408103942,0.0004669725894927,3104006.0,7451.0
1650480970,0.0,0.001921564,0.0,0.0004672408103942,0.0004669725894927,1551930.0,3408.0
1650480971,0.0,0.003745924,0.0,0.0004672408103942,0.0004669725894927,3104118.0,6486.0
1650480972,0.0,0.003975154,0.0,0.0004672408103942,0.0004669725894927,3104629.0,6346.0
1650480973,0.0,0.003887164,0.01,0.0004672408103942,0.0004669725894927,3104502.0,6618.0
1650480974,0.0,0.003919174,0.0,0.0004672408103942,0.0004669725894927,3104562.0,6222.0
1650480975,0.0,0.003919174,0.0,0.0004672408103942,0.0004669725894927,3104562.0,6222.0
1650480976,0.0,0.0028689115,0.005,0.0004672408103942,0.0004669725894927,2328667.5,4930.5
1650480977,0.0,0.0028689115,0.005,0.0004672408103942,0.0004669725894927,2328667.5,4930.5
1650480978,0.005,0.0038755405,0.005,0.0004670023918151,0.0004667341709136,3105434.0,6999.5
1650480979,0.005,0.0038755405,0.005,0.0004670023918151,0.0004667341709136,3105434.0,6999.5
1650480980,0.0,0.0019836665,0.0,0.0004672408103942,0.0004669725894927,1552882.0,3412.0
1650480981,0.01,0.006096554,0.0,0.0004672408103942,0.0004669725894927,4659214.0,9919.0
1650480982,0.01,0.006096554,0.0,0.0004672408103942,0.0004669725894927,4659214.0,9919.0
1650480983,0.0,0.001862998,0.0,0.0004672408103942,0.0004669725894927,1552974.0,3165.0
1650480984,0.0,0.003673493,0.0,0.0004672408103942,0.0004669725894927,3106229.0,6486.0
1650480985,0.0,0.003673493,0.0,0.0004672408103942,0.0004669725894927,3106229.0,6486.0
1650480986,0.0,0.0031469275,0.01,0.0004672408103942,0.0004669725894927,2329951.0,4996.5
1650480987,0.0,0.0031469275,0.01,0.0004672408103942,0.0004669725894927,2329951.0,4996.5
1650480988,0.005,0.003019799,0.0,0.0004672408103942,0.0004669725894927,2329969.0,6017.5
1650480989,0.005,0.003019799,0.0,0.0004672408103942,0.0004669725894927,2329969.0,6017.5
1650480990,0.0,0.0047470085,0.0,0.0004672408103942,0.0004669725894927,3884228.5,7847.5
1650480991,0.0,0.003901952,0.0,0.0004672408103942,0.0004669725894927,3108061.0,7138.0
1650480992,0.0,0.005576908,0.0,0.0004672408103942,0.0004669725894927,4661444.0,8541.0
1650480993,0.0,0.005576908,0.0,0.0004672408103942,0.0004669725894927,4661444.0,8541.0
1650480994,0.005,0.003669122,0.0,0.0004672408103942,0.0004669725894927,3107955.0,6519.0
1650480995,0.005,0.003669122,0.0,0.0004672408103942,0.0004669725894927,3107955.0,6519.0
1650480996,0.005,0.0018515275,0.0,0.0004672408103942,0.0004669725894927,1554138.0,3177.0
1650480997,0.0,0.004011436,0.0,0.0004673302173614,0.0004670619964599,3108731.0,6948.0
1650480998,0.0,0.007740007,0.01,0.0004673302173614,0.0004670619964599,6217379.0,13471.0
1650480999,0.0,0.007740007,0.01,0.0004673302173614,0.0004670619964599,6217379.0,13471.0
1650481000,0.0,0.0019744205,0.0,0.0004673302173614,0.0004670619964599,1554621.0,3441.0
1650481001,0.0,0.0019744205,0.0,0.0004673302173614,0.0004670619964599,1554621.0,3441.0
1650481002,0.0,0.003157433,0.0,0.0004673302173614,0.0004670619964599,2332473.0,4831.5
1650481003,0.0,0.00582751,0.0,0.0004673302173614,0.0004670619964599,4664257.0,9993.0
1650481004,0.0,0.00582751,0.0,0.0004673302173614,0.0004670619964599,4664257.0,9993.0
1650481005,0.0,0.0028076795,0.0,0.0004673302173614,0.0004670619964599,2332411.5,5128.5
1650481006,0.0,0.001858939,0.01,0.0004673302173614,0.0004670619964599,1555323.0,3507.0
1650481007,0.0,0.004034947,0.0,0.0004673302173614,0.0004670619964599,3110262.0,7690.0
1650481008,0.01,0.005879735,0.0,0.0004673302173614,0.0004670619964599,4665554.0,9993.0
1650481009,0.01,0.005879735,0.0,0.0004673302173614,0.0004670619964599,4665554.0,9993.0
1650481010,0.005,0.003824631,0.0,0.0004673302173614,0.0004670619964599,3110838.0,6519.0
1650481011,0.0,0.004212033,0.01,0.0004670917987823,0.0004668235778808,3111511.0,6478.0
1650481012,0.0,0.004212033,0.01,0.0004670917987823,0.0004668235778808,3111511.0,6478.0
1650481013,0.0,0.004725234,0.005,0.0004673302173614,0.0004670619964599,3889351.5,7670.5
1650481014,0.0,0.003795255,0.0,0.0004673302173614,0.0004670619964599,3111665.0,6288.0
1650481015,0.0,0.003795255,0.0,0.0004673302173614,0.0004670619964599,3111665.0,6288.0
1650481016,0.005,0.002905213,0.0,0.0004673302173614,0.0004670619964599,2334160.5,5161.5
1650481017,0.005,0.002905213,0.0,0.0004673302173614,0.0004670619964599,2334160.5,5161.5
1650481018,0.0,0.001881618,0.0,0.0004673302173614,0.0004670619964599,1556106.0,3724.0
1650481019,0.0,0.001881618,0.0,0.0004673302173614,0.0004670619964599,1556106.0,3724.0
1650481020,0.0,0.002901104,0.0,0.0004673302173614,0.0004670619964599,2334355.5,4897.5
1650481021,0.0,0.003842371,0.0,0.0004673302173614,0.0004670619964599,3112692.0,6354.0
1650481022,0.0,0.003842371,0.0,0.0004673302173614,0.0004670619964599,3112692.0,6354.0
1650481023,0.005,0.003164444,0.0,0.0004673302173614,0.0004670619964599,2335175.5,5227.5
1650481024,0.0,0.005703544,0.0,0.0004673302173614,0.0004670619964599,4669863.0,9399.0
1650481025,0.0,0.005703544,0.0,0.0004673302173614,0.0004670619964599,4669863.0,9399.0
1650481026,0.005,0.0028115165,0.0,0.0004673302173614,0.0004670619964599,2335246.5,4732.5
1650481027,0.005,0.0028115165,0.0,0.0004673302173614,0.0004670619964599,2335246.5,4732.5
1650481028,0.0,0.002857691,0.0,0.0004673302173614,0.0004670619964599,2335396.5,5507.0
1650481029,0.0,0.001849408,0.0,0.0004673302173614,0.0004670619964599,1557027.0,3309.0
1650481030,0.01,0.005951816,0.01,0.0004673302173614,0.0004670619964599,4671369.0,9333.0
1650481031,0.01,0.005951816,0.01,0.0004673302173614,0.0004670619964599,4671369.0,9333.0
1650481032,0.0,0.002886441,0.0,0.0004673302173614,0.0004670619964599,2336059.0,4761.5
1650481033,0.0,0.002886441,0.0,0.0004673302173614,0.0004670619964599,2336059.0,4761.5
1650481034,0.0,0.0030086875,0.0,0.0004673302173614,0.0004670619964599,2336351.0,4868.5
1650481035,0.0,0.003712149,0.0,0.0004673302173614,0.0004670619964599,3115194.0,6816.0
1650481036,0.0,0.003712149,0.0,0.0004673302173614,0.0004670619964599,3115194.0,6816.0
1650481037,0.0,0.0020368675,0.0,0.0004673302173614,0.0004670619964599,1557626.5,4210.0
1650481038,0.0,0.002134101,0.01,0.0004673302173614,0.0004670619964599,1557925.0,3183.0
1650481039,0.0,0.002134101,0.01,0.0004673302173614,0.0004670619964599,1557925.0,3183.0
1650481040,0.0,0.00180391,0.0,0.0004673302173614,0.0004670619964599,1557658.0,3042.0
1650481041,0.0,0.008093371,0.0,0.0004673302173614,0.0004670619964599,6232242.0,13228.0
1650481042,0.0,0.008093371,0.0,0.0004673302173614,0.0004670619964599,6232242.0,13228.0
1650481043,0.0,0.0029704795,0.0,0.0004673302173614,0.0004670619964599,2337079.5,4357.5
1650481044,0.0,0.0029704795,0.0,0.0004673302173614,0.0004670619964599,2337079.5,4357.5
1650481045,0.0,0.0032264915,0.0,0.0004673302173614,0.0004670619964599,2337476.5,4901.5
1650481046,0.0,0.004038266,0.01,0.0004673600196838,0.0004670917987823,3116628.0,6618.0
1650481047,0.0,0.004038266,0.01,0.0004673600196838,0.0004670917987823,3116628.0,6618.0
1650481048,0.0,0.0040958725,0.0,0.0004674196243286,0.0004671514034271,3116849.0,6694.5
1650481049,0.0,0.003730259,0.0,0.0004674196243286,0.0004671514034271,3117401.0,6684.0
1650481050,0.01,0.011337842,0.01,0.0004674196243286,0.0004671514034271,9352565.0,18468.0
1650481051,0.01,0.011337842,0.01,0.0004674196243286,0.0004671514034271,9352565.0,18468.0
1650481052,0.0,0.0011326415,0.0,0.0004674196243286,0.0004671514034271,779723.0,1782.5
1650481053,0.0,0.0011326415,0.0,0.0004674196243286,0.0004671514034271,779723.0,1782.5
1650481054,0.0,0.003873526,0.0,0.0004674196243286,0.0004671514034271,3118197.0,6651.0
1650481055,0.0,0.003770615,0.0,0.0004674196243286,0.0004671514034271,3118386.0,6156.0
1650481056,0.0,0.003770615,0.0,0.0004674196243286,0.0004671514034271,3118386.0,6156.0
1650481057,0.005,0.002999051,0.0,0.0004674196243286,0.0004671514034271,2339303.0,5099.5
1650481058,0.0,0.007657633,0.0,0.0004674196243286,0.0004671514034271,6237923.0,15017.0
1650481059,0.0,0.007657633,0.0,0.0004674196243286,0.0004671514034271,6237923.0,15017.0
1650481060,0.005,0.002088962,0.005,0.0004674196243286,0.0004671514034271,1559756.5,3144.0
1650481061,0.0,0.001932471,0.0,0.0004674196243286,0.0004671514034271,1559829.0,3375.0
1650481062,0.0,0.001932471,0.0,0.0004674196243286,0.0004671514034271,1559829.0,3375.0
1650481063,0.0,0.006003373,0.005,0.0004674196243286,0.0004671514034271,4679885.0,9560.0
1650481064,0.0,0.006003373,0.005,0.0004674196243286,0.0004671514034271,4679885.0,9560.0
1650481065,0.0,0.00378673,0.0,0.0004674196243286,0.0004671514034271,3120243.0,5958.0
1650481066,0.0,0.00378673,0.0,0.0004674196243286,0.0004671514034271,3120243.0,5958.0
1650481067,0.0,0.00310814,0.0,0.0004671812057495,0.000466912984848,2340640.5,5062.5
1650481068,0.01,0.00611456,0.0,0.0004674196243286,0.0004671514034271,4681588.0,11562.0
1650481069,0.01,0.00611456,0.0,0.0004674196243286,0.0004671514034271,4681588.0,11562.0
1650481070,0.0,0.001907559,0.0,0.0004674196243286,0.0004671514034271,1560702.0,3243.0
1650481071,0.0,0.00400507,0.01,0.0004674196243286,0.0004671514034271,3122047.0,7336.0
1650481072,0.0,0.00400507,0.01,0.0004674196243286,0.0004671514034271,3122047.0,7336.0
1650481073,0.0,0.003721227,0.005,0.0004674196243286,0.0004671514034271,3121706.0,6342.0
1650481074,0.0,0.003721227,0.005,0.0004674196243286,0.0004671514034271,3121706.0,6342.0
1650481075,0.0,0.002903131,0.0,0.0004674196243286,0.0004671514034271,2341615.5,4897.5
1650481076,0.01,0.002073159,0.0,0.0004674196243286,0.0004671514034271,1561333.0,3513.0
1650481077,0.0,0.003835875,0.0,0.0004674196243286,0.0004671514034271,3122264.0,7352.0
1650481078,0.0,0.00182373,0.0,0.0004674196243286,0.0004671514034271,1561185.0,3111.0
1650481079,0.0,0.005853525,0.0,0.0004674196243286,0.0004671514034271,4684379.0,10397.0
1650481080,0.0,0.005853525,0.0,0.0004674196243286,0.0004671514034271,4684379.0,10397.0
1650481081,0.0,0.0019831845,0.0,0.0004674196243286,0.0004671514034271,1561467.0,3408.0
1650481082,0.0,0.009940659,0.01,0.0004674196243286,0.0004671514034271,7808227.0,15943.0
1650481083,0.0,0.009940659,0.01,0.0004674196243286,0.0004671514034271,7808227.0,15943.0
1650481084,0.0,0.0030234995,0.0,0.0004674196243286,0.0004671514034271,2342853.0,5032.5
1650481085,0.0,0.007568303,0.01,0.0004674196243286,0.0004671514034271,6247556.0,12042.0
1650481086,0.0,0.003679037,0.0,0.0004674196243286,0.0004671514034271,3124146.0,6486.0
1650481087,0.0,0.003679037,0.0,0.0004674196243286,0.0004671514034271,3124146.0,6486.0
1650481088,0.0,0.0019682835,0.0,0.0004674196243286,0.0004671514034271,1562301.0,4389.5
1650481089,0.0,0.0019682835,0.0,0.0004674196243286,0.0004671514034271,1562301.0,4389.5
1650481090,0.005,0.00196427,0.0,0.0004674196243286,0.0004671514034271,1562264.5,3111.0
1650481091,0.0,0.007994808,0.0,0.0004675090312957,0.0004672408103942,6250040.0,13244.0
1650481092,0.0,0.007994808,0.0,0.0004675090312957,0.0004672408103942,6250040.0,13244.0
1650481093,0.0,0.0019987745,0.0,0.0004675090312957,0.0004672408103942,1562910.5,3371.0
1650481094,0.0,0.003651267,0.0,0.0004675090312957,0.0004672408103942,3125298.0,6222.0
1650481095,0.0,0.001930538,0.0,0.0004675090312957,0.0004672408103942,1562853.0,3309.0
1650481096,0.0,0.003779584,0.0,0.0004675090312957,0.0004672408103942,3125718.0,6420.0
1650481097,0.0,0.002079975,0.0,0.0004675090312957,0.0004672408103942,1562930.0,4734.0
1650481098,0.0,0.002079975,0.0,0.0004675090312957,0.0004672408103942,1562930.0,4734.0
1650481099,0.0,0.001909187,0.0,0.0004675090312957,0.0004672408103942,1563102.0,3408.0
1650481100,0.0,0.001909187,0.0,0.0004675090312957,0.0004672408103942,1563102.0,3408.0
1650481101,0.005,0.0057640045,0.0,0.0004675090312957,0.0004672408103942,4689786.5,9601.0
1650481102,0.005,0.0057640045,0.0,0.0004675090312957,0.0004672408103942,4689786.5,9601.0
1650481103,0.0,0.0020545955,0.005,0.0004675090312957,0.0004672408103942,1563666.5,3689.0
1650481104,0.0,0.005731507,0.0,0.0004675090312957,0.0004672408103942,4690455.0,9135.0
1650481105,0.0,0.005731507,0.0,0.0004675090312957,0.0004672408103942,4690455.0,9135.0
1650481106,0.0,0.002807448,0.0,0.0004675090312957,0.0004672408103942,2345443.5,4864.5
1650481107,0.0,0.002807448,0.0,0.0004675090312957,0.0004672408103942,2345443.5,4864.5
1650481108,0.0,0.0020754855,0.0,0.0004675090312957,0.0004672408103942,1563983.0,3543.0
1650481109,0.0,0.00553054,0.0,0.0004675090312957,0.0004672408103942,4691246.0,9393.0
1650481110,0.01,0.005777433,0.01,0.0004675090312957,0.0004672408103942,4691970.0,9663.0
1650481111,0.01,0.005777433,0.01,0.0004675090312957,0.0004672408103942,4691970.0,9663.0
1650481112,0.0,0.00310072,0.0,0.0004675090312957,0.0004672408103942,2346530.5,5293.5
1650481113,0.01,0.002118225,0.0,0.0004675090312957,0.0004672408103942,1564209.0,3507.0
1650481114,0.0,0.007886212,0.0,0.0004675090312957,0.0004672408103942,6257674.0,12978.0
1650481115,0.0,0.003522818,0.0,0.0004675090312957,0.0004672408103942,3128786.0,6150.0
1650481116,0.0,0.003522818,0.0,0.0004675090312957,0.0004672408103942,3128786.0,6150.0
1650481117,0.005,0.0028188525,0.0,0.0004675090312957,0.0004672408103942,2347020.5,4930.5
1650481118,0.0,0.005763268,0.01,0.0004675090312957,0.0004672408103942,4694277.0,10888.0
1650481119,0.0,0.001981315,0.0,0.0004675090312957,0.0004672408103942,1565096.0,3507.0
1650481120,0.01,0.003837799,0.0,0.0004675090312957,0.0004672408103942,3129810.0,6420.0
1650481121,0.01,0.003837799,0.0,0.0004675090312957,0.0004672408103942,3129810.0,6420.0
1650481122,0.0,0.004043197,0.0,0.0004672706127166,0.0004670023918151,3130719.5,6383.0
1650481123,0.0,0.005696118,0.0,0.0004675090312957,0.0004672408103942,4696121.0,9341.0
1650481124,0.0,0.005696118,0.0,0.0004675090312957,0.0004672408103942,4696121.0,9341.0
1650481125,0.0,0.001029021,0.0,0.0004675090312957,0.0004672408103942,782769.5,1690.5
1650481126,0.0,0.005495776,0.0,0.0004675090312957,0.0004672408103942,4696331.0,9459.0
1650481127,0.0,0.003827118,0.01,0.0004675090312957,0.0004672408103942,3131124.0,7313.0
1650481128,0.0,0.003827118,0.01,0.0004675090312957,0.0004672408103942,3131124.0,7313.0
1650481129,0.0,0.0028660535,0.005,0.0004675090312957,0.0004672408103942,2348671.5,5194.5
1650481130,0.0,0.0028660535,0.005,0.0004675090312957,0.0004672408103942,2348671.5,5194.5
1650481131,0.0,0.003750888,0.0,0.0004675090312957,0.0004672408103942,3131700.0,6354.0
1650481132,0.0,0.004210795,0.0,0.0004675090312957,0.0004672408103942,3132372.0,6874.0
1650481133,0.0,0.004210795,0.0,0.0004675090312957,0.0004672408103942,3132372.0,6874.0
1650481134,0.0,0.003840291,0.0,0.0004675090312957,0.0004672408103942,3132400.0,6412.0
1650481135,0.0,0.005524111,0.0,0.0004675090312957,0.0004672408103942,4698819.0,9069.0
1650481136,0.0,0.005524111,0.0,0.0004675090312957,0.0004672408103942,4698819.0,9069.0
1650481137,0.005,0.0019023105,0.0,0.0004675090312957,0.0004672408103942,1566492.0,3210.0
1650481138,0.0,0.004342476,0.0,0.0004675984382629,0.0004673302173614,3133175.0,6901.0
1650481139,0.0,0.004342476,0.0,0.0004675984382629,0.0004673302173614,3133175.0,6901.0
1650481140,0.005,0.0028207975,0.0,0.0004675984382629,0.0004673302173614,2350111.5,4600.5
1650481141,0.005,0.0028207975,0.0,0.0004675984382629,0.0004673302173614,2350111.5,4600.5
1650481142,0.0,0.0030918895,0.0,0.0004675984382629,0.0004673302173614,2350520.0,4926.5
1650481143,0.0,0.005626032,0.01,0.0004675984382629,0.0004673302173614,4700887.0,9927.0
1650481144,0.0,0.005626032,0.01,0.0004675984382629,0.0004673302173614,4700887.0,9927.0
1650481145,0.005,0.0029876065,0.0,0.0004675984382629,0.0004673302173614,2350763.0,4934.5
1650481146,0.005,0.0029876065,0.0,0.0004675984382629,0.0004673302173614,2350763.0,4934.5
1650481147,0.0,0.003761894,0.0,0.0004675984382629,0.0004673302173614,3134482.5,6618.0
1650481148,0.0,0.003952986,0.01,0.0004675984382629,0.0004673302173614,3134837.0,7906.0
1650481149,0.0,0.003952986,0.01,0.0004675984382629,0.0004673302173614,3134837.0,7906.0
1650481150,0.0,0.001909035,0.0,0.0004675984382629,0.0004673302173614,1567482.0,3177.0
1650481151,0.0,0.001909035,0.0,0.0004675984382629,0.0004673302173614,1567482.0,3177.0
1650481152,0.0,0.0042294855,0.005,0.0004676282405853,0.0004673600196838,3135821.0,6749.0
1650481153,0.0,0.0042294855,0.005,0.0004676282405853,0.0004673600196838,3135821.0,6749.0
1650481154,0.005,0.004828653,0.0,0.0004676282405853,0.0004673600196838,3919522.5,7414.5
1650481155,0.005,0.004828653,0.0,0.0004676282405853,0.0004673600196838,3919522.5,7414.5
1650481156,0.005,0.0048926675,0.005,0.0004675984382629,0.0004673302173614,3920178.0,7811.5
1650481157,0.005,0.0048926675,0.005,0.0004675984382629,0.0004673302173614,3920178.0,7811.5
1650481158,0.0,0.0030675005,0.0,0.0004675984382629,0.0004673302173614,2352526.5,5909.0
1650481159,0.0,0.003739597,0.0,0.0004675984382629,0.0004673302173614,3136722.0,6420.0
1650481160,0.0,0.00191404,0.0,0.0004675984382629,0.0004673302173614,1568631.0,3507.0
1650481161,0.0,0.00191404,0.0,0.0004675984382629,0.0004673302173614,1568631.0,3507.0
1650481162,0.0,0.002936359,0.005,0.0004675984382629,0.0004673302173614,2353150.5,5025.5
1650481163,0.0,0.005960357,0.01,0.0004675984382629,0.0004673302173614,4706124.0,9507.0
1650481164,0.0,0.003694755,0.0,0.0004675984382629,0.0004673302173614,3137586.0,6090.0
1650481165,0.0,0.003694755,0.0,0.0004675984382629,0.0004673302173614,3137586.0,6090.0
1650481166,0.005,0.0038506245,0.0,0.0004675984382629,0.0004673302173614,3138010.0,6061.0
1650481167,0.005,0.0038506245,0.0,0.0004675984382629,0.0004673302173614,3138010.0,6061.0
1650481168,0.0,0.0028997125,0.005,0.0004675984382629,0.0004673302173614,2353921.5,5535.5
1650481169,0.0,0.002026507,0.0,0.0004675984382629,0.0004673302173614,1569333.0,3441.0
1650481170,0.0,0.007890376,0.0,0.0004675984382629,0.0004673302173614,6277350.0,12114.0
1650481171,0.0,0.004449999,0.01,0.0004675984382629,0.0004673302173614,3139380.0,6478.0
1650481172,0.0,0.004449999,0.01,0.0004675984382629,0.0004673302173614,3139380.0,6478.0
1650481173,0.0,0.0031592965,0.0,0.0004675984382629,0.0004673302173614,2354377.0,4600.5
1650481174,0.0,0.0031592965,0.0,0.0004675984382629,0.0004673302173614,2354377.0,4600.5
1650481175,0.005,0.001962589,0.0,0.0004675984382629,0.0004673302173614,1569870.0,3375.0
1650481176,0.0,0.003972648,0.0,0.0004673600196838,0.0004670917987823,3139998.0,6684.0
1650481177,0.01,0.004085664,0.0,0.0004675984382629,0.0004673302173614,3140198.0,9123.0
1650481178,0.01,0.004085664,0.0,0.0004675984382629,0.0004673302173614,3140198.0,9123.0
1650481179,0.0,0.0019793505,0.0,0.0004675984382629,0.0004673302173614,1570058.5,3342.0
1650481180,0.0,0.0019793505,0.0,0.0004675984382629,0.0004673302173614,1570058.5,3342.0
1650481181,0.0,0.001901272,0.0,0.0004675984382629,0.0004673302173614,1570221.0,3441.0
1650481182,0.0,0.00402753,0.01,0.0004675984382629,0.0004673302173614,3141019.0,7006.0
1650481183,0.0,0.00402753,0.01,0.0004675984382629,0.0004673302173614,3141019.0,7006.0
1650481184,0.0,0.0028365095,0.0,0.0004675984382629,0.0004673302173614,2355589.0,4633.5
1650481185,0.0,0.004018744,0.0,0.0004675984382629,0.0004673302173614,3140982.0,6486.0
1650481186,0.0,0.004018744,0.0,0.0004675984382629,0.0004673302173614,3140982.0,6486.0
1650481187,0.005,0.0019347155,0.005,0.0004673600196838,0.0004670917987823,1570851.0,3474.0
1650481188,0.0,0.004194615,0.0,0.0004676878452301,0.0004674196243286,3141374.0,7254.0
1650481189,0.0,0.004194615,0.0,0.0004676878452301,0.0004674196243286,3141374.0,7254.0
1650481190,0.0,0.0031076805,0.0,0.0004676878452301,0.0004674196243286,2356416.5,5626.5
1650481191,0.0,0.00537034,0.0,0.0004676878452301,0.0004674196243286,4712417.0,8997.0
1650481192,0.0,0.00537034,0.0,0.0004676878452301,0.0004674196243286,4712417.0,8997.0
1650481193,0.005,0.003002448,0.0,0.0004676878452301,0.0004674196243286,2356928.0,4893.5
1650481194,0.0,0.002034459,0.0,0.0004676878452301,0.0004674196243286,1571412.0,3777.0
1650481195,0.0,0.005786826,0.01,0.0004676878452301,0.0004674196243286,4713490.0,9129.0
1650481196,0.0,0.005786826,0.01,0.0004676878452301,0.0004674196243286,4713490.0,9129.0
1650481197,0.0,0.003896711,0.0,0.000467449426651,0.0004671812057495,3142902.0,7123.0
1650481198,0.0,0.003895267,0.0,0.0004676878452301,0.0004674196243286,3143263.0,6428.0
1650481199,0.0,0.003895267,0.0,0.0004676878452301,0.0004674196243286,3143263.0,6428.0
1650481200,0.0,0.0020333515,0.005,0.0004676878452301,0.0004674196243286,1571723.5,3276.0
1650481201,0.0,0.008004015,0.0,0.0004676878452301,0.0004674196243286,6287592.0,12370.0
1650481202,0.0,0.008004015,0.0,0.0004676878452301,0.0004674196243286,6287592.0,12370.0
1650481203,0.005,0.002082819,0.0,0.0004676878452301,0.0004674196243286,1572131.5,3429.0
1650481204,0.0,0.005764185,0.0,0.0004676878452301,0.0004674196243286,4716362.0,9069.0
1650481205,0.0,0.005764185,0.0,0.0004676878452301,0.0004674196243286,4716362.0,9069.0
1650481206,0.0,0.0028940415,0.005,0.0004676878452301,0.0004674196243286,2358364.0,5095.5
1650481207,0.0,0.0028940415,0.005,0.0004676878452301,0.0004674196243286,2358364.0,5095.5
1650481208,0.0,0.002041978,0.0,0.0004676282405853,0.0004673600196838,1572429.0,4310.0
1650481209,0.0,0.002041978,0.0,0.0004676282405853,0.0004673600196838,1572429.0,4310.0
1650481210,0.005,0.002938989,0.005,0.0004676878452301,0.0004674196243286,2358728.0,4901.5
1650481211,0.005,0.002938989,0.005,0.0004676878452301,0.0004674196243286,2358728.0,4901.5
1650481212,0.005,0.004017484,0.0,0.0004676878452301,0.0004674196243286,3145427.5,6944.0
1650481213,0.0,0.001982743,0.0,0.0004676878452301,0.0004674196243286,1572705.0,3177.0
1650481214,0.0,0.005688548,0.01,0.0004676878452301,0.0004674196243286,4718403.0,9135.0
1650481215,0.0,0.005688548,0.01,0.0004676878452301,0.0004674196243286,4718403.0,9135.0
1650481216,0.005,0.0029654925,0.005,0.0004676878452301,0.0004674196243286,2359483.5,4831.5
1650481217,0.0,0.007700978,0.0,0.0004676878452301,0.0004674196243286,6292716.0,13937.0
1650481218,0.0,0.007700978,0.0,0.0004676878452301,0.0004674196243286,6292716.0,13937.0
1650481219,0.0,0.0020624315,0.0,0.0004676878452301,0.0004674196243286,1573402.5,3444.0
1650481220,0.0,0.0020624315,0.0,0.0004676878452301,0.0004674196243286,1573402.5,3444.0
1650481221,0.0,0.005798631,0.0,0.0004676878452301,0.0004674196243286,4720468.0,9433.0
1650481222,0.01,0.004230528,0.01,0.0004676878452301,0.0004674196243286,3147798.0,6940.0
1650481223,0.0,0.003756843,0.01,0.0004676878452301,0.0004674196243286,3147606.0,6486.0
1650481224,0.0,0.003756843,0.01,0.0004676878452301,0.0004674196243286,3147606.0,6486.0
1650481225,0.0,0.0010578495,0.0,0.0004676878452301,0.0004674196243286,787003.5,1819.5
1650481226,0.01,0.008125691,0.0,0.0004676878452301,0.0004674196243286,6295847.0,12642.0
1650481227,0.0,0.006045065,0.0,0.0004676878452301,0.0004674196243286,4722291.0,12610.0
1650481228,0.0,0.006045065,0.0,0.0004676878452301,0.0004674196243286,4722291.0,12610.0
1650481229,0.0,0.0009536585,0.0,0.0004676878452301,0.0004674196243286,787129.5,1654.5
1650481230,0.0,0.0009536585,0.0,0.0004676878452301,0.0004674196243286,787129.5,1654.5
1650481231,0.0,0.0060126805,0.005,0.0004676878452301,0.0004674196243286,4723251.5,9106.0
1650481232,0.0,0.0060126805,0.005,0.0004676878452301,0.0004674196243286,4723251.5,9106.0
1650481233,0.005,0.003082681,0.005,0.0004676878452301,0.0004674196243286,2362156.5,4761.5
1650481234,0.01,0.005882353,0.0,0.0004677772521972,0.0004675090312957,4724490.0,10125.0
1650481235,0.0,0.003919731,0.0,0.0004677772521972,0.0004675090312957,3149814.0,6618.0
1650481236,0.0,0.003919731,0.0,0.0004677772521972,0.0004675090312957,3149814.0,6618.0
1650481237,0.0,0.001819469,0.0,0.0004677772521972,0.0004675090312957,1574936.5,3012.0
1650481238,0.0,0.007767421,0.02,0.0004677772521972,0.0004675090312957,6300587.0,14966.0
1650481239,0.0,0.007767421,0.02,0.0004677772521972,0.0004675090312957,6300587.0,14966.0
1650481240,0.0,0.0019005945,0.0,0.0004677772521972,0.0004675090312957,1575324.0,3441.0
1650481241,0.0,0.0019005945,0.0,0.0004677772521972,0.0004675090312957,1575324.0,3441.0
1650481242,0.0,0.0030833255,0.0,0.0004677772521972,0.0004675090312957,2363477.5,5095.5
1650481243,0.0,0.005588598,0.0,0.0004677772521972,0.0004675090312957,4726509.0,9705.0
1650481244,0.0,0.001865286,0.0,0.0004677772521972,0.0004675090312957,1575585.0,2979.0
1650481245,0.0,0.001865286,0.0,0.0004677772521972,0.0004675090312957,1575585.0,2979.0
1650481246,0.0,0.0037926495,0.0,0.0004677772521972,0.0004675090312957,3151508.5,6354.0
1650481247,0.0,0.006127066,0.0,0.0004677772521972,0.0004675090312957,4728014.0,11609.0
1650481248,0.0,0.006127066,0.0,0.0004677772521972,0.0004675090312957,4728014.0,11609.0
1650481249,0.0,0.0028653475,0.005,0.0004677772521972,0.0004675090312957,2364303.5,5230.5
1650481250,0.0,0.0028653475,0.005,0.0004677772521972,0.0004675090312957,2364303.5,5230.5
1650481251,0.0,0.0018210605,0.0,0.0004677772521972,0.0004675090312957,1576123.0,3108.0
1650481252,0.01,0.004467715,0.0,0.0004675388336181,0.0004672706127166,3153444.0,7138.0
1650481253,0.01,0.004467715,0.0,0.0004675388336181,0.0004672706127166,3153444.0,7138.0
1650481254,0.0,0.003085037,0.0,0.0004677772521972,0.0004675090312957,2364764.0,4769.5
1650481255,0.01,0.007652063,0.01,0.0004677772521972,0.0004675090312957,6306678.0,13236.0
1650481256,0.01,0.007652063,0.01,0.0004677772521972,0.0004675090312957,6306678.0,13236.0
1650481257,0.0,0.002020255,0.0,0.0004677772521972,0.0004675090312957,1576961.0,3804.0
1650481258,0.0,0.002020255,0.0,0.0004677772521972,0.0004675090312957,1576961.0,3804.0
1650481259,0.0,0.0030110405,0.0,0.0004677772521972,0.0004675090312957,2365375.5,5608.0
1650481260,0.0,0.007900416,0.01,0.0004677772521972,0.0004675090312957,6308698.0,12846.0
1650481261,0.0,0.007900416,0.01,0.0004677772521972,0.0004675090312957,6308698.0,12846.0
1650481262,0.005,0.0038316625,0.0,0.0004677772521972,0.0004675090312957,3154600.5,5720.0
1650481263,0.005,0.0038316625,0.0,0.0004677772521972,0.0004675090312957,3154600.5,5720.0
1650481264,0.0,0.00322605,0.0,0.0004677772521972,0.0004675090312957,2366369.5,4769.5
1650481265,0.01,0.003931751,0.0,0.0004677772521972,0.0004675090312957,3155261.0,6420.0
1650481266,0.01,0.003931751,0.0,0.0004677772521972,0.0004675090312957,3155261.0,6420.0
1650481267,0.0,0.006924644,0.005,0.0004677772521972,0.0004675090312957,5522299.5,11655.5
1650481268,0.01,0.003853606,0.0,0.0004677772521972,0.0004675090312957,3156060.0,6948.0
1650481269,0.0,0.001848672,0.0,0.0004677772521972,0.0004675090312957,1578003.0,3243.0
1650481270,0.0,0.001848672,0.0,0.0004677772521972,0.0004675090312957,1578003.0,3243.0
1650481271,0.0,0.002955496,0.0,0.0004677772521972,0.0004675090312957,2367445.5,4963.5
1650481272,0.0,0.004180727,0.0,0.0004677772521972,0.0004675090312957,3157153.0,6082.0
1650481273,0.0,0.004127738,0.01,0.0004677176475524,0.000467449426651,3157024.0,6354.0
1650481274,0.0,0.004127738,0.01,0.0004677176475524,0.000467449426651,3157024.0,6354.0
1650481275,0.0,0.0020258035,0.0,0.0004677772521972,0.0004675090312957,1578646.0,3742.0
1650481276,0.0,0.004008017,0.0,0.0004677772521972,0.0004675090312957,3157277.0,7080.0
1650481277,0.0,0.004008017,0.0,0.0004677772521972,0.0004675090312957,3157277.0,7080.0
1650481278,0.0,0.002036814,0.0,0.0004677772521972,0.0004675090312957,1578867.0,4241.0
1650481279,0.01,0.009797587,0.0,0.0004678666591644,0.0004675984382629,7894446.0,15225.0
1650481280,0.01,0.009797587,0.0,0.0004678666591644,0.0004675984382629,7894446.0,15225.0
1650481281,0.0,0.00106311,0.0,0.0004678666591644,0.0004675984382629,789556.5,1786.5
1650481282,0.0,0.004095728,0.0,0.0004678666591644,0.0004675984382629,3158599.0,6388.0
1650481283,0.0,0.004095728,0.0,0.0004678666591644,0.0004675984382629,3158599.0,6388.0
1650481284,0.0,0.0028921855,0.005,0.0004678666591644,0.0004675984382629,2368792.5,4831.5
1650481285,0.01,0.004238612,0.0,0.0004678666591644,0.0004675984382629,3159187.0,7286.0
1650481286,0.01,0.004238612,0.0,0.0004678666591644,0.0004675984382629,3159187.0,7286.0
1650481287,0.0,0.0029573255,0.0,0.0004678666591644,0.0004675984382629,2369185.5,5128.5
1650481288,0.0,0.004056739,0.01,0.0004678666591644,0.0004675984382629,3159195.0,8521.0
1650481289,0.01,0.001982055,0.0,0.0004678666591644,0.0004675984382629,1579671.0,3045.0
1650481290,0.0,0.004082729,0.0,0.0004678666591644,0.0004675984382629,3159816.0,6816.0
1650481291,0.0,0.004082729,0.0,0.0004678666591644,0.0004675984382629,3159816.0,6816.0
1650481292,0.0,0.0020447535,0.005,0.0004678666591644,0.0004675984382629,1580064.5,3338.0
1650481293,0.0,0.008091783,0.0,0.0004678666591644,0.0004675984382629,6319797.0,13038.0
1650481294,0.0,0.008091783,0.0,0.0004678666591644,0.0004675984382629,6319797.0,13038.0
1650481295,0.005,0.001096292,0.0,0.0004678666591644,0.0004675984382629,790131.5,1855.5
1650481296,0.0,0.012015637,0.0,0.0004678666591644,0.0004675984382629,9481407.0,18536.0
1650481297,0.0,0.004266766,0.01,0.0004678666591644,0.0004675984382629,3160793.0,8545.0
1650481298,0.0,0.004266766,0.01,0.0004678666591644,0.0004675984382629,3160793.0,8545.0
1650481299,0.0,0.0030065715,0.0,0.0004678666591644,0.0004675984382629,2370973.5,5062.5
1650481300,0.01,0.0037878,0.0,0.0004678666591644,0.0004675984382629,3161472.0,6420.0
1650481301,0.01,0.0037878,0.0,0.0004678666591644,0.0004675984382629,3161472.0,6420.0
1650481302,0.0,0.0040647165,0.0,0.0004678666591644,0.0004675984382629,3161984.5,6383.0
1650481303,0.0,0.007584944,0.01,0.0004678666591644,0.0004675984382629,6323958.0,12378.0
1650481304,0.0,0.007584944,0.01,0.0004678666591644,0.0004675984382629,6323958.0,12378.0
1650481305,0.0,0.0029030235,0.0,0.0004678666591644,0.0004675984382629,2371843.5,4699.5
1650481306,0.0,0.003932208,0.0,0.0004678666591644,0.0004675984382629,3162926.0,6692.0
1650481307,0.0,0.003932208,0.0,0.0004678666591644,0.0004675984382629,3162926.0,6692.0
1650481308,0.005,0.0028797375,0.0,0.0004678666591644,0.0004675984382629,2372170.5,5664.5
1650481309,0.0,0.003810129,0.0,0.0004678666591644,0.0004675984382629,3163132.0,6486.0
1650481310,0.0,0.005687776,0.01,0.0004678666591644,0.0004675984382629,4744928.0,9465.0
1650481311,0.0,0.005687776,0.01,0.0004678666591644,0.0004675984382629,4744928.0,9465.0
1650481312,0.005,0.0030964135,0.0,0.0004678666591644,0.0004675984382629,2372872.5,5124.5
1650481313,0.005,0.0030964135,0.0,0.0004678666591644,0.0004675984382629,2372872.5,5124.5
1650481314,0.0,0.0029088235,0.0,0.0004678666591644,0.0004675984382629,2372962.5,4963.5
1650481315,0.0,0.0029088235,0.0,0.0004678666591644,0.0004675984382629,2372962.5,4963.5
1650481316,0.0,0.0019850845,0.005,0.0004676282405853,0.0004673600196838,1582358.5,3738.0
1650481317,0.0,0.0019850845,0.005,0.0004676282405853,0.0004673600196838,1582358.5,3738.0
1650481318,0.005,0.0039115055,0.005,0.0004678666591644,0.0004675984382629,3164647.0,6904.0
1650481319,0.005,0.0039115055,0.005,0.0004678666591644,0.0004675984382629,3164647.0,6904.0
1650481320,0.0,0.000922897,0.0,0.0004678666591644,0.0004675984382629,791212.5,1687.5
1650481321,0.0,0.00384779,0.0,0.0004678666591644,0.0004675984382629,3165060.0,7146.0
1650481322,0.0,0.010055831,0.0,0.0004678666591644,0.0004675984382629,7913290.0,16447.0
1650481323,0.0,0.010055831,0.0,0.0004678666591644,0.0004675984382629,7913290.0,16447.0
1650481324,0.005,0.002970972,0.005,0.0004678666591644,0.0004675984382629,2374153.0,5029.5
1650481325,0.005,0.002970972,0.005,0.0004678666591644,0.0004675984382629,2374153.0,5029.5
1650481326,0.0,0.002973258,0.0,0.0004678666591644,0.0004675984382629,2374336.0,4435.5
1650481327,0.01,0.006457784,0.01,0.0004679560661315,0.0004676878452301,4749443.0,12226.0
1650481328,0.01,0.006457784,0.01,0.0004679560661315,0.0004676878452301,4749443.0,12226.0
1650481329,0.0,0.0019223055,0.0,0.0004679560661315,0.0004676878452301,1583199.0,3474.0
1650481330,0.0,0.003980416,0.0,0.0004679560661315,0.0004676878452301,3166523.0,6552.0
1650481331,0.0,0.003980416,0.0,0.0004679560661315,0.0004676878452301,3166523.0,6552.0
1650481332,0.005,0.0030885025,0.0,0.0004679560661315,0.0004676878452301,2375348.0,5223.5
1650481333,0.005,0.0030885025,0.0,0.0004679560661315,0.0004676878452301,2375348.0,5223.5
1650481334,0.0,0.0047141065,0.0,0.0004679560661315,0.0004676878452301,3958983.5,8008.5
1650481335,0.0,0.005786941,0.0,0.0004679560661315,0.0004676878452301,4751330.0,9795.0
1650481336,0.0,0.001865506,0.01,0.0004679560661315,0.0004676878452301,1584093.0,3375.0
1650481337,0.0,0.001865506,0.01,0.0004679560661315,0.0004676878452301,1584093.0,3375.0
1650481338,0.0,0.0031107305,0.0,0.0004679560661315,0.0004676878452301,2376188.5,5740.5
1650481339,0.01,0.005985972,0.0,0.0004679560661315,0.0004676878452301,4752338.0,9597.0
1650481340,0.01,0.005985972,0.0,0.0004679560661315,0.0004676878452301,4752338.0,9597.0
1650481341,0.0,0.004071282,0.005,0.0004679560661315,0.0004676878452301,3168666.0,6251.0
1650481342,0.0,0.004071282,0.005,0.0004679560661315,0.0004676878452301,3168666.0,6251.0
1650481343,0.005,0.002846941,0.0,0.0004679560661315,0.0004676878452301,2376904.0,5194.5
1650481344,0.0,0.007854306,0.0,0.0004679560661315,0.0004676878452301,6338423.0,12972.0
1650481345,0.0,0.007854306,0.0,0.0004679560661315,0.0004676878452301,6338423.0,12972.0
1650481346,0.0,0.002854981,0.0,0.0004679560661315,0.0004676878452301,2377276.5,4897.5
1650481347,0.0,0.002854981,0.0,0.0004679560661315,0.0004676878452301,2377276.5,4897.5
1650481348,0.0,0.0020823105,0.0,0.0004679560661315,0.0004676878452301,1584893.0,3785.5
1650481349,0.0,0.0020823105,0.0,0.0004679560661315,0.0004676878452301,1584893.0,3785.5
1650481350,0.0,0.002062532,0.0,0.0004679560661315,0.0004676878452301,1585258.0,3577.0
1650481351,0.0,0.002062532,0.0,0.0004679560661315,0.0004676878452301,1585258.0,3577.0
1650481352,0.005,0.002971256,0.0,0.0004679560661315,0.0004676878452301,2377873.5,5520.5
1650481353,0.005,0.002971256,0.0,0.0004679560661315,0.0004676878452301,2377873.5,5520.5
1650481354,0.0,0.0028936265,0.005,0.0004679560661315,0.0004676878452301,2377930.5,5128.5
1650481355,0.0,0.009838142,0.01,0.0004679560661315,0.0004676878452301,7927064.0,15951.0
1650481356,0.01,0.003924044,0.0,0.0004679560661315,0.0004676878452301,3171160.0,6816.0
1650481357,0.01,0.003924044,0.0,0.0004679560661315,0.0004676878452301,3171160.0,6816.0
1650481358,0.0,0.0039527825,0.005,0.0004679560661315,0.0004676878452301,3171647.5,7223.5
1650481359,0.0,0.0039527825,0.005,0.0004679560661315,0.0004676878452301,3171647.5,7223.5
1650481360,0.0,0.0018859545,0.0,0.0004679560661315,0.0004676878452301,1585935.0,3342.0
1650481361,0.0,0.004103819,0.0,0.0004679560661315,0.0004676878452301,3172400.0,6362.0
1650481362,0.0,0.006008849,0.0,0.0004679560661315,0.0004676878452301,4758772.0,10711.0
1650481363,0.0,0.006008849,0.0,0.0004679560661315,0.0004676878452301,4758772.0,10711.0
1650481364,0.005,0.002823709,0.0,0.0004679560661315,0.0004676878452301,2379430.5,4687.5
1650481365,0.0,0.0039328,0.0,0.0004679560661315,0.0004676878452301,3172830.0,6420.0
1650481366,0.01,0.003839629,0.0,0.0004679560661315,0.0004676878452301,3172890.0,6288.0
1650481367,0.01,0.003839629,0.0,0.0004679560661315,0.0004676878452301,3172890.0,6288.0
1650481368,0.0,0.0019807095,0.005,0.0004679560661315,0.0004676878452301,1586640.0,3699.5
1650481369,0.0,0.003785789,0.0,0.0004679560661315,0.0004676878452301,3173340.0,6552.0
1650481370,0.0,0.002262688,0.0,0.0004679560661315,0.0004676878452301,1586774.0,3969.0
1650481371,0.0,0.002262688,0.0,0.0004679560661315,0.0004676878452301,1586774.0,3969.0
1650481372,0.0,0.0049504595,0.005,0.0004679560661315,0.0004676878452301,3967626.0,8008.5
1650481373,0.01,0.003863259,0.0,0.0004679560661315,0.0004676878452301,3174306.0,7080.0
1650481374,0.01,0.003863259,0.0,0.0004679560661315,0.0004676878452301,3174306.0,7080.0
1650481375,0.0,0.003917663,0.005,0.0004680454730987,0.0004677772521972,3174329.0,6750.0
1650481376,0.0,0.005767682,0.0,0.0004680454730987,0.0004677772521972,4762195.0,9069.0
1650481377,0.0,0.005767682,0.0,0.0004680454730987,0.0004677772521972,4762195.0,9069.0
1650481378,0.0,0.0019486835,0.0,0.0004680454730987,0.0004677772521972,1587518.5,4052.0
1650481379,0.01,0.005862838,0.01,0.0004680454730987,0.0004677772521972,4762716.0,10059.0
1650481380,0.01,0.005862838,0.01,0.0004680454730987,0.0004677772521972,4762716.0,10059.0
1650481381,0.0,0.002908228,0.0,0.0004680454730987,0.0004677772521972,2381608.5,5161.5
1650481382,0.0,0.006097968,0.0,0.0004680454730987,0.0004677772521972,4764504.0,10455.0
1650481383,0.0,0.005729451,0.01,0.0004680454730987,0.0004677772521972,4764278.0,9729.0
1650481384,0.0,0.005729451,0.01,0.0004680454730987,0.0004677772521972,4764278.0,9729.0
1650481385,0.0,0.0019859715,0.0,0.0004680454730987,0.0004677772521972,1588189.5,3276.0
1650481386,0.0,0.004148771,0.0,0.0004680454730987,0.0004677772521972,3176638.0,6618.0
1650481387,0.0,0.004148771,0.0,0.0004680454730987,0.0004677772521972,3176638.0,6618.0
1650481388,0.0,0.0019968285,0.005,0.0004680454730987,0.0004677772521972,1588448.0,4697.5
1650481389,0.0,0.0019968285,0.005,0.0004680454730987,0.0004677772521972,1588448.0,4697.5
1650481390,0.0,0.002854249,0.0,0.0004680454730987,0.0004677772521972,2382721.5,4732.5
1650481391,0.0,0.008121199,0.0,0.0004680454730987,0.0004677772521972,6354805.0,14020.0
1650481392,0.0,0.008121199,0.0,0.0004680454730987,0.0004677772521972,6354805.0,14020.0
1650481393,0.0,0.001975643,0.005,0.0004678070545196,0.0004675388336181,1589013.0,3474.0
1650481394,0.0,0.001975643,0.005,0.0004678070545196,0.0004675388336181,1589013.0,3474.0
1650481395,0.005,0.004026164,0.0,0.0004680454730987,0.0004677772521972,3177887.5,6556.0
1650481396,0.0,0.00580601,0.01,0.0004680454730987,0.0004677772521972,4767578.0,10191.0
1650481397,0.01,0.002041528,0.0,0.0004680454730987,0.0004677772521972,1589355.0,5069.0
1650481398,0.01,0.002041528,0.0,0.0004680454730987,0.0004677772521972,1589355.0,5069.0
1650481399,0.005,0.001901525,0.0,0.0004680454730987,0.0004677772521972,1589361.0,3441.0
1650481400,0.005,0.001901525,0.0,0.0004680454730987,0.0004677772521972,1589361.0,3441.0
1650481401,0.0,0.0029577745,0.0,0.0004680454730987,0.0004677772521972,2384089.0,4996.5
1650481402,0.0,0.005870527,0.01,0.0004680454730987,0.0004677772521972,4768970.0,9961.0
1650481403,0.0,0.005870527,0.01,0.0004680454730987,0.0004677772521972,4768970.0,9961.0
1650481404,0.0,0.003165767,0.0,0.0004678070545196,0.0004675388336181,2384587.0,5062.5
1650481405,0.0,0.002285904,0.0,0.0004680454730987,0.0004677772521972,1590231.0,3983.0
1650481406,0.0,0.002285904,0.0,0.0004680454730987,0.0004677772521972,1590231.0,3983.0
1650481407,0.0,0.0019320335,0.005,0.0004680454730987,0.0004677772521972,1589989.0,3570.0
1650481408,0.01,0.00586677,0.0,0.0004680454730987,0.0004677772521972,4770039.0,10949.0
1650481409,0.01,0.00586677,0.0,0.0004680454730987,0.0004677772521972,4770039.0,10949.0
1650481410,0.0,0.000937902,0.0,0.0004680454730987,0.0004677772521972,795043.5,1786.5
1650481411,0.01,0.005809692,0.0,0.0004680454730987,0.0004677772521972,4770680.0,9663.0
1650481412,0.01,0.005809692,0.0,0.0004680454730987,0.0004677772521972,4770680.0,9663.0
1650481413,0.0,0.0049587225,0.005,0.0004680454730987,0.0004677772521972,3975996.0,7938.5
1650481414,0.01,0.004092348,0.0,0.0004680454730987,0.0004677772521972,4771367.0,9198.0
1650481415,0.0,0.003739726,0.0,0.0004678070545196,0.0004675388336181,1590930.0,3576.0
1650481416,0.0,0.003739726,0.0,0.0004678070545196,0.0004675388336181,1590930.0,3576.0
1650481417,0.0,0.0052603205,0.005,0.0004680454730987,0.0004677772521972,3977087.5,8276.5
1650481418,0.01,0.006088731,0.01,0.0004680454730987,0.0004677772521972,4772864.0,11832.0
1650481419,0.01,0.006088731,0.01,0.0004680454730987,0.0004677772521972,4772864.0,11832.0
1650481420,0.005,0.0039863785,0.0,0.0004680454730987,0.0004677772521972,3182201.5,6354.0
1650481421,0.005,0.0039863785,0.0,0.0004680454730987,0.0004677772521972,3182201.5,6354.0
1650481422,0.0,0.0021785305,0.0,0.0004681348800659,0.0004678666591644,1591536.0,3437.0
1650481423,0.0,0.006015959,0.01,0.0004681348800659,0.0004678666591644,4774557.0,10257.0
1650481424,0.0,0.006015959,0.01,0.0004681348800659,0.0004678666591644,4774557.0,10257.0
1650481425,0.0,0.003923453,0.0,0.0004681348800659,0.0004678666591644,3183099.0,6519.0
1650481426,0.01,0.005975285,0.01,0.0004681348800659,0.0004678666591644,4775506.0,9869.0
1650481427,0.01,0.005975285,0.01,0.0004681348800659,0.0004678666591644,4775506.0,9869.0
1650481428,0.0,0.002902865,0.0,0.0004681348800659,0.0004678666591644,2387767.5,5301.5
1650481429,0.0,0.003899834,0.0,0.0004681348800659,0.0004678666591644,3184128.0,6618.0
1650481430,0.0,0.003899834,0.0,0.0004681348800659,0.0004678666591644,3184128.0,6618.0
1650481431,0.0,0.0048931735,0.0,0.0004681348800659,0.0004678666591644,3980398.0,7546.5
1650481432,0.01,0.004028018,0.0,0.0004681348800659,0.0004678666591644,3185317.0,6940.0
1650481433,0.01,0.004028018,0.0,0.0004681348800659,0.0004678666591644,3185317.0,6940.0
1650481434,0.0,0.0019646675,0.0,0.0004681348800659,0.0004678666591644,1592661.0,3705.0
1650481435,0.01,0.00409778,0.01,0.0004681348800659,0.0004678666591644,3185316.0,7014.0
1650481436,0.01,0.00409778,0.01,0.0004681348800659,0.0004678666591644,3185316.0,7014.0
1650481437,0.0,0.001881943,0.0,0.0004681348800659,0.0004678666591644,1592589.0,3210.0
1650481438,0.0,0.006188076,0.0,0.0004681348800659,0.0004678666591644,4778858.0,12900.0
1650481439,0.0,0.006188076,0.0,0.0004681348800659,0.0004678666591644,4778858.0,12900.0
1650481440,0.0,0.0010822895,0.005,0.0004681348800659,0.0004678666591644,796567.0,1786.5
1650481441,0.0,0.004229594,0.0,0.0004681348800659,0.0004678666591644,3185817.0,6552.0
1650481442,0.0,0.006176504,0.0,0.0004681348800659,0.0004678666591644,4779549.0,10159.0
1650481443,0.0,0.006176504,0.0,0.0004681348800659,0.0004678666591644,4779549.0,10159.0
1650481444,0.0,0.003136649,0.0,0.0004681348800659,0.0004678666591644,2389744.0,4930.5
1650481445,0.0,0.003136649,0.0,0.0004681348800659,0.0004678666591644,2389744.0,4930.5
1650481446,0.0,0.0029922015,0.005,0.0004681348800659,0.0004678666591644,2389993.0,4996.5
1650481447,0.0,0.006032529,0.0,0.0004681348800659,0.0004678666591644,4780711.0,12315.0
1650481448,0.0,0.006032529,0.0,0.0004681348800659,0.0004678666591644,4780711.0,12315.0
1650481449,0.005,0.002966663,0.005,0.0004681348800659,0.0004678666591644,2390415.5,4898.5
1650481450,0.005,0.002966663,0.005,0.0004681348800659,0.0004678666591644,2390415.5,4898.5
1650481451,0.0,0.001999177,0.0,0.0004681348800659,0.0004678666591644,1593725.5,3375.0
1650481452,0.0,0.004044908,0.01,0.0004681348800659,0.0004678666591644,3188359.0,7138.0
1650481453,0.0,0.004044908,0.01,0.0004681348800659,0.0004678666591644,3188359.0,7138.0
1650481454,0.0,0.0020648725,0.0,0.0004681348800659,0.0004678666591644,1594082.5,3474.0
1650481455,0.0,0.002034489,0.0,0.0004681348800659,0.0004678666591644,1594155.0,3441.0
1650481456,0.0,0.004043165,0.0,0.0004681348800659,0.0004678666591644,3188416.0,7416.0
1650481457,0.0,0.004043165,0.0,0.0004681348800659,0.0004678666591644,3188416.0,7416.0
1650481458,0.0,0.001846988,0.005,0.0004681348800659,0.0004678666591644,1594144.0,4074.5
1650481459,0.0,0.006181664,0.01,0.0004681348800659,0.0004678666591644,4783403.0,10595.0
1650481460,0.01,0.005729778,0.0,0.0004681348800659,0.0004678666591644,4783166.0,9795.0
1650481461,0.01,0.005729778,0.0,0.0004681348800659,0.0004678666591644,4783166.0,9795.0
1650481462,0.0,0.002136488,0.0,0.0004681348800659,0.0004678666591644,1594701.5,3338.0
1650481463,0.0,0.003793712,0.0,0.0004681348800659,0.0004678666591644,3189408.0,7278.0
1650481464,0.0,0.003793712,0.0,0.0004681348800659,0.0004678666591644,3189408.0,7278.0
1650481465,0.005,0.003958006,0.005,0.0004681348800659,0.0004678666591644,3189530.5,6783.0
1650481466,0.0,0.00578192,0.0,0.0004681348800659,0.0004678666591644,4784751.0,9135.0
1650481467,0.0,0.00578192,0.0,0.0004681348800659,0.0004678666591644,4784751.0,9135.0
1650481468,0.0,0.003915911,0.005,0.0004681348800659,0.0004678666591644,3190169.0,7018.5
1650481469,0.01,0.002040674,0.0,0.0004681348800659,0.0004678666591644,1595469.0,3837.0
1650481470,0.01,0.002040674,0.0,0.0004681348800659,0.0004678666591644,1595469.0,3837.0
1650481471,0.0,0.004289829,0.01,0.000468224287033,0.0004679560661315,3190917.5,6457.0
1650481472,0.0,0.002287192,0.0,0.000468224287033,0.0004679560661315,1596028.0,4159.0
1650481473,0.0,0.002287192,0.0,0.000468224287033,0.0004679560661315,1596028.0,4159.0
1650481474,0.005,0.00387879,0.0,0.000468224287033,0.0004679560661315,3191260.5,6486.0
1650481475,0.005,0.00387879,0.0,0.000468224287033,0.0004679560661315,3191260.5,6486.0
1650481476,0.0,0.001985646,0.0,0.000468224287033,0.0004679560661315,1595709.0,3078.0
1650481477,0.0,0.003894551,0.01,0.000468224287033,0.0004679560661315,3191742.0,6816.0
1650481478,0.0,0.005889114,0.0,0.000468224287033,0.0004679560661315,4787841.0,10470.0
1650481479,0.0,0.005889114,0.0,0.000468224287033,0.0004679560661315,4787841.0,10470.0
1650481480,0.005,0.00203587,0.0,0.000468224287033,0.0004679560661315,1596044.5,3408.0
1650481481,0.0,0.004295957,0.0,0.000468224287033,0.0004679560661315,3192686.0,7022.0
1650481482,0.0,0.006072177,0.01,0.000468224287033,0.0004679560661315,4789342.0,10423.0
1650481483,0.0,0.006072177,0.01,0.000468224287033,0.0004679560661315,4789342.0,10423.0
1650481484,0.005,0.0040161105,0.0,0.000468224287033,0.0004679560661315,3192890.5,6288.0
1650481485,0.005,0.0040161105,0.0,0.000468224287033,0.0004679560661315,3192890.5,6288.0
1650481486,0.0,0.0020167205,0.0,0.000468224287033,0.0004679560661315,1596639.0,3342.0
1650481487,0.0,0.003923673,0.01,0.000468224287033,0.0004679560661315,3193536.0,8997.0
1650481488,0.0,0.006145097,0.0,0.000468224287033,0.0004679560661315,4790498.0,9465.0
1650481489,0.0,0.006145097,0.0,0.000468224287033,0.0004679560661315,4790498.0,9465.0
1650481490,0.0,0.002040182,0.0,0.000468224287033,0.0004679560661315,1597008.0,3309.0
1650481491,0.0,0.003980847,0.0,0.0004680454730987,0.0004677772521972,3194340.0,6750.0
1650481492,0.0,0.003980847,0.0,0.0004680454730987,0.0004677772521972,3194340.0,6750.0
1650481493,0.0,0.00307291,0.0,0.000468224287033,0.0004679560661315,2396082.0,5062.5
1650481494,0.01,0.004157923,0.01,0.000468224287033,0.0004679560661315,3194556.0,6354.0
1650481495,0.01,0.004157923,0.01,0.000468224287033,0.0004679560661315,3194556.0,6354.0
1650481496,0.0,0.001920248,0.0,0.000468224287033,0.0004679560661315,1597440.0,3342.0
1650481497,0.0,0.002061312,0.0,0.000468224287033,0.0004679560661315,1597411.0,3243.0
1650481498,0.01,0.008069127,0.0,0.000468224287033,0.0004679560661315,6390264.0,15771.0
1650481499,0.0,0.005978972,0.0,0.000468224287033,0.0004679560661315,4793100.0,9399.0
1650481500,0.0,0.005904987,0.01,0.000468224287033,0.0004679560661315,4793600.0,9795.0
1650481501,0.0,0.005904987,0.01,0.000468224287033,0.0004679560661315,4793600.0,9795.0
1650481502,0.0,0.003261382,0.0,0.000468224287033,0.0004679560661315,2397344.5,4864.5
1650481503,0.0,0.003971129,0.01,0.000468224287033,0.0004679560661315,3196284.0,6684.0
1650481504,0.0,0.003971129,0.01,0.000468224287033,0.0004679560661315,3196284.0,6684.0
1650481505,0.005,0.0029433215,0.0,0.000468224287033,0.0004679560661315,2397343.5,5260.5
1650481506,0.01,0.005769881,0.0,0.000468224287033,0.0004679560661315,4795316.0,10191.0
1650481507,0.01,0.005769881,0.0,0.000468224287033,0.0004679560661315,4795316.0,10191.0
1650481508,0.0,0.0030320405,0.0,0.000468224287033,0.0004679560661315,2397907.5,6260.0
1650481509,0.0,0.003906952,0.01,0.000468224287033,0.0004679560661315,3197339.0,6288.0
1650481510,0.0,0.003906952,0.01,0.000468224287033,0.0004679560661315,3197339.0,6288.0
1650481511,0.0,0.002021557,0.0,0.000468224287033,0.0004679560661315,1598863.5,3243.0
1650481512,0.0,0.004450923,0.01,0.0004679858684539,0.0004677176475524,3198307.0,7270.0
1650481513,0.0,0.004450923,0.01,0.0004679858684539,0.0004677176475524,3198307.0,7270.0
1650481514,0.0,0.0019624515,0.0,0.000468224287033,0.0004679560661315,1599016.0,3037.0
1650481515,0.0,0.007749612,0.0,0.000468224287033,0.0004679560661315,6396604.0,12576.0
1650481516,0.0,0.007749612,0.0,0.000468224287033,0.0004679560661315,6396604.0,12576.0
1650481517,0.0,0.0051099825,0.0,0.0004691779613494,0.0004689097404479,3998245.5,8709.5
1650481518,0.0,0.0051099825,0.0,0.0004691779613494,0.0004689097404479,3998245.5,8709.5
1650481519,0.0,0.0020210265,0.0,0.0004683136940002,0.0004680454730987,1599452.5,3078.0
1650481520,0.01,0.002110931,0.0,0.0004683136940002,0.0004680454730987,1599722.0,3441.0
1650481521,0.01,0.002110931,0.0,0.0004683136940002,0.0004680454730987,1599722.0,3441.0
1650481522,0.005,0.0039418725,0.005,0.0004683136940002,0.0004680454730987,3199680.5,6647.0
1650481523,0.0,0.00625692,0.0,0.0004683136940002,0.0004680454730987,4799710.0,9671.0
1650481524,0.0,0.002175976,0.0,0.0004683136940002,0.0004680454730987,1600041.0,3507.0
1650481525,0.0,0.002175976,0.0,0.0004683136940002,0.0004680454730987,1600041.0,3507.0
1650481526,0.0,0.0019282455,0.0,0.0004683136940002,0.0004680454730987,1600046.5,3507.0
1650481527,0.01,0.004030235,0.0,0.0004683136940002,0.0004680454730987,3200351.0,8914.0
1650481528,0.01,0.004030235,0.0,0.0004683136940002,0.0004680454730987,3200351.0,8914.0
1650481529,0.0,0.0029777525,0.0,0.0004683136940002,0.0004680454730987,2400328.0,5161.5
1650481530,0.0,0.00604196,0.01,0.0004683136940002,0.0004680454730987,4801315.0,9801.0
1650481531,0.0,0.00604196,0.01,0.0004683136940002,0.0004680454730987,4801315.0,9801.0
1650481532,0.0,0.004889896,0.005,0.0004683136940002,0.0004680454730987,4001478.0,7704.5
1650481533,0.0,0.002249391,0.0,0.0004680752754211,0.0004678070545196,1600941.0,3375.0
1650481534,0.0,0.002249391,0.0,0.0004680752754211,0.0004678070545196,1600941.0,3375.0
1650481535,0.0,0.0010483565,0.0,0.0004683136940002,0.0004680454730987,800630.5,1889.5
1650481536,0.01,0.00574487,0.0,0.0004683136940002,0.0004680454730987,4802661.0,10125.0
1650481537,0.01,0.00574487,0.0,0.0004683136940002,0.0004680454730987,4802661.0,10125.0
1650481538,0.0,0.0031287455,0.005,0.0004683136940002,0.0004680454730987,2401612.0,6245.5
1650481539,0.0,0.0031287455,0.005,0.0004683136940002,0.0004680454730987,2401612.0,6245.5
1650481540,0.0,0.0010450755,0.0,0.0004683136940002,0.0004680454730987,800742.5,1921.5
1650481541,0.0,0.003765101,0.0,0.0004683136940002,0.0004680454730987,3202106.0,6348.0
1650481542,0.0,0.004065762,0.0,0.0004683136940002,0.0004680454730987,3203107.0,7072.0
1650481543,0.01,0.001993052,0.0,0.0004683136940002,0.0004680454730987,1601541.0,3483.0
1650481544,0.0,0.004106591,0.0,0.0004680752754211,0.0004678070545196,3203009.0,6552.0
1650481545,0.0,0.004106591,0.0,0.0004680752754211,0.0004678070545196,3203009.0,6552.0
1650481546,0.0,0.00330923,0.0,0.0004683434963226,0.0004680752754211,2402341.5,4901.5
1650481547,0.0,0.004448391,0.0,0.0004683434963226,0.0004680752754211,3203358.0,8647.0
1650481548,0.0,0.004448391,0.0,0.0004683434963226,0.0004680752754211,3203358.0,8647.0
1650481549,0.0,0.0010522885,0.0,0.0004683434963226,0.0004680752754211,800988.5,1888.5
1650481550,0.01,0.005767354,0.01,0.0004683434963226,0.0004680752754211,4805249.0,9261.0
1650481551,0.01,0.005767354,0.01,0.0004683434963226,0.0004680752754211,4805249.0,9261.0
1650481552,0.005,0.0031010175,0.0,0.0004683434963226,0.0004680752754211,2403146.0,4860.5
1650481553,0.005,0.0031010175,0.0,0.0004683434963226,0.0004680752754211,2403146.0,4860.5
1650481554,0.0,0.0029320915,0.005,0.0004683434963226,0.0004680752754211,2403334.0,5227.5
1650481555,0.0,0.002063529,0.0,0.0004683434963226,0.0004680752754211,1602362.0,3441.0
1650481556,0.0,0.006235245,0.0,0.0004683136940002,0.0004680454730987,4807318.0,10529.0
1650481557,0.0,0.006235245,0.0,0.0004683136940002,0.0004680454730987,4807318.0,10529.0
1650481558,0.0,0.003946955,0.005,0.0004683136940002,0.0004680454730987,3204957.0,7097.0
1650481559,0.0,0.002179676,0.0,0.0004683136940002,0.0004680454730987,1602879.0,3639.0
1650481560,0.0,0.002179676,0.0,0.0004683136940002,0.0004680454730987,1602879.0,3639.0
1650481561,0.0,0.0031906025,0.0,0.0004683136940002,0.0004680454730987,2404192.5,5157.5
1650481562,0.0,0.0031906025,0.0,0.0004683136940002,0.0004680454730987,2404192.5,5157.5
1650481563,0.0,0.0019926415,0.0,0.0004683136940002,0.0004680454730987,1602765.0,3474.0
1650481564,0.01,0.004069877,0.01,0.0004683136940002,0.0004680454730987,3206250.0,7146.0
1650481565,0.01,0.004069877,0.01,0.0004683136940002,0.0004680454730987,3206250.0,7146.0
1650481566,0.0,0.001912114,0.0,0.0004683136940002,0.0004680454730987,1602957.0,3342.0
1650481567,0.0,0.006295978,0.01,0.0004683136940002,0.0004680454730987,4809767.0,9803.0
1650481568,0.0,0.006295978,0.01,0.0004683136940002,0.0004680454730987,4809767.0,9803.0
1650481569,0.0,0.002090731,0.0,0.0004683136940002,0.0004680454730987,1603361.5,4408.5
1650481570,0.0,0.002090731,0.0,0.0004683136940002,0.0004680454730987,1603361.5,4408.5
1650481571,0.0,0.0029750195,0.0,0.0004683136940002,0.0004680454730987,2405008.5,5128.5
1650481572,0.0,0.006239362,0.0,0.0004684031009674,0.0004681348800659,4810874.0,10027.0
1650481573,0.0,0.006239362,0.0,0.0004684031009674,0.0004681348800659,4810874.0,10027.0
1650481574,0.005,0.0048243525,0.0,0.0004684031009674,0.0004681348800659,4009165.5,7810.5
1650481575,0.005,0.0048243525,0.0,0.0004684031009674,0.0004681348800659,4009165.5,7810.5
1650481576,0.0,0.0020821665,0.0,0.0004684031009674,0.0004681348800659,1604000.0,3444.0
1650481577,0.01,0.007899773,0.01,0.0004684031009674,0.0004681348800659,6415972.0,14408.0
1650481578,0.01,0.007899773,0.01,0.0004684031009674,0.0004681348800659,6415972.0,14408.0
1650481579,0.0,0.002012293,0.0,0.0004684031009674,0.0004681348800659,1604142.0,3078.0
1650481580,0.0,0.003877128,0.01,0.0004684031009674,0.0004681348800659,3208542.0,6948.0
1650481581,0.0,0.004083403,0.0,0.0004684031009674,0.0004681348800659,3209251.0,6808.0
1650481582,0.0,0.001901189,0.0,0.0004684031009674,0.0004681348800659,1604373.0,3045.0
1650481583,0.0,0.001901189,0.0,0.0004684031009674,0.0004681348800659,1604373.0,3045.0
1650481584,0.0,0.003778506,0.0,0.0004684031009674,0.0004681348800659,3209084.5,6585.0
1650481585,0.0,0.003778506,0.0,0.0004684031009674,0.0004681348800659,3209084.5,6585.0
1650481586,0.005,0.002988107,0.0,0.0004684031009674,0.0004681348800659,2407090.0,4963.5
1650481587,0.0,0.00199371,0.01,0.0004684031009674,0.0004681348800659,1604955.0,3441.0
1650481588,0.0,0.004296006,0.0,0.0004684031009674,0.0004681348800659,3210062.0,7561.0
1650481589,0.0,0.003699053,0.0,0.0004684031009674,0.0004681348800659,3209915.0,6816.0
1650481590,0.0,0.004058742,0.01,0.0004684031009674,0.0004681348800659,3210042.0,6486.0
1650481591,0.0,0.004058742,0.01,0.0004684031009674,0.0004681348800659,3210042.0,6486.0
1650481592,0.0,0.003026764,0.0,0.0004684031009674,0.0004681348800659,2407937.0,5355.5
1650481593,0.0,0.005740616,0.0,0.0004684031009674,0.0004681348800659,4815987.0,9531.0
1650481594,0.0,0.005740616,0.0,0.0004684031009674,0.0004681348800659,4815987.0,9531.0
1650481595,0.005,0.0040993825,0.005,0.0004684031009674,0.0004681348800659,3210971.5,6552.0
1650481596,0.005,0.0040993825,0.005,0.0004684031009674,0.0004681348800659,3210971.5,6552.0
1650481597,0.0,0.001900779,0.0,0.0004684031009674,0.0004681348800659,1605663.0,3408.0
1650481598,0.0,0.001900779,0.0,0.0004684031009674,0.0004681348800659,1605663.0,3408.0
1650481599,0.0,0.0032341905,0.005,0.0004684031009674,0.0004681348800659,2408842.5,5445.0
1650481600,0.0,0.005837895,0.0,0.0004684031009674,0.0004681348800659,4817715.0,9003.0
1650481601,0.0,0.005837895,0.0,0.0004684031009674,0.0004681348800659,4817715.0,9003.0
1650481602,0.0,0.0021804455,0.0,0.0004684031009674,0.0004681348800659,1606206.5,3305.0
1650481603,0.0,0.003897861,0.01,0.0004684031009674,0.0004681348800659,3212261.0,6660.0
1650481604,0.0,0.001939474,0.0,0.0004684031009674,0.0004681348800659,1606281.0,2979.0
1650481605,0.01,0.005800461,0.0,0.0004684031009674,0.0004681348800659,4818867.0,10191.0
1650481606,0.01,0.005800461,0.0,0.0004684031009674,0.0004681348800659,4818867.0,10191.0
1650481607,0.0,0.0019165795,0.0,0.0004684031009674,0.0004681348800659,1606431.0,3408.0
1650481608,0.01,0.008151773,0.01,0.000468224287033,0.0004679560661315,6426234.0,14315.0
1650481609,0.01,0.008151773,0.01,0.000468224287033,0.0004679560661315,6426234.0,14315.0
1650481610,0.0,0.0029425565,0.0,0.0004684031009674,0.0004681348800659,2410217.0,4769.5
1650481611,0.0,0.0029425565,0.0,0.0004684031009674,0.0004681348800659,2410217.0,4769.5
1650481612,0.0,0.00602034,0.0,0.0004684031009674,0.0004681348800659,4821168.0,9527.0
1650481613,0.01,0.005822703,0.01,0.0004684031009674,0.0004681348800659,4821327.0,9729.0
1650481614,0.01,0.005822703,0.01,0.0004684031009674,0.0004681348800659,4821327.0,9729.0
1650481615,0.0,0.002856091,0.0,0.0004684031009674,0.0004681348800659,2410912.5,4930.5
1650481616,0.0,0.003904046,0.0,0.0004684031009674,0.0004681348800659,3214811.0,6486.0
1650481617,0.0,0.003843929,0.0,0.0004684031009674,0.0004681348800659,3215004.0,7364.0
1650481618,0.0,0.003843929,0.0,0.0004684031009674,0.0004681348800659,3215004.0,7364.0
1650481619,0.0,0.002237333,0.005,0.0004684329032897,0.0004681646823883,1607880.0,3547.0
1650481620,0.0,0.003685839,0.0,0.0004684925079345,0.000468224287033,3215426.0,6810.0
1650481621,0.0,0.003685839,0.0,0.0004684925079345,0.000468224287033,3215426.0,6810.0
1650481622,0.0,0.0021016765,0.0,0.0004684925079345,0.000468224287033,1608015.0,3536.0
1650481623,0.0,0.0021016765,0.0,0.0004684925079345,0.000468224287033,1608015.0,3536.0
1650481624,0.0,0.0038823295,0.0,0.0004684925079345,0.000468224287033,3215835.0,6783.0
1650481625,0.0,0.005600886,0.01,0.0004684925079345,0.000468224287033,4824405.0,10191.0
1650481626,0.0,0.005600886,0.01,0.0004684925079345,0.000468224287033,4824405.0,10191.0
1650481627,0.0,0.0019304845,0.005,0.0004684925079345,0.000468224287033,1608188.5,3243.0
1650481628,0.0,0.003945231,0.0,0.0004684925079345,0.000468224287033,3216702.0,7428.0
1650481629,0.0,0.003945231,0.0,0.0004684925079345,0.000468224287033,3216702.0,7428.0
1650481630,0.0,0.002201348,0.0,0.0004684925079345,0.000468224287033,1608926.5,3976.0
1650481631,0.01,0.007753074,0.0,0.0004684925079345,0.000468224287033,6434324.0,12958.0
1650481632,0.01,0.007753074,0.0,0.0004684925079345,0.000468224287033,6434324.0,12958.0
1650481633,0.0,0.002863656,0.005,0.0004684925079345,0.000468224287033,2413126.5,4984.5
1650481634,0.0,0.002863656,0.005,0.0004684925079345,0.000468224287033,2413126.5,4984.5
1650481635,0.0,0.003963716,0.0,0.0004684925079345,0.000468224287033,3217787.0,6552.0
1650481636,0.0,0.004024999,0.01,0.0004684925079345,0.000468224287033,3218075.0,6552.0
1650481637,0.0,0.004024999,0.01,0.0004684925079345,0.000468224287033,3218075.0,6552.0
1650481638,0.0,0.0038844595,0.0,0.0004684925079345,0.000468224287033,3218298.0,6829.0
1650481639,0.0,0.007847258,0.0,0.0004684925079345,0.000468224287033,6437626.0,12180.0
1650481640,0.0,0.002120607,0.0,0.0004682540893554,0.0004679858684539,1609855.0,3639.0
1650481641,0.0,0.002120607,0.0,0.0004682540893554,0.0004679858684539,1609855.0,3639.0
1650481642,0.005,0.003033874,0.0,0.0004684925079345,0.000468224287033,2414631.0,5095.5
1650481643,0.0,0.001819453,0.0,0.0004684925079345,0.000468224287033,1609653.0,3573.0
1650481644,0.0,0.005920119,0.0,0.0004684925079345,0.000468224287033,4829511.0,10059.0
1650481645,0.0,0.005920119,0.0,0.0004684925079345,0.000468224287033,4829511.0,10059.0
1650481646,0.0,0.0019559235,0.0,0.0004684925079345,0.000468224287033,1610034.0,3474.0
1650481647,0.0,0.004034675,0.0,0.0004684925079345,0.000468224287033,3220194.0,6618.0
1650481648,0.0,0.004034675,0.0,0.0004684925079345,0.000468224287033,3220194.0,6618.0
1650481649,0.005,0.0040152855,0.0,0.0004684925079345,0.000468224287033,3220151.5,7369.5
1650481650,0.0,0.00782694,0.0,0.0004684925079345,0.000468224287033,6441468.0,12246.0
1650481651,0.0,0.00782694,0.0,0.0004684925079345,0.000468224287033,6441468.0,12246.0
1650481652,0.0,0.002340626,0.005,0.0004693865776062,0.0004691183567047,1906425.5,3906.0
1650481653,0.0,0.007788893,0.0,0.0004684925079345,0.000468224287033,5851250.0,12240.0
1650481654,0.0,0.007788893,0.0,0.0004684925079345,0.000468224287033,5851250.0,12240.0
1650481655,0.0,0.001918816,0.005,0.0004684925079345,0.000468224287033,1610733.0,3408.0
1650481656,0.01,0.004032499,0.0,0.0004684925079345,0.000468224287033,3222251.0,7146.0
1650481657,0.01,0.004032499,0.0,0.0004684925079345,0.000468224287033,3222251.0,7146.0
1650481658,0.0,0.0029533435,0.0,0.0004684925079345,0.000468224287033,2416555.5,6222.5
1650481659,0.0,0.004155521,0.0,0.0004684925079345,0.000468224287033,3222138.0,6816.0
1650481660,0.0,0.004155521,0.0,0.0004684925079345,0.000468224287033,3222138.0,6816.0
1650481661,0.0,0.0029191065,0.005,0.0004684925079345,0.000468224287033,2416849.5,4798.5
1650481662,0.0,0.0029191065,0.005,0.0004684925079345,0.000468224287033,2416849.5,4798.5
1650481663,0.005,0.0040656225,0.0,0.0004684925079345,0.000468224287033,3223228.5,6936.0
1650481664,0.0,0.003778014,0.0,0.0004684925079345,0.000468224287033,3223068.0,6816.0
1650481665,0.0,0.003929771,0.0,0.0004684925079345,0.000468224287033,3223524.0,6750.0
1650481666,0.0,0.003929771,0.0,0.0004684925079345,0.000468224287033,3223524.0,6750.0
1650481667,0.0,0.0020598045,0.0,0.0004685819149017,0.0004683136940002,1611759.0,3987.0
1650481668,0.0,0.0020598045,0.0,0.0004685819149017,0.0004683136940002,1611759.0,3987.0
1650481669,0.0,0.002923479,0.0,0.0004685819149017,0.0004683136940002,2417884.5,4930.5
1650481670,0.0,0.005100522,0.01,0.0004685819149017,0.0004683136940002,3223206.0,5430.0
1650481671,0.0,0.005100522,0.01,0.0004685819149017,0.0004683136940002,3223206.0,5430.0
1650481672,0.0,0.0043627055,0.0,0.0004685819149017,0.0004683136940002,3224378.5,6812.0
1650481673,0.0,0.004077241,0.0,0.0004685819149017,0.0004683136940002,3224845.0,6692.0
1650481674,0.0,0.004077241,0.0,0.0004685819149017,0.0004683136940002,3224845.0,6692.0
1650481675,0.0,0.00099585,0.0,0.0004685819149017,0.0004683136940002,806344.5,1918.5
1650481676,0.0,0.003895752,0.0,0.0004685819149017,0.0004683136940002,3224862.0,7278.0
1650481677,0.0,0.003895752,0.0,0.0004685819149017,0.0004683136940002,3224862.0,7278.0
1650481678,0.005,0.004031158,0.0,0.0004685819149017,0.0004683136940002,3225183.0,7616.5
1650481679,0.005,0.004031158,0.0,0.0004685819149017,0.0004683136940002,3225183.0,7616.5
1650481680,0.005,0.00292065,0.0,0.0004685819149017,0.0004683136940002,2419015.5,4534.5
1650481681,0.0,0.002016582,0.01,0.0004685819149017,0.0004683136940002,1613036.0,3507.0
1650481682,0.0,0.002136486,0.0,0.0004685819149017,0.0004683136940002,1613536.0,3829.0
1650481683,0.0,0.003840566,0.0,0.0004685819149017,0.0004683136940002,3226050.0,6618.0
1650481684,0.0,0.003840566,0.0,0.0004685819149017,0.0004683136940002,3226050.0,6618.0
1650481685,0.0,0.0029924225,0.005,0.0004685819149017,0.0004683136940002,2419655.5,5198.5
1650481686,0.0,0.001965359,0.0,0.0004685819149017,0.0004683136940002,1613307.0,3507.0
1650481687,0.0,0.001965359,0.0,0.0004685819149017,0.0004683136940002,1613307.0,3507.0
1650481688,0.0,0.005891267,0.005,0.0004685819149017,0.0004683136940002,4839863.0,10001.0
1650481689,0.0,0.004038622,0.0,0.0004685819149017,0.0004683136940002,3226937.0,6750.0
1650481690,0.0,0.005769257,0.01,0.0004685819149017,0.0004683136940002,4840766.0,9729.0
1650481691,0.0,0.005769257,0.01,0.0004685819149017,0.0004683136940002,4840766.0,9729.0
1650481692,0.005,0.001199266,0.0,0.0004685819149017,0.0004683136940002,807214.0,2016.5
1650481693,0.005,0.001199266,0.0,0.0004685819149017,0.0004683136940002,807214.0,2016.5
1650481694,0.0,0.0017921055,0.0,0.0004685819149017,0.0004683136940002,1613731.0,3261.0
1650481695,0.0,0.008540313,0.0,0.0004685819149017,0.0004683136940002,6456404.0,13970.0
1650481696,0.0,0.003709018,0.0,0.0004685819149017,0.0004683136940002,3228090.0,6684.0
1650481697,0.0,0.003709018,0.0,0.0004685819149017,0.0004683136940002,3228090.0,6684.0
1650481698,0.0,0.003007058,0.005,0.0004685819149017,0.0004683136940002,2421246.5,4963.5
1650481699,0.0,0.003007058,0.005,0.0004685819149017,0.0004683136940002,2421246.5,4963.5
1650481700,0.005,0.00287639,0.0,0.0004685819149017,0.0004683136940002,2421463.5,4633.5
1650481701,0.005,0.00287639,0.0,0.0004685819149017,0.0004683136940002,2421463.5,4633.5
1650481702,0.0,0.0058757165,0.005,0.0004685819149017,0.0004683136940002,4843800.5,9428.0
1650481703,0.0,0.004031928,0.0,0.0004685819149017,0.0004683136940002,3229726.0,7152.0
1650481704,0.0,0.004031928,0.0,0.0004685819149017,0.0004683136940002,3229726.0,7152.0
1650481705,0.0,0.0029689,0.005,0.0004685819149017,0.0004683136940002,2422208.0,4531.5
1650481706,0.0,0.0029689,0.005,0.0004685819149017,0.0004683136940002,2422208.0,4531.5
1650481707,0.0,0.0010171525,0.0,0.0004683434963226,0.0004680752754211,807565.5,1753.5
1650481708,0.0,0.006107609,0.0,0.0004685819149017,0.0004683136940002,4845357.0,11427.0
1650481709,0.0,0.006107609,0.0,0.0004685819149017,0.0004683136940002,4845357.0,11427.0
1650481710,0.0,0.003026498,0.005,0.0004685819149017,0.0004683136940002,2422792.5,4930.5
1650481711,0.0,0.003953145,0.0,0.0004685819149017,0.0004683136940002,3230651.0,6618.0
1650481712,0.01,0.004197313,0.0,0.0004685819149017,0.0004683136940002,3231229.0,6148.0
1650481713,0.01,0.004197313,0.0,0.0004685819149017,0.0004683136940002,3231229.0,6148.0
1650481714,0.0,0.001984605,0.0,0.0004685819149017,0.0004683136940002,1615517.0,3672.0
1650481715,0.0,0.003817142,0.01,0.0004685819149017,0.0004683136940002,3231492.0,6816.0
1650481716,0.0,0.006047212,0.0,0.0004685819149017,0.0004683136940002,4847366.0,9795.0
1650481717,0.0,0.006047212,0.0,0.0004685819149017,0.0004683136940002,4847366.0,9795.0
1650481718,0.0,0.003142272,0.005,0.0004686713218688,0.0004684031009674,2423903.0,5316.5
1650481719,0.0,0.003142272,0.005,0.0004686713218688,0.0004684031009674,2423903.0,5316.5
1650481720,0.0,0.001877662,0.0,0.0004686713218688,0.0004684031009674,1616130.0,3375.0
1650481721,0.0,0.00778121,0.01,0.0004686713218688,0.0004684031009674,6464567.0,13698.0
1650481722,0.0,0.00778121,0.01,0.0004686713218688,0.0004684031009674,6464567.0,13698.0
1650481723,0.0,0.0021252765,0.0,0.0004686713218688,0.0004684031009674,1616532.0,3656.0
1650481724,0.0,0.0021252765,0.0,0.0004686713218688,0.0004684031009674,1616532.0,3656.0
1650481725,0.0,0.0028650925,0.005,0.0004686713218688,0.0004684031009674,2424691.0,5062.5
1650481726,0.0,0.005640764,0.01,0.0004686713218688,0.0004684031009674,4849683.0,9927.0
1650481727,0.0,0.005640764,0.01,0.0004686713218688,0.0004684031009674,4849683.0,9927.0
1650481728,0.005,0.002049483,0.0,0.0004684329032897,0.0004681646823883,1616768.5,3980.5
1650481729,0.005,0.002049483,0.0,0.0004684329032897,0.0004681646823883,1616768.5,3980.5
1650481730,0.0,0.00317699,0.0,0.0004686713218688,0.0004684031009674,2425303.5,5429.5
1650481731,0.0,0.004141696,0.0,0.0004686713218688,0.0004684031009674,3234469.0,7270.0
1650481732,0.0,0.004141696,0.0,0.0004686713218688,0.0004684031009674,3234469.0,7270.0
1650481733,0.005,0.00409421,0.0,0.0004686713218688,0.0004684031009674,3234253.0,6687.0
1650481734,0.005,0.00409421,0.0,0.0004686713218688,0.0004684031009674,3234253.0,6687.0
1650481735,0.0,0.005554126,0.005,0.0004686713218688,0.0004684031009674,4851670.0,9726.0
1650481736,0.0,0.0040324,0.0,0.0004686713218688,0.0004684031009674,3235132.0,6624.0
1650481737,0.0,0.0040324,0.0,0.0004686713218688,0.0004684031009674,3235132.0,6624.0
1650481738,0.005,0.0058283005,0.0,0.0004686713218688,0.0004684031009674,4852854.5,10841.0
1650481739,0.01,0.008215881,0.0,0.0004686713218688,0.0004684031009674,6471878.0,13244.0
1650481740,0.01,0.008215881,0.0,0.0004686713218688,0.0004684031009674,6471878.0,13244.0
1650481741,0.0,0.003005001,0.005,0.0004686713218688,0.0004684031009674,2427436.5,5322.5
1650481742,0.0,0.003005001,0.005,0.0004686713218688,0.0004684031009674,2427436.5,5322.5
1650481743,0.0,0.0009618075,0.0,0.0004686713218688,0.0004684031009674,809074.5,1555.5
1650481744,0.0,0.00414151,0.0,0.0004686713218688,0.0004684031009674,3236904.0,7212.0
1650481745,0.0,0.004002441,0.0,0.0004686713218688,0.0004684031009674,3236700.0,6156.0
1650481746,0.0,0.004002441,0.0,0.0004686713218688,0.0004684031009674,3236700.0,6156.0
1650481747,0.0,0.003911022,0.0,0.0004686713218688,0.0004684031009674,3236987.0,7260.0
1650481748,0.0,0.003911022,0.0,0.0004686713218688,0.0004684031009674,3236987.0,7260.0
1650481749,0.005,0.002999036,0.005,0.0004684925079345,0.000468224287033,2428173.5,5029.5
1650481750,0.0,0.002066807,0.0,0.0004686713218688,0.0004684031009674,1618931.0,3581.0
1650481751,0.0,0.002066807,0.0,0.0004686713218688,0.0004684031009674,1618931.0,3581.0
1650481752,0.005,0.002086313,0.0,0.0004686713218688,0.0004684031009674,1619175.0,3854.0
1650481753,0.0,0.007638346,0.0,0.0004686713218688,0.0004684031009674,6476094.0,12840.0
1650481754,0.0,0.007638346,0.0,0.0004686713218688,0.0004684031009674,6476094.0,12840.0
1650481755,0.0,0.001152189,0.005,0.0004686713218688,0.0004684031009674,809709.5,1921.5
1650481756,0.01,0.005449207,0.0,0.0004686713218688,0.0004684031009674,4857311.0,9657.0
1650481757,0.01,0.005449207,0.0,0.0004686713218688,0.0004684031009674,4857311.0,9657.0
1650481758,0.0,0.003982507,0.0,0.0004686713218688,0.0004684031009674,3238715.5,7096.5
1650481759,0.0,0.004050498,0.01,0.0004686713218688,0.0004684031009674,3239334.0,6684.0
1650481760,0.0,0.003842148,0.0,0.0004686713218688,0.0004684031009674,3239129.0,6024.0
1650481761,0.0,0.004354903,0.0,0.0004686713218688,0.0004684031009674,3240243.0,7278.0
1650481762,0.0,0.004354903,0.0,0.0004686713218688,0.0004684031009674,3240243.0,7278.0
1650481763,0.0,0.0019708245,0.0,0.0004686713218688,0.0004684031009674,1619757.0,3342.0
1650481764,0.01,0.008051043,0.01,0.000468760728836,0.0004684925079345,6479670.0,13038.0
1650481765,0.01,0.008051043,0.01,0.000468760728836,0.0004684925079345,6479670.0,13038.0
1650481766,0.0,0.0038506605,0.0,0.000468760728836,0.0004684925079345,3240218.5,6222.0
1650481767,0.0,0.008018831,0.01,0.000468760728836,0.0004684925079345,6481205.0,15488.0
1650481768,0.0,0.008018831,0.01,0.000468760728836,0.0004684925079345,6481205.0,15488.0
1650481769,0.0,0.001991181,0.0,0.000468760728836,0.0004684925079345,1620429.0,3210.0
1650481770,0.0,0.001991181,0.0,0.000468760728836,0.0004684925079345,1620429.0,3210.0
1650481771,0.0,0.0038432595,0.0,0.000468760728836,0.0004684925079345,3241245.0,6750.0
1650481772,0.01,0.006019514,0.01,0.0004685223102569,0.0004682540893554,4862739.0,9919.0
1650481773,0.0,0.003914688,0.0,0.000468760728836,0.0004684925079345,3241861.0,6494.0
1650481774,0.01,0.003838146,0.0,0.000468760728836,0.0004684925079345,3242244.0,6882.0
1650481775,0.01,0.003838146,0.0,0.000468760728836,0.0004684925079345,3242244.0,6882.0
1650481776,0.0,0.0039236115,0.0,0.000468760728836,0.0004684925079345,3242366.0,6585.0
1650481777,0.0,0.0039236115,0.0,0.000468760728836,0.0004684925079345,3242366.0,6585.0
1650481778,0.0,0.002044599,0.0,0.000468760728836,0.0004684925079345,1621377.0,3987.5
1650481779,0.01,0.005840274,0.01,0.000468760728836,0.0004684925079345,4864425.0,9531.0
1650481780,0.01,0.005840274,0.01,0.000468760728836,0.0004684925079345,4864425.0,9531.0
1650481781,0.0,0.003805149,0.005,0.000468760728836,0.0004684925079345,3243098.0,7014.0
1650481782,0.0,0.003805149,0.005,0.000468760728836,0.0004684925079345,3243098.0,7014.0
1650481783,0.0,0.002088671,0.0,0.0004685223102569,0.0004682540893554,1621956.0,3392.0
1650481784,0.0,0.004005861,0.0,0.000468760728836,0.0004684925079345,3243950.0,6956.0
1650481785,0.0,0.004005861,0.0,0.000468760728836,0.0004684925079345,3243950.0,6956.0
1650481786,0.005,0.0037026055,0.0,0.000468760728836,0.0004684925079345,3243899.0,6783.0
1650481787,0.0,0.001915974,0.01,0.000468760728836,0.0004684925079345,1622169.0,3375.0
1650481788,0.0,0.003918707,0.0,0.000468760728836,0.0004684925079345,3244576.0,7335.0
1650481789,0.0,0.003918707,0.0,0.000468760728836,0.0004684925079345,3244576.0,7335.0
1650481790,0.0,0.0047504955,0.0,0.000468760728836,0.0004684925079345,4055678.0,8437.5
1650481791,0.0,0.0047504955,0.0,0.000468760728836,0.0004684925079345,4055678.0,8437.5
1650481792,0.0,0.004098472,0.0,0.000468760728836,0.0004684925079345,3245290.5,6452.0
1650481793,0.0,0.003776478,0.0,0.000468760728836,0.0004684925079345,3245114.0,5952.0
1650481794,0.0,0.003776478,0.0,0.000468760728836,0.0004684925079345,3245114.0,5952.0
1650481795,0.005,0.0041017695,0.0,0.000468760728836,0.0004684925079345,3245697.5,6028.0
1650481796,0.005,0.0041017695,0.0,0.000468760728836,0.0004684925079345,3245697.5,6028.0
1650481797,0.0,0.0031411475,0.0,0.000468760728836,0.0004684925079345,2434489.0,4930.5
1650481798,0.01,0.002162192,0.0,0.000468760728836,0.0004684925079345,1623177.0,5466.0
1650481799,0.01,0.002162192,0.0,0.000468760728836,0.0004684925079345,1623177.0,5466.0
1650481800,0.0,0.0029530965,0.005,0.000468760728836,0.0004684925079345,2434743.5,5062.5
1650481801,0.0,0.009912741,0.0,0.000468760728836,0.0004684925079345,8116663.0,15555.0
1650481802,0.0,0.009912741,0.0,0.000468760728836,0.0004684925079345,8116663.0,15555.0
1650481803,0.0,0.002126293,0.005,0.000468760728836,0.0004684925079345,1623693.5,3338.0
1650481804,0.01,0.003954215,0.0,0.000468760728836,0.0004684925079345,3247392.0,6750.0
1650481805,0.0,0.006057252,0.01,0.000468760728836,0.0004684925079345,4871423.0,9671.0
1650481806,0.0,0.006057252,0.01,0.000468760728836,0.0004684925079345,4871423.0,9671.0
1650481807,0.0,0.002019396,0.0,0.000468760728836,0.0004684925079345,1623936.0,4379.0
1650481808,0.0,0.005896574,0.0,0.0004688501358032,0.0004685819149017,4871937.0,9927.0
1650481809,0.0,0.005896574,0.0,0.0004688501358032,0.0004685819149017,4871937.0,9927.0
1650481810,0.0,0.0028473315,0.0,0.0004688501358032,0.0004685819149017,2436283.5,4831.5
1650481811,0.01,0.001948563,0.0,0.0004688501358032,0.0004685819149017,1624329.0,3705.0
1650481812,0.0,0.002410348,0.0,0.0004688501358032,0.0004685819149017,1624696.0,3565.0
1650481813,0.0,0.002241472,0.0,0.0004688501358032,0.0004685819149017,1624622.0,4035.0
1650481814,0.0,0.002241472,0.0,0.0004688501358032,0.0004685819149017,1624622.0,4035.0
1650481815,0.005,0.0038177185,0.005,0.0004688501358032,0.0004685819149017,3248924.0,6717.0
1650481816,0.0,0.004174913,0.01,0.0004688501358032,0.0004685819149017,3249650.0,6890.0
1650481817,0.0,0.004174913,0.01,0.0004688501358032,0.0004685819149017,3249650.0,6890.0
1650481818,0.0,0.002130977,0.0,0.0004688501358032,0.0004685819149017,1624917.0,3976.0
1650481819,0.0,0.002130977,0.0,0.0004688501358032,0.0004685819149017,1624917.0,3976.0
1650481820,0.0,0.0020643665,0.0,0.0004688501358032,0.0004685819149017,1624815.0,3375.0
1650481821,0.01,0.006363426,0.0,0.0004688501358032,0.0004685819149017,4875124.0,10777.0
1650481822,0.01,0.006363426,0.0,0.0004688501358032,0.0004685819149017,4875124.0,10777.0
1650481823,0.0,0.003693764,0.005,0.0004688501358032,0.0004685819149017,3250073.5,6486.0
1650481824,0.0,0.003693764,0.005,0.0004688501358032,0.0004685819149017,3250073.5,6486.0
1650481825,0.0,0.003887786,0.005,0.0004688501358032,0.0004685819149017,3250490.5,6321.0
1650481826,0.0,0.00398747,0.0,0.0004688501358032,0.0004685819149017,3250746.0,6816.0
1650481827,0.0,0.00398747,0.0,0.0004688501358032,0.0004685819149017,3250746.0,6816.0
1650481828,0.0,0.0032181455,0.005,0.0004688501358032,0.0004685819149017,2438540.0,5865.5
1650481829,0.0,0.0032181455,0.005,0.0004688501358032,0.0004685819149017,2438540.0,5865.5
1650481830,0.0,0.003852123,0.0,0.0004688501358032,0.0004685819149017,3251453.5,7014.0
1650481831,0.0,0.003852123,0.0,0.0004688501358032,0.0004685819149017,3251453.5,7014.0
1650481832,0.005,0.004995853,0.005,0.0004688501358032,0.0004685819149017,4064885.0,8334.5
1650481833,0.0,0.005828679,0.0,0.0004688501358032,0.0004685819149017,4878315.0,9507.0
1650481834,0.0,0.005828679,0.0,0.0004688501358032,0.0004685819149017,4878315.0,9507.0
1650481835,0.0,0.0028468615,0.0,0.0004688501358032,0.0004685819149017,2439385.5,4831.5
1650481836,0.0,0.001896941,0.0,0.0004688501358032,0.0004685819149017,1626373.0,3309.0
1650481837,0.0,0.001896941,0.0,0.0004688501358032,0.0004685819149017,1626373.0,3309.0
1650481838,0.0,0.0029525645,0.0,0.0004688501358032,0.0004685819149017,2439640.5,5530.5
1650481839,0.01,0.002208701,0.0,0.0004686117172241,0.0004683434963226,1626962.0,3507.0
1650481840,0.01,0.002208701,0.0,0.0004686117172241,0.0004683434963226,1626962.0,3507.0
1650481841,0.0,0.0020665465,0.0,0.0004688501358032,0.0004685819149017,1626742.0,3511.0
1650481842,0.0,0.008278157,0.0,0.0004688501358032,0.0004685819149017,6507384.0,13426.0
1650481843,0.0,0.002050409,0.01,0.0004688501358032,0.0004685819149017,1627035.0,3969.0
1650481844,0.01,0.00608562,0.0,0.0004688501358032,0.0004685819149017,4880798.0,9729.0
1650481845,0.01,0.00608562,0.0,0.0004688501358032,0.0004685819149017,4880798.0,9729.0
1650481846,0.0,0.003991424,0.005,0.0004688501358032,0.0004685819149017,3254365.5,6585.0
1650481847,0.0,0.003991424,0.005,0.0004688501358032,0.0004685819149017,3254365.5,6585.0
1650481848,0.005,0.0030093585,0.0,0.0004688501358032,0.0004685819149017,2440936.5,6666.0
1650481849,0.0,0.0077988,0.0,0.0004688501358032,0.0004685819149017,6509748.0,12642.0
1650481850,0.0,0.0077988,0.0,0.0004688501358032,0.0004685819149017,6509748.0,12642.0
1650481851,0.0,0.0049864565,0.005,0.0004688501358032,0.0004685819149017,4069301.0,7913.5
1650481852,0.01,0.002144737,0.0,0.0004688501358032,0.0004685819149017,1628182.0,3763.0
1650481853,0.0,0.001970224,0.0,0.0004688501358032,0.0004685819149017,1628043.0,3309.0
1650481854,0.0,0.00395279,0.0,0.0004688501358032,0.0004685819149017,3255834.0,6552.0
1650481855,0.0,0.00395279,0.0,0.0004688501358032,0.0004685819149017,3255834.0,6552.0
1650481856,0.0,0.0028747135,0.0,0.0004698038101196,0.0004695355892181,2442352.5,5128.5
1650481857,0.0,0.0028747135,0.0,0.0004698038101196,0.0004695355892181,2442352.5,5128.5
1650481858,0.005,0.0021394685,0.0,0.0004689395427703,0.0004686713218688,1628223.0,4122.0
1650481859,0.0,0.003977774,0.01,0.0004689395427703,0.0004686713218688,3256506.0,6618.0
1650481860,0.0,0.003934449,0.0,0.0004689395427703,0.0004686713218688,3257028.0,7410.0
1650481861,0.0,0.003934449,0.0,0.0004689395427703,0.0004686713218688,3257028.0,7410.0
1650481862,0.0,0.004060219,0.0,0.0004689395427703,0.0004686713218688,3257380.5,6750.0
1650481863,0.0,0.001998374,0.0,0.0004689395427703,0.0004686713218688,1628877.0,3969.0
1650481864,0.0,0.007945674,0.01,0.0004689395427703,0.0004686713218688,6515261.0,13038.0
1650481865,0.01,0.002076604,0.0,0.0004689395427703,0.0004686713218688,1628853.0,3177.0
1650481866,0.0,0.002124868,0.0,0.0004689395427703,0.0004686713218688,1629259.0,3777.0
1650481867,0.0,0.002124868,0.0,0.0004689395427703,0.0004686713218688,1629259.0,3777.0
1650481868,0.0,0.003982843,0.005,0.0004689395427703,0.0004686713218688,3257995.0,6901.0
1650481869,0.0,0.004054387,0.0,0.0004689395427703,0.0004686713218688,3258396.0,6684.0
1650481870,0.0,0.004054387,0.0,0.0004689395427703,0.0004686713218688,3258396.0,6684.0
1650481871,0.0,0.0020238775,0.0,0.0004689395427703,0.0004686713218688,1629260.5,3309.0
1650481872,0.0,0.0020238775,0.0,0.0004689395427703,0.0004686713218688,1629260.5,3309.0
1650481873,0.005,0.004154457,0.0,0.0004689395427703,0.0004686713218688,3259303.0,7014.0
1650481874,0.0,0.001930338,0.0,0.0004689395427703,0.0004686713218688,1629525.0,3375.0
1650481875,0.0,0.007789611,0.0,0.0004689395427703,0.0004686713218688,6518579.0,13434.0
1650481876,0.0,0.007789611,0.0,0.0004689395427703,0.0004686713218688,6518579.0,13434.0
1650481877,0.0,0.002909238,0.0,0.0004689395427703,0.0004686713218688,2444719.0,5194.5
1650481878,0.01,0.008007574,0.0,0.0004689395427703,0.0004686713218688,6519921.0,14794.0
1650481879,0.0,0.00197793,0.0,0.0004689395427703,0.0004686713218688,1630298.0,3573.0
1650481880,0.0,0.003895585,0.0,0.0004689395427703,0.0004686713218688,3260478.0,6948.0
1650481881,0.01,0.003841845,0.0,0.0004689395427703,0.0004686713218688,3260604.0,7212.0
1650481882,0.01,0.003841845,0.0,0.0004689395427703,0.0004686713218688,3260604.0,7212.0
1650481883,0.0,0.003028547,0.0,0.0004689395427703,0.0004686713218688,2445933.0,4918.5
1650481884,0.0,0.003028547,0.0,0.0004689395427703,0.0004686713218688,2445933.0,4918.5
1650481885,0.0,0.0029948595,0.005,0.0004689395427703,0.0004686713218688,2445831.5,4831.5
1650481886,0.0,0.003973646,0.0,0.0004689395427703,0.0004686713218688,3261372.0,6948.0
1650481887,0.0,0.003973646,0.0,0.0004689395427703,0.0004686713218688,3261372.0,6948.0
1650481888,0.0,0.0020805385,0.005,0.0004689395427703,0.0004686713218688,1630848.0,3981.5
1650481889,0.0,0.0020805385,0.005,0.0004689395427703,0.0004686713218688,1630848.0,3981.5
1650481890,0.005,0.0039289095,0.0,0.0004689395427703,0.0004686713218688,3261818.0,6387.0
1650481891,0.0,0.001996312,0.0,0.0004689395427703,0.0004686713218688,1631079.0,3573.0
1650481892,0.0,0.00421884,0.0,0.0004689395427703,0.0004686713218688,3262819.0,7006.0
1650481893,0.01,0.00408619,0.0,0.0004689395427703,0.0004686713218688,3262634.0,6560.0
1650481894,0.01,0.00408619,0.0,0.0004689395427703,0.0004686713218688,3262634.0,6560.0
1650481895,0.0,0.003863312,0.005,0.0004689395427703,0.0004686713218688,3262815.0,6849.0
1650481896,0.0,0.003863312,0.005,0.0004689395427703,0.0004686713218688,3262815.0,6849.0
1650481897,0.0,0.0028489585,0.0,0.0004689395427703,0.0004686713218688,2447272.5,5161.5
1650481898,0.0,0.005989811,0.0,0.0004689395427703,0.0004686713218688,4894911.0,10187.0
1650481899,0.0,0.004100759,0.0,0.0004689395427703,0.0004686713218688,3263712.0,6948.0
1650481900,0.0,0.004100759,0.0,0.0004689395427703,0.0004686713218688,3263712.0,6948.0
1650481901,0.0,0.0020174835,0.0,0.0004689395427703,0.0004686713218688,1632051.0,3705.0
1650481902,0.0,0.0020174835,0.0,0.0004689395427703,0.0004686713218688,1632051.0,3705.0
1650481903,0.005,0.0031693895,0.0,0.0004687011241912,0.0004684329032897,2448382.0,5124.5
1650481904,0.005,0.0031693895,0.0,0.0004687011241912,0.0004684329032897,2448382.0,5124.5
1650481905,0.0,0.0021031205,0.0,0.0004689395427703,0.0004686713218688,1632326.0,3610.0
1650481906,0.0,0.0021031205,0.0,0.0004689395427703,0.0004686713218688,1632326.0,3610.0
1650481907,0.0,0.0030264535,0.005,0.0004690289497375,0.000468760728836,2448319.5,4798.5
1650481908,0.0,0.006238071,0.0,0.0004690289497375,0.000468760728836,4897334.0,12438.0
1650481909,0.01,0.003900611,0.0,0.0004690289497375,0.000468760728836,3265018.0,6486.0
1650481910,0.01,0.003900611,0.0,0.0004690289497375,0.000468760728836,3265018.0,6486.0
1650481911,0.0,0.0010491335,0.005,0.0004690289497375,0.000468760728836,816307.5,1786.5
1650481912,0.0,0.00447642,0.0,0.0004690289497375,0.000468760728836,3265891.0,7072.0
1650481913,0.0,0.00447642,0.0,0.0004690289497375,0.000468760728836,3265891.0,7072.0
1650481914,0.0,0.00301416,0.0,0.0004690289497375,0.000468760728836,2449177.5,5227.5
1650481915,0.01,0.006382857,0.01,0.0004690289497375,0.000468760728836,4899351.0,10601.0
1650481916,0.01,0.006382857,0.01,0.0004690289497375,0.000468760728836,4899351.0,10601.0
1650481917,0.0,0.0038738055,0.005,0.0004690289497375,0.000468760728836,3265993.0,6549.0
1650481918,0.0,0.004357605,0.0,0.0004690289497375,0.000468760728836,3266592.0,8993.0
1650481919,0.0,0.002047276,0.0,0.0004690289497375,0.000468760728836,1633401.0,3771.0
1650481920,0.0,0.004010054,0.0,0.0004690289497375,0.000468760728836,3266946.0,6750.0
1650481921,0.0,0.004010054,0.0,0.0004690289497375,0.000468760728836,3266946.0,6750.0
1650481922,0.0,0.0031609695,0.0,0.0004690289497375,0.000468760728836,2450351.0,4530.5
1650481923,0.0,0.0031609695,0.0,0.0004690289497375,0.000468760728836,2450351.0,4530.5
1650481924,0.005,0.0039727235,0.0,0.0004690289497375,0.000468760728836,3267587.5,6849.0
1650481925,0.01,0.004252275,0.0,0.0004687905311584,0.0004685223102569,3268008.0,6684.0
1650481926,0.01,0.004252275,0.0,0.0004687905311584,0.0004685223102569,3268008.0,6684.0
1650481927,0.0,0.0021139395,0.0,0.0004690289497375,0.000468760728836,1633972.0,3346.0
1650481928,0.0,0.0021139395,0.0,0.0004690289497375,0.000468760728836,1633972.0,3346.0
1650481929,0.0,0.0030170095,0.0,0.0004690289497375,0.000468760728836,2451082.5,5705.5
1650481930,0.0,0.00596105,0.0,0.0004690289497375,0.000468760728836,4902729.0,10521.0
1650481931,0.0,0.00596105,0.0,0.0004690289497375,0.000468760728836,4902729.0,10521.0
1650481932,0.005,0.003216311,0.0,0.0004690289497375,0.000468760728836,2451608.0,5190.5
1650481933,0.0,0.009587387,0.01,0.0004690289497375,0.000468760728836,8172387.0,15003.0
1650481934,0.0,0.009587387,0.01,0.0004690289497375,0.000468760728836,8172387.0,15003.0
1650481935,0.0,0.00190415,0.0,0.0004690289497375,0.000468760728836,1634703.0,3045.0
1650481936,0.0,0.003996475,0.01,0.0004687905311584,0.0004685223102569,3269862.0,6882.0
1650481937,0.0,0.003996475,0.01,0.0004687905311584,0.0004685223102569,3269862.0,6882.0
1650481938,0.0,0.001106946,0.0,0.0004690289497375,0.000468760728836,817505.5,2049.5
1650481939,0.0,0.001917694,0.0,0.0004690289497375,0.000468760728836,1634919.0,3507.0
1650481940,0.0,0.001917694,0.0,0.0004690289497375,0.000468760728836,1634919.0,3507.0
1650481941,0.0,0.0031677355,0.0,0.0004690289497375,0.000468760728836,2452720.5,5161.5
1650481942,0.01,0.004099332,0.0,0.0004690289497375,0.000468760728836,3270523.0,6412.0
1650481943,0.0,0.005978111,0.0,0.0004690289497375,0.000468760728836,4905632.0,9993.0
1650481944,0.0,0.001900321,0.0,0.0004690289497375,0.000468760728836,1635417.0,3243.0
1650481945,0.0,0.001900321,0.0,0.0004690289497375,0.000468760728836,1635417.0,3243.0
1650481946,0.0,0.0040111665,0.0,0.0004690289497375,0.000468760728836,3270808.0,6717.0
1650481947,0.0,0.00212426,0.0,0.0004690289497375,0.000468760728836,1635524.0,3639.0
1650481948,0.0,0.00212426,0.0,0.0004690289497375,0.000468760728836,1635524.0,3639.0
1650481949,0.005,0.0040953315,0.005,0.0004690289497375,0.000468760728836,3271656.0,8538.0
1650481950,0.01,0.005950639,0.0,0.0004690289497375,0.000468760728836,4907637.0,9069.0
1650481951,0.01,0.005950639,0.0,0.0004690289497375,0.000468760728836,4907637.0,9069.0
1650481952,0.0,0.0039762715,0.0,0.0004690289497375,0.000468760728836,3272253.0,6251.0
1650481953,0.0,0.0039762715,0.0,0.0004690289497375,0.000468760728836,3272253.0,6251.0
1650481954,0.0,0.002984049,0.005,0.0004690289497375,0.000468760728836,2454256.0,5095.5
1650481955,0.0,0.002984049,0.005,0.0004690289497375,0.000468760728836,2454256.0,5095.5
1650481956,0.005,0.007091628,0.005,0.0004691183567047,0.0004688501358032,5727394.5,10723.5
1650481957,0.01,0.004465034,0.01,0.0004691183567047,0.0004688501358032,3273605.0,7888.0
1650481958,0.01,0.004465034,0.01,0.0004691183567047,0.0004688501358032,3273605.0,7888.0
1650481959,0.0,0.0030178225,0.0,0.0004689395427703,0.0004686713218688,2455186.5,5029.5
1650481960,0.0,0.006194946,0.0,0.0004691183567047,0.0004688501358032,4910973.0,9941.0
1650481961,0.0,0.006194946,0.0,0.0004691183567047,0.0004688501358032,4910973.0,9941.0
1650481962,0.005,0.0039206495,0.0,0.0004691183567047,0.0004688501358032,3274153.5,6248.0
1650481963,0.01,0.003966528,0.0,0.0004691183567047,0.0004688501358032,3274758.0,6882.0
1650481964,0.01,0.003966528,0.0,0.0004691183567047,0.0004688501358032,3274758.0,6882.0
1650481965,0.0,0.0019989115,0.0,0.0004691183567047,0.0004688501358032,1637376.0,3474.0
1650481966,0.0,0.0019989115,0.0,0.0004691183567047,0.0004688501358032,1637376.0,3474.0
1650481967,0.0,0.0038589345,0.0,0.0004691183567047,0.0004688501358032,3274941.0,6486.0
1650481968,0.0,0.002034424,0.01,0.0004691183567047,0.0004688501358032,1637541.0,4315.0
1650481969,0.0,0.002034424,0.01,0.0004691183567047,0.0004688501358032,1637541.0,4315.0
1650481970,0.005,0.0040322345,0.0,0.0004691183567047,0.0004688501358032,3275524.0,6721.0
1650481971,0.0,0.00986714,0.0,0.0004691183567047,0.0004688501358032,8189769.0,16537.0
1650481972,0.0,0.00986714,0.0,0.0004691183567047,0.0004688501358032,8189769.0,16537.0
1650481973,0.005,0.0040208965,0.005,0.0004691183567047,0.0004688501358032,3276186.0,6222.0
1650481974,0.0,0.006043329,0.0,0.0004691183567047,0.0004688501358032,4914846.0,10191.0
1650481975,0.0,0.001920336,0.0,0.0004691183567047,0.0004688501358032,1638489.0,3507.0
1650481976,0.0,0.002050126,0.0,0.0004691183567047,0.0004688501358032,1638405.0,3177.0
1650481977,0.0,0.00425219,0.0,0.0004691183567047,0.0004688501358032,3277548.0,9358.0
1650481978,0.0,0.00425219,0.0,0.0004691183567047,0.0004688501358032,3277548.0,9358.0
1650481979,0.0,0.0029959965,0.0,0.0004691183567047,0.0004688501358032,2457895.0,4666.5
1650481980,0.0,0.0029959965,0.0,0.0004691183567047,0.0004688501358032,2457895.0,4666.5
1650481981,0.0,0.002042598,0.005,0.0004691183567047,0.0004688501358032,1638952.0,3577.0
1650481982,0.0,0.004237744,0.0,0.0004691183567047,0.0004688501358032,3278009.0,7138.0
1650481983,0.0,0.004042407,0.0,0.0004691183567047,0.0004688501358032,3278190.0,6858.0
1650481984,0.0,0.004042407,0.0,0.0004691183567047,0.0004688501358032,3278190.0,6858.0
1650481985,0.005,0.0029664135,0.0,0.0004691183567047,0.0004688501358032,2458575.5,4765.5
1650481986,0.005,0.0029664135,0.0,0.0004691183567047,0.0004688501358032,2458575.5,4765.5
1650481987,0.0,0.0030106295,0.005,0.0004691183567047,0.0004688501358032,2458924.0,5128.5
1650481988,0.01,0.003981615,0.0,0.0004691183567047,0.0004688501358032,3278586.0,8628.0
1650481989,0.01,0.003981615,0.0,0.0004691183567047,0.0004688501358032,3278586.0,8628.0
1650481990,0.0,0.004722239,0.0,0.0004691183567047,0.0004688501358032,4098751.5,8767.5
1650481991,0.01,0.006237093,0.01,0.0004691183567047,0.0004688501358032,4919230.0,10199.0
1650481992,0.0,0.004537763,0.0,0.0004691183567047,0.0004688501358032,3280129.0,7006.0
1650481993,0.0,0.001973954,0.01,0.0004691183567047,0.0004688501358032,1639977.0,3309.0
1650481994,0.0,0.001934115,0.0,0.0004691183567047,0.0004688501358032,1639959.0,3441.0
1650481995,0.0,0.004067589,0.0,0.0004691183567047,0.0004688501358032,3279929.0,6750.0
1650481996,0.0,0.004067589,0.0,0.0004691183567047,0.0004688501358032,3279929.0,6750.0
1650481997,0.0,0.001980174,0.0,0.0004691183567047,0.0004688501358032,1640292.0,3700.5
1650481998,0.0,0.001980174,0.0,0.0004691183567047,0.0004688501358032,1640292.0,3700.5
1650481999,0.0,0.0041340165,0.01,0.0004691183567047,0.0004688501358032,3280541.0,6783.0
1650482000,0.0,0.0041340165,0.01,0.0004691183567047,0.0004688501358032,3280541.0,6783.0
1650482001,0.0,0.0021108885,0.0,0.0004692077636718,0.0004689395427703,1640382.0,3243.0
1650482002,0.0,0.004451849,0.0,0.0004692077636718,0.0004689395427703,3281744.0,7080.0
1650482003,0.0,0.003998264,0.0,0.0004692077636718,0.0004689395427703,3281411.0,7146.0
1650482004,0.0,0.003998264,0.0,0.0004692077636718,0.0004689395427703,3281411.0,7146.0
1650482005,0.0,0.0030846615,0.005,0.0004692077636718,0.0004689395427703,2461057.5,5161.5
1650482006,0.0,0.004095672,0.0,0.0004692077636718,0.0004689395427703,3281957.0,6816.0
1650482007,0.01,0.003898174,0.0,0.0004692077636718,0.0004689395427703,3281820.0,10154.0
1650482008,0.01,0.003898174,0.0,0.0004692077636718,0.0004689395427703,3281820.0,10154.0
1650482009,0.0,0.002946707,0.0,0.0004692077636718,0.0004689395427703,2461627.0,5062.5
1650482010,0.0,0.001937703,0.0,0.0004692077636718,0.0004689395427703,1641093.0,3177.0
1650482011,0.0,0.004218258,0.0,0.000469148159027,0.0004688799381256,3283044.0,6940.0
1650482012,0.0,0.004218258,0.0,0.000469148159027,0.0004688799381256,3283044.0,6940.0
1650482013,0.005,0.0020632465,0.0,0.0004692077636718,0.0004689395427703,1641331.0,3247.0
1650482014,0.0,0.00402652,0.0,0.0004692077636718,0.0004689395427703,3282780.0,6552.0
1650482015,0.0,0.00402652,0.0,0.0004692077636718,0.0004689395427703,3282780.0,6552.0
1650482016,0.0,0.001951842,0.005,0.0004692077636718,0.0004689395427703,1641552.0,3375.0
1650482017,0.0,0.004014355,0.0,0.0004692077636718,0.0004689395427703,3283164.0,7342.0
1650482018,0.0,0.004014355,0.0,0.0004692077636718,0.0004689395427703,3283164.0,7342.0
1650482019,0.0,0.003106788,0.0,0.0004692077636718,0.0004689395427703,2462700.0,5029.5
1650482020,0.0,0.007999397,0.0,0.0004692077636718,0.0004689395427703,6567612.0,13236.0
1650482021,0.0,0.002025786,0.0,0.0004692077636718,0.0004689395427703,1642155.0,3375.0
1650482022,0.0,0.002025786,0.0,0.0004692077636718,0.0004689395427703,1642155.0,3375.0
1650482023,0.005,0.0041976025,0.005,0.0004692077636718,0.0004689395427703,3284892.0,7182.0
1650482024,0.0,0.006051157,0.0,0.0004692077636718,0.0004689395427703,4927131.0,10521.0
1650482025,0.0,0.003753235,0.0,0.0004692077636718,0.0004689395427703,3284833.0,6084.0
1650482026,0.0,0.005689318,0.0,0.0004692077636718,0.0004689395427703,4927983.0,10257.0
1650482027,0.0,0.005768832,0.01,0.0004692077636718,0.0004689395427703,4928348.0,12173.0
1650482028,0.0,0.005768832,0.01,0.0004692077636718,0.0004689395427703,4928348.0,12173.0
1650482029,0.0,0.0029182985,0.0,0.0004692077636718,0.0004689395427703,2464456.0,5029.5
1650482030,0.0,0.0029182985,0.0,0.0004692077636718,0.0004689395427703,2464456.0,5029.5
1650482031,0.0,0.0020189,0.0,0.0004692077636718,0.0004689395427703,1643091.0,3375.0
1650482032,0.0,0.0020189,0.0,0.0004692077636718,0.0004689395427703,1643091.0,3375.0
1650482033,0.0,0.004037709,0.005,0.0004692077636718,0.0004689395427703,3286753.0,7266.0
1650482034,0.01,0.003881961,0.0,0.0004692077636718,0.0004689395427703,3286692.0,6882.0
1650482035,0.01,0.003881961,0.0,0.0004692077636718,0.0004689395427703,3286692.0,6882.0
1650482036,0.0,0.001950995,0.005,0.0004692077636718,0.0004689395427703,1643475.0,3540.0
1650482037,0.0,0.004165971,0.0,0.0004692077636718,0.0004689395427703,3287075.0,7340.0
1650482038,0.01,0.004102396,0.0,0.0004692077636718,0.0004689395427703,3287268.0,6816.0
1650482039,0.01,0.004102396,0.0,0.0004692077636718,0.0004689395427703,3287268.0,6816.0
1650482040,0.005,0.0039748005,0.0,0.0004692077636718,0.0004689395427703,3287588.5,6783.0
1650482041,0.005,0.0039748005,0.0,0.0004692077636718,0.0004689395427703,3287588.5,6783.0
1650482042,0.0,0.0030263275,0.0,0.0004692077636718,0.0004689395427703,2466161.0,5058.5
1650482043,0.01,0.002187833,0.0,0.0004689693450927,0.0004687011241912,1644273.0,3441.0
1650482044,0.01,0.002187833,0.0,0.0004689693450927,0.0004687011241912,1644273.0,3441.0
1650482045,0.0,0.0031393795,0.0,0.0004692077636718,0.0004689395427703,2466293.5,5099.5
1650482046,0.0,0.004213425,0.0,0.0004692077636718,0.0004689395427703,3288742.0,7152.0
1650482047,0.01,0.003976766,0.0,0.0004692077636718,0.0004689395427703,3288547.0,8040.0
1650482048,0.01,0.003976766,0.0,0.0004692077636718,0.0004689395427703,3288547.0,8040.0
1650482049,0.0,0.0039253265,0.005,0.0004692077636718,0.0004689395427703,3288996.0,6717.0
1650482050,0.01,0.006115694,0.01,0.000469297170639,0.0004690289497375,4933963.0,10323.0
1650482051,0.01,0.006115694,0.01,0.000469297170639,0.0004690289497375,4933963.0,10323.0
1650482052,0.0,0.003238096,0.0,0.000469297170639,0.0004690289497375,2467457.0,4959.5
1650482053,0.0,0.003238096,0.0,0.000469297170639,0.0004690289497375,2467457.0,4959.5
1650482054,0.0,0.0009815175,0.0,0.000469297170639,0.0004690289497375,822403.5,1654.5
1650482055,0.0,0.004141205,0.0,0.000469297170639,0.0004690289497375,3290492.0,6956.0
1650482056,0.0,0.009981564,0.0,0.000469297170639,0.0004690289497375,8225959.0,17469.0
1650482057,0.0,0.009981564,0.0,0.000469297170639,0.0004690289497375,8225959.0,17469.0
1650482058,0.0,0.001135254,0.005,0.000469297170639,0.0004690289497375,822840.5,2674.0
1650482059,0.0,0.003896375,0.0,0.000469297170639,0.0004690289497375,3290564.0,6150.0
1650482060,0.0,0.003896375,0.0,0.000469297170639,0.0004690289497375,3290564.0,6150.0
1650482061,0.005,0.0021550075,0.005,0.000469297170639,0.0004690289497375,1645636.5,3807.0
1650482062,0.0,0.007658744,0.0,0.000469297170639,0.0004690289497375,6582499.0,13222.0
1650482063,0.0,0.003874433,0.0,0.000469297170639,0.0004690289497375,3291426.0,6948.0
1650482064,0.0,0.003874433,0.0,0.000469297170639,0.0004690289497375,3291426.0,6948.0
1650482065,0.0,0.0040998585,0.0,0.000469297170639,0.0004690289497375,3291881.5,6754.0
1650482066,0.0,0.003965693,0.01,0.000469297170639,0.0004690289497375,3292002.0,6618.0
1650482067,0.0,0.003965693,0.01,0.000469297170639,0.0004690289497375,3292002.0,6618.0
1650482068,0.0,0.002036594,0.0,0.000469297170639,0.0004690289497375,1646097.0,3657.0
1650482069,0.0,0.005866955,0.0,0.000469297170639,0.0004690289497375,4938849.0,10653.0
1650482070,0.0,0.005866955,0.0,0.000469297170639,0.0004690289497375,4938849.0,10653.0
1650482071,0.0,0.003930208,0.0,0.000469297170639,0.0004690289497375,3292935.0,6486.0
1650482072,0.0,0.003930208,0.0,0.000469297170639,0.0004690289497375,3292935.0,6486.0
1650482073,0.0,0.003161131,0.0,0.000469297170639,0.0004690289497375,2470187.0,5388.5
1650482074,0.0,0.003161131,0.0,0.000469297170639,0.0004690289497375,2470187.0,5388.5
1650482075,0.005,0.003175543,0.005,0.0004690587520599,0.0004687905311584,2470276.5,5359.5
1650482076,0.005,0.003175543,0.005,0.0004690587520599,0.0004687905311584,2470276.5,5359.5
1650482077,0.005,0.0040481435,0.0,0.000469297170639,0.0004690289497375,3293832.5,6919.0
1650482078,0.0,0.00426271,0.01,0.000469297170639,0.0004690289497375,3294414.0,9013.0
1650482079,0.0,0.002142245,0.0,0.000469297170639,0.0004690289497375,1647081.0,3243.0
1650482080,0.0,0.002142245,0.0,0.000469297170639,0.0004690289497375,1647081.0,3243.0
1650482081,0.0,0.0030175245,0.005,0.000469297170639,0.0004690289497375,2470798.5,4864.5
1650482082,0.01,0.004031321,0.0,0.000469297170639,0.0004690289497375,3295111.0,6940.0
1650482083,0.01,0.004031321,0.0,0.000469297170639,0.0004690289497375,3295111.0,6940.0
1650482084,0.005,0.001902794,0.0,0.000469297170639,0.0004690289497375,1647479.5,3363.0
1650482085,0.0,0.004233298,0.0,0.000469297170639,0.0004690289497375,3295044.0,6552.0
1650482086,0.0,0.004233298,0.0,0.000469297170639,0.0004690289497375,3295044.0,6552.0
1650482087,0.0,0.004241257,0.0,0.000469297170639,0.0004690289497375,3295434.5,7216.0
1650482088,0.0,0.002344436,0.01,0.000469297170639,0.0004690289497375,1648045.0,5735.0
1650482089,0.0,0.002344436,0.01,0.000469297170639,0.0004690289497375,1648045.0,5735.0
1650482090,0.005,0.0027842285,0.0,0.000469297170639,0.0004690289497375,2471759.5,4729.5
1650482091,0.005,0.0027842285,0.0,0.000469297170639,0.0004690289497375,2471759.5,4729.5
1650482092,0.005,0.004042219,0.0,0.000469297170639,0.0004690289497375,3296292.0,6746.0
1650482093,0.0,0.00189567,0.0,0.000469297170639,0.0004690289497375,1648203.0,3441.0
1650482094,0.0,0.006331389,0.01,0.000469297170639,0.0004690289497375,4945291.0,10455.0
1650482095,0.0,0.006331389,0.01,0.000469297170639,0.0004690289497375,4945291.0,10455.0
1650482096,0.0,0.0028798405,0.005,0.000469297170639,0.0004690289497375,2472565.5,4996.5
1650482097,0.0,0.0028798405,0.005,0.000469297170639,0.0004690289497375,2472565.5,4996.5
1650482098,0.0,0.0031434855,0.0,0.000469297170639,0.0004690289497375,2473048.5,5667.0
1650482099,0.0,0.003956425,0.0,0.0004693269729614,0.0004690587520599,3297282.0,6750.0
1650482100,0.0,0.003956425,0.0,0.0004693269729614,0.0004690587520599,3297282.0,6750.0
1650482101,0.005,0.0039260205,0.0,0.0004693865776062,0.0004691183567047,3297669.0,6486.0
1650482102,0.0,0.004562898,0.0,0.0004693865776062,0.0004691183567047,3298468.0,6748.0
1650482103,0.0,0.004562898,0.0,0.0004693865776062,0.0004691183567047,3298468.0,6748.0
1650482104,0.0,0.001701559,0.0,0.0004693865776062,0.0004691183567047,1648912.0,3207.0
1650482105,0.0,0.003818188,0.01,0.0004693865776062,0.0004691183567047,3298437.0,6816.0
1650482106,0.0,0.003818188,0.01,0.0004693865776062,0.0004691183567047,3298437.0,6816.0
1650482107,0.005,0.001994162,0.0,0.0004693865776062,0.0004691183567047,1649349.0,3408.0
1650482108,0.0,0.006291619,0.0,0.0004693865776062,0.0004691183567047,4948546.0,11813.0
1650482109,0.0,0.006318436,0.01,0.0004693865776062,0.0004691183567047,4948505.0,10653.0
1650482110,0.0,0.006318436,0.01,0.0004693865776062,0.0004691183567047,4948505.0,10653.0
1650482111,0.0,0.0020539185,0.0,0.0004693865776062,0.0004691183567047,1649897.5,3672.0
1650482112,0.0,0.0020539185,0.0,0.0004693865776062,0.0004691183567047,1649897.5,3672.0
1650482113,0.005,0.003019046,0.0,0.0004693865776062,0.0004691183567047,2474741.0,5388.5
1650482114,0.01,0.008269393,0.01,0.0004693865776062,0.0004691183567047,6599687.0,14094.0
1650482115,0.01,0.008269393,0.01,0.0004693865776062,0.0004691183567047,6599687.0,14094.0
1650482116,0.0,0.002154422,0.0,0.0004693865776062,0.0004691183567047,1650131.5,3408.0
1650482117,0.0,0.002154422,0.0,0.0004693865776062,0.0004691183567047,1650131.5,3408.0
1650482118,0.0,0.0068537975,0.005,0.0004693865776062,0.0004691183567047,5776006.5,13051.0
1650482119,0.0,0.0068537975,0.005,0.0004693865776062,0.0004691183567047,5776006.5,13051.0
1650482120,0.0,0.0020463505,0.0,0.0004693865776062,0.0004691183567047,1650464.5,3111.0
1650482121,0.0,0.005980644,0.0,0.0004693865776062,0.0004691183567047,4952151.0,10653.0
1650482122,0.0,0.005980644,0.0,0.0004693865776062,0.0004691183567047,4952151.0,10653.0
1650482123,0.005,0.003053473,0.0,0.0004693865776062,0.0004691183567047,2476319.0,5124.5
1650482124,0.0,0.006088985,0.01,0.0004693865776062,0.0004691183567047,4952617.0,9795.0
1650482125,0.0,0.006088985,0.01,0.0004693865776062,0.0004691183567047,4952617.0,9795.0
1650482126,0.005,0.003082662,0.0,0.0004693865776062,0.0004691183567047,2476557.5,4963.5
1650482127,0.0,0.001938571,0.0,0.0004693865776062,0.0004691183567047,1651179.0,3375.0
1650482128,0.0,0.004226509,0.01,0.0004693865776062,0.0004691183567047,3302502.0,9565.0
1650482129,0.01,0.008265097,0.0,0.0004693865776062,0.0004691183567047,6605719.0,13178.0
1650482130,0.01,0.008265097,0.0,0.0004693865776062,0.0004691183567047,6605719.0,13178.0
1650482131,0.0,0.0009760475,0.0,0.0004693865776062,0.0004691183567047,825790.5,1753.5
1650482132,0.01,0.004487086,0.01,0.0004693865776062,0.0004691183567047,3303823.0,7468.0
1650482133,0.0,0.004038603,0.0,0.0004693865776062,0.0004691183567047,3303474.0,6396.0
1650482134,0.0,0.004304629,0.0,0.0004693865776062,0.0004691183567047,3303425.0,6552.0
1650482135,0.0,0.004304629,0.0,0.0004693865776062,0.0004691183567047,3303425.0,6552.0
1650482136,0.0,0.00305833,0.005,0.0004693865776062,0.0004691183567047,2477881.0,5128.5
1650482137,0.0,0.00305833,0.005,0.0004693865776062,0.0004691183567047,2477881.0,5128.5
1650482138,0.005,0.003052345,0.0,0.0004693865776062,0.0004691183567047,2478065.5,6037.0
1650482139,0.0,0.004124005,0.0,0.0004693865776062,0.0004691183567047,3304260.0,6882.0
1650482140,0.0,0.004124005,0.0,0.0004693865776062,0.0004691183567047,3304260.0,6882.0
1650482141,0.005,0.002166465,0.005,0.0004693865776062,0.0004691183567047,1652460.5,3511.0
1650482142,0.0,0.008510807,0.0,0.0004693865776062,0.0004691183567047,6609862.0,12700.0
1650482143,0.0,0.008510807,0.0,0.0004693865776062,0.0004691183567047,6609862.0,12700.0
1650482144,0.0,0.0028842555,0.005,0.0004693865776062,0.0004691183567047,2478757.0,4963.5
1650482145,0.0,0.001989639,0.0,0.0004693865776062,0.0004691183567047,1652865.0,3639.0
1650482146,0.0,0.001989639,0.0,0.0004693865776062,0.0004691183567047,1652865.0,3639.0
1650482147,0.0,0.002002892,0.0,0.0004693865776062,0.0004691183567047,1652805.0,3639.0
1650482148,0.01,0.006090732,0.0,0.0004694759845733,0.0004692077636718,4958641.0,11935.0
1650482149,0.0,0.005674253,0.0,0.0004694759845733,0.0004692077636718,4958811.0,10521.0
1650482150,0.0,0.005674253,0.0,0.0004694759845733,0.0004692077636718,4958811.0,10521.0
1650482151,0.0,0.002118577,0.0,0.000469297170639,0.0004690289497375,1653155.5,3177.0
1650482152,0.0,0.002118577,0.0,0.000469297170639,0.0004690289497375,1653155.5,3177.0
1650482153,0.005,0.006103707,0.01,0.0004694759845733,0.0004692077636718,4960041.5,9927.0
1650482154,0.0,0.001975753,0.0,0.0004694759845733,0.0004692077636718,1653417.0,3111.0
1650482155,0.0,0.00389458,0.0,0.0004694759845733,0.0004692077636718,3307044.0,6618.0
1650482156,0.0,0.00389458,0.0,0.0004694759845733,0.0004692077636718,3307044.0,6618.0
1650482157,0.0,0.0040214765,0.0,0.0004694759845733,0.0004692077636718,3307363.5,7179.0
1650482158,0.01,0.006004475,0.01,0.0004694759845733,0.0004692077636718,4961402.0,10739.0
1650482159,0.0,0.006178793,0.0,0.0004694759845733,0.0004692077636718,4962192.0,10395.0
1650482160,0.0,0.006178793,0.0,0.0004694759845733,0.0004692077636718,4962192.0,10395.0
1650482161,0.0,0.0047978425,0.0,0.0004694759845733,0.0004692077636718,4135295.5,8038.5
1650482162,0.0,0.0047978425,0.0,0.0004694759845733,0.0004692077636718,4135295.5,8038.5
1650482163,0.0,0.002349563,0.005,0.0004694759845733,0.0004692077636718,1654798.5,3936.0
1650482164,0.0,0.002289701,0.0,0.0004694759845733,0.0004692077636718,1654641.0,3903.0
1650482165,0.0,0.004344974,0.0,0.0004694759845733,0.0004692077636718,3308896.0,6816.0
1650482166,0.01,0.005706373,0.01,0.0004694759845733,0.0004692077636718,4963707.0,9597.0
1650482167,0.01,0.005706373,0.01,0.0004694759845733,0.0004692077636718,4963707.0,9597.0
1650482168,0.0,0.003081047,0.005,0.0004694759845733,0.0004692077636718,2482102.0,5772.5
1650482169,0.0,0.003081047,0.005,0.0004694759845733,0.0004692077636718,2482102.0,5772.5
1650482170,0.0,0.002165351,0.0,0.0004694759845733,0.0004692077636718,1654998.0,3738.0
1650482171,0.0,0.002165351,0.0,0.0004694759845733,0.0004692077636718,1654998.0,3738.0
1650482172,0.0,0.00315809,0.0,0.0004694759845733,0.0004692077636718,2482787.0,5058.5
1650482173,0.01,0.006322213,0.0,0.0004694759845733,0.0004692077636718,4965761.0,10595.0
1650482174,0.01,0.006322213,0.0,0.0004694759845733,0.0004692077636718,4965761.0,10595.0
1650482175,0.0,0.0019872045,0.005,0.0004694759845733,0.0004692077636718,1655217.0,3276.0
1650482176,0.01,0.008186635,0.0,0.0004694759845733,0.0004692077636718,6621575.0,13368.0
1650482177,0.01,0.008186635,0.0,0.0004694759845733,0.0004692077636718,6621575.0,13368.0
1650482178,0.0,0.00391289,0.005,0.0004694759845733,0.0004692077636718,3311106.0,7096.5
1650482179,0.0,0.00391289,0.005,0.0004694759845733,0.0004692077636718,3311106.0,7096.5
1650482180,0.0,0.0039997295,0.005,0.0004694759845733,0.0004692077636718,3311556.0,6222.0
1650482181,0.0,0.0039997295,0.005,0.0004694759845733,0.0004692077636718,3311556.0,6222.0
1650482182,0.0,0.0021349265,0.0,0.0004694759845733,0.0004692077636718,1656081.0,3503.0
1650482183,0.0,0.006116919,0.01,0.0004692375659942,0.0004689693450927,4968333.0,10035.0
1650482184,0.0,0.006116919,0.01,0.0004692375659942,0.0004689693450927,4968333.0,10035.0
1650482185,0.005,0.002051165,0.0,0.0004694759845733,0.0004692077636718,1656364.0,3643.0
1650482186,0.005,0.002051165,0.0,0.0004694759845733,0.0004692077636718,1656364.0,3643.0
1650482187,0.0,0.005956205,0.0,0.0004694759845733,0.0004692077636718,4969029.0,10224.0
1650482188,0.01,0.004187214,0.0,0.0004694759845733,0.0004692077636718,3313289.0,8431.0
1650482189,0.01,0.004187214,0.0,0.0004694759845733,0.0004692077636718,3313289.0,8431.0
1650482190,0.0,0.0019943705,0.0,0.0004694759845733,0.0004692077636718,1656675.0,3342.0
1650482191,0.0,0.008090812,0.0,0.0004694759845733,0.0004692077636718,6627527.0,13624.0
1650482192,0.0,0.008090812,0.0,0.0004694759845733,0.0004692077636718,6627527.0,13624.0
1650482193,0.005,0.0028473415,0.0,0.0004695653915405,0.000469297170639,2485480.5,4798.5
1650482194,0.005,0.0028473415,0.0,0.0004695653915405,0.000469297170639,2485480.5,4798.5
1650482195,0.0,0.0028494875,0.005,0.0004693269729614,0.0004690587520599,2485696.5,5194.5
1650482196,0.0,0.0028494875,0.005,0.0004693269729614,0.0004690587520599,2485696.5,5194.5
1650482197,0.0,0.002056534,0.005,0.0004695653915405,0.000469297170639,1657420.0,3346.0
1650482198,0.01,0.008006724,0.0,0.0004695653915405,0.000469297170639,6629382.0,13561.0
1650482199,0.0,0.00397559,0.0,0.0004695653915405,0.000469297170639,3315210.0,6618.0
1650482200,0.0,0.00397559,0.0,0.0004695653915405,0.000469297170639,3315210.0,6618.0
1650482201,0.0,0.002055849,0.005,0.0004695653915405,0.000469297170639,1657668.0,3606.0
1650482202,0.0,0.008373026,0.01,0.0004695653915405,0.000469297170639,6631301.0,13228.0
1650482203,0.0,0.008373026,0.01,0.0004695653915405,0.000469297170639,6631301.0,13228.0
1650482204,0.005,0.0041041175,0.0,0.0004695653915405,0.000469297170639,3315810.0,6387.0
1650482205,0.005,0.0041041175,0.0,0.0004695653915405,0.000469297170639,3315810.0,6387.0
1650482206,0.005,0.003050547,0.0,0.0004693269729614,0.0004690587520599,2487175.5,5029.5
1650482207,0.0,0.006057436,0.01,0.0004695653915405,0.000469297170639,4975121.0,10463.0
1650482208,0.0,0.004177942,0.0,0.0004695653915405,0.000469297170639,3316673.0,9135.0
1650482209,0.0,0.004177942,0.0,0.0004695653915405,0.000469297170639,3316673.0,9135.0
1650482210,0.005,0.0019384035,0.0,0.0004695653915405,0.000469297170639,1658532.0,3540.0
