timestamp,cpu_usage_system,cpu_usage_total,cpu_usage_user,memory_usage,memory_working_set,rx_bytes,tx_bytes
1650164533,0.0,0.00043216,0.0,9.894371032714844e-06,9.626150131225586e-06,528.0,350.0
1650164534,0.0,0.00043216,0.0,9.894371032714844e-06,9.626150131225586e-06,528.0,350.0
1650164535,0.0,0.00043216,0.0,9.894371032714844e-06,9.626150131225586e-06,528.0,350.0
1650164536,0.0,0.00043216,0.0,9.894371032714844e-06,9.626150131225586e-06,528.0,350.0
1650164537,0.0,0.00043216,0.0,9.894371032714844e-06,9.626150131225586e-06,528.0,350.0
1650164538,0.005,0.000267964,0.005,9.894371032714844e-06,9.626150131225586e-06,395.5,163.5
1650164539,0.005,0.000267964,0.005,9.894371032714844e-06,9.626150131225586e-06,395.5,163.5
1650164540,0.0,0.0002176685,0.0,9.894371032714844e-06,9.626150131225586e-06,395.5,163.5
1650164541,0.0,0.0001496,0.0,9.894371032714844e-06,9.626150131225586e-06,264.0,109.0
1650164542,0.0,0.000442501,0.0,9.894371032714844e-06,9.626150131225586e-06,792.0,327.0
1650164543,0.0,0.000442501,0.0,9.894371032714844e-06,9.626150131225586e-06,792.0,327.0
1650164544,0.0,0.000529435,0.0,9.894371032714844e-06,9.626150131225586e-06,796.0,528.0
1650164545,0.0,0.000529435,0.0,9.894371032714844e-06,9.626150131225586e-06,796.0,528.0
1650164546,0.0,0.0001257875,0.0,9.894371032714844e-06,9.626150131225586e-06,264.0,175.0
1650164547,0.0,0.0001257875,0.0,9.894371032714844e-06,9.626150131225586e-06,264.0,175.0
1650164548,0.0,0.0001497905,0.0,9.894371032714844e-06,9.626150131225586e-06,263.5,142.0
1650164549,0.0,0.000275287,0.0,9.894371032714844e-06,9.626150131225586e-06,570.0,260.0
1650164550,0.0,0.000275287,0.0,9.894371032714844e-06,9.626150131225586e-06,570.0,260.0
1650164551,0.0,0.0003102855,0.0,9.894371032714844e-06,9.626150131225586e-06,527.5,218.0
1650164552,0.0,0.00051553,0.0,9.894371032714844e-06,9.626150131225586e-06,1056.0,436.0
1650164553,0.0,0.00051553,0.0,9.894371032714844e-06,9.626150131225586e-06,1056.0,436.0
1650164554,0.0,0.0002928005,0.0,9.894371032714844e-06,9.626150131225586e-06,527.5,218.0
1650164555,0.0,0.000522581,0.0,9.894371032714844e-06,9.626150131225586e-06,799.0,358.0
1650164556,0.0,0.000522581,0.0,9.894371032714844e-06,9.626150131225586e-06,799.0,358.0
1650164557,0.0,0.000393107,0.0,9.894371032714844e-06,9.626150131225586e-06,660.0,371.5
1650164558,0.0,0.000393107,0.0,9.894371032714844e-06,9.626150131225586e-06,660.0,371.5
1650164559,0.0,0.000348842,0.0,9.894371032714844e-06,9.626150131225586e-06,528.0,218.0
1650164560,0.0,0.000296483,0.0,9.894371032714844e-06,9.626150131225586e-06,528.0,218.0
1650164561,0.0,0.000590885,0.0,9.894371032714844e-06,9.626150131225586e-06,790.0,327.0
1650164562,0.0,0.000590885,0.0,9.894371032714844e-06,9.626150131225586e-06,790.0,327.0
1650164563,0.0,0.0003391095,0.0,9.894371032714844e-06,9.626150131225586e-06,396.0,452.5
1650164564,0.0,0.000387356,0.0,9.894371032714844e-06,9.626150131225586e-06,528.0,218.0
1650164565,0.0,0.000699415,0.0,9.894371032714844e-06,9.626150131225586e-06,1064.0,467.0
1650164566,0.0,0.000699415,0.0,9.894371032714844e-06,9.626150131225586e-06,1064.0,467.0
1650164567,0.0,0.000142913,0.0,9.894371032714844e-06,9.626150131225586e-06,264.0,175.0
1650164568,0.0,0.000198805,0.0,9.894371032714844e-06,9.626150131225586e-06,264.0,175.0
1650164569,0.0,0.000394741,0.0,9.894371032714844e-06,9.626150131225586e-06,792.0,327.0
1650164570,0.0,0.000394741,0.0,9.894371032714844e-06,9.626150131225586e-06,792.0,327.0
1650164571,0.0,0.0002360535,0.0,9.894371032714844e-06,9.626150131225586e-06,395.5,163.5
1650164572,0.0,0.0002360535,0.0,9.894371032714844e-06,9.626150131225586e-06,395.5,163.5
1650164573,0.0,0.00015999,0.0,9.894371032714844e-06,9.626150131225586e-06,264.0,109.0
1650164574,0.0,0.000770748,0.0,9.894371032714844e-06,9.626150131225586e-06,1055.0,704.0
1650164575,0.0,0.000426418,0.0,9.894371032714844e-06,9.626150131225586e-06,792.0,327.0
1650164576,0.0,0.000426418,0.0,9.894371032714844e-06,9.626150131225586e-06,792.0,327.0
1650164577,0.0,0.0005450245,0.0,9.894371032714844e-06,9.626150131225586e-06,796.0,441.5
1650164578,0.0,0.000735141,0.0,9.894371032714844e-06,9.626150131225586e-06,1056.0,436.0
1650164579,0.0,0.000735141,0.0,9.894371032714844e-06,9.626150131225586e-06,1056.0,436.0
1650164580,0.0,0.000199917,0.0,9.894371032714844e-06,9.626150131225586e-06,396.0,163.5
1650164581,0.0,0.000339323,0.0,9.894371032714844e-06,9.626150131225586e-06,528.0,218.0
1650164582,0.0,0.00049773,0.0,9.894371032714844e-06,9.626150131225586e-06,528.0,218.0
1650164583,0.0,0.000558465,0.0,9.894371032714844e-06,9.626150131225586e-06,528.0,908.0
1650164584,0.0,0.000266771,0.0,9.894371032714844e-06,9.626150131225586e-06,528.0,218.0
1650164585,0.0,0.000266771,0.0,9.894371032714844e-06,9.626150131225586e-06,528.0,218.0
1650164586,0.0,0.000434233,0.0,9.894371032714844e-06,9.626150131225586e-06,531.0,233.5
1650164587,0.0,0.000434233,0.0,9.894371032714844e-06,9.626150131225586e-06,531.0,233.5
1650164588,0.0,0.000215978,0.0,9.894371032714844e-06,9.626150131225586e-06,396.0,262.5
1650164589,0.0,0.000418658,0.01,9.894371032714844e-06,9.626150131225586e-06,791.0,327.0
1650164590,0.0,0.000418658,0.01,9.894371032714844e-06,9.626150131225586e-06,791.0,327.0
1650164591,0.0,0.000156205,0.0,9.894371032714844e-06,9.626150131225586e-06,264.0,109.0
1650164592,0.0,0.000286556,0.0,9.894371032714844e-06,9.626150131225586e-06,528.0,218.0
1650164593,0.0,0.000286556,0.0,9.894371032714844e-06,9.626150131225586e-06,528.0,218.0
1650164594,0.0,0.000272476,0.0,9.894371032714844e-06,9.626150131225586e-06,396.0,350.0
1650164595,0.0,0.000272476,0.0,9.894371032714844e-06,9.626150131225586e-06,396.0,350.0
1650164596,0.0,6.31035e-05,0.0,9.894371032714844e-06,9.626150131225586e-06,132.0,54.5
1650164597,0.0,0.000816014,0.0,9.894371032714844e-06,9.626150131225586e-06,1327.0,576.0
1650164598,0.0,0.000816014,0.0,9.894371032714844e-06,9.626150131225586e-06,1327.0,576.0
1650164599,0.0,0.000255833,0.0,9.894371032714844e-06,9.626150131225586e-06,396.0,262.5
1650164600,0.0,0.000263262,0.0,9.894371032714844e-06,9.626150131225586e-06,528.0,218.0
1650164601,0.0,0.000263262,0.0,9.894371032714844e-06,9.626150131225586e-06,528.0,218.0
1650164602,0.0,0.00020634,0.0,9.894371032714844e-06,9.626150131225586e-06,264.0,109.0
1650164603,0.0,0.000801824,0.0,9.894371032714844e-06,9.626150131225586e-06,1055.0,912.0
1650164604,0.0,0.000207844,0.0,9.894371032714844e-06,9.626150131225586e-06,264.0,109.0
1650164605,0.0,0.000207844,0.0,9.894371032714844e-06,9.626150131225586e-06,264.0,109.0
1650164606,0.0,0.0002807055,0.0,9.894371032714844e-06,9.626150131225586e-06,395.5,163.5
1650164607,0.0,0.000342506,0.0,9.894371032714844e-06,9.626150131225586e-06,528.0,218.0
1650164608,0.0,0.000342506,0.0,9.894371032714844e-06,9.626150131225586e-06,528.0,218.0
1650164609,0.0,0.000446077,0.0,9.894371032714844e-06,9.626150131225586e-06,685.0,375.0
1650164610,0.0,0.000267577,0.0,9.894371032714844e-06,9.626150131225586e-06,527.0,284.0
1650164611,0.0,0.000267577,0.0,9.894371032714844e-06,9.626150131225586e-06,527.0,284.0
1650164612,0.0,0.000380909,0.0,9.894371032714844e-06,9.626150131225586e-06,660.0,272.5
1650164613,0.0,0.000380909,0.0,9.894371032714844e-06,9.626150131225586e-06,660.0,272.5
1650164614,0.0,0.000209549,0.0,9.894371032714844e-06,9.626150131225586e-06,264.0,453.0
1650164615,0.0,0.000882184,0.0,9.894371032714844e-06,9.626150131225586e-06,1320.0,545.0
1650164616,0.0,0.000882184,0.0,9.894371032714844e-06,9.626150131225586e-06,1320.0,545.0
1650164617,0.0,0.000138562,0.0,9.894371032714844e-06,9.626150131225586e-06,264.0,109.0
1650164618,0.0,0.000316835,0.0,9.894371032714844e-06,9.626150131225586e-06,528.0,218.0
1650164619,0.0,0.000226417,0.0,9.715557098388672e-06,9.447336196899414e-06,396.0,109.0
1650164620,0.0,0.000226417,0.0,9.715557098388672e-06,9.447336196899414e-06,396.0,109.0
1650164621,0.0,0.0003463185,0.0,9.894371032714844e-06,9.626150131225586e-06,598.0,387.0
1650164622,0.0,0.000520149,0.0,9.894371032714844e-06,9.626150131225586e-06,791.0,327.0
1650164623,0.0,0.000520149,0.0,9.894371032714844e-06,9.626150131225586e-06,791.0,327.0
1650164624,0.0,0.0003134475,0.0,9.894371032714844e-06,9.626150131225586e-06,396.0,402.5
1650164625,0.0,0.000129621,0.0,9.894371032714844e-06,9.626150131225586e-06,264.0,109.0
1650164626,0.0,0.000129621,0.0,9.894371032714844e-06,9.626150131225586e-06,264.0,109.0
1650164627,0.0,0.0002878005,0.0,9.894371032714844e-06,9.626150131225586e-06,396.0,163.5
1650164628,0.0,0.0002878005,0.0,9.894371032714844e-06,9.626150131225586e-06,396.0,163.5
1650164629,0.0,0.0002131535,0.0,9.894371032714844e-06,9.626150131225586e-06,396.0,163.5
1650164630,0.0,0.001062391,0.0,9.894371032714844e-06,9.626150131225586e-06,1327.0,642.0
1650164631,0.0,0.001062391,0.0,9.894371032714844e-06,9.626150131225586e-06,1327.0,642.0
1650164632,0.0,0.000267909,0.0,9.894371032714844e-06,9.626150131225586e-06,528.0,284.0
1650164633,0.0,0.000295418,0.0,9.894371032714844e-06,9.626150131225586e-06,264.0,900.0
1650164634,0.0,0.000409616,0.0,9.894371032714844e-06,9.626150131225586e-06,792.0,327.0
1650164635,0.0,0.000409616,0.0,9.894371032714844e-06,9.626150131225586e-06,792.0,327.0
1650164636,0.0,0.0001773555,0.0,9.894371032714844e-06,9.626150131225586e-06,264.0,109.0
1650164637,0.0,0.0001773555,0.0,9.894371032714844e-06,9.626150131225586e-06,264.0,109.0
1650164638,0.0,0.000280725,0.0,9.894371032714844e-06,9.626150131225586e-06,528.0,218.0
1650164639,0.0,0.00012844,0.0,9.894371032714844e-06,9.626150131225586e-06,264.0,109.0
1650164640,0.0,0.00012844,0.0,9.894371032714844e-06,9.626150131225586e-06,264.0,109.0
1650164641,0.0,0.0002874595,0.0,9.894371032714844e-06,9.626150131225586e-06,399.5,179.0
1650164642,0.0,0.0002874595,0.0,9.894371032714844e-06,9.626150131225586e-06,399.5,179.0
1650164643,0.0,0.000193523,0.0,9.894371032714844e-06,9.626150131225586e-06,264.0,361.5
1650164644,0.0,0.000162035,0.0,9.894371032714844e-06,9.626150131225586e-06,264.0,175.0
1650164645,0.0,0.000485266,0.0,9.894371032714844e-06,9.626150131225586e-06,792.0,327.0
1650164646,0.0,0.000485266,0.0,9.894371032714844e-06,9.626150131225586e-06,792.0,327.0
1650164647,0.0,0.000153627,0.0,9.894371032714844e-06,9.626150131225586e-06,263.0,109.0
1650164648,0.0,0.000523964,0.0,9.894371032714844e-06,9.626150131225586e-06,790.0,327.0
1650164649,0.0,0.000523964,0.0,9.894371032714844e-06,9.626150131225586e-06,790.0,327.0
1650164650,0.0,0.000227429,0.0,9.894371032714844e-06,9.626150131225586e-06,396.0,163.5
1650164651,0.0,0.000227429,0.0,9.894371032714844e-06,9.626150131225586e-06,396.0,163.5
1650164652,0.0,0.0003129715,0.0,9.894371032714844e-06,9.626150131225586e-06,532.0,233.5
1650164653,0.0,0.000708432,0.0,9.894371032714844e-06,9.626150131225586e-06,791.0,1204.0
1650164654,0.0,0.00014003,0.0,9.894371032714844e-06,9.626150131225586e-06,264.0,109.0
1650164655,0.0,0.000390678,0.0,9.894371032714844e-06,9.626150131225586e-06,528.0,218.0
1650164656,0.0,0.000390678,0.0,9.894371032714844e-06,9.626150131225586e-06,528.0,218.0
1650164657,0.0,0.0003602255,0.0,9.894371032714844e-06,9.626150131225586e-06,660.0,272.5
1650164658,0.0,0.000244672,0.0,9.894371032714844e-06,9.626150131225586e-06,528.0,218.0
1650164659,0.0,0.000244672,0.0,9.894371032714844e-06,9.626150131225586e-06,528.0,218.0
1650164660,0.0,0.000194757,0.0,9.894371032714844e-06,9.626150131225586e-06,264.0,109.0
1650164661,0.01,0.000770784,0.0,9.715557098388672e-06,9.447336196899414e-06,922.0,327.0
1650164662,0.01,0.000770784,0.0,9.715557098388672e-06,9.447336196899414e-06,922.0,327.0
1650164663,0.0,0.0004562675,0.0,9.894371032714844e-06,9.626150131225586e-06,466.0,538.0
1650164664,0.0,0.0004562675,0.0,9.894371032714844e-06,9.626150131225586e-06,466.0,538.0
1650164665,0.0,0.000337793,0.0,9.894371032714844e-06,9.626150131225586e-06,395.5,196.5
1650164666,0.0,0.000337793,0.0,9.894371032714844e-06,9.626150131225586e-06,395.5,196.5
1650164667,0.0,0.000273176,0.0,9.894371032714844e-06,9.626150131225586e-06,396.0,163.5
1650164668,0.0,0.000547363,0.0,9.894371032714844e-06,9.626150131225586e-06,833.0,369.0
1650164669,0.0,0.000944222,0.0,9.894371032714844e-06,9.626150131225586e-06,1051.0,436.0
1650164670,0.0,0.000197305,0.0,9.894371032714844e-06,9.626150131225586e-06,261.0,109.0
1650164671,0.0,0.000197305,0.0,9.894371032714844e-06,9.626150131225586e-06,261.0,109.0
1650164672,0.0,0.0001495685,0.0,9.894371032714844e-06,9.626150131225586e-06,131.5,54.5
1650164673,0.0,0.001048056,0.0,9.894371032714844e-06,9.626150131225586e-06,1062.0,1363.0
1650164674,0.0,0.001048056,0.0,9.894371032714844e-06,9.626150131225586e-06,1062.0,1363.0
1650164675,0.0,0.000219007,0.0,9.894371032714844e-06,9.626150131225586e-06,262.5,175.0
1650164676,0.0,0.000219007,0.0,9.894371032714844e-06,9.626150131225586e-06,262.5,175.0
1650164677,0.0,0.000310951,0.0,9.894371032714844e-06,9.626150131225586e-06,396.0,196.5
1650164678,0.0,0.000755128,0.0,9.894371032714844e-06,9.626150131225586e-06,1053.0,436.0
1650164679,0.0,0.000755128,0.0,9.894371032714844e-06,9.626150131225586e-06,1053.0,436.0
1650164680,0.0,0.0001698765,0.0,9.894371032714844e-06,9.626150131225586e-06,264.0,109.0
1650164681,0.0,0.0,0.0,9.894371032714844e-06,9.626150131225586e-06,0.0,0.0
1650164682,0.0,0.0,0.0,9.894371032714844e-06,9.626150131225586e-06,0.0,0.0
1650164683,0.0,0.0,0.0,9.894371032714844e-06,9.626150131225586e-06,0.0,0.0
1650164684,0.0,0.0,0.0,9.894371032714844e-06,9.626150131225586e-06,0.0,0.0
1650164685,0.0,2.8679e-05,0.0,9.894371032714844e-06,9.626150131225586e-06,0.0,144.75
1650164686,0.0,0.0,0.0,9.894371032714844e-06,9.626150131225586e-06,0.0,0.0
1650164687,0.0,0.0,0.0,9.894371032714844e-06,9.626150131225586e-06,0.0,0.0
1650164688,0.0,0.0,0.0,9.894371032714844e-06,9.626150131225586e-06,0.0,0.0
1650164689,0.0,0.0,0.0,9.894371032714844e-06,9.626150131225586e-06,0.0,0.0
1650164690,0.0,0.0,0.0,9.894371032714844e-06,9.626150131225586e-06,0.0,0.0
1650164691,0.0,0.0,0.0,9.894371032714844e-06,9.626150131225586e-06,0.0,0.0
1650164692,0.0,0.0,0.0,9.894371032714844e-06,9.626150131225586e-06,0.0,0.0
1650164693,0.0,0.0,0.0,9.894371032714844e-06,9.626150131225586e-06,0.0,0.0
1650164694,0.0,7.4214e-06,0.0,9.894371032714844e-06,9.626150131225586e-06,0.0,0.0
1650164695,0.0,0.0,0.0,9.894371032714844e-06,9.626150131225586e-06,0.0,0.0
1650164696,0.0,0.0,0.0,9.894371032714844e-06,9.626150131225586e-06,0.0,0.0
1650164697,0.0,0.0,0.0,9.894371032714844e-06,9.626150131225586e-06,0.0,0.0
1650164698,0.0,0.0,0.0,9.894371032714844e-06,9.626150131225586e-06,0.0,0.0
1650164699,0.0,0.0,0.0,9.894371032714844e-06,9.626150131225586e-06,0.0,0.0
1650164700,0.0,0.0,0.0,9.894371032714844e-06,9.626150131225586e-06,0.0,0.0
1650164701,0.0,0.0,0.0,9.894371032714844e-06,9.626150131225586e-06,0.0,0.0
1650164702,0.0,0.0,0.0,9.894371032714844e-06,9.626150131225586e-06,0.0,0.0
1650164703,0.0,0.0,0.0,9.894371032714844e-06,9.626150131225586e-06,0.0,0.0
1650164704,0.0,8.344e-06,0.0,9.894371032714844e-06,9.626150131225586e-06,0.0,0.0
1650164705,0.0,0.0,0.0,9.894371032714844e-06,9.626150131225586e-06,0.0,0.0
1650164706,0.0,0.0,0.0,9.894371032714844e-06,9.626150131225586e-06,0.0,0.0
1650164707,0.0,0.0,0.0,9.894371032714844e-06,9.626150131225586e-06,0.0,0.0
1650164708,0.0,0.0,0.0,9.894371032714844e-06,9.626150131225586e-06,0.0,0.0
1650164709,0.0,0.0,0.0,9.894371032714844e-06,9.626150131225586e-06,0.0,0.0
1650164710,0.0,0.0,0.0,9.894371032714844e-06,9.626150131225586e-06,0.0,0.0
1650164711,0.0,0.0,0.0,9.894371032714844e-06,9.626150131225586e-06,0.0,0.0
1650164712,0.0,0.0,0.0,9.894371032714844e-06,9.626150131225586e-06,0.0,0.0
1650164713,0.0,8.261e-06,0.0,9.894371032714844e-06,9.626150131225586e-06,0.0,0.0
1650164714,0.0,8.261e-06,0.0,9.894371032714844e-06,9.626150131225586e-06,0.0,0.0
1650164715,0.0,0.0,0.0,9.894371032714844e-06,9.626150131225586e-06,0.0,0.0
1650164716,0.0,0.0,0.0,9.894371032714844e-06,9.626150131225586e-06,0.0,0.0
1650164717,0.0,0.0,0.0,9.894371032714844e-06,9.626150131225586e-06,0.0,0.0
1650164718,0.0,0.0,0.0,9.894371032714844e-06,9.626150131225586e-06,0.0,0.0
1650164719,0.0,0.0,0.0,9.894371032714844e-06,9.626150131225586e-06,0.0,0.0
1650164720,0.0,0.0,0.0,9.894371032714844e-06,9.626150131225586e-06,0.0,0.0
1650164721,0.0,0.0,0.0,9.894371032714844e-06,9.626150131225586e-06,0.0,0.0
1650164722,0.0,0.0,0.0,9.894371032714844e-06,9.626150131225586e-06,0.0,0.0
1650164723,0.0,0.0,0.0,9.894371032714844e-06,9.626150131225586e-06,0.0,0.0
1650164724,0.0,0.0,0.0,9.894371032714844e-06,9.626150131225586e-06,0.0,0.0
1650164725,0.0,7.039e-06,0.0,9.894371032714844e-06,9.626150131225586e-06,0.0,0.0
1650164726,0.0,7.039e-06,0.0,9.894371032714844e-06,9.626150131225586e-06,0.0,0.0
1650164727,0.0,0.0,0.0,9.894371032714844e-06,9.626150131225586e-06,0.0,0.0
1650164728,0.0,0.0,0.0,9.894371032714844e-06,9.626150131225586e-06,0.0,0.0
1650164729,0.0,0.0,0.0,9.894371032714844e-06,9.626150131225586e-06,0.0,0.0
1650164730,0.0,0.0,0.0,9.894371032714844e-06,9.626150131225586e-06,0.0,0.0
1650164731,0.0,0.0,0.0,9.894371032714844e-06,9.626150131225586e-06,0.0,0.0
1650164732,0.0,0.0,0.0,9.894371032714844e-06,9.626150131225586e-06,0.0,0.0
1650164733,0.0,0.0,0.0,9.894371032714844e-06,9.626150131225586e-06,0.0,0.0
1650164734,0.0,0.0,0.0,9.894371032714844e-06,9.626150131225586e-06,0.0,0.0
1650164735,0.0,0.0,0.0,9.894371032714844e-06,9.626150131225586e-06,0.0,0.0
1650164736,0.0,0.0,0.0,9.894371032714844e-06,9.626150131225586e-06,0.0,0.0
1650164737,0.0,4.543428571428572e-06,0.0,9.894371032714844e-06,9.626150131225586e-06,0.0,0.0
1650164738,0.0,0.0,0.0,9.894371032714844e-06,9.626150131225586e-06,0.0,0.0
1650164739,0.0,0.0,0.0,9.894371032714844e-06,9.626150131225586e-06,0.0,0.0
1650164740,0.0,0.0,0.0,9.894371032714844e-06,9.626150131225586e-06,0.0,0.0
1650164741,0.0,0.0,0.0,9.894371032714844e-06,9.626150131225586e-06,0.0,0.0
1650164742,0.0,0.0,0.0,9.894371032714844e-06,9.626150131225586e-06,0.0,0.0
1650164743,0.0,0.0,0.0,9.894371032714844e-06,9.626150131225586e-06,0.0,0.0
1650164744,0.0,0.0,0.0,9.894371032714844e-06,9.626150131225586e-06,0.0,0.0
1650164745,0.0,0.0,0.0,9.894371032714844e-06,9.626150131225586e-06,0.0,0.0
1650164746,0.0,0.0,0.0,9.894371032714844e-06,9.626150131225586e-06,0.0,0.0
1650164747,0.0,0.0,0.0,9.894371032714844e-06,9.626150131225586e-06,0.0,0.0
1650164748,0.0,7.663166666666666e-06,0.0,9.894371032714844e-06,9.626150131225586e-06,0.0,0.0
1650164749,0.0,7.663166666666666e-06,0.0,9.894371032714844e-06,9.626150131225586e-06,0.0,0.0
1650164750,0.0,0.0,0.0,9.894371032714844e-06,9.626150131225586e-06,0.0,0.0
1650164751,0.0,0.0,0.0,9.894371032714844e-06,9.626150131225586e-06,0.0,0.0
1650164752,0.0,0.0,0.0,9.894371032714844e-06,9.626150131225586e-06,0.0,0.0
1650164753,0.0,0.0,0.0,9.894371032714844e-06,9.626150131225586e-06,0.0,0.0
1650164754,0.0,7.3015e-06,0.0,9.894371032714844e-06,9.626150131225586e-06,0.0,0.0
1650164755,0.0,0.0,0.0,9.894371032714844e-06,9.626150131225586e-06,0.0,0.0
1650164756,0.0,0.0,0.0,9.894371032714844e-06,9.626150131225586e-06,0.0,0.0
1650164757,0.0,0.0,0.0,9.894371032714844e-06,9.626150131225586e-06,0.0,0.0
1650164758,0.0,0.0,0.0,9.894371032714844e-06,9.626150131225586e-06,0.0,0.0
1650164759,0.0,0.0,0.0,9.894371032714844e-06,9.626150131225586e-06,0.0,0.0
1650164760,0.0,0.0,0.0,9.894371032714844e-06,9.626150131225586e-06,0.0,0.0
1650164761,0.0,0.0,0.0,9.894371032714844e-06,9.626150131225586e-06,0.0,0.0
1650164762,0.0,0.0,0.0,9.894371032714844e-06,9.626150131225586e-06,0.0,0.0
1650164763,0.0,0.0,0.0,9.894371032714844e-06,9.626150131225586e-06,0.0,0.0
1650164764,0.0,0.0,0.0,9.894371032714844e-06,9.626150131225586e-06,0.0,0.0
1650164765,0.0,0.0,0.0,9.894371032714844e-06,9.626150131225586e-06,0.0,0.0
1650164766,0.0,5.920625e-06,0.0,9.894371032714844e-06,9.626150131225586e-06,0.0,0.0
1650164767,0.0,5.920625e-06,0.0,9.894371032714844e-06,9.626150131225586e-06,0.0,0.0
1650164768,0.0,0.0,0.0,9.894371032714844e-06,9.626150131225586e-06,0.0,0.0
1650164769,0.0,0.0,0.0,9.894371032714844e-06,9.626150131225586e-06,0.0,0.0
1650164770,0.0,0.0,0.0,9.894371032714844e-06,9.626150131225586e-06,0.0,0.0
1650164771,0.0,0.0,0.0,9.894371032714844e-06,9.626150131225586e-06,0.0,0.0
1650164772,0.0,0.0,0.0,9.894371032714844e-06,9.626150131225586e-06,0.0,0.0
1650164773,0.0,0.0,0.0,9.894371032714844e-06,9.626150131225586e-06,0.0,0.0
1650164774,0.0,0.0,0.0,9.894371032714844e-06,9.626150131225586e-06,0.0,0.0
1650164775,0.0,0.0,0.0,9.894371032714844e-06,9.626150131225586e-06,0.0,0.0
1650164776,0.0,0.0,0.0,9.894371032714844e-06,9.626150131225586e-06,0.0,0.0
1650164777,0.0,0.0,0.0,9.894371032714844e-06,9.626150131225586e-06,0.0,0.0
1650164778,0.0,4.291625e-06,0.0,9.894371032714844e-06,9.626150131225586e-06,0.0,0.0
1650164779,0.0,4.291625e-06,0.0,9.894371032714844e-06,9.626150131225586e-06,0.0,0.0
1650164780,0.0,0.0,0.0,9.894371032714844e-06,9.626150131225586e-06,0.0,0.0
1650164781,0.0,0.0,0.0,9.894371032714844e-06,9.626150131225586e-06,0.0,0.0
1650164782,0.0,0.0,0.0,9.894371032714844e-06,9.626150131225586e-06,0.0,0.0
1650164783,0.0,1.1899e-05,0.0,9.894371032714844e-06,9.626150131225586e-06,0.0,0.0
1650164784,0.0,1.1899e-05,0.0,9.894371032714844e-06,9.626150131225586e-06,0.0,0.0
1650164785,0.0,0.0,0.0,9.894371032714844e-06,9.626150131225586e-06,0.0,0.0
1650164786,0.0,0.0,0.0,9.894371032714844e-06,9.626150131225586e-06,0.0,0.0
1650164787,0.0,0.0,0.0,9.894371032714844e-06,9.626150131225586e-06,0.0,0.0
1650164788,0.0,0.0,0.0,9.894371032714844e-06,9.626150131225586e-06,0.0,0.0
1650164789,0.0,0.0,0.0,9.894371032714844e-06,9.626150131225586e-06,0.0,0.0
1650164790,0.0,0.0,0.0,9.894371032714844e-06,9.626150131225586e-06,0.0,0.0
1650164791,0.0,0.0,0.0,9.894371032714844e-06,9.626150131225586e-06,0.0,0.0
1650164792,0.0,0.0,0.0,9.894371032714844e-06,9.626150131225586e-06,0.0,0.0
1650164793,0.0,0.0,0.0,9.894371032714844e-06,9.626150131225586e-06,0.0,0.0
1650164794,0.0,4.764285714285714e-06,0.0,9.894371032714844e-06,9.626150131225586e-06,0.0,0.0
1650164795,0.0,4.764285714285714e-06,0.0,9.894371032714844e-06,9.626150131225586e-06,0.0,0.0
1650164796,0.0,0.0,0.0,9.894371032714844e-06,9.626150131225586e-06,0.0,0.0
1650164797,0.0,0.0,0.0,9.894371032714844e-06,9.626150131225586e-06,0.0,0.0
1650164798,0.0,0.0,0.0,9.894371032714844e-06,9.626150131225586e-06,0.0,0.0
1650164799,0.0,0.0,0.0,9.894371032714844e-06,9.626150131225586e-06,0.0,0.0
1650164800,0.0,0.0,0.0,9.894371032714844e-06,9.626150131225586e-06,0.0,0.0
1650164801,0.0,0.0,0.0,9.894371032714844e-06,9.626150131225586e-06,0.0,0.0
1650164802,0.0,0.0,0.0,9.894371032714844e-06,9.626150131225586e-06,0.0,0.0
1650164803,0.0,0.0,0.0,9.894371032714844e-06,9.626150131225586e-06,0.0,0.0
1650164804,0.0,6.6178e-06,0.0,9.894371032714844e-06,9.626150131225586e-06,0.0,0.0
1650164805,0.0,0.0,0.0,9.894371032714844e-06,9.626150131225586e-06,0.0,0.0
1650164806,0.0,0.0,0.0,9.894371032714844e-06,9.626150131225586e-06,0.0,0.0
1650164807,0.0,0.0,0.0,9.894371032714844e-06,9.626150131225586e-06,0.0,0.0
1650164808,0.0,0.0,0.0,9.894371032714844e-06,9.626150131225586e-06,0.0,0.0
1650164809,0.0,0.0,0.0,9.894371032714844e-06,9.626150131225586e-06,0.0,0.0
1650164810,0.0,0.0,0.0,9.894371032714844e-06,9.626150131225586e-06,0.0,0.0
1650164811,0.0,0.0,0.0,9.894371032714844e-06,9.626150131225586e-06,0.0,0.0
1650164812,0.0,0.0,0.0,9.894371032714844e-06,9.626150131225586e-06,0.0,0.0
1650164813,0.0,0.0,0.0,9.894371032714844e-06,9.626150131225586e-06,0.0,0.0
1650164814,0.0,0.0,0.0,9.894371032714844e-06,9.626150131225586e-06,0.0,0.0
1650164815,0.0,0.00020912925,0.0,9.894371032714844e-06,9.626150131225586e-06,264.875,137.625
1650164816,0.0,0.00020912925,0.0,9.894371032714844e-06,9.626150131225586e-06,264.875,137.625
1650164817,0.0,0.000338801,0.0,9.894371032714844e-06,9.626150131225586e-06,394.5,163.5
1650164818,0.0,0.000587611,0.0,9.894371032714844e-06,9.626150131225586e-06,792.0,327.0
1650164819,0.0,0.000550094,0.0,9.894371032714844e-06,9.626150131225586e-06,792.0,327.0
1650164820,0.01,0.000175729,0.0,9.894371032714844e-06,9.626150131225586e-06,263.0,109.0
1650164821,0.01,0.000175729,0.0,9.894371032714844e-06,9.626150131225586e-06,263.0,109.0
1650164822,0.0,9.59925e-05,0.0,9.894371032714844e-06,9.626150131225586e-06,132.0,54.5
1650164823,0.0,9.59925e-05,0.0,9.894371032714844e-06,9.626150131225586e-06,132.0,54.5
1650164824,0.0,0.000769864,0.0,9.894371032714844e-06,9.626150131225586e-06,795.5,890.0
1650164825,0.0,0.000327403,0.0,9.894371032714844e-06,9.626150131225586e-06,528.0,218.0
1650164826,0.0,0.000327403,0.0,9.894371032714844e-06,9.626150131225586e-06,528.0,218.0
1650164827,0.0,0.0003819535,0.0,9.894371032714844e-06,9.626150131225586e-06,526.0,218.0
1650164828,0.0,0.0003819535,0.0,9.894371032714844e-06,9.626150131225586e-06,526.0,218.0
1650164829,0.0,0.0003421265,0.0,9.894371032714844e-06,9.626150131225586e-06,549.0,239.0
1650164830,0.0,0.000411524,0.0,9.894371032714844e-06,9.626150131225586e-06,527.0,218.0
1650164831,0.0,0.000411524,0.0,9.894371032714844e-06,9.626150131225586e-06,527.0,218.0
1650164832,0.0,0.0001768505,0.0,9.894371032714844e-06,9.626150131225586e-06,264.0,109.0
1650164833,0.0,0.000716484,0.0,9.715557098388672e-06,9.447336196899414e-06,923.0,804.0
1650164834,0.0,0.000716484,0.0,9.715557098388672e-06,9.447336196899414e-06,923.0,804.0
1650164835,0.0,0.000253532,0.0,9.894371032714844e-06,9.626150131225586e-06,334.0,212.0
1650164836,0.0,0.000253532,0.0,9.894371032714844e-06,9.626150131225586e-06,334.0,212.0
1650164837,0.0,0.000282119,0.0,9.894371032714844e-06,9.626150131225586e-06,396.0,229.5
1650164838,0.0,0.000888281,0.0,9.894371032714844e-06,9.626150131225586e-06,1054.0,436.0
1650164839,0.0,0.000888281,0.0,9.894371032714844e-06,9.626150131225586e-06,1054.0,436.0
1650164840,0.0,0.0002319875,0.0,9.894371032714844e-06,9.626150131225586e-06,263.5,109.0
1650164841,0.0,0.0002319875,0.0,9.894371032714844e-06,9.626150131225586e-06,263.5,109.0
1650164842,0.0,0.000497893,0.0,9.894371032714844e-06,9.626150131225586e-06,791.5,327.0
1650164843,0.0,0.000313097,0.0,9.894371032714844e-06,9.626150131225586e-06,264.0,792.0
1650164844,0.0,0.000313097,0.0,9.894371032714844e-06,9.626150131225586e-06,264.0,792.0
1650164845,0.0,0.0,0.0,9.894371032714844e-06,9.626150131225586e-06,0.0,0.0
1650164846,0.0,0.0,0.0,9.894371032714844e-06,9.626150131225586e-06,0.0,0.0
1650164847,0.0,0.0,0.0,9.894371032714844e-06,9.626150131225586e-06,0.0,0.0
1650164848,0.0,0.0,0.0,9.894371032714844e-06,9.626150131225586e-06,0.0,0.0
1650164849,0.0,0.0,0.0,9.894371032714844e-06,9.626150131225586e-06,0.0,0.0
1650164850,0.0,0.0,0.0,9.894371032714844e-06,9.626150131225586e-06,0.0,0.0
1650164851,0.0,0.0,0.0,9.894371032714844e-06,9.626150131225586e-06,0.0,0.0
1650164852,0.0,0.0,0.0,9.894371032714844e-06,9.626150131225586e-06,0.0,0.0
1650164853,0.0,0.0,0.0,9.894371032714844e-06,9.626150131225586e-06,0.0,0.0
1650164854,0.0,0.0,0.0,9.894371032714844e-06,9.626150131225586e-06,0.0,0.0
1650164855,0.0,0.0,0.0,9.894371032714844e-06,9.626150131225586e-06,0.0,0.0
1650164856,0.0,0.0,0.0,9.894371032714844e-06,9.626150131225586e-06,0.0,0.0
1650164857,0.0,0.0,0.0,9.894371032714844e-06,9.626150131225586e-06,0.0,0.0
1650164858,0.0,0.0,0.0,9.894371032714844e-06,9.626150131225586e-06,0.0,0.0
1650164859,0.0,0.0,0.0,9.894371032714844e-06,9.626150131225586e-06,0.0,0.0
1650164860,0.0,0.0,0.0,9.894371032714844e-06,9.626150131225586e-06,0.0,0.0
1650164861,0.0,0.0,0.0,9.894371032714844e-06,9.626150131225586e-06,0.0,0.0
1650164862,0.0,0.0,0.0,9.894371032714844e-06,9.626150131225586e-06,0.0,0.0
1650164863,0.0,0.0,0.0,9.894371032714844e-06,9.626150131225586e-06,0.0,0.0
1650164864,0.0,0.0,0.0,9.894371032714844e-06,9.626150131225586e-06,0.0,0.0
1650164865,0.0,0.0,0.0,9.894371032714844e-06,9.626150131225586e-06,0.0,0.0
1650164866,0.0,7.051857142857143e-06,0.0,9.894371032714844e-06,9.626150131225586e-06,0.0,0.0
1650164867,0.0,7.051857142857143e-06,0.0,9.894371032714844e-06,9.626150131225586e-06,0.0,0.0
1650164868,0.0,0.0,0.0,9.894371032714844e-06,9.626150131225586e-06,0.0,0.0
1650164869,0.0,0.0,0.0,9.894371032714844e-06,9.626150131225586e-06,0.0,0.0
1650164870,0.0,0.0,0.0,9.894371032714844e-06,9.626150131225586e-06,0.0,0.0
1650164871,0.0,0.0,0.0,9.894371032714844e-06,9.626150131225586e-06,0.0,0.0
1650164872,0.0,0.0,0.0,9.894371032714844e-06,9.626150131225586e-06,0.0,0.0
1650164873,0.0,0.0,0.0,9.894371032714844e-06,9.626150131225586e-06,0.0,0.0
1650164874,0.0,0.0,0.0,9.894371032714844e-06,9.626150131225586e-06,0.0,0.0
1650164875,0.0,0.0,0.0,9.894371032714844e-06,9.626150131225586e-06,0.0,0.0
1650164876,0.0,0.0,0.0,9.894371032714844e-06,9.626150131225586e-06,0.0,0.0
1650164877,0.0,0.0,0.0,9.894371032714844e-06,9.626150131225586e-06,0.0,0.0
1650164878,0.0,4.796166666666667e-06,0.0,9.894371032714844e-06,9.626150131225586e-06,0.0,0.0
1650164879,0.0,0.0,0.0,9.894371032714844e-06,9.626150131225586e-06,0.0,0.0
1650164880,0.0,0.0,0.0,9.894371032714844e-06,9.626150131225586e-06,0.0,0.0
1650164881,0.0,0.0,0.0,9.894371032714844e-06,9.626150131225586e-06,0.0,0.0
1650164882,0.0,0.0,0.0,9.894371032714844e-06,9.626150131225586e-06,0.0,0.0
1650164883,0.0,0.0,0.0,9.894371032714844e-06,9.626150131225586e-06,0.0,0.0
1650164884,0.0,0.0,0.0,9.894371032714844e-06,9.626150131225586e-06,0.0,0.0
1650164885,0.0,0.0,0.0,9.894371032714844e-06,9.626150131225586e-06,0.0,0.0
1650164886,0.0,0.0,0.0,9.894371032714844e-06,9.626150131225586e-06,0.0,0.0
1650164887,0.0,0.0,0.0,9.894371032714844e-06,9.626150131225586e-06,0.0,0.0
1650164888,0.0,7.9255e-06,0.0,9.894371032714844e-06,9.626150131225586e-06,0.0,0.0
1650164889,0.0,0.0,0.0,9.894371032714844e-06,9.626150131225586e-06,0.0,0.0
1650164890,0.0,0.0,0.0,9.894371032714844e-06,9.626150131225586e-06,0.0,0.0
1650164891,0.0,0.0,0.0,9.894371032714844e-06,9.626150131225586e-06,0.0,0.0
1650164892,0.0,0.0,0.0,9.894371032714844e-06,9.626150131225586e-06,0.0,0.0
1650164893,0.0,0.0,0.0,9.894371032714844e-06,9.626150131225586e-06,0.0,0.0
1650164894,0.0,0.0,0.0,9.894371032714844e-06,9.626150131225586e-06,0.0,0.0
1650164895,0.0,0.0,0.0,9.894371032714844e-06,9.626150131225586e-06,0.0,0.0
1650164896,0.0,0.0,0.0,9.894371032714844e-06,9.626150131225586e-06,0.0,0.0
1650164897,0.0,7.341800000000001e-06,0.0,9.894371032714844e-06,9.626150131225586e-06,0.0,0.0
1650164898,0.0,0.0,0.0,9.894371032714844e-06,9.626150131225586e-06,0.0,0.0
1650164899,0.0,0.0,0.0,9.894371032714844e-06,9.626150131225586e-06,0.0,0.0
1650164900,0.0,0.0,0.0,9.894371032714844e-06,9.626150131225586e-06,0.0,0.0
1650164901,0.0,0.0,0.0,9.894371032714844e-06,9.626150131225586e-06,0.0,0.0
1650164902,0.0,0.0,0.0,9.894371032714844e-06,9.626150131225586e-06,0.0,0.0
1650164903,0.0,0.0,0.0,9.894371032714844e-06,9.626150131225586e-06,0.0,0.0
1650164904,0.0,0.0,0.0,9.894371032714844e-06,9.626150131225586e-06,0.0,0.0
1650164905,0.0,0.0,0.0,9.894371032714844e-06,9.626150131225586e-06,0.0,0.0
1650164906,0.0,0.0,0.0,9.894371032714844e-06,9.626150131225586e-06,0.0,0.0
1650164907,0.0,5.046333333333333e-06,0.0,9.894371032714844e-06,9.626150131225586e-06,0.0,0.0
1650164908,0.0,0.0,0.0,9.894371032714844e-06,9.626150131225586e-06,0.0,0.0
1650164909,0.0,0.0,0.0,9.894371032714844e-06,9.626150131225586e-06,0.0,0.0
1650164910,0.0,0.0,0.0,9.894371032714844e-06,9.626150131225586e-06,0.0,0.0
1650164911,0.0,0.0,0.0,9.894371032714844e-06,9.626150131225586e-06,0.0,0.0
1650164912,0.0,0.0,0.0,9.894371032714844e-06,9.626150131225586e-06,0.0,0.0
1650164913,0.0,0.0,0.0,9.894371032714844e-06,9.626150131225586e-06,0.0,0.0
1650164914,0.0,0.0,0.0,9.894371032714844e-06,9.626150131225586e-06,0.0,0.0
1650164915,0.0,0.0,0.0,9.894371032714844e-06,9.626150131225586e-06,0.0,0.0
1650164916,0.0,0.0,0.0,9.894371032714844e-06,9.626150131225586e-06,0.0,0.0
1650164917,0.0,8.6764e-06,0.0,9.894371032714844e-06,9.626150131225586e-06,8.4,0.0
1650164918,0.0,0.0,0.0,9.894371032714844e-06,9.626150131225586e-06,0.0,0.0
1650164919,0.0,0.0,0.0,9.894371032714844e-06,9.626150131225586e-06,0.0,0.0
1650164920,0.0,0.0,0.0,9.894371032714844e-06,9.626150131225586e-06,0.0,0.0
1650164921,0.0,0.0,0.0,9.894371032714844e-06,9.626150131225586e-06,0.0,0.0
1650164922,0.0,0.0,0.0,9.894371032714844e-06,9.626150131225586e-06,0.0,0.0
1650164923,0.0,0.0,0.0,9.894371032714844e-06,9.626150131225586e-06,0.0,0.0
1650164924,0.0,0.0,0.0,9.894371032714844e-06,9.626150131225586e-06,0.0,0.0
1650164925,0.0,0.0,0.0,9.894371032714844e-06,9.626150131225586e-06,0.0,0.0
1650164926,0.0,0.0,0.0,9.894371032714844e-06,9.626150131225586e-06,0.0,0.0
1650164927,0.0,0.0,0.0,9.894371032714844e-06,9.626150131225586e-06,0.0,0.0
1650164928,0.0,5.475285714285715e-06,0.0,9.894371032714844e-06,9.626150131225586e-06,0.0,0.0
1650164929,0.0,0.0,0.0,9.894371032714844e-06,9.626150131225586e-06,0.0,0.0
1650164930,0.0,0.0,0.0,9.894371032714844e-06,9.626150131225586e-06,0.0,0.0
1650164931,0.0,0.0,0.0,9.894371032714844e-06,9.626150131225586e-06,0.0,0.0
1650164932,0.0,0.0,0.0,9.894371032714844e-06,9.626150131225586e-06,0.0,0.0
1650164933,0.0,0.0,0.0,9.894371032714844e-06,9.626150131225586e-06,0.0,0.0
1650164934,0.0,0.0,0.0,9.894371032714844e-06,9.626150131225586e-06,0.0,0.0
1650164935,0.0,0.0,0.0,9.894371032714844e-06,9.626150131225586e-06,0.0,0.0
1650164936,0.0,0.0,0.0,9.894371032714844e-06,9.626150131225586e-06,0.0,0.0
1650164937,0.0,0.0,0.0,9.894371032714844e-06,9.626150131225586e-06,0.0,0.0
1650164938,0.0,5.917714285714285e-06,0.0,9.894371032714844e-06,9.626150131225586e-06,0.0,0.0
1650164939,0.0,0.0,0.0,9.894371032714844e-06,9.626150131225586e-06,0.0,0.0
1650164940,0.0,0.0,0.0,9.894371032714844e-06,9.626150131225586e-06,0.0,0.0
1650164941,0.0,0.0,0.0,9.894371032714844e-06,9.626150131225586e-06,0.0,0.0
1650164942,0.0,0.0,0.0,9.894371032714844e-06,9.626150131225586e-06,0.0,0.0
1650164943,0.0,0.0,0.0,9.894371032714844e-06,9.626150131225586e-06,0.0,0.0
1650164944,0.0,0.0,0.0,9.894371032714844e-06,9.626150131225586e-06,0.0,0.0
1650164945,0.0,0.0,0.0,9.894371032714844e-06,9.626150131225586e-06,0.0,0.0
1650164946,0.0,0.0,0.0,9.894371032714844e-06,9.626150131225586e-06,0.0,0.0
1650164947,0.0,0.0,0.0,9.894371032714844e-06,9.626150131225586e-06,0.0,0.0
1650164948,0.0,0.0,0.0,9.894371032714844e-06,9.626150131225586e-06,0.0,0.0
1650164949,0.0,4.8837142857142855e-06,0.0,9.894371032714844e-06,9.626150131225586e-06,0.0,0.0
1650164950,0.0,4.8837142857142855e-06,0.0,9.894371032714844e-06,9.626150131225586e-06,0.0,0.0
1650164951,0.0,0.0,0.0,9.894371032714844e-06,9.626150131225586e-06,0.0,0.0
1650164952,0.0,0.0,0.0,9.894371032714844e-06,9.626150131225586e-06,0.0,0.0
1650164953,0.0,0.0,0.0,9.894371032714844e-06,9.626150131225586e-06,0.0,0.0
1650164954,0.0,0.0,0.0,9.894371032714844e-06,9.626150131225586e-06,0.0,0.0
1650164955,0.0,9.48525e-06,0.0,9.894371032714844e-06,9.626150131225586e-06,0.0,0.0
1650164956,0.0,0.0,0.0,9.894371032714844e-06,9.626150131225586e-06,0.0,0.0
1650164957,0.0,0.0,0.0,9.894371032714844e-06,9.626150131225586e-06,0.0,0.0
1650164958,0.0,0.0,0.0,9.894371032714844e-06,9.626150131225586e-06,0.0,0.0
1650164959,0.0,0.0,0.0,9.894371032714844e-06,9.626150131225586e-06,0.0,0.0
1650164960,0.0,0.0,0.0,9.894371032714844e-06,9.626150131225586e-06,0.0,0.0
1650164961,0.0,0.0,0.0,9.894371032714844e-06,9.626150131225586e-06,0.0,0.0
1650164962,0.0,0.0,0.0,9.894371032714844e-06,9.626150131225586e-06,0.0,0.0
1650164963,0.0,0.0,0.0,9.894371032714844e-06,9.626150131225586e-06,0.0,0.0
1650164964,0.0,0.0,0.0,9.894371032714844e-06,9.626150131225586e-06,0.0,0.0
1650164965,0.0,6.338e-06,0.0,9.894371032714844e-06,9.626150131225586e-06,0.0,0.0
1650164966,0.0,0.0,0.0,9.894371032714844e-06,9.626150131225586e-06,0.0,0.0
1650164967,0.0,0.0,0.0,9.894371032714844e-06,9.626150131225586e-06,0.0,0.0
1650164968,0.0,0.0,0.0,9.894371032714844e-06,9.626150131225586e-06,0.0,0.0
1650164969,0.0,0.0,0.0,9.894371032714844e-06,9.626150131225586e-06,0.0,0.0
1650164970,0.0,0.0,0.0,9.894371032714844e-06,9.626150131225586e-06,0.0,0.0
1650164971,0.0,0.0,0.0,9.894371032714844e-06,9.626150131225586e-06,0.0,0.0
1650164972,0.0,0.0,0.0,9.894371032714844e-06,9.626150131225586e-06,0.0,0.0
1650164973,0.0,0.0,0.0,9.894371032714844e-06,9.626150131225586e-06,0.0,0.0
1650164974,0.0,0.0,0.0,9.894371032714844e-06,9.626150131225586e-06,0.0,0.0
1650164975,0.0,0.0,0.0,9.894371032714844e-06,9.626150131225586e-06,0.0,0.0
1650164976,0.0,0.0001081615,0.0,9.894371032714844e-06,9.626150131225586e-06,133.16666666666666,59.66666666666666
1650164977,0.0,0.0001081615,0.0,9.894371032714844e-06,9.626150131225586e-06,133.16666666666666,59.66666666666666
1650164978,0.0,0.0,0.0,9.894371032714844e-06,9.626150131225586e-06,0.0,0.0
1650164979,0.0,0.0,0.0,9.894371032714844e-06,9.626150131225586e-06,0.0,0.0
1650164980,0.0,0.0,0.0,9.894371032714844e-06,9.626150131225586e-06,0.0,0.0
1650164981,0.0,0.0003410596666666,0.0,9.894371032714844e-06,9.626150131225586e-06,527.6666666666666,284.0
1650164982,0.0,0.0003410596666666,0.0,9.894371032714844e-06,9.626150131225586e-06,527.6666666666666,284.0
1650164983,0.0,0.000190988,0.0,9.894371032714844e-06,9.626150131225586e-06,264.0,109.0
1650164984,0.0,0.000604801,0.0,9.894371032714844e-06,9.626150131225586e-06,791.0,327.0
1650164985,0.0,0.000604801,0.0,9.894371032714844e-06,9.626150131225586e-06,791.0,327.0
1650164986,0.0,0.000217303,0.0,9.715557098388672e-06,9.447336196899414e-06,330.0,109.0
1650164987,0.0,0.0,0.0,9.715557098388672e-06,9.447336196899414e-06,0.0,0.0
1650164988,0.0,0.0,0.0,9.715557098388672e-06,9.447336196899414e-06,0.0,0.0
1650164989,0.0,0.0,0.0,9.715557098388672e-06,9.447336196899414e-06,0.0,0.0
1650164990,0.0,0.0003672403333333,0.0,9.894371032714844e-06,9.626150131225586e-06,486.3333333333333,294.3333333333333
1650164991,0.0,0.0003672403333333,0.0,9.894371032714844e-06,9.626150131225586e-06,486.3333333333333,294.3333333333333
1650164992,0.0,0.0002368145,0.0,9.894371032714844e-06,9.626150131225586e-06,396.0,163.5
1650164993,0.0,0.000444987,0.0,9.894371032714844e-06,9.626150131225586e-06,528.0,588.0
1650164994,0.0,0.000444987,0.0,9.894371032714844e-06,9.626150131225586e-06,528.0,588.0
1650164995,0.0,0.000254396,0.0,9.894371032714844e-06,9.626150131225586e-06,396.0,163.5
1650164996,0.0,0.000254396,0.0,9.894371032714844e-06,9.626150131225586e-06,396.0,163.5
1650164997,0.0,0.000264674,0.0,9.894371032714844e-06,9.626150131225586e-06,396.0,163.5
1650164998,0.0,0.000642824,0.0,9.894371032714844e-06,9.626150131225586e-06,833.0,369.0
1650164999,0.0,0.000642824,0.0,9.894371032714844e-06,9.626150131225586e-06,833.0,369.0
1650165000,0.0,0.000374476,0.0,9.894371032714844e-06,9.626150131225586e-06,532.0,266.5
1650165001,0.0,0.000635339,0.0,9.894371032714844e-06,9.626150131225586e-06,792.0,459.0
1650165002,0.0,0.000635339,0.0,9.894371032714844e-06,9.626150131225586e-06,792.0,459.0
1650165003,0.0,0.0002466575,0.0,9.894371032714844e-06,9.626150131225586e-06,263.5,295.0
1650165004,0.0,0.0002466575,0.0,9.894371032714844e-06,9.626150131225586e-06,263.5,295.0
1650165005,0.0,0.0003318615,0.0,9.894371032714844e-06,9.626150131225586e-06,396.0,163.5
1650165006,0.07,0.878160112,0.78,0.0006555318832397,0.0006402134895324,792.0,327.0
1650165007,1.4,3.430787988,2.01,6.842613220214844e-05,6.827712059020996e-05,790.0,327.0
1650165008,1.4,3.430787988,2.01,6.842613220214844e-05,6.827712059020996e-05,790.0,327.0
1650165009,2.73,6.672073108,3.83,6.839632987976074e-05,6.824731826782227e-05,462.0,163.5
1650165010,2.73,6.672073108,3.83,6.839632987976074e-05,6.824731826782227e-05,462.0,163.5
1650165011,2.085,5.0681554375,2.965,6.979703903198242e-05,6.964802742004395e-05,466.0,299.5
1650165012,4.32,10.39023839,6.02,6.92903995513916e-05,6.914138793945312e-05,791.0,393.0
1650165013,4.32,10.39023839,6.02,6.92903995513916e-05,6.914138793945312e-05,791.0,393.0
1650165014,1.79,4.3906181705,2.585,6.970763206481934e-05,6.955862045288086e-05,396.0,401.5
1650165015,1.79,4.3906181705,2.585,6.970763206481934e-05,6.955862045288086e-05,396.0,401.5
1650165016,2.49,6.2206354835,3.66,6.99460506439209e-05,6.979703903198242e-05,396.0,163.5
1650165017,3.55,8.701804564,5.08,7.095932960510254e-05,7.081031799316406e-05,1054.0,436.0
1650165018,3.55,8.701804564,5.08,7.095932960510254e-05,7.081031799316406e-05,1054.0,436.0
1650165019,2.42,5.9198832585,3.475,7.051229476928711e-05,7.036328315734863e-05,396.0,163.5
1650165020,3.03,7.548896069,4.47,7.05718994140625e-05,7.042288780212402e-05,264.0,109.0
1650165021,3.03,7.548896069,4.47,7.05718994140625e-05,7.042288780212402e-05,264.0,109.0
1650165022,2.435,5.900566942,3.425,7.075071334838867e-05,7.06017017364502e-05,400.0,179.0
1650165023,4.71,11.217469848,6.38,7.110834121704102e-05,7.095932960510254e-05,528.0,929.0
1650165024,4.71,11.217469848,6.38,7.110834121704102e-05,7.095932960510254e-05,528.0,929.0
1650165025,2.07,4.975842488,2.86,7.110834121704102e-05,7.095932960510254e-05,264.0,142.0
1650165026,4.6,11.428820678,6.72,7.158517837524414e-05,7.143616676330566e-05,1055.0,436.0
1650165027,4.6,11.428820678,6.72,7.158517837524414e-05,7.143616676330566e-05,1055.0,436.0
1650165028,1.635,3.838569556,2.175,7.158517837524414e-05,7.143616676330566e-05,264.0,109.0
1650165029,3.39,7.994035966,4.59,7.164478302001953e-05,7.149577140808105e-05,570.0,260.0
1650165030,3.27,8.116833495,4.76,7.179379463195801e-05,7.164478302001953e-05,791.0,327.0
1650165031,3.27,8.116833495,4.76,7.179379463195801e-05,7.164478302001953e-05,791.0,327.0
1650165032,2.5,6.1007911995,3.55,7.18235969543457e-05,7.167458534240723e-05,795.5,375.5
1650165033,4.38,11.241695849,6.74,7.200241088867188e-05,7.18533992767334e-05,791.0,937.0
1650165034,4.38,11.241695849,6.74,7.200241088867188e-05,7.18533992767334e-05,791.0,937.0
1650165035,1.975,4.8237172005,2.79,7.203221321105957e-05,7.18832015991211e-05,263.5,109.0
1650165036,1.975,4.8237172005,2.79,7.203221321105957e-05,7.18832015991211e-05,263.5,109.0
1650165037,2.37,5.7634197725,3.365,7.218122482299805e-05,7.203221321105957e-05,659.5,272.5
1650165038,3.88,9.913526563,5.94,7.316470146179199e-05,7.301568984985352e-05,528.0,218.0
1650165039,3.73,8.758257381,5.0,7.268786430358887e-05,7.253885269165039e-05,264.0,109.0
1650165040,3.43,8.040600759,4.52,7.271766662597656e-05,7.256865501403809e-05,528.0,218.0
1650165041,3.43,8.040600759,4.52,7.271766662597656e-05,7.256865501403809e-05,528.0,218.0
1650165042,2.485,5.981714342,3.455,7.274746894836426e-05,7.259845733642578e-05,330.0,109.0
1650165043,2.485,5.981714342,3.455,7.274746894836426e-05,7.259845733642578e-05,330.0,109.0
1650165044,1.955,4.9308452545,2.94,7.295608520507812e-05,7.280707359313965e-05,334.0,449.5
1650165045,1.955,4.9308452545,2.94,7.295608520507812e-05,7.280707359313965e-05,334.0,449.5
1650165046,2.66,6.550801733,3.845,7.325410842895508e-05,7.31050968170166e-05,396.0,229.5
1650165047,4.61,11.145213067,6.46,7.343292236328125e-05,7.328391075134277e-05,792.0,327.0
1650165048,3.42,8.332233394,4.85,7.343292236328125e-05,7.328391075134277e-05,528.0,218.0
1650165049,2.9,6.927848616,3.95,7.43865966796875e-05,7.423758506774902e-05,528.0,218.0
1650165050,2.9,6.927848616,3.95,7.43865966796875e-05,7.423758506774902e-05,528.0,218.0
1650165051,2.22,5.503085731,3.25,7.364153861999512e-05,7.349252700805664e-05,396.0,163.5
1650165052,3.07,7.642372587,4.55,7.367134094238281e-05,7.352232933044434e-05,528.0,218.0
1650165053,3.07,7.642372587,4.55,7.367134094238281e-05,7.352232933044434e-05,528.0,218.0
1650165054,2.46,5.933749594,3.46,7.385015487670898e-05,7.370114326477051e-05,532.0,577.0
1650165055,3.76,9.086398379,5.27,7.387995719909668e-05,7.37309455871582e-05,527.0,350.0
1650165056,3.76,9.086398379,5.27,7.387995719909668e-05,7.37309455871582e-05,527.0,350.0
1650165057,2.195,5.302784748,3.09,7.399916648864746e-05,7.385015487670898e-05,394.0,196.5
1650165058,3.49,8.392363498,4.86,7.495284080505371e-05,7.480382919311523e-05,306.0,151.0
1650165059,3.49,8.392363498,4.86,7.495284080505371e-05,7.480382919311523e-05,306.0,151.0
1650165060,2.51,5.8873445415,3.37,7.420778274536133e-05,7.405877113342285e-05,660.0,272.5
1650165061,3.61,9.025103729,5.19,7.423758506774902e-05,7.408857345581055e-05,1055.0,436.0
1650165062,3.61,9.025103729,5.19,7.423758506774902e-05,7.408857345581055e-05,1055.0,436.0
1650165063,2.41,6.1725137335,3.48,7.43567943572998e-05,7.420778274536133e-05,528.0,456.5
1650165064,2.41,6.1725137335,3.48,7.43567943572998e-05,7.420778274536133e-05,528.0,456.5
1650165065,2.035,5.0131693505,2.915,7.420778274536133e-05,7.405877113342285e-05,330.0,109.0
1650165066,5.41,13.177216242,7.71,7.450580596923828e-05,7.43567943572998e-05,668.0,424.0
1650165067,5.41,13.177216242,7.71,7.450580596923828e-05,7.43567943572998e-05,668.0,424.0
1650165068,2.385,5.7442122835,3.29,7.471442222595215e-05,7.456541061401367e-05,395.5,229.5
1650165069,3.67,8.898366929,5.1,7.471442222595215e-05,7.456541061401367e-05,527.0,218.0
1650165070,3.67,8.898366929,5.1,7.471442222595215e-05,7.456541061401367e-05,527.0,218.0
1650165071,2.025,5.2426511865,3.14,7.49826431274414e-05,7.483363151550293e-05,264.0,109.0
1650165072,2.99,7.138691342,4.02,7.49826431274414e-05,7.483363151550293e-05,264.0,109.0
1650165073,3.25,7.971539397,4.64,7.50422477722168e-05,7.489323616027832e-05,264.0,793.0
1650165074,3.01,7.241877494,4.17,7.602572441101074e-05,7.587671279907227e-05,264.0,109.0
1650165075,3.01,7.241877494,4.17,7.602572441101074e-05,7.587671279907227e-05,264.0,109.0
1650165076,2.005,4.9060158535,2.84,7.50124454498291e-05,7.486343383789062e-05,461.5,163.5
1650165077,2.96,7.441825736,4.44,7.525086402893066e-05,7.510185241699219e-05,932.0,599.0
1650165078,4.11,9.703771438,5.46,7.539987564086914e-05,7.525086402893066e-05,792.0,393.0
1650165079,4.11,9.703771438,5.46,7.539987564086914e-05,7.525086402893066e-05,792.0,393.0
1650165080,2.705,6.4480678665,3.705,7.56680965423584e-05,7.551908493041992e-05,527.5,218.0
1650165081,3.86,9.416912572,5.44,7.56680965423584e-05,7.551908493041992e-05,528.0,218.0
1650165082,3.86,9.416912572,5.44,7.56680965423584e-05,7.551908493041992e-05,528.0,218.0
1650165083,2.2,5.413324228,3.15,7.665157318115234e-05,7.650256156921387e-05,264.0,242.0
1650165084,2.93,7.141468827,4.07,7.587671279907227e-05,7.572770118713379e-05,791.0,327.0
1650165085,3.67,8.831921639,5.11,7.593631744384766e-05,7.578730583190918e-05,792.0,327.0
1650165086,3.67,8.831921639,5.11,7.593631744384766e-05,7.578730583190918e-05,792.0,327.0
1650165087,2.49,5.891788019,3.33,7.608532905578613e-05,7.593631744384766e-05,532.0,233.5
1650165088,3.05,7.662986164,4.46,7.617473602294922e-05,7.602572441101074e-05,306.0,217.0
1650165089,3.26,7.878346814,4.55,7.641315460205078e-05,7.62641429901123e-05,528.0,350.0
1650165090,3.26,7.878346814,4.55,7.641315460205078e-05,7.62641429901123e-05,528.0,350.0
1650165091,2.165,5.4095950725,3.22,7.641315460205078e-05,7.62641429901123e-05,396.0,163.5
1650165092,2.165,5.4095950725,3.22,7.641315460205078e-05,7.62641429901123e-05,396.0,163.5
1650165093,2.75,6.694779929,3.885,7.662177085876465e-05,7.647275924682617e-05,396.0,296.5
1650165094,3.04,7.792765371,4.68,7.665157318115234e-05,7.650256156921387e-05,792.0,327.0
1650165095,3.18,8.18443612,4.94,7.677078247070312e-05,7.662177085876465e-05,528.0,218.0
1650165096,3.18,8.18443612,4.94,7.677078247070312e-05,7.662177085876465e-05,528.0,218.0
1650165097,2.11,5.20288295,3.035,7.677078247070312e-05,7.662177085876465e-05,264.0,109.0
1650165098,3.98,9.470541574,5.42,7.700920104980469e-05,7.686018943786621e-05,1064.0,467.0
1650165099,3.98,9.470541574,5.42,7.700920104980469e-05,7.686018943786621e-05,1064.0,467.0
1650165100,1.995,5.096898408,3.06,7.700920104980469e-05,7.686018943786621e-05,132.0,87.5
1650165101,4.49,10.681769076,6.01,7.718801498413086e-05,7.703900337219238e-05,790.0,459.0
1650165102,4.49,10.681769076,6.01,7.718801498413086e-05,7.703900337219238e-05,790.0,459.0
1650165103,2.545,6.1724117535,3.545,7.718801498413086e-05,7.703900337219238e-05,395.5,455.0
1650165104,3.19,7.82848751,4.55,7.733702659606934e-05,7.718801498413086e-05,263.0,109.0
1650165105,3.19,7.82848751,4.55,7.733702659606934e-05,7.718801498413086e-05,263.0,109.0
1650165106,2.625,6.4609456125,3.755,7.733702659606934e-05,7.718801498413086e-05,396.0,163.5
1650165107,2.625,6.4609456125,3.755,7.733702659606934e-05,7.718801498413086e-05,396.0,163.5
1650165108,2.435,5.9108894865,3.44,7.75456428527832e-05,7.739663124084473e-05,132.0,54.5
1650165109,2.99,7.517000016,4.46,7.736682891845703e-05,7.721781730651855e-05,924.0,327.0
1650165110,3.92,9.438988482,5.45,7.772445678710938e-05,7.75754451751709e-05,668.0,424.0
1650165111,3.92,9.438988482,5.45,7.772445678710938e-05,7.75754451751709e-05,668.0,424.0
1650165112,2.835,6.832554811,3.96,7.870793342590332e-05,7.855892181396484e-05,395.5,229.5
1650165113,2.835,6.832554811,3.96,7.870793342590332e-05,7.855892181396484e-05,395.5,229.5
1650165114,2.425,5.583064548,3.06,7.796287536621094e-05,7.781386375427246e-05,264.0,294.5
1650165115,5.09,12.525474044,7.35,7.799267768859863e-05,7.784366607666016e-05,1319.0,545.0
1650165116,5.09,12.525474044,7.35,7.799267768859863e-05,7.784366607666016e-05,1319.0,545.0
1650165117,1.525,3.8995383645,2.32,7.82012939453125e-05,7.805228233337402e-05,132.0,54.5
1650165118,3.38,8.237617984,4.72,7.82012939453125e-05,7.805228233337402e-05,570.0,260.0
1650165119,4.07,10.167698196,6.0,7.81714916229248e-05,7.802248001098633e-05,923.0,327.0
1650165120,4.07,10.167698196,6.0,7.81714916229248e-05,7.802248001098633e-05,923.0,327.0
1650165121,2.84,6.904223311,3.97,7.838010787963867e-05,7.82310962677002e-05,466.0,299.5
1650165122,3.06,7.910514117,4.57,7.855892181396484e-05,7.840991020202637e-05,264.0,175.0
1650165123,3.06,7.910514117,4.57,7.855892181396484e-05,7.840991020202637e-05,264.0,175.0
1650165124,2.63,6.400957719,3.695,7.858872413635254e-05,7.843971252441406e-05,396.0,297.5
1650165125,2.86,6.987223869,4.07,7.888674736022949e-05,7.873773574829102e-05,789.0,327.0
1650165126,2.85,6.989490618,4.1,7.888674736022949e-05,7.873773574829102e-05,527.0,218.0
1650165127,2.85,6.989490618,4.1,7.888674736022949e-05,7.873773574829102e-05,527.0,218.0
1650165128,2.17,5.427002514,3.2,0.0004332363605499,0.0004312694072723,395.0,163.5
1650165129,1.19,3.297413556,2.08,1.0073184967041016e-05,9.92417335510254e-06,792.0,327.0
1650165130,1.19,3.297413556,2.08,1.0073184967041016e-05,9.92417335510254e-06,792.0,327.0
1650165131,0.0,0.000292507,0.0,9.894371032714844e-06,9.745359420776367e-06,462.0,163.5
1650165132,0.0,0.000711275,0.0,1.0073184967041016e-05,9.92417335510254e-06,932.0,599.0
1650165133,0.0,0.000711275,0.0,1.0073184967041016e-05,9.92417335510254e-06,932.0,599.0
1650165134,0.0,0.000364717,0.0,1.0073184967041016e-05,9.92417335510254e-06,395.5,486.5
1650165135,0.0,0.000364717,0.0,1.0073184967041016e-05,9.92417335510254e-06,395.5,486.5
1650165136,0.0,0.0002140215,0.0,1.0073184967041016e-05,9.92417335510254e-06,262.5,109.0
1650165137,0.0,0.0002140215,0.0,1.0073184967041016e-05,9.92417335510254e-06,262.5,109.0
1650165138,0.0,0.0003391065,0.0,1.0073184967041016e-05,9.92417335510254e-06,527.5,218.0
1650165139,0.0,0.000158428,0.0,1.0073184967041016e-05,9.92417335510254e-06,264.0,109.0
1650165140,0.0,0.000158428,0.0,1.0073184967041016e-05,9.92417335510254e-06,264.0,109.0
1650165141,0.0,0.000259653,0.0,1.0073184967041016e-05,9.92417335510254e-06,396.0,163.5
1650165142,0.0,0.000682304,0.0,1.0073184967041016e-05,9.92417335510254e-06,800.0,358.0
1650165143,0.0,0.000478835,0.0,1.0073184967041016e-05,9.92417335510254e-06,527.0,927.0
1650165144,0.0,0.000478835,0.0,1.0073184967041016e-05,9.92417335510254e-06,527.0,927.0
1650165145,0.0,0.0003795545,0.0,1.0073184967041016e-05,9.92417335510254e-06,528.0,251.0
1650165146,0.0,0.000534368,0.0,1.0073184967041016e-05,9.92417335510254e-06,791.0,327.0
1650165147,0.0,0.000534368,0.0,1.0073184967041016e-05,9.92417335510254e-06,791.0,327.0
1650165148,0.0,0.0001623025,0.0,1.0073184967041016e-05,9.92417335510254e-06,264.0,109.0
1650165149,0.0,0.000386467,0.0,1.0073184967041016e-05,9.92417335510254e-06,528.0,218.0
1650165150,0.0,0.000387033,0.0,1.0073184967041016e-05,9.92417335510254e-06,660.0,109.0
1650165151,0.0,0.000387033,0.0,1.0073184967041016e-05,9.92417335510254e-06,660.0,109.0
1650165152,0.0,0.0,0.0,1.0073184967041016e-05,9.92417335510254e-06,198.0,0.0
1650165153,0.0,0.000229916,0.0,9.894371032714844e-06,9.745359420776367e-06,544.0,109.0
1650165154,0.0,0.000229916,0.0,9.894371032714844e-06,9.745359420776367e-06,544.0,109.0
1650165155,0.0,0.0,0.0,9.894371032714844e-06,9.745359420776367e-06,145.0,156.0
1650165156,0.01,0.000421762,0.0,1.0073184967041016e-05,9.92417335510254e-06,478.0,596.0
1650165157,0.01,0.000421762,0.0,1.0073184967041016e-05,9.92417335510254e-06,478.0,596.0
1650165158,0.0,0.000218741,0.0,1.132488250732422e-05,1.1175870895385742e-05,168.5,37.0
1650165159,0.0,0.00012002,0.0,1.049041748046875e-05,1.0341405868530272e-05,330.0,323.0
1650165160,0.0,0.00012002,0.0,1.049041748046875e-05,1.0341405868530272e-05,330.0,323.0
1650165161,0.0,0.000300303,0.0,1.0907649993896484e-05,1.0758638381958008e-05,330.0,198.5
1650165162,0.0,0.0,0.0,1.0907649993896484e-05,1.0758638381958008e-05,66.0,175.0
1650165163,0.0,0.000167703,0.0,1.0907649993896484e-05,1.0758638381958008e-05,330.0,175.0
1650165164,0.0,0.0,0.0,1.0907649993896484e-05,1.0758638381958008e-05,132.0,175.0
1650165165,0.0,0.000279998,0.0,1.0699033737182615e-05,1.055002212524414e-05,396.0,175.0
1650165166,0.0,0.000279998,0.0,1.0699033737182615e-05,1.055002212524414e-05,396.0,175.0
1650165167,0.0,8.50575e-05,0.0,1.0699033737182615e-05,1.055002212524414e-05,99.0,0.0
1650165168,0.0,0.000182537,0.01,1.0520219802856444e-05,1.0371208190917969e-05,198.0,175.0
1650165169,0.0,0.0,0.0,1.0520219802856444e-05,1.0371208190917969e-05,74.0,0.0
1650165170,0.0,0.0,0.0,1.0520219802856444e-05,1.0371208190917969e-05,74.0,0.0
1650165171,0.0,0.000104238,0.0,1.0341405868530272e-05,1.0192394256591795e-05,173.0,87.5
1650165172,0.0,0.00033949,0.0,1.0520219802856444e-05,1.0371208190917969e-05,338.0,74.0
1650165173,0.0,3.5553e-05,0.0,1.0520219802856444e-05,1.0371208190917969e-05,140.0,148.0
1650165174,0.0,3.5553e-05,0.0,1.0520219802856444e-05,1.0371208190917969e-05,140.0,148.0
1650165175,0.0,0.000256665,0.0,1.0699033737182615e-05,1.055002212524414e-05,333.5,198.5
1650165176,0.0,0.000256665,0.0,1.0699033737182615e-05,1.055002212524414e-05,333.5,198.5
1650165177,0.0,0.000270086,0.0,1.0877847671508787e-05,1.0728836059570312e-05,296.5,198.5
1650165178,0.0,0.0,0.0,1.0877847671508787e-05,1.0728836059570312e-05,198.0,350.0
1650165179,0.0,0.0,0.0,1.0877847671508787e-05,1.0728836059570312e-05,198.0,350.0
1650165180,0.0,6.533e-05,0.0,1.0877847671508787e-05,1.0728836059570312e-05,165.0,87.5
1650165181,0.0,6.533e-05,0.0,1.0877847671508787e-05,1.0728836059570312e-05,165.0,87.5
1650165182,0.0,0.0001975065,0.0,1.0699033737182615e-05,1.055002212524414e-05,197.5,87.5
1650165183,0.0,0.000288572,0.0,1.0699033737182615e-05,1.055002212524414e-05,196.0,0.0
1650165184,0.0,0.000175819,0.0,1.0520219802856444e-05,1.0371208190917969e-05,198.0,175.0
1650165185,0.0,0.000175819,0.0,1.0520219802856444e-05,1.0371208190917969e-05,198.0,175.0
1650165186,0.0,8.4017e-05,0.0,1.0341405868530272e-05,1.0192394256591795e-05,200.0,221.5
1650165187,0.0,0.0,0.0,1.0341405868530272e-05,1.0192394256591795e-05,74.0,0.0
1650165188,0.0,0.000389513,0.0,1.1295080184936523e-05,1.1146068572998049e-05,338.0,74.0
1650165189,0.0,0.000389513,0.0,1.1295080184936523e-05,1.1146068572998049e-05,338.0,74.0
1650165190,0.0,0.0001990515,0.0,1.0699033737182615e-05,1.055002212524414e-05,239.0,111.0
1650165191,0.0,0.000259458,0.0,1.0699033737182615e-05,1.055002212524414e-05,372.0,365.0
1650165192,0.0,0.000431756,0.0,1.0877847671508787e-05,1.0728836059570312e-05,306.0,116.0
1650165193,0.0,0.000431756,0.0,1.0877847671508787e-05,1.0728836059570312e-05,306.0,116.0
1650165194,0.0,0.000114544,0.0,1.0877847671508787e-05,1.0728836059570312e-05,251.5,270.0
1650165195,0.0,0.000114544,0.0,1.0877847671508787e-05,1.0728836059570312e-05,251.5,270.0
1650165196,0.0,8.6398e-05,0.0,1.0877847671508787e-05,1.0728836059570312e-05,165.0,362.0
1650165197,0.0,0.000153345,0.0,1.0877847671508787e-05,1.0728836059570312e-05,198.0,0.0
1650165198,0.0,0.000153345,0.0,1.0877847671508787e-05,1.0728836059570312e-05,198.0,0.0
1650165199,0.0,0.0001010705,0.0,1.0699033737182615e-05,1.055002212524414e-05,99.0,87.5
1650165200,0.0,0.000328895,0.0,1.0520219802856444e-05,1.0371208190917969e-05,396.0,175.0
1650165201,0.0,0.000328895,0.0,1.0520219802856444e-05,1.0371208190917969e-05,396.0,175.0
1650165202,0.0,0.0,0.0,1.0520219802856444e-05,1.0371208190917969e-05,37.0,0.0
1650165203,0.0,0.000198418,0.0,1.0341405868530272e-05,1.0192394256591795e-05,346.0,175.0
1650165204,0.0,0.000198418,0.0,1.0341405868530272e-05,1.0192394256591795e-05,346.0,175.0
1650165205,0.0,0.000219744,0.0,1.0520219802856444e-05,1.0371208190917969e-05,204.0,37.0
1650165206,0.0,0.000219744,0.0,1.0520219802856444e-05,1.0371208190917969e-05,204.0,37.0
1650165207,0.0,0.0002358015,0.0,1.0699033737182615e-05,1.055002212524414e-05,239.0,111.0
1650165208,0.0,0.000122043,0.0,1.0699033737182615e-05,1.055002212524414e-05,396.0,323.0
1650165209,0.0,0.00054769,0.0,1.0877847671508787e-05,1.0728836059570312e-05,593.0,397.0
1650165210,0.0,0.0,0.0,1.0877847671508787e-05,1.0728836059570312e-05,132.0,175.0
1650165211,0.0,0.0,0.0,1.0877847671508787e-05,1.0728836059570312e-05,132.0,175.0
1650165212,0.0,6.43715e-05,0.0,1.0877847671508787e-05,1.0728836059570312e-05,131.5,87.5
1650165213,0.0,0.000181683,0.0,1.0877847671508787e-05,1.0728836059570312e-05,264.0,175.0
1650165214,0.01,0.000199772,0.0,1.0699033737182615e-05,1.055002212524414e-05,252.0,175.0
1650165215,0.01,0.000199772,0.0,1.0699033737182615e-05,1.055002212524414e-05,252.0,175.0
1650165216,0.0,0.0001683135,0.0,1.0520219802856444e-05,1.0371208190917969e-05,225.0,222.0
1650165217,0.0,0.0001683135,0.0,1.0520219802856444e-05,1.0371208190917969e-05,225.0,222.0
1650165218,0.0,0.0,0.0,1.0520219802856444e-05,1.0371208190917969e-05,37.0,0.0
1650165219,0.0,0.000168982,0.0,1.0341405868530272e-05,1.0192394256591795e-05,326.0,175.0
1650165220,0.0,0.0,0.0,1.0341405868530272e-05,1.0192394256591795e-05,74.0,0.0
1650165221,0.0,0.0,0.0,1.0341405868530272e-05,1.0192394256591795e-05,74.0,0.0
1650165222,0.0,0.0001830415,0.0,1.0520219802856444e-05,1.0371208190917969e-05,239.0,111.0
1650165223,0.0,0.000525416,0.0,1.0699033737182615e-05,1.055002212524414e-05,337.0,74.0
1650165224,0.0,0.000525416,0.0,1.0699033737182615e-05,1.055002212524414e-05,337.0,74.0
1650165225,0.0,0.000236242,0.0,1.0877847671508787e-05,1.0728836059570312e-05,330.0,198.5
1650165226,0.0,0.000236242,0.0,1.0877847671508787e-05,1.0728836059570312e-05,330.0,198.5
1650165227,0.0,0.0001033445,0.0,1.0877847671508787e-05,1.0728836059570312e-05,198.0,383.0
1650165228,0.0,0.000211049,0.0,1.0877847671508787e-05,1.0728836059570312e-05,329.0,175.0
1650165229,0.0,0.000211049,0.0,1.0877847671508787e-05,1.0728836059570312e-05,329.0,175.0
1650165230,0.0,6.2455e-05,0.0,1.0877847671508787e-05,1.0728836059570312e-05,164.0,87.5
1650165231,0.0,0.000199079,0.0,1.0699033737182615e-05,1.055002212524414e-05,252.0,175.0
1650165232,0.0,0.00024098,0.0,1.0699033737182615e-05,1.055002212524414e-05,196.0,0.0
1650165233,0.0,0.000268091,0.0,1.0520219802856444e-05,1.0371208190917969e-05,252.0,175.0
1650165234,0.0,0.000268091,0.0,1.0520219802856444e-05,1.0371208190917969e-05,252.0,175.0
1650165235,0.0,9.36975e-05,0.0,1.0341405868530272e-05,1.0192394256591795e-05,173.0,87.5
1650165236,0.0,0.0,0.0,1.0341405868530272e-05,1.0192394256591795e-05,74.0,480.0
1650165237,0.0,0.000427752,0.0,1.0520219802856444e-05,1.0371208190917969e-05,338.0,74.0
1650165238,0.0,0.000427752,0.0,1.0520219802856444e-05,1.0371208190917969e-05,338.0,74.0
1650165239,0.0,0.00018283,0.0,1.0699033737182615e-05,1.055002212524414e-05,239.0,111.0
1650165240,0.0,0.00018283,0.0,1.0699033737182615e-05,1.055002212524414e-05,239.0,111.0
1650165241,0.0,0.0002901455,0.0,1.0877847671508787e-05,1.0728836059570312e-05,297.0,198.5
1650165242,0.0,0.000130967,0.0,1.0877847671508787e-05,1.0728836059570312e-05,330.0,323.0
1650165243,0.0,0.000130967,0.0,1.0877847671508787e-05,1.0728836059570312e-05,330.0,323.0
1650165244,0.0,5.75265e-05,0.0,1.0877847671508787e-05,1.0728836059570312e-05,66.0,87.5
1650165245,0.0,0.000138103,0.0,1.0877847671508787e-05,1.0728836059570312e-05,395.0,350.0
1650165246,0.0,0.000139741,0.0,1.0877847671508787e-05,1.0728836059570312e-05,198.0,268.0
1650165247,0.0,0.000139741,0.0,1.0877847671508787e-05,1.0728836059570312e-05,198.0,268.0
1650165248,0.0,0.0001473555,0.0,1.0699033737182615e-05,1.055002212524414e-05,198.0,87.5
1650165249,0.0,0.000168773,0.0,1.0520219802856444e-05,1.0371208190917969e-05,252.0,175.0
1650165250,0.0,0.000168773,0.0,1.0520219802856444e-05,1.0371208190917969e-05,252.0,175.0
1650165251,0.0,0.0,0.0,1.0520219802856444e-05,1.0371208190917969e-05,58.0,21.0
1650165252,0.0,0.0,0.0,1.0520219802856444e-05,1.0371208190917969e-05,58.0,21.0
1650165253,0.0,0.000105732,0.0,1.0341405868530272e-05,1.0192394256591795e-05,221.0,108.5
1650165254,0.0,0.00035037,0.0,1.0520219802856444e-05,1.0371208190917969e-05,520.0,264.0
1650165255,0.0,0.00037944,0.0,1.1473894119262695e-05,1.132488250732422e-05,338.0,74.0
1650165256,0.0,0.00037944,0.0,1.1473894119262695e-05,1.132488250732422e-05,338.0,74.0
1650165257,0.0,5.6432e-05,0.0,1.0699033737182615e-05,1.055002212524414e-05,165.0,161.5
1650165258,0.0,0.000441891,0.0,1.0877847671508787e-05,1.0728836059570312e-05,264.0,74.0
1650165259,0.0,0.000136438,0.0,1.0877847671508787e-05,1.0728836059570312e-05,462.0,498.0
1650165260,0.0,0.000208462,0.0,1.0877847671508787e-05,1.0728836059570312e-05,264.0,175.0
1650165261,0.0,0.000208462,0.0,1.0877847671508787e-05,1.0728836059570312e-05,264.0,175.0
1650165262,0.0,6.40885e-05,0.0,1.0877847671508787e-05,1.0728836059570312e-05,132.0,87.5
1650165263,0.0,6.40885e-05,0.0,1.0877847671508787e-05,1.0728836059570312e-05,132.0,87.5
1650165264,0.0,0.000117269,0.0,1.0699033737182615e-05,1.055002212524414e-05,126.0,87.5
1650165265,0.0,0.0001426,0.0,1.0699033737182615e-05,1.055002212524414e-05,198.0,0.0
1650165266,0.0,0.0001426,0.0,1.0699033737182615e-05,1.055002212524414e-05,198.0,0.0
1650165267,0.0,0.0001065515,0.005,1.0520219802856444e-05,1.0371208190917969e-05,163.0,273.0
1650165268,0.0,0.000184985,0.0,1.0341405868530272e-05,1.0192394256591795e-05,346.0,175.0
1650165269,0.0,0.000184985,0.0,1.0341405868530272e-05,1.0192394256591795e-05,346.0,175.0
1650165270,0.0,0.000166055,0.0,1.0520219802856444e-05,1.0371208190917969e-05,169.0,37.0
1650165271,0.0,0.000166055,0.0,1.0520219802856444e-05,1.0371208190917969e-05,169.0,37.0
1650165272,0.0,0.0001771985,0.0,1.0699033737182615e-05,1.055002212524414e-05,239.0,111.0
1650165273,0.0,0.000188036,0.0,1.0699033737182615e-05,1.055002212524414e-05,396.0,323.0
1650165274,0.0,0.000188036,0.0,1.0699033737182615e-05,1.055002212524414e-05,396.0,323.0
1650165275,0.0,0.0002337175,0.0,1.0877847671508787e-05,1.0728836059570312e-05,329.5,198.5
1650165276,0.0,0.0002337175,0.0,1.0877847671508787e-05,1.0728836059570312e-05,329.5,198.5
1650165277,0.0,5.6653e-05,0.0,1.0877847671508787e-05,1.0728836059570312e-05,165.0,175.0
1650165278,0.0,5.6653e-05,0.0,1.0877847671508787e-05,1.0728836059570312e-05,165.0,175.0
1650165279,0.0,6.39365e-05,0.0,1.0877847671508787e-05,1.0728836059570312e-05,132.0,87.5
1650165280,0.0,0.000154835,0.0,1.0699033737182615e-05,1.055002212524414e-05,198.0,175.0
1650165281,0.0,0.000154835,0.0,1.0699033737182615e-05,1.055002212524414e-05,198.0,175.0
1650165282,0.0,6.0147e-05,0.0,1.0699033737182615e-05,1.055002212524414e-05,99.0,0.0
1650165283,0.0,0.000339821,0.0,1.0877847671508787e-05,1.0728836059570312e-05,404.0,249.0
1650165284,0.0,0.000339821,0.0,1.0877847671508787e-05,1.0728836059570312e-05,404.0,249.0
1650165285,0.0,0.0001962245,0.0,1.0877847671508787e-05,1.0728836059570312e-05,264.0,175.0
1650165286,0.0,0.000692185,0.0,1.0699033737182615e-05,1.055002212524414e-05,924.0,471.0
1650165287,0.0,0.000666845,0.0,1.0520219802856444e-05,1.0371208190917969e-05,1187.0,514.0
1650165288,0.0,0.000666845,0.0,1.0520219802856444e-05,1.0371208190917969e-05,1187.0,514.0
1650165289,0.0,0.000283752,0.0,1.0520219802856444e-05,1.0371208190917969e-05,395.5,163.5
1650165290,0.0,0.000400125,0.0,1.0520219802856444e-05,1.0371208190917969e-05,528.0,218.0
1650165291,0.0,0.000400125,0.0,1.0520219802856444e-05,1.0371208190917969e-05,528.0,218.0
1650165292,0.0,0.0001875715,0.0,1.0520219802856444e-05,1.0371208190917969e-05,263.5,109.0
1650165293,0.0,0.000368287,0.0,1.0341405868530272e-05,1.0192394256591795e-05,396.0,795.0
1650165294,0.0,0.000368287,0.0,1.0341405868530272e-05,1.0192394256591795e-05,396.0,795.0
1650165295,0.0,0.000246009,0.0,1.0520219802856444e-05,1.0371208190917969e-05,334.0,212.0
1650165296,0.0,0.000215892,0.0,1.0520219802856444e-05,1.0371208190917969e-05,264.0,175.0
1650165297,0.0,0.000215892,0.0,1.0520219802856444e-05,1.0371208190917969e-05,264.0,175.0
1650165298,0.0,0.000474441,0.0,1.0520219802856444e-05,1.0371208190917969e-05,660.0,305.5
1650165299,0.0,0.000349196,0.0,1.0520219802856444e-05,1.0371208190917969e-05,528.0,218.0
1650165300,0.0,0.000349196,0.0,1.0520219802856444e-05,1.0371208190917969e-05,528.0,218.0
1650165301,0.0,0.0001662415,0.0,1.0520219802856444e-05,1.0371208190917969e-05,263.5,109.0
1650165302,0.0,0.000625177,0.0,1.0520219802856444e-05,1.0371208190917969e-05,792.0,327.0
1650165303,0.0,0.000625177,0.0,1.0520219802856444e-05,1.0371208190917969e-05,792.0,327.0
1650165304,0.0,0.000231591,0.0,1.0520219802856444e-05,1.0371208190917969e-05,263.5,295.0
1650165305,0.0,0.000814215,0.0,1.0520219802856444e-05,1.0371208190917969e-05,1064.0,467.0
1650165306,0.0,0.000814215,0.0,1.0520219802856444e-05,1.0371208190917969e-05,1064.0,467.0
1650165307,0.0,0.00016278,0.0,1.0520219802856444e-05,1.0371208190917969e-05,263.5,175.0
1650165308,0.0,0.001048318,0.0,1.0520219802856444e-05,1.0371208190917969e-05,1362.0,653.0
1650165309,0.0,0.001048318,0.0,1.0520219802856444e-05,1.0371208190917969e-05,1362.0,653.0
1650165310,0.005,0.000458552,0.0,1.0520219802856444e-05,1.0371208190917969e-05,395.5,163.5
1650165311,0.0,0.000238302,0.0,1.0520219802856444e-05,1.0371208190917969e-05,263.0,109.0
1650165312,0.0,0.000238302,0.0,1.0520219802856444e-05,1.0371208190917969e-05,263.0,109.0
1650165313,0.0,0.000558833,0.0,1.0520219802856444e-05,1.0371208190917969e-05,626.0,613.5
1650165314,0.0,0.000129753,0.0,1.0520219802856444e-05,1.0371208190917969e-05,721.0,218.0
1650165315,0.0,0.000686118,0.0,1.0520219802856444e-05,1.0371208190917969e-05,725.0,284.0
1650165316,0.0,0.000686118,0.0,1.0520219802856444e-05,1.0371208190917969e-05,725.0,284.0
1650165317,0.0,9.74325e-05,0.0,1.0341405868530272e-05,1.0192394256591795e-05,136.0,54.5
1650165318,0.0,0.000386933,0.0,1.0520219802856444e-05,1.0371208190917969e-05,469.0,257.0
1650165319,0.0,0.000391224,0.0,1.0520219802856444e-05,1.0371208190917969e-05,462.0,241.0
1650165320,0.0,0.000391224,0.0,1.0520219802856444e-05,1.0371208190917969e-05,462.0,241.0
1650165321,0.0,8.18905e-05,0.0,1.0520219802856444e-05,1.0371208190917969e-05,231.0,54.5
1650165322,0.0,8.18905e-05,0.0,1.0520219802856444e-05,1.0371208190917969e-05,231.0,54.5
1650165323,0.0,0.00018965,0.0,1.0699033737182615e-05,1.055002212524414e-05,272.0,128.5
1650165324,0.0,0.000204972,0.0,1.0699033737182615e-05,1.055002212524414e-05,264.0,175.0
1650165325,0.0,0.000204972,0.0,1.0699033737182615e-05,1.055002212524414e-05,264.0,175.0
1650165326,0.0,0.0,0.0,1.0699033737182615e-05,1.055002212524414e-05,33.0,54.5
1650165327,0.0,0.000201587,0.0,1.0699033737182615e-05,1.055002212524414e-05,198.0,66.0
1650165328,0.0,0.000201587,0.0,1.0699033737182615e-05,1.055002212524414e-05,198.0,66.0
1650165329,0.0,6.49485e-05,0.0,1.0699033737182615e-05,1.055002212524414e-05,99.0,0.0
1650165330,0.0,6.49485e-05,0.0,1.0699033737182615e-05,1.055002212524414e-05,99.0,0.0
1650165331,0.0,6.29395e-05,0.0,1.0699033737182615e-05,1.055002212524414e-05,231.0,54.5
1650165332,0.0,0.000389555,0.0,1.0520219802856444e-05,1.0371208190917969e-05,462.0,218.0
1650165333,0.0,0.000143371,0.0,1.0520219802856444e-05,1.0371208190917969e-05,0.0,369.0
1650165334,0.0,0.000433986,0.0,1.0520219802856444e-05,1.0371208190917969e-05,800.0,370.0
1650165335,0.0,0.000433986,0.0,1.0520219802856444e-05,1.0371208190917969e-05,800.0,370.0
1650165336,0.0,0.0002617785,0.0,1.0520219802856444e-05,1.0371208190917969e-05,395.0,163.5
1650165337,0.0,0.000332874,0.0,1.0520219802856444e-05,1.0371208190917969e-05,462.0,109.0
1650165338,0.0,0.000332874,0.0,1.0520219802856444e-05,1.0371208190917969e-05,462.0,109.0
1650165339,0.0,0.0,0.0,1.0520219802856444e-05,1.0371208190917969e-05,99.0,39.0
1650165340,0.0,0.000165903,0.0,1.0520219802856444e-05,1.0371208190917969e-05,330.0,284.0
1650165341,0.0,0.000291126,0.0,1.0520219802856444e-05,1.0371208190917969e-05,924.0,362.0
1650165342,0.0,0.000291126,0.0,1.0520219802856444e-05,1.0371208190917969e-05,924.0,362.0
1650165343,0.0,0.000294035,0.005,1.0520219802856444e-05,1.0371208190917969e-05,395.5,196.5
1650165344,0.0,0.000237438,0.0,1.0520219802856444e-05,1.0371208190917969e-05,264.0,109.0
1650165345,0.0,0.0005992,0.0,1.0520219802856444e-05,1.0371208190917969e-05,800.0,292.0
1650165346,0.0,0.0005992,0.0,1.0520219802856444e-05,1.0371208190917969e-05,800.0,292.0
1650165347,0.0,0.0001638495,0.0,1.0520219802856444e-05,1.0371208190917969e-05,329.0,54.5
1650165348,0.0,0.0,0.0,1.0520219802856444e-05,1.0371208190917969e-05,394.0,0.0
1650165349,0.0,0.0,0.0,1.0520219802856444e-05,1.0371208190917969e-05,271.0,0.0
1650165350,0.0,0.000746089,0.0,1.0699033737182615e-05,1.055002212524414e-05,864.0,370.0
1650165351,0.0,0.000746089,0.0,1.0699033737182615e-05,1.055002212524414e-05,864.0,370.0
1650165352,0.0,0.0002147925,0.0,1.0699033737182615e-05,1.055002212524414e-05,363.0,142.0
1650165353,0.0,0.0002147925,0.0,1.0699033737182615e-05,1.055002212524414e-05,363.0,142.0
1650165354,0.0,5.29375e-05,0.0,1.0699033737182615e-05,1.055002212524414e-05,33.0,241.0
1650165355,0.0,5.29375e-05,0.0,1.0699033737182615e-05,1.055002212524414e-05,33.0,241.0
1650165356,0.0,0.0001603795,0.0,1.0699033737182615e-05,1.055002212524414e-05,231.0,54.5
1650165357,0.0,0.0,0.0,1.0699033737182615e-05,1.055002212524414e-05,66.0,109.0
1650165358,0.0,0.000298896,0.0,1.0699033737182615e-05,1.055002212524414e-05,570.0,260.0
1650165359,0.0,0.000125907,0.0,1.0699033737182615e-05,1.055002212524414e-05,198.0,0.0
1650165360,0.0,0.000148644,0.0,1.0520219802856444e-05,1.0371208190917969e-05,272.0,109.0
1650165361,0.0,0.000148644,0.0,1.0520219802856444e-05,1.0371208190917969e-05,272.0,109.0
1650165362,0.0,0.0004792315,0.0,1.0699033737182615e-05,1.055002212524414e-05,465.0,233.5
1650165363,0.0,0.000357404,0.0,1.0699033737182615e-05,1.055002212524414e-05,462.0,175.0
1650165364,0.0,0.000357404,0.0,1.0699033737182615e-05,1.055002212524414e-05,462.0,175.0
1650165365,0.0,0.0,0.0,1.0699033737182615e-05,1.055002212524414e-05,99.0,39.0
1650165366,0.0,0.0,0.0,1.0699033737182615e-05,1.055002212524414e-05,99.0,39.0
1650165367,0.0,0.000211332,0.0,1.0877847671508787e-05,1.0728836059570312e-05,234.5,179.0
1650165368,0.0,0.000170091,0.0,1.0877847671508787e-05,1.0728836059570312e-05,264.0,109.0
1650165369,0.0,0.000456849,0.0,1.0877847671508787e-05,1.0728836059570312e-05,725.0,350.0
1650165370,0.0,0.000456849,0.0,1.0877847671508787e-05,1.0728836059570312e-05,725.0,350.0
1650165371,0.0,0.000217081,0.0,1.0699033737182615e-05,1.055002212524414e-05,429.0,142.0
1650165372,0.0,0.0,0.0,1.0699033737182615e-05,1.055002212524414e-05,396.0,78.0
1650165373,0.0,0.0,0.0,1.0699033737182615e-05,1.055002212524414e-05,396.0,78.0
1650165374,0.0,0.0003114855,0.0,1.0877847671508787e-05,1.0728836059570312e-05,466.0,407.0
1650165375,0.0,0.0003114855,0.0,1.0877847671508787e-05,1.0728836059570312e-05,466.0,407.0
1650165376,0.0,0.0002931255,0.0,1.0877847671508787e-05,1.0728836059570312e-05,395.5,229.5
1650165377,0.0,0.000467992,0.0,1.0699033737182615e-05,1.055002212524414e-05,657.0,218.0
1650165378,0.0,0.00033726,0.0,1.0699033737182615e-05,1.055002212524414e-05,528.0,218.0
1650165379,0.0,0.00033726,0.0,1.0699033737182615e-05,1.055002212524414e-05,528.0,218.0
1650165380,0.0,0.0002355465,0.005,1.0699033737182615e-05,1.055002212524414e-05,461.5,109.0
1650165381,0.0,0.0002355465,0.005,1.0699033737182615e-05,1.055002212524414e-05,461.5,109.0
1650165382,0.0,0.0002659735,0.0,1.0699033737182615e-05,1.055002212524414e-05,593.0,235.5
1650165383,0.0,0.000416551,0.0,1.0699033737182615e-05,1.055002212524414e-05,329.0,658.0
1650165384,0.0,0.000416551,0.0,1.0699033737182615e-05,1.055002212524414e-05,329.0,658.0
1650165385,0.0,0.0002935595,0.0,1.0699033737182615e-05,1.055002212524414e-05,597.5,185.0
1650165386,0.0,0.0002935595,0.0,1.0699033737182615e-05,1.055002212524414e-05,597.5,185.0
1650165387,0.0,5.98745e-05,0.0,1.0699033737182615e-05,1.055002212524414e-05,99.0,33.0
1650165388,0.0,0.000494459,0.0,1.0877847671508787e-05,1.0728836059570312e-05,667.0,358.0
1650165389,0.0,0.000494459,0.0,1.0877847671508787e-05,1.0728836059570312e-05,667.0,358.0
1650165390,0.0,0.000147315,0.0,1.0877847671508787e-05,1.0728836059570312e-05,363.0,148.0
1650165391,0.0,0.000344978,0.0,1.0877847671508787e-05,1.0728836059570312e-05,528.0,218.0
1650165392,0.0,0.000321317,0.0,1.0877847671508787e-05,1.0728836059570312e-05,528.0,218.0
1650165393,0.0,0.000321317,0.0,1.0877847671508787e-05,1.0728836059570312e-05,528.0,218.0
1650165394,0.0,0.0001407555,0.0,1.0877847671508787e-05,1.0728836059570312e-05,429.0,93.5
1650165395,0.0,0.0001407555,0.0,1.0877847671508787e-05,1.0728836059570312e-05,429.0,93.5
1650165396,0.0,0.000141174,0.0,1.0699033737182615e-05,1.055002212524414e-05,198.0,87.5
1650165397,0.0,0.000141174,0.0,1.0699033737182615e-05,1.055002212524414e-05,198.0,87.5
1650165398,0.0,0.0001144105,0.0,1.0699033737182615e-05,1.055002212524414e-05,165.0,109.0
1650165399,0.0,0.0001144105,0.0,1.0699033737182615e-05,1.055002212524414e-05,165.0,109.0
1650165400,0.0,0.0003799855,0.0,1.0699033737182615e-05,1.055002212524414e-05,696.5,218.0
1650165401,0.0,0.000224969,0.0,1.0699033737182615e-05,1.055002212524414e-05,263.0,175.0
1650165402,0.0,0.000151794,0.0,1.0520219802856444e-05,1.0371208190917969e-05,198.0,109.0
1650165403,0.0,0.00066347,0.0,1.0699033737182615e-05,1.055002212524414e-05,600.0,249.0
1650165404,0.0,0.00066347,0.0,1.0699033737182615e-05,1.055002212524414e-05,600.0,249.0
1650165405,0.0,0.000123246,0.0,1.0699033737182615e-05,1.055002212524414e-05,264.0,142.0
1650165406,0.0,0.000123246,0.0,1.0699033737182615e-05,1.055002212524414e-05,264.0,142.0
1650165407,0.0,0.0,0.0,1.0699033737182615e-05,1.055002212524414e-05,99.0,39.0
1650165408,0.0,0.0,0.0,1.0699033737182615e-05,1.055002212524414e-05,74.0,0.0
1650165409,0.0,0.0,0.0,1.0699033737182615e-05,1.055002212524414e-05,74.0,0.0
1650165410,0.0,0.0003291805,0.0,1.0877847671508787e-05,1.0728836059570312e-05,366.5,183.0
1650165411,0.0,0.000250188,0.0,1.0877847671508787e-05,1.0728836059570312e-05,239.0,42.0
1650165412,0.0,0.0,0.0,1.0877847671508787e-05,1.0728836059570312e-05,271.0,0.0
1650165413,0.0,0.0,0.0,1.0877847671508787e-05,1.0728836059570312e-05,271.0,0.0
1650165414,0.0,0.000415852,0.0,1.132488250732422e-05,1.1175870895385742e-05,399.5,436.5
1650165415,0.0,0.00064772,0.0,1.1116266250610352e-05,1.0967254638671877e-05,989.0,568.0
1650165416,0.0,0.00064772,0.0,1.1116266250610352e-05,1.0967254638671877e-05,989.0,568.0
1650165417,0.0,0.0002435505,0.0,1.1116266250610352e-05,1.0967254638671877e-05,396.0,196.5
1650165418,0.0,0.0002435505,0.0,1.1116266250610352e-05,1.0967254638671877e-05,396.0,196.5
1650165419,0.0,0.0003799435,0.0,1.093745231628418e-05,1.0788440704345705e-05,462.0,163.5
1650165420,0.0,0.000257371,0.0,1.093745231628418e-05,1.0788440704345705e-05,527.0,218.0
1650165421,0.0,0.000190324,0.0,1.093745231628418e-05,1.0788440704345705e-05,263.0,109.0
1650165422,0.0,0.000153083,0.0,1.093745231628418e-05,1.0788440704345705e-05,197.0,0.0
1650165423,0.0,0.000153083,0.0,1.093745231628418e-05,1.0788440704345705e-05,197.0,0.0
1650165424,0.0,0.0001432795,0.0,1.0758638381958008e-05,1.0609626770019531e-05,197.5,189.0
1650165425,0.0,0.0,0.0,1.0758638381958008e-05,1.0609626770019531e-05,74.0,0.0
1650165426,0.0,0.000517445,0.0,1.093745231628418e-05,1.0788440704345705e-05,668.0,424.0
1650165427,0.0,0.000517445,0.0,1.093745231628418e-05,1.0788440704345705e-05,668.0,424.0
1650165428,0.0,0.000216821,0.0,1.093745231628418e-05,1.0788440704345705e-05,230.0,87.5
1650165429,0.0,0.000304848,0.0,1.093745231628418e-05,1.0788440704345705e-05,525.0,218.0
1650165430,0.0,0.0,0.0,1.093745231628418e-05,1.0788440704345705e-05,197.0,0.0
1650165431,0.0,0.0,0.0,1.093745231628418e-05,1.0788440704345705e-05,197.0,0.0
1650165432,0.0,0.0001400575,0.0,1.093745231628418e-05,1.0788440704345705e-05,264.0,142.0
1650165433,0.0,0.00043563,0.0,1.093745231628418e-05,1.0788440704345705e-05,594.0,327.0
1650165434,0.0,0.00043563,0.0,1.093745231628418e-05,1.0788440704345705e-05,594.0,327.0
1650165435,0.0,0.0001598845,0.0,1.0758638381958008e-05,1.0609626770019531e-05,198.0,54.5
1650165436,0.0,0.000397775,0.0,1.093745231628418e-05,1.0788440704345705e-05,478.0,183.0
1650165437,0.0,0.000397775,0.0,1.093745231628418e-05,1.0788440704345705e-05,478.0,183.0
1650165438,0.0,5.9818e-05,0.0,1.093745231628418e-05,1.0788440704345705e-05,99.0,33.0
1650165439,0.0,0.0,0.0,1.093745231628418e-05,1.0788440704345705e-05,74.0,0.0
1650165440,0.0,0.0,0.0,1.093745231628418e-05,1.0788440704345705e-05,74.0,0.0
1650165441,0.0,0.0,0.0,1.093745231628418e-05,1.0788440704345705e-05,74.0,0.0
1650165442,0.0,0.000362767,0.0,1.1116266250610352e-05,1.0967254638671877e-05,478.0,183.0
1650165443,0.0,0.000362767,0.0,1.1116266250610352e-05,1.0967254638671877e-05,478.0,183.0
1650165444,0.0,0.0001321465,0.0,1.1116266250610352e-05,1.0967254638671877e-05,99.0,0.0
1650165445,0.0,0.0001321465,0.0,1.1116266250610352e-05,1.0967254638671877e-05,99.0,0.0
1650165446,0.0,0.000308426,0.0,1.1295080184936523e-05,1.1146068572998049e-05,399.5,303.5
1650165447,0.0,0.000308426,0.0,1.1295080184936523e-05,1.1146068572998049e-05,399.5,303.5
1650165448,0.0,0.000281234,0.0,1.1295080184936523e-05,1.1146068572998049e-05,396.0,229.5
1650165449,0.0,0.000281234,0.0,1.1295080184936523e-05,1.1146068572998049e-05,396.0,229.5
1650165450,0.0,0.000299575,0.0,1.093745231628418e-05,1.0788440704345705e-05,429.0,196.5
1650165451,0.0,0.000676173,0.0,1.0758638381958008e-05,1.0609626770019531e-05,923.0,327.0
1650165452,0.0,0.000612772,0.0,1.093745231628418e-05,1.0788440704345705e-05,668.0,424.0
1650165453,0.0,0.000612772,0.0,1.093745231628418e-05,1.0788440704345705e-05,668.0,424.0
1650165454,0.0,0.000353802,0.0,1.093745231628418e-05,1.0788440704345705e-05,395.5,416.0
1650165455,0.0,0.000528827,0.0,1.093745231628418e-05,1.0788440704345705e-05,792.0,327.0
1650165456,0.0,0.000528827,0.0,1.093745231628418e-05,1.0788440704345705e-05,792.0,327.0
1650165457,0.0,0.000280257,0.0,1.093745231628418e-05,1.0788440704345705e-05,396.0,163.5
1650165458,0.0,0.000318807,0.0,1.093745231628418e-05,1.0788440704345705e-05,528.0,218.0
1650165459,0.0,0.000318807,0.0,1.093745231628418e-05,1.0788440704345705e-05,528.0,218.0
1650165460,0.0,0.0003305,0.0,1.0758638381958008e-05,1.0609626770019531e-05,494.0,218.0
1650165461,0.0,0.000634362,0.0,1.0758638381958008e-05,1.0609626770019531e-05,790.0,327.0
1650165462,0.0,0.001369,0.0,1.0758638381958008e-05,1.0609626770019531e-05,1591.0,817.0
1650165463,0.0,0.001369,0.0,1.0758638381958008e-05,1.0609626770019531e-05,1591.0,817.0
1650165464,0.0,0.000551272,0.0,1.0758638381958008e-05,1.0609626770019531e-05,659.0,543.0
1650165465,0.0,0.000551272,0.0,1.0758638381958008e-05,1.0609626770019531e-05,659.0,543.0
1650165466,0.0,0.0002942345,0.0,1.0758638381958008e-05,1.0609626770019531e-05,396.0,163.5
1650165467,0.0,0.000390665,0.0,1.0758638381958008e-05,1.0609626770019531e-05,527.0,218.0
1650165468,0.0,0.000157487,0.0,1.0758638381958008e-05,1.0609626770019531e-05,306.0,151.0
1650165469,0.0,0.000157487,0.0,1.0758638381958008e-05,1.0609626770019531e-05,306.0,151.0
1650165470,0.005,0.000196783,0.0,1.0758638381958008e-05,1.0609626770019531e-05,264.0,109.0
1650165471,0.0,0.000757233,0.0,1.0758638381958008e-05,1.0609626770019531e-05,1056.0,436.0
1650165472,0.0,0.000757233,0.0,1.0758638381958008e-05,1.0609626770019531e-05,1056.0,436.0
1650165473,0.0,0.0003671065,0.0,1.0758638381958008e-05,1.0609626770019531e-05,399.5,417.5
1650165474,0.0,0.000437097,0.0,1.0758638381958008e-05,1.0609626770019531e-05,528.0,350.0
1650165475,0.0,0.000227128,0.0,1.0758638381958008e-05,1.0609626770019531e-05,264.0,175.0
1650165476,0.0,0.000346617,0.0,1.0758638381958008e-05,1.0609626770019531e-05,528.0,218.0
1650165477,0.0,0.000346617,0.0,1.0758638381958008e-05,1.0609626770019531e-05,528.0,218.0
1650165478,0.0,0.0002389015,0.0,1.0758638381958008e-05,1.0609626770019531e-05,396.0,163.5
1650165479,0.0,0.000416142,0.0,1.0758638381958008e-05,1.0609626770019531e-05,792.0,327.0
1650165480,0.0,0.000290643,0.0,1.0758638381958008e-05,1.0609626770019531e-05,528.0,218.0
1650165481,0.0,0.000290643,0.0,1.0758638381958008e-05,1.0609626770019531e-05,528.0,218.0
1650165482,0.0,0.000211332,0.0,1.0758638381958008e-05,1.0609626770019531e-05,396.0,163.5
1650165483,0.0,0.000943026,0.0,1.0758638381958008e-05,1.0609626770019531e-05,1064.0,736.0
1650165484,0.0,0.000943026,0.0,1.0758638381958008e-05,1.0609626770019531e-05,1064.0,736.0
1650165485,0.0,0.0001661665,0.0,1.0758638381958008e-05,1.0609626770019531e-05,264.0,175.0
1650165486,0.0,0.0001661665,0.0,1.0758638381958008e-05,1.0609626770019531e-05,264.0,175.0
1650165487,0.0,0.000142004,0.0,1.0758638381958008e-05,1.0609626770019531e-05,264.0,142.0
1650165488,0.0,0.000142004,0.0,1.0758638381958008e-05,1.0609626770019531e-05,264.0,142.0
1650165489,0.0,0.0003253575,0.0,1.0758638381958008e-05,1.0609626770019531e-05,527.5,218.0
1650165490,0.0,0.000439943,0.0,1.0758638381958008e-05,1.0609626770019531e-05,791.0,327.0
1650165491,0.0,0.000278361,0.0,1.0758638381958008e-05,1.0609626770019531e-05,527.0,218.0
1650165492,0.0,0.000278361,0.0,1.0758638381958008e-05,1.0609626770019531e-05,527.0,218.0
1650165493,0.0,0.000300752,0.0,1.0758638381958008e-05,1.0609626770019531e-05,395.0,400.5
1650165494,0.0,0.000300752,0.0,1.0758638381958008e-05,1.0609626770019531e-05,395.0,400.5
1650165495,0.0,0.0004444415,0.0,1.0758638381958008e-05,1.0609626770019531e-05,531.5,233.5
1650165496,0.0,0.000365792,0.0,1.0758638381958008e-05,1.0609626770019531e-05,526.0,350.0
1650165497,0.0,0.000365792,0.0,1.0758638381958008e-05,1.0609626770019531e-05,526.0,350.0
1650165498,0.0,0.00012898,0.0,1.0758638381958008e-05,1.0609626770019531e-05,264.0,142.0
1650165499,0.0,0.000170866,0.0,1.0758638381958008e-05,1.0609626770019531e-05,263.0,109.0
1650165500,0.0,0.000170866,0.0,1.0758638381958008e-05,1.0609626770019531e-05,263.0,109.0
1650165501,0.0,0.0002091295,0.0,1.0758638381958008e-05,1.0609626770019531e-05,395.5,163.5
1650165502,0.0,0.000577085,0.0,1.0758638381958008e-05,1.0609626770019531e-05,792.0,327.0
1650165503,0.0,0.000276567,0.0,1.0758638381958008e-05,1.0609626770019531e-05,264.0,901.0
1650165504,0.0,0.000276567,0.0,1.0758638381958008e-05,1.0609626770019531e-05,264.0,901.0
1650165505,0.0,0.000186695,0.0,1.0579824447631836e-05,1.043081283569336e-05,330.0,109.0
1650165506,0.0,0.000490949,0.0,1.0758638381958008e-05,1.0609626770019531e-05,667.0,424.0
1650165507,0.0,0.0003349,0.0,1.0758638381958008e-05,1.0609626770019531e-05,527.0,350.0
1650165508,0.0,0.0003349,0.0,1.0758638381958008e-05,1.0609626770019531e-05,527.0,350.0
1650165509,0.0,0.0002409825,0.0,1.0758638381958008e-05,1.0609626770019531e-05,263.0,109.0
1650165510,0.0,0.000508975,0.0,1.0758638381958008e-05,1.0609626770019531e-05,792.0,327.0
1650165511,0.0,0.000508975,0.0,1.0758638381958008e-05,1.0609626770019531e-05,792.0,327.0
1650165512,0.0,0.000149472,0.0,1.0758638381958008e-05,1.0609626770019531e-05,264.0,109.0
1650165513,0.0,0.000149472,0.0,1.0758638381958008e-05,1.0609626770019531e-05,264.0,109.0
1650165514,0.0,0.000285184,0.0,1.0758638381958008e-05,1.0609626770019531e-05,395.5,403.0
1650165515,0.0,0.000285184,0.0,1.0758638381958008e-05,1.0609626770019531e-05,395.5,403.0
1650165516,0.005,0.0003951505,0.0,1.0579824447631836e-05,1.043081283569336e-05,594.0,218.0
1650165517,0.0,0.000308556,0.0,1.0758638381958008e-05,1.0609626770019531e-05,403.0,249.0
1650165518,0.0,0.000244801,0.0,1.0758638381958008e-05,1.0609626770019531e-05,570.0,392.0
1650165519,0.0,0.000244801,0.0,1.0758638381958008e-05,1.0609626770019531e-05,570.0,392.0
1650165520,0.0,0.0001696205,0.0,1.0758638381958008e-05,1.0609626770019531e-05,263.0,142.0
1650165521,0.0,0.0001696205,0.0,1.0758638381958008e-05,1.0609626770019531e-05,263.0,142.0
1650165522,0.0,0.000145332,0.0,1.0758638381958008e-05,1.0609626770019531e-05,264.0,109.0
1650165523,0.0,0.000449843,0.0,1.0758638381958008e-05,1.0609626770019531e-05,527.0,796.0
1650165524,0.0,0.000556519,0.0,1.0758638381958008e-05,1.0609626770019531e-05,791.0,327.0
1650165525,0.0,0.000392655,0.01,1.0758638381958008e-05,1.0609626770019531e-05,528.0,218.0
1650165526,0.0,0.000392655,0.01,1.0758638381958008e-05,1.0609626770019531e-05,528.0,218.0
1650165527,0.0,0.0002331895,0.0,1.0579824447631836e-05,1.043081283569336e-05,330.0,109.0
1650165528,0.0,0.0002331895,0.0,1.0579824447631836e-05,1.043081283569336e-05,330.0,109.0
1650165529,0.0,0.0003454255,0.0,1.0758638381958008e-05,1.0609626770019531e-05,598.0,387.0
1650165530,0.0,0.0003454255,0.0,1.0758638381958008e-05,1.0609626770019531e-05,598.0,387.0
1650165531,0.0,0.000285827,0.0,1.0758638381958008e-05,1.0609626770019531e-05,395.5,163.5
1650165532,0.0,0.000236971,0.0,1.0758638381958008e-05,1.0609626770019531e-05,264.0,109.0
1650165533,0.0,0.000745504,0.0,1.0758638381958008e-05,1.0609626770019531e-05,1055.0,1334.0
1650165534,0.0,0.000745504,0.0,1.0758638381958008e-05,1.0609626770019531e-05,1055.0,1334.0
1650165535,0.0,0.000154852,0.0,1.0758638381958008e-05,1.0609626770019531e-05,264.0,109.0
1650165536,0.0,0.000710971,0.0,1.0758638381958008e-05,1.0609626770019531e-05,1055.0,436.0
1650165537,0.0,0.000710971,0.0,1.0758638381958008e-05,1.0609626770019531e-05,1055.0,436.0
1650165538,0.0,0.000392784,0.0,1.0579824447631836e-05,1.043081283569336e-05,594.0,218.0
1650165539,0.0,0.000392784,0.0,1.0579824447631836e-05,1.043081283569336e-05,594.0,218.0
1650165540,0.0,0.000291489,0.0,1.0758638381958008e-05,1.0609626770019531e-05,466.0,299.5
1650165541,0.0,0.000291489,0.0,1.0758638381958008e-05,1.0609626770019531e-05,466.0,299.5
1650165542,0.0,0.000234438,0.0,1.0758638381958008e-05,1.0609626770019531e-05,395.5,196.5
1650165543,0.0,0.000868446,0.0,1.0758638381958008e-05,1.0609626770019531e-05,792.0,907.0
1650165544,0.0,0.000868446,0.0,1.0758638381958008e-05,1.0609626770019531e-05,792.0,907.0
1650165545,0.0,0.0003320295,0.0,1.0758638381958008e-05,1.0609626770019531e-05,528.0,218.0
1650165546,0.0,0.000459291,0.0,1.0758638381958008e-05,1.0609626770019531e-05,791.0,327.0
1650165547,0.0,0.000284877,0.0,1.0758638381958008e-05,1.0609626770019531e-05,527.0,218.0
1650165548,0.0,0.000284877,0.0,1.0758638381958008e-05,1.0609626770019531e-05,527.0,218.0
1650165549,0.0,0.0002668455,0.0,1.0758638381958008e-05,1.0609626770019531e-05,396.0,163.5
1650165550,0.0,0.000724818,0.0,1.0758638381958008e-05,1.0609626770019531e-05,1064.0,533.0
1650165551,0.0,0.000724818,0.0,1.0758638381958008e-05,1.0609626770019531e-05,1064.0,533.0
1650165552,0.0,0.0003060405,0.0,1.0788440704345705e-05,1.0639429092407228e-05,394.5,229.5
1650165553,0.0,0.0003060405,0.0,1.0788440704345705e-05,1.0639429092407228e-05,394.5,229.5
1650165554,0.0,0.0002216865,0.0,1.0788440704345705e-05,1.0639429092407228e-05,264.0,503.0
1650165555,0.0,0.0002216865,0.0,1.0788440704345705e-05,1.0639429092407228e-05,264.0,503.0
1650165556,0.0,0.0002254085,0.0,1.0788440704345705e-05,1.0639429092407228e-05,396.0,163.5
1650165557,0.0,0.000523926,0.0,1.0788440704345705e-05,1.0639429092407228e-05,790.0,327.0
1650165558,0.0,0.000523926,0.0,1.0788440704345705e-05,1.0639429092407228e-05,790.0,327.0
1650165559,0.0,0.0002342605,0.0,1.0788440704345705e-05,1.0639429092407228e-05,396.0,163.5
1650165560,0.0,0.0002342605,0.0,1.0788440704345705e-05,1.0639429092407228e-05,396.0,163.5
1650165561,0.0,0.000307986,0.0,1.0609626770019531e-05,1.0460615158081056e-05,462.0,163.5
1650165562,0.0,0.000334822,0.0,1.0788440704345705e-05,1.0639429092407228e-05,404.0,249.0
1650165563,0.0,0.000334822,0.0,1.0788440704345705e-05,1.0639429092407228e-05,404.0,249.0
1650165564,0.0,0.0002653425,0.0,1.0788440704345705e-05,1.0639429092407228e-05,395.5,396.5
1650165565,0.0,0.000301493,0.0,1.0788440704345705e-05,1.0639429092407228e-05,528.0,218.0
1650165566,0.0,0.00029143,0.0,1.0788440704345705e-05,1.0639429092407228e-05,528.0,218.0
1650165567,0.0,0.000134948,0.0,1.0788440704345705e-05,1.0639429092407228e-05,264.0,109.0
1650165568,0.0,0.000337874,0.0,1.0788440704345705e-05,1.0639429092407228e-05,570.0,260.0
1650165569,0.0,0.000337874,0.0,1.0788440704345705e-05,1.0639429092407228e-05,570.0,260.0
1650165570,0.0,0.0001249125,0.0,1.0788440704345705e-05,1.0639429092407228e-05,132.0,54.5
1650165571,0.0,0.000427592,0.0,1.0788440704345705e-05,1.0639429092407228e-05,792.0,327.0
1650165572,0.0,0.000427592,0.0,1.0788440704345705e-05,1.0639429092407228e-05,792.0,327.0
1650165573,0.0,0.000204851,0.0,1.0609626770019531e-05,1.0460615158081056e-05,198.0,239.0
1650165574,0.0,0.000204851,0.0,1.0609626770019531e-05,1.0460615158081056e-05,198.0,239.0
1650165575,0.0,0.0004009345,0.0,1.0788440704345705e-05,1.0639429092407228e-05,598.0,387.0
1650165576,0.0,0.000399922,0.0,1.0788440704345705e-05,1.0639429092407228e-05,527.0,218.0
1650165577,0.0,0.000145765,0.0,1.0788440704345705e-05,1.0639429092407228e-05,264.0,109.0
1650165578,0.0,0.000318131,0.0,1.0788440704345705e-05,1.0639429092407228e-05,528.0,218.0
1650165579,0.0,0.000318131,0.0,1.0788440704345705e-05,1.0639429092407228e-05,528.0,218.0
1650165580,0.0,0.0001823225,0.0,1.0788440704345705e-05,1.0639429092407228e-05,264.0,109.0
1650165581,0.0,0.000131985,0.0,1.0788440704345705e-05,1.0639429092407228e-05,264.0,109.0
1650165582,0.0,0.000354603,0.0,1.0788440704345705e-05,1.0639429092407228e-05,528.0,218.0
1650165583,0.0,0.000354603,0.0,1.0788440704345705e-05,1.0639429092407228e-05,528.0,218.0
1650165584,0.0,0.000485037,0.0,1.0788440704345705e-05,1.0639429092407228e-05,532.0,524.0
1650165585,0.0,0.000395135,0.0,1.0788440704345705e-05,1.0639429092407228e-05,527.0,350.0
1650165586,0.0,0.000395135,0.0,1.0788440704345705e-05,1.0639429092407228e-05,527.0,350.0
1650165587,0.0,0.00024173,0.0,1.0788440704345705e-05,1.0639429092407228e-05,396.0,196.5
1650165588,0.0,0.000515328,0.0,1.0788440704345705e-05,1.0639429092407228e-05,792.0,327.0
1650165589,0.0,0.000515328,0.0,1.0788440704345705e-05,1.0639429092407228e-05,792.0,327.0
1650165590,0.0,0.000300044,0.0,1.0788440704345705e-05,1.0639429092407228e-05,527.0,218.0
1650165591,0.0,0.000462323,0.0,1.0788440704345705e-05,1.0639429092407228e-05,790.0,327.0
1650165592,0.0,0.000462323,0.0,1.0788440704345705e-05,1.0639429092407228e-05,790.0,327.0
1650165593,0.0,0.000251797,0.0,1.0788440704345705e-05,1.0639429092407228e-05,263.5,450.5
1650165594,0.0,0.000251797,0.0,1.0788440704345705e-05,1.0639429092407228e-05,263.5,450.5
1650165595,0.0,0.0003328395,0.0,1.0788440704345705e-05,1.0639429092407228e-05,532.0,233.5
1650165596,0.0,0.000243472,0.0,1.0788440704345705e-05,1.0639429092407228e-05,527.0,350.0
1650165597,0.0,0.000243472,0.0,1.0788440704345705e-05,1.0639429092407228e-05,527.0,350.0
1650165598,0.0,0.0003007125,0.0,1.0788440704345705e-05,1.0639429092407228e-05,528.0,251.0
1650165599,0.0,0.00047726,0.0,1.0788440704345705e-05,1.0639429092407228e-05,790.0,327.0
1650165600,0.0,0.00047726,0.0,1.0788440704345705e-05,1.0639429092407228e-05,790.0,327.0
1650165601,0.0,0.000284537,0.0,1.0788440704345705e-05,1.0639429092407228e-05,395.5,163.5
1650165602,0.0,0.000178775,0.0,1.0788440704345705e-05,1.0639429092407228e-05,264.0,109.0
1650165603,0.0,0.000717263,0.0,1.0788440704345705e-05,1.0639429092407228e-05,528.0,800.0
1650165604,0.0,0.000717263,0.0,1.0788440704345705e-05,1.0639429092407228e-05,528.0,800.0
1650165605,0.0,0.0002785925,0.0,1.0788440704345705e-05,1.0639429092407228e-05,263.5,109.0
1650165606,0.0,0.000923001,0.0,1.0788440704345705e-05,1.0639429092407228e-05,1062.0,533.0
1650165607,0.0,0.000923001,0.0,1.0788440704345705e-05,1.0639429092407228e-05,1062.0,533.0
1650165608,0.0,7.95865e-05,0.0,1.0788440704345705e-05,1.0639429092407228e-05,132.0,87.5
1650165609,0.0,0.00058536,0.0,1.0788440704345705e-05,1.0639429092407228e-05,792.0,393.0
1650165610,0.0,0.000456151,0.0,1.0788440704345705e-05,1.0639429092407228e-05,527.0,218.0
1650165611,0.0,0.000456151,0.0,1.0788440704345705e-05,1.0639429092407228e-05,527.0,218.0
1650165612,0.0,0.000316312,0.0,1.0788440704345705e-05,1.0639429092407228e-05,396.0,163.5
1650165613,0.0,0.000755476,0.0,1.0788440704345705e-05,1.0639429092407228e-05,792.0,1118.0
1650165614,0.0,0.000755476,0.0,1.0788440704345705e-05,1.0639429092407228e-05,792.0,1118.0
1650165615,0.0,0.0002639625,0.0,1.0788440704345705e-05,1.0639429092407228e-05,395.5,163.5
1650165616,0.0,0.000187432,0.0,1.0788440704345705e-05,1.0639429092407228e-05,264.0,109.0
1650165617,0.0,0.000187432,0.0,1.0788440704345705e-05,1.0639429092407228e-05,264.0,109.0
1650165618,0.0,0.00039838,0.0,1.0788440704345705e-05,1.0639429092407228e-05,532.0,266.5
1650165619,0.0,0.00040776,0.0,1.0788440704345705e-05,1.0639429092407228e-05,570.0,392.0
1650165620,0.0,0.00040776,0.0,1.0788440704345705e-05,1.0639429092407228e-05,570.0,392.0
1650165621,0.0,0.0001309985,0.0,1.0788440704345705e-05,1.0639429092407228e-05,131.5,54.5
1650165622,0.0,0.0,0.0,1.0788440704345705e-05,1.0639429092407228e-05,0.0,0.0
1650165623,0.0,0.0,0.0,1.0788440704345705e-05,1.0639429092407228e-05,0.0,0.0
1650165624,0.0,0.0,0.0,1.0788440704345705e-05,1.0639429092407228e-05,0.0,0.0
1650165625,0.0,3.671333333333333e-05,0.0,1.0788440704345705e-05,1.0639429092407228e-05,0.0,124.33333333333331
1650165626,0.0,0.0,0.0,1.0788440704345705e-05,1.0639429092407228e-05,0.0,0.0
1650165627,0.0,0.0,0.0,1.0788440704345705e-05,1.0639429092407228e-05,0.0,0.0
1650165628,0.0,0.0,0.0,1.0788440704345705e-05,1.0639429092407228e-05,0.0,0.0
1650165629,0.0,0.0,0.0,1.0788440704345705e-05,1.0639429092407228e-05,0.0,0.0
1650165630,0.0,0.0,0.0,1.0788440704345705e-05,1.0639429092407228e-05,0.0,0.0
1650165631,0.0,0.0,0.0,1.0788440704345705e-05,1.0639429092407228e-05,0.0,0.0
1650165632,0.0,0.0,0.0,1.0788440704345705e-05,1.0639429092407228e-05,0.0,0.0
1650165633,0.0,0.0,0.0,1.0788440704345705e-05,1.0639429092407228e-05,0.0,0.0
1650165634,0.0,0.0,0.0,1.0788440704345705e-05,1.0639429092407228e-05,0.0,0.0
1650165635,0.0,0.0,0.0,1.0788440704345705e-05,1.0639429092407228e-05,0.0,0.0
1650165636,0.0,6.8051428571428566e-06,0.0,1.0788440704345705e-05,1.0639429092407228e-05,0.0,0.0
1650165637,0.0,0.0,0.0,1.0788440704345705e-05,1.0639429092407228e-05,0.0,0.0
1650165638,0.0,0.0,0.0,1.0788440704345705e-05,1.0639429092407228e-05,0.0,0.0
1650165639,0.0,0.0,0.0,1.0788440704345705e-05,1.0639429092407228e-05,0.0,0.0
1650165640,0.0,0.0,0.0,1.0788440704345705e-05,1.0639429092407228e-05,0.0,0.0
1650165641,0.0,0.0,0.0,1.0788440704345705e-05,1.0639429092407228e-05,0.0,0.0
1650165642,0.0,0.0,0.0,1.0788440704345705e-05,1.0639429092407228e-05,0.0,0.0
1650165643,0.0,0.0,0.0,1.0788440704345705e-05,1.0639429092407228e-05,0.0,0.0
1650165644,0.0,0.0,0.0,1.0788440704345705e-05,1.0639429092407228e-05,0.0,0.0
1650165645,0.0,0.0,0.0,1.0788440704345705e-05,1.0639429092407228e-05,0.0,0.0
1650165646,0.0,0.0,0.0,1.0788440704345705e-05,1.0639429092407228e-05,0.0,0.0
1650165647,0.0,4.684625e-06,0.0,1.0788440704345705e-05,1.0639429092407228e-05,0.0,0.0
1650165648,0.0,4.684625e-06,0.0,1.0788440704345705e-05,1.0639429092407228e-05,0.0,0.0
1650165649,0.0,0.0,0.0,1.0788440704345705e-05,1.0639429092407228e-05,0.0,0.0
1650165650,0.0,0.0,0.0,1.0788440704345705e-05,1.0639429092407228e-05,0.0,0.0
1650165651,0.0,0.0,0.0,1.0788440704345705e-05,1.0639429092407228e-05,0.0,0.0
1650165652,0.0,0.0,0.0,1.0788440704345705e-05,1.0639429092407228e-05,0.0,0.0
1650165653,0.0,0.0,0.0,1.0788440704345705e-05,1.0639429092407228e-05,0.0,0.0
1650165654,0.0,0.0,0.0,1.0788440704345705e-05,1.0639429092407228e-05,0.0,0.0
1650165655,0.0,0.0,0.0,1.0788440704345705e-05,1.0639429092407228e-05,0.0,0.0
1650165656,0.0,0.0,0.0,1.0788440704345705e-05,1.0639429092407228e-05,0.0,0.0
1650165657,0.0,0.0,0.0,1.0788440704345705e-05,1.0639429092407228e-05,0.0,0.0
1650165658,0.0,6.443714285714285e-06,0.0,1.0788440704345705e-05,1.0639429092407228e-05,0.0,0.0
1650165659,0.0,6.443714285714285e-06,0.0,1.0788440704345705e-05,1.0639429092407228e-05,0.0,0.0
1650165660,0.0,0.0,0.0,1.0788440704345705e-05,1.0639429092407228e-05,0.0,0.0
1650165661,0.0,0.0,0.0,1.0788440704345705e-05,1.0639429092407228e-05,0.0,0.0
1650165662,0.0,0.0,0.0,1.0788440704345705e-05,1.0639429092407228e-05,0.0,0.0
1650165663,0.0,0.0,0.0,1.0788440704345705e-05,1.0639429092407228e-05,0.0,0.0
1650165664,0.0,0.0,0.0,1.0788440704345705e-05,1.0639429092407228e-05,0.0,0.0
1650165665,0.0,0.0,0.0,1.0788440704345705e-05,1.0639429092407228e-05,0.0,0.0
1650165666,0.0,0.0,0.0,1.0788440704345705e-05,1.0639429092407228e-05,0.0,0.0
1650165667,0.0,0.0,0.0,1.0788440704345705e-05,1.0639429092407228e-05,0.0,0.0
1650165668,0.0,0.0,0.0,1.0788440704345705e-05,1.0639429092407228e-05,0.0,0.0
1650165669,0.0,0.0,0.0,1.0788440704345705e-05,1.0639429092407228e-05,0.0,0.0
1650165670,0.0,5.878e-06,0.0,1.0788440704345705e-05,1.0639429092407228e-05,0.0,0.0
1650165671,0.0,0.0,0.0,1.0788440704345705e-05,1.0639429092407228e-05,0.0,0.0
1650165672,0.0,0.0,0.0,1.0788440704345705e-05,1.0639429092407228e-05,0.0,0.0
1650165673,0.0,2.01835e-05,0.0,1.0788440704345705e-05,1.0639429092407228e-05,0.0,0.0
1650165674,0.0,2.01835e-05,0.0,1.0788440704345705e-05,1.0639429092407228e-05,0.0,0.0
1650165675,0.0,0.0,0.0,1.0788440704345705e-05,1.0639429092407228e-05,0.0,0.0
1650165676,0.0,0.0,0.0,1.0788440704345705e-05,1.0639429092407228e-05,0.0,0.0
1650165677,0.0,0.0,0.0,1.0788440704345705e-05,1.0639429092407228e-05,0.0,0.0
1650165678,0.0,0.0,0.0,1.0788440704345705e-05,1.0639429092407228e-05,0.0,0.0
1650165679,0.0,0.0,0.0,1.0788440704345705e-05,1.0639429092407228e-05,0.0,0.0
1650165680,0.0,0.0,0.0,1.0788440704345705e-05,1.0639429092407228e-05,0.0,0.0
1650165681,0.0,0.0,0.0,1.0788440704345705e-05,1.0639429092407228e-05,0.0,0.0
1650165682,0.0,0.0,0.0,1.0788440704345705e-05,1.0639429092407228e-05,0.0,0.0
1650165683,0.0,0.0,0.0,1.0788440704345705e-05,1.0639429092407228e-05,0.0,0.0
1650165684,0.0,0.0,0.0,1.0788440704345705e-05,1.0639429092407228e-05,0.0,0.0
1650165685,0.0,0.0,0.0,1.0788440704345705e-05,1.0639429092407228e-05,0.0,0.0
1650165686,0.0,0.0,0.0,1.0788440704345705e-05,1.0639429092407228e-05,0.0,0.0
1650165687,0.0,0.0,0.0,1.0788440704345705e-05,1.0639429092407228e-05,0.0,0.0
1650165688,0.0,0.0,0.0,1.0788440704345705e-05,1.0639429092407228e-05,0.0,0.0
1650165689,0.0,0.0,0.0,1.0788440704345705e-05,1.0639429092407228e-05,0.0,0.0
1650165690,0.0,0.0,0.0,1.0788440704345705e-05,1.0639429092407228e-05,0.0,0.0
1650165691,0.0,0.0,0.0,1.0788440704345705e-05,1.0639429092407228e-05,0.0,0.0
1650165692,0.0,0.0,0.0,1.0788440704345705e-05,1.0639429092407228e-05,0.0,0.0
1650165693,0.0,0.0,0.0,1.0788440704345705e-05,1.0639429092407228e-05,0.0,0.0
1650165694,0.0,0.0,0.0,1.0788440704345705e-05,1.0639429092407228e-05,0.0,0.0
1650165695,0.0,0.0,0.0,1.0788440704345705e-05,1.0639429092407228e-05,0.0,0.0
1650165696,0.0,0.0,0.0,1.0788440704345705e-05,1.0639429092407228e-05,0.0,0.0
1650165697,0.0,5.205733333333333e-06,0.0,1.0788440704345705e-05,1.0639429092407228e-05,0.0,0.0
1650165698,0.0,0.0,0.0,1.0788440704345705e-05,1.0639429092407228e-05,0.0,0.0
1650165699,0.0,0.0,0.0,1.0788440704345705e-05,1.0639429092407228e-05,0.0,0.0
1650165700,0.0,0.0,0.0,1.0788440704345705e-05,1.0639429092407228e-05,0.0,0.0
1650165701,0.0,0.0,0.0,1.0788440704345705e-05,1.0639429092407228e-05,0.0,0.0
1650165702,0.0,0.0,0.0,1.0788440704345705e-05,1.0639429092407228e-05,0.0,0.0
1650165703,0.0,0.0,0.0,1.0788440704345705e-05,1.0639429092407228e-05,0.0,0.0
1650165704,0.0,0.0,0.0,1.0788440704345705e-05,1.0639429092407228e-05,0.0,0.0
1650165705,0.0,0.0,0.0,1.0788440704345705e-05,1.0639429092407228e-05,0.0,0.0
1650165706,0.0,0.0,0.0,1.0788440704345705e-05,1.0639429092407228e-05,0.0,0.0
1650165707,0.0,0.0,0.0,1.0788440704345705e-05,1.0639429092407228e-05,0.0,0.0
1650165708,0.0,5.258e-06,0.0,1.0788440704345705e-05,1.0639429092407228e-05,0.0,0.0
1650165709,0.0,5.258e-06,0.0,1.0788440704345705e-05,1.0639429092407228e-05,0.0,0.0
1650165710,0.0,0.0,0.0,1.0788440704345705e-05,1.0639429092407228e-05,0.0,0.0
1650165711,0.0,0.0,0.0,1.0788440704345705e-05,1.0639429092407228e-05,0.0,0.0
1650165712,0.0,0.0,0.0,1.0788440704345705e-05,1.0639429092407228e-05,0.0,0.0
1650165713,0.0,1.3465e-05,0.0,1.0788440704345705e-05,1.0639429092407228e-05,0.0,0.0
1650165714,0.0,0.0,0.0,1.0788440704345705e-05,1.0639429092407228e-05,0.0,0.0
1650165715,0.0,0.0,0.0,1.0788440704345705e-05,1.0639429092407228e-05,0.0,0.0
1650165716,0.0,0.0,0.0,1.0788440704345705e-05,1.0639429092407228e-05,0.0,0.0
1650165717,0.0,0.0,0.0,1.0788440704345705e-05,1.0639429092407228e-05,0.0,0.0
1650165718,0.0,0.0,0.0,1.0788440704345705e-05,1.0639429092407228e-05,0.0,0.0
1650165719,0.0,0.0,0.0,1.0788440704345705e-05,1.0639429092407228e-05,0.0,0.0
1650165720,0.0,0.0,0.0,1.0788440704345705e-05,1.0639429092407228e-05,0.0,0.0
1650165721,0.0,0.0,0.0,1.0788440704345705e-05,1.0639429092407228e-05,0.0,0.0
1650165722,0.0,0.0,0.0,1.0788440704345705e-05,1.0639429092407228e-05,0.0,0.0
1650165723,0.0,0.0,0.0,1.0788440704345705e-05,1.0639429092407228e-05,0.0,0.0
1650165724,0.0,0.0,0.0,1.0788440704345705e-05,1.0639429092407228e-05,0.0,0.0
1650165725,0.0,6.6521428571428565e-06,0.0,1.0788440704345705e-05,1.0639429092407228e-05,0.0,0.0
1650165726,0.0,0.0,0.0,1.0788440704345705e-05,1.0639429092407228e-05,0.0,0.0
1650165727,0.0,0.0,0.0,1.0788440704345705e-05,1.0639429092407228e-05,0.0,0.0
1650165728,0.0,0.0,0.0,1.0788440704345705e-05,1.0639429092407228e-05,0.0,0.0
1650165729,0.0,0.0,0.0,1.0788440704345705e-05,1.0639429092407228e-05,0.0,0.0
1650165730,0.0,0.0,0.0,1.0788440704345705e-05,1.0639429092407228e-05,0.0,0.0
1650165731,0.0,0.0,0.0,1.0788440704345705e-05,1.0639429092407228e-05,0.0,0.0
1650165732,0.0,0.0,0.0,1.0788440704345705e-05,1.0639429092407228e-05,0.0,0.0
1650165733,0.0,8.024e-06,0.0,1.0788440704345705e-05,1.0639429092407228e-05,0.0,0.0
1650165734,0.0,0.0,0.0,1.0788440704345705e-05,1.0639429092407228e-05,0.0,0.0
1650165735,0.0,0.0,0.0,1.0788440704345705e-05,1.0639429092407228e-05,0.0,0.0
1650165736,0.0,0.0,0.0,1.0788440704345705e-05,1.0639429092407228e-05,0.0,0.0
1650165737,0.0,0.0,0.0,1.0788440704345705e-05,1.0639429092407228e-05,0.0,0.0
1650165738,0.0,0.0,0.0,1.0788440704345705e-05,1.0639429092407228e-05,0.0,0.0
1650165739,0.0,0.0,0.0,1.0788440704345705e-05,1.0639429092407228e-05,0.0,0.0
1650165740,0.0,0.0,0.0,1.0788440704345705e-05,1.0639429092407228e-05,0.0,0.0
1650165741,0.0,0.0,0.0,1.0788440704345705e-05,1.0639429092407228e-05,0.0,0.0
1650165742,0.0,0.0,0.0,1.0788440704345705e-05,1.0639429092407228e-05,0.0,0.0
1650165743,0.0,8.3838e-06,0.0,1.0788440704345705e-05,1.0639429092407228e-05,0.0,0.0
1650165744,0.0,0.0,0.0,1.0788440704345705e-05,1.0639429092407228e-05,0.0,0.0
1650165745,0.0,0.0,0.0,1.0788440704345705e-05,1.0639429092407228e-05,0.0,0.0
1650165746,0.0,0.0,0.0,1.0788440704345705e-05,1.0639429092407228e-05,0.0,0.0
1650165747,0.0,0.0,0.0,1.0788440704345705e-05,1.0639429092407228e-05,0.0,0.0
1650165748,0.0,0.0,0.0,1.0788440704345705e-05,1.0639429092407228e-05,0.0,0.0
1650165749,0.0,0.0,0.0,1.0788440704345705e-05,1.0639429092407228e-05,0.0,0.0
1650165750,0.0,0.0,0.0,1.0788440704345705e-05,1.0639429092407228e-05,0.0,0.0
1650165751,0.0,0.0,0.0,1.0788440704345705e-05,1.0639429092407228e-05,0.0,0.0
1650165752,0.0,0.000148584,0.0,1.0788440704345705e-05,1.0639429092407228e-05,200.0,89.5
1650165753,0.0,0.000148584,0.0,1.0788440704345705e-05,1.0639429092407228e-05,200.0,89.5
1650165754,0.0,0.000266142,0.0,1.0788440704345705e-05,1.0639429092407228e-05,396.0,262.5
1650165755,0.0,0.000266142,0.0,1.0788440704345705e-05,1.0639429092407228e-05,396.0,262.5
1650165756,0.0,0.0001822845,0.0,1.0788440704345705e-05,1.0639429092407228e-05,263.5,109.0
1650165757,0.0,0.000517085,0.0,1.0788440704345705e-05,1.0639429092407228e-05,792.0,327.0
1650165758,0.0,0.000517085,0.0,1.0788440704345705e-05,1.0639429092407228e-05,792.0,327.0
1650165759,0.0,0.000311356,0.0,1.0788440704345705e-05,1.0639429092407228e-05,395.5,163.5
1650165760,0.0,0.000485007,0.0,1.0788440704345705e-05,1.0639429092407228e-05,792.0,327.0
1650165761,0.0,0.000485007,0.0,1.0788440704345705e-05,1.0639429092407228e-05,792.0,327.0
1650165762,0.0,0.000271463,0.0,1.0788440704345705e-05,1.0639429092407228e-05,396.0,163.5
1650165763,0.0,0.001059672,0.0,1.0788440704345705e-05,1.0639429092407228e-05,1063.0,802.0
1650165764,0.0,0.001059672,0.0,1.0788440704345705e-05,1.0639429092407228e-05,1063.0,802.0
1650165765,0.0,0.0003190505,0.0,1.0788440704345705e-05,1.0639429092407228e-05,396.0,229.5
1650165766,0.0,0.000263091,0.0,1.0788440704345705e-05,1.0639429092407228e-05,264.0,109.0
1650165767,0.0,0.000408741,0.0,1.0788440704345705e-05,1.0639429092407228e-05,527.0,218.0
1650165768,0.0,0.000905817,0.0,1.0788440704345705e-05,1.0639429092407228e-05,1362.0,587.0
1650165769,0.0,0.000905817,0.0,1.0788440704345705e-05,1.0639429092407228e-05,1362.0,587.0
1650165770,0.005,0.000266022,0.0,1.0788440704345705e-05,1.0639429092407228e-05,264.0,109.0
1650165771,0.005,0.000266022,0.0,1.0788440704345705e-05,1.0639429092407228e-05,264.0,109.0
1650165772,0.0,0.0004194065,0.0,1.0788440704345705e-05,1.0639429092407228e-05,527.5,218.0
1650165773,0.0,0.0004194065,0.0,1.0788440704345705e-05,1.0639429092407228e-05,527.5,218.0
1650165774,0.0,0.0002904655,0.0,1.0609626770019531e-05,1.0460615158081056e-05,330.0,553.0
1650165775,0.0,0.000772528,0.0,1.0788440704345705e-05,1.0639429092407228e-05,931.0,599.0
1650165776,0.0,0.000772528,0.0,1.0788440704345705e-05,1.0639429092407228e-05,931.0,599.0
1650165777,0.0,0.0002843945,0.0,1.0788440704345705e-05,1.0639429092407228e-05,396.0,196.5
1650165778,0.0,0.0002843945,0.0,1.0788440704345705e-05,1.0639429092407228e-05,396.0,196.5
1650165779,0.0,9.8133e-05,0.0,1.0788440704345705e-05,1.0639429092407228e-05,132.0,54.5
1650165780,0.0,0.000677195,0.0,1.0788440704345705e-05,1.0639429092407228e-05,1055.0,436.0
1650165781,0.0,0.000677195,0.0,1.0788440704345705e-05,1.0639429092407228e-05,1055.0,436.0
1650165782,0.0,0.000191843,0.0,1.0788440704345705e-05,1.0639429092407228e-05,264.0,109.0
1650165783,0.0,0.000191843,0.0,1.0788440704345705e-05,1.0639429092407228e-05,264.0,109.0
1650165784,0.0,0.000138051,0.0,1.0788440704345705e-05,1.0639429092407228e-05,132.0,188.5
1650165785,0.0,0.0,0.0,1.0788440704345705e-05,1.0639429092407228e-05,0.0,0.0
1650165786,0.0,0.0,0.0,1.0788440704345705e-05,1.0639429092407228e-05,0.0,0.0
1650165787,0.0,0.0,0.0,1.0788440704345705e-05,1.0639429092407228e-05,0.0,0.0
1650165788,0.0,0.0,0.0,1.0788440704345705e-05,1.0639429092407228e-05,0.0,0.0
1650165789,0.0,0.0,0.0,1.0788440704345705e-05,1.0639429092407228e-05,0.0,0.0
1650165790,0.0,0.0,0.0,1.0788440704345705e-05,1.0639429092407228e-05,0.0,0.0
1650165791,0.0,0.0,0.0,1.0788440704345705e-05,1.0639429092407228e-05,0.0,0.0
1650165792,0.0,0.0,0.0,1.0788440704345705e-05,1.0639429092407228e-05,0.0,0.0
1650165793,0.0,0.0,0.0,1.0788440704345705e-05,1.0639429092407228e-05,0.0,0.0
1650165794,0.0,0.0,0.0,1.0788440704345705e-05,1.0639429092407228e-05,0.0,0.0
1650165795,0.0,0.0,0.0,1.0788440704345705e-05,1.0639429092407228e-05,0.0,0.0
1650165796,0.0,4.28625e-06,0.0,1.0788440704345705e-05,1.0639429092407228e-05,0.0,0.0
1650165797,0.0,0.0,0.0,1.0788440704345705e-05,1.0639429092407228e-05,0.0,0.0
1650165798,0.0,0.0,0.0,1.0788440704345705e-05,1.0639429092407228e-05,0.0,0.0
1650165799,0.0,0.0,0.0,1.0788440704345705e-05,1.0639429092407228e-05,0.0,0.0
1650165800,0.0,0.0,0.0,1.0788440704345705e-05,1.0639429092407228e-05,0.0,0.0
1650165801,0.0,0.0,0.0,1.0788440704345705e-05,1.0639429092407228e-05,0.0,0.0
1650165802,0.0,0.0,0.0,1.0788440704345705e-05,1.0639429092407228e-05,0.0,0.0
1650165803,0.0,0.0,0.0,1.0788440704345705e-05,1.0639429092407228e-05,0.0,0.0
1650165804,0.0,1.160925e-05,0.0,1.0788440704345705e-05,1.0639429092407228e-05,0.0,0.0
1650165805,0.0,1.160925e-05,0.0,1.0788440704345705e-05,1.0639429092407228e-05,0.0,0.0
1650165806,0.0,0.0,0.0,1.0788440704345705e-05,1.0639429092407228e-05,0.0,0.0
1650165807,0.0,0.0,0.0,1.0788440704345705e-05,1.0639429092407228e-05,0.0,0.0
1650165808,0.0,0.0,0.0,1.0788440704345705e-05,1.0639429092407228e-05,0.0,0.0
1650165809,0.0,0.0,0.0,1.0788440704345705e-05,1.0639429092407228e-05,0.0,0.0
1650165810,0.0,0.0,0.0,1.0788440704345705e-05,1.0639429092407228e-05,0.0,0.0
1650165811,0.0,0.0,0.0,1.0788440704345705e-05,1.0639429092407228e-05,0.0,0.0
1650165812,0.0,0.0,0.0,1.0788440704345705e-05,1.0639429092407228e-05,0.0,0.0
1650165813,0.0,0.0,0.0,1.0788440704345705e-05,1.0639429092407228e-05,0.0,0.0
1650165814,0.0,0.0,0.0,1.0788440704345705e-05,1.0639429092407228e-05,0.0,0.0
1650165815,0.0,0.0,0.0,1.0788440704345705e-05,1.0639429092407228e-05,0.0,0.0
1650165816,0.0,0.0,0.0,1.0788440704345705e-05,1.0639429092407228e-05,0.0,0.0
1650165817,0.0,0.0,0.0,1.0788440704345705e-05,1.0639429092407228e-05,0.0,0.0
1650165818,0.0,4.36625e-06,0.0,1.0788440704345705e-05,1.0639429092407228e-05,0.0,0.0
1650165819,0.0,0.0,0.0,1.0788440704345705e-05,1.0639429092407228e-05,0.0,0.0
1650165820,0.0,0.0,0.0,1.0788440704345705e-05,1.0639429092407228e-05,0.0,0.0
1650165821,0.0,0.0,0.0,1.0788440704345705e-05,1.0639429092407228e-05,0.0,0.0
1650165822,0.0,0.0,0.0,1.0788440704345705e-05,1.0639429092407228e-05,0.0,0.0
1650165823,0.0,7.9665e-06,0.0,1.0788440704345705e-05,1.0639429092407228e-05,0.0,0.0
1650165824,0.0,7.9665e-06,0.0,1.0788440704345705e-05,1.0639429092407228e-05,0.0,0.0
1650165825,0.0,0.0,0.0,1.0788440704345705e-05,1.0639429092407228e-05,0.0,0.0
1650165826,0.0,0.0,0.0,1.0788440704345705e-05,1.0639429092407228e-05,0.0,0.0
1650165827,0.0,0.0,0.0,1.0788440704345705e-05,1.0639429092407228e-05,0.0,0.0
1650165828,0.0,0.0,0.0,1.0788440704345705e-05,1.0639429092407228e-05,0.0,0.0
1650165829,0.0,0.0,0.0,1.0788440704345705e-05,1.0639429092407228e-05,0.0,0.0
1650165830,0.0,0.0,0.0,1.0788440704345705e-05,1.0639429092407228e-05,0.0,0.0
1650165831,0.0,0.0,0.0,1.0788440704345705e-05,1.0639429092407228e-05,0.0,0.0
1650165832,0.0,0.0,0.0,1.0788440704345705e-05,1.0639429092407228e-05,0.0,0.0
1650165833,0.0,0.0,0.0,1.0788440704345705e-05,1.0639429092407228e-05,0.0,0.0
1650165834,0.0,0.0,0.0,1.0788440704345705e-05,1.0639429092407228e-05,0.0,0.0
1650165835,0.0,6.198142857142857e-06,0.0,1.0788440704345705e-05,1.0639429092407228e-05,0.0,0.0
1650165836,0.0,6.198142857142857e-06,0.0,1.0788440704345705e-05,1.0639429092407228e-05,0.0,0.0
1650165837,0.0,0.0,0.0,1.0788440704345705e-05,1.0639429092407228e-05,0.0,0.0
1650165838,0.0,0.0,0.0,1.0788440704345705e-05,1.0639429092407228e-05,0.0,0.0
1650165839,0.0,0.0,0.0,1.0788440704345705e-05,1.0639429092407228e-05,0.0,0.0
1650165840,0.0,0.0,0.0,1.0788440704345705e-05,1.0639429092407228e-05,0.0,0.0
1650165841,0.0,0.0,0.0,1.0788440704345705e-05,1.0639429092407228e-05,0.0,0.0
1650165842,0.0,0.0,0.0,1.0788440704345705e-05,1.0639429092407228e-05,0.0,0.0
1650165843,0.0,0.0,0.0,1.0788440704345705e-05,1.0639429092407228e-05,0.0,0.0
1650165844,0.0,0.0,0.0,1.0788440704345705e-05,1.0639429092407228e-05,0.0,0.0
1650165845,0.0,0.0,0.0,1.0788440704345705e-05,1.0639429092407228e-05,0.0,0.0
1650165846,0.0,0.0,0.0,1.0788440704345705e-05,1.0639429092407228e-05,0.0,0.0
1650165847,0.0,4.542428571428572e-06,0.0,1.0788440704345705e-05,1.0639429092407228e-05,0.0,0.0
1650165848,0.0,4.542428571428572e-06,0.0,1.0788440704345705e-05,1.0639429092407228e-05,0.0,0.0
1650165849,0.0,0.0,0.0,1.0788440704345705e-05,1.0639429092407228e-05,0.0,0.0
1650165850,0.0,0.0,0.0,1.0788440704345705e-05,1.0639429092407228e-05,0.0,0.0
1650165851,0.0,0.0,0.0,1.0788440704345705e-05,1.0639429092407228e-05,0.0,0.0
1650165852,0.0,0.0,0.0,1.0788440704345705e-05,1.0639429092407228e-05,0.0,0.0
1650165853,0.0,0.0,0.0,1.0788440704345705e-05,1.0639429092407228e-05,0.0,0.0
1650165854,0.0,0.0,0.0,1.0788440704345705e-05,1.0639429092407228e-05,0.0,0.0
1650165855,0.0,0.0,0.0,1.0788440704345705e-05,1.0639429092407228e-05,0.0,0.0
1650165856,0.0,0.0,0.0,1.0788440704345705e-05,1.0639429092407228e-05,0.0,0.0
1650165857,0.0,0.0,0.0,1.0788440704345705e-05,1.0639429092407228e-05,0.0,0.0
1650165858,0.0,6.866714285714285e-06,0.0,1.0788440704345705e-05,1.0639429092407228e-05,0.0,0.0
1650165859,0.0,6.866714285714285e-06,0.0,1.0788440704345705e-05,1.0639429092407228e-05,0.0,0.0
1650165860,0.0,0.0,0.0,1.0788440704345705e-05,1.0639429092407228e-05,0.0,0.0
1650165861,0.0,0.0,0.0,1.0788440704345705e-05,1.0639429092407228e-05,0.0,0.0
1650165862,0.0,0.0,0.0,1.0788440704345705e-05,1.0639429092407228e-05,0.0,0.0
1650165863,0.0,0.0,0.0,1.0788440704345705e-05,1.0639429092407228e-05,0.0,0.0
1650165864,0.0,0.0,0.0,1.0788440704345705e-05,1.0639429092407228e-05,0.0,0.0
1650165865,0.0,0.0,0.0,1.0788440704345705e-05,1.0639429092407228e-05,0.0,0.0
1650165866,0.0,0.0,0.0,1.0788440704345705e-05,1.0639429092407228e-05,0.0,0.0
1650165867,0.0,0.0,0.0,1.0788440704345705e-05,1.0639429092407228e-05,0.0,0.0
1650165868,0.0,0.0,0.0,1.0788440704345705e-05,1.0639429092407228e-05,0.0,0.0
1650165869,0.0,0.0,0.0,1.0788440704345705e-05,1.0639429092407228e-05,0.0,0.0
1650165870,0.0,5.953142857142857e-06,0.0,1.0788440704345705e-05,1.0639429092407228e-05,6.0,0.0
1650165871,0.0,5.953142857142857e-06,0.0,1.0788440704345705e-05,1.0639429092407228e-05,6.0,0.0
1650165872,0.0,0.0,0.0,1.0788440704345705e-05,1.0639429092407228e-05,0.0,0.0
1650165873,0.0,0.0,0.0,1.0788440704345705e-05,1.0639429092407228e-05,0.0,0.0
1650165874,0.0,2.21825e-05,0.0,1.0788440704345705e-05,1.0639429092407228e-05,0.0,0.0
1650165875,0.0,2.21825e-05,0.0,1.0788440704345705e-05,1.0639429092407228e-05,0.0,0.0
1650165876,0.0,0.0,0.0,1.0788440704345705e-05,1.0639429092407228e-05,0.0,0.0
1650165877,0.0,0.0,0.0,1.0788440704345705e-05,1.0639429092407228e-05,0.0,0.0
1650165878,0.0,0.0,0.0,1.0788440704345705e-05,1.0639429092407228e-05,0.0,0.0
1650165879,0.0,0.0,0.0,1.0788440704345705e-05,1.0639429092407228e-05,0.0,0.0
1650165880,0.0,0.0,0.0,1.0788440704345705e-05,1.0639429092407228e-05,0.0,0.0
1650165881,0.0,0.0,0.0,1.0788440704345705e-05,1.0639429092407228e-05,0.0,0.0
1650165882,0.0,0.0,0.0,1.0788440704345705e-05,1.0639429092407228e-05,0.0,0.0
1650165883,0.0,0.0,0.0,1.0788440704345705e-05,1.0639429092407228e-05,0.0,0.0
1650165884,0.0,0.0,0.0,1.0788440704345705e-05,1.0639429092407228e-05,0.0,0.0
1650165885,0.0,5.995666666666667e-06,0.0,1.0788440704345705e-05,1.0639429092407228e-05,0.0,0.0
1650165886,0.0,0.0,0.0,1.0788440704345705e-05,1.0639429092407228e-05,0.0,0.0
1650165887,0.0,0.0,0.0,1.0788440704345705e-05,1.0639429092407228e-05,0.0,0.0
1650165888,0.0,0.0,0.0,1.0788440704345705e-05,1.0639429092407228e-05,0.0,0.0
1650165889,0.0,0.0,0.0,1.0788440704345705e-05,1.0639429092407228e-05,0.0,0.0
1650165890,0.0,0.0,0.0,1.0788440704345705e-05,1.0639429092407228e-05,0.0,0.0
1650165891,0.0,0.0,0.0,1.0788440704345705e-05,1.0639429092407228e-05,0.0,0.0
1650165892,0.0,0.0,0.0,1.0788440704345705e-05,1.0639429092407228e-05,0.0,0.0
1650165893,0.0,0.0,0.0,1.0788440704345705e-05,1.0639429092407228e-05,0.0,0.0
1650165894,0.0,0.0,0.0,1.0788440704345705e-05,1.0639429092407228e-05,0.0,0.0
1650165895,0.0,5.1031e-05,0.0,1.0609626770019531e-05,1.0460615158081056e-05,66.0,18.166666666666668
1650165896,0.0,0.0,0.0,1.0609626770019531e-05,1.0460615158081056e-05,0.0,0.0
1650165897,0.0,0.0,0.0,1.0609626770019531e-05,1.0460615158081056e-05,0.0,0.0
1650165898,0.0,0.0,0.0,1.0609626770019531e-05,1.0460615158081056e-05,0.0,0.0
1650165899,0.0,0.0,0.0,1.0609626770019531e-05,1.0460615158081056e-05,0.0,0.0
1650165900,0.0025,8.81575e-05,0.0,1.0788440704345705e-05,1.0639429092407228e-05,101.0,62.25
1650165901,0.0,0.0,0.0,1.0788440704345705e-05,1.0639429092407228e-05,0.0,0.0
1650165902,0.0,0.0,0.0,1.0788440704345705e-05,1.0639429092407228e-05,0.0,0.0
1650165903,0.0,0.0,0.0,1.0788440704345705e-05,1.0639429092407228e-05,0.0,0.0
1650165904,0.0,0.0,0.0,1.0788440704345705e-05,1.0639429092407228e-05,0.0,0.0
1650165905,0.0,1.033425e-05,0.0,1.0788440704345705e-05,1.0639429092407228e-05,0.0,0.0
1650165906,0.0,1.033425e-05,0.0,1.0788440704345705e-05,1.0639429092407228e-05,0.0,0.0
1650165907,0.0,0.0,0.0,1.0788440704345705e-05,1.0639429092407228e-05,0.0,0.0
1650165908,0.0,0.0,0.0,1.0788440704345705e-05,1.0639429092407228e-05,0.0,0.0
1650165909,0.0,0.0,0.0,1.0788440704345705e-05,1.0639429092407228e-05,0.0,0.0
1650165910,0.0,0.0,0.0,1.0788440704345705e-05,1.0639429092407228e-05,0.0,0.0
1650165911,0.0,0.0,0.0,1.0788440704345705e-05,1.0639429092407228e-05,0.0,0.0
1650165912,0.0,0.0,0.0,1.0788440704345705e-05,1.0639429092407228e-05,0.0,0.0
1650165913,0.0,0.0,0.0,1.0788440704345705e-05,1.0639429092407228e-05,0.0,0.0
1650165914,0.0,0.0,0.0,1.0788440704345705e-05,1.0639429092407228e-05,0.0,0.0
1650165915,0.0,0.00021430275,0.0,1.0788440704345705e-05,1.0639429092407228e-05,266.0,149.75
1650165916,0.0,0.000332823,0.0,1.0788440704345705e-05,1.0639429092407228e-05,528.0,350.0
1650165917,0.0,0.000332823,0.0,1.0788440704345705e-05,1.0639429092407228e-05,528.0,350.0
1650165918,0.0,0.0003448835,0.0,1.0788440704345705e-05,1.0639429092407228e-05,395.0,163.5
1650165919,0.0,0.0003448835,0.0,1.0788440704345705e-05,1.0639429092407228e-05,395.0,163.5
1650165920,0.0,0.0001800875,0.0,1.0788440704345705e-05,1.0639429092407228e-05,263.5,109.0
1650165921,0.0,0.000732813,0.0,1.0788440704345705e-05,1.0639429092407228e-05,1056.0,436.0
1650165922,0.0,0.000732813,0.0,1.0788440704345705e-05,1.0639429092407228e-05,1056.0,436.0
1650165923,0.0,0.0003576025,0.0,1.0788440704345705e-05,1.0639429092407228e-05,395.5,453.0
1650165924,0.0,0.0003576025,0.0,1.0788440704345705e-05,1.0639429092407228e-05,395.5,453.0
1650165925,0.0,0.000229453,0.0,1.0788440704345705e-05,1.0639429092407228e-05,263.5,109.0
1650165926,0.0,0.000659596,0.0,1.0788440704345705e-05,1.0639429092407228e-05,798.0,358.0
1650165927,0.0,0.000659596,0.0,1.0788440704345705e-05,1.0639429092407228e-05,798.0,358.0
1650165928,0.0,0.00023888,0.0,1.0788440704345705e-05,1.0639429092407228e-05,396.0,262.5
1650165929,0.0,0.000945093,0.0,1.0788440704345705e-05,1.0639429092407228e-05,1097.0,478.0
1650165930,0.0,0.000945093,0.0,1.0788440704345705e-05,1.0639429092407228e-05,1097.0,478.0
1650165931,0.0,0.0004182655,0.0,1.0788440704345705e-05,1.0639429092407228e-05,528.0,218.0
1650165932,0.0,0.0004182655,0.0,1.0788440704345705e-05,1.0639429092407228e-05,528.0,218.0
1650165933,0.0,0.00027385,0.0,1.0788440704345705e-05,1.0639429092407228e-05,264.0,505.0
1650165934,0.0,0.000521792,0.0,1.0788440704345705e-05,1.0639429092407228e-05,792.0,327.0
1650165935,0.0,0.000624003,0.0,1.0788440704345705e-05,1.0639429092407228e-05,792.0,327.0
1650165936,0.0,0.000624003,0.0,1.0788440704345705e-05,1.0639429092407228e-05,792.0,327.0
1650165937,0.0,0.0002506,0.0,1.0609626770019531e-05,1.0460615158081056e-05,330.0,109.0
1650165938,0.0,0.000848647,0.0,1.0788440704345705e-05,1.0639429092407228e-05,1195.0,774.0
1650165939,0.0,0.000331642,0.0,1.0788440704345705e-05,1.0639429092407228e-05,528.0,218.0
1650165940,0.0,0.000170427,0.0,1.0788440704345705e-05,1.0639429092407228e-05,264.0,109.0
1650165941,0.0,0.000170427,0.0,1.0788440704345705e-05,1.0639429092407228e-05,264.0,109.0
1650165942,0.0,0.000180931,0.0,1.0788440704345705e-05,1.0639429092407228e-05,264.0,109.0
1650165943,0.01,0.000429974,0.0,1.0788440704345705e-05,1.0639429092407228e-05,527.0,487.0
