timestamp,cpu_usage_system,cpu_usage_total,cpu_usage_user,memory_usage,memory_working_set,rx_bytes,tx_bytes
1650166018,0.0,0.001817308,0.0,1.677870750427246e-05,1.659989356994629e-05,1762.0,2046.0
1650166019,0.0,0.001817308,0.0,1.677870750427246e-05,1.659989356994629e-05,1762.0,2046.0
1650166020,0.0,0.002845629,0.0,1.7255544662475586e-05,1.7076730728149414e-05,2655.0,2872.0
1650166021,0.0,0.003707765,0.0,1.7344951629638672e-05,1.71661376953125e-05,3342.0,3622.0
1650166022,0.0,0.003707765,0.0,1.7344951629638672e-05,1.71661376953125e-05,3342.0,3622.0
1650166023,0.0,0.0015455735,0.0,1.749396324157715e-05,1.7315149307250977e-05,1497.5,1572.5
1650166024,0.0,0.004237423,0.0,1.773238182067871e-05,1.755356788635254e-05,4475.0,5700.0
1650166025,0.0,0.004237423,0.0,1.773238182067871e-05,1.755356788635254e-05,4475.0,5700.0
1650166026,0.005,0.0020385205,0.0,1.7851591110229492e-05,1.767277717590332e-05,2211.0,2357.5
1650166027,0.005,0.0020385205,0.0,1.7851591110229492e-05,1.767277717590332e-05,2211.0,2357.5
1650166028,0.0,0.0025492015,0.0,1.7940998077392578e-05,1.7762184143066406e-05,2855.0,2972.0
1650166029,0.0,0.0025492015,0.0,1.7940998077392578e-05,1.7762184143066406e-05,2855.0,2972.0
1650166030,0.0,0.002221494,0.0,1.7881393432617188e-05,1.7702579498291016e-05,2369.0,2514.5
1650166031,0.0,0.006433404,0.0,1.7851591110229492e-05,1.767277717590332e-05,7260.0,7515.0
1650166032,0.0,0.001130656,0.0,1.7851591110229492e-05,1.767277717590332e-05,1362.0,1503.0
1650166033,0.0,0.001130656,0.0,1.7851591110229492e-05,1.767277717590332e-05,1362.0,1503.0
1650166034,0.0,0.000745513,0.005,1.7851591110229492e-05,1.767277717590332e-05,681.0,1823.0
1650166035,0.0,0.003658822,0.0,1.8805265426635746e-05,1.862645149230957e-05,4085.0,4442.0
1650166036,0.0,0.003658822,0.0,1.8805265426635746e-05,1.862645149230957e-05,4085.0,4442.0
1650166037,0.005,0.001415237,0.0,1.8030405044555664e-05,1.7851591110229492e-05,1432.0,1540.0
1650166038,0.0,0.002598041,0.0,1.8030405044555664e-05,1.7851591110229492e-05,2724.0,2874.0
1650166039,0.0,0.004073221,0.0,1.806020736694336e-05,1.7881393432617188e-05,4086.0,4509.0
1650166040,0.0,0.004073221,0.0,1.806020736694336e-05,1.7881393432617188e-05,4086.0,4509.0
1650166041,0.005,0.002230701,0.0,1.7851591110229492e-05,1.767277717590332e-05,2178.0,2389.0
1650166042,0.01,0.002474257,0.0,1.7911195755004883e-05,1.773238182067871e-05,2856.0,3005.0
1650166043,0.0,0.004231381,0.0,1.7851591110229492e-05,1.767277717590332e-05,4151.0,6465.0
1650166044,0.0,0.004231381,0.0,1.7851591110229492e-05,1.767277717590332e-05,4151.0,6465.0
1650166045,0.0,0.004017709,0.0,1.809000968933105e-05,1.7911195755004883e-05,4288.0,4578.0
1650166046,0.0,0.002720056,0.01,1.8030405044555664e-05,1.7851591110229492e-05,2724.0,3005.0
1650166047,0.01,0.001365818,0.0,1.806020736694336e-05,1.7881393432617188e-05,1360.0,1502.0
1650166048,0.01,0.001365818,0.0,1.806020736694336e-05,1.7881393432617188e-05,1360.0,1502.0
1650166049,0.005,0.0028967315,0.0,1.7851591110229492e-05,1.767277717590332e-05,3048.5,3284.5
1650166050,0.005,0.0028967315,0.0,1.7851591110229492e-05,1.767277717590332e-05,3048.5,3284.5
1650166051,0.0,0.001172325,0.0,1.7851591110229492e-05,1.767277717590332e-05,1102.0,1157.5
1650166052,0.0,0.001172325,0.0,1.7851591110229492e-05,1.767277717590332e-05,1102.0,1157.5
1650166053,0.005,0.001622897,0.0,1.7881393432617188e-05,1.7702579498291016e-05,1723.5,1950.0
1650166054,0.01,0.00501945,0.0,1.7851591110229492e-05,1.767277717590332e-05,5113.0,8243.0
1650166055,0.0,0.002882156,0.0,1.7881393432617188e-05,1.7702579498291016e-05,2995.0,3080.0
1650166056,0.0,0.002882156,0.0,1.7881393432617188e-05,1.7702579498291016e-05,2995.0,3080.0
1650166057,0.005,0.0026435255,0.0,1.7911195755004883e-05,1.773238182067871e-05,2722.5,3004.5
1650166058,0.005,0.0026435255,0.0,1.7911195755004883e-05,1.773238182067871e-05,2722.5,3004.5
1650166059,0.0,0.0014990295,0.0,1.7851591110229492e-05,1.767277717590332e-05,1519.0,1594.0
1650166060,0.0,0.001315531,0.0,1.8030405044555664e-05,1.7851591110229492e-05,1502.0,1643.0
1650166061,0.0,0.003926626,0.0,1.806020736694336e-05,1.7881393432617188e-05,4084.0,4443.0
1650166062,0.0,0.003926626,0.0,1.806020736694336e-05,1.7881393432617188e-05,4084.0,4443.0
1650166063,0.005,0.0028359685,0.0,1.806020736694336e-05,1.7881393432617188e-05,2792.5,3107.5
1650166064,0.0,0.00342839,0.0,1.7851591110229492e-05,1.767277717590332e-05,3119.0,5941.0
1650166065,0.0,0.00342839,0.0,1.7851591110229492e-05,1.767277717590332e-05,3119.0,5941.0
1650166066,0.0,0.0012872845,0.0,1.7851591110229492e-05,1.767277717590332e-05,1463.5,1540.0
1650166067,0.0,0.0012872845,0.0,1.7851591110229492e-05,1.767277717590332e-05,1463.5,1540.0
1650166068,0.0,0.0025610465,0.0,1.7851591110229492e-05,1.767277717590332e-05,2724.0,3005.5
1650166069,0.0,0.003997026,0.01,1.806020736694336e-05,1.7881393432617188e-05,4289.0,4633.0
1650166070,0.0,0.003997026,0.01,1.806020736694336e-05,1.7881393432617188e-05,4289.0,4633.0
1650166071,0.0,0.001290512,0.0,1.7851591110229492e-05,1.767277717590332e-05,1428.0,1569.0
1650166072,0.01,0.001676103,0.0,1.749396324157715e-05,1.7315149307250977e-05,1625.0,1701.0
1650166073,0.01,0.001676103,0.0,1.749396324157715e-05,1.7315149307250977e-05,1625.0,1701.0
1650166074,0.0,0.002919473,0.0,1.773238182067871e-05,1.755356788635254e-05,2863.5,4255.5
1650166075,0.01,0.002739154,0.0,1.7851591110229492e-05,1.767277717590332e-05,2996.0,3014.0
1650166076,0.01,0.002739154,0.0,1.7851591110229492e-05,1.767277717590332e-05,2996.0,3014.0
1650166077,0.0,0.002056581,0.0,1.767277717590332e-05,1.749396324157715e-05,2168.5,2221.0
1650166078,0.0,0.004044526,0.01,1.767277717590332e-05,1.749396324157715e-05,4086.0,4575.0
1650166079,0.0,0.004044526,0.01,1.767277717590332e-05,1.749396324157715e-05,4086.0,4575.0
1650166080,0.005,0.001967484,0.0,1.7702579498291016e-05,1.7523765563964844e-05,2042.5,2221.0
1650166081,0.005,0.001967484,0.0,1.7702579498291016e-05,1.7523765563964844e-05,2042.5,2221.0
1650166082,0.0,0.004186917,0.0,1.767277717590332e-05,1.749396324157715e-05,2723.5,2906.5
1650166083,0.0,0.003273588,0.0,1.7702579498291016e-05,1.7523765563964844e-05,2721.0,5018.0
1650166084,0.01,0.001399671,0.0,1.749396324157715e-05,1.7315149307250977e-05,1494.0,1635.0
1650166085,0.01,0.001399671,0.0,1.749396324157715e-05,1.7315149307250977e-05,1494.0,1635.0
1650166086,0.0,0.002930025,0.0,1.7702579498291016e-05,1.7523765563964844e-05,2962.5,3079.5
1650166087,0.0,0.002930025,0.0,1.7702579498291016e-05,1.7523765563964844e-05,2962.5,3079.5
1650166088,0.0,0.0013571825,0.0,1.767277717590332e-05,1.749396324157715e-05,1362.0,1469.5
1650166089,0.0,0.005384774,0.0,1.7851591110229492e-05,1.767277717590332e-05,5629.0,6194.0
1650166090,0.0,0.005384774,0.0,1.7851591110229492e-05,1.767277717590332e-05,5629.0,6194.0
1650166091,0.005,0.003417841,0.005,1.8030405044555664e-05,1.7851591110229492e-05,3473.5,3792.0
1650166092,0.005,0.003417841,0.005,1.8030405044555664e-05,1.7851591110229492e-05,3473.5,3792.0
1650166093,0.0,0.0013147,0.0,1.8030405044555664e-05,1.7851591110229492e-05,1361.5,1470.0
1650166094,0.0,0.004391011,0.0,1.806020736694336e-05,1.7881393432617188e-05,4086.0,6274.0
1650166095,0.0,0.004485942,0.0,1.8030405044555664e-05,1.7851591110229492e-05,4224.0,4710.0
1650166096,0.0,0.004485942,0.0,1.8030405044555664e-05,1.7851591110229492e-05,4224.0,4710.0
1650166097,0.005,0.001262898,0.0,1.8030405044555664e-05,1.7851591110229492e-05,1427.0,1503.0
1650166098,0.0,0.001215281,0.0,1.8030405044555664e-05,1.7851591110229492e-05,1428.0,1437.0
1650166099,0.0,0.001215281,0.0,1.8030405044555664e-05,1.7851591110229492e-05,1428.0,1437.0
1650166100,0.0,0.00188725,0.005,1.806020736694336e-05,1.7881393432617188e-05,2042.5,2286.5
1650166101,0.0,0.002819102,0.0,1.8030405044555664e-05,1.7851591110229492e-05,2721.0,3003.0
1650166102,0.0,0.002819102,0.0,1.8030405044555664e-05,1.7851591110229492e-05,2721.0,3003.0
1650166103,0.0,0.0026355765,0.0,1.8030405044555664e-05,1.7851591110229492e-05,2723.5,4050.5
1650166104,0.0,0.0026355765,0.0,1.8030405044555664e-05,1.7851591110229492e-05,2723.5,4050.5
1650166105,0.005,0.002613452,0.0,1.8030405044555664e-05,1.7851591110229492e-05,2723.0,2939.0
1650166106,0.005,0.002613452,0.0,1.8030405044555664e-05,1.7851591110229492e-05,2723.0,2939.0
1650166107,0.0,0.0019011955,0.005,1.919269561767578e-05,1.901388168334961e-05,2047.0,2223.0
1650166108,0.01,0.002729556,0.0,1.806020736694336e-05,1.7881393432617188e-05,3053.0,3273.0
1650166109,0.01,0.002729556,0.0,1.806020736694336e-05,1.7881393432617188e-05,3053.0,3273.0
1650166110,0.0,0.0033163365,0.0,1.7851591110229492e-05,1.767277717590332e-05,3469.0,3624.5
1650166111,0.0,0.0033163365,0.0,1.7851591110229492e-05,1.767277717590332e-05,3469.0,3624.5
1650166112,0.0,0.002596002,0.0,1.7881393432617188e-05,1.7702579498291016e-05,2724.0,2939.0
1650166113,0.01,0.002772817,0.0,1.7851591110229492e-05,1.767277717590332e-05,2723.0,4112.0
1650166114,0.01,0.002772817,0.0,1.7851591110229492e-05,1.767277717590332e-05,2723.0,4112.0
1650166115,0.0,0.0013378275,0.0,1.7851591110229492e-05,1.767277717590332e-05,1362.0,1469.0
1650166116,0.0,0.001394555,0.0,1.7851591110229492e-05,1.767277717590332e-05,1361.0,1502.0
1650166117,0.01,0.002360036,0.0,1.7702579498291016e-05,1.7523765563964844e-05,2153.0,2399.0
1650166118,0.01,0.002360036,0.0,1.7702579498291016e-05,1.7523765563964844e-05,2153.0,2399.0
1650166119,0.0,0.002383955,0.0,1.749396324157715e-05,1.7315149307250977e-05,2649.5,2713.5
1650166120,0.0,0.002383955,0.0,1.749396324157715e-05,1.7315149307250977e-05,2649.5,2713.5
1650166121,0.0,0.002648049,0.0,1.749396324157715e-05,1.7315149307250977e-05,2749.5,2905.5
1650166122,0.0,0.002648049,0.0,1.749396324157715e-05,1.7315149307250977e-05,2749.5,2905.5
1650166123,0.0,0.002042877,0.005,1.767277717590332e-05,1.749396324157715e-05,2112.5,2290.5
1650166124,0.01,0.006710658,0.0,1.7851591110229492e-05,1.767277717590332e-05,7276.0,9673.0
1650166125,0.01,0.006710658,0.0,1.7851591110229492e-05,1.767277717590332e-05,7276.0,9673.0
1650166126,0.0,0.001374614,0.0,1.7851591110229492e-05,1.767277717590332e-05,1362.0,1469.5
1650166127,0.0,0.004027974,0.0,1.8149614334106445e-05,1.7970800399780273e-05,4226.0,4647.0
1650166128,0.01,0.002944242,0.0,1.806020736694336e-05,1.7881393432617188e-05,2863.0,3145.0
1650166129,0.01,0.002944242,0.0,1.806020736694336e-05,1.7881393432617188e-05,2863.0,3145.0
1650166130,0.0,0.0018725225,0.0,1.8030405044555664e-05,1.7851591110229492e-05,2141.0,2254.0
1650166131,0.0,0.003883073,0.0,1.8030405044555664e-05,1.7851591110229492e-05,4085.0,4375.0
1650166132,0.0,0.003883073,0.0,1.8030405044555664e-05,1.7851591110229492e-05,4085.0,4375.0
1650166133,0.0,0.0020212755,0.005,1.7911195755004883e-05,1.773238182067871e-05,2108.5,2556.5
1650166134,0.0,0.0020212755,0.005,1.7911195755004883e-05,1.773238182067871e-05,2108.5,2556.5
1650166135,0.0,0.0013692285,0.0,1.7881393432617188e-05,1.7702579498291016e-05,1361.0,1502.0
1650166136,0.0,0.004112651,0.0,1.8030405044555664e-05,1.7851591110229492e-05,4224.0,4449.0
1650166137,0.0,0.004112651,0.0,1.8030405044555664e-05,1.7851591110229492e-05,4224.0,4449.0
1650166138,0.0,0.0013789605,0.0,1.806020736694336e-05,1.7881393432617188e-05,1428.0,1569.0
1650166139,0.0,0.0013789605,0.0,1.806020736694336e-05,1.7881393432617188e-05,1428.0,1569.0
1650166140,0.0,0.0027111695,0.0,1.8030405044555664e-05,1.7851591110229492e-05,2928.5,3210.5
1650166141,0.0,0.001302654,0.0,1.806020736694336e-05,1.7881393432617188e-05,1428.0,1503.0
1650166142,0.0,0.004591865,0.0,1.8030405044555664e-05,1.7851591110229492e-05,2723.0,2939.0
1650166143,0.0,0.003093587,0.01,1.806020736694336e-05,1.7881393432617188e-05,2788.0,6236.0
1650166144,0.0,0.003093587,0.01,1.806020736694336e-05,1.7881393432617188e-05,2788.0,6236.0
1650166145,0.0,0.0028691305,0.0,1.8149614334106445e-05,1.7970800399780273e-05,2750.5,2938.5
1650166146,0.0,0.0028691305,0.0,1.8149614334106445e-05,1.7970800399780273e-05,2750.5,2938.5
1650166147,0.005,0.002215708,0.0,1.7851591110229492e-05,1.767277717590332e-05,2109.0,2221.0
1650166148,0.0,0.00287061,0.0,1.7851591110229492e-05,1.767277717590332e-05,2721.0,2872.0
1650166149,0.0,0.006527335,0.0,1.767277717590332e-05,1.749396324157715e-05,6345.0,6815.0
1650166150,0.0,0.006527335,0.0,1.767277717590332e-05,1.749396324157715e-05,6345.0,6815.0
1650166151,0.0,0.00153397,0.0,1.749396324157715e-05,1.7315149307250977e-05,1201.0,1158.0
1650166152,0.0,0.00153397,0.0,1.749396324157715e-05,1.7315149307250977e-05,1201.0,1158.0
1650166153,0.0,0.0035122725,0.0,1.749396324157715e-05,1.7315149307250977e-05,3436.5,3591.5
1650166154,0.0,0.0035122725,0.0,1.749396324157715e-05,1.7315149307250977e-05,3436.5,3591.5
1650166155,0.0,0.002189599,0.005,1.767277717590332e-05,1.749396324157715e-05,2112.5,3398.0
1650166156,0.0,0.00559043,0.0,1.7851591110229492e-05,1.767277717590332e-05,5588.0,5887.0
1650166157,0.0,0.002533876,0.0,1.7970800399780273e-05,1.77919864654541e-05,2724.0,2940.0
1650166158,0.0,0.002533876,0.0,1.7970800399780273e-05,1.77919864654541e-05,2724.0,2940.0
1650166159,0.005,0.002068666,0.0,1.7881393432617188e-05,1.7702579498291016e-05,2042.5,2155.0
1650166160,0.005,0.002068666,0.0,1.7881393432617188e-05,1.7702579498291016e-05,2042.5,2155.0
1650166161,0.005,0.002978709,0.0,1.7881393432617188e-05,1.7702579498291016e-05,2859.5,3108.0
1650166162,0.0,0.00154112,0.0,1.7881393432617188e-05,1.7702579498291016e-05,1427.0,1437.0
1650166163,0.0,0.00154112,0.0,1.7881393432617188e-05,1.7702579498291016e-05,1427.0,1437.0
1650166164,0.0,0.001490843,0.0,1.806020736694336e-05,1.7881393432617188e-05,1459.0,2193.5
1650166165,0.0,0.001490843,0.0,1.806020736694336e-05,1.7881393432617188e-05,1459.0,2193.5
1650166166,0.0,0.0016573405,0.0,1.806020736694336e-05,1.7881393432617188e-05,1620.5,1748.5
1650166167,0.0,0.000620448,0.0,1.7881393432617188e-05,1.7702579498291016e-05,651.0,756.0
1650166168,0.0,0.000620448,0.0,1.7881393432617188e-05,1.7702579498291016e-05,651.0,756.0
1650166169,0.0,0.0004482395,0.0,1.7881393432617188e-05,1.7702579498291016e-05,395.5,415.0
1650166170,0.0,0.0004482395,0.0,1.7881393432617188e-05,1.7702579498291016e-05,395.5,415.0
1650166171,0.0,0.000265614,0.0,1.7523765563964844e-05,1.7344951629638672e-05,132.0,66.0
1650166172,0.0,0.000553388,0.0,1.767277717590332e-05,1.749396324157715e-05,659.0,896.0
1650166173,0.0,0.000553388,0.0,1.767277717590332e-05,1.749396324157715e-05,659.0,896.0
1650166174,0.0,0.000589614,0.0,1.7523765563964844e-05,1.7344951629638672e-05,432.0,760.0
1650166175,0.0,0.000589614,0.0,1.7523765563964844e-05,1.7344951629638672e-05,432.0,760.0
1650166176,0.0,0.0005223455,0.0,1.7523765563964844e-05,1.7344951629638672e-05,531.5,588.0
1650166177,0.01,0.001855162,0.0,1.7523765563964844e-05,1.7344951629638672e-05,1494.0,1767.0
1650166178,0.01,0.001855162,0.0,1.7523765563964844e-05,1.7344951629638672e-05,1494.0,1767.0
1650166179,0.0,0.000396013,0.0,1.8537044525146484e-05,1.8358230590820312e-05,556.5,576.0
1650166180,0.0,0.000396013,0.0,1.8537044525146484e-05,1.8358230590820312e-05,556.5,576.0
1650166181,0.0,0.000250134,0.0,1.7374753952026367e-05,1.7195940017700195e-05,202.0,140.0
1650166182,0.0,0.001943297,0.0,1.7523765563964844e-05,1.7344951629638672e-05,1370.0,1915.0
1650166183,0.0,0.001943297,0.0,1.7523765563964844e-05,1.7344951629638672e-05,1370.0,1915.0
1650166184,0.0,0.0012750505,0.0,1.7702579498291016e-05,1.7523765563964844e-05,881.0,1328.0
1650166185,0.01,0.002282633,0.0,1.7702579498291016e-05,1.7523765563964844e-05,1828.0,2121.0
1650166186,0.01,0.002282633,0.0,1.7702579498291016e-05,1.7523765563964844e-05,1828.0,2121.0
1650166187,0.0,0.000717308,0.0,1.7881393432617188e-05,1.7702579498291016e-05,487.5,439.5
1650166188,0.0,0.002101617,0.0,1.7702579498291016e-05,1.7523765563964844e-05,1808.0,2047.0
1650166189,0.0,0.002101617,0.0,1.7702579498291016e-05,1.7523765563964844e-05,1808.0,2047.0
1650166190,0.0,0.0012201245,0.0,1.7881393432617188e-05,1.7702579498291016e-05,877.0,983.5
1650166191,0.0,0.001691461,0.0,1.7881393432617188e-05,1.7702579498291016e-05,1149.0,1139.0
1650166192,0.0,0.001691461,0.0,1.7881393432617188e-05,1.7702579498291016e-05,1149.0,1139.0
1650166193,0.0,0.001289932,0.0,1.960992813110352e-05,1.9431114196777344e-05,1003.0,986.5
1650166194,0.0,0.001289932,0.0,1.960992813110352e-05,1.9431114196777344e-05,1003.0,986.5
1650166195,0.0,0.000634567,0.0,1.773238182067871e-05,1.755356788635254e-05,645.5,970.0
1650166196,0.0,0.001138201,0.01,1.7344951629638672e-05,1.71661376953125e-05,1129.0,1440.0
1650166197,0.0,0.001333695,0.0,1.7374753952026367e-05,1.7195940017700195e-05,1211.0,1316.0
1650166198,0.0,0.001333695,0.0,1.7374753952026367e-05,1.7195940017700195e-05,1211.0,1316.0
1650166199,0.0,0.001114607,0.0,1.7404556274414062e-05,1.722574234008789e-05,907.0,1031.0
1650166200,0.0,0.001111599,0.0,1.7523765563964844e-05,1.7344951629638672e-05,645.0,886.0
1650166201,0.0,0.001111599,0.0,1.7523765563964844e-05,1.7344951629638672e-05,645.0,886.0
1650166202,0.0,0.0010732165,0.0,1.7523765563964844e-05,1.7344951629638672e-05,813.0,986.5
1650166203,0.0,0.003668703,0.0,1.7881393432617188e-05,1.7702579498291016e-05,2477.0,3723.0
1650166204,0.0,0.000261858,0.0,1.7702579498291016e-05,1.7523765563964844e-05,500.0,206.0
1650166205,0.0,0.000261858,0.0,1.7702579498291016e-05,1.7523765563964844e-05,500.0,206.0
1650166206,0.0,0.0011400255,0.0,1.7583370208740234e-05,1.7404556274414062e-05,899.5,1013.0
1650166207,0.0,0.0011400255,0.0,1.7583370208740234e-05,1.7404556274414062e-05,899.5,1013.0
1650166208,0.0,0.0011499535,0.0,1.7523765563964844e-05,1.7344951629638672e-05,838.0,1023.5
1650166209,0.0,0.0011499535,0.0,1.7523765563964844e-05,1.7344951629638672e-05,838.0,1023.5
1650166210,0.0,0.001393178,0.0,1.7702579498291016e-05,1.7523765563964844e-05,1022.0,1044.5
1650166211,0.0,0.000289258,0.0,1.7523765563964844e-05,1.7344951629638672e-05,264.0,132.0
1650166212,0.0,0.000791695,0.0,1.7702579498291016e-05,1.7523765563964844e-05,1113.0,1110.0
1650166213,0.0,0.000791695,0.0,1.7702579498291016e-05,1.7523765563964844e-05,1113.0,1110.0
1650166214,0.0,0.000656678,0.0,1.7374753952026367e-05,1.7195940017700195e-05,651.5,1072.0
1650166215,0.0,0.00138074,0.0,1.7374753952026367e-05,1.7195940017700195e-05,1025.0,1167.0
1650166216,0.0,0.00138074,0.0,1.7374753952026367e-05,1.7195940017700195e-05,1025.0,1167.0
1650166217,0.0,0.0008954115,0.0,1.7523765563964844e-05,1.7344951629638672e-05,718.0,957.5
1650166218,0.0,0.0008954115,0.0,1.7523765563964844e-05,1.7344951629638672e-05,718.0,957.5
1650166219,0.0,0.0018041805,0.0,1.773238182067871e-05,1.755356788635254e-05,1298.0,1483.5
1650166220,0.0,0.002339985,0.0,1.767277717590332e-05,1.749396324157715e-05,1614.0,2093.0
1650166221,0.0,0.002339985,0.0,1.767277717590332e-05,1.749396324157715e-05,1614.0,2093.0
1650166222,0.005,0.0008651215,0.0,1.7523765563964844e-05,1.7344951629638672e-05,607.0,542.5
1650166223,0.0,0.001529477,0.0,1.7523765563964844e-05,1.7344951629638672e-05,1397.0,1777.0
1650166224,0.0,0.002103313,0.0,1.7911195755004883e-05,1.773238182067871e-05,1664.0,1849.0
1650166225,0.0,0.002103313,0.0,1.7911195755004883e-05,1.773238182067871e-05,1664.0,1849.0
1650166226,0.0,0.0012011255,0.0,1.7881393432617188e-05,1.7702579498291016e-05,1003.0,953.5
1650166227,0.0,0.000281809,0.0,1.7702579498291016e-05,1.7523765563964844e-05,264.0,120.0
1650166228,0.0,0.000281809,0.0,1.7702579498291016e-05,1.7523765563964844e-05,264.0,120.0
1650166229,0.0,0.0006532445,0.0,1.7523765563964844e-05,1.7344951629638672e-05,694.5,685.0
1650166230,0.0,0.0006532445,0.0,1.7523765563964844e-05,1.7344951629638672e-05,694.5,685.0
1650166231,0.0,0.0004236975,0.0,1.7374753952026367e-05,1.7195940017700195e-05,492.5,551.0
1650166232,0.0,0.001954341,0.0,1.773238182067871e-05,1.755356788635254e-05,1704.0,2269.0
1650166233,0.0,0.001054097,0.0,1.7851591110229492e-05,1.767277717590332e-05,645.0,952.0
1650166234,0.0,0.001054097,0.0,1.7851591110229492e-05,1.767277717590332e-05,645.0,952.0
1650166235,0.0,0.0018352295,0.0,1.809000968933105e-05,1.7911195755004883e-05,1368.5,1532.0
1650166236,0.0,0.0018352295,0.0,1.809000968933105e-05,1.7911195755004883e-05,1368.5,1532.0
1650166237,0.005,0.0012980315,0.0,1.7702579498291016e-05,1.7523765563964844e-05,1128.5,1116.0
1650166238,0.0,0.002621815,0.0,1.7702579498291016e-05,1.7523765563964844e-05,1884.0,2046.0
1650166239,0.0,0.002621815,0.0,1.7702579498291016e-05,1.7523765563964844e-05,1884.0,2046.0
1650166240,0.0,0.000120051,0.0,1.7523765563964844e-05,1.7344951629638672e-05,196.0,103.0
1650166241,0.0,0.002155635,0.0,1.7374753952026367e-05,1.7195940017700195e-05,1973.0,1972.0
1650166242,0.0,0.002155635,0.0,1.7374753952026367e-05,1.7195940017700195e-05,1973.0,1972.0
1650166243,0.0,0.001095786,0.0,1.7195940017700195e-05,1.7017126083374023e-05,900.0,976.5
1650166244,0.0,0.001095506,0.0,1.7404556274414062e-05,1.722574234008789e-05,1047.0,2049.0
1650166245,0.0,0.001095506,0.0,1.7404556274414062e-05,1.722574234008789e-05,1047.0,2049.0
1650166246,0.0,0.000242335,0.0,1.71661376953125e-05,1.6987323760986328e-05,229.0,173.0
1650166247,0.0,0.000242335,0.0,1.71661376953125e-05,1.6987323760986328e-05,229.0,173.0
1650166248,0.005,0.0011671645,0.0,1.7374753952026367e-05,1.7195940017700195e-05,949.0,1138.5
1650166249,0.0,0.002317387,0.0,1.7702579498291016e-05,1.7523765563964844e-05,1617.0,1964.0
1650166250,0.0,0.002317387,0.0,1.7702579498291016e-05,1.7523765563964844e-05,1617.0,1964.0
1650166251,0.0,0.001212072,0.0,1.7702579498291016e-05,1.7523765563964844e-05,839.5,953.0
1650166252,0.01,0.003755681,0.0,1.7881393432617188e-05,1.7702579498291016e-05,2609.0,2860.0
1650166253,0.0,0.00034295,0.0,1.7702579498291016e-05,1.7523765563964844e-05,446.0,1454.0
1650166254,0.0,0.00034295,0.0,1.7702579498291016e-05,1.7523765563964844e-05,446.0,1454.0
1650166255,0.0,0.001169118,0.0,1.7523765563964844e-05,1.7344951629638672e-05,970.0,1050.5
1650166256,0.0,0.001169118,0.0,1.7523765563964844e-05,1.7344951629638672e-05,970.0,1050.5
1650166257,0.005,0.000962081,0.0,1.767277717590332e-05,1.749396324157715e-05,702.0,953.0
1650166258,0.0,0.000259854,0.0,1.7523765563964844e-05,1.7344951629638672e-05,426.0,132.0
1650166259,0.0,0.002388981,0.0,1.7523765563964844e-05,1.7344951629638672e-05,1698.0,2038.0
1650166260,0.0,0.001180718,0.0,1.7583370208740234e-05,1.7404556274414062e-05,1245.0,1176.0
1650166261,0.0,0.001180718,0.0,1.7583370208740234e-05,1.7404556274414062e-05,1245.0,1176.0
1650166262,0.0,0.000141137,0.0,1.7374753952026367e-05,1.7195940017700195e-05,99.0,103.0
1650166263,0.01,0.000828752,0.0,1.7523765563964844e-05,1.7344951629638672e-05,1113.0,1110.0
1650166264,0.0,0.001721046,0.0,1.7523765563964844e-05,1.7344951629638672e-05,1025.0,1496.0
1650166265,0.0,0.001903321,0.0,1.8656253814697266e-05,1.847743988037109e-05,1435.0,1914.0
1650166266,0.0,0.001903321,0.0,1.8656253814697266e-05,1.847743988037109e-05,1435.0,1914.0
1650166267,0.0,0.0012476815,0.0,1.7702579498291016e-05,1.7523765563964844e-05,916.0,1023.5
1650166268,0.0,0.0012476815,0.0,1.7702579498291016e-05,1.7523765563964844e-05,916.0,1023.5
1650166269,0.0,0.0012218505,0.0,1.7881393432617188e-05,1.7702579498291016e-05,800.0,932.5
1650166270,0.0,0.001124788,0.0,1.7851591110229492e-05,1.767277717590332e-05,1311.0,1374.0
1650166271,0.0,0.002846845,0.01,1.7702579498291016e-05,1.7523765563964844e-05,2278.0,2295.0
1650166272,0.0,0.002846845,0.01,1.7702579498291016e-05,1.7523765563964844e-05,2278.0,2295.0
1650166273,0.0,0.0011542815,0.0,1.7881393432617188e-05,1.7702579498291016e-05,908.0,994.5
1650166274,0.0,0.000358347,0.0,1.7702579498291016e-05,1.7523765563964844e-05,372.0,921.0
1650166275,0.0,0.000358347,0.0,1.7702579498291016e-05,1.7523765563964844e-05,372.0,921.0
1650166276,0.0,0.0012783785,0.0,1.7702579498291016e-05,1.7523765563964844e-05,948.0,986.5
1650166277,0.0,0.000848862,0.0,1.7523765563964844e-05,1.7344951629638672e-05,997.0,1102.0
1650166278,0.0,0.000848862,0.0,1.7523765563964844e-05,1.7344951629638672e-05,997.0,1102.0
1650166279,0.0,0.0002230875,0.0,1.7255544662475586e-05,1.7076730728149414e-05,277.0,194.0
1650166280,0.0,0.002244965,0.0,1.7523765563964844e-05,1.7344951629638672e-05,1510.0,1923.0
1650166281,0.0,0.0008967,0.0,1.767277717590332e-05,1.749396324157715e-05,1113.0,1316.0
1650166282,0.0,0.001268692,0.0,1.7851591110229492e-05,1.767277717590332e-05,645.0,953.0
1650166283,0.0,0.001268692,0.0,1.7851591110229492e-05,1.767277717590332e-05,645.0,953.0
1650166284,0.0,0.001952931,0.0,1.809000968933105e-05,1.7911195755004883e-05,1304.0,1822.5
1650166285,0.0,0.002541445,0.0,1.809000968933105e-05,1.7911195755004883e-05,2026.0,2043.0
1650166286,0.0,0.000281235,0.0,1.7881393432617188e-05,1.7702579498291016e-05,446.0,206.0
1650166287,0.01,0.002120789,0.0,1.7702579498291016e-05,1.7523765563964844e-05,1745.0,1973.0
1650166288,0.01,0.002120789,0.0,1.7702579498291016e-05,1.7523765563964844e-05,1745.0,1973.0
1650166289,0.0,0.001200815,0.0,1.7583370208740234e-05,1.7404556274414062e-05,969.5,1056.5
1650166290,0.0,0.001200815,0.0,1.7583370208740234e-05,1.7404556274414062e-05,969.5,1056.5
1650166291,0.0,0.000149818,0.0,1.7374753952026367e-05,1.7195940017700195e-05,240.0,33.0
1650166292,0.0,0.000149818,0.0,1.7374753952026367e-05,1.7195940017700195e-05,240.0,33.0
1650166293,0.0,0.0010310385,0.0,1.7374753952026367e-05,1.7195940017700195e-05,779.5,943.0
1650166294,0.0,0.001377625,0.0,1.71661376953125e-05,1.6987323760986328e-05,1376.0,1871.0
1650166295,0.0,0.001377625,0.0,1.71661376953125e-05,1.6987323760986328e-05,1376.0,1871.0
1650166296,0.0,0.001197392,0.005,1.7523765563964844e-05,1.7344951629638672e-05,819.0,994.5
1650166297,0.0,0.007454979,0.0,1.8030405044555664e-05,1.7851591110229492e-05,6055.0,5986.0
1650166298,0.0,0.007454979,0.0,1.8030405044555664e-05,1.7851591110229492e-05,6055.0,5986.0
1650166299,0.0,0.00292126,0.0,1.806020736694336e-05,1.7881393432617188e-05,3061.5,3179.0
1650166300,0.01,0.004270155,0.0,1.7881393432617188e-05,1.7702579498291016e-05,4416.0,4575.0
1650166301,0.01,0.004270155,0.0,1.7881393432617188e-05,1.7702579498291016e-05,4416.0,4575.0
1650166302,0.0,0.0034145045,0.0,1.806020736694336e-05,1.7881393432617188e-05,3054.0,3103.5
1650166303,0.0,0.00314287,0.0,1.7940998077392578e-05,1.7762184143066406e-05,2963.0,3206.0
1650166304,0.0,0.002967654,0.0,1.7881393432617188e-05,1.7702579498291016e-05,2856.0,4960.0
1650166305,0.0,0.002967654,0.0,1.7881393432617188e-05,1.7702579498291016e-05,2856.0,4960.0
1650166306,0.0,0.0023646865,0.005,1.806020736694336e-05,1.7881393432617188e-05,2280.5,2393.5
1650166307,0.0,0.00149435,0.01,1.809000968933105e-05,1.7911195755004883e-05,1494.0,1503.0
1650166308,0.0,0.00149435,0.01,1.809000968933105e-05,1.7911195755004883e-05,1494.0,1503.0
1650166309,0.0,0.0029394665,0.0,1.7881393432617188e-05,1.7702579498291016e-05,2910.0,2994.0
1650166310,0.01,0.005726225,0.0,1.7702579498291016e-05,1.7523765563964844e-05,5578.0,5877.0
1650166311,0.01,0.005726225,0.0,1.7702579498291016e-05,1.7523765563964844e-05,5578.0,5877.0
1650166312,0.0,0.001413019,0.0,1.77919864654541e-05,1.761317253112793e-05,1362.0,1502.5
1650166313,0.0,0.001413019,0.0,1.77919864654541e-05,1.761317253112793e-05,1362.0,1502.5
1650166314,0.0,0.001469926,0.0,1.7702579498291016e-05,1.7523765563964844e-05,1361.0,2413.5
1650166315,0.0,0.001291897,0.0,1.7702579498291016e-05,1.7523765563964844e-05,1362.0,1437.0
1650166316,0.0,0.004228886,0.0,1.767277717590332e-05,1.749396324157715e-05,4083.0,4442.0
1650166317,0.0,0.004228886,0.0,1.767277717590332e-05,1.749396324157715e-05,4083.0,4442.0
1650166318,0.0,0.0037644745,0.0,1.806020736694336e-05,1.7881393432617188e-05,3713.0,3835.0
1650166319,0.0,0.0037644745,0.0,1.806020736694336e-05,1.7881393432617188e-05,3713.0,3835.0
1650166320,0.0,0.0021274155,0.0,1.806020736694336e-05,1.7881393432617188e-05,2070.0,2221.0
1650166321,0.0,0.005357663,0.0,1.811981201171875e-05,1.7940998077392578e-05,5448.0,5814.0
1650166322,0.01,0.002919124,0.0,1.806020736694336e-05,1.7881393432617188e-05,2724.0,2940.0
1650166323,0.01,0.002919124,0.0,1.806020736694336e-05,1.7881393432617188e-05,2724.0,2940.0
1650166324,0.0,0.0027445735,0.0,1.806020736694336e-05,1.7881393432617188e-05,2724.0,3690.0
1650166325,0.0,0.0027445735,0.0,1.806020736694336e-05,1.7881393432617188e-05,2724.0,3690.0
1650166326,0.0,0.0006747355,0.0,1.806020736694336e-05,1.7881393432617188e-05,680.5,718.5
1650166327,0.0,0.003677819,0.0,1.7851591110229492e-05,1.767277717590332e-05,2986.0,3137.0
1650166328,0.0,0.000743667,0.0,1.7702579498291016e-05,1.7523765563964844e-05,659.0,764.0
1650166329,0.0,0.0,0.0,1.7702579498291016e-05,1.7523765563964844e-05,0.0,0.0
1650166330,0.0,0.0,0.0,1.7702579498291016e-05,1.7523765563964844e-05,0.0,0.0
1650166331,0.0,0.0,0.0,1.7702579498291016e-05,1.7523765563964844e-05,0.0,0.0
1650166332,0.0,0.0003753823333333,0.0,1.7404556274414062e-05,1.722574234008789e-05,478.0,482.0
1650166333,0.0,0.0003753823333333,0.0,1.7404556274414062e-05,1.722574234008789e-05,478.0,482.0
1650166334,0.0,0.000397346,0.0,1.7523765563964844e-05,1.7344951629638672e-05,362.5,693.0
1650166335,0.0,0.00026476,0.0,1.7374753952026367e-05,1.7195940017700195e-05,132.0,66.0
1650166336,0.0,0.00026476,0.0,1.7374753952026367e-05,1.7195940017700195e-05,132.0,66.0
1650166337,0.0,0.0015313165,0.0,1.7583370208740234e-05,1.7404556274414062e-05,997.0,1225.5
1650166338,0.0,0.0015313165,0.0,1.7583370208740234e-05,1.7404556274414062e-05,997.0,1225.5
1650166339,0.0,0.0010589865,0.0,1.7523765563964844e-05,1.7344951629638672e-05,836.0,1044.5
1650166340,0.0,0.002289556,0.0,1.7702579498291016e-05,1.7523765563964844e-05,1650.0,2055.0
1650166341,0.0,0.002289556,0.0,1.7702579498291016e-05,1.7523765563964844e-05,1650.0,2055.0
1650166342,0.0,0.0,0.0,1.7702579498291016e-05,1.7523765563964844e-05,0.0,33.0
1650166343,0.0,0.00145796,0.0,1.7702579498291016e-05,1.7523765563964844e-05,1063.0,2006.0
1650166344,0.0,0.00145796,0.0,1.7702579498291016e-05,1.7523765563964844e-05,1063.0,2006.0
1650166345,0.0,0.0005596445,0.0,1.7702579498291016e-05,1.7523765563964844e-05,558.5,584.0
1650166346,0.0,0.001808661,0.0,1.7881393432617188e-05,1.7702579498291016e-05,1510.0,1849.0
1650166347,0.0,0.001808661,0.0,1.7881393432617188e-05,1.7702579498291016e-05,1510.0,1849.0
1650166348,0.0,0.0008530795,0.0,1.767277717590332e-05,1.749396324157715e-05,481.5,544.5
1650166349,0.0,0.0008530795,0.0,1.767277717590332e-05,1.749396324157715e-05,481.5,544.5
1650166350,0.0,0.0017510185,0.0,1.773238182067871e-05,1.755356788635254e-05,1072.5,1359.0
1650166351,0.0,0.001009017,0.0,1.7523765563964844e-05,1.7344951629638672e-05,985.0,1234.0
1650166352,0.0,0.003249792,0.0,1.77919864654541e-05,1.761317253112793e-05,2213.0,2720.0
1650166353,0.0,0.001110227,0.0,1.7881393432617188e-05,1.7702579498291016e-05,711.0,1903.0
1650166354,0.0,0.001110227,0.0,1.7881393432617188e-05,1.7702579498291016e-05,711.0,1903.0
1650166355,0.0,0.0004041385,0.0,1.806020736694336e-05,1.7881393432617188e-05,465.5,518.0
1650166356,0.0,0.0004041385,0.0,1.806020736694336e-05,1.7881393432617188e-05,465.5,518.0
1650166357,0.0,0.0016618695,0.0,1.823902130126953e-05,1.806020736694336e-05,1197.0,1635.5
1650166358,0.0,0.0016618695,0.0,1.823902130126953e-05,1.806020736694336e-05,1197.0,1635.5
1650166359,0.0,0.0001017985,0.0,1.7881393432617188e-05,1.7702579498291016e-05,66.0,33.0
1650166360,0.0,0.001090382,0.0,1.806020736694336e-05,1.7881393432617188e-05,1063.0,1102.0
1650166361,0.0,0.001090382,0.0,1.806020736694336e-05,1.7881393432617188e-05,1063.0,1102.0
1650166362,0.0,0.000391838,0.0,1.806020736694336e-05,1.7881393432617188e-05,432.5,518.0
1650166363,0.01,0.002318682,0.0,1.8030405044555664e-05,1.7851591110229492e-05,1502.0,2352.0
1650166364,0.01,0.002318682,0.0,1.8030405044555664e-05,1.7851591110229492e-05,1502.0,2352.0
1650166365,0.0,0.0006980325,0.0,1.806020736694336e-05,1.7881393432617188e-05,568.0,621.0
1650166366,0.0,0.0006980325,0.0,1.806020736694336e-05,1.7881393432617188e-05,568.0,621.0
1650166367,0.0,0.00011549,0.0,1.7881393432617188e-05,1.7702579498291016e-05,66.0,33.0
1650166368,0.0,0.00011549,0.0,1.7881393432617188e-05,1.7702579498291016e-05,66.0,33.0
1650166369,0.005,0.000430184,0.0,1.806020736694336e-05,1.7881393432617188e-05,465.5,518.0
1650166370,0.0,0.003196953,0.0,1.823902130126953e-05,1.806020736694336e-05,2461.0,2794.0
1650166371,0.0,0.001096459,0.0,1.806020736694336e-05,1.7881393432617188e-05,922.0,1027.0
1650166372,0.0,0.001096459,0.0,1.806020736694336e-05,1.7881393432617188e-05,922.0,1027.0
1650166373,0.0,0.0,0.0,1.806020736694336e-05,1.7881393432617188e-05,0.0,0.0
1650166374,0.0,0.0,0.0,1.806020736694336e-05,1.7881393432617188e-05,0.0,0.0
1650166375,0.0,0.0,0.0,1.806020736694336e-05,1.7881393432617188e-05,0.0,0.0
1650166376,0.0,0.001511731,0.0,1.8030405044555664e-05,1.7851591110229492e-05,1040.0,1498.6666666666667
1650166377,0.0,0.004000613,0.0,1.8596649169921875e-05,1.8417835235595703e-05,2800.0,3677.0
1650166378,0.0,0.000171053,0.0,1.8417835235595703e-05,1.823902130126953e-05,96.0,178.0
1650166379,0.0,0.000171053,0.0,1.8417835235595703e-05,1.823902130126953e-05,96.0,178.0
1650166380,0.0,0.000427163,0.0,1.823902130126953e-05,1.806020736694336e-05,461.5,513.5
1650166381,0.0,0.0,0.0,1.823902130126953e-05,1.806020736694336e-05,140.0,148.0
1650166382,0.0,0.0,0.0,1.823902130126953e-05,1.806020736694336e-05,140.0,148.0
1650166383,0.0,0.0012018645,0.0,1.84476375579834e-05,1.8268823623657227e-05,783.5,920.0
1650166384,0.0,0.001172943,0.0,1.8417835235595703e-05,1.823902130126953e-05,1063.0,1703.0
1650166385,0.0,0.001172943,0.0,1.8417835235595703e-05,1.823902130126953e-05,1063.0,1703.0
1650166386,0.0,0.0016293215,0.0,1.8775463104248047e-05,1.8596649169921875e-05,1236.5,1667.0
1650166387,0.01,0.001449311,0.0,1.8596649169921875e-05,1.8417835235595703e-05,827.0,1159.0
1650166388,0.01,0.001449311,0.0,1.8596649169921875e-05,1.8417835235595703e-05,827.0,1159.0
1650166389,0.0,0.001062964,0.0,1.913309097290039e-05,1.895427703857422e-05,788.0,1027.5
1650166390,0.0,0.001062964,0.0,1.913309097290039e-05,1.895427703857422e-05,788.0,1027.5
1650166391,0.0,0.0011668345,0.0,1.895427703857422e-05,1.8775463104248047e-05,920.0,990.5
1650166392,0.0,0.0011668345,0.0,1.895427703857422e-05,1.8775463104248047e-05,920.0,990.5
1650166393,0.0,0.000556693,0.0,1.895427703857422e-05,1.8775463104248047e-05,531.5,551.0
1650166394,0.0,0.001594552,0.0,1.895427703857422e-05,1.8775463104248047e-05,776.0,1613.0
1650166395,0.01,0.00107953,0.0,1.913309097290039e-05,1.895427703857422e-05,931.0,1308.0
1650166396,0.0,0.001088091,0.0,1.916289329528809e-05,1.8984079360961917e-05,1063.0,1102.0
1650166397,0.0,0.001267718,0.0,1.9103288650512692e-05,1.8924474716186523e-05,699.0,1151.0
1650166398,0.0,0.001267718,0.0,1.9103288650512692e-05,1.8924474716186523e-05,699.0,1151.0
1650166399,0.0,0.0006498115,0.0,1.895427703857422e-05,1.8775463104248047e-05,525.5,687.0
1650166400,0.0,0.002289307,0.0,1.9878149032592773e-05,1.96993350982666e-05,1576.0,2047.0
1650166401,0.0,0.000179559,0.0,1.8924474716186523e-05,1.874566078186035e-05,128.0,210.0
1650166402,0.0,0.000179559,0.0,1.8924474716186523e-05,1.874566078186035e-05,128.0,210.0
1650166403,0.0,0.001228437,0.0,1.9103288650512692e-05,1.8924474716186523e-05,854.0,1397.0
1650166404,0.0,0.002164189,0.0,1.931190490722656e-05,1.913309097290039e-05,1754.0,1972.0
1650166405,0.0,0.002164189,0.0,1.931190490722656e-05,1.913309097290039e-05,1754.0,1972.0
1650166406,0.0,0.0,0.0,1.931190490722656e-05,1.913309097290039e-05,0.0,0.0
1650166407,0.0,0.0,0.0,1.931190490722656e-05,1.913309097290039e-05,0.0,0.0
1650166408,0.0,0.001757142,0.0,1.940131187438965e-05,1.922249794006348e-05,1412.5,1541.5
1650166409,0.0,0.001757142,0.0,1.940131187438965e-05,1.922249794006348e-05,1412.5,1541.5
1650166410,0.0,0.001149913,0.0,1.9371509552001957e-05,1.919269561767578e-05,854.0,957.5
1650166411,0.0,0.0,0.0,1.931190490722656e-05,1.913309097290039e-05,0.0,0.0
1650166412,0.0,0.0,0.0,1.931190490722656e-05,1.913309097290039e-05,0.0,0.0
1650166413,0.0,0.0003611305,0.0,1.9282102584838867e-05,1.9103288650512692e-05,399.5,584.0
1650166414,0.0,0.0003611305,0.0,1.9282102584838867e-05,1.9103288650512692e-05,399.5,584.0
1650166415,0.0,0.00184633,0.0,1.949071884155273e-05,1.931190490722656e-05,1242.5,1463.0
1650166416,0.0,0.000668296,0.0,1.952052116394043e-05,1.9341707229614254e-05,845.0,1028.0
1650166417,0.0,0.000668296,0.0,1.952052116394043e-05,1.9341707229614254e-05,845.0,1028.0
1650166418,0.0,0.0006330795,0.0,1.949071884155273e-05,1.931190490722656e-05,382.5,472.5
1650166419,0.0,0.0006330795,0.0,1.949071884155273e-05,1.931190490722656e-05,382.5,472.5
1650166420,0.0,0.000959735,0.0,1.949071884155273e-05,1.931190490722656e-05,887.0,957.5
1650166421,0.0,0.002159613,0.0,1.9669532775878903e-05,1.949071884155273e-05,1773.0,1915.0
1650166422,0.0,0.002159613,0.0,1.9669532775878903e-05,1.949071884155273e-05,1773.0,1915.0
1650166423,0.0,0.0011292245,0.0,2.0205974578857425e-05,2.002716064453125e-05,821.0,1126.5
1650166424,0.0,0.000330552,0.0,2.002716064453125e-05,1.984834671020508e-05,54.0,726.0
1650166425,0.0,0.000330552,0.0,2.002716064453125e-05,1.984834671020508e-05,54.0,726.0
1650166426,0.0,0.000362424,0.0,1.9997358322143555e-05,1.9818544387817383e-05,362.5,547.0
1650166427,0.0,0.000362424,0.0,1.9997358322143555e-05,1.9818544387817383e-05,362.5,547.0
1650166428,0.0,0.000532626,0.0,2.0205974578857425e-05,2.002716064453125e-05,502.5,588.0
1650166429,0.0,0.000899572,0.0,2.002716064453125e-05,1.984834671020508e-05,965.0,1070.0
1650166430,0.0,0.0,0.0,2.002716064453125e-05,1.984834671020508e-05,0.0,0.0
1650166431,0.0,0.0,0.0,2.002716064453125e-05,1.984834671020508e-05,0.0,0.0
1650166432,0.0,0.0,0.0,2.002716064453125e-05,1.984834671020508e-05,0.0,0.0
1650166433,0.0,0.000978248,0.0,2.002716064453125e-05,1.984834671020508e-05,854.6666666666666,958.6666666666666
1650166434,0.0,0.000978248,0.0,2.002716064453125e-05,1.984834671020508e-05,854.6666666666666,958.6666666666666
1650166435,0.0,0.0004949515,0.0,1.9878149032592773e-05,1.96993350982666e-05,465.5,747.5
1650166436,0.0,0.002592032,0.0,1.9669532775878903e-05,1.949071884155273e-05,1660.0,1898.0
1650166437,0.0,0.002592032,0.0,1.9669532775878903e-05,1.949071884155273e-05,1660.0,1898.0
1650166438,0.0,0.0015783635,0.0,2.0205974578857425e-05,2.002716064453125e-05,1040.5,1430.0
1650166439,0.0,0.002343218,0.0,2.062320709228516e-05,2.0444393157958984e-05,1708.0,1915.0
1650166440,0.0,0.002343218,0.0,2.062320709228516e-05,2.0444393157958984e-05,1708.0,1915.0
1650166441,0.0,0.000335881,0.0,2.059340476989746e-05,2.041459083557129e-05,394.5,548.0
1650166442,0.0,0.000335881,0.0,2.059340476989746e-05,2.041459083557129e-05,394.5,548.0
1650166443,0.0,0.000502941,0.0,2.0772218704223636e-05,2.059340476989746e-05,465.5,812.0
1650166444,0.0,0.000502941,0.0,2.0772218704223636e-05,2.059340476989746e-05,465.5,812.0
1650166445,0.0,0.0005456825,0.0,2.0772218704223636e-05,2.059340476989746e-05,601.0,587.5
1650166446,0.0,0.003586005,0.0,2.1845102310180664e-05,2.166628837585449e-05,1981.0,2566.0
1650166447,0.0,0.003586005,0.0,2.1845102310180664e-05,2.166628837585449e-05,1981.0,2566.0
1650166448,0.0,0.000482245,0.0,2.166628837585449e-05,2.148747444152832e-05,428.0,649.5
1650166449,0.0,0.000916598,0.0,2.181529998779297e-05,2.16364860534668e-05,939.0,1378.0
1650166450,0.0,0.000916598,0.0,2.181529998779297e-05,2.16364860534668e-05,939.0,1378.0
1650166451,0.0,0.0008689165,0.0,2.2530555725097656e-05,2.2351741790771484e-05,382.5,511.5
1650166452,0.0,0.002099487,0.0,2.232193946838379e-05,2.2143125534057617e-05,1622.0,2109.0
1650166453,0.01,0.00113269,0.0,2.229213714599609e-05,2.211332321166992e-05,1063.0,1102.0
1650166454,0.0,4.3939e-05,0.0,2.229213714599609e-05,2.211332321166992e-05,0.0,136.0
1650166455,0.0,4.3939e-05,0.0,2.229213714599609e-05,2.211332321166992e-05,0.0,136.0
1650166456,0.0,0.0004031215,0.0,2.2470951080322266e-05,2.229213714599609e-05,502.5,555.0
1650166457,0.0,0.004942422,0.0,2.2470951080322266e-05,2.229213714599609e-05,3280.0,4081.0
1650166458,0.0,0.004942422,0.0,2.2470951080322266e-05,2.229213714599609e-05,3280.0,4081.0
1650166459,0.0,0.0025303345,0.0,2.232193946838379e-05,2.2143125534057617e-05,1945.0,2069.5
1650166460,0.0,0.002962002,0.01,2.250075340270996e-05,2.232193946838379e-05,2550.0,2661.0
1650166461,0.0,0.002962002,0.01,2.250075340270996e-05,2.232193946838379e-05,2550.0,2661.0
1650166462,0.0,0.0025252535,0.0,2.2798776626586917e-05,2.2619962692260746e-05,2417.5,2497.0
1650166463,0.0,0.005460893,0.0,2.330541610717773e-05,2.312660217285156e-05,5464.0,5396.0
1650166464,0.0,0.005460893,0.0,2.330541610717773e-05,2.312660217285156e-05,5464.0,5396.0
1650166465,0.0,0.002277178,0.0,2.330541610717773e-05,2.312660217285156e-05,2142.0,3112.5
1650166466,0.0,0.002719433,0.0,2.330541610717773e-05,2.312660217285156e-05,2856.0,3005.0
1650166467,0.0,0.002719433,0.0,2.330541610717773e-05,2.312660217285156e-05,2856.0,3005.0
1650166468,0.0,0.0013135135,0.005,2.330541610717773e-05,2.312660217285156e-05,1428.0,1503.0
1650166469,0.01,0.006082449,0.0,2.3871660232543945e-05,2.3692846298217773e-05,5892.0,6124.0
1650166470,0.01,0.006082449,0.0,2.3871660232543945e-05,2.3692846298217773e-05,5892.0,6124.0
1650166471,0.0,0.005242809,0.0,2.396106719970703e-05,2.378225326538086e-05,5275.0,5567.5
1650166472,0.01,0.003405618,0.0,2.3692846298217773e-05,2.35140323638916e-05,2993.0,3342.0
1650166473,0.01,0.003405618,0.0,2.3692846298217773e-05,2.35140323638916e-05,2993.0,3342.0
1650166474,0.0,0.0015024975,0.0,2.378225326538086e-05,2.3603439331054688e-05,1426.0,2549.0
1650166475,0.0,0.003736797,0.0,2.372264862060547e-05,2.3543834686279297e-05,3631.0,3752.0
1650166476,0.0,0.003736797,0.0,2.372264862060547e-05,2.3543834686279297e-05,3631.0,3752.0
1650166477,0.0,0.0013784795,0.0,2.372264862060547e-05,2.3543834686279297e-05,1361.5,1436.0
1650166478,0.0,0.002987816,0.01,2.390146255493164e-05,2.372264862060547e-05,2863.0,3080.0
1650166479,0.0,0.002987816,0.01,2.390146255493164e-05,2.372264862060547e-05,2863.0,3080.0
1650166480,0.0,0.003639979,0.0,2.3752450942993164e-05,2.3573637008666992e-05,3470.5,3723.5
1650166481,0.0,0.003639979,0.0,2.3752450942993164e-05,2.3573637008666992e-05,3470.5,3723.5
1650166482,0.0,0.0021695165,0.0,2.3573637008666992e-05,2.339482307434082e-05,2109.0,2221.5
1650166483,0.01,0.003495206,0.0,2.372264862060547e-05,2.3543834686279297e-05,3004.0,3285.0
1650166484,0.0,0.001589887,0.01,2.378225326538086e-05,2.3603439331054688e-05,1428.0,2906.0
1650166485,0.0,0.005935211,0.0,2.390146255493164e-05,2.372264862060547e-05,5717.0,5886.0
1650166486,0.0,0.005935211,0.0,2.390146255493164e-05,2.372264862060547e-05,5717.0,5886.0
1650166487,0.0,0.002052506,0.0,2.390146255493164e-05,2.372264862060547e-05,2043.0,2188.0
1650166488,0.0,0.002748011,0.0,2.390146255493164e-05,2.372264862060547e-05,2723.0,2874.0
1650166489,0.0,0.002748011,0.0,2.390146255493164e-05,2.372264862060547e-05,2723.0,2874.0
1650166490,0.0,0.002190936,0.0,2.390146255493164e-05,2.372264862060547e-05,2042.0,2154.0
1650166491,0.0,0.002954587,0.0,2.390146255493164e-05,2.372264862060547e-05,2995.0,3145.0
1650166492,0.0,0.001299206,0.0,2.390146255493164e-05,2.372264862060547e-05,1362.0,1437.0
1650166493,0.0,0.005933655,0.0,2.3752450942993164e-05,2.3573637008666992e-05,5852.0,8086.0
1650166494,0.0,0.005933655,0.0,2.3752450942993164e-05,2.3573637008666992e-05,5852.0,8086.0
1650166495,0.0,0.000626141,0.0,2.378225326538086e-05,2.3603439331054688e-05,714.0,718.0
1650166496,0.0,0.005057484,0.0,2.378225326538086e-05,2.3603439331054688e-05,5446.0,5943.0
1650166497,0.0,0.005057484,0.0,2.378225326538086e-05,2.3603439331054688e-05,5446.0,5943.0
1650166498,0.005,0.002706649,0.0,2.3752450942993164e-05,2.3573637008666992e-05,2860.0,3043.0
1650166499,0.0,0.001366189,0.0,2.378225326538086e-05,2.3603439331054688e-05,1361.0,1436.0
1650166500,0.0,0.002584749,0.01,2.3752450942993164e-05,2.3573637008666992e-05,2723.0,2873.0
1650166501,0.0,0.002584749,0.01,2.3752450942993164e-05,2.3573637008666992e-05,2723.0,2873.0
1650166502,0.0,0.001854182,0.0,2.378225326538086e-05,2.3603439331054688e-05,2043.0,2188.5
1650166503,0.0,0.001257109,0.0,2.3752450942993164e-05,2.3573637008666992e-05,1362.0,1437.0
1650166504,0.0,0.002987827,0.0,2.396106719970703e-05,2.378225326538086e-05,3004.0,4986.0
1650166505,0.0,0.005147443,0.0,2.396106719970703e-05,2.378225326538086e-05,5645.0,5879.0
1650166506,0.0,0.005147443,0.0,2.396106719970703e-05,2.378225326538086e-05,5645.0,5879.0
1650166507,0.0,0.001989562,0.0,2.384185791015625e-05,2.366304397583008e-05,2109.0,2188.5
1650166508,0.0,0.001989562,0.0,2.384185791015625e-05,2.366304397583008e-05,2109.0,2188.5
1650166509,0.0,0.001227698,0.0,2.3812055587768555e-05,2.3633241653442383e-05,1382.5,1490.5
1650166510,0.0,0.002462624,0.0,2.378225326538086e-05,2.3603439331054688e-05,2723.0,2874.0
1650166511,0.01,0.001363317,0.0,2.3812055587768555e-05,2.3633241653442383e-05,1362.0,1437.0
1650166512,0.0,0.005725812,0.0,2.396106719970703e-05,2.378225326538086e-05,5586.0,5888.0
1650166513,0.0,0.005725812,0.0,2.396106719970703e-05,2.378225326538086e-05,5586.0,5888.0
1650166514,0.005,0.0019922225,0.0,2.3931264877319336e-05,2.3752450942993164e-05,2042.0,3226.0
1650166515,0.0,0.005145729,0.0,2.396106719970703e-05,2.378225326538086e-05,5786.0,5954.0
1650166516,0.0,0.005145729,0.0,2.396106719970703e-05,2.378225326538086e-05,5786.0,5954.0
1650166517,0.0,0.001986832,0.0,2.4944543838500977e-05,2.4765729904174805e-05,2109.0,2220.5
1650166518,0.0,0.002790454,0.0,2.384185791015625e-05,2.366304397583008e-05,2723.0,2873.0
1650166519,0.0,0.003884065,0.0,2.396106719970703e-05,2.378225326538086e-05,4225.0,4448.0
1650166520,0.0,0.003884065,0.0,2.396106719970703e-05,2.378225326538086e-05,4225.0,4448.0
1650166521,0.005,0.0030842585,0.0,2.396106719970703e-05,2.378225326538086e-05,3402.5,3591.5
1650166522,0.005,0.0030842585,0.0,2.396106719970703e-05,2.378225326538086e-05,3402.5,3591.5
1650166523,0.0,0.001339539,0.0,2.3871660232543945e-05,2.3692846298217773e-05,1427.5,1469.5
1650166524,0.0,0.001370195,0.0,2.3812055587768555e-05,2.3633241653442383e-05,1360.0,3331.0
1650166525,0.0,0.002702596,0.0,2.3812055587768555e-05,2.3633241653442383e-05,2863.0,3146.0
1650166526,0.0,0.002702596,0.0,2.3812055587768555e-05,2.3633241653442383e-05,2863.0,3146.0
1650166527,0.0,0.0013041915,0.0,2.396106719970703e-05,2.378225326538086e-05,1497.5,1506.5
1650166528,0.0,0.002410835,0.0,2.3990869522094727e-05,2.3812055587768555e-05,2786.0,2939.0
1650166529,0.0,0.002889484,0.0,2.3990869522094727e-05,2.3812055587768555e-05,2995.0,3080.0
1650166530,0.0,0.002889484,0.0,2.3990869522094727e-05,2.3812055587768555e-05,2995.0,3080.0
1650166531,0.0,0.002165678,0.005,2.4020671844482425e-05,2.384185791015625e-05,2178.5,2258.0
1650166532,0.0,0.001263809,0.0,2.3990869522094727e-05,2.3812055587768555e-05,1427.0,1437.0
1650166533,0.0,0.001263809,0.0,2.3990869522094727e-05,2.3812055587768555e-05,1427.0,1437.0
1650166534,0.0,0.0033709995,0.005,2.396106719970703e-05,2.378225326538086e-05,3404.5,4715.0
1650166535,0.0,0.003862543,0.0,2.3990869522094727e-05,2.3812055587768555e-05,4085.0,4571.0
1650166536,0.0,0.003862543,0.0,2.3990869522094727e-05,2.3812055587768555e-05,4085.0,4571.0
1650166537,0.0,0.001927657,0.0,2.4199485778808597e-05,2.4020671844482425e-05,2178.5,2258.0
1650166538,0.0,0.001927657,0.0,2.4199485778808597e-05,2.4020671844482425e-05,2178.5,2258.0
1650166539,0.0,0.001395271,0.0,2.396106719970703e-05,2.378225326538086e-05,1393.5,1436.0
1650166540,0.01,0.003761299,0.0,2.4020671844482425e-05,2.384185791015625e-05,4085.0,4310.0
1650166541,0.01,0.003761299,0.0,2.4020671844482425e-05,2.384185791015625e-05,4085.0,4310.0
1650166542,0.0,0.000912736,0.0,2.378225326538086e-05,2.3603439331054688e-05,1006.5,1096.5
1650166543,0.0,0.002361287,0.0,2.396106719970703e-05,2.378225326538086e-05,2345.0,2390.0
1650166544,0.0,0.005288627,0.0,2.396106719970703e-05,2.378225326538086e-05,5447.0,6421.0
1650166545,0.0,0.005288627,0.0,2.396106719970703e-05,2.378225326538086e-05,5447.0,6421.0
1650166546,0.0,0.002478179,0.0,2.396106719970703e-05,2.378225326538086e-05,2724.0,2874.0
1650166547,0.0,0.0042429,0.0,2.3990869522094727e-05,2.3812055587768555e-05,4290.0,4581.0
1650166548,0.0,0.0042429,0.0,2.3990869522094727e-05,2.3812055587768555e-05,4290.0,4581.0
1650166549,0.0,0.0013918045,0.0,2.378225326538086e-05,2.3603439331054688e-05,1514.5,1490.5
1650166550,0.01,0.00260038,0.0,2.378225326538086e-05,2.3603439331054688e-05,2723.0,2873.0
1650166551,0.01,0.00260038,0.0,2.378225326538086e-05,2.3603439331054688e-05,2723.0,2873.0
1650166552,0.0,0.003349123,0.005,2.396106719970703e-05,2.378225326538086e-05,3472.5,3694.0
1650166553,0.0,0.002593719,0.0,2.396106719970703e-05,2.378225326538086e-05,2723.0,5417.0
1650166554,0.0,0.001373658,0.0,2.378225326538086e-05,2.3603439331054688e-05,1492.0,1569.0
1650166555,0.0,0.001373658,0.0,2.378225326538086e-05,2.3603439331054688e-05,1492.0,1569.0
1650166556,0.005,0.0027331685,0.0,2.396106719970703e-05,2.378225326538086e-05,2929.5,3046.5
1650166557,0.005,0.0027331685,0.0,2.396106719970703e-05,2.378225326538086e-05,2929.5,3046.5
1650166558,0.0,0.0025401885,0.0,2.3931264877319336e-05,2.3752450942993164e-05,2723.5,3038.0
1650166559,0.0,0.0025401885,0.0,2.3931264877319336e-05,2.3752450942993164e-05,2723.5,3038.0
1650166560,0.0,0.0029379225,0.0,2.378225326538086e-05,2.3603439331054688e-05,2958.0,2976.0
1650166561,0.0,0.0029379225,0.0,2.378225326538086e-05,2.3603439331054688e-05,2958.0,2976.0
1650166562,0.0,0.002230422,0.0,2.378225326538086e-05,2.3603439331054688e-05,2179.0,2291.5
1650166563,0.0,0.003570047,0.0,2.378225326538086e-05,2.3603439331054688e-05,2724.0,2873.0
1650166564,0.0,0.001585185,0.0,2.384185791015625e-05,2.366304397583008e-05,1362.0,2698.0
1650166565,0.0,0.001585185,0.0,2.384185791015625e-05,2.366304397583008e-05,1362.0,2698.0
1650166566,0.0,0.001391599,0.0,2.3603439331054688e-05,2.342462539672852e-05,1427.5,1469.0
1650166567,0.0,0.001354462,0.0,2.366304397583008e-05,2.3484230041503903e-05,1362.0,1436.0
1650166568,0.0,0.002698502,0.01,2.378225326538086e-05,2.3603439331054688e-05,2863.0,3013.0
1650166569,0.0,0.002698502,0.01,2.378225326538086e-05,2.3603439331054688e-05,2863.0,3013.0
1650166570,0.0,0.0027818285,0.0,2.396106719970703e-05,2.378225326538086e-05,2962.0,3113.0
1650166571,0.0,0.0027818285,0.0,2.396106719970703e-05,2.378225326538086e-05,2962.0,3113.0
1650166572,0.0,0.0013261335,0.0,2.3990869522094727e-05,2.3812055587768555e-05,1394.0,1468.5
1650166573,0.01,0.005585729,0.01,2.378225326538086e-05,2.3603439331054688e-05,5579.0,5880.0
1650166574,0.0,0.004014647,0.0,2.3812055587768555e-05,2.3633241653442383e-05,4085.0,6108.0
1650166575,0.0,0.004014647,0.0,2.3812055587768555e-05,2.3633241653442383e-05,4085.0,6108.0
1650166576,0.0,0.001900893,0.0,2.3812055587768555e-05,2.3633241653442383e-05,2043.0,2155.0
1650166577,0.0,0.001900893,0.0,2.3812055587768555e-05,2.3633241653442383e-05,2043.0,2155.0
1650166578,0.0,0.0025159725,0.0,2.3812055587768555e-05,2.3633241653442383e-05,2722.5,2938.5
1650166579,0.01,0.002759999,0.0,2.378225326538086e-05,2.3603439331054688e-05,2724.0,3006.0
1650166580,0.0,0.003153481,0.0,2.378225326538086e-05,2.3603439331054688e-05,2929.0,3013.0
1650166581,0.0,0.003153481,0.0,2.378225326538086e-05,2.3603439331054688e-05,2929.0,3013.0
1650166582,0.0,0.0011909505,0.005,2.384185791015625e-05,2.366304397583008e-05,1428.0,1470.0
1650166583,0.0,0.0011909505,0.005,2.384185791015625e-05,2.366304397583008e-05,1428.0,1470.0
1650166584,0.0,0.0013505855,0.0,2.378225326538086e-05,2.3603439331054688e-05,1362.0,2083.5
1650166585,0.0,0.0013505855,0.0,2.378225326538086e-05,2.3603439331054688e-05,1362.0,2083.5
1650166586,0.0,0.002595865,0.0,2.3812055587768555e-05,2.3633241653442383e-05,2859.0,3009.0
1650166587,0.0,0.002638001,0.0,2.3812055587768555e-05,2.3633241653442383e-05,2722.0,2871.0
1650166588,0.0,0.002638001,0.0,2.3812055587768555e-05,2.3633241653442383e-05,2722.0,2871.0
1650166589,0.0,0.0043557755,0.0,2.4944543838500977e-05,2.4765729904174805e-05,4856.5,5284.5
1650166590,0.0,0.004353149,0.0,2.396106719970703e-05,2.378225326538086e-05,4225.0,4581.0
1650166591,0.0,0.004353149,0.0,2.396106719970703e-05,2.378225326538086e-05,4225.0,4581.0
1650166592,0.0,0.0031615215,0.005,2.3990869522094727e-05,2.3812055587768555e-05,3503.5,3625.0
1650166593,0.0,0.0031615215,0.005,2.3990869522094727e-05,2.3812055587768555e-05,3503.5,3625.0
1650166594,0.0,0.002660506,0.0,2.396106719970703e-05,2.378225326538086e-05,2723.0,3850.0
1650166595,0.0,0.002660506,0.0,2.396106719970703e-05,2.378225326538086e-05,2723.0,3850.0
1650166596,0.0,0.001987431,0.0,2.396106719970703e-05,2.378225326538086e-05,2042.5,2155.5
1650166597,0.0,0.002413267,0.0,2.396106719970703e-05,2.378225326538086e-05,2724.0,2874.0
1650166598,0.0,0.001096996,0.0,2.3990869522094727e-05,2.3812055587768555e-05,1362.0,1437.0
1650166599,0.0,0.001096996,0.0,2.3990869522094727e-05,2.3812055587768555e-05,1362.0,1437.0
1650166600,0.005,0.0023322995,0.0,2.396106719970703e-05,2.378225326538086e-05,2438.5,2603.5
1650166601,0.005,0.0023322995,0.0,2.396106719970703e-05,2.378225326538086e-05,2438.5,2603.5
1650166602,0.0,0.002005825,0.0,2.378225326538086e-05,2.3603439331054688e-05,1919.5,2012.5
1650166603,0.0,0.003924643,0.0,2.384185791015625e-05,2.366304397583008e-05,4556.0,5326.0
1650166604,0.0,0.001208382,0.0,2.3812055587768555e-05,2.3633241653442383e-05,1361.0,1436.0
1650166605,0.0,0.001208382,0.0,2.3812055587768555e-05,2.3633241653442383e-05,1361.0,1436.0
1650166606,0.0,0.0019344355,0.0,2.405047416687012e-05,2.3871660232543945e-05,2112.5,2257.5
1650166607,0.01,0.00501567,0.0,2.4020671844482425e-05,2.384185791015625e-05,5444.0,5811.0
1650166608,0.01,0.00501567,0.0,2.4020671844482425e-05,2.384185791015625e-05,5444.0,5811.0
1650166609,0.0,0.001290934,0.005,2.4199485778808597e-05,2.4020671844482425e-05,1362.0,1470.0
1650166610,0.0,0.005429693,0.0,2.3812055587768555e-05,2.3633241653442383e-05,5850.0,6083.0
1650166611,0.0,0.005429693,0.0,2.3812055587768555e-05,2.3633241653442383e-05,5850.0,6083.0
1650166612,0.0,0.002727008,0.005,2.3633241653442383e-05,2.345442771911621e-05,2859.0,3107.5
1650166613,0.0,0.002727008,0.005,2.3633241653442383e-05,2.345442771911621e-05,2859.0,3107.5
1650166614,0.0,0.0012461725,0.0,2.3603439331054688e-05,2.342462539672852e-05,1460.5,2208.0
1650166615,0.0,0.002793806,0.0,2.3692846298217773e-05,2.35140323638916e-05,2789.0,2939.0
1650166616,0.0,0.004381713,0.0,2.3603439331054688e-05,2.342462539672852e-05,4085.0,4377.0
1650166617,0.0,0.003135724,0.0,2.345442771911621e-05,2.327561378479004e-05,2855.0,2939.0
1650166618,0.0,0.003135724,0.0,2.345442771911621e-05,2.327561378479004e-05,2855.0,2939.0
1650166619,0.0,0.000751885,0.0,2.3603439331054688e-05,2.342462539672852e-05,750.5,788.5
1650166620,0.01,0.002664211,0.0,2.3603439331054688e-05,2.342462539672852e-05,2777.0,2940.0
1650166621,0.01,0.004444076,0.0,2.3603439331054688e-05,2.342462539672852e-05,4085.0,4310.0
1650166622,0.0,0.002959735,0.0,2.378225326538086e-05,2.3603439331054688e-05,2864.0,3013.0
1650166623,0.0,0.00160672,0.01,2.384185791015625e-05,2.366304397583008e-05,1362.0,3818.0
1650166624,0.0,0.00160672,0.01,2.384185791015625e-05,2.366304397583008e-05,1362.0,3818.0
1650166625,0.0,0.001788347,0.0,2.3990869522094727e-05,2.3812055587768555e-05,1534.5,1576.5
1650166626,0.0,0.0045859,0.0,2.396106719970703e-05,2.378225326538086e-05,4490.0,4649.0
1650166627,0.0,0.0045859,0.0,2.396106719970703e-05,2.378225326538086e-05,4490.0,4649.0
1650166628,0.0,0.002291543,0.0,2.3871660232543945e-05,2.3692846298217773e-05,2108.0,2253.5
1650166629,0.0,0.002945435,0.0,2.378225326538086e-05,2.3603439331054688e-05,2766.0,2916.0
1650166630,0.0,0.002945435,0.0,2.378225326538086e-05,2.3603439331054688e-05,2766.0,2916.0
1650166631,0.0,0.0015314205,0.0,2.3603439331054688e-05,2.342462539672852e-05,1428.0,1503.0
1650166632,0.0,0.002939654,0.0,2.3871660232543945e-05,2.3692846298217773e-05,2862.0,3078.0
1650166633,0.01,0.002913583,0.0,2.3812055587768555e-05,2.3633241653442383e-05,2721.0,5329.0
1650166634,0.01,0.002913583,0.0,2.3812055587768555e-05,2.3633241653442383e-05,2721.0,5329.0
1650166635,0.0,0.000707042,0.0,2.3752450942993164e-05,2.3573637008666992e-05,680.5,817.5
1650166636,0.0,0.00458574,0.0,2.378225326538086e-05,2.3603439331054688e-05,4356.0,4582.0
1650166637,0.0,0.00458574,0.0,2.378225326538086e-05,2.3603439331054688e-05,4356.0,4582.0
1650166638,0.0,0.000667539,0.0,2.378225326538086e-05,2.3603439331054688e-05,740.0,751.5
1650166639,0.0,0.000278414,0.0,2.3603439331054688e-05,2.342462539672852e-05,132.0,66.0
1650166640,0.0,0.001289824,0.01,2.3603439331054688e-05,2.342462539672852e-05,1362.0,1503.0
1650166641,0.0,0.001289824,0.01,2.3603439331054688e-05,2.342462539672852e-05,1362.0,1503.0
1650166642,0.0,0.0006790085,0.0,2.372264862060547e-05,2.3543834686279297e-05,681.0,751.5
1650166643,0.0,0.000382146,0.0,2.3484230041503903e-05,2.330541610717773e-05,132.0,460.0
1650166644,0.0,0.000382146,0.0,2.3484230041503903e-05,2.330541610717773e-05,132.0,460.0
1650166645,0.0,0.0008172645,0.0,2.330541610717773e-05,2.312660217285156e-05,746.5,751.0
1650166646,0.0,0.00229601,0.0,2.321600914001465e-05,2.303719520568848e-05,1972.0,2113.0
1650166647,0.0,0.00229601,0.0,2.321600914001465e-05,2.303719520568848e-05,1972.0,2113.0
1650166648,0.0,0.001131677,0.0,2.3156404495239254e-05,2.297759056091309e-05,989.5,1027.5
1650166649,0.0,0.0,0.0,2.3156404495239254e-05,2.297759056091309e-05,0.0,0.0
1650166650,0.0,0.0,0.0,2.3156404495239254e-05,2.297759056091309e-05,0.0,0.0
1650166651,0.0,0.000848428,0.0,2.312660217285156e-05,2.294778823852539e-05,817.0,887.5
1650166652,0.0,0.000848428,0.0,2.312660217285156e-05,2.294778823852539e-05,817.0,887.5
1650166653,0.0,0.001034207,0.0,2.330541610717773e-05,2.312660217285156e-05,887.0,924.5
1650166654,0.0,0.001034207,0.0,2.330541610717773e-05,2.312660217285156e-05,887.0,924.5
1650166655,0.005,0.001060372,0.005,2.330541610717773e-05,2.312660217285156e-05,953.0,1467.5
1650166656,0.0,0.002146249,0.0,2.333521842956543e-05,2.3156404495239254e-05,1838.0,1914.0
1650166657,0.0,0.0,0.0,2.330541610717773e-05,2.312660217285156e-05,0.0,0.0
1650166658,0.0,0.001771255,0.0,2.327561378479004e-05,2.3096799850463867e-05,1568.0,1907.0
1650166659,0.0,0.001771255,0.0,2.327561378479004e-05,2.3096799850463867e-05,1568.0,1907.0
1650166660,0.0,0.0,0.0,2.327561378479004e-05,2.3096799850463867e-05,0.0,0.0
1650166661,0.0,0.0,0.0,2.327561378479004e-05,2.3096799850463867e-05,0.0,0.0
1650166662,0.0,0.00126918,0.0,2.330541610717773e-05,2.312660217285156e-05,1056.0,1060.5
1650166663,0.0,0.00126918,0.0,2.330541610717773e-05,2.312660217285156e-05,1056.0,1060.5
1650166664,0.0,0.000867208,0.0,2.3156404495239254e-05,2.297759056091309e-05,844.0,920.5
1650166665,0.0,0.00171768,0.0,2.3156404495239254e-05,2.297759056091309e-05,1634.0,1775.0
1650166666,0.0,0.00171768,0.0,2.3156404495239254e-05,2.297759056091309e-05,1634.0,1775.0
1650166667,0.0,0.000955516,0.0,2.294778823852539e-05,2.276897430419922e-05,883.0,920.5
1650166668,0.0,0.001640222,0.0,2.297759056091309e-05,2.2798776626586917e-05,1567.0,1708.0
1650166669,0.0,0.001640222,0.0,2.297759056091309e-05,2.2798776626586917e-05,1567.0,1708.0
1650166670,0.0,0.0,0.0,2.297759056091309e-05,2.2798776626586917e-05,0.0,0.0
1650166671,0.0,0.0,0.0,2.297759056091309e-05,2.2798776626586917e-05,0.0,0.0
1650166672,0.0,0.0,0.0,2.297759056091309e-05,2.2798776626586917e-05,0.0,0.0
1650166673,0.0,0.001265803,0.0,2.297759056091309e-05,2.2798776626586917e-05,1182.6666666666667,1320.6666666666667
1650166674,0.01,0.001817252,0.0,2.306699752807617e-05,2.288818359375e-05,1634.0,1709.0
1650166675,0.01,0.001817252,0.0,2.306699752807617e-05,2.288818359375e-05,1634.0,1709.0
1650166676,0.0,0.0,0.0,2.300739288330078e-05,2.282857894897461e-05,0.0,0.0
1650166677,0.0,0.001674503,0.0,2.3156404495239254e-05,2.297759056091309e-05,1774.0,1849.0
1650166678,0.0,0.001791407,0.0,2.3365020751953125e-05,2.3186206817626957e-05,1774.0,1849.0
1650166679,0.0,0.001791407,0.0,2.3365020751953125e-05,2.3186206817626957e-05,1774.0,1849.0
1650166680,0.0,0.0,0.0,2.3365020751953125e-05,2.3186206817626957e-05,0.0,0.0
1650166681,0.0,0.0,0.0,2.3365020751953125e-05,2.3186206817626957e-05,0.0,0.0
1650166682,0.0,0.001944692,0.0,2.3543834686279297e-05,2.3365020751953125e-05,1774.0,1948.0
1650166683,0.0,0.001944692,0.0,2.3543834686279297e-05,2.3365020751953125e-05,1774.0,1948.0
1650166684,0.0,9.09295e-05,0.0,2.3484230041503903e-05,2.330541610717773e-05,0.0,301.5
1650166685,0.0,0.002453444,0.0,2.35140323638916e-05,2.333521842956543e-05,1980.0,2055.0
1650166686,0.0,0.002453444,0.0,2.35140323638916e-05,2.333521842956543e-05,1980.0,2055.0
1650166687,0.0,0.0010237165,0.0,2.3603439331054688e-05,2.342462539672852e-05,953.0,957.5
1650166688,0.0,0.000314776,0.0,2.35140323638916e-05,2.333521842956543e-05,132.0,66.0
1650166689,0.0,0.000314776,0.0,2.35140323638916e-05,2.333521842956543e-05,132.0,66.0
1650166690,0.0,0.0009286945,0.0,2.35140323638916e-05,2.333521842956543e-05,908.0,945.5
1650166691,0.0,0.0009286945,0.0,2.35140323638916e-05,2.333521842956543e-05,908.0,945.5
1650166692,0.0,0.000971209,0.0,2.3365020751953125e-05,2.3186206817626957e-05,883.0,920.0
1650166693,0.01,0.002100129,0.0,2.3365020751953125e-05,2.3186206817626957e-05,1839.0,1915.0
1650166694,0.01,0.002100129,0.0,2.3365020751953125e-05,2.3186206817626957e-05,1839.0,1915.0
1650166695,0.0,0.0011152935,0.0,2.3484230041503903e-05,2.330541610717773e-05,919.5,1023.5
1650166696,0.0,0.0011152935,0.0,2.3484230041503903e-05,2.330541610717773e-05,919.5,1023.5
1650166697,0.0,0.0010719065,0.0,2.5153160095214844e-05,2.4974346160888672e-05,920.0,990.0
1650166698,0.0,0.0,0.0,2.3186206817626957e-05,2.300739288330078e-05,0.0,0.0
1650166699,0.0,0.0,0.0,2.3186206817626957e-05,2.300739288330078e-05,0.0,0.0
1650166700,0.0,0.0008835055,0.0,2.3186206817626957e-05,2.300739288330078e-05,817.0,887.5
1650166701,0.01,0.00218591,0.0,2.3186206817626957e-05,2.300739288330078e-05,1905.0,1914.0
1650166702,0.01,0.00218591,0.0,2.3186206817626957e-05,2.300739288330078e-05,1905.0,1914.0
1650166703,0.0,0.0,0.0,2.3186206817626957e-05,2.300739288330078e-05,0.0,0.0
1650166704,0.0,0.0,0.0,2.3186206817626957e-05,2.300739288330078e-05,0.0,0.0
1650166705,0.0,0.001987324,0.0,2.3573637008666992e-05,2.339482307434082e-05,1740.5,2378.5
1650166706,0.0,0.001987324,0.0,2.3573637008666992e-05,2.339482307434082e-05,1740.5,2378.5
1650166707,0.0,0.000123564,0.0,2.3365020751953125e-05,2.3186206817626957e-05,66.0,33.0
1650166708,0.0,0.001831755,0.0,2.35140323638916e-05,2.333521842956543e-05,1708.0,1981.0
1650166709,0.0,0.001831755,0.0,2.35140323638916e-05,2.333521842956543e-05,1708.0,1981.0
1650166710,0.0,0.001308569,0.0,2.3543834686279297e-05,2.3365020751953125e-05,989.5,1027.5
1650166711,0.0,0.002018573,0.0,2.3543834686279297e-05,2.3365020751953125e-05,1905.0,1915.0
1650166712,0.0,0.002018573,0.0,2.3543834686279297e-05,2.3365020751953125e-05,1905.0,1915.0
1650166713,0.0,8.8847e-05,0.0,2.3365020751953125e-05,2.3186206817626957e-05,66.0,33.0
1650166714,0.0,0.00208901,0.0,2.3543834686279297e-05,2.3365020751953125e-05,1774.0,2663.0
1650166715,0.0,0.00208901,0.0,2.3543834686279297e-05,2.3365020751953125e-05,1774.0,2663.0
1650166716,0.0,0.0010715095,0.0,2.3543834686279297e-05,2.3365020751953125e-05,953.0,957.5
1650166717,0.0,0.0010715095,0.0,2.3543834686279297e-05,2.3365020751953125e-05,953.0,957.5
1650166718,0.005,0.0009393145,0.0,2.3543834686279297e-05,2.3365020751953125e-05,919.5,957.0
1650166719,0.0,0.002058888,0.01,2.35140323638916e-05,2.333521842956543e-05,1840.0,2047.0
1650166720,0.0,0.002058888,0.01,2.35140323638916e-05,2.333521842956543e-05,1840.0,2047.0
1650166721,0.005,0.0011158565,0.0,2.3633241653442383e-05,2.345442771911621e-05,1017.0,1060.5
1650166722,0.0,0.0,0.0,2.3543834686279297e-05,2.3365020751953125e-05,0.0,0.0
1650166723,0.0,0.0,0.0,2.3543834686279297e-05,2.3365020751953125e-05,0.0,0.0
1650166724,0.0,0.001102505,0.0,2.3543834686279297e-05,2.3365020751953125e-05,953.0,957.5
1650166725,0.0,0.0,0.0,2.3543834686279297e-05,2.3365020751953125e-05,0.0,0.0
1650166726,0.0,0.0,0.0,2.3543834686279297e-05,2.3365020751953125e-05,0.0,0.0
1650166727,0.0,0.0,0.0,2.3543834686279297e-05,2.3365020751953125e-05,0.0,0.0
1650166728,0.0,0.001421094,0.0,2.3543834686279297e-05,2.3365020751953125e-05,1270.6666666666667,1276.6666666666667
1650166729,0.0,0.00193487,0.0,2.339482307434082e-05,2.321600914001465e-05,1700.0,1840.0
1650166730,0.0,0.00193487,0.0,2.339482307434082e-05,2.321600914001465e-05,1700.0,1840.0
1650166731,0.0,0.0,0.0,2.3365020751953125e-05,2.3186206817626957e-05,0.0,0.0
1650166732,0.0,0.001871078,0.0,2.3156404495239254e-05,2.297759056091309e-05,1700.0,1973.0
1650166733,0.0,0.001871078,0.0,2.3156404495239254e-05,2.297759056091309e-05,1700.0,1973.0
1650166734,0.0,0.0010707075,0.0,2.3365020751953125e-05,2.3186206817626957e-05,922.5,1416.5
1650166735,0.0,0.0,0.0,2.3365020751953125e-05,2.3186206817626957e-05,0.0,0.0
1650166736,0.0,0.0,0.0,2.3365020751953125e-05,2.3186206817626957e-05,0.0,0.0
1650166737,0.0,0.0,0.0,2.3365020751953125e-05,2.3186206817626957e-05,0.0,0.0
1650166738,0.0,0.0,0.0,2.3365020751953125e-05,2.3186206817626957e-05,0.0,0.0
1650166739,0.0,0.0009130485,0.0025,2.3365020751953125e-05,2.3186206817626957e-05,895.5,933.0
1650166740,0.0,0.001753031,0.0,2.3543834686279297e-05,2.3365020751953125e-05,1773.0,1848.0
1650166741,0.0,0.001753031,0.0,2.3543834686279297e-05,2.3365020751953125e-05,1773.0,1848.0
1650166742,0.0,0.00102741,0.0,2.3484230041503903e-05,2.330541610717773e-05,850.0,920.5
1650166743,0.0,0.00102741,0.0,2.3484230041503903e-05,2.330541610717773e-05,850.0,920.5
1650166744,0.0,0.0009430275,0.0,2.3156404495239254e-05,2.297759056091309e-05,850.0,986.5
1650166745,0.0,0.0,0.0,2.3156404495239254e-05,2.297759056091309e-05,0.0,0.0
1650166746,0.0,0.0,0.0,2.3156404495239254e-05,2.297759056091309e-05,0.0,0.0
1650166747,0.0,0.0,0.0,2.3156404495239254e-05,2.297759056091309e-05,0.0,0.0
1650166748,0.0,0.0014262756666666,0.0,2.327561378479004e-05,2.3096799850463867e-05,1204.3333333333333,1254.6666666666667
1650166749,0.0,0.0,0.0,2.3186206817626957e-05,2.300739288330078e-05,0.0,0.0
1650166750,0.0,0.0,0.0,2.3186206817626957e-05,2.300739288330078e-05,0.0,0.0
1650166751,0.005,0.0008706035,0.0,2.339482307434082e-05,2.321600914001465e-05,887.0,924.5
1650166752,0.0,0.001513458,0.0,2.3365020751953125e-05,2.3186206817626957e-05,1634.0,1775.0
1650166753,0.0,0.001513458,0.0,2.3365020751953125e-05,2.3186206817626957e-05,1634.0,1775.0
1650166754,0.0,0.000169042,0.0,2.3186206817626957e-05,2.300739288330078e-05,66.0,232.0
1650166755,0.0,0.001745228,0.0,2.3365020751953125e-05,2.3186206817626957e-05,1774.0,1903.0
1650166756,0.0,0.001745228,0.0,2.3365020751953125e-05,2.3186206817626957e-05,1774.0,1903.0
1650166757,0.0,0.001021321,0.0,2.333521842956543e-05,2.3156404495239254e-05,920.0,1023.5
1650166758,0.0,0.001021321,0.0,2.333521842956543e-05,2.3156404495239254e-05,920.0,1023.5
1650166759,0.005,0.0012231445,0.0,2.3365020751953125e-05,2.3186206817626957e-05,990.0,1027.0
1650166760,0.0,0.0,0.0,2.3365020751953125e-05,2.3186206817626957e-05,0.0,0.0
1650166761,0.0,0.0,0.0,2.3365020751953125e-05,2.3186206817626957e-05,0.0,0.0
1650166762,0.0,0.0,0.0,2.3365020751953125e-05,2.3186206817626957e-05,0.0,0.0
1650166763,0.0,0.0,0.0,2.3365020751953125e-05,2.3186206817626957e-05,0.0,0.0
1650166764,0.0,0.00085949325,0.0,2.3365020751953125e-05,2.3186206817626957e-05,816.75,981.5
1650166765,0.0,0.00085949325,0.0,2.3365020751953125e-05,2.3186206817626957e-05,816.75,981.5
1650166766,0.0,0.000908984,0.0,2.3543834686279297e-05,2.3365020751953125e-05,887.0,924.5
1650166767,0.0,0.002082813,0.0,2.3543834686279297e-05,2.3365020751953125e-05,1840.0,1914.0
1650166768,0.0,0.001833829,0.0,2.3543834686279297e-05,2.3365020751953125e-05,1700.0,1841.0
1650166769,0.0,0.003519645,0.0,2.3543834686279297e-05,2.3365020751953125e-05,3275.0,3624.0
1650166770,0.0,0.005257517,0.0,2.3871660232543945e-05,2.3692846298217773e-05,5086.0,4862.0
1650166771,0.0,0.0026517,0.0,2.3871660232543945e-05,2.3692846298217773e-05,2856.0,3005.0
1650166772,0.0,0.0026517,0.0,2.3871660232543945e-05,2.3692846298217773e-05,2856.0,3005.0
1650166773,0.005,0.002180235,0.0,2.372264862060547e-05,2.3543834686279297e-05,2207.5,2287.5
1650166774,0.005,0.002180235,0.0,2.372264862060547e-05,2.3543834686279297e-05,2207.5,2287.5
1650166775,0.0,0.001848589,0.0,2.3543834686279297e-05,2.3365020751953125e-05,1493.0,2056.0
1650166776,0.0,0.003039785,0.01,2.3692846298217773e-05,2.35140323638916e-05,2995.0,3078.0
1650166777,0.0,0.002627317,0.0,2.372264862060547e-05,2.3543834686279297e-05,2856.0,2940.0
1650166778,0.0,0.002779399,0.0,2.3871660232543945e-05,2.3692846298217773e-05,2996.0,3079.0
1650166779,0.0,0.002779399,0.0,2.3871660232543945e-05,2.3692846298217773e-05,2996.0,3079.0
1650166780,0.0,0.0017257665,0.0,2.3871660232543945e-05,2.3692846298217773e-05,1601.0,1676.0
1650166781,0.01,0.005736055,0.01,2.390146255493164e-05,2.372264862060547e-05,5645.0,5878.0
1650166782,0.0,0.004300252,0.01,2.3871660232543945e-05,2.3692846298217773e-05,4084.0,4375.0
1650166783,0.0,0.002849755,0.0,2.396106719970703e-05,2.378225326538086e-05,2724.0,4468.0
1650166784,0.0,0.002849755,0.0,2.396106719970703e-05,2.378225326538086e-05,2724.0,4468.0
1650166785,0.005,0.0015444175,0.0,2.3692846298217773e-05,2.35140323638916e-05,1428.0,1535.5
1650166786,0.005,0.0015444175,0.0,2.3692846298217773e-05,2.35140323638916e-05,1428.0,1535.5
1650166787,0.005,0.002929263,0.0,2.405047416687012e-05,2.3871660232543945e-05,2864.0,3047.0
1650166788,0.0,0.005316378,0.0,2.405047416687012e-05,2.3871660232543945e-05,5489.0,5855.0
1650166789,0.0,0.005316378,0.0,2.405047416687012e-05,2.3871660232543945e-05,5489.0,5855.0
1650166790,0.0,0.0014043705,0.0,2.4020671844482425e-05,2.384185791015625e-05,1394.5,1563.0
1650166791,0.0,0.0014043705,0.0,2.4020671844482425e-05,2.384185791015625e-05,1394.5,1563.0
1650166792,0.0,0.002356908,0.0,2.405047416687012e-05,2.3871660232543945e-05,2245.0,2291.5
1650166793,0.01,0.007034367,0.0,2.405047416687012e-05,2.3871660232543945e-05,7014.0,8413.0
1650166794,0.01,0.007034367,0.0,2.405047416687012e-05,2.3871660232543945e-05,7014.0,8413.0
1650166795,0.0,0.00142177,0.0,2.408027648925781e-05,2.390146255493164e-05,1360.0,1435.0
1650166796,0.0,0.005522129,0.0,2.405047416687012e-05,2.3871660232543945e-05,5447.0,5944.0
1650166797,0.0,0.005522129,0.0,2.405047416687012e-05,2.3871660232543945e-05,5447.0,5944.0
1650166798,0.0,0.003618238,0.005,2.405047416687012e-05,2.3871660232543945e-05,3404.0,3657.5
1650166799,0.0,0.003618238,0.005,2.405047416687012e-05,2.3871660232543945e-05,3404.0,3657.5
1650166800,0.0,0.000655983,0.0,2.405047416687012e-05,2.3871660232543945e-05,679.5,717.0
1650166801,0.0,0.001656281,0.0,2.3871660232543945e-05,2.3692846298217773e-05,1493.0,1503.0
1650166802,0.0,0.001656281,0.0,2.3871660232543945e-05,2.3692846298217773e-05,1493.0,1503.0
1650166803,0.0,0.000759872,0.0,2.384185791015625e-05,2.366304397583008e-05,681.0,784.5
1650166804,0.0,0.000182996,0.0,2.384185791015625e-05,2.366304397583008e-05,0.0,2800.0
1650166805,0.0,0.001818243,0.0,2.3871660232543945e-05,2.3692846298217773e-05,1501.0,1576.0
1650166806,0.0,0.000538585,0.0,2.3692846298217773e-05,2.35140323638916e-05,264.0,132.0
1650166807,0.0,0.000538585,0.0,2.3692846298217773e-05,2.35140323638916e-05,264.0,132.0
1650166808,0.0,0.0009571965,0.0,2.3186206817626957e-05,2.300739288330078e-05,846.0,784.5
1650166809,0.0,0.0009571965,0.0,2.3186206817626957e-05,2.300739288330078e-05,846.0,784.5
1650166810,0.0,0.000939409,0.0,2.3186206817626957e-05,2.300739288330078e-05,952.5,957.5
1650166811,0.0,0.00202657,0.0,2.3186206817626957e-05,2.300739288330078e-05,1906.0,1915.0
1650166812,0.0,0.00202657,0.0,2.3186206817626957e-05,2.300739288330078e-05,1906.0,1915.0
1650166813,0.0,0.0009760175,0.0,2.3365020751953125e-05,2.3186206817626957e-05,853.5,924.0
1650166814,0.0,0.000177756,0.0,2.3365020751953125e-05,2.3186206817626957e-05,0.0,831.0
1650166815,0.0,0.001625786,0.0,2.333521842956543e-05,2.3156404495239254e-05,1568.0,1907.0
1650166816,0.0,0.001625786,0.0,2.333521842956543e-05,2.3156404495239254e-05,1568.0,1907.0
1650166817,0.0,0.0011509435,0.0,2.3365020751953125e-05,2.3186206817626957e-05,990.0,1027.5
1650166818,0.0,0.000233586,0.0,2.3365020751953125e-05,2.3186206817626957e-05,132.0,66.0
1650166819,0.0,0.000233586,0.0,2.3365020751953125e-05,2.3186206817626957e-05,132.0,66.0
1650166820,0.0,0.0007794875,0.0,2.3186206817626957e-05,2.300739288330078e-05,817.0,887.5
1650166821,0.0,0.0007794875,0.0,2.3186206817626957e-05,2.300739288330078e-05,817.0,887.5
1650166822,0.005,0.0008383045,0.0,2.3186206817626957e-05,2.300739288330078e-05,817.0,887.5
1650166823,0.005,0.0008383045,0.0,2.3186206817626957e-05,2.300739288330078e-05,817.0,887.5
1650166824,0.0,0.0008753245,0.0,2.3365020751953125e-05,2.3186206817626957e-05,887.0,924.5
1650166825,0.0,0.001923341,0.0,2.3484230041503903e-05,2.330541610717773e-05,1839.0,1915.0
1650166826,0.0,0.001923341,0.0,2.3484230041503903e-05,2.330541610717773e-05,1839.0,1915.0
1650166827,0.0,9.1921e-05,0.0,2.3186206817626957e-05,2.300739288330078e-05,66.0,33.0
1650166828,0.0,0.001891683,0.0,2.333521842956543e-05,2.3156404495239254e-05,1707.0,1979.0
1650166829,0.0,0.002140261,0.0,2.3573637008666992e-05,2.339482307434082e-05,1848.0,1989.0
1650166830,0.0,0.002140261,0.0,2.3573637008666992e-05,2.339482307434082e-05,1848.0,1989.0
1650166831,0.0,0.0001188015,0.0,2.3365020751953125e-05,2.3186206817626957e-05,66.0,33.0
1650166832,0.0,0.001772916,0.0,2.3543834686279297e-05,2.3365020751953125e-05,1774.0,1848.0
1650166833,0.0,0.002146811,0.0,2.3543834686279297e-05,2.3365020751953125e-05,1905.0,2295.0
1650166834,0.0,0.002146811,0.0,2.3543834686279297e-05,2.3365020751953125e-05,1905.0,2295.0
1650166835,0.0,0.0010038805,0.0,2.3633241653442383e-05,2.345442771911621e-05,953.0,957.5
1650166836,0.0,0.0010038805,0.0,2.3633241653442383e-05,2.345442771911621e-05,953.0,957.5
1650166837,0.0,0.000817933,0.0,2.3543834686279297e-05,2.3365020751953125e-05,784.0,887.5
1650166838,0.0,0.000817933,0.0,2.3543834686279297e-05,2.3365020751953125e-05,784.0,887.5
1650166839,0.0,0.000859963,0.0,2.3543834686279297e-05,2.3365020751953125e-05,804.0,907.5
1650166840,0.01,0.002146945,0.01,2.333521842956543e-05,2.3156404495239254e-05,1699.0,1973.0
1650166841,0.0,0.000218159,0.0,2.3156404495239254e-05,2.297759056091309e-05,132.0,66.0
1650166842,0.0,0.000218159,0.0,2.3156404495239254e-05,2.297759056091309e-05,132.0,66.0
1650166843,0.0,0.0010195825,0.0,2.3186206817626957e-05,2.300739288330078e-05,854.0,957.5
1650166844,0.0,0.001784898,0.0,2.3186206817626957e-05,2.300739288330078e-05,1634.0,2602.0
1650166845,0.0,0.001784898,0.0,2.3186206817626957e-05,2.300739288330078e-05,1634.0,2602.0
1650166846,0.0,0.0009153455,0.0,2.3186206817626957e-05,2.300739288330078e-05,816.5,886.5
1650166847,0.0,0.0,0.0,2.3186206817626957e-05,2.300739288330078e-05,0.0,0.0
1650166848,0.0,0.0,0.0,2.3186206817626957e-05,2.300739288330078e-05,0.0,0.0
1650166849,0.0,0.0,0.0,2.3186206817626957e-05,2.300739288330078e-05,0.0,0.0
1650166850,0.0033333333333333,0.0018690926666666,0.0,2.3365020751953125e-05,2.3186206817626957e-05,1726.6666666666667,1846.3333333333333
1650166851,0.0033333333333333,0.0018690926666666,0.0,2.3365020751953125e-05,2.3186206817626957e-05,1726.6666666666667,1846.3333333333333
1650166852,0.0,0.0008232955,0.0,2.3543834686279297e-05,2.3365020751953125e-05,784.0,788.5
1650166853,0.0,0.0,0.0,2.3543834686279297e-05,2.3365020751953125e-05,0.0,0.0
1650166854,0.0,0.0,0.0,2.3543834686279297e-05,2.3365020751953125e-05,0.0,0.0
1650166855,0.0,0.001735103,0.0,2.378225326538086e-05,2.3603439331054688e-05,1568.0,2299.0
1650166856,0.0,0.001735103,0.0,2.378225326538086e-05,2.3603439331054688e-05,1568.0,2299.0
1650166857,0.0,0.0001355125,0.0,2.3543834686279297e-05,2.3365020751953125e-05,66.0,33.0
1650166858,0.0,0.001726991,0.0,2.339482307434082e-05,2.321600914001465e-05,1626.0,1569.0
1650166859,0.0,0.001726991,0.0,2.339482307434082e-05,2.321600914001465e-05,1626.0,1569.0
1650166860,0.0,0.0007593285,0.0,2.3543834686279297e-05,2.3365020751953125e-05,816.5,788.0
1650166861,0.0,0.001938855,0.0,2.3365020751953125e-05,2.3186206817626957e-05,1766.0,1841.0
1650166862,0.0,0.001938855,0.0,2.3365020751953125e-05,2.3186206817626957e-05,1766.0,1841.0
1650166863,0.0,0.0009025615,0.0,2.366304397583008e-05,2.3484230041503903e-05,854.0,924.5
1650166864,0.0,0.0009025615,0.0,2.366304397583008e-05,2.3484230041503903e-05,854.0,924.5
1650166865,0.0,0.0008792665,0.0,2.3543834686279297e-05,2.3365020751953125e-05,832.0,1301.0
1650166866,0.01,0.000279203,0.0,2.3365020751953125e-05,2.3186206817626957e-05,132.0,66.0
1650166867,0.01,0.000279203,0.0,2.3365020751953125e-05,2.3186206817626957e-05,132.0,66.0
1650166868,0.0,0.0008023305,0.0,2.333521842956543e-05,2.3156404495239254e-05,811.0,986.5
1650166869,0.0,0.0008023305,0.0,2.333521842956543e-05,2.3156404495239254e-05,811.0,986.5
1650166870,0.0,0.0010945905,0.0,2.3365020751953125e-05,2.3186206817626957e-05,853.5,957.5
1650166871,0.0,0.0010945905,0.0,2.3365020751953125e-05,2.3186206817626957e-05,853.5,957.5
1650166872,0.0,0.001796459,0.0,2.3543834686279297e-05,2.3365020751953125e-05,1703.0,1810.0
1650166873,0.0,0.001796459,0.0,2.3543834686279297e-05,2.3365020751953125e-05,1703.0,1810.0
1650166874,0.0,0.000835304,0.0,2.3543834686279297e-05,2.3365020751953125e-05,747.0,1343.0
1650166875,0.0,0.003068008,0.0,2.3871660232543945e-05,2.3692846298217773e-05,3134.0,3152.0
1650166876,0.0,0.003068008,0.0,2.3871660232543945e-05,2.3692846298217773e-05,3134.0,3152.0
1650166877,0.0,0.0008284535,0.0,2.372264862060547e-05,2.3543834686279297e-05,779.0,784.5
1650166878,0.01,0.002823908,0.0,2.3871660232543945e-05,2.3692846298217773e-05,2994.0,3079.0
1650166879,0.01,0.002823908,0.0,2.3871660232543945e-05,2.3692846298217773e-05,2994.0,3079.0
1650166880,0.0,0.00079767,0.0,2.3692846298217773e-05,2.35140323638916e-05,780.0,850.0
1650166881,0.0,0.00079767,0.0,2.3692846298217773e-05,2.35140323638916e-05,780.0,850.0
1650166882,0.0,0.0009822345,0.0,2.3543834686279297e-05,2.3365020751953125e-05,850.0,854.5
1650166883,0.0,0.0009822345,0.0,2.3543834686279297e-05,2.3365020751953125e-05,850.0,854.5
1650166884,0.0,0.000956484,0.0,2.3543834686279297e-05,2.3365020751953125e-05,883.0,1115.5
1650166885,0.01,0.00147787,0.0,2.378225326538086e-05,2.3603439331054688e-05,1634.0,1577.0
1650166886,0.0,0.0,0.0,2.3692846298217773e-05,2.35140323638916e-05,0.0,0.0
1650166887,0.0,0.0,0.0,2.3692846298217773e-05,2.35140323638916e-05,0.0,0.0
1650166888,0.0,0.0008175425,0.0,2.3543834686279297e-05,2.3365020751953125e-05,813.0,784.5
1650166889,0.0,0.001981768,0.0,2.345442771911621e-05,2.327561378479004e-05,1741.0,1882.0
1650166890,0.0,0.0,0.0,2.3365020751953125e-05,2.3186206817626957e-05,0.0,0.0
1650166891,0.0,0.0,0.0,2.3365020751953125e-05,2.3186206817626957e-05,0.0,0.0
1650166892,0.0,0.001125055,0.0,2.333521842956543e-05,2.3156404495239254e-05,952.5,1050.5
1650166893,0.0,0.001125055,0.0,2.333521842956543e-05,2.3156404495239254e-05,952.5,1050.5
1650166894,0.0,0.001190592,0.0,2.3543834686279297e-05,2.3365020751953125e-05,924.0,1409.0
1650166895,0.0,0.000289246,0.0,2.339482307434082e-05,2.321600914001465e-05,132.0,66.0
1650166896,0.0,0.00174474,0.0,2.3543834686279297e-05,2.3365020751953125e-05,1774.0,1849.0
1650166897,0.0,0.00174474,0.0,2.3543834686279297e-05,2.3365020751953125e-05,1774.0,1849.0
1650166898,0.0,0.0009493175,0.0,2.339482307434082e-05,2.321600914001465e-05,883.0,920.5
1650166899,0.0,0.0009493175,0.0,2.339482307434082e-05,2.321600914001465e-05,883.0,920.5
1650166900,0.0,0.000812189,0.0,2.3365020751953125e-05,2.3186206817626957e-05,817.0,887.5
1650166901,0.0,0.0,0.0,2.3365020751953125e-05,2.3186206817626957e-05,0.0,0.0
1650166902,0.0,0.0,0.0,2.3365020751953125e-05,2.3186206817626957e-05,0.0,0.0
1650166903,0.0,0.0,0.0,2.3365020751953125e-05,2.3186206817626957e-05,0.0,0.0
1650166904,0.0,0.0,0.0,2.3365020751953125e-05,2.3186206817626957e-05,0.0,0.0
1650166905,0.0,0.00152017125,0.0025,2.3633241653442383e-05,2.345442771911621e-05,1313.5,1546.25
1650166906,0.0,0.000284561,0.0,2.3365020751953125e-05,2.3186206817626957e-05,132.0,66.0
1650166907,0.0,0.000284561,0.0,2.3365020751953125e-05,2.3186206817626957e-05,132.0,66.0
1650166908,0.0,0.0010656775,0.0,2.3365020751953125e-05,2.3186206817626957e-05,953.0,957.5
1650166909,0.01,0.001932429,0.0,2.3543834686279297e-05,2.3365020751953125e-05,1773.0,1848.0
1650166910,0.01,0.001932429,0.0,2.3543834686279297e-05,2.3365020751953125e-05,1773.0,1848.0
1650166911,0.0,0.000812672,0.0,2.3543834686279297e-05,2.3365020751953125e-05,816.5,887.0
1650166912,0.0,0.000812672,0.0,2.3543834686279297e-05,2.3365020751953125e-05,816.5,887.0
1650166913,0.0,0.001024503,0.0,2.3543834686279297e-05,2.3365020751953125e-05,919.0,957.5
1650166914,0.0,0.000400059,0.0,2.3365020751953125e-05,2.3186206817626957e-05,132.0,886.0
1650166915,0.0,0.002161566,0.0,2.3365020751953125e-05,2.3186206817626957e-05,1839.0,1914.0
1650166916,0.0,0.002161566,0.0,2.3365020751953125e-05,2.3186206817626957e-05,1839.0,1914.0
1650166917,0.0,0.0009605895,0.0,2.35140323638916e-05,2.333521842956543e-05,881.0,1023.5
1650166918,0.0,0.0009605895,0.0,2.35140323638916e-05,2.333521842956543e-05,881.0,1023.5
1650166919,0.0,0.0011479935,0.0,2.3543834686279297e-05,2.3365020751953125e-05,990.0,1027.0
1650166920,0.0,0.002060132,0.0,2.3543834686279297e-05,2.3365020751953125e-05,1905.0,1914.0
1650166921,0.0,0.002060132,0.0,2.3543834686279297e-05,2.3365020751953125e-05,1905.0,1914.0
1650166922,0.0,0.0010480825,0.0,2.3365020751953125e-05,2.3186206817626957e-05,882.5,920.0
1650166923,0.0,0.0010480825,0.0,2.3365020751953125e-05,2.3186206817626957e-05,882.5,920.0
1650166924,0.0,0.000894937,0.0,2.345442771911621e-05,2.327561378479004e-05,817.0,1398.5
1650166925,0.0,0.000221721,0.0,2.3186206817626957e-05,2.300739288330078e-05,132.0,66.0
1650166926,0.0,0.001650837,0.0,2.3186206817626957e-05,2.300739288330078e-05,1568.0,1774.0
1650166927,0.0,0.001650837,0.0,2.3186206817626957e-05,2.300739288330078e-05,1568.0,1774.0
1650166928,0.0,0.0,0.0,2.3186206817626957e-05,2.300739288330078e-05,0.0,0.0
1650166929,0.0,0.0,0.0,2.3186206817626957e-05,2.300739288330078e-05,0.0,0.0
1650166930,0.0,0.001723672,0.0,2.333521842956543e-05,2.3156404495239254e-05,1637.5,1878.0
1650166931,0.0,0.001723672,0.0,2.333521842956543e-05,2.3156404495239254e-05,1637.5,1878.0
1650166932,0.0,0.0030987815,0.005,2.3633241653442383e-05,2.345442771911621e-05,3165.0,3248.5
1650166933,0.0,0.0030987815,0.005,2.3633241653442383e-05,2.345442771911621e-05,3165.0,3248.5
1650166934,0.0,0.002366976,0.0,2.3871660232543945e-05,2.3692846298217773e-05,2416.5,2588.0
1650166935,0.0,0.002366976,0.0,2.3871660232543945e-05,2.3692846298217773e-05,2416.5,2588.0
1650166936,0.0,0.0021817145,0.0,2.3871660232543945e-05,2.3692846298217773e-05,2141.5,2221.0
1650166937,0.01,0.004216391,0.0,2.405047416687012e-05,2.3871660232543945e-05,4423.0,4516.0
1650166938,0.01,0.004216391,0.0,2.405047416687012e-05,2.3871660232543945e-05,4423.0,4516.0
1650166939,0.0,0.0034973165,0.0,2.4139881134033203e-05,2.396106719970703e-05,3591.0,3778.5
1650166940,0.0,0.007152064,0.01,2.4139881134033203e-05,2.396106719970703e-05,6925.0,7511.0
1650166941,0.0,0.007152064,0.01,2.4139881134033203e-05,2.396106719970703e-05,6925.0,7511.0
1650166942,0.005,0.001427176,0.0,2.405047416687012e-05,2.3871660232543945e-05,1362.0,1535.5
1650166943,0.005,0.001427176,0.0,2.405047416687012e-05,2.3871660232543945e-05,1362.0,1535.5
1650166944,0.0,0.001722068,0.0,2.405047416687012e-05,2.3871660232543945e-05,1464.5,2955.0
1650166945,0.0,0.004203156,0.0,2.4110078811645508e-05,2.3931264877319336e-05,4217.0,4376.0
1650166946,0.0,0.0013726,0.0,2.408027648925781e-05,2.390146255493164e-05,1362.0,1502.0
1650166947,0.0,0.0013726,0.0,2.408027648925781e-05,2.390146255493164e-05,1362.0,1502.0
1650166948,0.005,0.001965166,0.005,2.405047416687012e-05,2.3871660232543945e-05,2042.5,2155.0
1650166949,0.0,0.005220514,0.0,2.4139881134033203e-05,2.396106719970703e-05,4761.0,4788.0
1650166950,0.0,0.005220514,0.0,2.4139881134033203e-05,2.396106719970703e-05,4761.0,4788.0
1650166951,0.0,0.0023180115,0.0,2.405047416687012e-05,2.3871660232543945e-05,2112.0,2257.5
1650166952,0.0,0.0023180115,0.0,2.405047416687012e-05,2.3871660232543945e-05,2112.0,2257.5
1650166953,0.0,0.001978605,0.0,2.4020671844482425e-05,2.384185791015625e-05,2042.0,2220.5
1650166954,0.0,0.004786843,0.0,2.4139881134033203e-05,2.396106719970703e-05,4357.0,6292.0
1650166955,0.0,0.004786843,0.0,2.4139881134033203e-05,2.396106719970703e-05,4357.0,6292.0
1650166956,0.0,0.001367347,0.0,2.4139881134033203e-05,2.396106719970703e-05,1395.0,1470.0
1650166957,0.0,0.001367347,0.0,2.4139881134033203e-05,2.396106719970703e-05,1395.0,1470.0
1650166958,0.005,0.0020983525,0.0,2.405047416687012e-05,2.3871660232543945e-05,2042.0,2221.0
1650166959,0.005,0.0020983525,0.0,2.405047416687012e-05,2.3871660232543945e-05,2042.0,2221.0
1650166960,0.0,0.002363187,0.0,2.405047416687012e-05,2.3871660232543945e-05,2177.5,2256.5
1650166961,0.01,0.002863182,0.0,2.3871660232543945e-05,2.3692846298217773e-05,2855.0,3006.0
1650166962,0.01,0.002863182,0.0,2.3871660232543945e-05,2.3692846298217773e-05,2855.0,3006.0
1650166963,0.0,0.0021236305,0.0,2.3871660232543945e-05,2.3692846298217773e-05,2043.0,2923.0
1650166964,0.0,0.002625539,0.0,2.3871660232543945e-05,2.3692846298217773e-05,2723.0,3004.0
1650166965,0.0,0.002625539,0.0,2.3871660232543945e-05,2.3692846298217773e-05,2723.0,3004.0
1650166966,0.0,0.002244423,0.0,2.3931264877319336e-05,2.3752450942993164e-05,2315.0,2328.0
1650166967,0.0,0.002244423,0.0,2.3931264877319336e-05,2.3752450942993164e-05,2315.0,2328.0
1650166968,0.005,0.002021216,0.0,2.3871660232543945e-05,2.3692846298217773e-05,2211.5,2291.0
1650166969,0.005,0.002021216,0.0,2.3871660232543945e-05,2.3692846298217773e-05,2211.5,2291.0
1650166970,0.0,0.0020342965,0.0,2.390146255493164e-05,2.372264862060547e-05,2042.5,2221.5
1650166971,0.0,0.00236232,0.0,2.3871660232543945e-05,2.3692846298217773e-05,2723.0,2939.0
1650166972,0.0,0.003799905,0.0,2.405047416687012e-05,2.3871660232543945e-05,4224.0,4514.0
1650166973,0.0,0.003799905,0.0,2.405047416687012e-05,2.3871660232543945e-05,4224.0,4514.0
1650166974,0.0,0.0026349925,0.0,2.405047416687012e-05,2.3871660232543945e-05,2723.0,4089.0
1650166975,0.0,0.001324799,0.0,2.405047416687012e-05,2.3871660232543945e-05,1362.0,1503.0
1650166976,0.0,0.001324799,0.0,2.405047416687012e-05,2.3871660232543945e-05,1362.0,1503.0
1650166977,0.005,0.003275649,0.0,2.408027648925781e-05,2.390146255493164e-05,3540.0,3794.0
1650166978,0.0,0.002699637,0.01,2.4110078811645508e-05,2.3931264877319336e-05,2788.0,2939.0
1650166979,0.0,0.002699637,0.01,2.4110078811645508e-05,2.3931264877319336e-05,2788.0,2939.0
1650166980,0.0,0.002539685,0.0,2.396106719970703e-05,2.378225326538086e-05,2789.5,2906.0
1650166981,0.0,0.002940814,0.0,2.5004148483276367e-05,2.4825334548950195e-05,2864.0,3014.0
1650166982,0.0,0.002940814,0.0,2.5004148483276367e-05,2.4825334548950195e-05,2864.0,3014.0
1650166983,0.0,0.0014778435,0.0,2.4825334548950195e-05,2.4646520614624023e-05,1361.5,1437.0
1650166984,0.0,0.002973659,0.0,2.3931264877319336e-05,2.3752450942993164e-05,2854.0,4301.0
1650166985,0.0,0.002973659,0.0,2.3931264877319336e-05,2.3752450942993164e-05,2854.0,4301.0
1650166986,0.005,0.002013382,0.0,2.390146255493164e-05,2.372264862060547e-05,2043.0,2188.0
1650166987,0.005,0.002013382,0.0,2.390146255493164e-05,2.372264862060547e-05,2043.0,2188.0
1650166988,0.0,0.002176792,0.0,2.4646520614624023e-05,2.446770668029785e-05,2146.0,2291.5
1650166989,0.0,0.002925418,0.0,2.3871660232543945e-05,2.3692846298217773e-05,2856.0,2874.0
1650166990,0.0,0.002925418,0.0,2.3871660232543945e-05,2.3692846298217773e-05,2856.0,2874.0
1650166991,0.0,0.0019643795,0.0,2.372264862060547e-05,2.3543834686279297e-05,2141.5,2254.5
1650166992,0.0,0.0019643795,0.0,2.372264862060547e-05,2.3543834686279297e-05,2141.5,2254.5
1650166993,0.005,0.0027231735,0.0,2.470612525939941e-05,2.452731132507324e-05,2859.0,3861.0
1650166994,0.0,0.002625968,0.0,2.390146255493164e-05,2.372264862060547e-05,2864.0,3078.0
1650166995,0.0,0.002625968,0.0,2.390146255493164e-05,2.372264862060547e-05,2864.0,3078.0
1650166996,0.0,0.0012782565,0.0,2.3871660232543945e-05,2.3692846298217773e-05,1361.5,1469.5
1650166997,0.0,0.001247528,0.0,2.3871660232543945e-05,2.3692846298217773e-05,1362.0,1437.0
1650166998,0.0,0.001247528,0.0,2.3871660232543945e-05,2.3692846298217773e-05,1362.0,1437.0
1650166999,0.0,0.002170828,0.0,2.3871660232543945e-05,2.3692846298217773e-05,2233.0,2378.0
1650167000,0.0,0.002170828,0.0,2.3871660232543945e-05,2.3692846298217773e-05,2233.0,2378.0
1650167001,0.005,0.0034512975,0.005,2.4884939193725583e-05,2.470612525939941e-05,3676.5,3831.0
1650167002,0.005,0.0034512975,0.005,2.4884939193725583e-05,2.470612525939941e-05,3676.5,3831.0
1650167003,0.0,0.000667698,0.0,2.390146255493164e-05,2.372264862060547e-05,680.5,751.5
1650167004,0.0,0.001340053,0.0,2.3871660232543945e-05,2.3692846298217773e-05,1360.0,2524.0
1650167005,0.0,0.002792065,0.0,2.405047416687012e-05,2.3871660232543945e-05,2864.0,3014.0
1650167006,0.0,0.002792065,0.0,2.405047416687012e-05,2.3871660232543945e-05,2864.0,3014.0
1650167007,0.0,0.0019405865,0.0,2.405047416687012e-05,2.3871660232543945e-05,2041.5,2186.5
1650167008,0.0,0.002507251,0.0,2.405047416687012e-05,2.3871660232543945e-05,2723.0,3005.0
1650167009,0.0,0.002507251,0.0,2.405047416687012e-05,2.3871660232543945e-05,2723.0,3005.0
1650167010,0.0,0.00345916,0.0,2.396106719970703e-05,2.378225326538086e-05,3606.0,3760.5
1650167011,0.0,0.001324786,0.0,2.3931264877319336e-05,2.3752450942993164e-05,1428.0,1503.0
1650167012,0.0,0.001324786,0.0,2.3931264877319336e-05,2.3752450942993164e-05,1428.0,1503.0
1650167013,0.0,0.00137872,0.0,2.405047416687012e-05,2.3871660232543945e-05,1432.0,1507.0
1650167014,0.0,0.001788264,0.0,2.390146255493164e-05,2.372264862060547e-05,1626.0,3055.0
1650167015,0.0,0.004283717,0.0,2.3692846298217773e-05,2.35140323638916e-05,4603.0,5000.0
1650167016,0.0,0.004283717,0.0,2.3692846298217773e-05,2.35140323638916e-05,4603.0,5000.0
1650167017,0.005,0.0031209815,0.005,2.3871660232543945e-05,2.3692846298217773e-05,3214.5,3383.5
1650167018,0.0,0.002610921,0.0,2.390146255493164e-05,2.372264862060547e-05,2724.0,3005.0
1650167019,0.0,0.002610921,0.0,2.390146255493164e-05,2.372264862060547e-05,2724.0,3005.0
1650167020,0.0,0.002707447,0.0,2.408027648925781e-05,2.390146255493164e-05,2859.5,3009.5
1650167021,0.0,0.002707447,0.0,2.408027648925781e-05,2.390146255493164e-05,2859.5,3009.5
1650167022,0.005,0.0032707965,0.0,2.3871660232543945e-05,2.3692846298217773e-05,3573.0,3892.5
1650167023,0.0,0.007266716,0.0,2.405047416687012e-05,2.3871660232543945e-05,6947.0,8832.0
1650167024,0.0,0.007266716,0.0,2.405047416687012e-05,2.3871660232543945e-05,6947.0,8832.0
1650167025,0.0,0.0013072635,0.0,2.408027648925781e-05,2.390146255493164e-05,1361.5,1436.5
1650167026,0.0,0.0013072635,0.0,2.408027648925781e-05,2.390146255493164e-05,1361.5,1436.5
1650167027,0.0,0.00243503,0.0,2.405047416687012e-05,2.3871660232543945e-05,2724.0,2939.5
1650167028,0.0,0.00243503,0.0,2.405047416687012e-05,2.3871660232543945e-05,2724.0,2939.5
1650167029,0.0,0.001840823,0.0,2.405047416687012e-05,2.3871660232543945e-05,2042.0,2155.5
1650167030,0.01,0.001559258,0.0,2.405047416687012e-05,2.3871660232543945e-05,1634.0,1643.0
1650167031,0.0,0.004200464,0.0,2.4110078811645508e-05,2.3931264877319336e-05,4356.0,4583.0
1650167032,0.0,0.004200464,0.0,2.4110078811645508e-05,2.3931264877319336e-05,4356.0,4583.0
1650167033,0.0,0.001902879,0.0,2.4110078811645508e-05,2.3931264877319336e-05,2107.5,2154.5
1650167034,0.01,0.004492233,0.01,2.3871660232543945e-05,2.3692846298217773e-05,4485.0,5968.0
1650167035,0.0,0.001221229,0.0,2.3871660232543945e-05,2.3692846298217773e-05,1362.0,1437.0
1650167036,0.0,0.001221229,0.0,2.3871660232543945e-05,2.3692846298217773e-05,1362.0,1437.0
1650167037,0.0,0.0012993815,0.0,2.3931264877319336e-05,2.3752450942993164e-05,1362.0,1437.0
1650167038,0.0,0.005247941,0.0,2.390146255493164e-05,2.372264862060547e-05,5446.0,5812.0
1650167039,0.0,0.005247941,0.0,2.390146255493164e-05,2.372264862060547e-05,5446.0,5812.0
1650167040,0.0,0.001349686,0.0,2.372264862060547e-05,2.3543834686279297e-05,1428.0,1470.0
1650167041,0.0,0.002821785,0.0,2.3871660232543945e-05,2.3692846298217773e-05,2864.0,3014.0
1650167042,0.0,0.003398059,0.01,2.3871660232543945e-05,2.3692846298217773e-05,2863.0,3145.0
1650167043,0.0,0.003398059,0.01,2.3871660232543945e-05,2.3692846298217773e-05,2863.0,3145.0
1650167044,0.0,0.0013612865,0.0,2.3871660232543945e-05,2.3692846298217773e-05,1428.0,2838.5
1650167045,0.0,0.003108776,0.0,2.3871660232543945e-05,2.3692846298217773e-05,3577.0,3701.0
1650167046,0.0,0.003684226,0.01,2.390146255493164e-05,2.372264862060547e-05,3567.0,3751.0
1650167047,0.0,0.003684226,0.01,2.390146255493164e-05,2.372264862060547e-05,3567.0,3751.0
1650167048,0.0,0.0022101705,0.0,2.3871660232543945e-05,2.3692846298217773e-05,2212.0,2324.5
1650167049,0.01,0.004158659,0.0,2.3871660232543945e-05,2.3692846298217773e-05,4357.0,4645.0
1650167050,0.01,0.004158659,0.0,2.3871660232543945e-05,2.3692846298217773e-05,4357.0,4645.0
1650167051,0.0,0.0019242385,0.0,2.390146255493164e-05,2.372264862060547e-05,2043.0,2188.5
1650167052,0.0,0.0019242385,0.0,2.390146255493164e-05,2.372264862060547e-05,2043.0,2188.5
1650167053,0.0,0.002689288,0.0,2.491474151611328e-05,2.473592758178711e-05,2819.5,3141.5
1650167054,0.0,0.004128806,0.0,2.372264862060547e-05,2.3543834686279297e-05,4416.0,5832.0
1650167055,0.0,0.004128806,0.0,2.372264862060547e-05,2.3543834686279297e-05,4416.0,5832.0
1650167056,0.0,0.0019673565,0.0,2.3871660232543945e-05,2.3692846298217773e-05,2112.0,2225.0
1650167057,0.0,0.0019673565,0.0,2.3871660232543945e-05,2.3692846298217773e-05,2112.0,2225.0
1650167058,0.005,0.001936146,0.0,2.405047416687012e-05,2.3871660232543945e-05,2112.0,2257.5
1650167059,0.0,0.003995964,0.0,2.3692846298217773e-05,2.35140323638916e-05,4390.0,4549.0
1650167060,0.0,0.003995964,0.0,2.3692846298217773e-05,2.35140323638916e-05,4390.0,4549.0
1650167061,0.0,0.001902584,0.0,2.372264862060547e-05,2.3543834686279297e-05,2043.0,2221.5
1650167062,0.0,0.001902584,0.0,2.372264862060547e-05,2.3543834686279297e-05,2043.0,2221.5
1650167063,0.0,0.001827248,0.0,2.408027648925781e-05,2.390146255493164e-05,2111.5,2258.5
1650167064,0.0,0.003182372,0.0,2.3871660232543945e-05,2.3692846298217773e-05,2918.0,4593.0
1650167065,0.0,0.002490231,0.0,2.408027648925781e-05,2.390146255493164e-05,2996.0,3013.0
1650167066,0.0,0.002490231,0.0,2.408027648925781e-05,2.390146255493164e-05,2996.0,3013.0
1650167067,0.005,0.002056922,0.005,2.3931264877319336e-05,2.3752450942993164e-05,2141.0,2254.0
1650167068,0.005,0.002056922,0.005,2.3931264877319336e-05,2.3752450942993164e-05,2141.0,2254.0
1650167069,0.0,0.002423373,0.0,2.4110078811645508e-05,2.3931264877319336e-05,2792.0,2976.5
1650167070,0.0,0.002423373,0.0,2.4110078811645508e-05,2.3931264877319336e-05,2792.0,2976.5
1650167071,0.0,0.0012441655,0.0,2.405047416687012e-05,2.3871660232543945e-05,1361.5,1502.0
1650167072,0.0,0.002611634,0.0,2.408027648925781e-05,2.390146255493164e-05,2722.0,2937.0
1650167073,0.0,0.002611634,0.0,2.408027648925781e-05,2.390146255493164e-05,2722.0,2937.0
1650167074,0.0,0.0025412215,0.0,2.4110078811645508e-05,2.3931264877319336e-05,2723.5,3555.5
1650167075,0.0,0.002910112,0.0,2.583861351013184e-05,2.5659799575805664e-05,2864.0,3145.0
1650167076,0.0,0.002541624,0.0,2.408027648925781e-05,2.390146255493164e-05,2856.0,2874.0
1650167077,0.0,0.002541624,0.0,2.408027648925781e-05,2.390146255493164e-05,2856.0,2874.0
1650167078,0.0,0.0012726265,0.005,2.4139881134033203e-05,2.396106719970703e-05,1395.0,1436.5
1650167079,0.0,0.0012726265,0.005,2.4139881134033203e-05,2.396106719970703e-05,1395.0,1436.5
1650167080,0.0,0.001787363,0.0,2.408027648925781e-05,2.390146255493164e-05,2042.5,2155.5
1650167081,0.0,0.003786126,0.0,2.390146255493164e-05,2.372264862060547e-05,4217.0,4441.0
1650167082,0.0,0.003786126,0.0,2.390146255493164e-05,2.372264862060547e-05,4217.0,4441.0
1650167083,0.0,0.0010906565,0.0,2.580881118774414e-05,2.562999725341797e-05,1197.0,1302.5
1650167084,0.0,0.003231948,0.0,2.390146255493164e-05,2.372264862060547e-05,3325.0,4659.0
1650167085,0.0,0.001334719,0.0,2.390146255493164e-05,2.372264862060547e-05,1362.0,1436.0
1650167086,0.0,0.004398466,0.0,2.390146255493164e-05,2.372264862060547e-05,4291.0,4648.0
1650167087,0.0,0.004398466,0.0,2.390146255493164e-05,2.372264862060547e-05,4291.0,4648.0
1650167088,0.005,0.0021909185,0.0,2.3812055587768555e-05,2.3633241653442383e-05,2175.0,2221.5
1650167089,0.005,0.0021909185,0.0,2.3812055587768555e-05,2.3633241653442383e-05,2175.0,2221.5
1650167090,0.0,0.002014866,0.0,2.372264862060547e-05,2.3543834686279297e-05,2042.5,2155.0
1650167091,0.0,0.002014866,0.0,2.372264862060547e-05,2.3543834686279297e-05,2042.5,2155.0
1650167092,0.0,0.002065519,0.005,2.372264862060547e-05,2.3543834686279297e-05,2041.0,2154.5
1650167093,0.0,0.004285936,0.0,2.3812055587768555e-05,2.3633241653442383e-05,4085.0,4310.0
1650167094,0.0,0.004285936,0.0,2.3812055587768555e-05,2.3633241653442383e-05,4085.0,4310.0
1650167095,0.0,0.002873639,0.0,2.372264862060547e-05,2.3543834686279297e-05,2723.0,3294.0
1650167096,0.0,0.00287568,0.0,2.3752450942993164e-05,2.3573637008666992e-05,2722.0,2873.0
1650167097,0.01,0.00512258,0.01,2.3812055587768555e-05,2.3633241653442383e-05,4561.0,4787.0
1650167098,0.01,0.00512258,0.01,2.3812055587768555e-05,2.3633241653442383e-05,4561.0,4787.0
1650167099,0.0,0.0015649975,0.0,2.3573637008666992e-05,2.339482307434082e-05,1494.0,1503.0
1650167100,0.0,0.002841302,0.0,2.339482307434082e-05,2.321600914001465e-05,2855.0,3004.0
1650167101,0.0,0.002899395,0.0,2.3573637008666992e-05,2.339482307434082e-05,2863.0,3080.0
1650167102,0.0,0.002961415,0.0,2.378225326538086e-05,2.3603439331054688e-05,2864.0,3014.0
1650167103,0.0,0.002961415,0.0,2.378225326538086e-05,2.3603439331054688e-05,2864.0,3014.0
1650167104,0.0,0.000820631,0.0,2.372264862060547e-05,2.3543834686279297e-05,681.0,1573.0
1650167105,0.0,0.002845581,0.0,2.390146255493164e-05,2.372264862060547e-05,2863.0,3013.0
1650167106,0.0,0.001642952,0.0,2.408027648925781e-05,2.390146255493164e-05,1501.0,1577.0
1650167107,0.0,0.001642952,0.0,2.408027648925781e-05,2.390146255493164e-05,1501.0,1577.0
1650167108,0.0,0.0008864095,0.0,2.405047416687012e-05,2.3871660232543945e-05,940.5,1096.5
1650167109,0.0,0.0008864095,0.0,2.405047416687012e-05,2.3871660232543945e-05,940.5,1096.5
1650167110,0.0,0.000393405,0.0,2.408027648925781e-05,2.390146255493164e-05,329.5,415.0
1650167111,0.0,0.000393405,0.0,2.408027648925781e-05,2.390146255493164e-05,329.5,415.0
1650167112,0.0,0.000810836,0.0,2.390146255493164e-05,2.372264862060547e-05,780.0,784.5
1650167113,0.0,0.000952907,0.0,2.390146255493164e-05,2.372264862060547e-05,857.0,1222.0
1650167114,0.0,0.000952907,0.0,2.390146255493164e-05,2.372264862060547e-05,857.0,1222.0
1650167115,0.005,0.0016970475,0.0,2.339482307434082e-05,2.321600914001465e-05,1436.0,1392.5
1650167116,0.005,0.0016970475,0.0,2.339482307434082e-05,2.321600914001465e-05,1436.0,1392.5
1650167117,0.0,0.0,0.0,2.339482307434082e-05,2.321600914001465e-05,0.0,0.0
1650167118,0.0,0.0,0.0,2.339482307434082e-05,2.321600914001465e-05,0.0,0.0
1650167119,0.0,0.001539656,0.0,2.333521842956543e-05,2.3156404495239254e-05,1292.0,1347.5
1650167120,0.0,0.001539656,0.0,2.333521842956543e-05,2.3156404495239254e-05,1292.0,1347.5
1650167121,0.0,0.00044447,0.0,2.3365020751953125e-05,2.3186206817626957e-05,432.5,584.0
1650167122,0.0,0.00044447,0.0,2.3365020751953125e-05,2.3186206817626957e-05,432.5,584.0
1650167123,0.0,0.0012457475,0.0,2.321600914001465e-05,2.303719520568848e-05,920.0,990.5
1650167124,0.0,0.001872837,0.0,2.321600914001465e-05,2.303719520568848e-05,1633.0,2168.0
1650167125,0.0,0.001264087,0.0,2.321600914001465e-05,2.303719520568848e-05,975.0,879.0
1650167126,0.0,0.00195502,0.0,2.321600914001465e-05,2.303719520568848e-05,1774.0,1849.0
1650167127,0.0,0.00195502,0.0,2.321600914001465e-05,2.303719520568848e-05,1774.0,1849.0
1650167128,0.0,0.0003384735,0.0,2.321600914001465e-05,2.303719520568848e-05,395.5,481.0
1650167129,0.0,0.0003384735,0.0,2.321600914001465e-05,2.303719520568848e-05,395.5,481.0
1650167130,0.0,0.0004284805,0.0,2.339482307434082e-05,2.321600914001465e-05,432.5,517.5
1650167131,0.0,0.001029117,0.0,2.342462539672852e-05,2.3245811462402344e-05,842.0,813.0
1650167132,0.0,0.001029117,0.0,2.342462539672852e-05,2.3245811462402344e-05,842.0,813.0
1650167133,0.0,0.001187494,0.0,2.3365020751953125e-05,2.3186206817626957e-05,920.0,1023.5
1650167134,0.0,0.001543059,0.0,2.339482307434082e-05,2.321600914001465e-05,1136.0,1621.0
1650167135,0.01,0.001051331,0.0,2.339482307434082e-05,2.321600914001465e-05,843.0,813.0
1650167136,0.0,0.001719953,0.0,2.339482307434082e-05,2.321600914001465e-05,1634.0,1775.0
1650167137,0.0,0.001719953,0.0,2.339482307434082e-05,2.321600914001465e-05,1634.0,1775.0
1650167138,0.0,0.000415931,0.0,2.3573637008666992e-05,2.339482307434082e-05,465.5,518.0
1650167139,0.0,0.001224525,0.0,2.3573637008666992e-05,2.339482307434082e-05,842.0,811.0
1650167140,0.01,0.002296679,0.0,2.3573637008666992e-05,2.339482307434082e-05,1906.0,1914.0
1650167141,0.01,0.002296679,0.0,2.3573637008666992e-05,2.339482307434082e-05,1906.0,1914.0
1650167142,0.0,0.001028944,0.0,2.3573637008666992e-05,2.339482307434082e-05,920.0,957.5
1650167143,0.0,0.001062666,0.0,2.3573637008666992e-05,2.339482307434082e-05,843.0,813.0
1650167144,0.0,0.001062666,0.0,2.3573637008666992e-05,2.339482307434082e-05,843.0,813.0
1650167145,0.0,0.0005424125,0.0,2.3365020751953125e-05,2.3186206817626957e-05,428.0,880.0
1650167146,0.0,0.00113304,0.0,2.3573637008666992e-05,2.339482307434082e-05,1005.0,1175.0
1650167147,0.0,0.00113304,0.0,2.3573637008666992e-05,2.339482307434082e-05,1005.0,1175.0
1650167148,0.0,0.000644628,0.0,2.339482307434082e-05,2.321600914001465e-05,487.0,439.5
1650167149,0.0,0.000644628,0.0,2.339482307434082e-05,2.321600914001465e-05,487.0,439.5
1650167150,0.0,0.00103734,0.0,2.3573637008666992e-05,2.339482307434082e-05,887.0,924.5
1650167151,0.0,0.002213357,0.0,2.3573637008666992e-05,2.339482307434082e-05,1906.0,1915.0
1650167152,0.0,0.002213357,0.0,2.3573637008666992e-05,2.339482307434082e-05,1906.0,1915.0
1650167153,0.0,0.0010118085,0.0,2.339482307434082e-05,2.321600914001465e-05,883.0,920.5
1650167154,0.0,0.0010118085,0.0,2.339482307434082e-05,2.321600914001465e-05,883.0,920.5
1650167155,0.0,0.0011462705,0.0,2.339482307434082e-05,2.321600914001465e-05,920.0,1148.5
1650167156,0.0,0.002183044,0.0,2.342462539672852e-05,2.3245811462402344e-05,1840.0,2047.0
1650167157,0.0,0.002183044,0.0,2.342462539672852e-05,2.3245811462402344e-05,1840.0,2047.0
1650167158,0.0,0.0010138645,0.0,2.3573637008666992e-05,2.339482307434082e-05,924.0,994.5
1650167159,0.0,0.0010138645,0.0,2.3573637008666992e-05,2.339482307434082e-05,924.0,994.5
1650167160,0.0,0.00067765,0.0,2.3573637008666992e-05,2.339482307434082e-05,487.0,439.5
1650167161,0.0,0.00067765,0.0,2.3573637008666992e-05,2.339482307434082e-05,487.0,439.5
1650167162,0.0,0.000415067,0.0,2.3573637008666992e-05,2.339482307434082e-05,465.5,518.0
1650167163,0.0,0.000415067,0.0,2.3573637008666992e-05,2.339482307434082e-05,465.5,518.0
1650167164,0.0,0.0011178655,0.0,2.3573637008666992e-05,2.339482307434082e-05,953.0,957.0
1650167165,0.0,0.002061308,0.0,2.339482307434082e-05,2.321600914001465e-05,1766.0,1841.0
1650167166,0.0,0.002061308,0.0,2.339482307434082e-05,2.321600914001465e-05,1766.0,1841.0
1650167167,0.0,0.000600468,0.0,2.339482307434082e-05,2.321600914001465e-05,498.5,551.0
1650167168,0.0,0.00108945,0.0,2.339482307434082e-05,2.321600914001465e-05,843.0,813.0
1650167169,0.0,0.00108945,0.0,2.339482307434082e-05,2.321600914001465e-05,843.0,813.0
1650167170,0.0,0.001168557,0.0,2.3365020751953125e-05,2.3186206817626957e-05,920.0,1023.5
1650167171,0.0,0.001022208,0.0,2.339482307434082e-05,2.321600914001465e-05,865.0,1102.0
1650167172,0.0,0.001022208,0.0,2.339482307434082e-05,2.321600914001465e-05,865.0,1102.0
1650167173,0.0,0.001674674,0.0,2.339482307434082e-05,2.321600914001465e-05,1373.5,1363.0
1650167174,0.01,0.001311439,0.0,2.339482307434082e-05,2.321600914001465e-05,842.0,1414.0
1650167175,0.0,0.002450152,0.0,2.3543834686279297e-05,2.3365020751953125e-05,1906.0,1915.0
1650167176,0.0,0.002450152,0.0,2.3543834686279297e-05,2.3365020751953125e-05,1906.0,1915.0
1650167177,0.0,0.0005015925,0.0,2.321600914001465e-05,2.303719520568848e-05,461.5,514.0
1650167178,0.0,0.0005015925,0.0,2.321600914001465e-05,2.303719520568848e-05,461.5,514.0
1650167179,0.005,0.0003958755,0.0,2.339482307434082e-05,2.321600914001465e-05,453.5,539.0
1650167180,0.005,0.0003958755,0.0,2.339482307434082e-05,2.321600914001465e-05,453.5,539.0
1650167181,0.0,0.0014704815,0.0,2.3543834686279297e-05,2.3365020751953125e-05,1275.5,1397.0
1650167182,0.0,0.0,0.0,2.3543834686279297e-05,2.3365020751953125e-05,0.0,0.0
1650167183,0.0,0.0,0.0,2.3543834686279297e-05,2.3365020751953125e-05,0.0,0.0
1650167184,0.0,0.0,0.0,2.3543834686279297e-05,2.3365020751953125e-05,0.0,0.0
1650167185,0.0,0.0,0.0,2.3543834686279297e-05,2.3365020751953125e-05,0.0,0.0
1650167186,0.0,0.0011150635,0.0,2.321600914001465e-05,2.303719520568848e-05,901.25,1050.25
1650167187,0.0,0.001110808,0.0,2.321600914001465e-05,2.303719520568848e-05,1063.0,1102.0
1650167188,0.0,0.001110808,0.0,2.321600914001465e-05,2.303719520568848e-05,1063.0,1102.0
1650167189,0.0,0.001497227,0.0,2.339482307434082e-05,2.321600914001465e-05,1307.5,1331.0
1650167190,0.0,0.001256627,0.0,2.342462539672852e-05,2.3245811462402344e-05,842.0,812.0
1650167191,0.0,0.001256627,0.0,2.342462539672852e-05,2.3245811462402344e-05,842.0,812.0
1650167192,0.0,0.000988014,0.0,2.3603439331054688e-05,2.342462539672852e-05,854.0,924.0
1650167193,0.0,0.000988014,0.0,2.3603439331054688e-05,2.342462539672852e-05,854.0,924.0
1650167194,0.0,0.000530062,0.0,2.3365020751953125e-05,2.3186206817626957e-05,428.5,770.0
1650167195,0.0,0.000530062,0.0,2.3365020751953125e-05,2.3186206817626957e-05,428.5,770.0
1650167196,0.0,0.0012859825,0.0,2.339482307434082e-05,2.321600914001465e-05,990.0,1027.5
1650167197,0.0,0.002053861,0.0,2.339482307434082e-05,2.321600914001465e-05,1905.0,1913.0
1650167198,0.0,0.002053861,0.0,2.339482307434082e-05,2.321600914001465e-05,1905.0,1913.0
1650167199,0.0,0.000659762,0.0,2.339482307434082e-05,2.321600914001465e-05,531.0,550.5
1650167200,0.0,0.001106432,0.0,2.339482307434082e-05,2.321600914001465e-05,843.0,813.0
1650167201,0.0,0.001106432,0.0,2.339482307434082e-05,2.321600914001465e-05,843.0,813.0
1650167202,0.005,0.0008990265,0.0,2.339482307434082e-05,2.321600914001465e-05,844.0,920.5
1650167203,0.0,0.00097334,0.0,2.3573637008666992e-05,2.339482307434082e-05,865.0,1641.0
1650167204,0.0,0.00097334,0.0,2.3573637008666992e-05,2.339482307434082e-05,865.0,1641.0
1650167205,0.0,0.0017426235,0.0,2.3543834686279297e-05,2.3365020751953125e-05,1341.5,1429.5
1650167206,0.0,0.0017426235,0.0,2.3543834686279297e-05,2.3365020751953125e-05,1341.5,1429.5
1650167207,0.0,0.0006623935,0.0,2.3543834686279297e-05,2.3365020751953125e-05,487.5,439.5
1650167208,0.0,0.00229786,0.0,2.3573637008666992e-05,2.339482307434082e-05,1848.0,1989.0
1650167209,0.0,0.00229786,0.0,2.3573637008666992e-05,2.339482307434082e-05,1848.0,1989.0
1650167210,0.0,0.000470261,0.0,2.339482307434082e-05,2.321600914001465e-05,461.5,514.0
1650167211,0.0,0.000470261,0.0,2.339482307434082e-05,2.321600914001465e-05,461.5,514.0
1650167212,0.0,0.0011275405,0.0,2.321600914001465e-05,2.303719520568848e-05,883.0,920.5
1650167213,0.01,0.00239865,0.0,2.339482307434082e-05,2.321600914001465e-05,1773.0,2672.0
1650167214,0.01,0.00239865,0.0,2.339482307434082e-05,2.321600914001465e-05,1773.0,2672.0
1650167215,0.0,0.0,0.0,2.339482307434082e-05,2.321600914001465e-05,0.0,0.0
1650167216,0.0,0.0,0.0,2.339482307434082e-05,2.321600914001465e-05,0.0,0.0
1650167217,0.0,0.001071064,0.0,2.321600914001465e-05,2.303719520568848e-05,850.0,920.5
1650167218,0.0,0.001732607,0.0,2.3245811462402344e-05,2.306699752807617e-05,1568.0,1906.0
1650167219,0.0,0.000217766,0.0,2.300739288330078e-05,2.282857894897461e-05,132.0,66.0
1650167220,0.0,0.002205242,0.0,2.321600914001465e-05,2.303719520568848e-05,1848.0,1989.0
1650167221,0.0,0.002205242,0.0,2.321600914001465e-05,2.303719520568848e-05,1848.0,1989.0
1650167222,0.0,0.001393846,0.005,2.321600914001465e-05,2.303719520568848e-05,1238.5,1294.0
1650167223,0.0,0.001393846,0.005,2.321600914001465e-05,2.303719520568848e-05,1238.5,1294.0
1650167224,0.0,0.001041864,0.0,2.3573637008666992e-05,2.339482307434082e-05,887.0,1225.0
1650167225,0.0,0.001041864,0.0,2.3573637008666992e-05,2.339482307434082e-05,887.0,1225.0
1650167226,0.0,0.0004674605,0.0,2.321600914001465e-05,2.303719520568848e-05,461.5,514.0
1650167227,0.0,0.000822015,0.0,2.339482307434082e-05,2.321600914001465e-05,865.0,1036.0
1650167228,0.0,0.000822015,0.0,2.339482307434082e-05,2.321600914001465e-05,865.0,1036.0
1650167229,0.0,0.000518134,0.0,2.339482307434082e-05,2.321600914001465e-05,421.5,406.5
1650167230,0.0,0.001984098,0.0,2.3573637008666992e-05,2.339482307434082e-05,1708.0,1981.0
1650167231,0.0,0.001984098,0.0,2.3573637008666992e-05,2.339482307434082e-05,1708.0,1981.0
1650167232,0.0,0.0005881685,0.0,2.339482307434082e-05,2.321600914001465e-05,498.5,584.0
1650167233,0.0,0.001200287,0.0,2.339482307434082e-05,2.321600914001465e-05,843.0,813.0
1650167234,0.0,0.00195632,0.0,2.339482307434082e-05,2.321600914001465e-05,1633.0,2156.0
1650167235,0.0,0.0,0.0,2.339482307434082e-05,2.321600914001465e-05,0.0,0.0
1650167236,0.0,0.0,0.0,2.339482307434082e-05,2.321600914001465e-05,0.0,0.0
1650167237,0.0,0.0,0.0,2.339482307434082e-05,2.321600914001465e-05,0.0,0.0
1650167238,0.0,0.0,0.0,2.339482307434082e-05,2.321600914001465e-05,0.0,0.0
1650167239,0.0,0.00108290925,0.0,2.339482307434082e-05,2.321600914001465e-05,977.0,984.5
1650167240,0.0,0.001963976,0.0,2.339482307434082e-05,2.321600914001465e-05,1839.0,1914.0
1650167241,0.01,0.006426099,0.0,2.4020671844482425e-05,2.384185791015625e-05,6324.0,6571.0
1650167242,0.01,0.006426099,0.0,2.4020671844482425e-05,2.384185791015625e-05,6324.0,6571.0
1650167243,0.0,0.002165335,0.0,2.408027648925781e-05,2.390146255493164e-05,1988.0,2082.0
1650167244,0.0,0.005761131,0.0,2.390146255493164e-05,2.372264862060547e-05,5454.0,6200.0
1650167245,0.0,0.005761131,0.0,2.390146255493164e-05,2.372264862060547e-05,5454.0,6200.0
1650167246,0.005,0.0019827045,0.0,2.405047416687012e-05,2.3871660232543945e-05,2141.5,2254.5
1650167247,0.005,0.0019827045,0.0,2.405047416687012e-05,2.3871660232543945e-05,2141.5,2254.5
1650167248,0.0,0.000715051,0.0,2.3931264877319336e-05,2.3752450942993164e-05,713.5,751.5
1650167249,0.0,0.00278898,0.01,2.3931264877319336e-05,2.3752450942993164e-05,2856.0,3006.0
1650167250,0.0,0.00278898,0.01,2.3931264877319336e-05,2.3752450942993164e-05,2856.0,3006.0
1650167251,0.0,0.0007309815,0.0,2.3931264877319336e-05,2.3752450942993164e-05,714.0,751.5
1650167252,0.0,0.004325296,0.0,2.408027648925781e-05,2.390146255493164e-05,4424.0,4583.0
1650167253,0.0,0.004943421,0.0,2.390146255493164e-05,2.372264862060547e-05,4422.0,5821.0
1650167254,0.0,0.004943421,0.0,2.390146255493164e-05,2.372264862060547e-05,4422.0,5821.0
1650167255,0.0,0.000655242,0.0,2.390146255493164e-05,2.372264862060547e-05,714.0,718.5
1650167256,0.0,0.004181251,0.01,2.396106719970703e-05,2.378225326538086e-05,4152.0,4441.0
1650167257,0.0,0.004181251,0.01,2.396106719970703e-05,2.378225326538086e-05,4152.0,4441.0
1650167258,0.0,0.0024411565,0.0,2.408027648925781e-05,2.390146255493164e-05,2111.0,2224.0
1650167259,0.0,0.002969828,0.0,2.408027648925781e-05,2.390146255493164e-05,2855.0,3006.0
1650167260,0.0,0.005503974,0.01,2.4020671844482425e-05,2.384185791015625e-05,5447.0,5811.0
1650167261,0.0,0.005503974,0.01,2.4020671844482425e-05,2.384185791015625e-05,5447.0,5811.0
1650167262,0.0,0.0013534895,0.0,2.390146255493164e-05,2.372264862060547e-05,1362.0,1437.0
1650167263,0.0,0.0013534895,0.0,2.390146255493164e-05,2.372264862060547e-05,1362.0,1437.0
1650167264,0.005,0.00245957,0.0,2.3990869522094727e-05,2.3812055587768555e-05,2111.5,3309.0
1650167265,0.005,0.00245957,0.0,2.3990869522094727e-05,2.3812055587768555e-05,2111.5,3309.0
1650167266,0.0,0.0013631005,0.0,2.390146255493164e-05,2.372264862060547e-05,1428.0,1437.0
1650167267,0.0,0.002659055,0.0,2.390146255493164e-05,2.372264862060547e-05,2790.0,2873.0
1650167268,0.0,0.002659055,0.0,2.390146255493164e-05,2.372264862060547e-05,2790.0,2873.0
1650167269,0.0,0.001615882,0.0,2.372264862060547e-05,2.3543834686279297e-05,1449.0,1491.0
1650167270,0.0,0.003557445,0.0,2.390146255493164e-05,2.372264862060547e-05,3512.0,3832.0
1650167271,0.0,0.003557445,0.0,2.390146255493164e-05,2.372264862060547e-05,3512.0,3832.0
1650167272,0.0,0.001649751,0.0,2.372264862060547e-05,2.3543834686279297e-05,1498.0,1540.0
1650167273,0.0,0.004309764,0.0,2.372264862060547e-05,2.3543834686279297e-05,3837.0,5466.0
1650167274,0.0,0.000368113,0.0,2.372264862060547e-05,2.3543834686279297e-05,519.0,690.0
1650167275,0.0,0.000368113,0.0,2.372264862060547e-05,2.3543834686279297e-05,519.0,690.0
1650167276,0.0,0.0031890165,0.0,2.3931264877319336e-05,2.3752450942993164e-05,2929.5,3178.5
1650167277,0.0,0.003094006,0.0,2.372264862060547e-05,2.3543834686279297e-05,2919.0,2940.0
1650167278,0.0,0.003094006,0.0,2.372264862060547e-05,2.3543834686279297e-05,2919.0,2940.0
1650167279,0.0,0.000869577,0.005,2.3573637008666992e-05,2.339482307434082e-05,747.0,751.5
1650167280,0.0,0.004133565,0.0,2.3633241653442383e-05,2.345442771911621e-05,4086.0,4442.0
1650167281,0.0,0.0,0.0,2.3573637008666992e-05,2.339482307434082e-05,0.0,0.0
1650167282,0.0,0.003356346,0.0,2.390146255493164e-05,2.372264862060547e-05,3001.0,3154.0
1650167283,0.0,0.001221037,0.0,2.390146255493164e-05,2.372264862060547e-05,843.0,1847.0
1650167284,0.0,0.001221037,0.0,2.390146255493164e-05,2.372264862060547e-05,843.0,1847.0
1650167285,0.0,0.000201558,0.0,2.390146255493164e-05,2.372264862060547e-05,259.0,312.0
1650167286,0.0,0.000201558,0.0,2.390146255493164e-05,2.372264862060547e-05,259.0,312.0
1650167287,0.0,0.002646828,0.0,2.3752450942993164e-05,2.3573637008666992e-05,2347.5,2493.0
1650167288,0.0,0.000355439,0.0,2.3752450942993164e-05,2.3573637008666992e-05,585.0,690.0
1650167289,0.0,0.000355439,0.0,2.3752450942993164e-05,2.3573637008666992e-05,585.0,690.0
1650167290,0.0,0.0009682845,0.0,2.3573637008666992e-05,2.339482307434082e-05,916.0,854.5
1650167291,0.0,0.002120437,0.0,2.372264862060547e-05,2.3543834686279297e-05,2021.0,2267.0
1650167292,0.0,0.002120437,0.0,2.372264862060547e-05,2.3543834686279297e-05,2021.0,2267.0
1650167293,0.0,0.0020215065,0.0,2.4020671844482425e-05,2.384185791015625e-05,1853.0,1946.5
1650167294,0.0,0.000513372,0.0,2.3931264877319336e-05,2.3752450942993164e-05,519.0,1021.0
1650167295,0.0,0.002160205,0.0,2.390146255493164e-05,2.372264862060547e-05,1685.0,1626.0
1650167296,0.0,0.002160205,0.0,2.390146255493164e-05,2.372264862060547e-05,1685.0,1626.0
1650167297,0.0,0.001035678,0.005,2.3573637008666992e-05,2.339482307434082e-05,813.0,817.5
1650167298,0.0,0.002363713,0.0,2.3573637008666992e-05,2.339482307434082e-05,2021.0,2465.0
1650167299,0.0,0.002363713,0.0,2.3573637008666992e-05,2.339482307434082e-05,2021.0,2465.0
1650167300,0.0,0.0007476595,0.0,2.3573637008666992e-05,2.339482307434082e-05,713.5,751.0
1650167301,0.01,0.001194108,0.0,2.3573637008666992e-05,2.339482307434082e-05,843.0,813.0
1650167302,0.0,0.003192815,0.0,2.3573637008666992e-05,2.339482307434082e-05,3179.0,3212.0
1650167303,0.0,0.003073114,0.0,2.3573637008666992e-05,2.339482307434082e-05,2765.0,4330.0
1650167304,0.0,0.003073114,0.0,2.3573637008666992e-05,2.339482307434082e-05,2765.0,4330.0
1650167305,0.0,0.000254944,0.0,2.372264862060547e-05,2.3543834686279297e-05,329.5,382.0
1650167306,0.0,0.000345282,0.0,2.372264862060547e-05,2.3543834686279297e-05,519.0,690.0
1650167307,0.0,0.000345282,0.0,2.372264862060547e-05,2.3543834686279297e-05,519.0,690.0
1650167308,0.0,0.0002965765,0.0,2.3871660232543945e-05,2.3692846298217773e-05,329.5,448.0
1650167309,0.0,0.0002965765,0.0,2.3871660232543945e-05,2.3692846298217773e-05,329.5,448.0
1650167310,0.0,0.0001296675,0.0,2.372264862060547e-05,2.3543834686279297e-05,87.0,54.0
1650167311,0.0,0.0001296675,0.0,2.372264862060547e-05,2.3543834686279297e-05,87.0,54.0
1650167312,0.005,0.001637435,0.0,2.3573637008666992e-05,2.339482307434082e-05,1238.5,1228.0
1650167313,0.0,0.003442742,0.01,2.339482307434082e-05,2.321600914001465e-05,2609.0,3466.0
1650167314,0.0,0.001799836,0.0,2.339482307434082e-05,2.321600914001465e-05,1700.0,1903.0
1650167315,0.0,0.001799836,0.0,2.339482307434082e-05,2.321600914001465e-05,1700.0,1903.0
1650167316,0.0,0.0004633185,0.0,2.3573637008666992e-05,2.339482307434082e-05,465.5,518.0
1650167317,0.0,0.00187643,0.0,2.372264862060547e-05,2.3543834686279297e-05,1707.0,1849.0
1650167318,0.0,0.00187643,0.0,2.372264862060547e-05,2.3543834686279297e-05,1707.0,1849.0
1650167319,0.0,0.0005431225,0.0,2.372264862060547e-05,2.3543834686279297e-05,498.5,551.0
1650167320,0.0,0.002530543,0.0,2.372264862060547e-05,2.3543834686279297e-05,1818.0,1690.0
1650167321,0.01,0.004664785,0.0,2.372264862060547e-05,2.3543834686279297e-05,4119.0,4437.0
1650167322,0.01,0.004664785,0.0,2.372264862060547e-05,2.3543834686279297e-05,4119.0,4437.0
1650167323,0.0,0.0004358235,0.0,2.390146255493164e-05,2.372264862060547e-05,461.5,415.0
1650167324,0.0,0.0004358235,0.0,2.390146255493164e-05,2.372264862060547e-05,461.5,415.0
1650167325,0.0,0.000521888,0.0,2.342462539672852e-05,2.3245811462402344e-05,457.5,601.0
1650167326,0.0,0.002835599,0.0,2.3573637008666992e-05,2.339482307434082e-05,2477.0,2390.0
1650167327,0.0,0.002835599,0.0,2.3573637008666992e-05,2.339482307434082e-05,2477.0,2390.0
1650167328,0.0,0.001689678,0.0,2.372264862060547e-05,2.3543834686279297e-05,1497.5,1539.5
1650167329,0.0,0.001689678,0.0,2.372264862060547e-05,2.3543834686279297e-05,1497.5,1539.5
1650167330,0.0,0.0017424135,0.0,2.372264862060547e-05,2.3543834686279297e-05,1563.5,1573.0
1650167331,0.0,0.0017424135,0.0,2.372264862060547e-05,2.3543834686279297e-05,1563.5,1573.0
1650167332,0.0,0.0016974625,0.005,2.3543834686279297e-05,2.3365020751953125e-05,1630.0,1672.0
1650167333,0.0,0.000177374,0.0,2.3543834686279297e-05,2.3365020751953125e-05,0.0,812.0
1650167334,0.0,0.000177374,0.0,2.3543834686279297e-05,2.3365020751953125e-05,0.0,812.0
1650167335,0.0,0.00042822,0.0,2.3573637008666992e-05,2.339482307434082e-05,362.0,414.5
1650167336,0.0,0.00057226,0.0,2.372264862060547e-05,2.3543834686279297e-05,791.0,764.0
1650167337,0.0,0.00057226,0.0,2.372264862060547e-05,2.3543834686279297e-05,791.0,764.0
1650167338,0.0,0.000337314,0.0,2.3573637008666992e-05,2.339482307434082e-05,391.5,378.0
1650167339,0.0,0.000337314,0.0,2.3573637008666992e-05,2.339482307434082e-05,391.5,378.0
1650167340,0.0,0.002302483,0.0,2.372264862060547e-05,2.3543834686279297e-05,2393.5,2374.0
1650167341,0.0,0.002302483,0.0,2.372264862060547e-05,2.3543834686279297e-05,2393.5,2374.0
1650167342,0.005,0.00111127,0.0,2.339482307434082e-05,2.321600914001465e-05,916.0,920.0
1650167343,0.0,0.002780512,0.0,2.339482307434082e-05,2.321600914001465e-05,2271.0,3143.0
1650167344,0.0,0.000484676,0.0,2.339482307434082e-05,2.321600914001465e-05,518.0,689.0
1650167345,0.0,0.000484676,0.0,2.339482307434082e-05,2.321600914001465e-05,518.0,689.0
1650167346,0.0,0.0003044005,0.0,2.3245811462402344e-05,2.306699752807617e-05,325.5,444.0
1650167347,0.0,0.001134604,0.0,2.4139881134033203e-05,2.396106719970703e-05,843.0,812.0
1650167348,0.0,0.001134604,0.0,2.4139881134033203e-05,2.396106719970703e-05,843.0,812.0
1650167349,0.0,0.0011544605,0.0,2.321600914001465e-05,2.303719520568848e-05,1043.0,1133.0
1650167350,0.0,0.005355412,0.01,2.339482307434082e-05,2.321600914001465e-05,4748.0,4639.0
1650167351,0.0,0.005355412,0.01,2.339482307434082e-05,2.321600914001465e-05,4748.0,4639.0
1650167352,0.005,0.001634211,0.0,2.384185791015625e-05,2.366304397583008e-05,1502.0,1576.5
1650167353,0.005,0.001634211,0.0,2.384185791015625e-05,2.366304397583008e-05,1502.0,1576.5
1650167354,0.0,0.0016054325,0.0,2.372264862060547e-05,2.3543834686279297e-05,1362.0,1857.0
1650167355,0.0,0.0016054325,0.0,2.372264862060547e-05,2.3543834686279297e-05,1362.0,1857.0
1650167356,0.0,0.0015861495,0.0,2.390146255493164e-05,2.372264862060547e-05,1464.5,1507.0
1650167357,0.0,0.0015861495,0.0,2.390146255493164e-05,2.372264862060547e-05,1464.5,1507.0
1650167358,0.005,0.002345182,0.0,2.408027648925781e-05,2.390146255493164e-05,1919.0,1945.5
1650167359,0.005,0.002345182,0.0,2.408027648925781e-05,2.390146255493164e-05,1919.0,1945.5
1650167360,0.0,0.001264595,0.0,2.3871660232543945e-05,2.3692846298217773e-05,1102.5,1191.0
1650167361,0.0,0.00119856,0.0,2.3573637008666992e-05,2.339482307434082e-05,923.0,961.0
1650167362,0.0,0.000865086,0.0,2.3573637008666992e-05,2.339482307434082e-05,922.0,830.0
1650167363,0.0,0.000865086,0.0,2.3573637008666992e-05,2.339482307434082e-05,922.0,830.0
1650167364,0.005,0.000640323,0.0,2.3573637008666992e-05,2.339482307434082e-05,421.0,1039.0
1650167365,0.0,0.003230225,0.0,2.3573637008666992e-05,2.339482307434082e-05,2543.0,2456.0
1650167366,0.0,0.003230225,0.0,2.3573637008666992e-05,2.339482307434082e-05,2543.0,2456.0
1650167367,0.0,0.0007258485,0.0,2.3573637008666992e-05,2.339482307434082e-05,713.5,751.5
1650167368,0.0,0.000743693,0.0,2.3573637008666992e-05,2.339482307434082e-05,791.0,830.0
1650167369,0.0,0.000743693,0.0,2.3573637008666992e-05,2.339482307434082e-05,791.0,830.0
1650167370,0.0,0.0006659545,0.0,2.342462539672852e-05,2.3245811462402344e-05,508.5,460.5
1650167371,0.0,0.006179056,0.01,2.3573637008666992e-05,2.339482307434082e-05,5632.0,6228.0
1650167372,0.0,0.006179056,0.01,2.3573637008666992e-05,2.339482307434082e-05,5632.0,6228.0
1650167373,0.005,0.001261792,0.0,2.366304397583008e-05,2.3484230041503903e-05,1135.5,1158.0
1650167374,0.0,0.0007435,0.0,2.339482307434082e-05,2.321600914001465e-05,717.0,1585.0
1650167375,0.0,0.0,0.0,2.339482307434082e-05,2.321600914001465e-05,0.0,0.0
1650167376,0.0,0.0,0.0,2.339482307434082e-05,2.321600914001465e-05,0.0,0.0
1650167377,0.0,0.0017198605,0.0,2.3633241653442383e-05,2.345442771911621e-05,1497.5,1539.0
1650167378,0.0,0.0017198605,0.0,2.3633241653442383e-05,2.345442771911621e-05,1497.5,1539.0
1650167379,0.0,0.0008923325,0.0,2.372264862060547e-05,2.3543834686279297e-05,1010.5,1133.5
1650167380,0.0,0.0008923325,0.0,2.372264862060547e-05,2.3543834686279297e-05,1010.5,1133.5
1650167381,0.0,0.00029565,0.0,2.372264862060547e-05,2.3543834686279297e-05,325.5,378.0
1650167382,0.0,0.00029565,0.0,2.372264862060547e-05,2.3543834686279297e-05,325.5,378.0
1650167383,0.0,0.0025218215,0.0,2.3603439331054688e-05,2.342462539672852e-05,2021.5,2081.5
1650167384,0.0,0.0025218215,0.0,2.3603439331054688e-05,2.342462539672852e-05,2021.5,2081.5
1650167385,0.0,0.001354868,0.0,2.3603439331054688e-05,2.342462539672852e-05,1168.5,1675.0
1650167386,0.0,0.001354868,0.0,2.3603439331054688e-05,2.342462539672852e-05,1168.5,1675.0
1650167387,0.0,0.0032972495,0.0,2.3752450942993164e-05,2.3573637008666992e-05,3021.0,3144.5
1650167388,0.0,0.002569126,0.0,2.3752450942993164e-05,2.3573637008666992e-05,2271.0,2316.0
1650167389,0.0,0.002569126,0.0,2.3752450942993164e-05,2.3573637008666992e-05,2271.0,2316.0
1650167390,0.0,0.001002393,0.0,2.3931264877319336e-05,2.3752450942993164e-05,1043.5,1133.5
1650167391,0.0,0.001002393,0.0,2.3931264877319336e-05,2.3752450942993164e-05,1043.5,1133.5
1650167392,0.0,0.0002338795,0.0,2.3603439331054688e-05,2.342462539672852e-05,132.0,66.0
1650167393,0.0,0.0002338795,0.0,2.3603439331054688e-05,2.342462539672852e-05,132.0,66.0
1650167394,0.005,0.0021424355,0.005,2.3752450942993164e-05,2.3573637008666992e-05,1853.5,2507.5
1650167395,0.0,0.001886075,0.0,2.3931264877319336e-05,2.3752450942993164e-05,1642.0,1717.0
1650167396,0.0,0.001886075,0.0,2.3931264877319336e-05,2.3752450942993164e-05,1642.0,1717.0
1650167397,0.0,0.0016484545,0.0,2.3752450942993164e-05,2.3573637008666992e-05,1494.0,1502.5
1650167398,0.0,0.001816807,0.0,2.3603439331054688e-05,2.342462539672852e-05,1559.0,1569.0
1650167399,0.0,0.000608256,0.0,2.342462539672852e-05,2.3245811462402344e-05,693.0,798.0
1650167400,0.0,0.000680071,0.0,2.3603439331054688e-05,2.342462539672852e-05,659.0,763.0
1650167401,0.0,0.000680071,0.0,2.3603439331054688e-05,2.342462539672852e-05,659.0,763.0
1650167402,0.0,0.000655827,0.0,2.3603439331054688e-05,2.342462539672852e-05,421.5,406.0
1650167403,0.0,0.00658576,0.0,2.342462539672852e-05,2.3245811462402344e-05,5059.0,6738.0
1650167404,0.0,0.00658576,0.0,2.342462539672852e-05,2.3245811462402344e-05,5059.0,6738.0
1650167405,0.005,0.004465471,0.0,2.384185791015625e-05,2.366304397583008e-05,4353.0,4683.5
1650167406,0.0,0.001427864,0.0,2.396106719970703e-05,2.378225326538086e-05,1568.0,1577.0
1650167407,0.0,0.001427864,0.0,2.396106719970703e-05,2.378225326538086e-05,1568.0,1577.0
1650167408,0.0,0.001432601,0.0,2.3931264877319336e-05,2.3752450942993164e-05,1394.5,1436.0
1650167409,0.0,0.002648208,0.0,2.3931264877319336e-05,2.3752450942993164e-05,2724.0,3006.0
1650167410,0.0,0.001801246,0.0,2.4110078811645508e-05,2.3931264877319336e-05,2391.0,2405.0
1650167411,0.0,0.001801246,0.0,2.4110078811645508e-05,2.3931264877319336e-05,2391.0,2405.0
1650167412,0.0,0.0013351375,0.005,2.4110078811645508e-05,2.3931264877319336e-05,915.5,1055.0
1650167413,0.0,0.002787254,0.0,2.4110078811645508e-05,2.3931264877319336e-05,2724.0,4061.0
1650167414,0.0,0.002787254,0.0,2.4110078811645508e-05,2.3931264877319336e-05,2724.0,4061.0
1650167415,0.0,0.0015004995,0.0,2.396106719970703e-05,2.378225326538086e-05,1428.0,1503.0
1650167416,0.0,0.004525079,0.0,2.3931264877319336e-05,2.3752450942993164e-05,4291.0,4713.0
1650167417,0.0,0.003037693,0.01,2.396106719970703e-05,2.378225326538086e-05,2987.0,3005.0
1650167418,0.0,0.003037693,0.01,2.396106719970703e-05,2.378225326538086e-05,2987.0,3005.0
1650167419,0.0,0.0021229145,0.0,2.4020671844482425e-05,2.384185791015625e-05,2113.0,2258.5
1650167420,0.0,0.0021229145,0.0,2.4020671844482425e-05,2.384185791015625e-05,2113.0,2258.5
1650167421,0.0,0.001591269,0.0,2.3752450942993164e-05,2.3573637008666992e-05,1428.0,1469.5
1650167422,0.0,0.001591269,0.0,2.3752450942993164e-05,2.3573637008666992e-05,1428.0,1469.5
1650167423,0.005,0.0043454605,0.0,2.3931264877319336e-05,2.3752450942993164e-05,4290.5,4516.5
1650167424,0.0,0.00304235,0.0,2.3931264877319336e-05,2.3752450942993164e-05,2724.0,4333.0
1650167425,0.0,0.00304235,0.0,2.3931264877319336e-05,2.3752450942993164e-05,2724.0,4333.0
1650167426,0.005,0.001497098,0.0,2.390146255493164e-05,2.372264862060547e-05,1361.5,1502.5
1650167427,0.0,0.001721253,0.0,2.3931264877319336e-05,2.3752450942993164e-05,1502.0,1643.0
1650167428,0.0,0.002965924,0.0,2.3931264877319336e-05,2.3752450942993164e-05,2898.0,2980.0
1650167429,0.0,0.002965924,0.0,2.3931264877319336e-05,2.3752450942993164e-05,2898.0,2980.0
1650167430,0.0,0.0022602445,0.0,2.3931264877319336e-05,2.3752450942993164e-05,2076.0,2155.5
