timestamp,cpu_usage_system,cpu_usage_total,cpu_usage_user,memory_usage,memory_working_set,rx_bytes,tx_bytes
1650166018,0.0,0.010734569,0.0,2.9087066650390625e-05,2.893805503845215e-05,10337.0,12080.0
1650166019,0.0,0.010734569,0.0,2.968311309814453e-05,2.953410148620605e-05,10337.0,12080.0
1650166020,0.0,0.010734569,0.0,2.968311309814453e-05,2.953410148620605e-05,10337.0,12080.0
1650166021,0.005,0.0054111665,0.0,3.0100345611572266e-05,2.995133399963379e-05,4735.0,6005.0
1650166022,0.0,0.01085779,0.01,3.0100345611572266e-05,2.995133399963379e-05,8859.0,11592.0
1650166023,0.0,0.01085779,0.01,3.0100345611572266e-05,2.995133399963379e-05,8859.0,11592.0
1650166024,0.0,0.008853968,0.005,3.17990779876709e-05,3.165006637573242e-05,8430.5,12441.0
1650166025,0.02,0.009260074,0.0,3.0338764190673828e-05,3.018975257873535e-05,9721.0,12203.0
1650166026,0.02,0.009260074,0.0,3.0338764190673828e-05,3.018975257873535e-05,9721.0,12203.0
1650166027,0.0,0.0066149355,0.0,3.0159950256347656e-05,3.001093864440918e-05,6839.0,8463.5
1650166028,0.02,0.00957725,0.01,3.013014793395996e-05,2.9981136322021484e-05,9411.0,12080.0
1650166029,0.02,0.00957725,0.01,3.013014793395996e-05,2.9981136322021484e-05,9411.0,12080.0
1650166030,0.0,0.0064382835,0.005,3.0159950256347656e-05,3.001093864440918e-05,6864.0,8488.5
1650166031,0.01,0.017167062,0.0,3.0249357223510746e-05,3.0100345611572266e-05,17723.0,22602.0
1650166032,0.01,0.017167062,0.0,3.0249357223510746e-05,3.0100345611572266e-05,17723.0,22602.0
1650166033,0.005,0.006371728,0.005,3.0159950256347656e-05,3.001093864440918e-05,6644.0,8500.5
1650166034,0.005,0.006371728,0.005,3.0159950256347656e-05,3.001093864440918e-05,6644.0,8500.5
1650166035,0.0,0.0043315955,0.0,3.0249357223510746e-05,3.0100345611572266e-05,4429.5,8770.0
1650166036,0.01,0.013886474,0.01,3.0219554901123047e-05,3.007054328918457e-05,13677.0,16993.0
1650166037,0.01,0.013886474,0.01,3.0219554901123047e-05,3.007054328918457e-05,13677.0,16993.0
1650166038,0.0,0.0040237335,0.0,3.0249357223510746e-05,3.0100345611572266e-05,4430.5,5666.0
1650166039,0.01,0.009419017,0.01,3.018975257873535e-05,3.0040740966796875e-05,10059.0,12541.0
1650166040,0.01,0.012539135,0.0,3.018975257873535e-05,3.0040740966796875e-05,12768.0,16332.0
1650166041,0.0,0.009062252,0.01,3.0249357223510746e-05,3.0100345611572266e-05,8860.0,11328.0
1650166042,0.01,0.004595364,0.0,3.018975257873535e-05,3.0040740966796875e-05,4430.0,5667.0
1650166043,0.01,0.004595364,0.0,3.018975257873535e-05,3.0040740966796875e-05,4430.0,5667.0
1650166044,0.01,0.013288814,0.01,3.027915954589844e-05,3.013014793395996e-05,13285.5,22999.0
1650166045,0.01,0.013288814,0.01,3.027915954589844e-05,3.013014793395996e-05,13285.5,22999.0
1650166046,0.005,0.006443227,0.0,3.018975257873535e-05,3.0040740966796875e-05,6645.5,8497.5
1650166047,0.02,0.013465308,0.0,3.018975257873535e-05,3.0040740966796875e-05,13675.0,17189.0
1650166048,0.02,0.013465308,0.0,3.018975257873535e-05,3.0040740966796875e-05,13675.0,17189.0
1650166049,0.01,0.0075169955,0.005,3.0219554901123047e-05,3.007054328918457e-05,6916.5,8772.5
1650166050,0.01,0.013477017,0.0,3.027915954589844e-05,3.013014793395996e-05,13422.0,17001.0
1650166051,0.01,0.013477017,0.0,3.027915954589844e-05,3.013014793395996e-05,13422.0,17001.0
1650166052,0.0,0.0020342805,0.0,3.018975257873535e-05,3.0040740966796875e-05,2215.0,2833.5
1650166053,0.0,0.0020342805,0.0,3.018975257873535e-05,3.0040740966796875e-05,2215.0,2833.5
1650166054,0.01,0.00852999,0.01,3.018975257873535e-05,3.0040740966796875e-05,8862.0,15907.0
1650166055,0.01,0.00852999,0.01,3.018975257873535e-05,3.0040740966796875e-05,8862.0,15907.0
1650166056,0.0,0.008585192,0.0,3.0249357223510746e-05,3.0100345611572266e-05,8860.0,11330.0
1650166057,0.0,0.009046297,0.0,3.018975257873535e-05,3.0040740966796875e-05,9247.0,11458.0
1650166058,0.0,0.009046297,0.0,3.018975257873535e-05,3.0040740966796875e-05,9247.0,11458.0
1650166059,0.005,0.0066465685,0.005,3.018975257873535e-05,3.0040740966796875e-05,6645.5,8498.5
1650166060,0.0,0.005131727,0.0,3.018975257873535e-05,3.0040740966796875e-05,4710.0,6211.0
1650166061,0.02,0.008827635,0.0,3.018975257873535e-05,3.0040740966796875e-05,9255.0,11326.0
1650166062,0.02,0.008827635,0.0,3.018975257873535e-05,3.0040740966796875e-05,9255.0,11326.0
1650166063,0.0,0.010223196,0.01,3.0934810638427734e-05,3.078579902648926e-05,10644.0,13797.0
1650166064,0.0,0.010146855,0.0,3.027915954589844e-05,3.013014793395996e-05,9722.0,23905.0
1650166065,0.0,0.010146855,0.0,3.027915954589844e-05,3.013014793395996e-05,9722.0,23905.0
1650166066,0.0,0.004807822,0.005,3.209710121154785e-05,3.1948089599609375e-05,5465.5,6850.5
1650166067,0.01,0.01569775,0.01,3.018975257873535e-05,3.0040740966796875e-05,16039.0,20359.0
1650166068,0.01,0.01569775,0.01,3.018975257873535e-05,3.0040740966796875e-05,16039.0,20359.0
1650166069,0.005,0.0063291735,0.0,3.0249357223510746e-05,3.0100345611572266e-05,6672.0,8533.5
1650166070,0.005,0.0063291735,0.0,3.0249357223510746e-05,3.0100345611572266e-05,6672.0,8533.5
1650166071,0.0,0.0047760425,0.0,3.018975257873535e-05,3.0040740966796875e-05,4702.5,5939.0
1650166072,0.0,0.003907549,0.0,3.0219554901123047e-05,3.007054328918457e-05,4563.0,5667.0
1650166073,0.01,0.013155857,0.0,3.018975257873535e-05,3.0040740966796875e-05,13292.0,16997.0
1650166074,0.0,0.012872856,0.0,3.018975257873535e-05,3.0040740966796875e-05,13288.0,23185.0
1650166075,0.0,0.012872856,0.0,3.018975257873535e-05,3.0040740966796875e-05,13288.0,23185.0
1650166076,0.005,0.0045644385,0.0,3.018975257873535e-05,3.0040740966796875e-05,4622.5,5760.0
1650166077,0.0,0.012658593,0.0,3.108382225036621e-05,3.0934810638427734e-05,13290.0,16997.0
1650166078,0.01,0.004619608,0.0,3.027915954589844e-05,3.013014793395996e-05,4431.0,5667.0
1650166079,0.01,0.004619608,0.0,3.027915954589844e-05,3.013014793395996e-05,4431.0,5667.0
1650166080,0.005,0.0068772695,0.005,3.018975257873535e-05,3.0040740966796875e-05,6805.5,8791.5
1650166081,0.005,0.0068772695,0.005,3.018975257873535e-05,3.0040740966796875e-05,6805.5,8791.5
1650166082,0.005,0.011051141,0.005,3.0249357223510746e-05,3.0100345611572266e-05,9058.0,11329.0
1650166083,0.0,0.008586717,0.01,3.2007694244384766e-05,3.185868263244629e-05,8000.0,10595.0
1650166084,0.0,0.008586717,0.01,3.2007694244384766e-05,3.185868263244629e-05,8000.0,10595.0
1650166085,0.0,0.00257916,0.0,3.018975257873535e-05,3.0040740966796875e-05,2645.5,7392.0
1650166086,0.01,0.023256754,0.0,3.108382225036621e-05,3.0934810638427734e-05,22534.0,28521.0
1650166087,0.01,0.023256754,0.0,3.108382225036621e-05,3.0934810638427734e-05,22534.0,28521.0
1650166088,0.0,0.002310402,0.0,3.0249357223510746e-05,3.0100345611572266e-05,2215.0,2833.5
1650166089,0.01,0.013515664,0.0,3.018975257873535e-05,3.0040740966796875e-05,13291.0,16999.0
1650166090,0.0,0.004525728,0.01,3.018975257873535e-05,3.0040740966796875e-05,4430.0,5535.0
1650166091,0.0,0.004525728,0.01,3.018975257873535e-05,3.0040740966796875e-05,4430.0,5535.0
1650166092,0.005,0.011901245,0.005,3.0219554901123047e-05,3.007054328918457e-05,11413.0,14337.5
1650166093,0.005,0.011901245,0.005,3.0219554901123047e-05,3.007054328918457e-05,11413.0,14337.5
1650166094,0.005,0.0110849385,0.005,3.018975257873535e-05,3.0040740966796875e-05,11040.0,19710.0
1650166095,0.005,0.0110849385,0.005,3.018975257873535e-05,3.0040740966796875e-05,11040.0,19710.0
1650166096,0.005,0.006635111,0.0,3.0219554901123047e-05,3.007054328918457e-05,6645.5,8500.5
1650166097,0.0,0.009221857,0.0,3.018975257873535e-05,3.0040740966796875e-05,9246.0,11520.0
1650166098,0.0,0.009221857,0.0,3.018975257873535e-05,3.0040740966796875e-05,9246.0,11520.0
1650166099,0.0,0.0041276165,0.0,3.018975257873535e-05,3.0040740966796875e-05,4430.5,5666.0
1650166100,0.01,0.013279618,0.0,3.018975257873535e-05,3.0040740966796875e-05,13290.0,16999.0
1650166101,0.01,0.013279618,0.0,3.018975257873535e-05,3.0040740966796875e-05,13290.0,16999.0
1650166102,0.005,0.009479123,0.005,3.072619438171387e-05,3.057718276977539e-05,8765.0,11202.5
1650166103,0.0,0.005212682,0.0,3.018975257873535e-05,3.0040740966796875e-05,5292.0,6406.0
1650166104,0.0,0.005212682,0.0,3.018975257873535e-05,3.0040740966796875e-05,5292.0,6406.0
1650166105,0.005,0.0087395815,0.005,3.018975257873535e-05,3.0040740966796875e-05,8860.5,15850.0
1650166106,0.0,0.008498209,0.0,3.018975257873535e-05,3.0040740966796875e-05,9244.0,11520.0
1650166107,0.0,0.008498209,0.0,3.018975257873535e-05,3.0040740966796875e-05,9244.0,11520.0
1650166108,0.005,0.0065533045,0.0,3.0249357223510746e-05,3.0100345611572266e-05,6645.5,8499.5
1650166109,0.01,0.012614957,0.0,3.018975257873535e-05,3.0040740966796875e-05,13291.0,16735.0
1650166110,0.01,0.012614957,0.0,3.018975257873535e-05,3.0040740966796875e-05,13291.0,16735.0
1650166111,0.0,0.006642192,0.0,3.018975257873535e-05,3.0040740966796875e-05,6645.5,8433.5
1650166112,0.0,0.014125296,0.0,3.018975257873535e-05,3.0040740966796875e-05,13966.0,17545.0
1650166113,0.0,0.014125296,0.0,3.018975257873535e-05,3.0040740966796875e-05,13966.0,17545.0
1650166114,0.0,0.006543238,0.005,3.018975257873535e-05,3.0040740966796875e-05,6644.0,12978.0
1650166115,0.0,0.00496524,0.0,3.018975257873535e-05,3.0040740966796875e-05,4428.0,5665.0
1650166116,0.01,0.004630954,0.0,3.0219554901123047e-05,3.007054328918457e-05,4815.0,5857.0
1650166117,0.01,0.004630954,0.0,3.0219554901123047e-05,3.007054328918457e-05,4815.0,5857.0
1650166118,0.0,0.0044908655,0.0,3.018975257873535e-05,3.0040740966796875e-05,4430.0,5666.0
1650166119,0.01,0.013388881,0.0,3.018975257873535e-05,3.0040740966796875e-05,13223.0,16997.0
1650166120,0.01,0.013388881,0.0,3.018975257873535e-05,3.0040740966796875e-05,13223.0,16997.0
1650166121,0.0,0.00804577,0.0,3.066658973693848e-05,3.0517578125e-05,8244.0,10737.0
1650166122,0.01,0.010675027,0.01,3.018975257873535e-05,3.0040740966796875e-05,10766.0,13202.0
1650166123,0.01,0.010675027,0.01,3.018975257873535e-05,3.0040740966796875e-05,10766.0,13202.0
1650166124,0.005,0.008113168,0.005,3.260374069213867e-05,3.2454729080200195e-05,8178.0,14586.5
1650166125,0.0,0.014947879,0.0,3.018975257873535e-05,3.0040740966796875e-05,14852.0,19071.0
1650166126,0.01,0.00506622,0.0,3.018975257873535e-05,3.0040740966796875e-05,4815.0,5855.0
1650166127,0.01,0.00506622,0.0,3.018975257873535e-05,3.0040740966796875e-05,4815.0,5855.0
1650166128,0.0,0.008888651,0.005,3.0249357223510746e-05,3.0100345611572266e-05,8858.0,11333.0
1650166129,0.0,0.008888651,0.005,3.0249357223510746e-05,3.0100345611572266e-05,8858.0,11333.0
1650166130,0.015,0.010788524,0.005,3.018975257873535e-05,3.0040740966796875e-05,11095.5,14121.5
1650166131,0.01,0.004508121,0.0,3.018975257873535e-05,3.0040740966796875e-05,4431.0,5667.0
1650166132,0.01,0.004508121,0.0,3.018975257873535e-05,3.0040740966796875e-05,4431.0,5667.0
1650166133,0.005,0.008662854,0.005,3.045797348022461e-05,3.0308961868286133e-05,8702.0,11136.5
1650166134,0.005,0.008662854,0.005,3.045797348022461e-05,3.0308961868286133e-05,8702.0,11136.5
1650166135,0.005,0.0071812555,0.0,3.018975257873535e-05,3.0040740966796875e-05,7140.0,14387.5
1650166136,0.01,0.008922522,0.0,3.018975257873535e-05,3.0040740966796875e-05,9245.0,11522.0
1650166137,0.02,0.004683197,0.01,3.018975257873535e-05,3.0040740966796875e-05,4430.0,5667.0
1650166138,0.02,0.004683197,0.01,3.018975257873535e-05,3.0040740966796875e-05,4430.0,5667.0
1650166139,0.0,0.003975903,0.0,3.018975257873535e-05,3.0040740966796875e-05,4429.5,5665.0
1650166140,0.0,0.018320734,0.01,3.0219554901123047e-05,3.007054328918457e-05,17712.0,22664.0
1650166141,0.0,0.018320734,0.01,3.0219554901123047e-05,3.007054328918457e-05,17712.0,22664.0
1650166142,0.0,0.002423189,0.0,3.018975257873535e-05,3.0040740966796875e-05,2215.0,2833.5
1650166143,0.01,0.009800349,0.0,3.096461296081543e-05,3.081560134887695e-05,7637.0,9536.0
1650166144,0.01,0.009800349,0.0,3.096461296081543e-05,3.081560134887695e-05,7637.0,9536.0
1650166145,0.015,0.0089244305,0.0,3.018975257873535e-05,3.0040740966796875e-05,7655.0,13453.0
1650166146,0.0,0.020961434,0.0,3.018975257873535e-05,3.0040740966796875e-05,17722.0,22664.0
1650166147,0.0,0.011179202,0.01,3.018975257873535e-05,3.0040740966796875e-05,9246.0,11522.0
1650166148,0.0,0.011179202,0.01,3.018975257873535e-05,3.0040740966796875e-05,9246.0,11522.0
1650166149,0.005,0.0136048925,0.0,3.018975257873535e-05,3.0040740966796875e-05,11072.0,14165.5
1650166150,0.005,0.0136048925,0.0,3.018975257873535e-05,3.0040740966796875e-05,11072.0,14165.5
1650166151,0.005,0.008260986,0.0,3.018975257873535e-05,3.0040740966796875e-05,6645.0,8366.5
1650166152,0.0,0.016938398,0.01,3.018975257873535e-05,3.0040740966796875e-05,13432.0,17271.0
1650166153,0.0,0.016938398,0.01,3.018975257873535e-05,3.0040740966796875e-05,13432.0,17271.0
1650166154,0.005,0.008758766,0.005,3.0249357223510746e-05,3.0100345611572266e-05,6881.0,13441.5
1650166155,0.01,0.00966445,0.0,3.1620264053344727e-05,3.147125244140625e-05,7541.0,10358.0
1650166156,0.01,0.01734832,0.01,3.018975257873535e-05,3.0040740966796875e-05,15061.0,18165.0
1650166157,0.01,0.011351336,0.01,3.018975257873535e-05,3.0040740966796875e-05,8861.0,11202.0
1650166158,0.01,0.011351336,0.01,3.018975257873535e-05,3.0040740966796875e-05,8861.0,11202.0
1650166159,0.0,0.008287568,0.0,3.0249357223510746e-05,3.0100345611572266e-05,6645.5,8499.5
1650166160,0.0,0.017341086,0.01,3.018975257873535e-05,3.0040740966796875e-05,13286.0,16865.0
1650166161,0.02,0.011044258,0.0,3.018975257873535e-05,3.0040740966796875e-05,8859.0,11332.0
1650166162,0.0,0.005345807,0.01,3.018975257873535e-05,3.0040740966796875e-05,4428.0,5665.0
1650166163,0.0,0.005345807,0.01,3.018975257873535e-05,3.0040740966796875e-05,4428.0,5665.0
1650166164,0.0,0.00315263,0.0,3.018975257873535e-05,3.0040740966796875e-05,2285.5,8291.5
1650166165,0.01,0.016268933,0.0,3.0249357223510746e-05,3.0100345611572266e-05,12967.0,16532.0
1650166166,0.0,0.000275568,0.0,3.018975257873535e-05,3.0040740966796875e-05,385.0,190.0
1650166167,0.0,0.000275568,0.0,3.018975257873535e-05,3.0040740966796875e-05,385.0,190.0
1650166168,0.0,0.002416245,0.0,3.018975257873535e-05,3.0040740966796875e-05,1785.0,2464.0
1650166169,0.0,0.004741659,0.0,3.0219554901123047e-05,3.007054328918457e-05,3568.0,4928.0
1650166170,0.0,0.004741659,0.0,3.0219554901123047e-05,3.007054328918457e-05,3568.0,4928.0
1650166171,0.0,0.002321162,0.0,3.0249357223510746e-05,3.0100345611572266e-05,1785.0,2464.0
1650166172,0.0,0.0,0.0,3.018975257873535e-05,3.0040740966796875e-05,0.0,0.0
1650166173,0.0,0.0,0.0,3.018975257873535e-05,3.0040740966796875e-05,0.0,0.0
1650166174,0.0,0.0026051085,0.005,2.9981136322021484e-05,2.9832124710083008e-05,1850.5,3582.5
1650166175,0.0,0.0026051085,0.005,2.9981136322021484e-05,2.9832124710083008e-05,1850.5,3582.5
1650166176,0.0,0.0027877865,0.0,3.0338764190673828e-05,3.018975257873535e-05,1994.5,2805.0
1650166177,0.0,0.005712248,0.0,3.027915954589844e-05,3.013014793395996e-05,5080.0,5857.0
1650166178,0.0,0.0,0.0,3.018975257873535e-05,3.0040740966796875e-05,0.0,0.0
1650166179,0.0,0.0,0.0,3.018975257873535e-05,3.0040740966796875e-05,0.0,0.0
1650166180,0.0,0.0023267575,0.005,2.9981136322021484e-05,2.9832124710083008e-05,1938.0,2516.0
1650166181,0.0,0.005579069,0.0,3.001093864440918e-05,2.9861927032470703e-05,4113.0,5404.0
1650166182,0.0,0.005579069,0.0,3.001093864440918e-05,2.9861927032470703e-05,4113.0,5404.0
1650166183,0.005,0.000478837,0.0,2.9981136322021484e-05,2.9832124710083008e-05,430.5,369.5
1650166184,0.0,0.005607591,0.0,2.995133399963379e-05,2.9802322387695312e-05,4431.0,6963.0
1650166185,0.0,0.005607591,0.0,2.995133399963379e-05,2.9802322387695312e-05,4431.0,6963.0
1650166186,0.005,0.003726969,0.0,2.9981136322021484e-05,2.9832124710083008e-05,2785.5,3508.0
1650166187,0.0,0.005618139,0.0,3.0159950256347656e-05,3.001093864440918e-05,5212.0,5987.0
1650166188,0.0,0.005618139,0.0,3.0159950256347656e-05,3.001093864440918e-05,5212.0,5987.0
1650166189,0.0,0.0,0.0,2.995133399963379e-05,2.9802322387695312e-05,0.0,0.0
1650166190,0.0,0.006492741,0.0,2.995133399963379e-05,2.9802322387695312e-05,4563.0,5733.0
1650166191,0.0,0.006784246,0.0,3.0159950256347656e-05,3.001093864440918e-05,4843.0,6079.0
1650166192,0.0,0.0,0.0,3.0159950256347656e-05,3.001093864440918e-05,0.0,0.0
1650166193,0.0,0.0,0.0,3.0159950256347656e-05,3.001093864440918e-05,0.0,0.0
1650166194,0.0,0.0,0.0,3.0159950256347656e-05,3.001093864440918e-05,0.0,0.0
1650166195,0.0,0.0018912426666666,0.0033333333333333,3.018975257873535e-05,3.0040740966796875e-05,1477.0,2910.333333333333
1650166196,0.0,0.0018912426666666,0.0033333333333333,3.018975257873535e-05,3.0040740966796875e-05,1477.0,2910.333333333333
1650166197,0.0,0.002913999,0.0,3.0159950256347656e-05,3.001093864440918e-05,2117.0,2864.0
1650166198,0.0,0.006307547,0.0,3.001093864440918e-05,2.9861927032470703e-05,4825.0,5861.0
1650166199,0.0,0.006307547,0.0,3.001093864440918e-05,2.9861927032470703e-05,4825.0,5861.0
1650166200,0.0,0.003053928,0.0,3.0249357223510746e-05,3.0100345611572266e-05,2351.0,2936.5
1650166201,0.0,0.006672001,0.0,3.0517578125e-05,3.0368566513061523e-05,4431.0,5799.0
1650166202,0.0,0.006672001,0.0,3.0517578125e-05,3.0368566513061523e-05,4431.0,5799.0
1650166203,0.01,0.0035631085,0.0,3.039836883544922e-05,3.0249357223510746e-05,2645.5,3236.0
1650166204,0.01,0.0035631085,0.0,3.039836883544922e-05,3.0249357223510746e-05,2645.5,3236.0
1650166205,0.0,0.0001089745,0.0,3.018975257873535e-05,3.0040740966796875e-05,0.0,2518.5
1650166206,0.0,0.007615424,0.0,2.9981136322021484e-05,2.9832124710083008e-05,5497.0,6739.0
1650166207,0.0,0.007615424,0.0,2.9981136322021484e-05,2.9832124710083008e-05,5497.0,6739.0
1650166208,0.005,0.0033570865,0.005,3.081560134887695e-05,3.066658973693848e-05,2483.5,3002.5
1650166209,0.0,0.001036038,0.0,2.9981136322021484e-05,2.9832124710083008e-05,861.0,739.0
1650166210,0.0,0.001036038,0.0,2.9981136322021484e-05,2.9832124710083008e-05,861.0,739.0
1650166211,0.0,0.00251173,0.0,3.0159950256347656e-05,3.001093864440918e-05,1921.0,2567.0
1650166212,0.0,0.00251173,0.0,3.0159950256347656e-05,3.001093864440918e-05,1921.0,2567.0
1650166213,0.005,0.0023459225,0.0,2.9981136322021484e-05,2.9832124710083008e-05,1850.0,2563.0
1650166214,0.0,0.004824152,0.0,3.0159950256347656e-05,3.001093864440918e-05,3708.0,8858.0
1650166215,0.0,0.004824152,0.0,3.0159950256347656e-05,3.001093864440918e-05,3708.0,8858.0
1650166216,0.0,0.003308399,0.0,3.027915954589844e-05,3.013014793395996e-05,2355.0,3105.5
1650166217,0.01,0.001186555,0.0,3.0159950256347656e-05,3.001093864440918e-05,1246.0,929.0
1650166218,0.0,0.007118709,0.0,3.001093864440918e-05,2.9861927032470703e-05,5960.0,6808.0
1650166219,0.0,0.000942337,0.0,2.9981136322021484e-05,2.9832124710083008e-05,861.0,739.0
1650166220,0.0,0.000942337,0.0,2.9981136322021484e-05,2.9832124710083008e-05,861.0,739.0
1650166221,0.0,0.002385224,0.0,3.018975257873535e-05,3.0040740966796875e-05,1920.5,2567.0
1650166222,0.01,0.006128445,0.0,3.0219554901123047e-05,3.007054328918457e-05,4431.0,5733.0
1650166223,0.0,0.0,0.0,3.0219554901123047e-05,3.007054328918457e-05,0.0,0.0
1650166224,0.0,0.0,0.0,3.0219554901123047e-05,3.007054328918457e-05,0.0,0.0
1650166225,0.0,0.0,0.0,3.0219554901123047e-05,3.007054328918457e-05,0.0,0.0
1650166226,0.0,0.0042714146666666,0.0,3.057718276977539e-05,3.0428171157836917e-05,3266.0,5190.0
1650166227,0.0,0.0042714146666666,0.0,3.057718276977539e-05,3.0428171157836917e-05,3266.0,5190.0
1650166228,0.0,0.002230957,0.0,3.027915954589844e-05,3.013014793395996e-05,1916.5,2530.0
1650166229,0.0,0.0,0.0,3.0219554901123047e-05,3.007054328918457e-05,42.0,42.0
1650166230,0.0,0.0,0.0,3.0219554901123047e-05,3.007054328918457e-05,42.0,42.0
1650166231,0.0,0.0029157515,0.005,3.0219554901123047e-05,3.007054328918457e-05,2281.0,2865.5
1650166232,0.0,0.0029157515,0.005,3.0219554901123047e-05,3.007054328918457e-05,2281.0,2865.5
1650166233,0.0,0.0029941065,0.0,3.0219554901123047e-05,3.007054328918457e-05,2350.0,2936.5
1650166234,0.0,0.00574636,0.0,3.0219554901123047e-05,3.007054328918457e-05,4702.0,7006.0
1650166235,0.0,0.00574636,0.0,3.0219554901123047e-05,3.007054328918457e-05,4702.0,7006.0
1650166236,0.005,0.00424196,0.0,3.0338764190673828e-05,3.018975257873535e-05,2977.5,3635.0
1650166237,0.005,0.00424196,0.0,3.0338764190673828e-05,3.018975257873535e-05,2977.5,3635.0
1650166238,0.0,0.0,0.0,3.018975257873535e-05,3.0040740966796875e-05,0.0,0.0
1650166239,0.0,0.005591632,0.0,3.018975257873535e-05,3.0040740966796875e-05,4694.0,5799.0
1650166240,0.0,0.005591632,0.0,3.018975257873535e-05,3.0040740966796875e-05,4694.0,5799.0
1650166241,0.01,0.002893383,0.0,3.018975257873535e-05,3.0040740966796875e-05,2280.5,2865.5
1650166242,0.01,0.002893383,0.0,3.018975257873535e-05,3.0040740966796875e-05,2280.5,2865.5
1650166243,0.0,0.0028312095,0.005,3.018975257873535e-05,3.0040740966796875e-05,2214.5,2799.5
1650166244,0.0,0.004769726,0.0,3.0040740966796875e-05,2.98917293548584e-05,3702.0,8567.0
1650166245,0.0,0.004769726,0.0,3.0040740966796875e-05,2.98917293548584e-05,3702.0,8567.0
1650166246,0.0,0.0,0.0,3.001093864440918e-05,2.9861927032470703e-05,0.0,0.0
1650166247,0.0,0.007206066,0.0,3.0219554901123047e-05,3.007054328918457e-05,5233.0,6541.0
1650166248,0.0,0.007206066,0.0,3.0219554901123047e-05,3.007054328918457e-05,5233.0,6541.0
1650166249,0.005,0.0030168765,0.0,2.9981136322021484e-05,2.9832124710083008e-05,2412.5,2898.5
1650166250,0.0,0.006011924,0.0,3.0159950256347656e-05,3.001093864440918e-05,4562.0,5733.0
1650166251,0.0,0.006011924,0.0,3.0159950256347656e-05,3.001093864440918e-05,4562.0,5733.0
1650166252,0.0,0.0005005035,0.0,2.9981136322021484e-05,2.9832124710083008e-05,430.5,369.5
1650166253,0.0,0.005708038,0.0,3.018975257873535e-05,3.0040740966796875e-05,4570.0,5807.0
1650166254,0.0,0.005708038,0.0,3.018975257873535e-05,3.0040740966796875e-05,4570.0,5807.0
1650166255,0.005,0.0031681695,0.0,3.0219554901123047e-05,3.007054328918457e-05,2215.0,4834.0
1650166256,0.005,0.0031681695,0.0,3.0219554901123047e-05,3.007054328918457e-05,2215.0,4834.0
1650166257,0.0,0.0034908925,0.0,3.027915954589844e-05,3.013014793395996e-05,2547.5,3233.5
1650166258,0.0,0.0,0.0,3.027915954589844e-05,3.013014793395996e-05,0.0,0.0
1650166259,0.0,0.0,0.0,3.027915954589844e-05,3.013014793395996e-05,0.0,0.0
1650166260,0.0,0.002675018,0.0,3.0219554901123047e-05,3.007054328918457e-05,2347.5,2833.5
1650166261,0.0,0.002675018,0.0,3.0219554901123047e-05,3.007054328918457e-05,2347.5,2833.5
1650166262,0.005,0.0024261795,0.0,3.0219554901123047e-05,3.007054328918457e-05,1850.5,2562.0
1650166263,0.0,0.004811119,0.0,3.001093864440918e-05,2.9861927032470703e-05,3701.0,4994.0
1650166264,0.0,0.004811119,0.0,3.001093864440918e-05,2.9861927032470703e-05,3701.0,4994.0
1650166265,0.0,0.0035463145,0.0,3.018975257873535e-05,3.0040740966796875e-05,2556.5,4351.0
1650166266,0.0,0.001005559,0.0,3.018975257873535e-05,3.0040740966796875e-05,861.0,739.0
1650166267,0.0,0.001005559,0.0,3.018975257873535e-05,3.0040740966796875e-05,861.0,739.0
1650166268,0.01,0.004196589,0.0,3.018975257873535e-05,3.0040740966796875e-05,2978.0,3635.0
1650166269,0.0,0.005457278,0.0,3.018975257873535e-05,3.0040740966796875e-05,4734.0,5709.0
1650166270,0.0,0.005457278,0.0,3.018975257873535e-05,3.0040740966796875e-05,4734.0,5709.0
1650166271,0.0,0.002850703,0.0,3.0308961868286133e-05,3.0159950256347656e-05,2280.5,2865.5
1650166272,0.0,0.002850703,0.0,3.0308961868286133e-05,3.0159950256347656e-05,2280.5,2865.5
1650166273,0.0,0.0029220525,0.0,3.0219554901123047e-05,3.007054328918457e-05,2214.0,2898.5
1650166274,0.0,0.0029220525,0.0,3.0219554901123047e-05,3.007054328918457e-05,2214.0,2898.5
1650166275,0.0,0.002844461,0.0,3.123283386230469e-05,3.108382225036621e-05,2215.5,3992.5
1650166276,0.0,0.0,0.0,3.018975257873535e-05,3.0040740966796875e-05,0.0,0.0
1650166277,0.0,0.005691449,0.0,3.0308961868286133e-05,3.0159950256347656e-05,4233.0,5530.0
1650166278,0.0,0.0,0.0,3.018975257873535e-05,3.0040740966796875e-05,0.0,0.0
1650166279,0.0,0.0,0.0,3.018975257873535e-05,3.0040740966796875e-05,0.0,0.0
1650166280,0.0,0.0028027755,0.0,3.018975257873535e-05,3.0040740966796875e-05,2347.0,2833.5
1650166281,0.0,0.0028027755,0.0,3.018975257873535e-05,3.0040740966796875e-05,2347.0,2833.5
1650166282,0.0,0.002973752,0.005,3.0219554901123047e-05,3.007054328918457e-05,2281.0,2866.5
1650166283,0.0,0.002973752,0.005,3.0219554901123047e-05,3.007054328918457e-05,2281.0,2866.5
1650166284,0.0,0.0032641115,0.0,3.0219554901123047e-05,3.007054328918457e-05,2644.0,3969.5
1650166285,0.0,0.0032641115,0.0,3.0219554901123047e-05,3.007054328918457e-05,2644.0,3969.5
1650166286,0.0,0.0029894905,0.0,3.0040740966796875e-05,2.98917293548584e-05,2280.5,2865.5
1650166287,0.02,0.007395579,0.0,2.995133399963379e-05,2.9802322387695312e-05,5227.0,6467.0
1650166288,0.0,0.0,0.0,2.9802322387695312e-05,2.965331077575684e-05,0.0,0.0
1650166289,0.0,0.0,0.0,2.9802322387695312e-05,2.965331077575684e-05,0.0,0.0
1650166290,0.0,0.0027772605,0.0,2.9802322387695312e-05,2.965331077575684e-05,2347.0,2832.5
1650166291,0.01,0.005995038,0.0,2.9772520065307617e-05,2.962350845336914e-05,4834.0,5871.0
1650166292,0.0,0.0,0.0,2.9772520065307617e-05,2.962350845336914e-05,0.0,0.0
1650166293,0.0,0.0,0.0,2.9772520065307617e-05,2.962350845336914e-05,0.0,0.0
1650166294,0.0,0.0,0.0,2.9772520065307617e-05,2.962350845336914e-05,0.0,0.0
1650166295,0.0,0.001615076,0.0,2.995133399963379e-05,2.9802322387695312e-05,1236.6666666666667,2606.333333333333
1650166296,0.0,0.001615076,0.0,2.995133399963379e-05,2.9802322387695312e-05,1236.6666666666667,2606.333333333333
1650166297,0.0,0.004735069,0.0,2.9981136322021484e-05,2.9832124710083008e-05,4128.5,4438.5
1650166298,0.04,0.02844243,0.01,3.018975257873535e-05,3.0040740966796875e-05,23832.0,30084.0
1650166299,0.04,0.02844243,0.01,3.018975257873535e-05,3.0040740966796875e-05,23832.0,30084.0
1650166300,0.005,0.01385298,0.005,3.027915954589844e-05,3.013014793395996e-05,11506.5,14601.0
1650166301,0.005,0.01385298,0.005,3.027915954589844e-05,3.013014793395996e-05,11506.5,14601.0
1650166302,0.0,0.003295228,0.0,3.0219554901123047e-05,3.007054328918457e-05,2644.5,3104.0
1650166303,0.0,0.003295228,0.0,3.0219554901123047e-05,3.007054328918457e-05,2644.5,3104.0
1650166304,0.005,0.0085123465,0.005,3.0219554901123047e-05,3.007054328918457e-05,6646.0,8500.5
1650166305,0.0,0.011252272,0.0,3.0219554901123047e-05,3.007054328918457e-05,8859.0,16416.0
1650166306,0.0,0.011252272,0.0,3.0219554901123047e-05,3.007054328918457e-05,8859.0,16416.0
1650166307,0.005,0.008025923,0.0,3.0219554901123047e-05,3.007054328918457e-05,6837.0,8593.5
1650166308,0.0,0.016537677,0.0,3.0219554901123047e-05,3.007054328918457e-05,13966.0,17543.0
1650166309,0.0,0.016537677,0.0,3.0219554901123047e-05,3.007054328918457e-05,13966.0,17543.0
1650166310,0.0,0.005704409,0.0,3.0219554901123047e-05,3.007054328918457e-05,4430.0,5666.0
1650166311,0.0,0.021901283,0.01,3.0219554901123047e-05,3.007054328918457e-05,17720.0,22660.0
1650166312,0.0,0.005765436,0.0,3.0249357223510746e-05,3.0100345611572266e-05,4430.0,5667.0
1650166313,0.02,0.005578458,0.0,3.0219554901123047e-05,3.007054328918457e-05,4430.0,5533.0
1650166314,0.0,0.011363197,0.0,3.0219554901123047e-05,3.007054328918457e-05,8861.0,20092.0
1650166315,0.0,0.00541363,0.0,3.0219554901123047e-05,3.007054328918457e-05,4431.0,5667.0
1650166316,0.0,0.00541363,0.0,3.0219554901123047e-05,3.007054328918457e-05,4431.0,5667.0
1650166317,0.01,0.0113218925,0.01,3.0219554901123047e-05,3.007054328918457e-05,9381.0,11760.5
1650166318,0.01,0.0113218925,0.01,3.0219554901123047e-05,3.007054328918457e-05,9381.0,11760.5
1650166319,0.0,0.011015025,0.0,3.0249357223510746e-05,3.0100345611572266e-05,8804.5,11272.5
1650166320,0.01,0.01057474,0.0,3.0219554901123047e-05,3.007054328918457e-05,9036.0,11376.0
1650166321,0.02,0.022150238,0.0,3.0219554901123047e-05,3.007054328918457e-05,17721.0,22666.0
1650166322,0.02,0.022150238,0.0,3.0219554901123047e-05,3.007054328918457e-05,17721.0,22666.0
1650166323,0.005,0.00808708,0.0,3.0219554901123047e-05,3.007054328918457e-05,6645.0,8499.5
1650166324,0.01,0.015992955,0.0,3.0219554901123047e-05,3.007054328918457e-05,13292.0,23150.0
1650166325,0.0,0.005245956,0.0,3.0219554901123047e-05,3.007054328918457e-05,4430.0,5665.0
1650166326,0.0,0.005245956,0.0,3.0219554901123047e-05,3.007054328918457e-05,4430.0,5665.0
1650166327,0.01,0.0056604345,0.0,3.0219554901123047e-05,3.007054328918457e-05,4623.5,5762.0
1650166328,0.0,0.005122105,0.0,3.0219554901123047e-05,3.007054328918457e-05,3568.0,4928.0
1650166329,0.0,0.0,0.0,3.0219554901123047e-05,3.007054328918457e-05,0.0,0.0
1650166330,0.0,0.0,0.0,3.0219554901123047e-05,3.007054328918457e-05,0.0,0.0
1650166331,0.0,0.0,0.0,3.0219554901123047e-05,3.007054328918457e-05,0.0,0.0
1650166332,0.0,0.0034544433333333,0.0066666666666666,3.0219554901123047e-05,3.007054328918457e-05,2561.0,3465.333333333333
1650166333,0.0,0.0034544433333333,0.0066666666666666,3.0219554901123047e-05,3.007054328918457e-05,2561.0,3465.333333333333
1650166334,0.0,0.0022778205,0.0,3.0219554901123047e-05,3.007054328918457e-05,1851.0,4490.5
1650166335,0.0,0.0,0.0,3.0219554901123047e-05,3.007054328918457e-05,0.0,0.0
1650166336,0.0,0.0,0.0,3.0219554901123047e-05,3.007054328918457e-05,0.0,0.0
1650166337,0.0,0.0,0.0,3.0219554901123047e-05,3.007054328918457e-05,0.0,0.0
1650166338,0.0,0.0,0.0,3.0219554901123047e-05,3.007054328918457e-05,0.0,0.0
1650166339,0.0025,0.003106039,0.0,3.0219554901123047e-05,3.007054328918457e-05,2526.5,3065.75
1650166340,0.0,0.006840211,0.01,3.013014793395996e-05,2.9981136322021484e-05,4842.0,6277.0
1650166341,0.0,0.006840211,0.01,3.013014793395996e-05,2.9981136322021484e-05,4842.0,6277.0
1650166342,0.0,0.0026969375,0.0,3.0100345611572266e-05,2.995133399963379e-05,2052.0,2566.0
1650166343,0.0,0.0026969375,0.0,3.0100345611572266e-05,2.995133399963379e-05,2052.0,2566.0
1650166344,0.0,0.0,0.0,3.001093864440918e-05,2.9861927032470703e-05,0.0,0.0
1650166345,0.01,0.004907919,0.0,3.0040740966796875e-05,2.98917293548584e-05,3700.0,7133.0
1650166346,0.0,0.00629497,0.0,3.001093864440918e-05,2.9861927032470703e-05,4816.0,5989.0
1650166347,0.0,0.00629497,0.0,3.001093864440918e-05,2.9861927032470703e-05,4816.0,5989.0
1650166348,0.0,0.0,0.0,3.001093864440918e-05,2.9861927032470703e-05,0.0,0.0
1650166349,0.0,0.0,0.0,3.001093864440918e-05,2.9861927032470703e-05,0.0,0.0
1650166350,0.0,0.0041565175,0.0,2.9981136322021484e-05,2.9832124710083008e-05,3141.5,3605.5
1650166351,0.0,0.0041565175,0.0,2.9981136322021484e-05,2.9832124710083008e-05,3141.5,3605.5
1650166352,0.0,0.0033045685,0.0,3.001093864440918e-05,2.9861927032470703e-05,2424.5,3175.5
1650166353,0.01,0.006832359,0.0,3.0308961868286133e-05,3.0159950256347656e-05,5696.0,6612.0
1650166354,0.0,0.000431817,0.0,3.001093864440918e-05,2.9861927032470703e-05,132.0,3006.0
1650166355,0.0,0.000431817,0.0,3.001093864440918e-05,2.9861927032470703e-05,132.0,3006.0
1650166356,0.0,0.002465466,0.0,3.0219554901123047e-05,3.007054328918457e-05,1920.5,2566.0
1650166357,0.0,0.002465466,0.0,3.0219554901123047e-05,3.007054328918457e-05,1920.5,2566.0
1650166358,0.0,0.003550376,0.005,3.0219554901123047e-05,3.007054328918457e-05,2838.5,3298.0
1650166359,0.0,0.004330003,0.0,3.084540367126465e-05,3.069639205932617e-05,3612.0,5036.0
1650166360,0.0,0.004330003,0.0,3.084540367126465e-05,3.069639205932617e-05,3612.0,5036.0
1650166361,0.0,0.0,0.0,3.0249357223510746e-05,3.0100345611572266e-05,0.0,0.0
1650166362,0.01,0.005538892,0.0,3.0249357223510746e-05,3.0100345611572266e-05,3849.0,5538.0
1650166363,0.01,0.006351355,0.0,3.0249357223510746e-05,3.0100345611572266e-05,4967.0,5869.0
1650166364,0.01,0.006351355,0.0,3.0249357223510746e-05,3.0100345611572266e-05,4967.0,5869.0
1650166365,0.0,0.0002003135,0.0,3.001093864440918e-05,2.9861927032470703e-05,66.0,1317.0
1650166366,0.0,0.0002003135,0.0,3.001093864440918e-05,2.9861927032470703e-05,66.0,1317.0
1650166367,0.0,0.002405237,0.0,3.001093864440918e-05,2.9861927032470703e-05,2043.5,2625.0
1650166368,0.01,0.004928537,0.0,3.0219554901123047e-05,3.007054328918457e-05,3710.0,5134.0
1650166369,0.0,0.001831023,0.0,3.039836883544922e-05,3.0249357223510746e-05,1722.0,1478.0
1650166370,0.0,0.004775815,0.0,3.018975257873535e-05,3.0040740966796875e-05,3842.0,5200.0
1650166371,0.0,0.004775815,0.0,3.018975257873535e-05,3.0040740966796875e-05,3842.0,5200.0
1650166372,0.0,0.0027564925,0.0,3.018975257873535e-05,3.0040740966796875e-05,1925.0,2801.0
1650166373,0.0,0.0027564925,0.0,3.018975257873535e-05,3.0040740966796875e-05,1925.0,2801.0
1650166374,0.01,0.003727068,0.0,3.018975257873535e-05,3.0040740966796875e-05,2913.5,3305.0
1650166375,0.0,0.000109237,0.0,3.018975257873535e-05,3.0040740966796875e-05,0.0,1489.0
1650166376,0.0,0.005971063,0.0,3.0308961868286133e-05,3.0159950256347656e-05,4948.0,5923.0
1650166377,0.0,0.00671563,0.0,2.9981136322021484e-05,2.9832124710083008e-05,5424.0,6472.0
1650166378,0.0,0.00671563,0.0,2.9981136322021484e-05,2.9832124710083008e-05,5424.0,6472.0
1650166379,0.0,0.0,0.0,2.9981136322021484e-05,2.9832124710083008e-05,0.0,0.0
1650166380,0.0,0.0,0.0,2.9981136322021484e-05,2.9832124710083008e-05,0.0,0.0
1650166381,0.0,0.0,0.0,2.9981136322021484e-05,2.9832124710083008e-05,0.0,0.0
1650166382,0.0033333333333333,0.004093848,0.0033333333333333,3.018975257873535e-05,3.0040740966796875e-05,2897.6666666666665,3938.3333333333335
1650166383,0.0,0.0,0.0,3.018975257873535e-05,3.0040740966796875e-05,0.0,0.0
1650166384,0.0,0.0,0.0,3.018975257873535e-05,3.0040740966796875e-05,0.0,0.0
1650166385,0.0,0.0,0.0,3.018975257873535e-05,3.0040740966796875e-05,0.0,0.0
1650166386,0.0,0.0042339046666666,0.0,3.0249357223510746e-05,3.0100345611572266e-05,3304.6666666666665,5098.0
1650166387,0.0,0.001293302,0.0,3.0219554901123047e-05,3.007054328918457e-05,993.0,805.0
1650166388,0.0,0.001293302,0.0,3.0219554901123047e-05,3.007054328918457e-05,993.0,805.0
1650166389,0.005,0.0028223525,0.0,3.001093864440918e-05,2.9861927032470703e-05,2214.5,2866.5
1650166390,0.005,0.0028223525,0.0,3.001093864440918e-05,2.9861927032470703e-05,2214.5,2866.5
1650166391,0.0,0.0028035935,0.0,3.0249357223510746e-05,3.0100345611572266e-05,2306.0,2957.5
1650166392,0.01,0.005535872,0.0,3.063678741455078e-05,3.0487775802612305e-05,3848.0,5602.0
1650166393,0.01,0.005535872,0.0,3.063678741455078e-05,3.0487775802612305e-05,3848.0,5602.0
1650166394,0.0,0.000683837,0.0,3.0219554901123047e-05,3.007054328918457e-05,429.5,1385.5
1650166395,0.0,0.004549928,0.01,3.0249357223510746e-05,3.0100345611572266e-05,3834.0,5058.0
1650166396,0.0,0.005573305,0.0,3.0040740966796875e-05,2.98917293548584e-05,4491.0,5456.0
1650166397,0.0,0.005573305,0.0,3.0040740966796875e-05,2.98917293548584e-05,4491.0,5456.0
1650166398,0.005,0.0028340935,0.0,3.0159950256347656e-05,3.001093864440918e-05,2285.5,2903.5
1650166399,0.005,0.0028340935,0.0,3.0159950256347656e-05,3.001093864440918e-05,2285.5,2903.5
1650166400,0.0,0.0031649115,0.0,3.0219554901123047e-05,3.007054328918457e-05,2214.5,2866.5
1650166401,0.0,0.0031649115,0.0,3.0219554901123047e-05,3.007054328918457e-05,2214.5,2866.5
1650166402,0.0,0.002812749,0.005,3.081560134887695e-05,3.066658973693848e-05,1924.0,2769.0
1650166403,0.01,0.001751436,0.0,3.0219554901123047e-05,3.007054328918457e-05,1722.0,1478.0
1650166404,0.01,0.001751436,0.0,3.0219554901123047e-05,3.007054328918457e-05,1722.0,1478.0
1650166405,0.0,0.0023586555,0.0,3.018975257873535e-05,3.0040740966796875e-05,1917.0,3704.0
1650166406,0.0,0.005210378,0.0,3.0219554901123047e-05,3.007054328918457e-05,4358.0,5324.0
1650166407,0.0,0.0,0.0,3.0219554901123047e-05,3.007054328918457e-05,0.0,0.0
1650166408,0.0,0.0,0.0,3.0219554901123047e-05,3.007054328918457e-05,0.0,0.0
1650166409,0.0,0.0,0.0,3.0219554901123047e-05,3.007054328918457e-05,0.0,0.0
1650166410,0.0,0.0,0.0,3.0219554901123047e-05,3.007054328918457e-05,0.0,0.0
1650166411,0.0,0.00293754975,0.0,3.0219554901123047e-05,3.007054328918457e-05,2214.75,2882.0
1650166412,0.0,0.00293754975,0.0,3.0219554901123047e-05,3.007054328918457e-05,2214.75,2882.0
1650166413,0.005,0.0027115465,0.0,3.0219554901123047e-05,3.007054328918457e-05,1925.0,2670.0
1650166414,0.0,0.001404565,0.0,3.1113624572753906e-05,3.096461296081543e-05,861.0,2339.0
1650166415,0.0,0.005639712,0.01,3.0249357223510746e-05,3.0100345611572266e-05,4695.0,5733.0
1650166416,0.0,0.0,0.0,3.0249357223510746e-05,3.0100345611572266e-05,0.0,0.0
1650166417,0.0,0.0,0.0,3.0249357223510746e-05,3.0100345611572266e-05,0.0,0.0
1650166418,0.0,0.0,0.0,3.0249357223510746e-05,3.0100345611572266e-05,0.0,0.0
1650166419,0.0033333333333333,0.003974446,0.0033333333333333,3.007054328918457e-05,2.992153167724609e-05,3183.6666666666665,3899.3333333333335
1650166420,0.0033333333333333,0.003974446,0.0033333333333333,3.007054328918457e-05,2.992153167724609e-05,3183.6666666666665,3899.3333333333335
1650166421,0.005,0.0029349235,0.0,3.0219554901123047e-05,3.007054328918457e-05,2285.0,2903.5
1650166422,0.005,0.0029349235,0.0,3.0219554901123047e-05,3.007054328918457e-05,2285.0,2903.5
1650166423,0.0,0.003165722,0.0,3.0219554901123047e-05,3.007054328918457e-05,2355.5,3137.5
1650166424,0.0,0.0045797,0.0,3.0219554901123047e-05,3.007054328918457e-05,3834.0,7936.0
1650166425,0.0,0.0045797,0.0,3.0219554901123047e-05,3.007054328918457e-05,3834.0,7936.0
1650166426,0.0,0.0,0.0,3.0219554901123047e-05,3.007054328918457e-05,0.0,0.0
1650166427,0.0,0.0,0.0,3.0219554901123047e-05,3.007054328918457e-05,0.0,0.0
1650166428,0.0,0.002696566,0.005,3.0219554901123047e-05,3.007054328918457e-05,2042.5,2591.0
1650166429,0.0,0.005329755,0.0,3.0219554901123047e-05,3.007054328918457e-05,3840.0,5194.0
1650166430,0.0,0.005329755,0.0,3.0219554901123047e-05,3.007054328918457e-05,3840.0,5194.0
1650166431,0.0,0.0022880475,0.0,3.0219554901123047e-05,3.007054328918457e-05,1784.0,2495.0
1650166432,0.0,0.000991141,0.0,3.0249357223510746e-05,3.0100345611572266e-05,861.0,739.0
1650166433,0.0,0.000991141,0.0,3.0249357223510746e-05,3.0100345611572266e-05,861.0,739.0
1650166434,0.0,0.0028041445,0.0,3.0219554901123047e-05,3.007054328918457e-05,1990.5,4525.5
1650166435,0.01,0.006313036,0.0,3.11732292175293e-05,3.102421760559082e-05,5104.0,6209.0
1650166436,0.01,0.006313036,0.0,3.11732292175293e-05,3.102421760559082e-05,5104.0,6209.0
1650166437,0.0,0.002767996,0.0,2.992153167724609e-05,2.9772520065307617e-05,2401.0,2624.5
1650166438,0.0,0.002183713,0.0,2.9802322387695312e-05,2.965331077575684e-05,1722.0,1544.0
1650166439,0.0,0.005924265,0.01,2.992153167724609e-05,2.9772520065307617e-05,4430.0,5667.0
1650166440,0.0,0.005924265,0.01,2.992153167724609e-05,2.9772520065307617e-05,4430.0,5667.0
1650166441,0.005,0.0023850685,0.0,2.9981136322021484e-05,2.9832124710083008e-05,1855.0,2567.0
1650166442,0.005,0.0023850685,0.0,2.9981136322021484e-05,2.9832124710083008e-05,1855.0,2567.0
1650166443,0.005,0.0027745035,0.0,2.9861927032470703e-05,2.9712915420532227e-05,1991.0,2802.0
1650166444,0.0,0.000164669,0.0,2.9861927032470703e-05,2.9712915420532227e-05,0.0,2472.0
1650166445,0.0,0.000164669,0.0,2.9861927032470703e-05,2.9712915420532227e-05,0.0,2472.0
1650166446,0.0,0.003438545,0.0,3.027915954589844e-05,3.013014793395996e-05,2917.5,3342.0
1650166447,0.0,0.006403278,0.0,3.027915954589844e-05,3.013014793395996e-05,5219.0,6191.0
1650166448,0.0,0.006403278,0.0,3.027915954589844e-05,3.013014793395996e-05,5219.0,6191.0
1650166449,0.0,0.0025692695,0.0,3.0219554901123047e-05,3.007054328918457e-05,1805.0,2516.0
1650166450,0.0,0.0025692695,0.0,3.0219554901123047e-05,3.007054328918457e-05,1805.0,2516.0
1650166451,0.0,0.003513831,0.0,3.001093864440918e-05,2.9861927032470703e-05,2711.0,3302.0
1650166452,0.0,0.0,0.0,3.001093864440918e-05,2.9861927032470703e-05,0.0,0.0
1650166453,0.0,0.0,0.0,3.001093864440918e-05,2.9861927032470703e-05,0.0,0.0
1650166454,0.0,0.0,0.0,3.001093864440918e-05,2.9861927032470703e-05,0.0,0.0
1650166455,0.0,0.0,0.0,3.001093864440918e-05,2.9861927032470703e-05,0.0,0.0
1650166456,0.0025,0.002500634,0.0,3.0219554901123047e-05,3.007054328918457e-05,1955.75,3201.75
1650166457,0.0,0.003547342,0.0,3.018975257873535e-05,3.0040740966796875e-05,3100.0,2473.0
1650166458,0.0,0.005681906,0.0,3.0249357223510746e-05,3.0100345611572266e-05,4703.0,5873.0
1650166459,0.0,0.005681906,0.0,3.0249357223510746e-05,3.0100345611572266e-05,4703.0,5873.0
1650166460,0.0,0.006112549,0.0,3.0249357223510746e-05,3.0100345611572266e-05,5427.0,6674.0
1650166461,0.0,0.006112549,0.0,3.0249357223510746e-05,3.0100345611572266e-05,5427.0,6674.0
1650166462,0.005,0.008935342,0.01,3.0219554901123047e-05,3.007054328918457e-05,7075.0,8936.0
1650166463,0.0,0.023756733,0.0,3.027915954589844e-05,3.013014793395996e-05,18864.0,23949.0
1650166464,0.0,0.011419842,0.02,3.0219554901123047e-05,3.007054328918457e-05,9255.0,18073.0
1650166465,0.0,0.011419842,0.02,3.0219554901123047e-05,3.007054328918457e-05,9255.0,18073.0
1650166466,0.0,0.005718483,0.0,3.0219554901123047e-05,3.007054328918457e-05,4622.0,5760.0
1650166467,0.0,0.005718483,0.0,3.0219554901123047e-05,3.007054328918457e-05,4622.0,5760.0
1650166468,0.005,0.011003396,0.0,3.0219554901123047e-05,3.007054328918457e-05,8859.0,11329.0
1650166469,0.01,0.011026841,0.01,3.0219554901123047e-05,3.007054328918457e-05,8858.0,11330.0
1650166470,0.01,0.011026841,0.01,3.0219554901123047e-05,3.007054328918457e-05,8858.0,11330.0
1650166471,0.01,0.0165629175,0.005,3.0368566513061523e-05,3.0219554901123047e-05,13722.0,17202.5
1650166472,0.0,0.016117341,0.01,3.0219554901123047e-05,3.007054328918457e-05,13291.0,17065.0
1650166473,0.0,0.016117341,0.01,3.0219554901123047e-05,3.007054328918457e-05,13291.0,17065.0
1650166474,0.0,0.0054838755,0.0,3.165006637573242e-05,3.1501054763793945e-05,4139.5,9589.5
1650166475,0.01,0.014077624,0.0,3.0249357223510746e-05,3.0100345611572266e-05,10979.0,12680.0
1650166476,0.01,0.014077624,0.0,3.0249357223510746e-05,3.0100345611572266e-05,10979.0,12680.0
1650166477,0.0,0.0056949515,0.0,3.0219554901123047e-05,3.007054328918457e-05,4622.5,5762.0
1650166478,0.01,0.010147817,0.0,3.153085708618164e-05,3.1381845474243164e-05,8861.0,11332.0
1650166479,0.01,0.015743005,0.01,3.0338764190673828e-05,3.018975257873535e-05,13332.0,16975.0
1650166480,0.01,0.015743005,0.01,3.0338764190673828e-05,3.018975257873535e-05,13332.0,16975.0
1650166481,0.005,0.0105427525,0.005,3.0219554901123047e-05,3.007054328918457e-05,8860.5,11333.0
1650166482,0.005,0.0105427525,0.005,3.0219554901123047e-05,3.007054328918457e-05,8860.5,11333.0
1650166483,0.0,0.0080701,0.0,3.0219554901123047e-05,3.007054328918457e-05,6644.5,8499.5
1650166484,0.01,0.011997229,0.0,3.027915954589844e-05,3.013014793395996e-05,9139.0,17684.0
1650166485,0.0,0.017606058,0.0,3.0219554901123047e-05,3.007054328918457e-05,13686.0,16997.0
1650166486,0.0,0.010992457,0.01,3.0308961868286133e-05,3.0159950256347656e-05,9247.0,11524.0
1650166487,0.0,0.010992457,0.01,3.0308961868286133e-05,3.0159950256347656e-05,9247.0,11524.0
1650166488,0.01,0.0083809465,0.0,3.0219554901123047e-05,3.007054328918457e-05,6644.5,8499.5
1650166489,0.0,0.011769015,0.01,3.0219554901123047e-05,3.007054328918457e-05,8859.0,11334.0
1650166490,0.0,0.010995264,0.0,3.075599670410156e-05,3.0606985092163086e-05,7999.0,10595.0
1650166491,0.0,0.010995264,0.0,3.075599670410156e-05,3.0606985092163086e-05,7999.0,10595.0
1650166492,0.0,0.005601866,0.0,3.0219554901123047e-05,3.007054328918457e-05,4860.0,6036.5
1650166493,0.01,0.017495252,0.01,3.069639205932617e-05,3.0547380447387695e-05,16861.0,21729.0
1650166494,0.01,0.017495252,0.01,3.069639205932617e-05,3.0547380447387695e-05,16861.0,21729.0
1650166495,0.0,0.0030637265,0.0,3.0219554901123047e-05,3.007054328918457e-05,2786.0,10606.5
1650166496,0.01,0.010604355,0.0,3.0219554901123047e-05,3.007054328918457e-05,10562.0,12660.0
1650166497,0.01,0.010604355,0.0,3.0219554901123047e-05,3.007054328918457e-05,10562.0,12660.0
1650166498,0.0,0.0122273495,0.0,3.17692756652832e-05,3.1620264053344727e-05,12397.0,16054.5
1650166499,0.0,0.0122273495,0.0,3.17692756652832e-05,3.1620264053344727e-05,12397.0,16054.5
1650166500,0.005,0.0069006875,0.005,3.0219554901123047e-05,3.007054328918457e-05,7142.0,8870.0
1650166501,0.01,0.014445734,0.0,3.0219554901123047e-05,3.007054328918457e-05,13292.0,16999.0
1650166502,0.01,0.014445734,0.0,3.0219554901123047e-05,3.007054328918457e-05,13292.0,16999.0
1650166503,0.0,0.0049161925,0.0,3.027915954589844e-05,3.013014793395996e-05,4431.0,5666.0
1650166504,0.0,0.004523889,0.0,3.0219554901123047e-05,3.007054328918457e-05,4431.0,15684.0
1650166505,0.0,0.004523889,0.0,3.0219554901123047e-05,3.007054328918457e-05,4431.0,15684.0
1650166506,0.01,0.0115510915,0.01,3.0219554901123047e-05,3.007054328918457e-05,11412.5,14434.5
1650166507,0.0,0.009193481,0.0,3.0219554901123047e-05,3.007054328918457e-05,9245.0,11522.0
1650166508,0.01,0.008829475,0.0,3.0249357223510746e-05,3.0100345611572266e-05,8861.0,11334.0
1650166509,0.0,0.008733574,0.0,3.0308961868286133e-05,3.0159950256347656e-05,8902.0,11376.0
1650166510,0.0,0.008733574,0.0,3.0308961868286133e-05,3.0159950256347656e-05,8902.0,11376.0
1650166511,0.005,0.0046367335,0.0,3.0249357223510746e-05,3.0100345611572266e-05,4597.5,5899.0
1650166512,0.0,0.012865328,0.01,3.0219554901123047e-05,3.007054328918457e-05,12955.0,16527.0
1650166513,0.0,0.012865328,0.01,3.0219554901123047e-05,3.007054328918457e-05,12955.0,16527.0
1650166514,0.015,0.0084230495,0.0,3.1441450119018555e-05,3.129243850708008e-05,8861.0,16516.5
1650166515,0.0,0.014756406,0.01,3.0994415283203125e-05,3.084540367126465e-05,12971.0,16736.0
1650166516,0.0,0.014756406,0.01,3.0994415283203125e-05,3.084540367126465e-05,12971.0,16736.0
1650166517,0.005,0.007353714,0.0,3.120303153991699e-05,3.105401992797852e-05,7333.5,8997.0
1650166518,0.005,0.007353714,0.0,3.120303153991699e-05,3.105401992797852e-05,7333.5,8997.0
1650166519,0.005,0.0066040385,0.0,3.0219554901123047e-05,3.007054328918457e-05,6643.5,8499.5
1650166520,0.02,0.025893459,0.01,3.147125244140625e-05,3.1322240829467773e-05,25584.0,33255.0
1650166521,0.02,0.025893459,0.01,3.147125244140625e-05,3.1322240829467773e-05,25584.0,33255.0
1650166522,0.0,0.004839871,0.01,3.0249357223510746e-05,3.0100345611572266e-05,4927.5,5970.5
1650166523,0.0,0.004839871,0.01,3.0249357223510746e-05,3.0100345611572266e-05,4927.5,5970.5
1650166524,0.005,0.004591127,0.0,3.0219554901123047e-05,3.007054328918457e-05,4430.5,11569.5
1650166525,0.005,0.004591127,0.0,3.0219554901123047e-05,3.007054328918457e-05,4430.5,11569.5
1650166526,0.01,0.0053177805,0.0,3.0219554901123047e-05,3.007054328918457e-05,4569.5,5938.0
1650166527,0.01,0.014221443,0.01,3.0219554901123047e-05,3.007054328918457e-05,14070.0,17187.0
1650166528,0.01,0.009016292,0.01,3.11732292175293e-05,3.102421760559082e-05,8862.0,11334.0
1650166529,0.01,0.009016292,0.01,3.11732292175293e-05,3.102421760559082e-05,8862.0,11334.0
1650166530,0.005,0.0044053505,0.0,3.0219554901123047e-05,3.007054328918457e-05,4430.5,5667.0
1650166531,0.01,0.008785755,0.01,3.0219554901123047e-05,3.007054328918457e-05,8862.0,11334.0
1650166532,0.01,0.008785755,0.01,3.0219554901123047e-05,3.007054328918457e-05,8862.0,11334.0
1650166533,0.0,0.0086407465,0.0,3.0219554901123047e-05,3.007054328918457e-05,8861.5,11366.0
1650166534,0.0,0.0086407465,0.0,3.0219554901123047e-05,3.007054328918457e-05,8861.5,11366.0
1650166535,0.015,0.0088102385,0.005,3.0219554901123047e-05,3.007054328918457e-05,8860.0,16155.0
1650166536,0.015,0.0088102385,0.005,3.0219554901123047e-05,3.007054328918457e-05,8860.0,16155.0
1650166537,0.0,0.0074307325,0.005,3.0219554901123047e-05,3.007054328918457e-05,7175.0,8865.5
1650166538,0.01,0.007972571,0.01,3.0249357223510746e-05,3.0100345611572266e-05,8861.0,11334.0
1650166539,0.01,0.007972571,0.01,3.0249357223510746e-05,3.0100345611572266e-05,8861.0,11334.0
1650166540,0.01,0.008503471,0.005,3.027915954589844e-05,3.013014793395996e-05,8882.0,11320.0
1650166541,0.01,0.008503471,0.005,3.027915954589844e-05,3.013014793395996e-05,8882.0,11320.0
1650166542,0.005,0.0020587915,0.0,3.027915954589844e-05,3.013014793395996e-05,2214.5,2766.5
1650166543,0.03,0.013157179,0.0,3.027915954589844e-05,3.013014793395996e-05,13289.0,16935.0
1650166544,0.03,0.013157179,0.0,3.027915954589844e-05,3.013014793395996e-05,13289.0,16935.0
1650166545,0.005,0.0136065975,0.01,3.0249357223510746e-05,3.0100345611572266e-05,13563.0,19068.0
1650166546,0.005,0.0136065975,0.01,3.0249357223510746e-05,3.0100345611572266e-05,13563.0,19068.0
1650166547,0.005,0.0046438605,0.0,3.0219554901123047e-05,3.007054328918457e-05,4689.0,5762.0
1650166548,0.01,0.013042006,0.0,3.0219554901123047e-05,3.007054328918457e-05,13289.0,16999.0
1650166549,0.02,0.008842881,0.0,3.027915954589844e-05,3.013014793395996e-05,8858.0,11330.0
1650166550,0.02,0.008842881,0.0,3.027915954589844e-05,3.013014793395996e-05,8858.0,11330.0
1650166551,0.0,0.006383275,0.0,3.0219554901123047e-05,3.007054328918457e-05,6645.0,8333.5
1650166552,0.0,0.013478271,0.0,3.027915954589844e-05,3.013014793395996e-05,13289.0,16997.0
1650166553,0.0,0.013478271,0.0,3.027915954589844e-05,3.013014793395996e-05,13289.0,16997.0
1650166554,0.005,0.004359968,0.0,3.0219554901123047e-05,3.007054328918457e-05,4429.0,11372.5
1650166555,0.0,0.012613949,0.01,3.325939178466797e-05,3.311038017272949e-05,12430.0,15996.0
1650166556,0.01,0.019263511,0.01,3.0219554901123047e-05,3.007054328918457e-05,19641.0,23873.0
1650166557,0.01,0.019263511,0.01,3.0219554901123047e-05,3.007054328918457e-05,19641.0,23873.0
1650166558,0.0,0.0043166475,0.0,3.0249357223510746e-05,3.0100345611572266e-05,4430.5,5667.0
1650166559,0.0,0.007679986,0.0,3.075599670410156e-05,3.0606985092163086e-05,8001.0,10595.0
1650166560,0.0,0.009845459,0.01,3.0219554901123047e-05,3.007054328918457e-05,9721.0,12071.0
1650166561,0.0,0.009845459,0.01,3.0219554901123047e-05,3.007054328918457e-05,9721.0,12071.0
1650166562,0.01,0.0107088735,0.0,3.0219554901123047e-05,3.007054328918457e-05,8860.5,11202.0
1650166563,0.01,0.005224629,0.0,3.0219554901123047e-05,3.007054328918457e-05,4429.0,5667.0
1650166564,0.01,0.005224629,0.0,3.0219554901123047e-05,3.007054328918457e-05,4429.0,5667.0
1650166565,0.0,0.004337586,0.0,3.0219554901123047e-05,3.007054328918457e-05,4430.0,9232.0
1650166566,0.0,0.00958753,0.01,3.027915954589844e-05,3.013014793395996e-05,9787.0,12068.0
1650166567,0.0,0.00958753,0.01,3.027915954589844e-05,3.013014793395996e-05,9787.0,12068.0
1650166568,0.0,0.0048711465,0.0,3.0249357223510746e-05,3.0100345611572266e-05,4494.5,5664.0
1650166569,0.01,0.013273247,0.01,3.0249357223510746e-05,3.0100345611572266e-05,13330.0,17107.0
1650166570,0.01,0.013273247,0.01,3.0249357223510746e-05,3.0100345611572266e-05,13330.0,17107.0
1650166571,0.0,0.006958035,0.0,3.0219554901123047e-05,3.007054328918457e-05,6645.5,8499.5
1650166572,0.01,0.013529623,0.0,3.0219554901123047e-05,3.007054328918457e-05,13288.0,17001.0
1650166573,0.01,0.013529623,0.0,3.0219554901123047e-05,3.007054328918457e-05,13288.0,17001.0
1650166574,0.0,0.0069648825,0.0,3.0249357223510746e-05,3.0100345611572266e-05,6645.5,12139.5
1650166575,0.0,0.0069648825,0.0,3.0249357223510746e-05,3.0100345611572266e-05,6645.5,12139.5
1650166576,0.005,0.006453511,0.0,3.0219554901123047e-05,3.007054328918457e-05,6643.5,8499.5
1650166577,0.0,0.018211582,0.0,3.0308961868286133e-05,3.0159950256347656e-05,18778.0,23402.0
1650166578,0.0,0.018211582,0.0,3.0308961868286133e-05,3.0159950256347656e-05,18778.0,23402.0
1650166579,0.005,0.006485359,0.005,3.0219554901123047e-05,3.007054328918457e-05,6645.5,8467.5
1650166580,0.005,0.006485359,0.005,3.0219554901123047e-05,3.007054328918457e-05,6645.5,8467.5
1650166581,0.0,0.0065102355,0.0,3.0219554901123047e-05,3.007054328918457e-05,6645.5,8434.5
1650166582,0.01,0.004239884,0.01,3.0219554901123047e-05,3.007054328918457e-05,4431.0,5667.0
1650166583,0.01,0.0042184,0.0,3.0219554901123047e-05,3.007054328918457e-05,4431.0,5667.0
1650166584,0.01,0.0042184,0.0,3.0219554901123047e-05,3.007054328918457e-05,4431.0,5667.0
1650166585,0.0,0.0068380005,0.005,3.063678741455078e-05,3.0487775802612305e-05,6645.0,12889.0
1650166586,0.0,0.0068380005,0.005,3.063678741455078e-05,3.0487775802612305e-05,6645.0,12889.0
1650166587,0.01,0.008893757,0.005,3.0368566513061523e-05,3.0219554901123047e-05,9325.0,11701.0
1650166588,0.0,0.017588304,0.01,3.0219554901123047e-05,3.007054328918457e-05,17855.0,22532.0
1650166589,0.02,0.017395803,0.0,3.0368566513061523e-05,3.0219554901123047e-05,17720.0,22666.0
1650166590,0.01,0.01328424,0.0,3.0249357223510746e-05,3.0100345611572266e-05,13292.0,17001.0
1650166591,0.01,0.01328424,0.0,3.0249357223510746e-05,3.0100345611572266e-05,13292.0,17001.0
1650166592,0.005,0.0106893645,0.0,3.2275915145874023e-05,3.212690353393555e-05,11074.0,14067.5
1650166593,0.005,0.0106893645,0.0,3.2275915145874023e-05,3.212690353393555e-05,11074.0,14067.5
1650166594,0.01,0.006455339,0.005,3.027915954589844e-05,3.013014793395996e-05,6645.5,12529.5
1650166595,0.0,0.013192819,0.0,3.0219554901123047e-05,3.007054328918457e-05,13292.0,16935.0
1650166596,0.0,0.013192819,0.0,3.0219554901123047e-05,3.007054328918457e-05,13292.0,16935.0
1650166597,0.005,0.004893805,0.0,3.039836883544922e-05,3.0249357223510746e-05,4763.5,6034.0
1650166598,0.005,0.004893805,0.0,3.039836883544922e-05,3.0249357223510746e-05,4763.5,6034.0
1650166599,0.005,0.0063834265,0.0,3.069639205932617e-05,3.0547380447387695e-05,6434.5,8151.0
1650166600,0.005,0.0063834265,0.0,3.069639205932617e-05,3.0547380447387695e-05,6434.5,8151.0
1650166601,0.01,0.0067780485,0.005,3.0338764190673828e-05,3.018975257873535e-05,7075.0,8869.0
1650166602,0.0,0.008402731,0.01,3.0219554901123047e-05,3.007054328918457e-05,8860.0,11334.0
1650166603,0.0,0.004202518,0.0,3.0219554901123047e-05,3.007054328918457e-05,4428.0,5667.0
1650166604,0.0,0.004202518,0.0,3.0219554901123047e-05,3.007054328918457e-05,4428.0,5667.0
1650166605,0.005,0.006084058,0.005,3.0219554901123047e-05,3.007054328918457e-05,6645.0,11250.5
1650166606,0.01,0.01312048,0.01,3.027915954589844e-05,3.013014793395996e-05,13676.0,16989.0
1650166607,0.03,0.014249335,0.0,3.0219554901123047e-05,3.007054328918457e-05,13834.0,17545.0
1650166608,0.0,0.003984819,0.0,3.0219554901123047e-05,3.007054328918457e-05,4562.0,5667.0
1650166609,0.0,0.003984819,0.0,3.0219554901123047e-05,3.007054328918457e-05,4562.0,5667.0
1650166610,0.005,0.0112080415,0.0,3.0219554901123047e-05,3.007054328918457e-05,11074.0,14133.5
1650166611,0.005,0.0112080415,0.0,3.0219554901123047e-05,3.007054328918457e-05,11074.0,14133.5
1650166612,0.01,0.0088545285,0.01,3.0219554901123047e-05,3.007054328918457e-05,8860.0,11332.0
1650166613,0.01,0.0088545285,0.01,3.0219554901123047e-05,3.007054328918457e-05,8860.0,11332.0
1650166614,0.0,0.0044479985,0.005,3.0219554901123047e-05,3.007054328918457e-05,4431.0,10297.0
1650166615,0.01,0.010127834,0.0,3.0219554901123047e-05,3.007054328918457e-05,8861.0,11334.0
1650166616,0.01,0.016580118,0.01,3.0219554901123047e-05,3.007054328918457e-05,13677.0,17191.0
1650166617,0.01,0.016580118,0.01,3.0219554901123047e-05,3.007054328918457e-05,13677.0,17191.0
1650166618,0.005,0.008582752,0.005,3.0219554901123047e-05,3.007054328918457e-05,6915.5,8705.5
1650166619,0.01,0.009886799,0.01,3.1381845474243164e-05,3.123283386230469e-05,8067.0,10529.0
1650166620,0.01,0.009886799,0.01,3.1381845474243164e-05,3.123283386230469e-05,8067.0,10529.0
1650166621,0.005,0.0087591685,0.0,3.0219554901123047e-05,3.007054328918457e-05,7108.5,8903.0
1650166622,0.0,0.011422015,0.0,3.0219554901123047e-05,3.007054328918457e-05,8861.0,11334.0
1650166623,0.0,0.011422015,0.0,3.0219554901123047e-05,3.007054328918457e-05,8861.0,11334.0
1650166624,0.0,0.0053501225,0.0,3.0308961868286133e-05,3.0159950256347656e-05,4430.0,9309.5
1650166625,0.0,0.0053501225,0.0,3.0308961868286133e-05,3.0159950256347656e-05,4430.0,9309.5
1650166626,0.0,0.0086260025,0.005,3.0249357223510746e-05,3.0100345611572266e-05,6837.5,8592.5
1650166627,0.01,0.010737245,0.01,3.0219554901123047e-05,3.007054328918457e-05,8859.0,11334.0
1650166628,0.01,0.010737245,0.01,3.0219554901123047e-05,3.007054328918457e-05,8859.0,11334.0
1650166629,0.005,0.0093993745,0.005,3.0219554901123047e-05,3.007054328918457e-05,7004.5,8793.5
1650166630,0.0,0.006443608,0.0,3.0219554901123047e-05,3.007054328918457e-05,5085.0,6332.0
1650166631,0.02,0.016122314,0.01,3.0219554901123047e-05,3.007054328918457e-05,12636.0,16330.0
1650166632,0.01,0.010956429,0.01,3.0219554901123047e-05,3.007054328918457e-05,8859.0,11334.0
1650166633,0.01,0.010956429,0.01,3.0219554901123047e-05,3.007054328918457e-05,8859.0,11334.0
1650166634,0.0,0.0030464565,0.0,3.0219554901123047e-05,3.007054328918457e-05,2213.5,2767.5
1650166635,0.0,0.0030464565,0.0,3.0219554901123047e-05,3.007054328918457e-05,2213.5,2767.5
1650166636,0.01,0.010618398,0.005,3.0219554901123047e-05,3.007054328918457e-05,8860.5,16779.5
1650166637,0.0,0.000311806,0.0,3.0219554901123047e-05,3.007054328918457e-05,385.0,190.0
1650166638,0.0,0.005382803,0.0,3.0219554901123047e-05,3.007054328918457e-05,4429.0,5667.0
1650166639,0.0,0.005382803,0.0,3.0219554901123047e-05,3.007054328918457e-05,4429.0,5667.0
1650166640,0.005,0.0031665685,0.005,3.0249357223510746e-05,3.0100345611572266e-05,2354.5,3105.5
1650166641,0.005,0.0031665685,0.005,3.0249357223510746e-05,3.0100345611572266e-05,2354.5,3105.5
1650166642,0.0,0.0026558295,0.0,3.0219554901123047e-05,3.007054328918457e-05,2347.0,2833.5
1650166643,0.0,0.0026558295,0.0,3.0219554901123047e-05,3.007054328918457e-05,2347.0,2833.5
1650166644,0.0,0.0029037445,0.0,3.027915954589844e-05,3.013014793395996e-05,2280.0,4367.5
1650166645,0.0,0.0,0.0,3.0219554901123047e-05,3.007054328918457e-05,0.0,0.0
1650166646,0.0,0.0,0.0,3.0219554901123047e-05,3.007054328918457e-05,0.0,0.0
1650166647,0.0,0.0029751645,0.0,3.001093864440918e-05,2.9861927032470703e-05,2474.0,2960.5
1650166648,0.0,0.0029751645,0.0,3.001093864440918e-05,2.9861927032470703e-05,2474.0,2960.5
1650166649,0.005,0.002754638,0.0,3.001093864440918e-05,2.9861927032470703e-05,2215.5,2833.5
1650166650,0.01,0.006677612,0.01,3.001093864440918e-05,2.9861927032470703e-05,4711.0,6211.0
1650166651,0.01,0.006677612,0.01,3.001093864440918e-05,2.9861927032470703e-05,4711.0,6211.0
1650166652,0.0,0.002715316,0.0,3.007054328918457e-05,2.992153167724609e-05,2347.5,2833.5
1650166653,0.0,0.0,0.0,3.001093864440918e-05,2.9861927032470703e-05,0.0,0.0
1650166654,0.0,0.0,0.0,3.001093864440918e-05,2.9861927032470703e-05,0.0,0.0
1650166655,0.0,0.002614367,0.0,3.001093864440918e-05,2.9861927032470703e-05,2281.0,4173.0
1650166656,0.0,0.002614367,0.0,3.001093864440918e-05,2.9861927032470703e-05,2281.0,4173.0
1650166657,0.0,0.0032102205,0.005,3.001093864440918e-05,2.9861927032470703e-05,2544.0,3031.5
1650166658,0.0,0.0032102205,0.005,3.001093864440918e-05,2.9861927032470703e-05,2544.0,3031.5
1650166659,0.0,0.0028248685,0.0,3.0219554901123047e-05,3.007054328918457e-05,2306.0,2923.5
1650166660,0.0,0.0,0.0,3.0219554901123047e-05,3.007054328918457e-05,0.0,0.0
1650166661,0.0,0.0,0.0,3.0219554901123047e-05,3.007054328918457e-05,0.0,0.0
1650166662,0.0,0.0,0.0,3.0219554901123047e-05,3.007054328918457e-05,0.0,0.0
1650166663,0.0,0.0036874596666666,0.0,3.0219554901123047e-05,3.007054328918457e-05,3134.6666666666665,3937.3333333333335
1650166664,0.0,0.0036874596666666,0.0,3.0219554901123047e-05,3.007054328918457e-05,3134.6666666666665,3937.3333333333335
1650166665,0.005,0.0028913435,0.0,3.001093864440918e-05,2.9861927032470703e-05,2347.0,3731.0
1650166666,0.005,0.0028913435,0.0,3.001093864440918e-05,2.9861927032470703e-05,2347.0,3731.0
1650166667,0.005,0.0031113795,0.0,2.9593706130981445e-05,2.944469451904297e-05,2539.5,2993.5
1650166668,0.0,0.005648931,0.01,2.9832124710083008e-05,2.968311309814453e-05,4569.0,5873.0
1650166669,0.0,0.005648931,0.01,2.9832124710083008e-05,2.968311309814453e-05,4569.0,5873.0
1650166670,0.0,0.0,0.0,2.9772520065307617e-05,2.962350845336914e-05,0.0,0.0
1650166671,0.0,0.006365998,0.0,2.9772520065307617e-05,2.962350845336914e-05,4710.0,6145.0
1650166672,0.0,0.006365998,0.0,2.9772520065307617e-05,2.962350845336914e-05,4710.0,6145.0
1650166673,0.0,0.0027840695,0.0,2.9981136322021484e-05,2.9832124710083008e-05,2417.5,2936.5
1650166674,0.0,0.000174214,0.0,2.9981136322021484e-05,2.9832124710083008e-05,0.0,1620.0
1650166675,0.01,0.004867696,0.0,2.9981136322021484e-05,2.9832124710083008e-05,4562.0,5799.0
1650166676,0.01,0.004867696,0.0,2.9981136322021484e-05,2.9832124710083008e-05,4562.0,5799.0
1650166677,0.0,0.002849373,0.0,3.001093864440918e-05,2.9861927032470703e-05,2407.5,2926.5
1650166678,0.01,0.00568359,0.01,3.1322240829467773e-05,3.11732292175293e-05,4429.0,5667.0
1650166679,0.0,0.0,0.0,3.001093864440918e-05,2.9861927032470703e-05,0.0,66.0
1650166680,0.0,0.0,0.0,3.001093864440918e-05,2.9861927032470703e-05,0.0,66.0
1650166681,0.0,0.003399221,0.0,2.9772520065307617e-05,2.962350845336914e-05,2556.0,3241.5
1650166682,0.0,0.0,0.0,2.9772520065307617e-05,2.962350845336914e-05,0.0,0.0
1650166683,0.0,0.0,0.0,2.9772520065307617e-05,2.962350845336914e-05,0.0,0.0
1650166684,0.0,0.0,0.0,2.9772520065307617e-05,2.962350845336914e-05,0.0,0.0
1650166685,0.0,0.0,0.0,2.9772520065307617e-05,2.962350845336914e-05,0.0,0.0
1650166686,0.0,0.0028370745,0.0,2.995133399963379e-05,2.9802322387695312e-05,2349.0,3415.25
1650166687,0.0,0.006097205,0.0,3.0159950256347656e-05,3.001093864440918e-05,4956.0,5997.0
1650166688,0.0,0.006097205,0.0,3.0159950256347656e-05,3.001093864440918e-05,4956.0,5997.0
1650166689,0.0,0.0028954295,0.0,3.0219554901123047e-05,3.007054328918457e-05,2214.5,2866.5
1650166690,0.0,0.0,0.0,3.0159950256347656e-05,3.001093864440918e-05,0.0,0.0
1650166691,0.0,0.0,0.0,3.0159950256347656e-05,3.001093864440918e-05,0.0,0.0
1650166692,0.0,0.003207581,0.0,3.018975257873535e-05,3.0040740966796875e-05,2355.0,3170.5
1650166693,0.0,0.005589377,0.0,3.018975257873535e-05,3.0040740966796875e-05,4695.0,5667.0
1650166694,0.0,0.005589377,0.0,3.018975257873535e-05,3.0040740966796875e-05,4695.0,5667.0
1650166695,0.0,0.003280516,0.0,3.11434268951416e-05,3.0994415283203125e-05,2413.5,5032.0
1650166696,0.0,0.0,0.0,2.9802322387695312e-05,2.965331077575684e-05,0.0,0.0
1650166697,0.0,0.005646747,0.0,3.0040740966796875e-05,2.98917293548584e-05,4955.0,5997.0
1650166698,0.0,0.0,0.0,2.9981136322021484e-05,2.9832124710083008e-05,0.0,0.0
1650166699,0.01,0.005357241,0.0,2.9981136322021484e-05,2.9832124710083008e-05,4473.0,5577.0
1650166700,0.01,0.005357241,0.0,2.9981136322021484e-05,2.9832124710083008e-05,4473.0,5577.0
1650166701,0.0,0.003125142,0.005,3.0040740966796875e-05,2.98917293548584e-05,2491.5,3175.5
1650166702,0.0,0.0,0.0,2.9981136322021484e-05,2.9832124710083008e-05,0.0,0.0
1650166703,0.0,0.0,0.0,2.9981136322021484e-05,2.9832124710083008e-05,0.0,0.0
1650166704,0.0,0.002855006,0.0,3.0219554901123047e-05,3.007054328918457e-05,2417.0,2936.5
1650166705,0.0,0.000155168,0.0,3.0219554901123047e-05,3.007054328918457e-05,0.0,2589.0
1650166706,0.0,0.000155168,0.0,3.0219554901123047e-05,3.007054328918457e-05,0.0,2589.0
1650166707,0.0,0.003093937,0.005,3.001093864440918e-05,2.9861927032470703e-05,2539.5,2960.5
1650166708,0.0,0.00546247,0.02,3.001093864440918e-05,2.9861927032470703e-05,4431.0,5667.0
1650166709,0.0,0.005880547,0.0,3.007054328918457e-05,2.992153167724609e-05,4430.0,5731.0
1650166710,0.0,0.0,0.0,3.001093864440918e-05,2.9861927032470703e-05,0.0,0.0
1650166711,0.0,0.0,0.0,3.001093864440918e-05,2.9861927032470703e-05,0.0,0.0
1650166712,0.005,0.0034673035,0.0,2.9981136322021484e-05,2.9832124710083008e-05,2627.5,3344.5
1650166713,0.0,0.006189917,0.0,3.0040740966796875e-05,2.98917293548584e-05,4967.0,6005.0
1650166714,0.0,0.006189917,0.0,3.0040740966796875e-05,2.98917293548584e-05,4967.0,6005.0
1650166715,0.0,0.002822958,0.0,3.001093864440918e-05,2.9861927032470703e-05,2281.5,4761.0
1650166716,0.0,0.000285107,0.0,3.001093864440918e-05,2.9861927032470703e-05,385.0,190.0
1650166717,0.0,0.000285107,0.0,3.001093864440918e-05,2.9861927032470703e-05,385.0,190.0
1650166718,0.0,0.0029663195,0.0,3.018975257873535e-05,3.0040740966796875e-05,2421.0,3039.5
1650166719,0.0,0.005297644,0.0,3.018975257873535e-05,3.0040740966796875e-05,4430.0,5865.0
1650166720,0.0,0.005297644,0.0,3.018975257873535e-05,3.0040740966796875e-05,4430.0,5865.0
1650166721,0.0,0.003160401,0.0,2.9981136322021484e-05,2.9832124710083008e-05,2420.5,3203.5
1650166722,0.0,0.003160401,0.0,2.9981136322021484e-05,2.9832124710083008e-05,2420.5,3203.5
1650166723,0.0,0.0025649785,0.0,3.027915954589844e-05,3.013014793395996e-05,2417.5,3002.5
1650166724,0.0,0.0025649785,0.0,3.027915954589844e-05,3.013014793395996e-05,2417.5,3002.5
1650166725,0.0,6.9784e-05,0.0,3.0219554901123047e-05,3.007054328918457e-05,0.0,849.5
1650166726,0.02,0.005887267,0.0,3.001093864440918e-05,2.9861927032470703e-05,5013.0,5923.0
1650166727,0.02,0.005887267,0.0,3.001093864440918e-05,2.9861927032470703e-05,5013.0,5923.0
1650166728,0.005,0.002669767,0.0,3.018975257873535e-05,3.0040740966796875e-05,2285.5,2903.5
1650166729,0.0,0.004656109,0.0,3.17692756652832e-05,3.1620264053344727e-05,3570.0,5126.0
1650166730,0.0,0.00078588,0.0,3.0219554901123047e-05,3.007054328918457e-05,860.0,739.0
1650166731,0.0,0.00078588,0.0,3.0219554901123047e-05,3.007054328918457e-05,860.0,739.0
1650166732,0.0,0.003389768,0.005,2.9802322387695312e-05,2.965331077575684e-05,2487.0,3204.5
1650166733,0.0,0.0,0.0,2.9802322387695312e-05,2.965331077575684e-05,0.0,0.0
1650166734,0.0,0.0,0.0,2.9802322387695312e-05,2.965331077575684e-05,0.0,0.0
1650166735,0.0,0.0,0.0,2.9802322387695312e-05,2.965331077575684e-05,0.0,0.0
1650166736,0.0,0.0038745526666666,0.0,2.9981136322021484e-05,2.9832124710083008e-05,3223.0,4492.333333333333
1650166737,0.0,0.000281174,0.0,2.9981136322021484e-05,2.9832124710083008e-05,385.0,190.0
1650166738,0.0,0.005925105,0.0,2.9981136322021484e-05,2.9832124710083008e-05,4431.0,5733.0
1650166739,0.0,0.005925105,0.0,2.9981136322021484e-05,2.9832124710083008e-05,4431.0,5733.0
1650166740,0.0,0.0025639125,0.0,2.9981136322021484e-05,2.9832124710083008e-05,2236.5,2920.5
1650166741,0.0,0.0,0.0,2.9981136322021484e-05,2.9832124710083008e-05,0.0,0.0
1650166742,0.0,0.0,0.0,2.9981136322021484e-05,2.9832124710083008e-05,0.0,0.0
1650166743,0.0,0.0,0.0,2.9981136322021484e-05,2.9832124710083008e-05,0.0,0.0
1650166744,0.0,0.0,0.0,2.9981136322021484e-05,2.9832124710083008e-05,0.0,0.0
1650166745,0.0025,0.00324054125,0.0,3.018975257873535e-05,3.0040740966796875e-05,2419.0,3839.0
1650166746,0.0,0.006241251,0.0,2.9981136322021484e-05,2.9832124710083008e-05,4695.0,5733.0
1650166747,0.0,0.000265959,0.0,2.9981136322021484e-05,2.9832124710083008e-05,385.0,190.0
1650166748,0.0,0.00544531,0.0,2.9981136322021484e-05,2.9832124710083008e-05,4429.0,5665.0
1650166749,0.0,0.00544531,0.0,2.9981136322021484e-05,2.9832124710083008e-05,4429.0,5665.0
1650166750,0.0,0.003243724,0.0,2.9981136322021484e-05,2.9832124710083008e-05,2487.0,3071.5
1650166751,0.0,0.0,0.0,2.9981136322021484e-05,2.9832124710083008e-05,0.0,0.0
1650166752,0.0,0.0,0.0,2.9981136322021484e-05,2.9832124710083008e-05,0.0,0.0
1650166753,0.0,0.0,0.0,2.9981136322021484e-05,2.9832124710083008e-05,0.0,0.0
1650166754,0.0,0.0021684126666666,0.0,2.9772520065307617e-05,2.962350845336914e-05,1704.6666666666667,2204.333333333333
1650166755,0.0,0.005893317,0.0,3.001093864440918e-05,2.9861927032470703e-05,4888.0,7738.0
1650166756,0.0,0.005893317,0.0,3.001093864440918e-05,2.9861927032470703e-05,4888.0,7738.0
1650166757,0.0,0.003027058,0.0,3.001093864440918e-05,2.9861927032470703e-05,2473.5,2961.5
1650166758,0.01,0.005563973,0.01,3.027915954589844e-05,3.013014793395996e-05,4570.0,5937.0
1650166759,0.01,0.005563973,0.01,3.027915954589844e-05,3.013014793395996e-05,4570.0,5937.0
1650166760,0.0,0.0,0.0,3.0219554901123047e-05,3.007054328918457e-05,0.0,0.0
1650166761,0.0,0.005463767,0.0,3.0219554901123047e-05,3.007054328918457e-05,4429.0,5601.0
1650166762,0.0,0.006425642,0.0,3.0219554901123047e-05,3.007054328918457e-05,4710.0,6277.0
1650166763,0.0,0.006425642,0.0,3.0219554901123047e-05,3.007054328918457e-05,4710.0,6277.0
1650166764,0.0,0.000207102,0.0,3.007054328918457e-05,2.992153167724609e-05,66.0,1321.0
1650166765,0.0,0.005452218,0.0,3.001093864440918e-05,2.9861927032470703e-05,4695.0,5667.0
1650166766,0.0,0.005452218,0.0,3.001093864440918e-05,2.9861927032470703e-05,4695.0,5667.0
1650166767,0.0,0.002831235,0.0,3.001093864440918e-05,2.9861927032470703e-05,2473.5,2928.5
1650166768,0.0,0.002831235,0.0,3.001093864440918e-05,2.9861927032470703e-05,2473.5,2928.5
1650166769,0.01,0.0082150345,0.005,3.027915954589844e-05,3.013014793395996e-05,6716.5,8668.5
1650166770,0.0,0.017100396,0.01,3.0219554901123047e-05,3.007054328918457e-05,13293.0,17067.0
1650166771,0.0,0.017100396,0.01,3.0219554901123047e-05,3.007054328918457e-05,13293.0,17067.0
1650166772,0.0,0.0081099065,0.0,3.0219554901123047e-05,3.007054328918457e-05,6646.0,8500.5
1650166773,0.01,0.017560156,0.0,3.0219554901123047e-05,3.007054328918457e-05,13965.0,17543.0
1650166774,0.01,0.017560156,0.0,3.0219554901123047e-05,3.007054328918457e-05,13965.0,17543.0
1650166775,0.005,0.0082271485,0.005,3.0219554901123047e-05,3.007054328918457e-05,6645.0,11687.0
1650166776,0.005,0.0082271485,0.005,3.0219554901123047e-05,3.007054328918457e-05,6645.0,11687.0
1650166777,0.0,0.0052485075,0.0,3.0219554901123047e-05,3.007054328918457e-05,4622.5,5762.0
1650166778,0.02,0.010684644,0.01,3.0219554901123047e-05,3.007054328918457e-05,8861.0,11332.0
1650166779,0.02,0.010684644,0.01,3.0219554901123047e-05,3.007054328918457e-05,8861.0,11332.0
1650166780,0.005,0.005606164,0.0,3.0219554901123047e-05,3.007054328918457e-05,4451.0,5688.0
1650166781,0.01,0.02713533,0.01,3.0249357223510746e-05,3.0100345611572266e-05,22151.0,28199.0
1650166782,0.01,0.02713533,0.01,3.0249357223510746e-05,3.0100345611572266e-05,22151.0,28199.0
1650166783,0.01,0.008527794,0.0,3.0219554901123047e-05,3.007054328918457e-05,6786.0,8772.5
1650166784,0.01,0.008527794,0.0,3.0219554901123047e-05,3.007054328918457e-05,6786.0,8772.5
1650166785,0.0,0.005495351,0.0,3.0249357223510746e-05,3.0100345611572266e-05,4628.0,7692.5
1650166786,0.01,0.021705489,0.01,3.0219554901123047e-05,3.007054328918457e-05,18105.0,22852.0
1650166787,0.01,0.021705489,0.01,3.0219554901123047e-05,3.007054328918457e-05,18105.0,22852.0
1650166788,0.0,0.0054289135,0.0,3.0219554901123047e-05,3.007054328918457e-05,4429.5,5667.0
1650166789,0.01,0.022919507,0.02,3.159046173095703e-05,3.1441450119018555e-05,17721.0,22666.0
1650166790,0.0,0.011416273,0.0,3.0249357223510746e-05,3.0100345611572266e-05,8914.0,11400.0
1650166791,0.0,0.011416273,0.0,3.0249357223510746e-05,3.0100345611572266e-05,8914.0,11400.0
1650166792,0.005,0.005465776,0.0,3.0219554901123047e-05,3.007054328918457e-05,4430.5,5568.0
1650166793,0.01,0.028376903,0.01,3.0219554901123047e-05,3.007054328918457e-05,22827.0,28807.0
1650166794,0.01,0.028376903,0.01,3.0219554901123047e-05,3.007054328918457e-05,22827.0,28807.0
1650166795,0.005,0.0088503945,0.01,3.0249357223510746e-05,3.0100345611572266e-05,6972.0,14536.5
1650166796,0.005,0.0088503945,0.01,3.0249357223510746e-05,3.0100345611572266e-05,6972.0,14536.5
1650166797,0.01,0.01420597,0.005,3.0219554901123047e-05,3.007054328918457e-05,10939.5,13863.0
1650166798,0.01,0.01420597,0.005,3.0219554901123047e-05,3.007054328918457e-05,10939.5,13863.0
1650166799,0.005,0.0105481905,0.005,3.0249357223510746e-05,3.0100345611572266e-05,8861.5,11334.0
1650166800,0.0,0.0,0.0,3.0249357223510746e-05,3.0100345611572266e-05,0.0,0.0
1650166801,0.0,0.0,0.0,3.0249357223510746e-05,3.0100345611572266e-05,0.0,0.0
1650166802,0.005,0.005606584,0.0,3.159046173095703e-05,3.1441450119018555e-05,4430.0,5666.0
1650166803,0.005,0.005606584,0.0,3.159046173095703e-05,3.1441450119018555e-05,4430.0,5666.0
1650166804,0.0,0.0001373875,0.0,3.0219554901123047e-05,3.007054328918457e-05,0.0,5134.5
1650166805,0.0,0.0001373875,0.0,3.0219554901123047e-05,3.007054328918457e-05,0.0,5134.5
1650166806,0.0,0.0035436125,0.01,3.0219554901123047e-05,3.007054328918457e-05,2355.0,3037.5
1650166807,0.0,0.0035436125,0.01,3.0219554901123047e-05,3.007054328918457e-05,2355.0,3037.5
1650166808,0.0,0.002617849,0.0,3.0249357223510746e-05,3.0100345611572266e-05,2539.5,2928.5
1650166809,0.0,0.005609693,0.0,2.9802322387695312e-05,2.965331077575684e-05,4826.0,5799.0
1650166810,0.0,0.005609693,0.0,2.9802322387695312e-05,2.965331077575684e-05,4826.0,5799.0
1650166811,0.005,0.002839648,0.0,2.9981136322021484e-05,2.9832124710083008e-05,2351.0,2902.5
1650166812,0.005,0.002839648,0.0,2.9981136322021484e-05,2.9832124710083008e-05,2351.0,2902.5
1650166813,0.0,0.002748917,0.0,3.001093864440918e-05,2.9861927032470703e-05,2214.0,2898.5
1650166814,0.0,0.000158813,0.0,3.001093864440918e-05,2.9861927032470703e-05,0.0,3685.0
1650166815,0.0,0.006679699,0.0,2.9802322387695312e-05,2.965331077575684e-05,4842.0,6277.0
1650166816,0.0,0.006679699,0.0,2.9802322387695312e-05,2.965331077575684e-05,4842.0,6277.0
1650166817,0.0,0.0030366425,0.0,2.9981136322021484e-05,2.9832124710083008e-05,2610.0,2998.5
1650166818,0.0,0.0,0.0,2.9981136322021484e-05,2.9832124710083008e-05,0.0,0.0
1650166819,0.0,0.0,0.0,2.9981136322021484e-05,2.9832124710083008e-05,0.0,0.0
1650166820,0.0,0.0,0.0,2.9981136322021484e-05,2.9832124710083008e-05,0.0,0.0
1650166821,0.0,0.0,0.0,2.9981136322021484e-05,2.9832124710083008e-05,0.0,0.0
1650166822,0.0,0.00282065725,0.0,3.018975257873535e-05,3.0040740966796875e-05,2293.5,2895.0
1650166823,0.0,0.00621291,0.0,2.9981136322021484e-05,2.9832124710083008e-05,4562.0,5863.0
1650166824,0.0,0.00621291,0.0,2.9981136322021484e-05,2.9832124710083008e-05,4562.0,5863.0
1650166825,0.005,0.00312936,0.005,3.0040740966796875e-05,2.98917293548584e-05,2355.0,4968.5
1650166826,0.0,0.0,0.0,2.9981136322021484e-05,2.9832124710083008e-05,0.0,0.0
1650166827,0.0,0.0,0.0,2.9981136322021484e-05,2.9832124710083008e-05,0.0,0.0
1650166828,0.0,0.00322215,0.0,2.9772520065307617e-05,2.962350845336914e-05,2604.5,2961.5
1650166829,0.0,0.005644173,0.01,2.9772520065307617e-05,2.962350845336914e-05,4563.0,5665.0
1650166830,0.0,0.0,0.0,2.9772520065307617e-05,2.962350845336914e-05,0.0,0.0
1650166831,0.0,0.0,0.0,2.9772520065307617e-05,2.962350845336914e-05,0.0,0.0
1650166832,0.0,0.0,0.0,2.9772520065307617e-05,2.962350845336914e-05,0.0,0.0
1650166833,0.0,0.0038675706666666,0.0,2.9861927032470703e-05,2.9712915420532227e-05,3044.0,3824.6666666666665
1650166834,0.0,0.0038675706666666,0.0,2.9861927032470703e-05,2.9712915420532227e-05,3044.0,3824.6666666666665
1650166835,0.0,7.72825e-05,0.0,2.9802322387695312e-05,2.965331077575684e-05,0.0,1745.0
1650166836,0.0,0.011737273,0.0,3.0308961868286133e-05,3.0159950256347656e-05,9684.0,12222.0
1650166837,0.0,0.005859304,0.0,3.0219554901123047e-05,3.007054328918457e-05,4943.0,5857.0
1650166838,0.0,0.005859304,0.0,3.0219554901123047e-05,3.007054328918457e-05,4943.0,5857.0
1650166839,0.0,0.0,0.0,3.0219554901123047e-05,3.007054328918457e-05,0.0,0.0
1650166840,0.0,0.0,0.0,3.0219554901123047e-05,3.007054328918457e-05,0.0,0.0
1650166841,0.0,0.0,0.0,3.0219554901123047e-05,3.007054328918457e-05,0.0,0.0
1650166842,0.0,0.003855953,0.0,3.001093864440918e-05,2.9861927032470703e-05,2996.333333333333,3841.3333333333335
1650166843,0.0,0.0,0.0,3.001093864440918e-05,2.9861927032470703e-05,0.0,0.0
1650166844,0.0,0.0,0.0,3.001093864440918e-05,2.9861927032470703e-05,0.0,0.0
1650166845,0.0,0.003026465,0.0,3.007054328918457e-05,2.992153167724609e-05,2350.5,4446.0
1650166846,0.0,0.003026465,0.0,3.007054328918457e-05,2.992153167724609e-05,2350.5,4446.0
1650166847,0.005,0.003149782,0.0,3.001093864440918e-05,2.9861927032470703e-05,2546.5,3266.5
1650166848,0.005,0.003149782,0.0,3.001093864440918e-05,2.9861927032470703e-05,2546.5,3266.5
1650166849,0.005,0.002860907,0.0,3.0219554901123047e-05,3.007054328918457e-05,2417.0,2870.5
1650166850,0.01,0.011738751,0.0,3.018975257873535e-05,3.0040740966796875e-05,9263.0,11604.0
1650166851,0.0,0.005455004,0.0,3.018975257873535e-05,3.0040740966796875e-05,4431.0,5733.0
1650166852,0.0,0.005455004,0.0,3.018975257873535e-05,3.0040740966796875e-05,4431.0,5733.0
1650166853,0.0,0.0028839315,0.0,3.018975257873535e-05,3.0040740966796875e-05,2214.0,2864.5
1650166854,0.0,0.0028839315,0.0,3.018975257873535e-05,3.0040740966796875e-05,2214.0,2864.5
1650166855,0.0,7.7278e-05,0.0,3.018975257873535e-05,3.0040740966796875e-05,0.0,2011.5
1650166856,0.0,0.005954089,0.0,3.018975257873535e-05,3.0040740966796875e-05,4815.0,5857.0
1650166857,0.0,0.005954089,0.0,3.018975257873535e-05,3.0040740966796875e-05,4815.0,5857.0
1650166858,0.0,0.003302025,0.0,2.9981136322021484e-05,2.9832124710083008e-05,2421.0,3138.5
1650166859,0.0,0.0,0.0,2.9981136322021484e-05,2.9832124710083008e-05,0.0,0.0
1650166860,0.0,0.0,0.0,2.9981136322021484e-05,2.9832124710083008e-05,0.0,0.0
1650166861,0.0,0.0,0.0,2.9981136322021484e-05,2.9832124710083008e-05,0.0,0.0
1650166862,0.0,0.0036058423333333,0.0033333333333333,3.0219554901123047e-05,3.007054328918457e-05,3146.333333333333,3882.0
1650166863,0.0,0.0036058423333333,0.0033333333333333,3.0219554901123047e-05,3.007054328918457e-05,3146.333333333333,3882.0
1650166864,0.005,0.0030742455,0.0,3.0219554901123047e-05,3.007054328918457e-05,2215.0,4367.0
1650166865,0.0,0.005720115,0.0,3.0219554901123047e-05,3.007054328918457e-05,4472.0,5665.0
1650166866,0.0,0.000261045,0.0,3.0219554901123047e-05,3.007054328918457e-05,385.0,190.0
1650166867,0.0,0.000261045,0.0,3.0219554901123047e-05,3.007054328918457e-05,385.0,190.0
1650166868,0.005,0.002623032,0.005,3.0219554901123047e-05,3.007054328918457e-05,2215.5,2833.5
1650166869,0.0,0.0061995,0.0,3.0219554901123047e-05,3.007054328918457e-05,4710.0,6275.0
1650166870,0.0,0.0061995,0.0,3.0219554901123047e-05,3.007054328918457e-05,4710.0,6275.0
1650166871,0.0,0.004392488,0.0,3.057718276977539e-05,3.0428171157836917e-05,3720.5,4501.5
1650166872,0.0,0.004392488,0.0,3.057718276977539e-05,3.0428171157836917e-05,3720.5,4501.5
1650166873,0.0,0.0045077485,0.0,3.0219554901123047e-05,3.007054328918457e-05,3258.5,4101.0
1650166874,0.01,0.00636478,0.0,3.027915954589844e-05,3.013014793395996e-05,4430.0,9601.0
1650166875,0.01,0.00636478,0.0,3.027915954589844e-05,3.013014793395996e-05,4430.0,9601.0
1650166876,0.0,0.002807921,0.005,3.0219554901123047e-05,3.007054328918457e-05,2215.0,2899.5
1650166877,0.0,0.000293103,0.0,3.0219554901123047e-05,3.007054328918457e-05,385.0,190.0
1650166878,0.0,0.000293103,0.0,3.0219554901123047e-05,3.007054328918457e-05,385.0,190.0
1650166879,0.005,0.0080579415,0.0,3.0219554901123047e-05,3.007054328918457e-05,6644.5,8532.5
1650166880,0.0,0.00686947,0.0,3.0308961868286133e-05,3.0159950256347656e-05,4980.0,6415.0
1650166881,0.0,0.00686947,0.0,3.0308961868286133e-05,3.0159950256347656e-05,4980.0,6415.0
1650166882,0.0,0.0028764925,0.0,3.0219554901123047e-05,3.007054328918457e-05,2346.5,2831.5
1650166883,0.0,0.0028764925,0.0,3.0219554901123047e-05,3.007054328918457e-05,2346.5,2831.5
1650166884,0.0,0.002840277,0.0,3.0219554901123047e-05,3.007054328918457e-05,2281.0,2833.5
1650166885,0.0,0.006092109,0.01,3.0219554901123047e-05,3.007054328918457e-05,4428.0,11469.0
1650166886,0.0,0.006092109,0.01,3.0219554901123047e-05,3.007054328918457e-05,4428.0,11469.0
1650166887,0.0,0.000135644,0.0,3.0219554901123047e-05,3.007054328918457e-05,192.5,95.0
1650166888,0.0,0.005610274,0.0,3.0219554901123047e-05,3.007054328918457e-05,4430.0,5667.0
1650166889,0.0,0.005610274,0.0,3.0219554901123047e-05,3.007054328918457e-05,4430.0,5667.0
1650166890,0.0,0.002714148,0.0,3.0249357223510746e-05,3.0100345611572266e-05,2215.0,2833.5
1650166891,0.01,0.007673524,0.0,3.0100345611572266e-05,2.995133399963379e-05,5168.0,6547.0
1650166892,0.0,0.0,0.0,3.001093864440918e-05,2.9861927032470703e-05,0.0,0.0
1650166893,0.0,0.0,0.0,3.001093864440918e-05,2.9861927032470703e-05,0.0,0.0
1650166894,0.005,0.002851073,0.005,3.018975257873535e-05,3.0040740966796875e-05,2417.0,4607.5
1650166895,0.005,0.002851073,0.005,3.018975257873535e-05,3.0040740966796875e-05,2417.0,4607.5
1650166896,0.0,0.0027872405,0.0,3.018975257873535e-05,3.0040740966796875e-05,2281.0,2866.5
1650166897,0.0,0.000231048,0.0,3.018975257873535e-05,3.0040740966796875e-05,385.0,190.0
1650166898,0.0,0.005339196,0.0,3.018975257873535e-05,3.0040740966796875e-05,4431.0,5601.0
1650166899,0.0,0.005339196,0.0,3.018975257873535e-05,3.0040740966796875e-05,4431.0,5601.0
1650166900,0.0,0.0028136855,0.0,3.0219554901123047e-05,3.007054328918457e-05,2236.0,2887.5
1650166901,0.0,0.006748089,0.0,3.0219554901123047e-05,3.007054328918457e-05,4710.0,6275.0
1650166902,0.0,0.006748089,0.0,3.0219554901123047e-05,3.007054328918457e-05,4710.0,6275.0
1650166903,0.0,0.0,0.0,3.0219554901123047e-05,3.007054328918457e-05,0.0,0.0
1650166904,0.0,0.0,0.0,3.0219554901123047e-05,3.007054328918457e-05,0.0,0.0
1650166905,0.0,0.0,0.0,3.0219554901123047e-05,3.007054328918457e-05,0.0,0.0
1650166906,0.0033333333333333,0.0037058336666666,0.0,3.0219554901123047e-05,3.007054328918457e-05,3085.333333333333,4638.666666666667
1650166907,0.0,0.005920693,0.0,3.027915954589844e-05,3.013014793395996e-05,4815.0,5923.0
1650166908,0.0,0.005920693,0.0,3.027915954589844e-05,3.013014793395996e-05,4815.0,5923.0
1650166909,0.005,0.0027700225,0.005,3.0219554901123047e-05,3.007054328918457e-05,2215.0,2833.5
1650166910,0.0,0.005702926,0.0,3.0219554901123047e-05,3.007054328918457e-05,4428.0,5663.0
1650166911,0.0,0.005702926,0.0,3.0219554901123047e-05,3.007054328918457e-05,4428.0,5663.0
1650166912,0.0,0.0030360125,0.0,3.0219554901123047e-05,3.007054328918457e-05,2355.0,3104.5
1650166913,0.0,0.0030360125,0.0,3.0219554901123047e-05,3.007054328918457e-05,2355.0,3104.5
1650166914,0.005,0.002980677,0.005,3.0040740966796875e-05,2.98917293548584e-05,2413.0,4341.5
1650166915,0.005,0.002980677,0.005,3.0040740966796875e-05,2.98917293548584e-05,2413.0,4341.5
1650166916,0.0,0.0,0.0,3.0040740966796875e-05,2.98917293548584e-05,0.0,0.0
1650166917,0.0,0.0,0.0,3.0040740966796875e-05,2.98917293548584e-05,0.0,0.0
1650166918,0.0,0.0056803065,0.0,3.0219554901123047e-05,3.007054328918457e-05,4758.0,5931.0
1650166919,0.0,0.0056803065,0.0,3.0219554901123047e-05,3.007054328918457e-05,4758.0,5931.0
1650166920,0.0,0.0,0.0,3.0219554901123047e-05,3.007054328918457e-05,0.0,0.0
1650166921,0.0,0.0,0.0,3.0219554901123047e-05,3.007054328918457e-05,0.0,0.0
1650166922,0.0,0.0,0.0,3.0219554901123047e-05,3.007054328918457e-05,0.0,0.0
1650166923,0.0,0.004122156,0.0,2.9981136322021484e-05,2.9832124710083008e-05,3088.0,3890.6666666666665
1650166924,0.0,0.004122156,0.0,2.9981136322021484e-05,2.9832124710083008e-05,3088.0,3890.6666666666665
1650166925,0.0,0.003102501,0.0,2.9981136322021484e-05,2.9832124710083008e-05,2355.5,4860.0
1650166926,0.0,0.003102501,0.0,2.9981136322021484e-05,2.9832124710083008e-05,2355.5,4860.0
1650166927,0.0,0.0030817205,0.0,2.9981136322021484e-05,2.9832124710083008e-05,2539.5,2928.5
1650166928,0.0,0.00545163,0.0,3.018975257873535e-05,3.0040740966796875e-05,4702.0,5873.0
1650166929,0.0,0.00545163,0.0,3.018975257873535e-05,3.0040740966796875e-05,4702.0,5873.0
1650166930,0.0,0.0025235795,0.0,3.018975257873535e-05,3.0040740966796875e-05,2215.0,2865.5
1650166931,0.01,0.010707427,0.01,3.0219554901123047e-05,3.007054328918457e-05,8862.0,11400.0
1650166932,0.01,0.010628398,0.01,3.0219554901123047e-05,3.007054328918457e-05,8859.0,11466.0
1650166933,0.01,0.010628398,0.01,3.0219554901123047e-05,3.007054328918457e-05,8859.0,11466.0
1650166934,0.01,0.0115013095,0.005,3.0219554901123047e-05,3.007054328918457e-05,9133.5,13225.5
1650166935,0.01,0.0115013095,0.005,3.0219554901123047e-05,3.007054328918457e-05,9133.5,13225.5
1650166936,0.005,0.0087373525,0.005,3.0219554901123047e-05,3.007054328918457e-05,6903.0,8528.5
1650166937,0.0,0.010943735,0.0,3.0219554901123047e-05,3.007054328918457e-05,8861.0,11332.0
1650166938,0.0,0.010943735,0.0,3.0219554901123047e-05,3.007054328918457e-05,8861.0,11332.0
1650166939,0.005,0.013895166,0.0,3.0308961868286133e-05,3.0159950256347656e-05,11097.0,14187.5
1650166940,0.01,0.026391815,0.0,3.0219554901123047e-05,3.007054328918457e-05,22152.0,28329.0
1650166941,0.01,0.026391815,0.0,3.0219554901123047e-05,3.007054328918457e-05,22152.0,28329.0
1650166942,0.005,0.0053592645,0.0,3.0219554901123047e-05,3.007054328918457e-05,4430.0,5666.0
1650166943,0.01,0.011141254,0.01,3.0219554901123047e-05,3.007054328918457e-05,8793.0,11326.0
1650166944,0.01,0.010883058,0.0,3.063678741455078e-05,3.0487775802612305e-05,8620.0,23112.0
1650166945,0.01,0.010883058,0.0,3.063678741455078e-05,3.0487775802612305e-05,8620.0,23112.0
1650166946,0.0,0.0060709455,0.005,3.0249357223510746e-05,3.0100345611572266e-05,5081.0,6093.5
1650166947,0.0,0.0060709455,0.005,3.0249357223510746e-05,3.0100345611572266e-05,5081.0,6093.5
1650166948,0.005,0.0082376565,0.0,3.0219554901123047e-05,3.007054328918457e-05,6645.5,8499.5
1650166949,0.0,0.011286752,0.0,3.0219554901123047e-05,3.007054328918457e-05,8861.0,11330.0
1650166950,0.0,0.011286752,0.0,3.0219554901123047e-05,3.007054328918457e-05,8861.0,11330.0
1650166951,0.005,0.0086491415,0.005,3.0249357223510746e-05,3.0100345611572266e-05,6644.5,8498.5
1650166952,0.02,0.016797631,0.01,3.0219554901123047e-05,3.007054328918457e-05,13287.0,16935.0
1650166953,0.0,0.005195635,0.0,3.0219554901123047e-05,3.007054328918457e-05,4430.0,5667.0
1650166954,0.0,0.005195635,0.0,3.0219554901123047e-05,3.007054328918457e-05,4430.0,5667.0
1650166955,0.0,0.0117688285,0.005,3.0219554901123047e-05,3.007054328918457e-05,9033.0,16434.0
1650166956,0.0,0.0117688285,0.005,3.0219554901123047e-05,3.007054328918457e-05,9033.0,16434.0
1650166957,0.005,0.005343901,0.0,3.0219554901123047e-05,3.007054328918457e-05,4988.0,5892.5
1650166958,0.005,0.005343901,0.0,3.0219554901123047e-05,3.007054328918457e-05,4988.0,5892.5
1650166959,0.005,0.0080992685,0.0,3.0219554901123047e-05,3.007054328918457e-05,6477.5,8368.0
1650166960,0.01,0.010953652,0.0,3.0219554901123047e-05,3.007054328918457e-05,8859.0,11334.0
1650166961,0.01,0.010697732,0.0,3.0219554901123047e-05,3.007054328918457e-05,8858.0,11332.0
1650166962,0.01,0.010697732,0.0,3.0219554901123047e-05,3.007054328918457e-05,8858.0,11332.0
1650166963,0.0,0.0080218275,0.0,3.0219554901123047e-05,3.007054328918457e-05,6645.5,8467.5
1650166964,0.0,0.0080218275,0.0,3.0219554901123047e-05,3.007054328918457e-05,6645.5,8467.5
1650166965,0.0,0.004912182,0.0,3.0219554901123047e-05,3.007054328918457e-05,4430.5,8674.5
1650166966,0.0,0.004912182,0.0,3.0219554901123047e-05,3.007054328918457e-05,4430.5,8674.5
1650166967,0.01,0.0095447665,0.0,3.0219554901123047e-05,3.007054328918457e-05,9390.5,11600.0
1650166968,0.01,0.008407505,0.0,3.0219554901123047e-05,3.007054328918457e-05,8859.0,11332.0
1650166969,0.01,0.009202056,0.01,3.0249357223510746e-05,3.0100345611572266e-05,9778.0,11863.0
1650166970,0.01,0.009202056,0.01,3.0249357223510746e-05,3.0100345611572266e-05,9778.0,11863.0
1650166971,0.005,0.0066022455,0.005,3.0219554901123047e-05,3.007054328918457e-05,6186.0,8167.0
1650166972,0.01,0.016370694,0.01,3.0219554901123047e-05,3.007054328918457e-05,17719.0,22664.0
1650166973,0.01,0.016370694,0.01,3.0219554901123047e-05,3.007054328918457e-05,17719.0,22664.0
1650166974,0.005,0.0069265185,0.005,3.0219554901123047e-05,3.007054328918457e-05,6645.5,13665.5
1650166975,0.005,0.0069265185,0.005,3.0219554901123047e-05,3.007054328918457e-05,6645.5,13665.5
1650166976,0.0,0.0043546815,0.0,3.0219554901123047e-05,3.007054328918457e-05,4429.0,5665.0
1650166977,0.02,0.019084858,0.01,3.0219554901123047e-05,3.007054328918457e-05,18782.0,23264.0
1650166978,0.02,0.019084858,0.01,3.0219554901123047e-05,3.007054328918457e-05,18782.0,23264.0
1650166979,0.005,0.006672887,0.005,3.0249357223510746e-05,3.0100345611572266e-05,6645.0,8497.5
1650166980,0.02,0.018380346,0.0,3.0308961868286133e-05,3.0159950256347656e-05,17716.0,22668.0
1650166981,0.02,0.018380346,0.0,3.0308961868286133e-05,3.0159950256347656e-05,17716.0,22668.0
1650166982,0.005,0.0186447855,0.005,3.0219554901123047e-05,3.007054328918457e-05,4430.0,5665.0
1650166983,0.005,0.0186447855,0.005,3.0219554901123047e-05,3.007054328918457e-05,4430.0,5665.0
1650166984,0.0,0.0047210015,0.0,3.027915954589844e-05,3.013014793395996e-05,4430.0,10361.0
1650166985,0.0,0.009734716,0.0,3.0219554901123047e-05,3.007054328918457e-05,8860.0,11134.0
1650166986,0.01,0.00863944,0.0,3.0249357223510746e-05,3.0100345611572266e-05,8861.0,11334.0
1650166987,0.01,0.010606938,0.01,3.0219554901123047e-05,3.007054328918457e-05,9787.0,12064.0
1650166988,0.01,0.010606938,0.01,3.0219554901123047e-05,3.007054328918457e-05,9787.0,12064.0
1650166989,0.0,0.0045210905,0.0,3.0219554901123047e-05,3.007054328918457e-05,4518.0,5688.0
1650166990,0.02,0.013759979,0.01,3.0338764190673828e-05,3.018975257873535e-05,13290.0,16995.0
1650166991,0.02,0.013759979,0.01,3.0338764190673828e-05,3.018975257873535e-05,13290.0,16995.0
1650166992,0.0,0.004412007,0.0,3.0219554901123047e-05,3.007054328918457e-05,4430.0,5700.0
1650166993,0.0,0.004412007,0.0,3.0219554901123047e-05,3.007054328918457e-05,4430.0,5700.0
1650166994,0.005,0.0070369595,0.0,3.0219554901123047e-05,3.007054328918457e-05,6645.5,8498.5
1650166995,0.01,0.009089722,0.0,3.0249357223510746e-05,3.0100345611572266e-05,8855.0,19420.0
1650166996,0.0,0.008809084,0.0,3.0219554901123047e-05,3.007054328918457e-05,9243.0,11524.0
1650166997,0.0,0.008809084,0.0,3.0219554901123047e-05,3.007054328918457e-05,9243.0,11524.0
1650166998,0.005,0.007595785,0.01,3.0219554901123047e-05,3.007054328918457e-05,6917.5,8770.5
1650166999,0.005,0.007595785,0.01,3.0219554901123047e-05,3.007054328918457e-05,6917.5,8770.5
1650167000,0.0,0.004603836,0.005,3.0219554901123047e-05,3.007054328918457e-05,4496.0,5667.0
1650167001,0.01,0.013230647,0.0,3.0219554901123047e-05,3.007054328918457e-05,13288.0,16993.0
1650167002,0.0,0.009748127,0.0,3.0487775802612305e-05,3.0338764190673828e-05,8858.0,11330.0
1650167003,0.0,0.00430006,0.0,3.027915954589844e-05,3.013014793395996e-05,4429.0,5667.0
1650167004,0.0,0.008994849,0.01,3.0219554901123047e-05,3.007054328918457e-05,8861.0,20009.0
1650167005,0.0,0.008994849,0.01,3.0219554901123047e-05,3.007054328918457e-05,8861.0,20009.0
1650167006,0.005,0.0066993825,0.0,3.0219554901123047e-05,3.007054328918457e-05,6838.0,8594.5
1650167007,0.005,0.0066993825,0.0,3.0219554901123047e-05,3.007054328918457e-05,6838.0,8594.5
1650167008,0.005,0.00479421,0.005,3.0249357223510746e-05,3.0100345611572266e-05,4569.5,5906.0
1650167009,0.005,0.00479421,0.005,3.0249357223510746e-05,3.0100345611572266e-05,4569.5,5906.0
1650167010,0.005,0.0065716,0.0,3.0219554901123047e-05,3.007054328918457e-05,6843.0,8499.5
1650167011,0.01,0.012996614,0.0,3.0219554901123047e-05,3.007054328918457e-05,13292.0,17001.0
1650167012,0.01,0.012996614,0.0,3.0219554901123047e-05,3.007054328918457e-05,13292.0,17001.0
1650167013,0.01,0.004434961,0.0,3.0219554901123047e-05,3.007054328918457e-05,4431.0,5568.0
1650167014,0.01,0.004434961,0.0,3.0219554901123047e-05,3.007054328918457e-05,4431.0,5568.0
1650167015,0.0,0.0067050535,0.01,3.0219554901123047e-05,3.007054328918457e-05,6646.0,12255.5
1650167016,0.0,0.01366508,0.0,3.0219554901123047e-05,3.007054328918457e-05,13293.0,17001.0
1650167017,0.0,0.01366508,0.0,3.0219554901123047e-05,3.007054328918457e-05,13293.0,17001.0
1650167018,0.0,0.0094686535,0.01,3.0338764190673828e-05,3.018975257873535e-05,9160.0,11699.0
1650167019,0.01,0.021423471,0.0,3.0249357223510746e-05,3.0100345611572266e-05,22546.0,28201.0
1650167020,0.01,0.021423471,0.0,3.0249357223510746e-05,3.0100345611572266e-05,22546.0,28201.0
1650167021,0.0,0.006391813,0.005,3.0219554901123047e-05,3.007054328918457e-05,6645.5,8500.5
1650167022,0.0,0.006391813,0.005,3.0219554901123047e-05,3.007054328918457e-05,6645.5,8500.5
1650167023,0.01,0.014024678,0.01,3.027915954589844e-05,3.013014793395996e-05,13289.5,16998.0
1650167024,0.01,0.014024678,0.01,3.027915954589844e-05,3.013014793395996e-05,13289.5,16998.0
1650167025,0.005,0.006500226,0.0,3.0249357223510746e-05,3.0100345611572266e-05,6645.5,13346.5
1650167026,0.0,0.013232102,0.0,3.0308961868286133e-05,3.0159950256347656e-05,13677.0,16991.0
1650167027,0.0,0.003976114,0.0,3.0219554901123047e-05,3.007054328918457e-05,4431.0,5667.0
1650167028,0.0,0.003976114,0.0,3.0219554901123047e-05,3.007054328918457e-05,4431.0,5667.0
1650167029,0.01,0.0069766205,0.01,3.0219554901123047e-05,3.007054328918457e-05,6917.0,8639.5
1650167030,0.01,0.0069766205,0.01,3.0219554901123047e-05,3.007054328918457e-05,6917.0,8639.5
1650167031,0.005,0.0041814135,0.0,3.0249357223510746e-05,3.0100345611572266e-05,4496.5,5667.0
1650167032,0.01,0.017220167,0.01,3.0219554901123047e-05,3.007054328918457e-05,17722.0,22732.0
1650167033,0.01,0.017220167,0.01,3.0219554901123047e-05,3.007054328918457e-05,17722.0,22732.0
1650167034,0.0,0.0067284545,0.0,3.0219554901123047e-05,3.007054328918457e-05,6645.5,11641.5
1650167035,0.0,0.004476666,0.0,3.0219554901123047e-05,3.007054328918457e-05,4430.0,5667.0
1650167036,0.02,0.004199644,0.0,3.0219554901123047e-05,3.007054328918457e-05,4431.0,5665.0
1650167037,0.02,0.004199644,0.0,3.0219554901123047e-05,3.007054328918457e-05,4431.0,5665.0
1650167038,0.005,0.0067885535,0.0,3.0219554901123047e-05,3.007054328918457e-05,6838.0,8495.5
1650167039,0.01,0.022882299,0.0,3.0249357223510746e-05,3.0100345611572266e-05,22869.0,28921.0
1650167040,0.01,0.009097779,0.0,3.0219554901123047e-05,3.007054328918457e-05,8928.0,11400.0
1650167041,0.0,0.004436488,0.0,3.0219554901123047e-05,3.007054328918457e-05,4431.0,5667.0
1650167042,0.0,0.004436488,0.0,3.0219554901123047e-05,3.007054328918457e-05,4431.0,5667.0
1650167043,0.005,0.005229965,0.0,3.0219554901123047e-05,3.007054328918457e-05,4429.5,5599.0
1650167044,0.0,0.008858353,0.0,3.0249357223510746e-05,3.0100345611572266e-05,8862.0,20969.0
1650167045,0.0,0.008768467,0.0,3.0219554901123047e-05,3.007054328918457e-05,8860.0,11334.0
1650167046,0.0,0.008768467,0.0,3.0219554901123047e-05,3.007054328918457e-05,8860.0,11334.0
1650167047,0.01,0.009188398,0.005,3.0219554901123047e-05,3.007054328918457e-05,9052.0,11428.0
1650167048,0.01,0.009188398,0.005,3.0219554901123047e-05,3.007054328918457e-05,9052.0,11428.0
1650167049,0.0,0.00967619,0.005,3.072619438171387e-05,3.057718276977539e-05,9162.0,11604.0
1650167050,0.02,0.00928072,0.01,3.0249357223510746e-05,3.0100345611572266e-05,8925.0,11332.0
1650167051,0.0,0.01326453,0.01,3.0219554901123047e-05,3.007054328918457e-05,13291.0,16999.0
1650167052,0.0,0.01326453,0.01,3.0219554901123047e-05,3.007054328918457e-05,13291.0,16999.0
1650167053,0.0,0.0042418005,0.0,3.027915954589844e-05,3.013014793395996e-05,4431.0,5667.0
1650167054,0.0,0.0042418005,0.0,3.027915954589844e-05,3.013014793395996e-05,4431.0,5667.0
1650167055,0.01,0.009147323,0.0,3.0219554901123047e-05,3.007054328918457e-05,8860.5,16616.0
1650167056,0.01,0.013807817,0.01,3.0219554901123047e-05,3.007054328918457e-05,13806.0,17319.0
1650167057,0.01,0.013807817,0.01,3.0219554901123047e-05,3.007054328918457e-05,13806.0,17319.0
1650167058,0.005,0.006252119,0.0,3.0219554901123047e-05,3.007054328918457e-05,6646.0,8499.5
1650167059,0.005,0.006252119,0.0,3.0219554901123047e-05,3.007054328918457e-05,6646.0,8499.5
1650167060,0.005,0.007113974,0.005,3.0219554901123047e-05,3.007054328918457e-05,6983.0,8671.5
1650167061,0.01,0.012841553,0.0,3.0219554901123047e-05,3.007054328918457e-05,13291.0,16933.0
1650167062,0.01,0.012841553,0.0,3.0219554901123047e-05,3.007054328918457e-05,13291.0,16933.0
1650167063,0.005,0.0041654375,0.0,3.0219554901123047e-05,3.007054328918457e-05,4431.0,5535.0
1650167064,0.0,0.008908045,0.01,3.027915954589844e-05,3.013014793395996e-05,8862.0,18382.0
1650167065,0.0,0.008908045,0.01,3.027915954589844e-05,3.013014793395996e-05,8862.0,18382.0
1650167066,0.005,0.0067502165,0.0,3.0219554901123047e-05,3.007054328918457e-05,6644.0,8499.5
1650167067,0.005,0.0067502165,0.0,3.0219554901123047e-05,3.007054328918457e-05,6644.0,8499.5
1650167068,0.005,0.0063362055,0.005,3.0219554901123047e-05,3.007054328918457e-05,6838.0,8594.5
1650167069,0.01,0.009357086,0.0,3.0219554901123047e-05,3.007054328918457e-05,9140.0,11876.0
1650167070,0.01,0.008858616,0.01,3.027915954589844e-05,3.013014793395996e-05,9254.0,11068.0
1650167071,0.01,0.008858616,0.01,3.027915954589844e-05,3.013014793395996e-05,9254.0,11068.0
1650167072,0.015,0.008571398,0.005,3.0219554901123047e-05,3.007054328918457e-05,8858.0,11234.0
1650167073,0.015,0.008571398,0.005,3.0219554901123047e-05,3.007054328918457e-05,8858.0,11234.0
1650167074,0.005,0.006681797,0.0,3.0219554901123047e-05,3.007054328918457e-05,6642.5,12092.0
1650167075,0.0,0.008432868,0.0,3.0249357223510746e-05,3.0100345611572266e-05,8859.0,11334.0
1650167076,0.0,0.009090385,0.0,3.0219554901123047e-05,3.007054328918457e-05,9244.0,11522.0
1650167077,0.0,0.009090385,0.0,3.0219554901123047e-05,3.007054328918457e-05,9244.0,11522.0
1650167078,0.0,0.0020417215,0.0,3.0219554901123047e-05,3.007054328918457e-05,2215.5,2833.5
1650167079,0.0,0.0020417215,0.0,3.0219554901123047e-05,3.007054328918457e-05,2215.5,2833.5
1650167080,0.005,0.0071287335,0.005,3.027915954589844e-05,3.013014793395996e-05,6784.0,8771.5
1650167081,0.005,0.0071287335,0.005,3.027915954589844e-05,3.013014793395996e-05,6784.0,8771.5
1650167082,0.005,0.0083138905,0.005,3.0219554901123047e-05,3.007054328918457e-05,9059.0,11235.0
1650167083,0.01,0.017385895,0.01,3.0487775802612305e-05,3.0338764190673828e-05,17717.0,22662.0
1650167084,0.01,0.017385895,0.01,3.0487775802612305e-05,3.0338764190673828e-05,17717.0,22662.0
1650167085,0.005,0.0022181005,0.0,3.0219554901123047e-05,3.007054328918457e-05,2215.0,6265.5
1650167086,0.005,0.0022181005,0.0,3.0219554901123047e-05,3.007054328918457e-05,2215.0,6265.5
1650167087,0.0,0.010001808,0.0,3.0219554901123047e-05,3.007054328918457e-05,9053.5,11429.0
1650167088,0.0,0.010001808,0.0,3.0219554901123047e-05,3.007054328918457e-05,9053.5,11429.0
1650167089,0.01,0.0081824175,0.0,3.0219554901123047e-05,3.007054328918457e-05,6645.5,8500.5
1650167090,0.02,0.017149191,0.0,3.0219554901123047e-05,3.007054328918457e-05,13872.0,17579.0
1650167091,0.02,0.017149191,0.0,3.0219554901123047e-05,3.007054328918457e-05,13872.0,17579.0
1650167092,0.0,0.0051999915,0.005,3.0219554901123047e-05,3.007054328918457e-05,4496.5,5667.0
1650167093,0.0,0.016154956,0.0,3.0219554901123047e-05,3.007054328918457e-05,13293.0,17001.0
1650167094,0.02,0.023208347,0.01,3.0219554901123047e-05,3.007054328918457e-05,17719.0,29402.0
1650167095,0.02,0.023208347,0.01,3.0219554901123047e-05,3.007054328918457e-05,17719.0,29402.0
1650167096,0.005,0.005610602,0.005,3.0219554901123047e-05,3.007054328918457e-05,4430.0,5568.0
1650167097,0.0,0.017164602,0.01,3.0219554901123047e-05,3.007054328918457e-05,13675.0,17121.0
1650167098,0.0,0.005469758,0.0,3.027915954589844e-05,3.013014793395996e-05,4431.0,5667.0
1650167099,0.0,0.005469758,0.0,3.027915954589844e-05,3.013014793395996e-05,4431.0,5667.0
1650167100,0.0,0.005413664,0.0,3.0219554901123047e-05,3.007054328918457e-05,4430.0,5665.0
1650167101,0.01,0.017185541,0.01,3.0219554901123047e-05,3.007054328918457e-05,13967.0,17477.0
1650167102,0.0,0.010528677,0.0,3.0249357223510746e-05,3.0100345611572266e-05,8860.0,11334.0
1650167103,0.0,0.010528677,0.0,3.0249357223510746e-05,3.0100345611572266e-05,8860.0,11334.0
1650167104,0.0,0.008566939,0.005,3.027915954589844e-05,3.013014793395996e-05,6645.5,13208.0
1650167105,0.0,0.008566939,0.005,3.027915954589844e-05,3.013014793395996e-05,6645.5,13208.0
1650167106,0.005,0.0054649895,0.005,3.0219554901123047e-05,3.007054328918457e-05,4430.5,5666.0
1650167107,0.005,0.0054649895,0.005,3.0219554901123047e-05,3.007054328918457e-05,4430.5,5666.0
1650167108,0.0,0.002470637,0.0,3.027915954589844e-05,3.013014793395996e-05,1977.0,2558.0
1650167109,0.0,0.001188982,0.0,3.027915954589844e-05,3.013014793395996e-05,1244.0,1199.0
1650167110,0.0,0.00440712,0.0,3.0219554901123047e-05,3.007054328918457e-05,3187.0,4468.0
1650167111,0.01,0.005409336,0.0,3.0249357223510746e-05,3.0100345611572266e-05,3850.0,5472.0
1650167112,0.01,0.005409336,0.0,3.0249357223510746e-05,3.0100345611572266e-05,3850.0,5472.0
1650167113,0.0,0.0,0.0,3.0249357223510746e-05,3.0100345611572266e-05,0.0,0.0
1650167114,0.0,0.0,0.0,3.0249357223510746e-05,3.0100345611572266e-05,0.0,0.0
1650167115,0.0,0.0029195225,0.0,3.0219554901123047e-05,3.007054328918457e-05,2347.5,4997.5
1650167116,0.0,0.005989264,0.0,3.0040740966796875e-05,2.98917293548584e-05,5078.0,5923.0
1650167117,0.0,0.005989264,0.0,3.0040740966796875e-05,2.98917293548584e-05,5078.0,5923.0
1650167118,0.0,0.0026863615,0.0,3.11434268951416e-05,3.0994415283203125e-05,2214.5,2833.5
1650167119,0.0,0.000924007,0.0,3.0100345611572266e-05,2.995133399963379e-05,860.0,739.0
1650167120,0.0,0.000924007,0.0,3.0100345611572266e-05,2.995133399963379e-05,860.0,739.0
1650167121,0.0,0.002384757,0.01,3.001093864440918e-05,2.9861927032470703e-05,1785.0,2464.0
1650167122,0.01,0.006305474,0.0,3.0040740966796875e-05,2.98917293548584e-05,4843.0,6277.0
1650167123,0.01,0.006305474,0.0,3.0040740966796875e-05,2.98917293548584e-05,4843.0,6277.0
1650167124,0.0,0.003079748,0.0,3.0219554901123047e-05,3.007054328918457e-05,2416.5,3421.5
1650167125,0.0,0.005250651,0.0,3.027915954589844e-05,3.013014793395996e-05,4563.0,5667.0
1650167126,0.0,0.005250651,0.0,3.027915954589844e-05,3.013014793395996e-05,4563.0,5667.0
1650167127,0.0,0.0005771915,0.0,3.027915954589844e-05,3.013014793395996e-05,623.0,464.5
1650167128,0.0,0.004518467,0.0,3.0219554901123047e-05,3.007054328918457e-05,3569.0,4928.0
1650167129,0.0,0.004518467,0.0,3.0219554901123047e-05,3.007054328918457e-05,3569.0,4928.0
1650167130,0.0,0.0022321305,0.0,3.027915954589844e-05,3.013014793395996e-05,1784.5,2496.0
1650167131,0.01,0.007430515,0.01,3.0368566513061523e-05,3.0219554901123047e-05,5572.0,6950.0
1650167132,0.01,0.007430515,0.01,3.0368566513061523e-05,3.0219554901123047e-05,5572.0,6950.0
1650167133,0.0,0.0001638955,0.0,3.018975257873535e-05,3.0040740966796875e-05,66.0,33.0
1650167134,0.0,0.0001638955,0.0,3.018975257873535e-05,3.0040740966796875e-05,66.0,33.0
1650167135,0.005,0.002796993,0.0,3.0040740966796875e-05,2.98917293548584e-05,2347.5,3414.5
1650167136,0.005,0.002796993,0.0,3.0040740966796875e-05,2.98917293548584e-05,2347.5,3414.5
1650167137,0.0,0.003310154,0.0,2.9981136322021484e-05,2.9832124710083008e-05,2610.0,3097.5
1650167138,0.0,0.003310154,0.0,2.9981136322021484e-05,2.9832124710083008e-05,2610.0,3097.5
1650167139,0.0,0.002891129,0.0,3.018975257873535e-05,3.0040740966796875e-05,2305.5,2924.5
1650167140,0.0,0.002891129,0.0,3.018975257873535e-05,3.0040740966796875e-05,2305.5,2924.5
1650167141,0.0,0.0033876545,0.0,3.018975257873535e-05,3.0040740966796875e-05,2781.5,3372.0
1650167142,0.0,0.0033876545,0.0,3.018975257873535e-05,3.0040740966796875e-05,2781.5,3372.0
1650167143,0.0,0.003271761,0.0,3.0249357223510746e-05,3.0100345611572266e-05,2354.5,3169.5
1650167144,0.01,0.004662867,0.01,3.027915954589844e-05,3.013014793395996e-05,3833.0,7221.0
1650167145,0.01,0.004662867,0.01,3.027915954589844e-05,3.013014793395996e-05,3833.0,7221.0
1650167146,0.0,0.0025664675,0.0,3.0219554901123047e-05,3.007054328918457e-05,2043.0,2559.0
1650167147,0.0,0.0025664675,0.0,3.0219554901123047e-05,3.007054328918457e-05,2043.0,2559.0
1650167148,0.0,0.0034471175,0.0,3.013014793395996e-05,2.9981136322021484e-05,2712.0,3236.0
1650167149,0.0,0.0034471175,0.0,3.013014793395996e-05,2.9981136322021484e-05,2712.0,3236.0
1650167150,0.0,0.0,0.0,3.0040740966796875e-05,2.98917293548584e-05,0.0,0.0
1650167151,0.0,0.006008545,0.0,3.0040740966796875e-05,2.98917293548584e-05,4430.0,5665.0
1650167152,0.0,0.006008545,0.0,3.0040740966796875e-05,2.98917293548584e-05,4430.0,5665.0
1650167153,0.0,0.0033671875,0.0,2.9981136322021484e-05,2.9832124710083008e-05,2491.0,3207.5
1650167154,0.0,0.004674807,0.0,3.0100345611572266e-05,2.995133399963379e-05,3833.0,8008.0
1650167155,0.0,0.000903239,0.0,2.9981136322021484e-05,2.9832124710083008e-05,860.0,739.0
1650167156,0.0,0.000903239,0.0,2.9981136322021484e-05,2.9832124710083008e-05,860.0,739.0
1650167157,0.005,0.003443362,0.0,2.9802322387695312e-05,2.965331077575684e-05,2970.5,3364.0
1650167158,0.0,0.004636281,0.0,3.0040740966796875e-05,2.98917293548584e-05,3709.0,5066.0
1650167159,0.0,0.004636281,0.0,3.0040740966796875e-05,2.98917293548584e-05,3709.0,5066.0
1650167160,0.005,0.00278669,0.005,3.0547380447387695e-05,3.039836883544922e-05,2285.5,2936.5
1650167161,0.0,0.0,0.0,3.0219554901123047e-05,3.007054328918457e-05,0.0,0.0
1650167162,0.0,0.0,0.0,3.0219554901123047e-05,3.007054328918457e-05,0.0,0.0
1650167163,0.0,0.0028601025,0.0,3.0219554901123047e-05,3.007054328918457e-05,1925.0,2835.0
1650167164,0.0,0.006670236,0.01,3.0487775802612305e-05,3.0338764190673828e-05,5554.0,7662.0
1650167165,0.0,0.006670236,0.01,3.0487775802612305e-05,3.0338764190673828e-05,5554.0,7662.0
1650167166,0.0,0.0,0.0,3.0219554901123047e-05,3.007054328918457e-05,0.0,0.0
1650167167,0.0,0.004664717,0.0,3.0219554901123047e-05,3.007054328918457e-05,4087.0,5184.0
1650167168,0.0,0.004664717,0.0,3.0219554901123047e-05,3.007054328918457e-05,4087.0,5184.0
1650167169,0.0,0.003466975,0.0,3.0219554901123047e-05,3.007054328918457e-05,2782.0,3338.0
1650167170,0.0,0.0,0.0,3.0219554901123047e-05,3.007054328918457e-05,0.0,0.0
1650167171,0.0,0.0,0.0,3.0219554901123047e-05,3.007054328918457e-05,0.0,0.0
1650167172,0.0,0.0,0.0,3.0219554901123047e-05,3.007054328918457e-05,0.0,0.0
1650167173,0.0,0.0041845496666666,0.0,3.0219554901123047e-05,3.007054328918457e-05,3046.333333333333,4003.3333333333335
1650167174,0.0,0.001190895,0.01,3.0219554901123047e-05,3.007054328918457e-05,861.0,2683.0
1650167175,0.0,0.005753301,0.0,3.0219554901123047e-05,3.007054328918457e-05,4695.0,5799.0
1650167176,0.0,0.005753301,0.0,3.0219554901123047e-05,3.007054328918457e-05,4695.0,5799.0
1650167177,0.0,0.002555876,0.0,3.0219554901123047e-05,3.007054328918457e-05,2042.5,2558.0
1650167178,0.0,0.002555876,0.0,3.0219554901123047e-05,3.007054328918457e-05,2042.5,2558.0
1650167179,0.005,0.0024295515,0.005,3.0219554901123047e-05,3.007054328918457e-05,1785.0,2464.0
1650167180,0.0,0.002151584,0.0,3.084540367126465e-05,3.069639205932617e-05,1854.0,1544.0
1650167181,0.0,0.004957346,0.0,3.007054328918457e-05,2.992153167724609e-05,3569.0,4928.0
1650167182,0.0,0.004957346,0.0,3.007054328918457e-05,2.992153167724609e-05,3569.0,4928.0
1650167183,0.0,0.0026026805,0.0,3.007054328918457e-05,2.992153167724609e-05,1924.5,2736.0
1650167184,0.0,0.0026026805,0.0,3.007054328918457e-05,2.992153167724609e-05,1924.5,2736.0
1650167185,0.01,0.0034734225,0.0,3.001093864440918e-05,2.9861927032470703e-05,2777.5,4450.0
1650167186,0.0,0.0,0.0,3.001093864440918e-05,2.9861927032470703e-05,0.0,0.0
1650167187,0.0,0.0,0.0,3.001093864440918e-05,2.9861927032470703e-05,0.0,0.0
1650167188,0.0,0.0,0.0,3.001093864440918e-05,2.9861927032470703e-05,0.0,0.0
1650167189,0.0,0.003811614,0.0033333333333333,3.0219554901123047e-05,3.007054328918457e-05,3186.333333333333,3946.0
1650167190,0.0,0.003811614,0.0033333333333333,3.0219554901123047e-05,3.007054328918457e-05,3186.333333333333,3946.0
1650167191,0.005,0.0032168005,0.005,3.0219554901123047e-05,3.007054328918457e-05,2214.5,2832.5
1650167192,0.005,0.0032168005,0.005,3.0219554901123047e-05,3.007054328918457e-05,2214.5,2832.5
1650167193,0.005,0.003186324,0.0,3.001093864440918e-05,2.9861927032470703e-05,2454.5,3198.5
1650167194,0.005,0.003186324,0.0,3.001093864440918e-05,2.9861927032470703e-05,2454.5,3198.5
1650167195,0.005,0.002386021,0.0,3.0040740966796875e-05,2.98917293548584e-05,1916.5,3813.0
1650167196,0.0,0.001138681,0.0,3.001093864440918e-05,2.9861927032470703e-05,861.0,739.0
1650167197,0.0,0.001138681,0.0,3.001093864440918e-05,2.9861927032470703e-05,861.0,739.0
1650167198,0.0,0.0030819845,0.0,3.001093864440918e-05,2.9861927032470703e-05,2609.0,3031.5
1650167199,0.0,0.0030819845,0.0,3.001093864440918e-05,2.9861927032470703e-05,2609.0,3031.5
1650167200,0.005,0.002922876,0.005,3.001093864440918e-05,2.9861927032470703e-05,2215.5,2833.5
1650167201,0.0,0.005986488,0.0,3.018975257873535e-05,3.0040740966796875e-05,4571.0,5807.0
1650167202,0.0,0.005986488,0.0,3.018975257873535e-05,3.0040740966796875e-05,4571.0,5807.0
1650167203,0.0,0.0001907875,0.0,3.11434268951416e-05,3.0994415283203125e-05,327.5,365.5
1650167204,0.0,0.0001907875,0.0,3.11434268951416e-05,3.0994415283203125e-05,327.5,365.5
1650167205,0.0,0.0028521925,0.0,3.0219554901123047e-05,3.007054328918457e-05,2027.5,3894.5
1650167206,0.0,0.006329209,0.0,3.0219554901123047e-05,3.007054328918457e-05,5555.0,6472.0
1650167207,0.0,0.005695071,0.0,3.018975257873535e-05,3.0040740966796875e-05,4359.0,5390.0
1650167208,0.0,0.005695071,0.0,3.018975257873535e-05,3.0040740966796875e-05,4359.0,5390.0
1650167209,0.0,0.0031413575,0.0,2.9772520065307617e-05,2.962350845336914e-05,2347.0,2930.5
1650167210,0.0,0.0031413575,0.0,2.9772520065307617e-05,2.962350845336914e-05,2347.0,2930.5
1650167211,0.0,0.0,0.0,2.9772520065307617e-05,2.962350845336914e-05,0.0,0.0
1650167212,0.0,0.0,0.0,2.9772520065307617e-05,2.962350845336914e-05,0.0,0.0
1650167213,0.0,0.0,0.0,2.9772520065307617e-05,2.962350845336914e-05,0.0,0.0
1650167214,0.0,0.0041248126666666,0.0,3.001093864440918e-05,2.9861927032470703e-05,3093.333333333333,4935.333333333333
1650167215,0.0,0.0041248126666666,0.0,3.001093864440918e-05,2.9861927032470703e-05,3093.333333333333,4935.333333333333
1650167216,0.0,0.0023781985,0.005,3.001093864440918e-05,2.9861927032470703e-05,1917.0,2497.0
1650167217,0.0,0.007207413,0.0,3.018975257873535e-05,3.0040740966796875e-05,5948.0,6736.0
1650167218,0.0,0.007207413,0.0,3.018975257873535e-05,3.0040740966796875e-05,5948.0,6736.0
1650167219,0.0,0.0,0.0,3.018975257873535e-05,3.0040740966796875e-05,0.0,0.0
1650167220,0.0,0.0,0.0,3.018975257873535e-05,3.0040740966796875e-05,0.0,0.0
1650167221,0.0,0.0,0.0,3.018975257873535e-05,3.0040740966796875e-05,0.0,0.0
1650167222,0.0,0.004289025,0.0033333333333333,3.102421760559082e-05,3.0875205993652344e-05,3331.333333333333,4157.666666666667
1650167223,0.0,0.004289025,0.0033333333333333,3.102421760559082e-05,3.0875205993652344e-05,3331.333333333333,4157.666666666667
1650167224,0.0,0.0028005355,0.0,3.0219554901123047e-05,3.007054328918457e-05,1924.5,4229.5
1650167225,0.0,0.005569339,0.0,3.057718276977539e-05,3.0428171157836917e-05,4694.0,5667.0
1650167226,0.0,0.005569339,0.0,3.057718276977539e-05,3.0428171157836917e-05,4694.0,5667.0
1650167227,0.0,0.000133211,0.0,3.027915954589844e-05,3.013014793395996e-05,192.5,95.0
1650167228,0.0,0.005870084,0.01,3.0338764190673828e-05,3.018975257873535e-05,4561.0,5667.0
1650167229,0.0,0.005870084,0.01,3.0338764190673828e-05,3.018975257873535e-05,4561.0,5667.0
1650167230,0.0,0.003006064,0.0,3.0219554901123047e-05,3.007054328918457e-05,2351.5,2969.5
1650167231,0.0,0.003006064,0.0,3.0219554901123047e-05,3.007054328918457e-05,2351.5,2969.5
1650167232,0.005,0.0024644235,0.0,3.001093864440918e-05,2.9861927032470703e-05,1851.0,2496.0
1650167233,0.005,0.0024644235,0.0,3.001093864440918e-05,2.9861927032470703e-05,1851.0,2496.0
1650167234,0.0,0.0039496235,0.0,2.9832124710083008e-05,2.968311309814453e-05,2852.0,4352.5
1650167235,0.0,0.0039496235,0.0,2.9832124710083008e-05,2.968311309814453e-05,2852.0,4352.5
1650167236,0.005,0.002464016,0.0,2.9832124710083008e-05,2.968311309814453e-05,1916.0,2496.0
1650167237,0.0,0.001188176,0.0,2.9802322387695312e-05,2.965331077575684e-05,1246.0,929.0
1650167238,0.0,0.005757249,0.0,3.001093864440918e-05,2.9861927032470703e-05,4702.0,5807.0
1650167239,0.0,0.0,0.0,3.001093864440918e-05,2.9861927032470703e-05,42.0,42.0
1650167240,0.01,0.011083107,0.01,3.0219554901123047e-05,3.007054328918457e-05,9001.0,11340.0
1650167241,0.01,0.011083107,0.01,3.0219554901123047e-05,3.007054328918457e-05,9001.0,11340.0
1650167242,0.005,0.0108122155,0.005,3.120303153991699e-05,3.105401992797852e-05,8860.0,11526.0
1650167243,0.0,0.006295822,0.01,3.0219554901123047e-05,3.007054328918457e-05,5291.0,6472.0
1650167244,0.0,0.006295822,0.01,3.0219554901123047e-05,3.007054328918457e-05,5291.0,6472.0
1650167245,0.0,0.0088184405,0.0,3.0219554901123047e-05,3.007054328918457e-05,7347.0,12159.5
1650167246,0.0,0.011061635,0.0,3.0219554901123047e-05,3.007054328918457e-05,8992.0,11330.0
1650167247,0.0,0.011061635,0.0,3.0219554901123047e-05,3.007054328918457e-05,8992.0,11330.0
1650167248,0.0,0.0054074615,0.0,3.0219554901123047e-05,3.007054328918457e-05,4623.5,5762.0
1650167249,0.0,0.010379276,0.01,3.0219554901123047e-05,3.007054328918457e-05,8856.0,11134.0
1650167250,0.0,0.010379276,0.01,3.0219554901123047e-05,3.007054328918457e-05,8856.0,11134.0
1650167251,0.005,0.0056378235,0.0,3.0308961868286133e-05,3.0159950256347656e-05,4429.5,5700.0
1650167252,0.0,0.011568642,0.0,3.0219554901123047e-05,3.007054328918457e-05,8856.0,11330.0
1650167253,0.0,0.016052829,0.01,3.0219554901123047e-05,3.007054328918457e-05,13291.0,16999.0
1650167254,0.0,0.016052829,0.01,3.0219554901123047e-05,3.007054328918457e-05,13291.0,16999.0
1650167255,0.0,0.011727854,0.01,3.0219554901123047e-05,3.007054328918457e-05,9198.5,15583.5
1650167256,0.0,0.011727854,0.01,3.0219554901123047e-05,3.007054328918457e-05,9198.5,15583.5
1650167257,0.0,0.006098249,0.0,3.0249357223510746e-05,3.0100345611572266e-05,4622.0,5761.0
1650167258,0.02,0.017112025,0.02,3.0249357223510746e-05,3.0100345611572266e-05,13292.0,16999.0
1650167259,0.02,0.017112025,0.02,3.0249357223510746e-05,3.0100345611572266e-05,13292.0,16999.0
1650167260,0.005,0.007970394,0.005,3.0219554901123047e-05,3.007054328918457e-05,6644.5,8499.5
1650167261,0.0,0.010914597,0.0,3.027915954589844e-05,3.013014793395996e-05,8860.0,11330.0
1650167262,0.01,0.005892174,0.0,3.0219554901123047e-05,3.007054328918457e-05,4429.0,5667.0
1650167263,0.0,0.005534356,0.0,3.0219554901123047e-05,3.007054328918457e-05,4430.0,5667.0
1650167264,0.0,0.005534356,0.0,3.0219554901123047e-05,3.007054328918457e-05,4430.0,5667.0
1650167265,0.005,0.011248477,0.0,3.108382225036621e-05,3.0934810638427734e-05,8702.5,16035.0
1650167266,0.005,0.011248477,0.0,3.108382225036621e-05,3.0934810638427734e-05,8702.5,16035.0
1650167267,0.0,0.0033173945,0.0,3.0219554901123047e-05,3.007054328918457e-05,2904.5,3298.0
1650167268,0.0,0.011094487,0.0,3.0219554901123047e-05,3.007054328918457e-05,8862.0,11332.0
1650167269,0.0,0.011094487,0.0,3.0219554901123047e-05,3.007054328918457e-05,8862.0,11332.0
1650167270,0.005,0.0095150895,0.0,3.0875205993652344e-05,3.072619438171387e-05,7886.0,10036.5
1650167271,0.005,0.0095150895,0.0,3.0875205993652344e-05,3.072619438171387e-05,7886.0,10036.5
1650167272,0.0,0.006298022,0.0,3.129243850708008e-05,3.11434268951416e-05,4972.5,6429.0
1650167273,0.0,0.006845328,0.0,3.0219554901123047e-05,3.007054328918457e-05,5291.0,6536.0
1650167274,0.01,0.010710444,0.0,3.0219554901123047e-05,3.007054328918457e-05,7999.0,19046.0
1650167275,0.0,0.012809845,0.01,3.057718276977539e-05,3.0428171157836917e-05,9935.0,12351.0
1650167276,0.0,0.012809845,0.01,3.057718276977539e-05,3.0428171157836917e-05,9935.0,12351.0
1650167277,0.005,0.0105838315,0.01,3.0219554901123047e-05,3.007054328918457e-05,8854.0,11091.5
1650167278,0.0,0.0,0.0,3.0219554901123047e-05,3.007054328918457e-05,0.0,0.0
1650167279,0.0,0.0,0.0,3.0219554901123047e-05,3.007054328918457e-05,0.0,0.0
1650167280,0.0,0.0,0.0,3.0219554901123047e-05,3.007054328918457e-05,0.0,0.0
1650167281,0.0,0.0,0.0,3.0219554901123047e-05,3.007054328918457e-05,0.0,0.0
1650167282,0.0025,0.0057852375,0.0,3.0249357223510746e-05,3.0100345611572266e-05,4645.0,5851.25
1650167283,0.01,0.011744797,0.0,3.027915954589844e-05,3.013014793395996e-05,8857.0,11330.0
1650167284,0.0,0.004821463,0.0,3.0338764190673828e-05,3.018975257873535e-05,3570.0,10515.0
1650167285,0.0,0.004821463,0.0,3.0338764190673828e-05,3.018975257873535e-05,3570.0,10515.0
1650167286,0.0,0.0027706415,0.0,3.0338764190673828e-05,3.018975257873535e-05,1924.5,2735.0
1650167287,0.01,0.012133669,0.01,3.0219554901123047e-05,3.007054328918457e-05,10502.0,12063.0
1650167288,0.01,0.012133669,0.01,3.0219554901123047e-05,3.007054328918457e-05,10502.0,12063.0
1650167289,0.0,0.0022766465,0.0,3.001093864440918e-05,2.9861927032470703e-05,1871.5,2517.0
1650167290,0.0,0.0022766465,0.0,3.001093864440918e-05,2.9861927032470703e-05,1871.5,2517.0
1650167291,0.0,0.005657703,0.0,3.0219554901123047e-05,3.007054328918457e-05,4499.5,5737.0
1650167292,0.0,0.011279561,0.01,3.0219554901123047e-05,3.007054328918457e-05,8861.0,11464.0
1650167293,0.0,0.011279561,0.01,3.0219554901123047e-05,3.007054328918457e-05,8861.0,11464.0
1650167294,0.005,0.0051685085,0.0,3.0219554901123047e-05,3.007054328918457e-05,4000.0,7009.5
1650167295,0.0,0.001853974,0.0,3.0249357223510746e-05,3.0100345611572266e-05,1722.0,1478.0
1650167296,0.0,0.001853974,0.0,3.0249357223510746e-05,3.0100345611572266e-05,1722.0,1478.0
1650167297,0.005,0.006050494,0.0,3.0368566513061523e-05,3.0219554901123047e-05,4464.0,5663.5
1650167298,0.005,0.006050494,0.0,3.0368566513061523e-05,3.0219554901123047e-05,4464.0,5663.5
1650167299,0.005,0.003427617,0.0,3.0249357223510746e-05,3.0100345611572266e-05,2711.0,3203.0
1650167300,0.0,0.004473881,0.0,3.0219554901123047e-05,3.007054328918457e-05,3569.0,4794.0
1650167301,0.01,0.001239486,0.0,3.027915954589844e-05,3.013014793395996e-05,861.0,739.0
1650167302,0.01,0.001239486,0.0,3.027915954589844e-05,3.013014793395996e-05,861.0,739.0
1650167303,0.0,0.0083198935,0.005,3.0249357223510746e-05,3.0100345611572266e-05,6678.0,8499.5
1650167304,0.0,0.010803975,0.01,3.0219554901123047e-05,3.007054328918457e-05,8040.0,16323.0
1650167305,0.0,0.010803975,0.01,3.0219554901123047e-05,3.007054328918457e-05,8040.0,16323.0
1650167306,0.0,0.0,0.0,3.0219554901123047e-05,3.007054328918457e-05,0.0,0.0
1650167307,0.0,0.0,0.0,3.0219554901123047e-05,3.007054328918457e-05,0.0,0.0
1650167308,0.0,0.0,0.0,3.0219554901123047e-05,3.007054328918457e-05,0.0,0.0
1650167309,0.0066666666666666,0.003529791,0.0,3.0219554901123047e-05,3.007054328918457e-05,2689.333333333333,3530.0
1650167310,0.0066666666666666,0.003529791,0.0,3.0219554901123047e-05,3.007054328918457e-05,2689.333333333333,3530.0
1650167311,0.0,0.003100708,0.0,3.0338764190673828e-05,3.018975257873535e-05,2281.0,2832.5
1650167312,0.0,0.003100708,0.0,3.0338764190673828e-05,3.018975257873535e-05,2281.0,2832.5
1650167313,0.0,0.0010843755,0.0,3.001093864440918e-05,2.9861927032470703e-05,927.0,772.0
1650167314,0.0,0.011385041,0.0,2.9772520065307617e-05,2.962350845336914e-05,9259.0,15239.0
1650167315,0.01,0.005063286,0.0,2.9772520065307617e-05,2.962350845336914e-05,3570.0,4928.0
1650167316,0.01,0.005063286,0.0,2.9772520065307617e-05,2.962350845336914e-05,3570.0,4928.0
1650167317,0.0,0.003485654,0.0,2.9861927032470703e-05,2.9712915420532227e-05,2547.0,3200.5
1650167318,0.0,0.003485654,0.0,2.9861927032470703e-05,2.9712915420532227e-05,2547.0,3200.5
1650167319,0.0,0.002277826,0.0,2.9772520065307617e-05,2.962350845336914e-05,1916.5,2464.0
1650167320,0.0,0.002156137,0.0,2.9772520065307617e-05,2.962350845336914e-05,1720.0,1478.0
1650167321,0.0,0.002156137,0.0,2.9772520065307617e-05,2.962350845336914e-05,1720.0,1478.0
1650167322,0.005,0.0085301155,0.005,2.9772520065307617e-05,2.962350845336914e-05,6710.0,8532.5
1650167323,0.005,0.0085301155,0.005,2.9772520065307617e-05,2.962350845336914e-05,6710.0,8532.5
1650167324,0.0,8.44775e-05,0.0,2.9772520065307617e-05,2.962350845336914e-05,0.0,2531.0
1650167325,0.0,0.005652202,0.01,2.995133399963379e-05,2.9802322387695312e-05,4571.0,5807.0
1650167326,0.0,0.005652202,0.01,2.995133399963379e-05,2.9802322387695312e-05,4571.0,5807.0
1650167327,0.005,0.006388301,0.0,3.0219554901123047e-05,3.007054328918457e-05,4763.0,6098.0
1650167328,0.005,0.006388301,0.0,3.0219554901123047e-05,3.007054328918457e-05,4763.0,6098.0
1650167329,0.005,0.0027517265,0.0,3.001093864440918e-05,2.9861927032470703e-05,2344.0,2897.5
1650167330,0.0,0.005770951,0.0,3.001093864440918e-05,2.9861927032470703e-05,4563.0,5667.0
1650167331,0.0,0.011644842,0.0,3.007054328918457e-05,2.992153167724609e-05,9721.0,12073.0
1650167332,0.0,0.004834855,0.0,3.001093864440918e-05,2.9861927032470703e-05,3570.0,4994.0
1650167333,0.0,0.004834855,0.0,3.001093864440918e-05,2.9861927032470703e-05,3570.0,4994.0
1650167334,0.0,0.0023617745,0.0,3.001093864440918e-05,2.9861927032470703e-05,1784.5,4346.0
1650167335,0.0,0.000259679,0.0,2.9802322387695312e-05,2.965331077575684e-05,132.0,66.0
1650167336,0.0,0.000259679,0.0,2.9802322387695312e-05,2.965331077575684e-05,132.0,66.0
1650167337,0.005,0.002377818,0.0,3.001093864440918e-05,2.9861927032470703e-05,2047.0,2661.0
1650167338,0.005,0.002377818,0.0,3.001093864440918e-05,2.9861927032470703e-05,2047.0,2661.0
1650167339,0.005,0.006739687,0.005,3.013014793395996e-05,2.9981136322021484e-05,5133.0,6339.5
1650167340,0.005,0.006739687,0.005,3.013014793395996e-05,2.9981136322021484e-05,5133.0,6339.5
1650167341,0.01,0.00285426,0.0,3.013014793395996e-05,2.9981136322021484e-05,2302.0,2821.5
1650167342,0.0,0.006554276,0.0,2.995133399963379e-05,2.9802322387695312e-05,4562.0,5733.0
1650167343,0.0,0.006554276,0.0,2.995133399963379e-05,2.9802322387695312e-05,4562.0,5733.0
1650167344,0.005,0.0061273885,0.0,3.0100345611572266e-05,2.995133399963379e-05,4499.5,5736.0
1650167345,0.0,0.000172186,0.0,3.0100345611572266e-05,2.995133399963379e-05,0.0,6032.0
1650167346,0.0,0.00485346,0.0,3.0100345611572266e-05,2.995133399963379e-05,3955.0,5118.0
1650167347,0.0,0.00485346,0.0,3.0100345611572266e-05,2.995133399963379e-05,3955.0,5118.0
1650167348,0.0,0.0057960595,0.0,3.013014793395996e-05,2.9981136322021484e-05,4702.5,5972.0
1650167349,0.0,0.0,0.0,3.013014793395996e-05,2.9981136322021484e-05,0.0,0.0
1650167350,0.0,0.0,0.0,3.013014793395996e-05,2.9981136322021484e-05,0.0,0.0
1650167351,0.0,0.0,0.0,3.013014793395996e-05,2.9981136322021484e-05,0.0,0.0
1650167352,0.0066666666666666,0.0076256096666666,0.0,3.013014793395996e-05,2.9981136322021484e-05,6238.333333333333,7823.0
1650167353,0.0,0.011422713,0.0,3.013014793395996e-05,2.9981136322021484e-05,8861.0,11332.0
1650167354,0.0,0.00574375,0.0,3.0159950256347656e-05,3.001093864440918e-05,4430.0,7803.0
1650167355,0.0,0.00574375,0.0,3.0159950256347656e-05,3.001093864440918e-05,4430.0,7803.0
1650167356,0.0,0.0032719665,0.0,3.018975257873535e-05,3.0040740966796875e-05,2646.0,3202.0
1650167357,0.0,0.0032719665,0.0,3.018975257873535e-05,3.0040740966796875e-05,2646.0,3202.0
1650167358,0.0,0.0064205595,0.005,3.013014793395996e-05,2.9981136322021484e-05,5051.5,6130.5
1650167359,0.0,0.007067845,0.0,3.013014793395996e-05,2.9981136322021484e-05,5572.0,6950.0
1650167360,0.0,0.007067845,0.0,3.013014793395996e-05,2.9981136322021484e-05,5572.0,6950.0
1650167361,0.0,0.002293357,0.0,3.013014793395996e-05,2.9981136322021484e-05,1917.0,2464.0
1650167362,0.0,0.002293357,0.0,3.013014793395996e-05,2.9981136322021484e-05,1917.0,2464.0
1650167363,0.0,0.0024973775,0.0,3.0159950256347656e-05,3.001093864440918e-05,1851.0,2464.0
1650167364,0.0,0.006041524,0.0,3.045797348022461e-05,3.0308961868286133e-05,4430.0,9809.0
1650167365,0.0,0.006041524,0.0,3.045797348022461e-05,3.0308961868286133e-05,4430.0,9809.0
1650167366,0.0,0.001013835,0.0,3.0159950256347656e-05,3.001093864440918e-05,861.0,739.0
1650167367,0.0,0.001013835,0.0,3.0159950256347656e-05,3.001093864440918e-05,861.0,739.0
1650167368,0.01,0.005523944,0.005,3.0159950256347656e-05,3.001093864440918e-05,4258.5,5457.5
1650167369,0.0,0.0,0.0,3.0159950256347656e-05,3.001093864440918e-05,0.0,0.0
1650167370,0.0,0.0,0.0,3.0159950256347656e-05,3.001093864440918e-05,0.0,0.0
1650167371,0.0,0.0,0.0,3.0159950256347656e-05,3.001093864440918e-05,0.0,0.0
1650167372,0.0066666666666666,0.009641677,0.0033333333333333,3.013014793395996e-05,2.9981136322021484e-05,7699.0,9761.0
1650167373,0.0066666666666666,0.009641677,0.0033333333333333,3.013014793395996e-05,2.9981136322021484e-05,7699.0,9761.0
1650167374,0.005,0.0031519945,0.0,3.013014793395996e-05,2.9981136322021484e-05,2214.5,4943.5
1650167375,0.005,0.0031519945,0.0,3.013014793395996e-05,2.9981136322021484e-05,2214.5,4943.5
1650167376,0.0,0.0021269385,0.0,3.013014793395996e-05,2.9981136322021484e-05,1784.5,2464.0
1650167377,0.0,0.0021269385,0.0,3.013014793395996e-05,2.9981136322021484e-05,1784.5,2464.0
1650167378,0.005,0.0033161775,0.0,3.0159950256347656e-05,3.001093864440918e-05,2838.0,3298.0
1650167379,0.0,0.010543164,0.0,3.013014793395996e-05,2.9981136322021484e-05,7999.0,10595.0
1650167380,0.0,0.010543164,0.0,3.013014793395996e-05,2.9981136322021484e-05,7999.0,10595.0
1650167381,0.01,0.0026968115,0.0,3.0159950256347656e-05,3.001093864440918e-05,1925.0,2736.0
1650167382,0.0,0.006220686,0.01,3.013014793395996e-05,2.9981136322021484e-05,5556.0,6406.0
1650167383,0.0,0.006220686,0.01,3.013014793395996e-05,2.9981136322021484e-05,5556.0,6406.0
1650167384,0.005,0.0035861345,0.0,2.992153167724609e-05,2.9772520065307617e-05,2777.5,4703.5
1650167385,0.0,0.005390305,0.0,2.992153167724609e-05,2.9772520065307617e-05,4429.0,5663.0
1650167386,0.0,0.005390305,0.0,2.992153167724609e-05,2.9772520065307617e-05,4429.0,5663.0
1650167387,0.005,0.011666829,0.005,3.018975257873535e-05,3.0040740966796875e-05,9122.0,11497.0
1650167388,0.0,0.006672251,0.0,3.013014793395996e-05,2.9981136322021484e-05,5287.0,6464.0
1650167389,0.0,0.006672251,0.0,3.013014793395996e-05,2.9981136322021484e-05,5287.0,6464.0
1650167390,0.0,0.0027615735,0.005,3.013014793395996e-05,2.9981136322021484e-05,2236.0,2853.5
1650167391,0.0,0.004618198,0.0,3.013014793395996e-05,2.9981136322021484e-05,3570.0,4928.0
1650167392,0.01,0.005423901,0.0,3.0159950256347656e-05,3.001093864440918e-05,3849.0,5472.0
1650167393,0.01,0.005423901,0.0,3.0159950256347656e-05,3.001093864440918e-05,3849.0,5472.0
1650167394,0.01,0.0040397405,0.0,3.0159950256347656e-05,3.001093864440918e-05,3207.0,7574.5
1650167395,0.01,0.0040397405,0.0,3.0159950256347656e-05,3.001093864440918e-05,3207.0,7574.5
1650167396,0.0,0.0057442155,0.0,3.0159950256347656e-05,3.001093864440918e-05,4496.0,5667.0
1650167397,0.0,0.0057442155,0.0,3.0159950256347656e-05,3.001093864440918e-05,4496.0,5667.0
1650167398,0.0,0.0059917285,0.005,3.0159950256347656e-05,3.001093864440918e-05,4621.5,5695.0
1650167399,0.01,0.004315342,0.01,3.0159950256347656e-05,3.001093864440918e-05,3570.0,4928.0
1650167400,0.01,0.004441446,0.0,3.0487775802612305e-05,3.0338764190673828e-05,3570.0,4928.0
1650167401,0.01,0.004441446,0.0,3.0487775802612305e-05,3.0338764190673828e-05,3570.0,4928.0
1650167402,0.0,0.0012630835,0.0,3.0219554901123047e-05,3.007054328918457e-05,860.5,739.0
1650167403,0.0,0.0012630835,0.0,3.0219554901123047e-05,3.007054328918457e-05,860.5,739.0
1650167404,0.01,0.014661955,0.005,3.0159950256347656e-05,3.001093864440918e-05,11412.0,16880.5
1650167405,0.02,0.027574309,0.01,3.0159950256347656e-05,3.001093864440918e-05,22151.0,28197.0
1650167406,0.02,0.027574309,0.01,3.0159950256347656e-05,3.001093864440918e-05,22151.0,28197.0
1650167407,0.0,0.0029460985,0.0,3.0159950256347656e-05,3.001093864440918e-05,2407.0,2928.5
1650167408,0.01,0.011628559,0.0,3.0159950256347656e-05,3.001093864440918e-05,8860.0,11332.0
1650167409,0.0,0.005775728,0.0,3.0159950256347656e-05,3.001093864440918e-05,4430.0,5665.0
1650167410,0.0,0.005775728,0.0,3.0159950256347656e-05,3.001093864440918e-05,4430.0,5665.0
1650167411,0.01,0.005442656,0.005,3.0159950256347656e-05,3.001093864440918e-05,4430.5,5598.0
1650167412,0.01,0.005442656,0.005,3.0159950256347656e-05,3.001093864440918e-05,4430.5,5598.0
1650167413,0.0,0.008395847,0.0,3.0368566513061523e-05,3.0219554901123047e-05,6786.0,8772.5
1650167414,0.0,0.005805147,0.0,3.0159950256347656e-05,3.001093864440918e-05,4695.0,11163.0
1650167415,0.01,0.00575362,0.0,3.0159950256347656e-05,3.001093864440918e-05,4562.0,5665.0
1650167416,0.02,0.022309777,0.0,3.018975257873535e-05,3.0040740966796875e-05,18104.0,22658.0
1650167417,0.02,0.022309777,0.0,3.018975257873535e-05,3.0040740966796875e-05,18104.0,22658.0
1650167418,0.0,0.0056556865,0.0,3.0159950256347656e-05,3.001093864440918e-05,4429.0,5664.0
1650167419,0.0,0.011015449,0.0,3.0159950256347656e-05,3.001093864440918e-05,8861.0,11332.0
1650167420,0.0,0.008476288,0.01,3.167986869812012e-05,3.153085708618164e-05,7194.0,9392.0
1650167421,0.0,0.008476288,0.01,3.167986869812012e-05,3.153085708618164e-05,7194.0,9392.0
1650167422,0.0,0.012047711,0.0,3.0159950256347656e-05,3.001093864440918e-05,9692.5,12204.0
1650167423,0.02,0.011918372,0.01,3.018975257873535e-05,3.0040740966796875e-05,9139.0,11876.0
1650167424,0.01,0.014669942,0.02,3.1948089599609375e-05,3.17990779876709e-05,11739.0,26371.0
1650167425,0.01,0.014669942,0.02,3.1948089599609375e-05,3.17990779876709e-05,11739.0,26371.0
1650167426,0.0,0.0038570945,0.0,3.0159950256347656e-05,3.001093864440918e-05,3189.5,4031.0
1650167427,0.0,0.006194121,0.0,3.0159950256347656e-05,3.001093864440918e-05,4814.0,5857.0
1650167428,0.0,0.010928532,0.0,3.0159950256347656e-05,3.001093864440918e-05,8857.0,11332.0
1650167429,0.0,0.010928532,0.0,3.0159950256347656e-05,3.001093864440918e-05,8857.0,11332.0
1650167430,0.005,0.0056458195,0.0,3.0159950256347656e-05,3.001093864440918e-05,4430.0,5665.0
