timestamp,cpu_usage_system,cpu_usage_total,cpu_usage_user,memory_usage,memory_working_set,rx_bytes,tx_bytes
1650166018,0.0,0.002173096,0.0,8.878111839294434e-05,8.878111839294434e-05,1337345.0,3185.0
1650166019,0.0,0.002173096,0.0,8.878111839294434e-05,8.878111839294434e-05,1337345.0,3185.0
1650166020,0.0,0.00268541,0.005,8.90493392944336e-05,8.90493392944336e-05,2005394.5,3911.5
1650166021,0.0,0.00268541,0.005,8.90493392944336e-05,8.90493392944336e-05,2005394.5,3911.5
1650166022,0.005,0.00176365,0.0,8.90493392944336e-05,8.90493392944336e-05,1336893.0,2550.0
1650166023,0.0,0.005525391,0.0,8.90493392944336e-05,8.90493392944336e-05,4011104.0,7942.0
1650166024,0.0,0.005525391,0.0,8.90493392944336e-05,8.90493392944336e-05,4011104.0,7942.0
1650166025,0.005,0.0020458,0.0,8.90493392944336e-05,8.90493392944336e-05,1337198.5,3045.0
1650166026,0.0,0.003417508,0.0,8.90493392944336e-05,8.90493392944336e-05,2674458.0,4836.0
1650166027,0.0,0.005646894,0.0,8.90493392944336e-05,8.90493392944336e-05,4012431.0,7873.0
1650166028,0.0,0.003677814,0.01,8.90493392944336e-05,8.90493392944336e-05,2675046.0,5934.0
1650166029,0.0,0.003677814,0.01,8.90493392944336e-05,8.90493392944336e-05,2675046.0,5934.0
1650166030,0.0,0.003112703,0.0,8.90195369720459e-05,8.90195369720459e-05,2006783.5,4868.5
1650166031,0.0,0.003112703,0.0,8.90195369720459e-05,8.90195369720459e-05,2006783.5,4868.5
1650166032,0.01,0.006880161,0.0,8.90195369720459e-05,8.90195369720459e-05,3344485.5,6589.5
1650166033,0.0,0.003522293,0.01,8.90195369720459e-05,8.90195369720459e-05,2675964.0,6721.0
1650166034,0.0,0.003522293,0.01,8.90195369720459e-05,8.90195369720459e-05,2675964.0,6721.0
1650166035,0.0,0.0017336695,0.0,8.90195369720459e-05,8.90195369720459e-05,1338243.0,2649.0
1650166036,0.0,0.0017336695,0.0,8.90195369720459e-05,8.90195369720459e-05,1338243.0,2649.0
1650166037,0.005,0.0034158985,0.0,7.048249244689941e-05,7.048249244689941e-05,2007439.5,4728.5
1650166038,0.005,0.0034158985,0.0,7.048249244689941e-05,7.048249244689941e-05,2007439.5,4728.5
1650166039,0.005,0.005693986,0.0,7.051229476928711e-05,7.051229476928711e-05,2676897.0,4836.0
1650166040,0.0,0.007985089,0.0,8.881092071533203e-05,8.881092071533203e-05,4015635.0,7353.0
1650166041,0.0,0.007985089,0.0,8.881092071533203e-05,8.881092071533203e-05,4015635.0,7353.0
1650166042,0.0,0.0028536745,0.005,8.910894393920898e-05,8.910894393920898e-05,2008202.5,4472.5
1650166043,0.0,0.009054203,0.0,7.048249244689941e-05,7.048249244689941e-05,4016498.0,10622.0
1650166044,0.0,0.009054203,0.0,7.048249244689941e-05,7.048249244689941e-05,4016498.0,10622.0
1650166045,0.005,0.00713778,0.005,7.048249244689941e-05,7.048249244689941e-05,3347450.5,6523.5
1650166046,0.005,0.00713778,0.005,7.048249244689941e-05,7.048249244689941e-05,3347450.5,6523.5
1650166047,0.0,0.004579697,0.0,7.048249244689941e-05,7.048249244689941e-05,2009051.0,4728.5
1650166048,0.01,0.006290113,0.0,8.910894393920898e-05,8.910894393920898e-05,2678915.0,5562.0
1650166049,0.01,0.006290113,0.0,8.910894393920898e-05,8.910894393920898e-05,2678915.0,5562.0
1650166050,0.0,0.0045903225,0.005,8.910894393920898e-05,8.910894393920898e-05,2678873.0,5793.0
1650166051,0.0,0.003497698,0.0,8.887052536010742e-05,8.887052536010742e-05,2679492.0,5034.0
1650166052,0.0,0.003497698,0.0,8.887052536010742e-05,8.887052536010742e-05,2679492.0,5034.0
1650166053,0.0,0.0011329955,0.0,7.051229476928711e-05,7.051229476928711e-05,669929.5,1427.5
1650166054,0.0,0.0011329955,0.0,7.051229476928711e-05,7.051229476928711e-05,669929.5,1427.5
1650166055,0.01,0.0078661965,0.0,8.913874626159668e-05,8.913874626159668e-05,3349492.5,8082.5
1650166056,0.01,0.011598052,0.0,7.051229476928711e-05,7.051229476928711e-05,5360436.0,10984.0
1650166057,0.01,0.011598052,0.0,7.051229476928711e-05,7.051229476928711e-05,5360436.0,10984.0
1650166058,0.0,0.0032735295,0.0,7.051229476928711e-05,7.051229476928711e-05,1340355.0,3177.0
1650166059,0.0,0.0032735295,0.0,7.051229476928711e-05,7.051229476928711e-05,1340355.0,3177.0
1650166060,0.005,0.0031471175,0.0,7.051229476928711e-05,7.051229476928711e-05,1340451.0,2847.0
1650166061,0.0,0.006442093,0.0,7.051229476928711e-05,7.051229476928711e-05,2680828.0,5958.0
1650166062,0.01,0.012031749,0.0,7.024407386779785e-05,7.024407386779785e-05,5362104.0,12708.0
1650166063,0.01,0.012031749,0.0,7.024407386779785e-05,7.024407386779785e-05,5362104.0,12708.0
1650166064,0.005,0.005868785,0.0,7.048249244689941e-05,7.048249244689941e-05,2681473.0,6455.0
1650166065,0.005,0.005868785,0.0,7.048249244689941e-05,7.048249244689941e-05,2681473.0,6455.0
1650166066,0.005,0.0033259435,0.0,7.048249244689941e-05,7.048249244689941e-05,1341153.5,2843.0
1650166067,0.005,0.0033259435,0.0,7.048249244689941e-05,7.048249244689941e-05,1341153.5,2843.0
1650166068,0.005,0.0079242055,0.005,7.048249244689941e-05,7.048249244689941e-05,3352557.5,6556.5
1650166069,0.005,0.0079242055,0.005,7.048249244689941e-05,7.048249244689941e-05,3352557.5,6556.5
1650166070,0.0,0.0032117175,0.005,7.048249244689941e-05,7.048249244689941e-05,1341264.0,2814.0
1650166071,0.0,0.003237532,0.0,7.048249244689941e-05,7.048249244689941e-05,1341303.0,2913.0
1650166072,0.01,0.006265793,0.0,7.048249244689941e-05,7.048249244689941e-05,2682948.0,5298.0
1650166073,0.01,0.006265793,0.0,7.048249244689941e-05,7.048249244689941e-05,2682948.0,5298.0
1650166074,0.005,0.0066639405,0.0,7.048249244689941e-05,7.048249244689941e-05,2683008.5,6766.5
1650166075,0.005,0.0066639405,0.0,7.048249244689941e-05,7.048249244689941e-05,2683008.5,6766.5
1650166076,0.0,0.0051587405,0.0,7.048249244689941e-05,7.048249244689941e-05,2012855.0,5025.5
1650166077,0.0,0.0051587405,0.0,7.048249244689941e-05,7.048249244689941e-05,2012855.0,5025.5
1650166078,0.005,0.00476391,0.005,7.051229476928711e-05,7.051229476928711e-05,2012680.5,4039.5
1650166079,0.0,0.006358192,0.0,7.05420970916748e-05,7.05420970916748e-05,2683877.0,5538.0
1650166080,0.01,0.006713561,0.0,7.051229476928711e-05,7.051229476928711e-05,2683960.0,5166.0
1650166081,0.0,0.006346197,0.0,7.048249244689941e-05,7.048249244689941e-05,2684220.0,6024.0
1650166082,0.0,0.009838548,0.0,7.048249244689941e-05,7.048249244689941e-05,4025865.0,5835.0
1650166083,0.0,0.009838548,0.0,7.048249244689941e-05,7.048249244689941e-05,4025865.0,5835.0
1650166084,0.005,0.002667066,0.0,8.887052536010742e-05,8.887052536010742e-05,1342481.0,3859.5
1650166085,0.005,0.002667066,0.0,8.887052536010742e-05,8.887052536010742e-05,1342481.0,3859.5
1650166086,0.0,0.0025023325,0.0,8.910894393920898e-05,8.910894393920898e-05,1342615.0,2785.0
1650166087,0.01,0.011253599,0.01,7.051229476928711e-05,7.051229476928711e-05,5370877.0,13162.0
1650166088,0.01,0.011253599,0.01,7.051229476928711e-05,7.051229476928711e-05,5370877.0,13162.0
1650166089,0.005,0.004902547,0.0,7.05420970916748e-05,7.05420970916748e-05,2014186.5,4039.5
1650166090,0.005,0.004902547,0.0,7.05420970916748e-05,7.05420970916748e-05,2014186.5,4039.5
1650166091,0.0,0.0031104415,0.005,7.05420970916748e-05,7.05420970916748e-05,1343010.0,2616.0
1650166092,0.0,0.016480765,0.0,7.05420970916748e-05,7.05420970916748e-05,6715063.0,14895.0
1650166093,0.0,0.016480765,0.0,7.05420970916748e-05,7.05420970916748e-05,6715063.0,14895.0
1650166094,0.01,0.0086290635,0.0,7.05420970916748e-05,7.05420970916748e-05,3358297.5,8853.0
1650166095,0.01,0.0086290635,0.0,7.05420970916748e-05,7.05420970916748e-05,3358297.5,8853.0
1650166096,0.005,0.003808303,0.0,7.051229476928711e-05,7.051229476928711e-05,1343881.5,3573.0
1650166097,0.0,0.009408253,0.0,7.051229476928711e-05,7.051229476928711e-05,4030950.0,9003.0
1650166098,0.0,0.009408253,0.0,7.051229476928711e-05,7.051229476928711e-05,4030950.0,9003.0
1650166099,0.0,0.0017785835,0.005,7.051229476928711e-05,7.051229476928711e-05,671950.5,1819.5
1650166100,0.0,0.0017785835,0.005,7.051229476928711e-05,7.051229476928711e-05,671950.5,1819.5
1650166101,0.005,0.004836212,0.0,7.051229476928711e-05,7.051229476928711e-05,2015763.5,4402.5
1650166102,0.005,0.004836212,0.0,7.051229476928711e-05,7.051229476928711e-05,2015763.5,4402.5
1650166103,0.0,0.0064726665,0.005,7.051229476928711e-05,7.051229476928711e-05,2688046.5,5466.0
1650166104,0.01,0.013123956,0.01,7.05420970916748e-05,7.05420970916748e-05,5376542.0,13654.0
1650166105,0.01,0.013123956,0.01,7.05420970916748e-05,7.05420970916748e-05,5376542.0,13654.0
1650166106,0.0,0.0034403215,0.0,7.027387619018555e-05,7.027387619018555e-05,1344528.0,3173.0
1650166107,0.0,0.0034403215,0.0,7.027387619018555e-05,7.027387619018555e-05,1344528.0,3173.0
1650166108,0.005,0.0063584375,0.0,7.05420970916748e-05,7.05420970916748e-05,2688997.0,5863.0
1650166109,0.005,0.0063584375,0.0,7.05420970916748e-05,7.05420970916748e-05,2688997.0,5863.0
1650166110,0.005,0.004495049,0.0,7.051229476928711e-05,7.051229476928711e-05,2016823.5,3577.5
1650166111,0.02,0.013447056,0.0,7.051229476928711e-05,7.051229476928711e-05,5378933.0,11388.0
1650166112,0.02,0.013447056,0.0,7.051229476928711e-05,7.051229476928711e-05,5378933.0,11388.0
1650166113,0.005,0.005010152,0.0,7.051229476928711e-05,7.051229476928711e-05,2017360.0,4468.5
1650166114,0.005,0.005010152,0.0,7.051229476928711e-05,7.051229476928711e-05,2017360.0,4468.5
1650166115,0.005,0.0032333705,0.0,7.051229476928711e-05,7.051229476928711e-05,1345071.0,3783.5
1650166116,0.0,0.00661167,0.01,7.095932960510254e-05,7.095932960510254e-05,2690730.0,6420.0
1650166117,0.0,0.00661167,0.01,7.095932960510254e-05,7.095932960510254e-05,2690730.0,6420.0
1650166118,0.005,0.0034647255,0.0,7.051229476928711e-05,7.051229476928711e-05,1345690.5,3045.0
1650166119,0.0,0.01002381,0.0,7.051229476928711e-05,7.051229476928711e-05,4036016.0,9597.0
1650166120,0.0,0.006540948,0.01,7.051229476928711e-05,7.051229476928711e-05,2690873.0,4968.0
1650166121,0.01,0.006339742,0.0,7.051229476928711e-05,7.051229476928711e-05,2691396.0,5958.0
1650166122,0.01,0.006339742,0.0,7.051229476928711e-05,7.051229476928711e-05,2691396.0,5958.0
1650166123,0.005,0.004795998,0.0,7.051229476928711e-05,7.051229476928711e-05,2018446.5,4674.5
1650166124,0.01,0.015973868,0.0,7.051229476928711e-05,7.051229476928711e-05,6729225.0,15225.0
1650166125,0.01,0.015973868,0.0,7.051229476928711e-05,7.051229476928711e-05,6729225.0,15225.0
1650166126,0.005,0.003195855,0.0,7.051229476928711e-05,7.051229476928711e-05,1346304.0,2777.0
1650166127,0.005,0.003195855,0.0,7.051229476928711e-05,7.051229476928711e-05,1346304.0,2777.0
1650166128,0.0,0.0047541055,0.0,7.051229476928711e-05,7.051229476928711e-05,2019232.5,4204.5
1650166129,0.02,0.013717709,0.01,7.051229476928711e-05,7.051229476928711e-05,5386073.0,11972.0
1650166130,0.02,0.013717709,0.01,7.051229476928711e-05,7.051229476928711e-05,5386073.0,11972.0
1650166131,0.0,0.004699409,0.0,7.051229476928711e-05,7.051229476928711e-05,2019623.5,3772.5
1650166132,0.01,0.007314937,0.0,7.05420970916748e-05,7.05420970916748e-05,2693442.0,7014.0
1650166133,0.01,0.007314937,0.0,7.05420970916748e-05,7.05420970916748e-05,2693442.0,7014.0
1650166134,0.005,0.0050205655,0.005,7.05420970916748e-05,7.05420970916748e-05,2020227.5,4101.5
1650166135,0.005,0.0050205655,0.005,7.05420970916748e-05,7.05420970916748e-05,2020227.5,4101.5
1650166136,0.0,0.003521091,0.0,7.05420970916748e-05,7.05420970916748e-05,1346961.0,3045.0
1650166137,0.01,0.010441056,0.0,7.05420970916748e-05,7.05420970916748e-05,4041363.0,8863.0
1650166138,0.01,0.010441056,0.0,7.05420970916748e-05,7.05420970916748e-05,4041363.0,8863.0
1650166139,0.0,0.003237472,0.0,7.030367851257324e-05,7.030367851257324e-05,1347300.0,2550.0
1650166140,0.01,0.010821188,0.0,7.05420970916748e-05,7.05420970916748e-05,4041770.0,9737.0
1650166141,0.01,0.010821188,0.0,7.05420970916748e-05,7.05420970916748e-05,4041770.0,9737.0
1650166142,0.0,0.00354952,0.005,7.05420970916748e-05,7.05420970916748e-05,1347375.0,3144.0
1650166143,0.01,0.010753406,0.0,7.149577140808105e-05,7.149577140808105e-05,4041820.0,7680.0
1650166144,0.01,0.010753406,0.0,7.149577140808105e-05,7.149577140808105e-05,4041820.0,7680.0
1650166145,0.0,0.0079792955,0.005,7.05420970916748e-05,7.05420970916748e-05,2695295.0,6502.0
1650166146,0.01,0.010153959,0.0,7.05420970916748e-05,7.05420970916748e-05,4043680.0,7015.0
1650166147,0.01,0.010153959,0.0,7.05420970916748e-05,7.05420970916748e-05,4043680.0,7015.0
1650166148,0.005,0.003278094,0.0,7.05420970916748e-05,7.05420970916748e-05,1347950.5,2550.0
1650166149,0.005,0.003278094,0.0,7.05420970916748e-05,7.05420970916748e-05,1347950.5,2550.0
1650166150,0.0,0.0084128015,0.0,7.05420970916748e-05,7.05420970916748e-05,3370234.0,5933.5
1650166151,0.0,0.003667827,0.01,7.05420970916748e-05,7.05420970916748e-05,1348263.0,2583.0
1650166152,0.0,0.003667827,0.01,7.05420970916748e-05,7.05420970916748e-05,1348263.0,2583.0
1650166153,0.01,0.0083909435,0.005,7.05420970916748e-05,7.05420970916748e-05,3370951.5,5929.5
1650166154,0.01,0.01019816,0.0,7.05420970916748e-05,7.05420970916748e-05,4045599.0,9731.0
1650166155,0.0,0.003414137,0.0,7.05420970916748e-05,7.05420970916748e-05,1348761.0,2649.0
1650166156,0.0,0.013539364,0.0,7.05420970916748e-05,7.05420970916748e-05,5395381.0,10522.0
1650166157,0.0,0.013539364,0.0,7.05420970916748e-05,7.05420970916748e-05,5395381.0,10522.0
1650166158,0.005,0.0040240615,0.0,8.934736251831055e-05,8.934736251831055e-05,2023441.0,3511.5
1650166159,0.005,0.0040240615,0.0,8.934736251831055e-05,8.934736251831055e-05,2023441.0,3511.5
1650166160,0.005,0.00195358,0.0,8.907914161682129e-05,8.907914161682129e-05,1349300.5,2847.0
1650166161,0.0,0.005273367,0.0,8.931756019592285e-05,8.931756019592285e-05,4047611.0,7559.0
1650166162,0.0,0.005273367,0.0,8.931756019592285e-05,8.931756019592285e-05,4047611.0,7559.0
1650166163,0.0,0.0017338555,0.0,8.931756019592285e-05,8.931756019592285e-05,1349408.5,2748.0
1650166164,0.0,0.0017338555,0.0,8.931756019592285e-05,8.931756019592285e-05,1349408.5,2748.0
1650166165,0.005,0.002825713,0.005,8.931756019592285e-05,8.931756019592285e-05,2024227.0,4556.5
1650166166,0.0,0.000276866,0.0,8.931756019592285e-05,8.931756019592285e-05,385.0,190.0
1650166167,0.0,0.000276866,0.0,8.931756019592285e-05,8.931756019592285e-05,385.0,190.0
1650166168,0.0,0.0,0.0,8.931756019592285e-05,8.931756019592285e-05,0.0,0.0
1650166169,0.0,0.0,0.0,8.931756019592285e-05,8.931756019592285e-05,0.0,0.0
1650166170,0.0,0.0,0.0,8.931756019592285e-05,8.931756019592285e-05,0.0,0.0
1650166171,0.0,0.0,0.0,8.931756019592285e-05,8.931756019592285e-05,0.0,0.0
1650166172,0.0,0.0,0.0,8.931756019592285e-05,8.931756019592285e-05,0.0,0.0
1650166173,0.0,0.0,0.0,8.931756019592285e-05,8.931756019592285e-05,0.0,0.0
1650166174,0.0,0.0,0.0,8.931756019592285e-05,8.931756019592285e-05,0.0,0.0
1650166175,0.0,0.0,0.0,8.931756019592285e-05,8.931756019592285e-05,0.0,0.0
1650166176,0.0,0.0,0.0,8.931756019592285e-05,8.931756019592285e-05,0.0,0.0
1650166177,0.0,0.0004789228,0.0,8.907914161682129e-05,8.907914161682129e-05,270065.6,674.2
1650166178,0.0,0.0,0.0,8.907914161682129e-05,8.907914161682129e-05,108.0,0.0
1650166179,0.0,0.0,0.0,8.907914161682129e-05,8.907914161682129e-05,128.0,74.0
1650166180,0.0,0.0,0.0,8.907914161682129e-05,8.907914161682129e-05,128.0,74.0
1650166181,0.0,0.0,0.0,8.907914161682129e-05,8.907914161682129e-05,64.0,74.0
1650166182,0.0,0.0,0.0,8.907914161682129e-05,8.907914161682129e-05,64.0,74.0
1650166183,0.0,0.0010593705,0.0,8.931756019592285e-05,8.931756019592285e-05,675042.5,1600.5
1650166184,0.0,0.0010593705,0.0,8.931756019592285e-05,8.931756019592285e-05,675042.5,1600.5
1650166185,0.0,0.001050051,0.0,8.955597877502441e-05,8.955597877502441e-05,675095.5,1633.5
1650166186,0.0,0.001050051,0.0,8.955597877502441e-05,8.955597877502441e-05,675095.5,1633.5
1650166187,0.005,0.0048007005,0.0,0.0001112818717956,0.0001112818717956,2024918.0,4039.5
1650166188,0.0,0.0040132,0.0,0.000112771987915,0.000112771987915,1350045.0,2715.0
1650166189,0.0,0.002225897,0.0,0.0001125037670135,0.0001125037670135,1350489.0,3033.0
1650166190,0.0,0.002225897,0.0,0.0001125037670135,0.0001125037670135,1350489.0,3033.0
1650166191,0.0,0.0019757835,0.0,0.0001122653484344,0.0001122653484344,675202.5,1456.5
1650166192,0.0,0.0019757835,0.0,0.0001122653484344,0.0001122653484344,675202.5,1456.5
1650166193,0.0,0.0,0.0,0.0001122653484344,0.0001122653484344,27.0,0.0
1650166194,0.0,0.000404814,0.0,0.0001120269298553,0.0001120269298553,252.0,1353.0
1650166195,0.01,0.003422415,0.0,0.0001308023929595,0.0001308023929595,1350176.0,2649.0
1650166196,0.0,0.000217627,0.0,0.0001308023929595,0.0001308023929595,493.0,190.0
1650166197,0.0,0.000217627,0.0,0.0001308023929595,0.0001308023929595,493.0,190.0
1650166198,0.0,0.001825511,0.0,0.0001307427883148,0.0001307427883148,675221.5,1559.5
1650166199,0.0,0.001825511,0.0,0.0001307427883148,0.0001307427883148,675221.5,1559.5
1650166200,0.0,0.0,0.0,0.0001305937767028,0.0001305937767028,58.0,95.0
1650166201,0.0,0.0,0.0,0.0001305937767028,0.0001305937767028,58.0,95.0
1650166202,0.0,0.001348661,0.0,0.000111848115921,0.000111848115921,675332.5,1567.5
1650166203,0.0,0.002798897,0.0,9.331107139587402e-05,9.331107139587402e-05,1350275.0,3053.0
1650166204,0.01,0.006773607,0.0,0.000131070613861,0.000131070613861,2701314.0,6713.0
1650166205,0.0,0.002422256,0.0,0.0001125335693359,0.0001125335693359,1350279.0,2385.0
1650166206,0.0,0.002422256,0.0,0.0001125335693359,0.0001125335693359,1350279.0,2385.0
1650166207,0.0,0.0019742565,0.0,9.375810623168944e-05,9.375810623168944e-05,675520.5,1617.5
1650166208,0.0,0.0,0.0,9.375810623168944e-05,9.375810623168944e-05,132.0,0.0
1650166209,0.0,0.0,0.0,9.375810623168944e-05,9.375810623168944e-05,132.0,0.0
1650166210,0.0,0.0001124315,0.0,9.351968765258788e-05,9.351968765258788e-05,99.0,66.0
1650166211,0.0,0.0,0.0,9.351968765258788e-05,9.351968765258788e-05,0.0,0.0
1650166212,0.0,0.0,0.0,9.351968765258788e-05,9.351968765258788e-05,0.0,0.0
1650166213,0.0,0.001572487,0.0,0.0001122951507568,0.0001122951507568,675307.5,1423.5
1650166214,0.01,0.003305155,0.0,0.000131070613861,0.000131070613861,1350555.0,2649.0
1650166215,0.01,0.003305155,0.0,0.000131070613861,0.000131070613861,1350555.0,2649.0
1650166216,0.0,0.0011838005,0.0,0.0001120567321777,0.0001120567321777,675404.5,1526.5
1650166217,0.0,0.000631619,0.0,0.0001116394996643,0.0001116394996643,963.0,676.0
1650166218,0.0,0.002493431,0.0,9.307265281677246e-05,9.307265281677246e-05,1350791.0,3185.0
1650166219,0.0,0.002493431,0.0,9.307265281677246e-05,9.307265281677246e-05,1350791.0,3185.0
1650166220,0.005,0.001722855,0.0,0.0001120567321777,0.0001120567321777,675556.5,1526.5
1650166221,0.005,0.001722855,0.0,0.0001120567321777,0.0001120567321777,675556.5,1526.5
1650166222,0.0,0.0016356915,0.005,0.000131070613861,0.000131070613861,675542.0,1563.5
1650166223,0.0,0.002317842,0.0,0.0001122951507568,0.0001122951507568,1350927.0,3045.0
1650166224,0.0,0.002317842,0.0,0.0001122951507568,0.0001122951507568,1350927.0,3045.0
1650166225,0.0,0.0020034965,0.0,9.378790855407716e-05,9.378790855407716e-05,675454.5,1456.5
1650166226,0.0,0.000490247,0.0,9.35494899749756e-05,9.35494899749756e-05,583.0,322.0
1650166227,0.0,0.000490247,0.0,9.35494899749756e-05,9.35494899749756e-05,583.0,322.0
1650166228,0.005,0.001673357,0.0,0.0001123249530792,0.0001123249530792,675478.5,1489.5
1650166229,0.005,0.001673357,0.0,0.0001123249530792,0.0001123249530792,675478.5,1489.5
1650166230,0.0,0.0015809905,0.0,0.0001311004161834,0.0001311004161834,675556.5,1489.5
1650166231,0.0,0.003778072,0.0,0.0001125633716583,0.0001125633716583,1351251.0,2913.0
1650166232,0.0,0.003778072,0.0,0.0001125633716583,0.0001125633716583,1351251.0,2913.0
1650166233,0.0,9.5673e-05,0.0,0.0001118779182434,0.0001118779182434,173.0,171.0
1650166234,0.0,0.000247006,0.0,0.0001116394996643,0.0001116394996643,306.0,206.0
1650166235,0.0,0.000247006,0.0,0.0001116394996643,0.0001116394996643,306.0,206.0
1650166236,0.0,0.003794297,0.0,0.0001121461391448,0.0001121461391448,1351480.0,3016.0
1650166237,0.0,0.0,0.0,0.0001121461391448,0.0001121461391448,248.0,74.0
1650166238,0.0,0.0,0.0,0.0001121461391448,0.0001121461391448,248.0,74.0
1650166239,0.005,0.0032653565,0.0,0.0001499652862548,0.0001499652862548,1351319.5,2884.0
1650166240,0.0,0.003140737,0.0,0.0001125931739807,0.0001125931739807,1351226.0,2715.0
1650166241,0.0,0.003140737,0.0,0.0001125931739807,0.0001125931739807,1351226.0,2715.0
1650166242,0.0,0.0,0.0,0.0001125931739807,0.0001125931739807,66.0,0.0
1650166243,0.0,0.000341913,0.0,0.0001123547554016,0.0001123547554016,264.0,1008.0
1650166244,0.0,0.000341913,0.0,0.0001123547554016,0.0001123547554016,264.0,1008.0
1650166245,0.0,0.001801719,0.0,0.0001123547554016,0.0001123547554016,675637.5,1456.5
1650166246,0.0,0.003484387,0.0,0.0001311898231506,0.0001311898231506,1351881.0,3235.0
1650166247,0.0,0.003484387,0.0,0.0001311898231506,0.0001311898231506,1351881.0,3235.0
1650166248,0.0,0.001335711,0.0,0.0001123547554016,0.0001123547554016,675817.0,1423.5
1650166249,0.0,0.0,0.0,0.0001121759414672,0.0001121759414672,116.0,116.0
1650166250,0.0,0.00018285,0.0,0.0001119673252105,0.0001119673252105,380.0,280.0
1650166251,0.01,0.00251381,0.0,9.313225746154784e-05,9.313225746154784e-05,1351691.0,3193.0
1650166252,0.01,0.00251381,0.0,9.313225746154784e-05,9.313225746154784e-05,1351691.0,3193.0
1650166253,0.0,0.001636592,0.0,0.0001121759414672,0.0001121759414672,675853.0,1460.5
1650166254,0.0,0.000108048,0.0,0.0001121759414672,0.0001121759414672,248.0,1288.0
1650166255,0.0,0.003408944,0.0,0.0001312494277954,0.0001312494277954,1351911.0,3119.0
1650166256,0.01,0.006157918,0.0,0.0001126527786254,0.0001126527786254,2703691.0,6016.0
1650166257,0.0,0.0,0.0,0.0001126527786254,0.0001126527786254,132.0,0.0
1650166258,0.0,0.0,0.0,0.0001126527786254,0.0001126527786254,132.0,0.0
1650166259,0.0,9.13865e-05,0.0,0.0001124143600463,0.0001124143600463,99.0,66.0
1650166260,0.0,9.13865e-05,0.0,0.0001124143600463,0.0001124143600463,99.0,66.0
1650166261,0.0,0.001700709,0.0,0.0001312494277954,0.0001312494277954,675862.5,1456.5
1650166262,0.0,0.0,0.0,0.0001312494277954,0.0001312494277954,108.0,0.0
1650166263,0.0,0.003823147,0.01,0.000131070613861,0.000131070613861,1351971.0,3563.0
1650166264,0.0,0.003823147,0.01,0.000131070613861,0.000131070613861,1351971.0,3563.0
1650166265,0.0,0.0015551735,0.0,0.0001498460769653,0.0001498460769653,675947.0,1427.5
1650166266,0.0,0.000321725,0.01,0.0001496374607086,0.0001496374607086,272.0,280.0
1650166267,0.0,0.000486868,0.0,0.0001493990421295,0.0001493990421295,691.0,384.0
1650166268,0.0,0.000486868,0.0,0.0001493990421295,0.0001493990421295,691.0,384.0
1650166269,0.0,0.003049685,0.0,0.0001310408115386,0.0001310408115386,1352050.0,3152.0
1650166270,0.0,0.0,0.0,0.0001310408115386,0.0001310408115386,194.0,74.0
1650166271,0.0,0.002277489,0.0,0.0001124739646911,0.0001124739646911,1352031.0,3053.0
1650166272,0.0,0.002277489,0.0,0.0001124739646911,0.0001124739646911,1352031.0,3053.0
1650166273,0.0,0.0028593105,0.0,0.0001126825809478,0.0001126825809478,1352003.5,2748.0
1650166274,0.0,0.000123605,0.0,0.0001126825809478,0.0001126825809478,132.0,525.0
1650166275,0.0,0.000213669,0.0,0.0001124441623687,0.0001124441623687,198.0,132.0
1650166276,0.0,0.000213669,0.0,0.0001124441623687,0.0001124441623687,198.0,132.0
1650166277,0.005,0.0019970225,0.0,0.0001124441623687,0.0001124441623687,676280.0,1551.5
1650166278,0.0,0.0,0.0,0.0001124441623687,0.0001124441623687,108.0,0.0
1650166279,0.0,0.0,0.0,0.0001124441623687,0.0001124441623687,108.0,0.0
1650166280,0.005,0.00285491,0.0,0.0001121759414672,0.0001121759414672,1352213.5,2913.0
1650166281,0.005,0.00285491,0.0,0.0001121759414672,0.0001121759414672,1352213.5,2913.0
1650166282,0.0,0.0,0.0,0.0001121759414672,0.0001121759414672,37.0,37.0
1650166283,0.0,0.000416719,0.0,0.0001117289066314,0.0001117289066314,578.0,420.0
1650166284,0.0,0.000416719,0.0,0.0001117289066314,0.0001117289066314,578.0,420.0
1650166285,0.0,0.0022457485,0.0,9.33706760406494e-05,9.33706760406494e-05,1352434.0,3553.0
1650166286,0.0,0.000250104,0.0,9.33706760406494e-05,9.33706760406494e-05,579.0,264.0
1650166287,0.0,0.000250104,0.0,9.33706760406494e-05,9.33706760406494e-05,579.0,264.0
1650166288,0.0,0.0026456735,0.0,0.0001124441623687,0.0001124441623687,1352471.5,2851.0
1650166289,0.0,0.0026456735,0.0,0.0001124441623687,0.0001124441623687,1352471.5,2851.0
1650166290,0.0,0.001907963,0.0,0.0001126825809478,0.0001126825809478,676222.0,1423.5
1650166291,0.0,0.001907963,0.0,0.0001126825809478,0.0001126825809478,676222.0,1423.5
1650166292,0.0,9.08625e-05,0.0,0.0001124441623687,0.0001124441623687,99.0,66.0
1650166293,0.0,0.003276341,0.0,0.0001312494277954,0.0001312494277954,1352427.0,2979.0
1650166294,0.0,0.003276341,0.0,0.0001312494277954,0.0001312494277954,1352427.0,2979.0
1650166295,0.0,5.43745e-05,0.0,0.0001312494277954,0.0001312494277954,54.0,262.5
1650166296,0.0,0.009125913,0.01,0.0001126527786254,0.0001126527786254,5410513.0,10530.0
1650166297,0.0,0.009125913,0.01,0.0001126527786254,0.0001126527786254,5410513.0,10530.0
1650166298,0.005,0.0035329075,0.0,0.0001128911972045,0.0001128911972045,2705152.0,4840.0
1650166299,0.0,0.007538921,0.0,9.40561294555664e-05,9.40561294555664e-05,5410973.0,9384.0
1650166300,0.0,0.009331151,0.0,9.381771087646484e-05,9.381771087646484e-05,5412058.0,9018.0
1650166301,0.0,0.009331151,0.0,9.381771087646484e-05,9.381771087646484e-05,5412058.0,9018.0
1650166302,0.0,0.00262952,0.005,9.357929229736328e-05,9.357929229736328e-05,2029585.5,3558.5
1650166303,0.0,0.00262952,0.005,9.357929229736328e-05,9.357929229736328e-05,2029585.5,3558.5
1650166304,0.0,0.001829358,0.0,9.363889694213869e-05,9.363889694213869e-05,1353279.0,3224.5
1650166305,0.0,0.003891023,0.01,9.34600830078125e-05,9.34600830078125e-05,2706882.0,5364.0
1650166306,0.01,0.004065557,0.0,9.340047836303712e-05,9.340047836303712e-05,2707466.0,4902.0
1650166307,0.01,0.004065557,0.0,9.340047836303712e-05,9.340047836303712e-05,2707466.0,4902.0
1650166308,0.0,0.002778305,0.0,9.340047836303712e-05,9.340047836303712e-05,2030597.0,4240.5
1650166309,0.0,0.00500827,0.01,9.340047836303712e-05,9.340047836303712e-05,4060847.0,6819.0
1650166310,0.0,0.00500827,0.01,9.340047836303712e-05,9.340047836303712e-05,4060847.0,6819.0
1650166311,0.005,0.00341801,0.0,9.340047836303712e-05,9.340047836303712e-05,2707674.0,4869.0
1650166312,0.005,0.00341801,0.0,9.340047836303712e-05,9.340047836303712e-05,2707674.0,4869.0
1650166313,0.0,0.001833924,0.0,9.340047836303712e-05,9.340047836303712e-05,1354146.0,2748.0
1650166314,0.0,0.003693735,0.0,9.340047836303712e-05,9.340047836303712e-05,2708219.0,6316.0
1650166315,0.0,0.003693735,0.0,9.340047836303712e-05,9.340047836303712e-05,2708219.0,6316.0
1650166316,0.005,0.0027654445,0.0,9.432435035705566e-05,9.432435035705566e-05,2031586.0,3936.5
1650166317,0.0,0.005308792,0.01,9.453296661376952e-05,9.453296661376952e-05,4063162.0,7559.0
1650166318,0.01,0.003605601,0.0,9.453296661376952e-05,9.453296661376952e-05,2708922.0,5100.0
1650166319,0.01,0.003605601,0.0,9.453296661376952e-05,9.453296661376952e-05,2708922.0,5100.0
1650166320,0.005,0.0034352435,0.005,9.453296661376952e-05,9.453296661376952e-05,2709210.0,4869.0
1650166321,0.005,0.0034352435,0.005,9.453296661376952e-05,9.453296661376952e-05,2709210.0,4869.0
1650166322,0.0,0.0034990255,0.0,9.456276893615724e-05,9.456276893615724e-05,2709792.0,4935.0
1650166323,0.0,0.0034990255,0.0,9.456276893615724e-05,9.456276893615724e-05,2709792.0,4935.0
1650166324,0.0,0.002666005,0.0,9.456276893615724e-05,9.456276893615724e-05,2032447.5,4200.5
1650166325,0.0,0.00518934,0.01,9.456276893615724e-05,9.456276893615724e-05,4065326.0,7617.0
1650166326,0.0,0.001996476,0.0,9.456276893615724e-05,9.456276893615724e-05,1355788.0,2905.0
1650166327,0.0,0.001996476,0.0,9.456276893615724e-05,9.456276893615724e-05,1355788.0,2905.0
1650166328,0.0,0.0009498085,0.0,9.435415267944336e-05,9.435415267944336e-05,677791.5,1291.5
1650166329,0.0,0.0,0.0,9.435415267944336e-05,9.435415267944336e-05,0.0,0.0
1650166330,0.0,0.0,0.0,9.435415267944336e-05,9.435415267944336e-05,0.0,0.0
1650166331,0.0,0.0,0.0,9.435415267944336e-05,9.435415267944336e-05,0.0,0.0
1650166332,0.0,0.0,0.0,9.435415267944336e-05,9.435415267944336e-05,0.0,0.0
1650166333,0.0,0.00054161275,0.0,9.626150131225586e-05,9.626150131225586e-05,338909.75,746.75
1650166334,0.0,0.00054161275,0.0,9.626150131225586e-05,9.626150131225586e-05,338909.75,746.75
1650166335,0.0,0.0,0.0,9.456276893615724e-05,9.456276893615724e-05,0.0,0.0
1650166336,0.0,0.000189825,0.0,9.456276893615724e-05,9.456276893615724e-05,385.0,190.0
1650166337,0.0,0.000189825,0.0,9.456276893615724e-05,9.456276893615724e-05,385.0,190.0
1650166338,0.0,0.001916267,0.0,9.48011875152588e-05,9.48011875152588e-05,1355613.0,2770.0
1650166339,0.0,0.0,0.0,9.48011875152588e-05,9.48011875152588e-05,0.0,0.0
1650166340,0.0,0.0,0.0,9.48011875152588e-05,9.48011875152588e-05,0.0,0.0
1650166341,0.0,0.0,0.0,9.48011875152588e-05,9.48011875152588e-05,0.0,0.0
1650166342,0.0,0.000649824,0.0,9.48011875152588e-05,9.48011875152588e-05,451859.0,1027.0
1650166343,0.0,0.00216814,0.01,9.48011875152588e-05,9.48011875152588e-05,1355835.0,3984.0
1650166344,0.0,0.00216814,0.01,9.48011875152588e-05,9.48011875152588e-05,1355835.0,3984.0
1650166345,0.0,0.0,0.0,9.48011875152588e-05,9.48011875152588e-05,0.0,0.0
1650166346,0.0,0.0,0.0,9.48011875152588e-05,9.48011875152588e-05,0.0,0.0
1650166347,0.0,0.0009595145,0.0,9.48011875152588e-05,9.48011875152588e-05,678165.0,1688.5
1650166348,0.0,0.0009595145,0.0,9.48011875152588e-05,9.48011875152588e-05,678165.0,1688.5
1650166349,0.005,0.002019395,0.0,9.48011875152588e-05,9.48011875152588e-05,1355792.5,2604.0
1650166350,0.0,0.000189587,0.0,9.456276893615724e-05,9.456276893615724e-05,54.0,200.0
1650166351,0.0,0.000189587,0.0,9.456276893615724e-05,9.456276893615724e-05,54.0,200.0
1650166352,0.0,0.00088809,0.0,9.456276893615724e-05,9.456276893615724e-05,677974.5,1456.5
1650166353,0.0,0.00088809,0.0,9.456276893615724e-05,9.456276893615724e-05,677974.5,1456.5
1650166354,0.0,0.001120814,0.0,9.456276893615724e-05,9.456276893615724e-05,677965.5,1652.0
1650166355,0.0,0.001120814,0.0,9.456276893615724e-05,9.456276893615724e-05,677965.5,1652.0
1650166356,0.0,0.001142517,0.0,9.647011756896973e-05,9.647011756896973e-05,678139.5,1628.5
1650166357,0.0,0.001142517,0.0,9.647011756896973e-05,9.647011756896973e-05,678139.5,1628.5
1650166358,0.0,0.0017013625,0.0,9.48011875152588e-05,9.48011875152588e-05,1355938.5,2593.0
1650166359,0.0,0.0,0.0,9.48011875152588e-05,9.48011875152588e-05,78.0,100.0
1650166360,0.0,0.0,0.0,9.48011875152588e-05,9.48011875152588e-05,78.0,100.0
1650166361,0.0,0.0,0.0,9.48011875152588e-05,9.48011875152588e-05,0.0,0.0
1650166362,0.0,0.0,0.0,9.48011875152588e-05,9.48011875152588e-05,0.0,0.0
1650166363,0.0,0.0,0.0,9.48011875152588e-05,9.48011875152588e-05,0.0,0.0
1650166364,0.0,6.363533333333333e-05,0.0,9.48011875152588e-05,9.48011875152588e-05,0.0,172.66666666666666
1650166365,0.0,0.0,0.0,9.48011875152588e-05,9.48011875152588e-05,0.0,0.0
1650166366,0.0,0.0,0.0,9.48011875152588e-05,9.48011875152588e-05,0.0,0.0
1650166367,0.0,0.001243851,0.0,9.456276893615724e-05,9.456276893615724e-05,678380.0,1584.5
1650166368,0.0,0.001243851,0.0,9.456276893615724e-05,9.456276893615724e-05,678380.0,1584.5
1650166369,0.0,0.000888707,0.0,9.456276893615724e-05,9.456276893615724e-05,678118.5,1324.5
1650166370,0.0,0.000888707,0.0,9.456276893615724e-05,9.456276893615724e-05,678118.5,1324.5
1650166371,0.0,0.0,0.0,9.456276893615724e-05,9.456276893615724e-05,0.0,50.0
1650166372,0.0,0.0,0.0,9.456276893615724e-05,9.456276893615724e-05,0.0,50.0
1650166373,0.0,0.0,0.0,9.456276893615724e-05,9.456276893615724e-05,0.0,50.0
1650166374,0.0,9.6854e-05,0.0,9.456276893615724e-05,9.456276893615724e-05,0.0,519.0
1650166375,0.0,0.002304773,0.0,9.48011875152588e-05,9.48011875152588e-05,1356359.0,3119.0
1650166376,0.0,0.002304773,0.0,9.48011875152588e-05,9.48011875152588e-05,1356359.0,3119.0
1650166377,0.005,0.0046051155,0.0,0.0001141726970672,0.0001141726970672,2034617.0,3949.5
1650166378,0.0,0.010780368,0.0,0.0001371204853057,0.0001371204853057,4069223.0,8259.0
1650166379,0.0,0.000154389,0.0,0.000136911869049,0.000136911869049,132.0,200.0
1650166380,0.0,0.000154389,0.0,0.000136911869049,0.000136911869049,132.0,200.0
1650166381,0.0,0.0,0.0,0.000136911869049,0.000136911869049,0.0,0.0
1650166382,0.0,0.0,0.0,0.000136911869049,0.000136911869049,0.0,0.0
1650166383,0.0,0.0,0.0,0.000136911869049,0.000136911869049,0.0,0.0
1650166384,0.0,0.0006610923333333,0.0,0.000136911869049,0.000136911869049,452101.0,892.6666666666666
1650166385,0.0,0.0006610923333333,0.0,0.000136911869049,0.000136911869049,452101.0,892.6666666666666
1650166386,0.005,0.0035498725,0.0,0.0001553893089294,0.0001553893089294,1356180.5,1589.0
1650166387,0.005,0.0035498725,0.0,0.0001553893089294,0.0001553893089294,1356180.5,1589.0
1650166388,0.0,0.0011884485,0.0,0.0001361966133117,0.0001361966133117,678277.5,1060.5
1650166389,0.0,0.003574019,0.01,0.0001359581947326,0.0001359581947326,1356513.0,1899.0
1650166390,0.0,0.003574019,0.01,0.0001359581947326,0.0001359581947326,1356513.0,1899.0
1650166391,0.0,0.0009747055,0.0,0.0001359581947326,0.0001359581947326,678232.0,961.5
1650166392,0.0,0.0,0.0,0.0001359581947326,0.0001359581947326,0.0,100.0
1650166393,0.0,0.000144708,0.0,0.0001359581947326,0.0001359581947326,0.0,626.0
1650166394,0.0,0.000144708,0.0,0.0001359581947326,0.0001359581947326,0.0,626.0
1650166395,0.0,8.82055e-05,0.0,0.0001357197761535,0.0001357197761535,27.0,50.0
1650166396,0.0,0.0,0.0,0.0001357197761535,0.0001357197761535,0.0,0.0
1650166397,0.0,0.0,0.0,0.0001357197761535,0.0001357197761535,0.0,0.0
1650166398,0.0,0.0001247175,0.0,0.0001357197761535,0.0001357197761535,192.5,95.0
1650166399,0.0,0.002511118,0.0,0.0001170635223388,0.0001170635223388,1356265.0,1675.0
1650166400,0.0,0.002511118,0.0,0.0001170635223388,0.0001170635223388,1356265.0,1675.0
1650166401,0.0,0.0037626045,0.0,0.0001173317432403,0.0001173317432403,2035051.5,2934.5
1650166402,0.0,0.0,0.0,0.0001173317432403,0.0001173317432403,0.0,100.0
1650166403,0.0,0.000142319,0.0,0.0001173317432403,0.0001173317432403,0.0,1067.0
1650166404,0.0,0.0,0.0,0.0001173317432403,0.0001173317432403,0.0,0.0
1650166405,0.0,0.0,0.0,0.0001173317432403,0.0001173317432403,0.0,0.0
1650166406,0.0,0.0,0.0,0.0001173317432403,0.0001173317432403,0.0,0.0
1650166407,0.0,0.0012511763333333,0.0,0.0001173317432403,0.0001173317432403,904570.3333333334,1268.6666666666667
1650166408,0.0,0.0012511763333333,0.0,0.0001173317432403,0.0001173317432403,904570.3333333334,1268.6666666666667
1650166409,0.005,0.0016158105,0.0,0.0001361966133117,0.0001361966133117,678466.5,978.5
1650166410,0.0,0.001850755,0.0,0.0001361966133117,0.0001361966133117,1356321.0,1329.0
1650166411,0.0,0.001850755,0.0,0.0001361966133117,0.0001361966133117,1356321.0,1329.0
1650166412,0.0,0.0,0.0,0.0001361966133117,0.0001361966133117,0.0,0.0
1650166413,0.0,0.0,0.0,0.0001361966133117,0.0001361966133117,0.0,0.0
1650166414,0.0,0.002041295,0.0,0.000117540359497,0.000117540359497,1357123.0,2224.0
1650166415,0.0,0.002041295,0.0,0.000117540359497,0.000117540359497,1357123.0,2224.0
1650166416,0.0,0.0001497335,0.0,0.000117540359497,0.000117540359497,231.5,195.0
1650166417,0.0,0.0001497335,0.0,0.000117540359497,0.000117540359497,231.5,195.0
1650166418,0.0,0.0,0.0,0.000117540359497,0.000117540359497,0.0,0.0
1650166419,0.0,0.0,0.0,0.000117540359497,0.000117540359497,0.0,0.0
1650166420,0.0,0.0,0.0,0.000117540359497,0.000117540359497,0.0,0.0
1650166421,0.0,0.0012946716666666,0.0,0.000117540359497,0.000117540359497,904682.0,1161.3333333333333
1650166422,0.0,0.001875886,0.0,0.0001175999641418,0.0001175999641418,1356693.0,1527.0
1650166423,0.0,0.0,0.0,0.0001175999641418,0.0001175999641418,0.0,0.0
1650166424,0.0,0.0,0.0,0.0001175999641418,0.0001175999641418,0.0,0.0
1650166425,0.0,5.93095e-05,0.0,0.0001175999641418,0.0001175999641418,0.0,260.0
1650166426,0.0,5.93095e-05,0.0,0.0001175999641418,0.0001175999641418,0.0,260.0
1650166427,0.0,0.0001431505,0.0,0.0001175999641418,0.0001175999641418,192.5,95.0
1650166428,0.0,0.0,0.0,0.0001175999641418,0.0001175999641418,42.0,42.0
1650166429,0.0,0.0,0.0,0.0001175999641418,0.0001175999641418,42.0,42.0
1650166430,0.0,0.0,0.0,0.0001175999641418,0.0001175999641418,0.0,0.0
1650166431,0.0,0.0,0.0,0.0001175999641418,0.0001175999641418,0.0,0.0
1650166432,0.0,0.0,0.0,0.0001175999641418,0.0001175999641418,37.0,37.0
1650166433,0.0,0.0,0.0,0.0001175999641418,0.0001175999641418,37.0,37.0
1650166434,0.005,0.0021489145,0.0,0.0001179575920104,0.0001179575920104,678605.5,1002.5
1650166435,0.005,0.0021489145,0.0,0.0001179575920104,0.0001179575920104,678605.5,1002.5
1650166436,0.0,0.001279321,0.0,9.909272193908691e-05,9.909272193908691e-05,678771.0,1195.5
1650166437,0.0,0.007452479,0.0,9.885430335998537e-05,9.885430335998537e-05,4072332.0,5887.0
1650166438,0.0,0.002205105,0.0,9.909272193908691e-05,9.909272193908691e-05,1356790.0,1403.0
1650166439,0.01,0.003282063,0.0,9.909272193908691e-05,9.909272193908691e-05,1357041.0,1429.0
1650166440,0.01,0.003282063,0.0,9.909272193908691e-05,9.909272193908691e-05,1357041.0,1429.0
1650166441,0.0,0.00271438,0.0,9.903311729431152e-05,9.903311729431152e-05,1357557.0,1824.0
1650166442,0.0,0.00271438,0.0,9.903311729431152e-05,9.903311729431152e-05,1357557.0,1824.0
1650166443,0.0,0.001875636,0.0,9.85860824584961e-05,9.85860824584961e-05,678817.5,1296.0
1650166444,0.0,0.001875636,0.0,9.85860824584961e-05,9.85860824584961e-05,678817.5,1296.0
1650166445,0.0,0.0,0.0,9.85860824584961e-05,9.85860824584961e-05,0.0,0.0
1650166446,0.0,0.0,0.0,9.85860824584961e-05,9.85860824584961e-05,0.0,0.0
1650166447,0.0,0.0,0.0,9.85860824584961e-05,9.85860824584961e-05,0.0,0.0
1650166448,0.0,0.0012599543333333,0.0,9.894371032714844e-05,9.894371032714844e-05,452672.6666666667,665.6666666666666
1650166449,0.0,0.002101216,0.0,9.906291961669922e-05,9.906291961669922e-05,1357809.0,2023.0
1650166450,0.0,0.002101216,0.0,9.906291961669922e-05,9.906291961669922e-05,1357809.0,2023.0
1650166451,0.0,0.0,0.0,9.906291961669922e-05,9.906291961669922e-05,39.0,100.0
1650166452,0.0,0.0,0.0,9.906291961669922e-05,9.906291961669922e-05,39.0,100.0
1650166453,0.0,0.0,0.0,9.906291961669922e-05,9.906291961669922e-05,0.0,0.0
1650166454,0.0,0.0,0.0,9.906291961669922e-05,9.906291961669922e-05,0.0,0.0
1650166455,0.0,0.0,0.0,9.906291961669922e-05,9.906291961669922e-05,0.0,0.0
1650166456,0.0,0.0018181613333333,0.0,9.906291961669922e-05,9.906291961669922e-05,905330.3333333334,1323.3333333333333
1650166457,0.0,0.0,0.0,9.906291961669922e-05,9.906291961669922e-05,0.0,0.0
1650166458,0.0,0.0,0.0,9.906291961669922e-05,9.906291961669922e-05,0.0,0.0
1650166459,0.0,0.0,0.0,9.906291961669922e-05,9.906291961669922e-05,0.0,0.0
1650166460,0.0,0.0,0.0,9.906291961669922e-05,9.906291961669922e-05,0.0,0.0
1650166461,0.0,0.004604558,0.0,0.0001182556152343,0.0001182556152343,2376899.75,4854.25
1650166462,0.02,0.013590362,0.0,0.0001182556152343,0.0001182556152343,6791862.0,13443.0
1650166463,0.02,0.013590362,0.0,0.0001182556152343,0.0001182556152343,6791862.0,13443.0
1650166464,0.0,0.0035194995,0.0,0.0001182556152343,0.0001182556152343,2037880.5,5043.0
1650166465,0.01,0.003258036,0.0,0.0001182556152343,0.0001182556152343,1358727.0,3045.0
1650166466,0.01,0.003258036,0.0,0.0001182556152343,0.0001182556152343,1358727.0,3045.0
1650166467,0.0,0.003435416,0.0,0.0001182854175567,0.0001182854175567,2038526.0,4761.5
1650166468,0.0,0.005076069,0.01,0.0001182854175567,0.0001182854175567,2717952.0,6024.0
1650166469,0.01,0.008937731,0.0,0.0001180469989776,0.0001180469989776,4077163.0,8583.0
1650166470,0.01,0.008937731,0.0,0.0001180469989776,0.0001180469989776,4077163.0,8583.0
1650166471,0.005,0.0046047855,0.005,0.0001179873943328,0.0001179873943328,3398108.0,7088.5
1650166472,0.0,0.00709343,0.0,0.0001179873943328,0.0001179873943328,5437619.0,11784.0
1650166473,0.0,0.00709343,0.0,0.0001179873943328,0.0001179873943328,5437619.0,11784.0
1650166474,0.0,0.001982796,0.0,0.0001179873943328,0.0001179873943328,1359746.0,3917.5
1650166475,0.0,0.005145764,0.0,0.0001179873943328,0.0001179873943328,4079138.0,8739.0
1650166476,0.0,0.005145764,0.0,0.0001179873943328,0.0001179873943328,4079138.0,8739.0
1650166477,0.005,0.002930971,0.005,0.0001179873943328,0.0001179873943328,2040010.5,4563.5
1650166478,0.005,0.002930971,0.005,0.0001179873943328,0.0001179873943328,2040010.5,4563.5
1650166479,0.0,0.003517916,0.0,0.0001179873943328,0.0001179873943328,2720127.0,6123.0
1650166480,0.0,0.003517916,0.0,0.0001179873943328,0.0001179873943328,2720127.0,6123.0
1650166481,0.0,0.003585777,0.005,0.0001180171966552,0.0001180171966552,2720482.0,5995.0
1650166482,0.0,0.003585777,0.005,0.0001180171966552,0.0001180171966552,2720482.0,5995.0
1650166483,0.0,0.002654434,0.0,0.0001180768013,0.0001180768013,2040610.5,4402.5
1650166484,0.0,0.005289,0.0,0.0001180768013,0.0001180768013,4081785.0,9831.0
1650166485,0.0,0.005289,0.0,0.0001180768013,0.0001180768013,4081785.0,9831.0
1650166486,0.005,0.003803858,0.0,0.0001180768013,0.0001180768013,2721663.0,5789.0
1650166487,0.0,0.005537362,0.0,0.0001180768013,0.0001180768013,4082463.0,9135.0
1650166488,0.0,0.005537362,0.0,0.0001180768013,0.0001180768013,4082463.0,9135.0
1650166489,0.005,0.0009154305,0.0,0.0001180768013,0.0001180768013,680557.5,1522.5
1650166490,0.02,0.072726416,0.04,0.0001181960105895,0.0001181960105895,2722176.0,5826.0
1650166491,0.02,0.072726416,0.04,0.0001181960105895,0.0001181960105895,2722176.0,5826.0
1650166492,0.035,0.446803467,0.43,0.0007703006267547,0.0007563233375549,2041996.5,4571.5
1650166493,2.1,5.191348741,3.07,0.0001784861087799,0.0001780986785888,5443391.0,9768.0
1650166494,2.1,5.191348741,3.07,0.0001784861087799,0.0001780986785888,5443391.0,9768.0
1650166495,2.47,6.075021386,3.545,0.0001776218414306,0.0001772344112396,1361072.0,2091.0
1650166496,2.47,6.075021386,3.545,0.0001776218414306,0.0001772344112396,1361072.0,2091.0
1650166497,2.6,6.6892007075,3.99,0.0001783072948455,0.0001779198646545,3402831.0,4173.5
1650166498,2.6,6.6892007075,3.99,0.0001783072948455,0.0001779198646545,3402831.0,4173.5
1650166499,2.55,5.904482238,3.33,0.0001785159111022,0.0001781284809112,2042638.5,4336.5
1650166500,3.6,8.650819408,4.94,0.0001788735389709,0.0001784861087799,2724132.0,5958.0
1650166501,3.64,9.061234718,5.27,0.0001788735389709,0.0001784861087799,4084619.0,4853.0
1650166502,3.64,9.061234718,5.27,0.0001788735389709,0.0001784861087799,4084619.0,4853.0
1650166503,1.65,4.264429334,2.45,0.0001793801784515,0.0001789927482604,680794.5,994.5
1650166504,3.58,8.859838408,5.23,0.0001793801784515,0.0001789927482604,2724048.0,7120.0
1650166505,3.26,7.92030069,4.61,0.0001795887947082,0.0001792013645172,2724107.0,4902.0
1650166506,3.64,9.199182703,5.48,0.0001797378063201,0.0001793503761291,4086280.0,5563.0
1650166507,3.64,9.199182703,5.48,0.0001797378063201,0.0001793503761291,4086280.0,5563.0
1650166508,1.44,3.646543904,2.165,0.0001797676086425,0.0001793801784515,1361831.5,1395.0
1650166509,5.31,12.32476512,6.88,0.0001799464225769,0.0001795589923858,5449528.0,8658.0
1650166510,5.31,12.32476512,6.88,0.0001799464225769,0.0001795589923858,5449528.0,8658.0
1650166511,2.115,5.3296347865,3.155,0.0001799762248992,0.0001795887947082,1362681.0,2517.0
1650166512,3.62,9.055765336,5.41,0.0001800954341888,0.0001797080039978,4087485.0,5909.0
1650166513,3.62,9.055765336,5.41,0.0001800954341888,0.0001797080039978,4087485.0,5909.0
1650166514,2.54,6.09951395,3.525,0.0001801252365112,0.0001797378063201,3406854.5,5551.5
1650166515,3.58,8.68799431,5.02,0.0001804530620574,0.0001800656318664,2726256.0,4572.0
1650166516,3.58,8.68799431,5.02,0.0001804530620574,0.0001800656318664,2726256.0,4572.0
1650166517,2.66,6.484771313,3.74,0.0001806914806365,0.0001803040504455,2726142.5,3941.0
1650166518,3.44,8.547535762,5.06,0.0001809298992156,0.0001805424690246,2726634.0,4902.0
1650166519,3.44,8.547535762,5.06,0.0001809298992156,0.0001805424690246,2726634.0,4902.0
1650166520,2.565,6.3432793715,3.72,0.0001809895038604,0.0001806020736694,4090461.0,6495.0
1650166521,3.09,7.219264201,4.12,0.00018110871315,0.0001807212829589,1363412.0,1923.0
1650166522,3.09,7.219264201,4.12,0.00018110871315,0.0001807212829589,1363412.0,1923.0
1650166523,1.775,4.3289052235,2.535,0.0001809298992156,0.0001805424690246,1363847.5,2517.0
1650166524,5.18,12.280324515,6.97,0.0001813769340515,0.0001809895038604,2727302.0,6704.0
1650166525,5.18,12.280324515,6.97,0.0001813769340515,0.0001809895038604,2727302.0,6704.0
1650166526,2.545,6.333621927,3.685,0.0001814663410186,0.0001810789108276,2046008.0,3045.5
1650166527,2.545,6.333621927,3.685,0.0001814663410186,0.0001810789108276,2046008.0,3045.5
1650166528,2.74,6.5738899165,3.785,0.0001816153526306,0.0001812279224395,1364117.5,2484.0
1650166529,3.42,7.909385322,4.41,0.000181645154953,0.0001812577247619,4092350.0,6759.0
1650166530,3.42,7.909385322,4.41,0.000181645154953,0.0001812577247619,4092350.0,6759.0
1650166531,2.165,5.3874301675,3.165,0.0001818239688873,0.0001814365386962,1364292.0,1758.0
1650166532,2.165,5.3874301675,3.165,0.0001818239688873,0.0001814365386962,1364292.0,1758.0
1650166533,2.72,6.479820163,3.735,0.0001820027828216,0.0001816153526306,2046535.5,3445.5
1650166534,3.57,8.682568519,5.12,0.0001820027828216,0.0001816153526306,5458657.0,10178.0
1650166535,3.03,7.447235306,4.35,0.000182032585144,0.000181645154953,2729118.0,3978.0
1650166536,3.03,7.447235306,4.35,0.000182032585144,0.000181645154953,2729118.0,3978.0
1650166537,2.805,6.76898432,3.9,0.0001821815967559,0.0001817941665649,1365078.5,2579.0
1650166538,2.805,6.76898432,3.9,0.0001821815967559,0.0001817941665649,1365078.5,2579.0
1650166539,2.22,5.32068928,3.05,0.0001823604106903,0.0001819729804992,2729763.0,4440.0
1650166540,3.76,9.107271616,5.29,0.0001823604106903,0.0001819729804992,1365117.0,1989.0
1650166541,3.39,8.169189462,4.68,0.0001824498176574,0.0001820623874664,2730444.0,4902.0
1650166542,3.39,8.169189462,4.68,0.0001824498176574,0.0001820623874664,2730444.0,4902.0
1650166543,2.37,5.964789365,3.525,0.0001825988292694,0.0001822113990783,2047798.5,3346.5
1650166544,3.04,7.441174008,4.38,0.0001826584339141,0.0001822710037231,4096029.0,5831.0
1650166545,3.04,7.441174008,4.38,0.0001826584339141,0.0001822710037231,4096029.0,5831.0
1650166546,2.475,5.9763397005,3.465,0.0001829862594604,0.0001825988292694,2731147.0,3916.0
1650166547,3.41,7.961881828,4.45,0.0001830160617828,0.0001826286315917,1365795.0,2179.0
1650166548,2.91,6.931881217,3.97,0.000183492898941,0.00018310546875,4097311.0,6627.0
1650166549,2.91,6.931881217,3.97,0.000183492898941,0.00018310546875,4097311.0,6627.0
1650166550,2.125,5.3988368855,3.245,0.0001835227012634,0.0001831352710723,1366043.5,2505.0
1650166551,3.08,7.482835685,4.33,0.0001836717128753,0.0001832842826843,4097967.0,6495.0
1650166552,3.31,7.954008031,4.59,0.0001836717128753,0.0001832842826843,2733186.0,6222.0
1650166553,3.31,7.954008031,4.59,0.0001836717128753,0.0001832842826843,2733186.0,6222.0
1650166554,2.565,6.137170482,3.555,0.0001838207244873,0.0001834332942962,2049277.0,4185.0
1650166555,5.03,12.15401733,7.06,0.0001838207244873,0.0001834332942962,5465616.0,7238.0
1650166556,5.03,12.15401733,7.06,0.0001838207244873,0.0001834332942962,5465616.0,7238.0
1650166557,2.045,4.9288836535,2.83,0.0001839399337768,0.0001835525035858,2049974.0,3012.5
1650166558,2.045,4.9288836535,2.83,0.0001839399337768,0.0001835525035858,2049974.0,3012.5
1650166559,2.64,6.354159815,3.655,0.0001839697360992,0.0001835823059082,2050162.5,3313.5
1650166560,4.19,10.00416948,5.76,0.0001841187477111,0.0001837313175201,4100492.0,6891.0
1650166561,4.19,10.00416948,5.76,0.0001841187477111,0.0001837313175201,4100492.0,6891.0
1650166562,2.745,6.7395532565,3.84,0.0001841485500335,0.0001837611198425,2734812.0,5496.0
1650166563,3.13,8.112442857,4.76,0.0001842975616455,0.0001839101314544,1367559.0,3916.0
1650166564,3.13,8.112442857,4.76,0.0001842975616455,0.0001839101314544,1367559.0,3916.0
1650166565,2.015,4.784103151,2.735,0.0001843273639678,0.0001839399337768,1367070.0,1923.0
1650166566,3.62,8.709331211,5.06,0.0001842975616455,0.0001839101314544,1367967.0,3045.0
1650166567,3.62,8.709331211,5.06,0.0001842975616455,0.0001839101314544,1367967.0,3045.0
1650166568,2.4,5.9082399075,3.475,0.0001846253871917,0.0001842379570007,1367773.5,2682.0
1650166569,3.21,7.850479733,4.51,0.000184804201126,0.000184416770935,4103749.0,8607.0
1650166570,3.72,9.392506847,5.56,0.000184804201126,0.000184416770935,2735106.0,2790.0
1650166571,3.72,9.392506847,5.56,0.000184804201126,0.000184416770935,2735106.0,2790.0
1650166572,2.335,5.7159810345,3.335,0.000184953212738,0.0001845657825469,2051608.5,3214.5
1650166573,4.47,10.84262907,6.31,0.000184953212738,0.0001845657825469,5472551.0,11688.0
1650166574,4.47,10.84262907,6.31,0.000184953212738,0.0001845657825469,5472551.0,11688.0
1650166575,2.525,5.932979426,3.355,0.0001851320266723,0.0001847445964813,2052277.5,3181.5
1650166576,2.525,5.932979426,3.355,0.0001851320266723,0.0001847445964813,2052277.5,3181.5
1650166577,2.4,5.9540508365,3.53,0.0001851618289947,0.0001847743988037,2736352.5,3516.0
1650166578,4.6,11.329347772,6.63,0.000185340642929,0.000184953212738,4105760.0,7749.0
1650166579,4.6,11.329347772,6.63,0.000185340642929,0.000184953212738,4105760.0,7749.0
1650166580,2.285,5.5141004555,3.18,0.0001854300498962,0.0001850426197052,1368333.0,1923.0
1650166581,2.285,5.5141004555,3.18,0.0001854300498962,0.0001850426197052,1368333.0,1923.0
1650166582,2.105,5.3853466535,3.225,0.0001856088638305,0.0001852214336395,1368825.0,2484.0
1650166583,4.8,11.660819995,6.78,0.0001856386661529,0.0001852512359619,2737974.0,5166.0
1650166584,4.8,11.660819995,6.78,0.0001856386661529,0.0001852512359619,2737974.0,5166.0
1650166585,2.17,5.630321649,3.405,0.0001858174800872,0.0001854300498962,2053032.5,2917.5
1650166586,2.17,5.630321649,3.405,0.0001858174800872,0.0001854300498962,2053032.5,2917.5
1650166587,2.855,6.8646005685,3.925,0.0001857280731201,0.000185340642929,2738478.0,4370.0
1650166588,3.21,8.046938213,4.82,0.0001860558986663,0.0001856684684753,5476885.0,8360.0
1650166589,3.42,7.887918065,4.46,0.0001860857009887,0.0001856982707977,4108047.0,5373.0
1650166590,3.42,7.887918065,4.46,0.0001860857009887,0.0001856982707977,4108047.0,5373.0
1650166591,2.2,5.4572049565,3.215,0.000186264514923,0.000185877084732,2739011.5,4110.0
1650166592,4.57,10.759341623,6.12,0.0001862943172454,0.0001859068870544,6849369.0,11595.0
1650166593,3.38,8.228970977,4.79,0.0001864433288574,0.0001860558986663,2740572.0,7186.0
1650166594,3.38,8.228970977,4.79,0.0001864433288574,0.0001860558986663,2740572.0,7186.0
1650166595,2.585,6.2805748715,3.63,0.0001864731311798,0.0001860857009887,2740068.0,4374.0
1650166596,2.585,6.2805748715,3.63,0.0001864731311798,0.0001860857009887,2740068.0,4374.0
1650166597,2.05,5.0743340155,2.965,0.0001867115497589,0.0001863241195678,1370238.5,2018.0
1650166598,4.41,11.206836469,6.65,0.000186949968338,0.0001865625381469,2741126.0,5018.0
1650166599,4.41,11.206836469,6.65,0.000186949968338,0.0001865625381469,2741126.0,5018.0
1650166600,1.765,4.384317601,2.585,0.000186949968338,0.0001865625381469,685123.5,994.5
1650166601,3.61,8.952383986,5.28,0.0001869797706604,0.0001865923404693,4110633.0,4845.0
1650166602,3.2,8.339899325,5.08,0.0001871585845947,0.0001867711544036,2740926.0,3846.0
1650166603,3.2,8.339899325,5.08,0.0001871585845947,0.0001867711544036,2740926.0,3846.0
1650166604,2.52,5.9688884435,3.415,0.0001871883869171,0.000186800956726,1371120.0,3019.0
1650166605,2.52,5.9688884435,3.415,0.0001871883869171,0.000186800956726,1371120.0,3019.0
1650166606,2.605,6.281855086,3.6,0.0001873672008514,0.0001869797706604,2056513.5,3379.5
1650166607,3.68,9.324946655,5.57,0.0001873970031738,0.0001870095729827,6855200.0,10201.0
1650166608,3.68,9.324946655,5.57,0.0001873970031738,0.0001870095729827,6855200.0,10201.0
1650166609,2.835,6.7351851405,3.84,0.0001873075962066,0.0001869201660156,1371336.0,2451.0
1650166610,2.94,7.746787315,4.79,0.0001876056194305,0.0001872181892395,4113550.0,4985.0
1650166611,2.94,7.746787315,4.79,0.0001876056194305,0.0001872181892395,4113550.0,4985.0
1650166612,2.33,5.645902483,3.285,0.00018772482872,0.000187337398529,2057185.5,3115.5
1650166613,2.33,5.645902483,3.285,0.00018772482872,0.000187337398529,2057185.5,3115.5
1650166614,2.705,6.5498900235,3.775,0.0006658434867858,0.000663936138153,2743074.0,4279.0
1650166615,0.57,1.670332853,1.05,0.0001192986965179,0.0001190304756164,2744154.0,5628.0
1650166616,0.57,1.670332853,1.05,0.0001192986965179,0.0001190304756164,2744154.0,5628.0
1650166617,0.0,0.003594641,0.0,0.0001192986965179,0.0001190304756164,2744700.0,6086.0
1650166618,0.0,0.001726558,0.0,0.0001192986965179,0.0001190304756164,1372341.0,2847.0
1650166619,0.0,0.001995557,0.01,0.0001192986965179,0.0001190304756164,1372680.0,3513.0
1650166620,0.0,0.005215855,0.0,0.0001190304756164,0.0001187622547149,4117889.0,9327.0
1650166621,0.0,0.005215855,0.0,0.0001190304756164,0.0001187622547149,4117889.0,9327.0
1650166622,0.0,0.002848599,0.0,0.0001192688941955,0.000119000673294,2059126.0,4772.5
1650166623,0.0,0.003499543,0.0,0.0001192688941955,0.000119000673294,2745404.0,5490.0
1650166624,0.0,0.003499543,0.0,0.0001192688941955,0.000119000673294,2745404.0,5490.0
1650166625,0.0,0.0018012025,0.0,0.0001192688941955,0.000119000673294,1373009.5,3690.5
1650166626,0.0,0.00556817,0.01,0.0001192688941955,0.000119000673294,4119610.0,9193.0
1650166627,0.0,0.00556817,0.01,0.0001192688941955,0.000119000673294,4119610.0,9193.0
1650166628,0.0,0.001856632,0.0,0.0001192688941955,0.000119000673294,1373150.5,3078.0
1650166629,0.01,0.005568777,0.0,0.0001192688941955,0.000119000673294,4119681.0,9201.0
1650166630,0.01,0.005568777,0.0,0.0001192688941955,0.000119000673294,4119681.0,9201.0
1650166631,0.0,0.001807939,0.005,0.0001190304756164,0.0001187622547149,1373523.0,3078.0
1650166632,0.0,0.003691748,0.0,0.0001192688941955,0.000119000673294,2747246.0,6230.0
1650166633,0.0,0.003691748,0.0,0.0001192688941955,0.000119000673294,2747246.0,6230.0
1650166634,0.0,0.001881204,0.0,0.0001192688941955,0.000119000673294,1373549.5,3816.0
1650166635,0.0,0.005219811,0.01,0.0001192986965179,0.0001190304756164,4121241.0,8871.0
1650166636,0.0,0.005219811,0.01,0.0001192986965179,0.0001190304756164,4121241.0,8871.0
1650166637,0.0,0.000161804,0.0,0.0001192986965179,0.0001190304756164,452.0,0.0
1650166638,0.0,0.000161804,0.0,0.0001192986965179,0.0001190304756164,452.0,0.0
1650166639,0.0,0.000102884,0.0,0.0001192986965179,0.0001190304756164,8250.0,201.0
1650166640,0.0,0.000102884,0.0,0.0001192986965179,0.0001190304756164,8250.0,201.0
1650166641,0.0,0.000318567,0.0,0.000119537115097,0.0001192688941955,3260.5,255.0
1650166642,0.0,7.4103e-05,0.0,0.000119537115097,0.0001192688941955,31743.0,664.0
1650166643,0.0,7.4103e-05,0.0,0.000119537115097,0.0001192688941955,31743.0,664.0
1650166644,0.0,0.0005397315,0.0,0.0001198947429656,0.0001196265220642,9851.0,489.0
1650166645,0.0,0.000952053,0.0,0.0001210868358612,0.0001208186149597,62634.0,800.0
1650166646,0.0,0.000330483,0.0,0.000120609998703,0.0001203417778015,31348.0,420.0
1650166647,0.0,0.000330483,0.0,0.000120609998703,0.0001203417778015,31348.0,420.0
1650166648,0.005,0.0006106015,0.0,0.0001213252544403,0.0001210570335388,62561.5,490.0
1650166649,0.0,0.001662447,0.0,0.0001220107078552,0.0001217424869537,60314.0,1313.0
1650166650,0.0,0.001662447,0.0,0.0001220107078552,0.0001217424869537,60314.0,1313.0
1650166651,0.0,0.0009497505,0.0,0.0001232624053955,0.000122994184494,125739.0,695.5
1650166652,0.0,0.0009497505,0.0,0.0001232624053955,0.000122994184494,125739.0,695.5
1650166653,0.0,0.000706457,0.0,0.0001229643821716,0.0001226961612701,74736.5,1152.5
1650166654,0.01,0.002362315,0.0,0.000123918056488,0.0001236498355865,506349.0,2414.0
1650166655,0.01,0.002362315,0.0,0.000123918056488,0.0001236498355865,506349.0,2414.0
1650166656,0.0,0.001218337,0.0,0.0001251101493835,0.000124841928482,153911.0,1127.5
1650166657,0.0,0.001218337,0.0,0.0001251101493835,0.000124841928482,153911.0,1127.5
1650166658,0.0,0.001562897,0.0,0.0001272559165954,0.0001269876956939,261066.0,3039.5
1650166659,0.0,0.001562897,0.0,0.0001272559165954,0.0001269876956939,261066.0,3039.5
1650166660,0.0,0.0015810265,0.0,0.000108778476715,0.0001085102558135,287366.0,2315.5
1650166661,0.0,0.003021778,0.0,0.0001112818717956,0.0001110136508941,813488.0,2907.0
1650166662,0.0,0.003021778,0.0,0.0001112818717956,0.0001110136508941,813488.0,2907.0
1650166663,0.0,0.0023786275,0.005,0.0001331865787506,0.0001329183578491,298886.5,3497.5
1650166664,0.01,0.003331897,0.0,0.0001344382762908,0.0001341700553894,993848.0,15680.0
1650166665,0.01,0.003331897,0.0,0.0001344382762908,0.0001341700553894,993848.0,15680.0
1650166666,0.0,0.003825546,0.0,0.0001581311225891,0.0001578629016876,685662.0,6865.5
1650166667,0.0,0.002516822,0.0,0.0001636743545532,0.0001634061336517,624123.0,7640.0
1650166668,0.0,0.002516822,0.0,0.0001636743545532,0.0001634061336517,624123.0,7640.0
1650166669,0.005,0.00352434,0.0,0.0001908838748931,0.0001906156539916,690962.5,12081.5
1650166670,0.005,0.00352434,0.0,0.0001908838748931,0.0001906156539916,690962.5,12081.5
1650166671,0.0,0.0046355915,0.0,0.0002181828022003,0.0002179145812988,1154651.5,10102.0
1650166672,0.0,0.0046355915,0.0,0.0002181828022003,0.0002179145812988,1154651.5,10102.0
1650166673,0.005,0.0050944475,0.0,0.0002480745315551,0.0002478063106536,1211297.0,15233.5
1650166674,0.005,0.0050944475,0.0,0.0002480745315551,0.0002478063106536,1211297.0,15233.5
1650166675,0.0,0.006097626,0.005,0.0002771019935607,0.0002768337726593,1098983.0,19372.0
1650166676,0.0,0.011369713,0.0,0.0003235042095184,0.0003232359886169,2391588.0,24384.0
1650166677,0.0,0.011369713,0.0,0.0003235042095184,0.0003232359886169,2391588.0,24384.0
1650166678,0.005,0.004662773,0.0,0.0003528594970703,0.0003525912761688,926759.5,21840.5
1650166679,0.0,0.007881325,0.0,0.0003761649131774,0.000375896692276,2279896.0,22918.0
1650166680,0.0,0.007881325,0.0,0.0003761649131774,0.000375896692276,2279896.0,22918.0
1650166681,0.005,0.004966977,0.005,0.0004209876060485,0.000420719385147,1085254.5,15162.0
1650166682,0.0,0.006041707,0.0,0.0004472434520721,0.0004469752311706,837949.0,26451.0
1650166683,0.0,0.007077843,0.0,0.0004720985889434,0.0004718303680419,1964289.0,29016.0
1650166684,0.0,0.00492351,0.0,0.0004709362983703,0.0004706680774688,1403901.0,923.0
1650166685,0.0,0.00492351,0.0,0.0004709362983703,0.0004706680774688,1403901.0,923.0
1650166686,0.0,0.003246555,0.005,0.000500202178955,0.0004999339580535,574488.5,24853.0
1650166687,0.0,0.003246555,0.005,0.000500202178955,0.0004999339580535,574488.5,24853.0
1650166688,0.0,0.0032809895,0.0,0.0005201995372772,0.0005199313163757,703346.0,8760.0
1650166689,0.01,0.010289472,0.0,0.0005668103694915,0.00056654214859,2283138.0,46362.0
1650166690,0.01,0.010289472,0.0,0.0005668103694915,0.00056654214859,2283138.0,46362.0
1650166691,0.0,0.0022142555,0.0,0.0005658864974975,0.000565618276596,702022.5,5747.5
1650166692,0.0,0.0022142555,0.0,0.0005658864974975,0.000565618276596,702022.5,5747.5
1650166693,0.0,0.00396156,0.005,0.000590443611145,0.0005901753902435,1002544.5,13748.0
1650166694,0.0,0.001809674,0.0,0.0005906224250793,0.0005903542041778,956.0,24753.0
1650166695,0.0,0.00425738,0.0,0.0006005764007568,0.0006003081798553,1404398.0,682.0
1650166696,0.0,0.001367193,0.0,0.0006009340286254,0.0006006658077239,1182.0,40518.0
1650166697,0.0,0.001367193,0.0,0.0006009340286254,0.0006006658077239,1182.0,40518.0
1650166698,0.0,0.002061516,0.0,0.0006028413772583,0.0006025731563568,702209.0,13221.0
1650166699,0.01,0.004694197,0.0,0.0006212294101715,0.00062096118927,1404035.0,550.0
1650166700,0.0,0.003617684,0.0,0.0006036460399627,0.0006033778190612,976.0,27674.0
1650166701,0.0,0.004552641,0.0,0.0006130337715148,0.0006127655506134,1404083.0,682.0
1650166702,0.0,0.004552641,0.0,0.0006130337715148,0.0006127655506134,1404083.0,682.0
1650166703,0.005,0.0039059445,0.0,0.0006310045719146,0.0006307363510131,703724.5,15125.0
1650166704,0.005,0.0039059445,0.0,0.0006310045719146,0.0006307363510131,703724.5,15125.0
1650166705,0.0,0.002814981,0.0,0.0006521642208099,0.0006518959999084,702644.0,12098.5
1650166706,0.0,0.001824333,0.0,0.0006505846977233,0.0006503164768218,2642.0,27477.0
1650166707,0.0,0.001824333,0.0,0.0006505846977233,0.0006503164768218,2642.0,27477.0
1650166708,0.0,0.0018090455,0.005,0.0006503462791442,0.0006500780582427,702175.5,391.0
1650166709,0.0,0.005477962,0.0,0.0006298720836639,0.0006296038627624,1405957.0,27527.0
1650166710,0.0,0.000665347,0.0,0.000630110502243,0.0006298422813415,568.0,25915.0
1650166711,0.0,0.000665347,0.0,0.000630110502243,0.0006298422813415,568.0,25915.0
1650166712,0.0,0.002024395,0.0,0.0006299316883087,0.0006296634674072,702223.5,358.0
1650166713,0.0,0.005097431,0.0,0.0006108880043029,0.0006106197834014,1405063.0,27819.0
1650166714,0.01,0.000824501,0.0,0.0006110966205596,0.0006108283996582,506.0,27472.0
1650166715,0.01,0.000824501,0.0,0.0006110966205596,0.0006108283996582,506.0,27472.0
1650166716,0.0,0.001010575,0.0,0.0006108582019805,0.0006105899810791,438295.0,358.0
1650166717,0.0,0.005724759,0.0,0.0006212294101715,0.00062096118927,1405560.0,28474.0
1650166718,0.0,0.002496732,0.0,0.0006033182144165,0.000603049993515,528525.0,16508.0
1650166719,0.0,0.002496732,0.0,0.0006033182144165,0.000603049993515,528525.0,16508.0
1650166720,0.0,0.000130616,0.0,0.0006024539470672,0.0006021857261657,10604.0,424.5
1650166721,0.01,0.00540434,0.0,0.0006124973297119,0.0006122291088104,1405341.0,27956.0
1650166722,0.01,0.00540434,0.0,0.0006124973297119,0.0006122291088104,1405341.0,27956.0
1650166723,0.0,0.0025107885,0.0,0.0006134212017059,0.0006131529808044,723385.5,771.5
1650166724,0.0,0.00084799,0.0,0.0006136298179626,0.0006133615970611,782.0,27713.0
1650166725,0.0,0.002297202,0.0,0.0006127655506134,0.0006124973297119,980194.0,1540.0
1650166726,0.0,0.002297202,0.0,0.0006127655506134,0.0006124973297119,980194.0,1540.0
1650166727,0.0,0.002888461,0.0,0.0006225407123565,0.000622272491455,702905.5,13103.0
1650166728,0.0,0.002888461,0.0,0.0006225407123565,0.000622272491455,702905.5,13103.0
1650166729,0.0,0.0024183805,0.0,0.0006419122219085,0.000641644001007,337017.5,8518.0
1650166730,0.0,0.0024183805,0.0,0.0006419122219085,0.000641644001007,337017.5,8518.0
1650166731,0.0,0.0006236995,0.0,0.0006418824195861,0.0006416141986846,8186.5,13975.5
1650166732,0.0,0.004309221,0.0,0.0006418824195861,0.0006416141986846,1725244.0,3462.0
1650166733,0.0,0.000783725,0.0,0.0006418526172637,0.0006415843963623,30324.0,768.0
1650166734,0.0,0.008410908,0.01,0.0006630420684814,0.0006627738475799,2081130.0,30262.0
1650166735,0.0,0.008410908,0.01,0.0006630420684814,0.0006627738475799,2081130.0,30262.0
1650166736,0.0,0.0003119935,0.0,0.0006612837314605,0.000661015510559,37231.0,638.0
1650166737,0.0,0.003625482,0.0,0.0006621181964874,0.0006618499755859,98301.0,28892.0
1650166738,0.01,0.00575397,0.0,0.0006430447101593,0.0006427764892578,1553891.0,2778.0
1650166739,0.01,0.00575397,0.0,0.0006430447101593,0.0006427764892578,1553891.0,2778.0
1650166740,0.0,0.0020019115,0.0,0.0006422102451324,0.0006419420242309,702561.5,424.5
1650166741,0.0,0.004558459,0.0,0.0006424188613891,0.0006421506404876,1344738.0,31761.0
1650166742,0.0,0.004558459,0.0,0.0006424188613891,0.0006421506404876,1344738.0,31761.0
1650166743,0.0,0.000836942,0.0,0.0006422698497772,0.0006420016288757,814.5,12991.5
1650166744,0.0,0.000836942,0.0,0.0006422698497772,0.0006420016288757,814.5,12991.5
1650166745,0.005,0.0034591685,0.005,0.0006424486637115,0.00064218044281,1178094.5,13100.5
1650166746,0.0,0.001049173,0.0,0.0006421506404876,0.0006418824195861,338838.0,1670.0
1650166747,0.0,0.001049173,0.0,0.0006421506404876,0.0006418824195861,338838.0,1670.0
1650166748,0.0,0.004394701,0.0,0.0006423592567443,0.0006420910358428,1057184.5,16635.0
1650166749,0.0,0.001545807,0.0,0.0006422996520996,0.0006420314311981,688152.0,7104.0
1650166750,0.0,0.005469979,0.01,0.0006614625453948,0.0006611943244934,1405375.0,6044.0
1650166751,0.0,0.002099709,0.0,0.0006616711616516,0.0006614029407501,475148.0,32367.0
1650166752,0.0,0.003776122,0.01,0.0006617307662963,0.0006614625453948,1280955.0,3628.0
1650166753,0.0,0.003776122,0.01,0.0006617307662963,0.0006614625453948,1280955.0,3628.0
1650166754,0.0,0.004095548,0.0,0.000680923461914,0.0006806552410125,939070.0,16015.5
1650166755,0.0,0.00235148,0.0,0.0006812214851379,0.0006809532642364,504384.0,22720.0
1650166756,0.0,0.002366189,0.0,0.0006808340549468,0.0006805658340454,839941.0,1437.0
1650166757,0.0,0.002366189,0.0,0.0006808340549468,0.0006805658340454,839941.0,1437.0
1650166758,0.0,0.0025885105,0.0,0.0006806254386901,0.0006803572177886,703310.5,15571.5
1650166759,0.0,0.0025885105,0.0,0.0006806254386901,0.0006803572177886,703310.5,15571.5
1650166760,0.005,0.0032074405,0.005,0.0006807148456573,0.0006804466247558,986564.0,8647.0
1650166761,0.005,0.0032074405,0.005,0.0006807148456573,0.0006804466247558,986564.0,8647.0
1650166762,0.0,0.0005045465,0.0,0.0006806552410125,0.000680387020111,453.0,13539.5
1650166763,0.0,0.003419177,0.0,0.0006800889968872,0.0006798207759857,1341978.0,28222.0
1650166764,0.0,0.004784342,0.01,0.0006800889968872,0.0006798207759857,1406403.0,1155.0
1650166765,0.0,0.004784342,0.01,0.0006800889968872,0.0006798207759857,1406403.0,1155.0
1650166766,0.0,0.001542646,0.0,0.0006804466247558,0.0006801784038543,274001.0,13085.0
1650166767,0.0,0.007841639,0.0,0.0006824731826782,0.0006822049617767,2782488.0,43074.0
1650166768,0.01,0.006563756,0.0,0.0006803572177886,0.0006800889968872,4132304.0,8588.0
1650166769,0.01,0.006563756,0.0,0.0006803572177886,0.0006800889968872,4132304.0,8588.0
1650166770,0.0,0.0050492335,0.0,0.000662088394165,0.0006618201732635,2533797.0,6487.0
1650166771,0.0,0.007706212,0.0,0.0006417334079742,0.0006414651870727,4139699.0,10811.0
1650166772,0.0,0.007706212,0.0,0.0006417334079742,0.0006414651870727,4139699.0,10811.0
1650166773,0.005,0.003510007,0.0,0.0006410479545593,0.0006407797336578,2066125.0,2901.5
1650166774,0.0,0.002207793,0.0,0.0006407797336578,0.0006405115127563,1377781.0,4336.0
1650166775,0.01,0.005505616,0.0,0.0006405115127563,0.0006402432918548,4132431.0,6693.0
1650166776,0.01,0.005505616,0.0,0.0006405115127563,0.0006402432918548,4132431.0,6693.0
1650166777,0.0,0.00187321,0.0,0.0006405115127563,0.0006402432918548,1377733.0,2455.0
1650166778,0.0,0.003692928,0.0,0.000621348619461,0.0006210803985595,2755254.0,4770.0
1650166779,0.01,0.00652567,0.0,0.000621348619461,0.0006210803985595,2755380.0,4308.0
1650166780,0.01,0.00652567,0.0,0.000621348619461,0.0006210803985595,2755380.0,4308.0
1650166781,0.005,0.00712273,0.0,0.0006213784217834,0.0006211102008819,3445187.0,6193.5
1650166782,0.005,0.00712273,0.0,0.0006213784217834,0.0006211102008819,3445187.0,6193.5
1650166783,0.005,0.004913411,0.0,0.0006214082241058,0.0006211400032043,2067256.5,3577.5
1650166784,0.0,0.003176207,0.01,0.0006214082241058,0.0006211400032043,1378245.0,3747.0
1650166785,0.0,0.003176207,0.01,0.0006214082241058,0.0006211400032043,1378245.0,3747.0
1650166786,0.005,0.004847581,0.0,0.0006214082241058,0.0006211400032043,2067445.5,3247.5
1650166787,0.0,0.011206355,0.0,0.0006403625011444,0.0006400942802429,5514234.0,10200.0
1650166788,0.0,0.011206355,0.0,0.0006403625011444,0.0006400942802429,5514234.0,10200.0
1650166789,0.0,0.0035862345,0.005,0.0006405413150787,0.0006402730941772,2757538.0,5368.0
1650166790,0.0,0.001752564,0.0,0.0006405413150787,0.0006402730941772,1379019.0,3243.0
1650166791,0.0,0.001752564,0.0,0.0006405413150787,0.0006402730941772,1379019.0,3243.0
1650166792,0.0,0.00273786,0.0,0.0006405711174011,0.0006403028964996,2068666.5,4365.5
1650166793,0.01,0.005337653,0.0,0.0006405711174011,0.0006403028964996,4137644.0,8739.0
1650166794,0.01,0.007164109,0.0,0.0006214082241058,0.0006211400032043,4137812.0,10345.0
1650166795,0.0,0.010103313,0.0,0.0006214082241058,0.0006211400032043,4138442.0,9201.0
1650166796,0.0,0.006817052,0.0,0.0006214082241058,0.0006211400032043,2759268.0,5496.0
1650166797,0.0,0.006817052,0.0,0.0006214082241058,0.0006211400032043,2759268.0,5496.0
1650166798,0.01,0.008323209,0.005,0.0006214082241058,0.0006211400032043,3449476.5,6973.5
1650166799,0.01,0.008323209,0.005,0.0006214082241058,0.0006211400032043,3449476.5,6973.5
1650166800,0.0,0.000536194,0.0,0.0006214380264282,0.0006211698055267,424334.0,570.0
1650166801,0.0,0.003182232,0.0,0.0006211400032043,0.0006208717823028,544331.0,531.0
1650166802,0.0,0.0,0.0,0.0006211400032043,0.0006208717823028,148.0,0.0
1650166803,0.0,0.0,0.0,0.0006211400032043,0.0006208717823028,148.0,0.0
1650166804,0.0,6.08615e-05,0.0,0.0006211400032043,0.0006208717823028,74.0,0.0
1650166805,0.0,0.000124112,0.0,0.0006211400032043,0.0006208717823028,459.0,190.0
1650166806,0.0,0.004092093,0.0,0.0006214380264282,0.0006211698055267,1382547.0,1598.0
1650166807,0.0,0.0,0.0,0.0006214380264282,0.0006211698055267,148.0,0.0
1650166808,0.0,0.0,0.0,0.0006214380264282,0.0006211698055267,148.0,0.0
1650166809,0.0,0.000711293,0.0,0.0006216764450073,0.0006214082241058,563578.0,640.0
1650166810,0.0,0.00246917,0.0,0.0006220340728759,0.0006217658519744,1381664.0,1408.0
1650166811,0.0,0.0,0.0,0.0006220340728759,0.0006217658519744,1888.0,78.0
1650166812,0.0,0.0,0.0,0.0006220340728759,0.0006217658519744,1888.0,78.0
1650166813,0.0,0.0007647655,0.0,0.0006221532821655,0.000621885061264,133299.5,237.0
1650166814,0.0,0.0007647655,0.0,0.0006221532821655,0.000621885061264,133299.5,237.0
1650166815,0.0,0.0010217035,0.0,0.000622808933258,0.0006225407123565,54199.5,642.0
1650166816,0.0,0.002880411,0.0,0.0006229579448699,0.0006226897239685,1395983.0,4662.0
1650166817,0.0,0.000445755,0.0,0.0006229579448699,0.0006226897239685,275812.0,498.0
1650166818,0.0,0.000445755,0.0,0.0006229579448699,0.0006226897239685,275812.0,498.0
1650166819,0.0,0.0002574555,0.0,0.0006231665611267,0.0006228983402252,257.0,37.0
1650166820,0.0,0.001185696,0.0,0.0006234347820281,0.0006231665611267,589478.0,1412.0
1650166821,0.0,0.001185696,0.0,0.0006234347820281,0.0006231665611267,589478.0,1412.0
1650166822,0.0,0.000663951,0.0,0.0006231069564819,0.0006228387355804,3066.0,512.0
1650166823,0.0,0.000248728,0.0,0.0006231069564819,0.0006228387355804,300.0,479.0
1650166824,0.0,0.000248728,0.0,0.0006231069564819,0.0006228387355804,300.0,479.0
1650166825,0.0,0.002577316,0.0,0.0006234645843505,0.000623196363449,921701.0,713.0
1650166826,0.0,0.000506749,0.0,0.0006237030029296,0.0006234347820281,3956.0,140.0
1650166827,0.0,0.005258964,0.0,0.0006239116191864,0.0006236433982849,2786137.0,8251.0
1650166828,0.0,0.005258964,0.0,0.0006239116191864,0.0006236433982849,2786137.0,8251.0
1650166829,0.0,0.0029885,0.0,0.0006248354911804,0.0006245672702789,1393050.5,3413.0
1650166830,0.0,0.0029885,0.0,0.0006248354911804,0.0006245672702789,1393050.5,3413.0
1650166831,0.0,0.000209269,0.0,0.0006236732006072,0.0006234049797058,639.0,275.5
1650166832,0.0,0.000193422,0.0,0.0006236135959625,0.000623345375061,592.0,198.0
1650166833,0.0,0.000193422,0.0,0.0006236135959625,0.000623345375061,592.0,198.0
1650166834,0.0,0.000737077,0.0,0.0006242990493774,0.0006240308284759,594.5,325.5
1650166835,0.0,0.000737077,0.0,0.0006242990493774,0.0006240308284759,594.5,325.5
1650166836,0.0,0.000943825,0.0,0.0006236135959625,0.000623345375061,156815.0,811.5
1650166837,0.0,0.002901191,0.0,0.0006234645843505,0.000623196363449,1389807.0,2778.0
1650166838,0.0,0.002901191,0.0,0.0006234645843505,0.000623196363449,1389807.0,2778.0
1650166839,0.0,0.002312489,0.0,0.000516653060913,0.0005163848400115,86359.0,1344.0
1650166840,0.0,0.002312489,0.0,0.000516653060913,0.0005163848400115,86359.0,1344.0
1650166841,0.0,0.0068233675,0.005,0.0005851984024047,0.0005849301815032,2499686.0,8173.5
1650166842,0.0,0.0068233675,0.005,0.0005851984024047,0.0005849301815032,2499686.0,8173.5
1650166843,0.0,0.001318875,0.0,0.0005953013896942,0.0005950331687927,691382.0,768.0
1650166844,0.0,0.000569128,0.0,0.0005952715873718,0.0005950033664703,2226.0,1197.0
1650166845,0.0,0.000569128,0.0,0.0005952715873718,0.0005950033664703,2226.0,1197.0
1650166846,0.0,9.4139e-05,0.0,0.0005952715873718,0.0005950033664703,904.5,111.0
1650166847,0.01,0.003323476,0.0,0.000605821609497,0.0006055533885955,1763877.0,2614.0
1650166848,0.01,0.003323476,0.0,0.000605821609497,0.0006055533885955,1763877.0,2614.0
1650166849,0.0,0.002882633,0.0,0.0005670189857482,0.0005667507648468,542870.5,1556.5
1650166850,0.01,0.010336669,0.0,0.0005865395069122,0.0005862712860107,4199402.0,7420.0
1650166851,0.0,0.003572433,0.0,0.0005873441696166,0.0005870759487152,1382243.0,1877.0
1650166852,0.0,0.003572433,0.0,0.0005873441696166,0.0005870759487152,1382243.0,1877.0
1650166853,0.0,0.0001890185,0.0,0.0005865395069122,0.0005862712860107,58022.0,318.0
1650166854,0.0,0.001624862,0.0,0.0005397498607635,0.000539481639862,2028.0,214.0
1650166855,0.0,0.001624862,0.0,0.0005397498607635,0.000539481639862,2028.0,214.0
1650166856,0.0,0.001396214,0.0,0.0005378723144531,0.0005376040935516,431357.5,1428.0
1650166857,0.0,0.001396214,0.0,0.0005378723144531,0.0005376040935516,431357.5,1428.0
1650166858,0.0,0.0002961615,0.0,0.0005379021167755,0.000537633895874,9489.5,308.0
1650166859,0.0,0.0002961615,0.0,0.0005379021167755,0.000537633895874,9489.5,308.0
1650166860,0.0,0.0027155395,0.0,0.0005576312541961,0.0005573630332946,658888.0,1501.0
1650166861,0.0,0.006545442,0.0,0.0005382001399993,0.0005379319190979,3564960.0,4216.0
1650166862,0.0,0.0,0.0,0.0005382001399993,0.0005379319190979,2256.0,78.0
1650166863,0.0,0.0,0.0,0.0005382001399993,0.0005379319190979,2256.0,78.0
1650166864,0.0,0.0021770555,0.0,0.0005593597888946,0.0005590915679931,693655.5,1282.5
1650166865,0.0,9.5049e-05,0.0,0.0005577504634857,0.0005574822425842,680.0,519.0
1650166866,0.0,9.5049e-05,0.0,0.0005577504634857,0.0005574822425842,680.0,519.0
1650166867,0.0,0.001523355,0.0,0.0005579888820648,0.0005577206611633,1031461.0,1324.0
1650166868,0.0,0.001523355,0.0,0.0005579888820648,0.0005577206611633,1031461.0,1324.0
1650166869,0.0,0.0021415205,0.005,0.0005577206611633,0.0005574524402618,1049724.0,1377.5
1650166870,0.0,0.0021415205,0.005,0.0005577206611633,0.0005574524402618,1049724.0,1377.5
1650166871,0.0,0.000530481,0.0,0.0005574524402618,0.0005571842193603,1519.5,588.0
1650166872,0.01,0.005514807,0.0,0.0005675554275512,0.0005672872066497,2769155.0,4449.0
1650166873,0.0,0.000314465,0.0,0.0005675554275512,0.0005672872066497,4834.0,144.0
1650166874,0.01,0.003350556,0.0,0.0005678534507751,0.0005675852298736,1397373.0,5283.0
1650166875,0.01,0.003350556,0.0,0.0005678534507751,0.0005675852298736,1397373.0,5283.0
1650166876,0.0,0.001293597,0.0,0.0005678236484527,0.0005675554275512,695643.5,1049.0
1650166877,0.0,0.001293597,0.0,0.0005678236484527,0.0005675554275512,695643.5,1049.0
1650166878,0.0,0.0030459965,0.0,0.0005678534507751,0.0005675852298736,2073257.5,2656.0
1650166879,0.0,0.000539579,0.0,0.0005675554275512,0.0005672872066497,2198.0,473.0
1650166880,0.0,0.000539579,0.0,0.0005675554275512,0.0005672872066497,2198.0,473.0
1650166881,0.0,0.001176322,0.0,0.0005675256252288,0.0005672574043273,691699.5,1163.0
1650166882,0.0,0.005689646,0.0,0.0005777776241302,0.0005775094032287,1455237.0,12426.0
1650166883,0.0,0.00365121,0.0,0.0005780160427093,0.0005777478218078,1407568.0,3495.0
1650166884,0.0,0.00365121,0.0,0.0005780160427093,0.0005777478218078,1407568.0,3495.0
1650166885,0.0,0.0003689185,0.0,0.0005777478218078,0.0005774796009063,80413.0,413.5
1650166886,0.0,0.005652982,0.0,0.0005971789360046,0.0005969107151031,2563505.0,4898.0
1650166887,0.0,0.005652982,0.0,0.0005971789360046,0.0005969107151031,2563505.0,4898.0
1650166888,0.0,0.0003866145,0.0,0.0005971491336822,0.0005968809127807,39437.0,449.5
1650166889,0.0,0.000995823,0.0,0.0005973875522613,0.0005971193313598,425688.0,1016.0
1650166890,0.0,0.000995823,0.0,0.0005973875522613,0.0005971193313598,425688.0,1016.0
1650166891,0.0,0.0011221565,0.0,0.0005974173545837,0.0005971491336822,487761.0,623.5
1650166892,0.0,0.004597709,0.0,0.0005978941917419,0.0005976259708404,2419553.0,4275.0
1650166893,0.0,0.004597709,0.0,0.0005978941917419,0.0005976259708404,2419553.0,4275.0
1650166894,0.0,0.000270095,0.0,0.0005785524845123,0.0005782842636108,2481.0,345.0
1650166895,0.0,0.000270095,0.0,0.0005785524845123,0.0005782842636108,2481.0,345.0
1650166896,0.0,0.0004025845,0.0,0.0005494654178619,0.0005491971969604,2417.0,50.0
1650166897,0.0,0.001645633,0.0,0.0005397200584411,0.0005394518375396,639616.0,898.0
1650166898,0.0,0.001484755,0.0,0.0005117356777191,0.0005114674568176,946.0,727.0
1650166899,0.0,0.001484755,0.0,0.0005117356777191,0.0005114674568176,946.0,727.0
1650166900,0.005,0.00084454,0.0,0.0004720091819763,0.0004717409610748,2713.0,389.0
1650166901,0.0,0.000270374,0.0,0.0004717409610748,0.0004714727401733,995.0,399.0
1650166902,0.0,0.000270374,0.0,0.0004717409610748,0.0004714727401733,995.0,399.0
1650166903,0.0,0.0041472875,0.005,0.0005011856555938,0.0005009174346923,1397213.0,5794.5
1650166904,0.0,0.004577178,0.0,0.0004917383193969,0.0004914700984954,1389410.0,3611.0
1650166905,0.0,0.004577178,0.0,0.0004917383193969,0.0004914700984954,1389410.0,3611.0
1650166906,0.0,0.003745344,0.0,0.0005110800266265,0.000510811805725,1657996.0,2376.5
1650166907,0.0,0.003745344,0.0,0.0005110800266265,0.000510811805725,1657996.0,2376.5
1650166908,0.0,0.0035690105,0.0,0.0005020499229431,0.0005017817020416,1020167.5,3651.5
1650166909,0.0,0.007082489,0.0,0.0005015134811401,0.0005012452602386,2695169.0,12941.0
1650166910,0.0,0.007082489,0.0,0.0005015134811401,0.0005012452602386,2695169.0,12941.0
1650166911,0.005,0.003519808,0.0,0.0005306005477905,0.000530332326889,1193638.5,7640.5
1650166912,0.005,0.003519808,0.0,0.0005306005477905,0.000530332326889,1193638.5,7640.5
1650166913,0.0,0.0003376615,0.0,0.0005300343036651,0.0005297660827636,2128.0,481.0
1650166914,0.0,0.004236366,0.0,0.0005299746990203,0.0005297064781188,445798.0,3271.0
1650166915,0.0,0.002162171,0.0,0.0005311071872711,0.0005308389663696,1057261.0,4700.0
1650166916,0.0,0.002162171,0.0,0.0005311071872711,0.0005308389663696,1057261.0,4700.0
1650166917,0.0,0.0013375035,0.0,0.0005303621292114,0.0005300939083099,795530.0,1338.0
1650166918,0.0,0.00228815,0.0,0.0005306601524353,0.0005303919315338,1387087.0,1556.0
1650166919,0.0,0.00228815,0.0,0.0005306601524353,0.0005303919315338,1387087.0,1556.0
1650166920,0.0,0.0028152745,0.0,0.000551164150238,0.0005508959293365,761108.5,1486.5
1650166921,0.0,0.003861565,0.0,0.0005309879779815,0.00053071975708,1403997.0,6411.0
1650166922,0.0,0.003861565,0.0,0.0005309879779815,0.00053071975708,1403997.0,6411.0
1650166923,0.0,0.000235699,0.0,0.0005310177803039,0.0005307495594024,52273.0,306.0
1650166924,0.0,0.000235699,0.0,0.0005310177803039,0.0005307495594024,52273.0,306.0
1650166925,0.005,0.0026623475,0.0,0.0005521476268768,0.0005518794059753,731157.0,3136.5
1650166926,0.0,0.002611766,0.0,0.0005505383014678,0.0005502700805664,1242780.0,1285.0
1650166927,0.0,0.002611766,0.0,0.0005505383014678,0.0005502700805664,1242780.0,1285.0
1650166928,0.0,0.000275203,0.0,0.0005309879779815,0.00053071975708,1207.5,310.5
1650166929,0.0,0.003910366,0.0,0.0005309879779815,0.00053071975708,1738151.0,7519.0
1650166930,0.0,0.003910366,0.0,0.0005309879779815,0.00053071975708,1738151.0,7519.0
1650166931,0.0,0.004082587,0.0,0.000510960817337,0.0005106925964355,2071652.0,7128.5
1650166932,0.0,0.007001609,0.0,0.0005107223987579,0.0005104541778564,4971248.0,10458.0
1650166933,0.0,0.007001609,0.0,0.0005107223987579,0.0005104541778564,4971248.0,10458.0
1650166934,0.0,0.0034836835,0.0,0.0004912018775939,0.0004909336566925,2075764.5,5667.0
1650166935,0.0,0.005612887,0.02,0.0004909634590148,0.0004906952381134,4151079.0,9399.0
1650166936,0.0,0.003997192,0.0,0.0004909634590148,0.0004906952381134,2768030.0,6428.0
1650166937,0.0,0.003997192,0.0,0.0004909634590148,0.0004906952381134,2768030.0,6428.0
1650166938,0.0,0.0050848245,0.0,0.0005009472370147,0.0005006790161132,3460107.0,8177.5
1650166939,0.0,0.010782413,0.02,0.0005009770393371,0.0005007088184356,8305006.0,16620.0
1650166940,0.0,0.003863097,0.0,0.0005009770393371,0.0005007088184356,2769192.0,6148.0
1650166941,0.0,0.003863097,0.0,0.0005009770393371,0.0005007088184356,2769192.0,6148.0
1650166942,0.0,0.0018820655,0.0,0.0005009770393371,0.0005007088184356,1384500.0,3045.0
1650166943,0.0,0.002019234,0.0,0.0005009770393371,0.0005007088184356,1384605.0,2715.0
1650166944,0.01,0.003621455,0.0,0.0005009770393371,0.0005007088184356,2769550.0,9950.0
1650166945,0.01,0.003621455,0.0,0.0005009770393371,0.0005007088184356,2769550.0,9950.0
1650166946,0.0,0.001862769,0.0,0.0005009770393371,0.0005007088184356,1384740.0,3177.0
1650166947,0.0,0.003590461,0.0,0.0005007684230804,0.0005005002021789,2770002.0,6156.0
1650166948,0.01,0.003703518,0.01,0.0005009472370147,0.0005006790161132,2769871.0,5372.0
1650166949,0.01,0.005523477,0.01,0.0005009472370147,0.0005006790161132,4155122.0,9663.0
1650166950,0.01,0.005523477,0.01,0.0005009472370147,0.0005006790161132,4155122.0,9663.0
1650166951,0.0,0.0019904895,0.0,0.0005009472370147,0.0005006790161132,1385265.5,3008.0
1650166952,0.0,0.0019904895,0.0,0.0005009472370147,0.0005006790161132,1385265.5,3008.0
1650166953,0.005,0.0036048545,0.0,0.0005009472370147,0.0005006790161132,2770663.5,5991.0
1650166954,0.0,0.005726937,0.0,0.0005009770393371,0.0005007088184356,4156484.0,10151.0
1650166955,0.0,0.005726937,0.0,0.0005009770393371,0.0005007088184356,4156484.0,10151.0
1650166956,0.0,0.001805439,0.0,0.0005009770393371,0.0005007088184356,1385538.0,2913.0
1650166957,0.0,0.003565557,0.0,0.0005009770393371,0.0005007088184356,2771400.0,6024.0
1650166958,0.0,0.003565557,0.0,0.0005009770393371,0.0005007088184356,2771400.0,6024.0
1650166959,0.005,0.001959008,0.0,0.0005009472370147,0.0005006790161132,1386019.0,3136.0
1650166960,0.005,0.001959008,0.0,0.0005009472370147,0.0005006790161132,1386019.0,3136.0
1650166961,0.0,0.0037968085,0.0,0.0005009770393371,0.0005007088184356,2772105.0,6416.0
1650166962,0.0,0.005347336,0.01,0.0005009770393371,0.0005007088184356,4158291.0,8805.0
1650166963,0.0,0.005347336,0.01,0.0005009770393371,0.0005007088184356,4158291.0,8805.0
1650166964,0.0,0.000982026,0.0,0.0005009770393371,0.0005007088184356,693250.5,2265.0
1650166965,0.0,0.000982026,0.0,0.0005009770393371,0.0005007088184356,693250.5,2265.0
1650166966,0.01,0.003592194,0.0,0.0005009770393371,0.0005007088184356,2772826.5,5928.0
1650166967,0.0,0.003623889,0.0,0.0005009770393371,0.0005007088184356,2772578.0,5622.0
1650166968,0.0,0.003660409,0.01,0.0005009770393371,0.0005007088184356,2773260.0,6420.0
1650166969,0.0,0.003660409,0.01,0.0005009770393371,0.0005007088184356,2773260.0,6420.0
1650166970,0.0,0.0032053955,0.0,0.0005009472370147,0.0005006790161132,2080271.5,4996.5
1650166971,0.0,0.0016309,0.0,0.0005009770393371,0.0005007088184356,1386681.0,2715.0
1650166972,0.0,0.008185328,0.0,0.0005007088184356,0.0005004405975341,5547917.0,13496.0
1650166973,0.0,0.00379728,0.0,0.0005007088184356,0.0005004405975341,2774087.0,8112.0
1650166974,0.0,0.00379728,0.0,0.0005007088184356,0.0005004405975341,2774087.0,8112.0
1650166975,0.0,0.002904378,0.0,0.0005007088184356,0.0005004405975341,2080762.0,4897.5
1650166976,0.0,0.002904378,0.0,0.0005007088184356,0.0005004405975341,2080762.0,4897.5
1650166977,0.0,0.00380656,0.0,0.0005007684230804,0.0005005002021789,2774668.0,6457.0
1650166978,0.0,0.00380656,0.0,0.0005007684230804,0.0005005002021789,2774668.0,6457.0
1650166979,0.005,0.002858964,0.0,0.0005007684230804,0.0005005002021789,2081444.5,4504.5
1650166980,0.005,0.002858964,0.0,0.0005007684230804,0.0005005002021789,2081444.5,4504.5
1650166981,0.0,0.0039873575,0.0,0.000500738620758,0.0005004703998565,2775452.0,6780.0
1650166982,0.0,0.004451795,0.0,0.000500738620758,0.0005004703998565,2775624.0,6750.0
1650166983,0.0,0.004451795,0.0,0.000500738620758,0.0005004703998565,2775624.0,6750.0
1650166984,0.005,0.0030663295,0.0,0.000500738620758,0.0005004703998565,2081946.5,5740.0
1650166985,0.005,0.0030663295,0.0,0.000500738620758,0.0005004703998565,2081946.5,5740.0
1650166986,0.0,0.0029205965,0.0,0.000500738620758,0.0005004703998565,2082097.0,4831.5
1650166987,0.01,0.005496705,0.0,0.000500738620758,0.0005004703998565,2776325.0,5562.0
1650166988,0.01,0.005496705,0.0,0.000500738620758,0.0005004703998565,2776325.0,5562.0
1650166989,0.0,0.0019386045,0.005,0.000500738620758,0.0005004703998565,1388405.0,3015.0
1650166990,0.0,0.0019386045,0.005,0.000500738620758,0.0005004703998565,1388405.0,3015.0
1650166991,0.0,0.003244903,0.005,0.0005007684230804,0.0005005002021789,2082845.0,5088.5
1650166992,0.0,0.003244903,0.005,0.0005007684230804,0.0005005002021789,2082845.0,5088.5
1650166993,0.0,0.003995195,0.0,0.0005007684230804,0.0005005002021789,2777428.0,6523.0
1650166994,0.01,0.005837095,0.0,0.0005007684230804,0.0005005002021789,4166277.0,11360.0
1650166995,0.01,0.005837095,0.0,0.0005007684230804,0.0005005002021789,4166277.0,11360.0
1650166996,0.0,0.0018482135,0.0,0.0005007684230804,0.0005005002021789,1388900.5,3045.0
1650166997,0.0,0.0018482135,0.0,0.0005007684230804,0.0005005002021789,1388900.5,3045.0
1650166998,0.005,0.0017887735,0.0,0.0005007684230804,0.0005005002021789,1389129.0,3243.0
1650166999,0.0,0.005654363,0.0,0.0005007684230804,0.0005005002021789,4167152.0,9201.0
1650167000,0.0,0.005654363,0.0,0.0005007684230804,0.0005005002021789,4167152.0,9201.0
1650167001,0.005,0.001837701,0.0,0.0005007684230804,0.0005005002021789,1389462.5,3206.0
1650167002,0.0,0.003470494,0.0,0.0005007684230804,0.0005005002021789,2778401.0,6156.0
1650167003,0.0,0.003470494,0.0,0.0005007684230804,0.0005005002021789,2778401.0,6156.0
1650167004,0.0,0.0034216555,0.0,0.0005007684230804,0.0005005002021789,2084381.0,5776.0
1650167005,0.0,0.0034216555,0.0,0.0005007684230804,0.0005005002021789,2084381.0,5776.0
1650167006,0.0,0.0030427405,0.0,0.0005007982254028,0.0005005300045013,2084362.5,5293.5
1650167007,0.0,0.001732436,0.0,0.0005007982254028,0.0005005300045013,1389561.0,2649.0
1650167008,0.0,0.003589009,0.0,0.0005007982254028,0.0005005300045013,2779398.0,5826.0
1650167009,0.0,0.003866456,0.0,0.0005007982254028,0.0005005300045013,2779948.0,6750.0
1650167010,0.0,0.003866456,0.0,0.0005007982254028,0.0005005300045013,2779948.0,6750.0
1650167011,0.005,0.004090532,0.005,0.0005007982254028,0.0005005300045013,2779990.5,6647.0
1650167012,0.005,0.004090532,0.005,0.0005007982254028,0.0005005300045013,2779990.5,6647.0
1650167013,0.0,0.003139778,0.0,0.0005005300045013,0.0005002617835998,2085424.5,5627.0
1650167014,0.0,0.003139778,0.0,0.0005005300045013,0.0005002617835998,2085424.5,5627.0
1650167015,0.0,0.001796384,0.0,0.0005007684230804,0.0005005002021789,1390395.5,2950.0
1650167016,0.0,0.001796384,0.0,0.0005007684230804,0.0005005002021789,1390395.5,2950.0
1650167017,0.005,0.0060494825,0.0,0.0005007982254028,0.0005005300045013,4171223.5,9960.0
1650167018,0.0,0.002138682,0.0,0.0005007982254028,0.0005005300045013,1390719.0,3573.0
1650167019,0.0,0.00419016,0.0,0.0005007982254028,0.0005005300045013,2781294.0,6924.0
1650167020,0.0,0.00419016,0.0,0.0005007982254028,0.0005005300045013,2781294.0,6924.0
1650167021,0.0,0.006165806,0.005,0.0005007982254028,0.0005005300045013,4172613.5,10451.0
1650167022,0.01,0.003910643,0.0,0.0005007982254028,0.0005005300045013,2781953.0,6024.0
1650167023,0.01,0.009191343,0.0,0.0005007982254028,0.0005005300045013,6955525.0,15518.0
1650167024,0.01,0.009191343,0.0,0.0005007982254028,0.0005005300045013,6955525.0,15518.0
1650167025,0.0,0.0020060775,0.0,0.0005005896091461,0.0005003213882446,1391511.0,3441.0
1650167026,0.0,0.005758984,0.0,0.0005008280277252,0.0005005598068237,4174768.0,9539.0
1650167027,0.01,0.010290185,0.0,0.0005009770393371,0.0005007088184356,4201150.0,15782.0
1650167028,0.01,0.010290185,0.0,0.0005009770393371,0.0005007088184356,4201150.0,15782.0
1650167029,0.0,0.001908235,0.0,0.0005009770393371,0.0005007088184356,1391895.0,3375.0
1650167030,0.0,0.002078541,0.0,0.0005009770393371,0.0005007088184356,1392484.0,3169.0
1650167031,0.0,0.002078541,0.0,0.0005009770393371,0.0005007088184356,1392484.0,3169.0
1650167032,0.0,0.0028818865,0.0,0.0005010068416595,0.000500738620758,2087995.5,5260.5
1650167033,0.0,0.009382708,0.0,0.0005010068416595,0.000500738620758,6960349.0,15372.0
1650167034,0.0,0.009382708,0.0,0.0005010068416595,0.000500738620758,6960349.0,15372.0
1650167035,0.0,0.0018303515,0.005,0.0005010068416595,0.000500738620758,1392456.0,3309.0
1650167036,0.0,0.002075858,0.0,0.000500738620758,0.0005004703998565,1392693.0,3507.0
1650167037,0.0,0.002075858,0.0,0.000500738620758,0.0005004703998565,1392693.0,3507.0
1650167038,0.0,0.005141407,0.0,0.0005009770393371,0.0005007088184356,3481337.0,8474.5
1650167039,0.0,0.005141407,0.0,0.0005009770393371,0.0005007088184356,3481337.0,8474.5
1650167040,0.0,0.001811064,0.0,0.0005009770393371,0.0005007088184356,1392642.0,2517.0
1650167041,0.01,0.003888391,0.0,0.0005009770393371,0.0005007088184356,2786059.0,6280.0
1650167042,0.0,0.003651326,0.0,0.0005009770393371,0.0005007088184356,2785998.0,6354.0
1650167043,0.0,0.003651326,0.0,0.0005009770393371,0.0005007088184356,2785998.0,6354.0
1650167044,0.0,0.0029021175,0.0,0.0005009770393371,0.0005007088184356,2089612.5,6150.0
1650167045,0.0,0.0029021175,0.0,0.0005009770393371,0.0005007088184356,2089612.5,6150.0
1650167046,0.0,0.0039976355,0.0,0.0005009770393371,0.0005007088184356,2786342.5,6585.0
1650167047,0.0,0.0039976355,0.0,0.0005009770393371,0.0005007088184356,2786342.5,6585.0
1650167048,0.005,0.003057475,0.0,0.0005009770393371,0.0005007088184356,2090153.5,4604.5
1650167049,0.0,0.005724636,0.0,0.0005009770393371,0.0005007088184356,4180335.0,9861.0
1650167050,0.0,0.003784156,0.0,0.0005009770393371,0.0005007088184356,2787955.0,6742.0
1650167051,0.0,0.003784156,0.0,0.0005009770393371,0.0005007088184356,2787955.0,6742.0
1650167052,0.0,0.0040779945,0.0,0.0005010068416595,0.000500738620758,2787494.5,6684.0
1650167053,0.0,0.0040779945,0.0,0.0005010068416595,0.000500738620758,2787494.5,6684.0
1650167054,0.0,0.003741027,0.0,0.0005010068416595,0.000500738620758,2787945.0,7061.5
1650167055,0.01,0.003984517,0.0,0.0005010068416595,0.000500738620758,2788134.0,6618.0
1650167056,0.01,0.003984517,0.0,0.0005010068416595,0.000500738620758,2788134.0,6618.0
1650167057,0.0,0.003015251,0.0,0.0005010068416595,0.000500738620758,2091378.5,4864.5
1650167058,0.0,0.003015251,0.0,0.0005010068416595,0.000500738620758,2091378.5,4864.5
1650167059,0.0,0.0037625625,0.005,0.0005010068416595,0.000500738620758,2788779.5,6226.0
1650167060,0.01,0.002459742,0.0,0.0005010068416595,0.000500738620758,1395058.0,4027.0
1650167061,0.01,0.002459742,0.0,0.0005010068416595,0.000500738620758,1395058.0,4027.0
1650167062,0.0,0.003698124,0.0,0.0005010068416595,0.000500738620758,2789321.5,6651.0
1650167063,0.0,0.003698124,0.0,0.0005010068416595,0.000500738620758,2789321.5,6651.0
1650167064,0.0,0.003005529,0.0,0.0005010366439819,0.0005007684230804,2092210.0,5608.0
1650167065,0.0,0.001749517,0.0,0.0005010366439819,0.0005007684230804,1394793.0,2979.0
1650167066,0.0,0.001749517,0.0,0.0005010366439819,0.0005007684230804,1394793.0,2979.0
1650167067,0.0,0.0030760235,0.0,0.0005010366439819,0.0005007684230804,2092531.5,5293.5
1650167068,0.0,0.0030760235,0.0,0.0005010366439819,0.0005007684230804,2092531.5,5293.5
1650167069,0.0,0.0028731845,0.0,0.0005010366439819,0.0005007684230804,2092714.5,5062.5
1650167070,0.0,0.006525458,0.01,0.0005010068416595,0.000500738620758,4186582.0,10191.0
1650167071,0.0,0.006525458,0.01,0.0005010068416595,0.000500738620758,4186582.0,10191.0
1650167072,0.0,0.003900691,0.0,0.0005010664463043,0.0005007982254028,2790821.0,6849.0
1650167073,0.0,0.003900691,0.0,0.0005010664463043,0.0005007982254028,2790821.0,6849.0
1650167074,0.005,0.003237216,0.005,0.0005010664463043,0.0005007982254028,2093269.5,5506.0
1650167075,0.0,0.003863352,0.0,0.0005010664463043,0.0005007982254028,2791464.0,6882.0
1650167076,0.0,0.002292978,0.0,0.0005010664463043,0.0005007982254028,1395969.0,3771.0
1650167077,0.0,0.002292978,0.0,0.0005010664463043,0.0005007982254028,1395969.0,3771.0
1650167078,0.0,0.002027062,0.0,0.0005010664463043,0.0005007982254028,1395909.0,3408.0
1650167079,0.0,0.006564776,0.01,0.0005008280277252,0.0005005598068237,4188393.0,10101.0
1650167080,0.0,0.006564776,0.01,0.0005008280277252,0.0005005598068237,4188393.0,10101.0
1650167081,0.0,0.002063441,0.005,0.0005010664463043,0.0005007982254028,1396477.0,3474.0
1650167082,0.0,0.005272105,0.0,0.0005010664463043,0.0005007982254028,4188675.0,9333.0
1650167083,0.0,0.005272105,0.0,0.0005010664463043,0.0005007982254028,4188675.0,9333.0
1650167084,0.005,0.002804717,0.0,0.0005010664463043,0.0005007982254028,2094487.0,5309.5
1650167085,0.0,0.004055338,0.0,0.0005010664463043,0.0005007982254028,2793132.0,7014.0
1650167086,0.0,0.004055338,0.0,0.0005010664463043,0.0005007982254028,2793132.0,7014.0
1650167087,0.005,0.0035386745,0.0,0.0005010664463043,0.0005007982254028,2793287.5,6486.0
1650167088,0.0,0.001757319,0.0,0.0005010664463043,0.0005007982254028,1396929.0,3177.0
1650167089,0.0,0.001757319,0.0,0.0005010664463043,0.0005007982254028,1396929.0,3177.0
1650167090,0.0,0.0028129895,0.0,0.0005010664463043,0.0005007982254028,2095498.0,4596.5
1650167091,0.0,0.0028129895,0.0,0.0005010664463043,0.0005007982254028,2095498.0,4596.5
1650167092,0.0,0.0027985725,0.0,0.0005010664463043,0.0005007982254028,2095690.5,4571.5
1650167093,0.01,0.005333259,0.0,0.0005010664463043,0.0005007982254028,4190882.0,8079.0
1650167094,0.0,0.007201402,0.0,0.0005010664463043,0.0005007982254028,5588933.0,11784.0
1650167095,0.0,0.003693399,0.0,0.0005010664463043,0.0005007982254028,2794852.0,5760.0
1650167096,0.0,0.003693399,0.0,0.0005010664463043,0.0005007982254028,2794852.0,5760.0
1650167097,0.0,0.002789461,0.0,0.0005010664463043,0.0005007982254028,2096385.5,4600.5
1650167098,0.0,0.003604732,0.01,0.0005010664463043,0.0005007982254028,2795532.0,6354.0
1650167099,0.0,0.003604732,0.01,0.0005010664463043,0.0005007982254028,2795532.0,6354.0
1650167100,0.0,0.00200462,0.0,0.0005010664463043,0.0005007982254028,1398054.5,3338.0
1650167101,0.0,0.00200462,0.0,0.0005010664463043,0.0005007982254028,1398054.5,3338.0
1650167102,0.0,0.0018720395,0.0,0.0005008578300476,0.0005005896091461,1397924.5,3111.0
1650167103,0.0,0.005895694,0.0,0.000501126050949,0.0005008578300476,4194341.0,11767.0
1650167104,0.0,0.003534781,0.0,0.000501126050949,0.0005008578300476,2796396.0,6750.0
1650167105,0.0,0.003534781,0.0,0.000501126050949,0.0005008578300476,2796396.0,6750.0
1650167106,0.0,0.0009216545,0.0,0.000501126050949,0.0005008578300476,699184.5,1654.5
1650167107,0.0,0.0009216545,0.0,0.000501126050949,0.0005008578300476,699184.5,1654.5
1650167108,0.005,0.00092514,0.0,0.000501126050949,0.0005008578300476,699241.0,1720.5
1650167109,0.0,0.0,0.0,0.000501126050949,0.0005008578300476,0.0,0.0
1650167110,0.0,0.0,0.0,0.000501126050949,0.0005008578300476,0.0,0.0
1650167111,0.0,0.0,0.0,0.000501126050949,0.0005008578300476,0.0,0.0
1650167112,0.0,0.0,0.0,0.000501126050949,0.0005008578300476,0.0,0.0
1650167113,0.0,0.000643365,0.0,0.000501126050949,0.0005008578300476,349747.5,942.75
1650167114,0.0,5.3685e-05,0.0,0.000501126050949,0.0005008578300476,0.0,0.0
1650167115,0.0,5.3685e-05,0.0,0.000501126050949,0.0005008578300476,0.0,0.0
1650167116,0.005,0.002317969,0.005,0.000501126050949,0.0005008578300476,1398945.0,3651.0
1650167117,0.0,0.0,0.0,0.000501126050949,0.0005008578300476,0.0,0.0
1650167118,0.0,0.0,0.0,0.000501126050949,0.0005008578300476,0.0,0.0
1650167119,0.0,0.0,0.0,0.000501126050949,0.0005008578300476,0.0,0.0
1650167120,0.0,0.0,0.0,0.000501126050949,0.0005008578300476,0.0,0.0
1650167121,0.0,0.00112375225,0.0,0.000501126050949,0.0005008578300476,699515.75,1805.0
1650167122,0.0,0.00112375225,0.0,0.000501126050949,0.0005008578300476,699515.75,1805.0
1650167123,0.0,0.001141009,0.0,0.000501126050949,0.0005008578300476,699455.5,1691.5
1650167124,0.0,0.004492059,0.0,0.000501126050949,0.0005008578300476,2797965.0,6700.0
1650167125,0.0,0.004492059,0.0,0.000501126050949,0.0005008578300476,2797965.0,6700.0
1650167126,0.0,0.0,0.0,0.000501126050949,0.0005008578300476,0.0,0.0
1650167127,0.0,0.0,0.0,0.000501126050949,0.0005008578300476,0.0,0.0
1650167128,0.0,0.0,0.0,0.000501126050949,0.0005008578300476,0.0,0.0
1650167129,0.0,0.000819866,0.0,0.0005008578300476,0.0005005896091461,466373.6666666667,1061.6666666666667
1650167130,0.0,0.000311354,0.0,0.0005008578300476,0.0005005896091461,385.0,190.0
1650167131,0.0,0.000311354,0.0,0.0005008578300476,0.0005005896091461,385.0,190.0
1650167132,0.005,0.002244649,0.0,0.000501126050949,0.0005008578300476,1399230.0,3552.0
1650167133,0.0,0.000149946,0.0,0.000501126050949,0.0005008578300476,0.0,519.0
1650167134,0.0,0.000149946,0.0,0.000501126050949,0.0005008578300476,0.0,519.0
1650167135,0.0,0.001038526,0.0,0.000501126050949,0.0005008578300476,699632.0,1856.5
1650167136,0.0,0.001038526,0.0,0.000501126050949,0.0005008578300476,699632.0,1856.5
1650167137,0.0,0.0011497025,0.0,0.000501126050949,0.0005008578300476,699656.5,1757.5
1650167138,0.0,0.0,0.0,0.000501126050949,0.0005008578300476,42.0,42.0
1650167139,0.0,0.0,0.0,0.000501126050949,0.0005008578300476,42.0,42.0
1650167140,0.0,0.0023464685,0.0,0.000501126050949,0.0005008578300476,1399544.0,3742.0
1650167141,0.0,0.002253208,0.01,0.0005008578300476,0.0005005896091461,1399523.0,3185.0
1650167142,0.0,0.002253208,0.01,0.0005008578300476,0.0005005896091461,1399523.0,3185.0
1650167143,0.0,0.0011800875,0.0,0.0005011856555938,0.0005009174346923,699756.5,1827.5
1650167144,0.0,0.0011800875,0.0,0.0005011856555938,0.0005009174346923,699756.5,1827.5
1650167145,0.0,5.79675e-05,0.0,0.000501126050949,0.0005008578300476,0.0,260.5
1650167146,0.0,5.79675e-05,0.0,0.000501126050949,0.0005008578300476,0.0,260.5
1650167147,0.005,0.0011253845,0.0,0.0005011856555938,0.0005009174346923,699776.5,1757.5
1650167148,0.0,0.002340447,0.0,0.000501126050949,0.0005008578300476,1399535.0,3449.0
1650167149,0.0,0.002340447,0.0,0.000501126050949,0.0005008578300476,1399535.0,3449.0
1650167150,0.0,8.49055e-05,0.0,0.000501126050949,0.0005008578300476,192.5,95.0
1650167151,0.0,0.002159403,0.0,0.000501126050949,0.0005008578300476,1399649.0,3713.0
1650167152,0.0,0.002159403,0.0,0.000501126050949,0.0005008578300476,1399649.0,3713.0
1650167153,0.0,0.001154208,0.0,0.000501126050949,0.0005008578300476,699815.5,1952.0
1650167154,0.0,0.001154208,0.0,0.000501126050949,0.0005008578300476,699815.5,1952.0
1650167155,0.0,0.0,0.0,0.000501126050949,0.0005008578300476,0.0,0.0
1650167156,0.0,0.0,0.0,0.000501126050949,0.0005008578300476,0.0,0.0
1650167157,0.0,0.0,0.0,0.000501126050949,0.0005008578300476,0.0,0.0
1650167158,0.0,0.0023414073333333,0.0,0.000501126050949,0.0005008578300476,1399773.6666666667,3429.6666666666665
1650167159,0.0,0.002266321,0.0,0.000501126050949,0.0005008578300476,1399822.0,3581.0
1650167160,0.0,0.000290699,0.0,0.000501126050949,0.0005008578300476,385.0,190.0
1650167161,0.0,0.000290699,0.0,0.000501126050949,0.0005008578300476,385.0,190.0
1650167162,0.0,0.0,0.0,0.000501126050949,0.0005008578300476,0.0,0.0
1650167163,0.0,0.0,0.0,0.000501126050949,0.0005008578300476,0.0,0.0
1650167164,0.0,0.0,0.0,0.000501126050949,0.0005008578300476,0.0,0.0
1650167165,0.0,0.0,0.0,0.000501126050949,0.0005008578300476,0.0,0.0
1650167166,0.0025,0.00111893675,0.0,0.0005011856555938,0.0005009174346923,699947.5,1642.0
1650167167,0.0,0.002361273,0.0,0.0005010068416595,0.000500738620758,1400165.0,3515.0
1650167168,0.0,0.002361273,0.0,0.0005010068416595,0.000500738620758,1400165.0,3515.0
1650167169,0.0,0.001245423,0.0,0.0005011856555938,0.0005009174346923,700077.5,1926.5
1650167170,0.0,0.001245423,0.0,0.0005011856555938,0.0005009174346923,700077.5,1926.5
1650167171,0.0,0.0001599115,0.0,0.0005011856555938,0.0005009174346923,192.5,95.0
1650167172,0.01,0.004350501,0.0,0.0005011856555938,0.0005009174346923,2800173.0,7030.0
1650167173,0.0,0.002394733,0.0,0.0005011856555938,0.0005009174346923,1400225.0,4035.0
1650167174,0.0,0.002394733,0.0,0.0005011856555938,0.0005009174346923,1400225.0,4035.0
1650167175,0.0,0.0,0.0,0.0005011856555938,0.0005009174346923,0.0,0.0
1650167176,0.0,0.0,0.0,0.0005011856555938,0.0005009174346923,0.0,0.0
1650167177,0.0,0.0,0.0,0.0005011856555938,0.0005009174346923,0.0,0.0
1650167178,0.0,0.0008505816666666,0.0,0.0005011856555938,0.0005009174346923,466757.6666666667,1171.6666666666667
1650167179,0.0,0.002292998,0.0,0.0005009174346923,0.0005006492137908,1400453.0,3581.0
1650167180,0.0,0.002292998,0.0,0.0005009174346923,0.0005006492137908,1400453.0,3581.0
1650167181,0.0,0.0012998365,0.0,0.0005011856555938,0.0005009174346923,700479.5,2021.5
1650167182,0.0,0.0,0.0,0.0005011856555938,0.0005009174346923,0.0,0.0
1650167183,0.0,0.0,0.0,0.0005011856555938,0.0005009174346923,0.0,0.0
1650167184,0.0,0.0,0.0,0.0005011856555938,0.0005009174346923,0.0,0.0
1650167185,0.0,0.0015427483333333,0.0,0.0005011856555938,0.0005009174346923,933605.3333333334,2538.0
1650167186,0.0,0.0015427483333333,0.0,0.0005011856555938,0.0005009174346923,933605.3333333334,2538.0
1650167187,0.0,0.0,0.0,0.0005011856555938,0.0005009174346923,0.0,0.0
1650167188,0.0,0.0,0.0,0.0005011856555938,0.0005009174346923,0.0,0.0
1650167189,0.0,0.0,0.0,0.0005011856555938,0.0005009174346923,0.0,0.0
1650167190,0.0033333333333333,0.002358354,0.0033333333333333,0.0005011856555938,0.0005009174346923,1400644.3333333333,3622.3333333333335
1650167191,0.0,0.0,0.0,0.0005011856555938,0.0005009174346923,0.0,0.0
1650167192,0.0,0.0,0.0,0.0005011856555938,0.0005009174346923,0.0,0.0
1650167193,0.0,0.0,0.0,0.0005011856555938,0.0005009174346923,0.0,0.0
1650167194,0.0,0.0,0.0,0.0005011856555938,0.0005009174346923,0.0,0.0
1650167195,0.0,0.00061655075,0.0,0.0005009472370147,0.0005006790161132,350180.75,1042.75
1650167196,0.0,0.002660047,0.0,0.0005011856555938,0.0005009174346923,1400779.0,3721.0
1650167197,0.0,0.002660047,0.0,0.0005011856555938,0.0005009174346923,1400779.0,3721.0
1650167198,0.0,0.0011551245,0.0,0.0005011856555938,0.0005009174346923,700343.5,1691.5
1650167199,0.0,0.0011551245,0.0,0.0005011856555938,0.0005009174346923,700343.5,1691.5
1650167200,0.0,0.0,0.0,0.0005011856555938,0.0005009174346923,21.0,21.0
1650167201,0.0,0.004555862,0.01,0.0005011856555938,0.0005009174346923,2801903.0,7352.0
1650167202,0.0,0.004555862,0.01,0.0005011856555938,0.0005009174346923,2801903.0,7352.0
1650167203,0.0,0.0,0.0,0.0005011856555938,0.0005009174346923,0.0,0.0
1650167204,0.0,0.0,0.0,0.0005011856555938,0.0005009174346923,0.0,0.0
1650167205,0.0,0.0,0.0,0.0005011856555938,0.0005009174346923,0.0,0.0
1650167206,0.0,0.0022878993333333,0.0,0.0005009174346923,0.0005006492137908,1401055.0,3756.0
1650167207,0.0,0.0,0.0,0.0005009174346923,0.0005006492137908,0.0,0.0
1650167208,0.0,0.0,0.0,0.0005009174346923,0.0005006492137908,0.0,0.0
1650167209,0.0,0.0,0.0,0.0005009174346923,0.0005006492137908,0.0,0.0
1650167210,0.0,0.0009952116666666,0.0,0.0005011856555938,0.0005009174346923,467254.6666666667,1391.6666666666667
1650167211,0.0,0.0,0.0,0.0005011856555938,0.0005009174346923,0.0,0.0
1650167212,0.0,0.0,0.0,0.0005011856555938,0.0005009174346923,0.0,0.0
1650167213,0.0,0.0,0.0,0.0005011856555938,0.0005009174346923,0.0,0.0
1650167214,0.0,0.0,0.0,0.0005011856555938,0.0005009174346923,0.0,0.0
1650167215,0.0,0.00113874,0.0,0.0005011856555938,0.0005009174346923,700540.0,1920.0
1650167216,0.0,0.00113874,0.0,0.0005011856555938,0.0005009174346923,700540.0,1920.0
1650167217,0.0,0.002277958,0.0,0.0005011856555938,0.0005009174346923,1401242.0,3482.0
1650167218,0.0,0.0,0.0,0.0005011856555938,0.0005009174346923,0.0,0.0
1650167219,0.0,0.0,0.0,0.0005011856555938,0.0005009174346923,0.0,0.0
1650167220,0.0,0.0,0.0,0.0005011856555938,0.0005009174346923,0.0,0.0
1650167221,0.0,0.0,0.0,0.0005011856555938,0.0005009174346923,0.0,0.0
1650167222,0.0,0.0012936555,0.0025,0.0005011856555938,0.0005009174346923,700816.75,1889.5
1650167223,0.0,0.002263416,0.0,0.0005011856555938,0.0005009174346923,1401377.0,3515.0
1650167224,0.0,0.002376037,0.0,0.0005021691322326,0.0005019009113311,1401359.0,4033.0
1650167225,0.0,0.002376037,0.0,0.0005021691322326,0.0005019009113311,1401359.0,4033.0
1650167226,0.0,0.0,0.0,0.0005011856555938,0.0005009174346923,33.0,33.0
1650167227,0.0,0.0,0.0,0.0005011856555938,0.0005009174346923,0.0,0.0
1650167228,0.0,0.0,0.0,0.0005011856555938,0.0005009174346923,0.0,0.0
1650167229,0.005,0.0021996485,0.0,0.0005011856555938,0.0005009174346923,1401464.0,3515.0
1650167230,0.005,0.0021996485,0.0,0.0005011856555938,0.0005009174346923,1401464.0,3515.0
1650167231,0.0,0.000148744,0.0,0.0005011856555938,0.0005009174346923,192.5,95.0
1650167232,0.0,0.000148744,0.0,0.0005011856555938,0.0005009174346923,192.5,95.0
1650167233,0.0,0.0025117255,0.005,0.0005011856555938,0.0005009174346923,1401828.0,3909.5
1650167234,0.0,0.0025117255,0.005,0.0005011856555938,0.0005009174346923,1401828.0,3909.5
1650167235,0.0,0.0,0.0,0.0005011856555938,0.0005009174346923,0.0,0.0
1650167236,0.0,0.0,0.0,0.0005011856555938,0.0005009174346923,0.0,0.0
1650167237,0.0,0.002218372,0.0,0.0005011856555938,0.0005009174346923,1401623.0,3548.0
1650167238,0.0,0.002218372,0.0,0.0005011856555938,0.0005009174346923,1401623.0,3548.0
1650167239,0.0,0.0,0.0,0.0005011856555938,0.0005009174346923,66.0,66.0
1650167240,0.0,0.0,0.0,0.0005011856555938,0.0005009174346923,66.0,66.0
1650167241,0.005,0.0044901415,0.0,0.0005011856555938,0.0005009174346923,2803429.5,6795.0
1650167242,0.005,0.0044901415,0.0,0.0005011856555938,0.0005009174346923,2803429.5,6795.0
1650167243,0.0,0.004189865,0.0,0.0005012154579162,0.0005009472370147,2803319.0,5904.0
1650167244,0.0,0.005743425,0.0,0.0005011558532714,0.0005008876323699,4205771.0,9750.0
1650167245,0.0,0.005743425,0.0,0.0005011558532714,0.0005008876323699,4205771.0,9750.0
1650167246,0.0,0.003746042,0.01,0.0005011856555938,0.0005009174346923,2803947.0,5991.0
1650167247,0.0,0.003746042,0.01,0.0005011856555938,0.0005009174346923,2803947.0,5991.0
1650167248,0.0,0.0009189735,0.0,0.0005011856555938,0.0005009174346923,701038.5,1522.5
1650167249,0.0,0.003647772,0.0,0.0005011856555938,0.0005009174346923,2804826.0,6618.0
1650167250,0.0,0.003647772,0.0,0.0005011856555938,0.0005009174346923,2804826.0,6618.0
1650167251,0.0,0.001955725,0.0,0.0005012154579162,0.0005009472370147,1402701.5,3404.0
1650167252,0.0,0.003755329,0.01,0.0005012154579162,0.0005009472370147,2804747.0,6288.0
1650167253,0.0,0.003697794,0.0,0.0005012154579162,0.0005009472370147,2804939.0,7026.0
1650167254,0.0,0.002162909,0.0,0.0005012154579162,0.0005009472370147,1402669.0,2919.0
1650167255,0.0,0.002162909,0.0,0.0005012154579162,0.0005009472370147,1402669.0,2919.0
1650167256,0.005,0.003644242,0.0,0.0005012154579162,0.0005009472370147,2805347.0,5794.0
1650167257,0.0,0.005708268,0.01,0.0005012154579162,0.0005009472370147,4208391.0,8541.0
1650167258,0.0,0.005708268,0.01,0.0005012154579162,0.0005009472370147,4208391.0,8541.0
1650167259,0.0,0.001827898,0.0,0.0005012154579162,0.0005009472370147,1403037.0,3066.0
1650167260,0.0,0.001827898,0.0,0.0005012154579162,0.0005009472370147,1403037.0,3066.0
1650167261,0.0,0.003728353,0.0,0.0005012154579162,0.0005009472370147,2806380.0,6053.0
1650167262,0.0,0.003683838,0.01,0.0005012154579162,0.0005009472370147,2806674.0,6090.0
1650167263,0.0,0.003683838,0.01,0.0005012154579162,0.0005009472370147,2806674.0,6090.0
1650167264,0.0,0.0018449275,0.0,0.0005012154579162,0.0005009472370147,1403498.5,3878.0
1650167265,0.0,0.0018449275,0.0,0.0005012154579162,0.0005009472370147,1403498.5,3878.0
1650167266,0.005,0.0027673845,0.005,0.0005011856555938,0.0005009174346923,2105201.5,4604.5
1650167267,0.0,0.003674535,0.0,0.0005011856555938,0.0005009174346923,2807280.0,6882.0
1650167268,0.0,0.001785789,0.0,0.0005011856555938,0.0005009174346923,1403679.0,3309.0
1650167269,0.0,0.001785789,0.0,0.0005011856555938,0.0005009174346923,1403679.0,3309.0
1650167270,0.0,0.0028635165,0.0,0.0005012452602386,0.0005009770393371,2105789.0,4398.5
1650167271,0.0,0.0028635165,0.0,0.0005012452602386,0.0005009770393371,2105789.0,4398.5
1650167272,0.0,0.001771743,0.0,0.0005012452602386,0.0005009770393371,1403796.0,2946.0
1650167273,0.0,0.003558774,0.01,0.0005012452602386,0.0005009770393371,2807914.0,5760.0
1650167274,0.0,0.003558774,0.01,0.0005012452602386,0.0005009770393371,2807914.0,5760.0
1650167275,0.0,0.00273002,0.0,0.0005012452602386,0.0005009770393371,2106199.5,4798.5
1650167276,0.0,0.004120439,0.0,0.0005012452602386,0.0005009770393371,2808535.0,5438.0
1650167277,0.0,0.004120439,0.0,0.0005012452602386,0.0005009770393371,2808535.0,5438.0
1650167278,0.0,0.001780051,0.0,0.0005012452602386,0.0005009770393371,1404128.0,2946.0
1650167279,0.0,0.00403298,0.0,0.000501275062561,0.0005010068416595,2809006.0,6426.0
1650167280,0.0,0.00403298,0.0,0.000501275062561,0.0005010068416595,2809006.0,6426.0
1650167281,0.0,0.0018197365,0.005,0.000501275062561,0.0005010068416595,1404433.5,2939.0
1650167282,0.0,0.0018197365,0.005,0.000501275062561,0.0005010068416595,1404433.5,2939.0
1650167283,0.005,0.002770834,0.0,0.000501275062561,0.0005010068416595,2106957.5,4600.5
1650167284,0.0,0.000123038,0.0,0.000501275062561,0.0005010068416595,0.0,873.0
1650167285,0.0,0.000123038,0.0,0.000501275062561,0.0005010068416595,0.0,873.0
1650167286,0.0,0.0,0.0,0.000501275062561,0.0005010068416595,132.0,132.0
1650167287,0.0,0.006701159,0.0,0.000501275062561,0.0005010068416595,4214975.0,10223.0
1650167288,0.0,0.0,0.0,0.000501275062561,0.0005010068416595,42.0,42.0
1650167289,0.0,0.0,0.0,0.000501275062561,0.0005010068416595,42.0,42.0
1650167290,0.0,0.001266671,0.0,0.000501275062561,0.0005010068416595,702801.0,1951.5
1650167291,0.0,0.002261272,0.0,0.0005013048648834,0.0005010366439819,1405199.0,3449.0
1650167292,0.0,0.002261272,0.0,0.0005013048648834,0.0005010366439819,1405199.0,3449.0
1650167293,0.0,0.0032303115,0.0,0.000501275062561,0.0005010068416595,2107777.5,5140.5
1650167294,0.0,0.0032303115,0.0,0.000501275062561,0.0005010068416595,2107777.5,5140.5
1650167295,0.0,0.0011209105,0.0,0.000501275062561,0.0005010068416595,702728.5,1823.5
1650167296,0.0,0.004492724,0.0,0.000501275062561,0.0005010068416595,2810728.0,6634.0
1650167297,0.0,0.004492724,0.0,0.000501275062561,0.0005010068416595,2810728.0,6634.0
1650167298,0.0,0.0011367975,0.0,0.0005010068416595,0.000500738620758,702833.5,1691.5
1650167299,0.0,0.0011367975,0.0,0.0005010068416595,0.000500738620758,702833.5,1691.5
1650167300,0.0,0.001403363,0.0,0.000501275062561,0.0005010068416595,703119.5,1988.5
1650167301,0.0,0.002369898,0.0,0.000501275062561,0.0005010068416595,1405697.0,3449.0
1650167302,0.0,0.002369898,0.0,0.000501275062561,0.0005010068416595,1405697.0,3449.0
1650167303,0.0,0.003231289,0.0,0.000501275062561,0.0005010068416595,2108358.0,5206.5
1650167304,0.0,0.003231289,0.0,0.000501275062561,0.0005010068416595,2108358.0,5206.5
1650167305,0.0,0.001230117,0.0,0.000501275062561,0.0005010068416595,702964.5,2630.5
1650167306,0.0,0.0,0.0,0.000501275062561,0.0005010068416595,0.0,0.0
1650167307,0.0,0.0,0.0,0.000501275062561,0.0005010068416595,0.0,0.0
1650167308,0.0,0.0,0.0,0.000501275062561,0.0005010068416595,0.0,0.0
1650167309,0.0,0.0,0.0,0.000501275062561,0.0005010068416595,0.0,0.0
1650167310,0.0,6.8647e-05,0.0,0.000501275062561,0.0005010068416595,96.25,47.5
1650167311,0.0,6.8647e-05,0.0,0.000501275062561,0.0005010068416595,96.25,47.5
1650167312,0.005,0.002419748,0.0,0.0005013048648834,0.0005010366439819,1405932.0,3519.0
1650167313,0.0,0.004466383,0.0,0.000501275062561,0.0005010068416595,2812114.0,8428.0
1650167314,0.0,0.004466383,0.0,0.000501275062561,0.0005010068416595,2812114.0,8428.0
1650167315,0.0,0.0010136495,0.0,0.000501275062561,0.0005010068416595,703064.5,1823.5
1650167316,0.0,0.0010136495,0.0,0.000501275062561,0.0005010068416595,703064.5,1823.5
1650167317,0.0,0.0010957055,0.0,0.000501275062561,0.0005010068416595,703055.5,1658.5
1650167318,0.0,0.0010957055,0.0,0.000501275062561,0.0005010068416595,703055.5,1658.5
1650167319,0.0,0.0,0.0,0.000501275062561,0.0005010068416595,21.0,21.0
1650167320,0.0,0.004792631,0.0,0.000501275062561,0.0005010068416595,2812487.0,6626.0
1650167321,0.0,0.004278975,0.0,0.000501275062561,0.0005010068416595,2812294.0,6634.0
1650167322,0.0,0.004278975,0.0,0.000501275062561,0.0005010068416595,2812294.0,6634.0
1650167323,0.0,0.0011084625,0.0,0.0005010068416595,0.000500738620758,703109.5,1559.5
1650167324,0.0,0.000159818,0.0,0.0005010068416595,0.000500738620758,0.0,523.0
1650167325,0.0,0.0,0.0,0.0005010068416595,0.000500738620758,0.0,0.0
1650167326,0.0,0.0,0.0,0.0005010068416595,0.000500738620758,0.0,0.0
1650167327,0.0,0.0,0.0,0.0005010068416595,0.000500738620758,0.0,0.0
1650167328,0.0,0.002981007,0.0033333333333333,0.0005013048648834,0.0005010366439819,1875252.6666666667,4667.333333333333
1650167329,0.0,0.002981007,0.0033333333333333,0.0005013048648834,0.0005010366439819,1875252.6666666667,4667.333333333333
1650167330,0.0,0.001215799,0.0,0.0005013048648834,0.0005010366439819,703262.5,1720.5
1650167331,0.0,0.006451676,0.0,0.0005013048648834,0.0005010366439819,4219720.0,9819.0
1650167332,0.0,0.006451676,0.0,0.0005013048648834,0.0005010366439819,4219720.0,9819.0
1650167333,0.0,6.1918e-05,0.0,0.0005013048648834,0.0005010366439819,0.0,435.0
1650167334,0.0,0.0,0.0,0.0005013048648834,0.0005010366439819,0.0,0.0
1650167335,0.0,0.0,0.0,0.0005013048648834,0.0005010366439819,0.0,0.0
1650167336,0.0,0.0,0.0,0.0005013048648834,0.0005010366439819,0.0,0.0
1650167337,0.0,0.0,0.0,0.0005013048648834,0.0005010366439819,0.0,0.0
1650167338,0.0,0.00180719625,0.0,0.0004827976226806,0.0004825294017791,1055275.25,2623.75
1650167339,0.0,0.00180719625,0.0,0.0004827976226806,0.0004825294017791,1055275.25,2623.75
1650167340,0.0,0.00191216,0.0,0.0005024075508117,0.0005021393299102,703557.0,1654.5
1650167341,0.0,0.00191216,0.0,0.0005024075508117,0.0005021393299102,703557.0,1654.5
1650167342,0.005,0.001310877,0.0,0.0005024671554565,0.000502198934555,703520.5,1526.5
1650167343,0.0,0.004512848,0.0,0.0005024671554565,0.000502198934555,2813830.0,7284.0
1650167344,0.0,0.004512848,0.0,0.0005024671554565,0.000502198934555,2813830.0,7284.0
1650167345,0.0,0.0,0.0,0.0005024671554565,0.000502198934555,0.0,0.0
1650167346,0.0,0.0,0.0,0.0005024671554565,0.000502198934555,0.0,0.0
1650167347,0.0,0.0012509145,0.0,0.0004829168319702,0.0004826486110687,703559.5,1658.5
1650167348,0.0,0.0012509145,0.0,0.0004829168319702,0.0004826486110687,703559.5,1658.5
1650167349,0.0,0.001069625,0.0,0.0004828870296478,0.0004826188087463,703505.5,1712.5
1650167350,0.0,0.00588474,0.0,0.0005019605159759,0.0005016922950744,2814544.0,6436.0
1650167351,0.0,0.004690911,0.0,0.0005022287368774,0.0005019605159759,2814667.0,7030.0
1650167352,0.0,0.004266633,0.0,0.0005022287368774,0.0005019605159759,2814862.0,7030.0
1650167353,0.0,0.004266633,0.0,0.0005022287368774,0.0005019605159759,2814862.0,7030.0
1650167354,0.0,0.0010480225,0.0,0.0005022287368774,0.0005019605159759,703718.5,1757.5
1650167355,0.0,0.004489638,0.0,0.0005022287368774,0.0005019605159759,2815150.0,7096.0
1650167356,0.0,0.004489638,0.0,0.0005022287368774,0.0005019605159759,2815150.0,7096.0
1650167357,0.0,0.001860102,0.0,0.0005022287368774,0.0005019605159759,1407333.0,3045.0
1650167358,0.0,0.001860102,0.0,0.0005022287368774,0.0005019605159759,1407333.0,3045.0
1650167359,0.0,0.002743211,0.0,0.0005022287368774,0.0005019605159759,2111080.5,4534.5
1650167360,0.0,0.002743211,0.0,0.0005022287368774,0.0005019605159759,2111080.5,4534.5
1650167361,0.0,0.001081812,0.0,0.0005022287368774,0.0005019605159759,704098.5,1716.5
1650167362,0.0,0.0,0.0,0.0005022287368774,0.0005019605159759,0.0,0.0
1650167363,0.0,0.0,0.0,0.0005022287368774,0.0005019605159759,0.0,0.0
1650167364,0.0,0.0,0.0,0.0005022287368774,0.0005019605159759,0.0,0.0
1650167365,0.0033333333333333,0.0024784206666666,0.0,0.0005022287368774,0.0005019605159759,1408007.3333333333,3784.0
1650167366,0.0,0.002134637,0.0,0.0005022287368774,0.0005019605159759,1408079.0,3449.0
1650167367,0.0,0.002134637,0.0,0.0005022287368774,0.0005019605159759,1408079.0,3449.0
1650167368,0.0,0.0,0.0,0.0005022287368774,0.0005019605159759,0.0,0.0
1650167369,0.0,0.0,0.0,0.0005022287368774,0.0005019605159759,0.0,0.0
1650167370,0.0,0.0,0.0,0.0005022287368774,0.0005019605159759,0.0,0.0
1650167371,0.0033333333333333,0.0030336266666666,0.0,0.0005022287368774,0.0005019605159759,1877593.6666666667,4750.0
1650167372,0.0033333333333333,0.0030336266666666,0.0,0.0005022287368774,0.0005019605159759,1877593.6666666667,4750.0
1650167373,0.0,0.002123386,0.0,0.0005022287368774,0.0005019605159759,1408211.0,3609.0
1650167374,0.0,0.002123386,0.0,0.0005022287368774,0.0005019605159759,1408211.0,3609.0
1650167375,0.0,0.0,0.0,0.0005022287368774,0.0005019605159759,0.0,0.0
1650167376,0.0,0.0,0.0,0.0005022287368774,0.0005019605159759,0.0,0.0
1650167377,0.0,0.0,0.0,0.0005022287368774,0.0005019605159759,0.0,0.0
1650167378,0.0,0.002312951,0.0,0.0005022287368774,0.0005019605159759,1408487.3333333333,3495.6666666666665
1650167379,0.0,0.0,0.0,0.0005022287368774,0.0005019605159759,0.0,0.0
1650167380,0.0,0.0,0.0,0.0005022287368774,0.0005019605159759,0.0,0.0
1650167381,0.0,0.0,0.0,0.0005022287368774,0.0005019605159759,0.0,0.0
1650167382,0.0,0.0,0.0,0.0005022287368774,0.0005019605159759,0.0,0.0
1650167383,0.0,0.0017361815,0.0,0.0005022287368774,0.0005019605159759,1056435.75,2568.25
1650167384,0.0,0.002359192,0.0,0.0005022287368774,0.0005019605159759,1408835.0,4514.0
1650167385,0.0,0.002359192,0.0,0.0005022287368774,0.0005019605159759,1408835.0,4514.0
1650167386,0.0,0.0023423045,0.0,0.0005022287368774,0.0005019605159759,1408789.0,3518.0
1650167387,0.0,0.008284391,0.0,0.0005022287368774,0.0005019605159759,5634452.0,12660.0
1650167388,0.0,0.008284391,0.0,0.0005022287368774,0.0005019605159759,5634452.0,12660.0
1650167389,0.0,0.000947716,0.0,0.0005019605159759,0.0005016922950744,704404.0,1543.5
1650167390,0.0,0.002320858,0.0,0.000502198934555,0.0005019307136535,1409472.0,3639.0
1650167391,0.0,0.002320858,0.0,0.000502198934555,0.0005019307136535,1409472.0,3639.0
1650167392,0.0,0.0,0.0,0.000502198934555,0.0005019307136535,0.0,0.0
1650167393,0.0,0.0,0.0,0.000502198934555,0.0005019307136535,0.0,0.0
1650167394,0.0,0.0,0.0,0.000502198934555,0.0005019307136535,0.0,0.0
1650167395,0.0,0.0027212733333333,0.0,0.0005022287368774,0.0005019605159759,1878720.0,4526.666666666667
1650167396,0.0,0.0027212733333333,0.0,0.0005022287368774,0.0005019605159759,1878720.0,4526.666666666667
1650167397,0.0,0.00209822,0.0,0.0005022287368774,0.0005019605159759,1409252.0,3548.0
1650167398,0.0,0.00209822,0.0,0.0005022287368774,0.0005019605159759,1409252.0,3548.0
1650167399,0.0,0.001107844,0.0,0.0005022287368774,0.0005019605159759,704711.0,1691.5
1650167400,0.0,0.000300467,0.0,0.0005022287368774,0.0005019605159759,385.0,190.0
1650167401,0.0,0.000300467,0.0,0.0005022287368774,0.0005019605159759,385.0,190.0
1650167402,0.0,0.0027147105,0.005,0.0005022287368774,0.0005019605159759,1409499.0,3552.0
1650167403,0.0,0.0027147105,0.005,0.0005022287368774,0.0005019605159759,1409499.0,3552.0
1650167404,0.0,0.005459339,0.005,0.0005022287368774,0.0005019605159759,3523390.0,7995.0
1650167405,0.0,0.007319285,0.0,0.0005022287368774,0.0005019605159759,5637899.0,11454.0
1650167406,0.0,0.007319285,0.0,0.0005022287368774,0.0005019605159759,5637899.0,11454.0
1650167407,0.0,0.001811572,0.0,0.0005022287368774,0.0005019605159759,1409652.0,2847.0
1650167408,0.0,0.003879997,0.01,0.0005022287368774,0.0005019605159759,2819694.0,6222.0
1650167409,0.0,0.002042306,0.0,0.0005022287368774,0.0005019605159759,1410013.0,3183.0
1650167410,0.0,0.003761698,0.0,0.0005022287368774,0.0005019605159759,2820405.0,6472.0
1650167411,0.0,0.003761698,0.0,0.0005022287368774,0.0005019605159759,2820405.0,6472.0
1650167412,0.0,0.001851641,0.005,0.0005020201206207,0.0005017518997192,1410153.0,3111.0
1650167413,0.0,0.002159213,0.0,0.000502198934555,0.0005019307136535,1410167.0,3573.0
1650167414,0.0,0.003512262,0.0,0.0005022287368774,0.0005019605159759,2820330.0,5892.0
1650167415,0.0,0.003512262,0.0,0.0005022287368774,0.0005019605159759,2820330.0,5892.0
1650167416,0.0,0.001981102,0.0,0.0005022287368774,0.0005019605159759,1410293.5,2847.0
1650167417,0.01,0.005648828,0.01,0.0005022287368774,0.0005019605159759,4230878.0,8871.0
1650167418,0.0,0.001846932,0.0,0.0005022287368774,0.0005019605159759,1410651.0,3021.0
1650167419,0.0,0.005589744,0.0,0.0005022287368774,0.0005019605159759,4231784.0,9201.0
1650167420,0.0,0.005589744,0.0,0.0005022287368774,0.0005019605159759,4231784.0,9201.0
1650167421,0.0,0.002802084,0.005,0.0005023181438446,0.0005020499229431,2116301.0,4365.5
1650167422,0.0,0.002802084,0.005,0.0005023181438446,0.0005020499229431,2116301.0,4365.5
1650167423,0.005,0.003657901,0.005,0.0005022287368774,0.0005019605159759,2821769.5,5892.0
1650167424,0.005,0.003657901,0.005,0.0005022287368774,0.0005019605159759,2821769.5,5892.0
1650167425,0.0,0.002837892,0.0,0.0005022883415222,0.0005020201206207,2116715.5,5408.5
1650167426,0.0,0.002837892,0.0,0.0005022883415222,0.0005020201206207,2116715.5,5408.5
1650167427,0.0,0.0018225255,0.0,0.0005022883415222,0.0005020201206207,1411272.0,3342.0
1650167428,0.0,0.001796286,0.0,0.0005022883415222,0.0005020201206207,1411443.0,3375.0
1650167429,0.0,0.005561556,0.0,0.0005022883415222,0.0005020201206207,4233824.0,9531.0
1650167430,0.0,0.005561556,0.0,0.0005022883415222,0.0005020201206207,4233824.0,9531.0
