timestamp,cpu_usage_system,cpu_usage_total,cpu_usage_user,memory_usage,memory_working_set,rx_bytes,tx_bytes
1650421445,0.005,0.001654722,0.0,1.767277717590332e-05,1.7434358596801758e-05,1028.0,1351.5
1650421446,0.005,0.001654722,0.0,1.767277717590332e-05,1.7434358596801758e-05,1028.0,1351.5
1650421447,0.005,0.001654722,0.0,1.767277717590332e-05,1.7434358596801758e-05,1028.0,1351.5
1650421448,0.005,0.001654722,0.0,1.767277717590332e-05,1.7434358596801758e-05,1028.0,1351.5
1650421449,0.005,0.001654722,0.0,1.767277717590332e-05,1.7434358596801758e-05,1028.0,1351.5
1650421450,0.0,0.000774795,0.0,1.767277717590332e-05,1.7434358596801758e-05,551.0,658.0
1650421451,0.0,0.003281342,0.0,1.767277717590332e-05,1.7434358596801758e-05,1966.0,2640.0
1650421452,0.0,0.003281342,0.0,1.767277717590332e-05,1.7434358596801758e-05,1966.0,2640.0
1650421453,0.0,0.0013103895,0.0,1.767277717590332e-05,1.7434358596801758e-05,719.5,989.0
1650421454,0.0,0.0013103895,0.0,1.767277717590332e-05,1.7434358596801758e-05,719.5,989.0
1650421455,0.0,0.0017472425,0.0,1.767277717590332e-05,1.7434358596801758e-05,961.5,1319.0
1650421456,0.01,0.003935294,0.0,1.7464160919189453e-05,1.722574234008789e-05,2055.0,4640.0
1650421457,0.01,0.003935294,0.0,1.7464160919189453e-05,1.722574234008789e-05,2055.0,4640.0
1650421458,0.0,0.0015561975,0.005,1.767277717590332e-05,1.7434358596801758e-05,1063.5,1266.0
1650421459,0.0,0.001762386,0.0,1.767277717590332e-05,1.7434358596801758e-05,1093.0,1384.0
1650421460,0.0,0.001762386,0.0,1.767277717590332e-05,1.7434358596801758e-05,1093.0,1384.0
1650421461,0.0,0.001696982,0.0,1.773238182067871e-05,1.749396324157715e-05,961.5,1320.0
1650421462,0.0,0.001696982,0.0,1.773238182067871e-05,1.749396324157715e-05,961.5,1320.0
1650421463,0.0,0.0007733335,0.0,1.767277717590332e-05,1.7434358596801758e-05,502.0,681.0
1650421464,0.0,0.001579895,0.01,1.7702579498291016e-05,1.7464160919189453e-05,962.0,1320.0
1650421465,0.0,0.001579895,0.01,1.7702579498291016e-05,1.7464160919189453e-05,962.0,1320.0
1650421466,0.0,0.0013239115,0.0,1.767277717590332e-05,1.7434358596801758e-05,721.0,990.0
1650421467,0.0,0.0013239115,0.0,1.767277717590332e-05,1.7434358596801758e-05,721.0,990.0
1650421468,0.0,0.0013271035,0.0,1.7523765563964844e-05,1.728534698486328e-05,787.5,1662.5
1650421469,0.0,0.002425824,0.0,1.767277717590332e-05,1.7434358596801758e-05,1513.0,1804.0
1650421470,0.0,0.002425824,0.0,1.767277717590332e-05,1.7434358596801758e-05,1513.0,1804.0
1650421471,0.0,0.0016972975,0.0,1.767277717590332e-05,1.7434358596801758e-05,1093.5,1384.5
1650421472,0.0,0.003623057,0.01,1.767277717590332e-05,1.7434358596801758e-05,1923.0,2637.0
1650421473,0.0,0.003623057,0.01,1.767277717590332e-05,1.7434358596801758e-05,1923.0,2637.0
1650421474,0.0,0.001735864,0.0,1.773238182067871e-05,1.749396324157715e-05,962.0,1318.0
1650421475,0.0,0.000779533,0.0,1.767277717590332e-05,1.7434358596801758e-05,481.0,660.0
1650421476,0.0,0.000779533,0.0,1.767277717590332e-05,1.7434358596801758e-05,481.0,660.0
1650421477,0.0,0.000471448,0.0,1.767277717590332e-05,1.7434358596801758e-05,240.5,1351.5
1650421478,0.0,0.002519845,0.0,1.862645149230957e-05,1.8388032913208008e-05,1575.0,2243.0
1650421479,0.01,0.0023629,0.0,1.767277717590332e-05,1.7434358596801758e-05,1514.0,1804.0
1650421480,0.0,0.001606944,0.0,1.767277717590332e-05,1.7434358596801758e-05,1226.0,1452.0
1650421481,0.0,0.001606944,0.0,1.767277717590332e-05,1.7434358596801758e-05,1226.0,1452.0
1650421482,0.0,0.0012302945,0.0,1.767277717590332e-05,1.7434358596801758e-05,721.5,990.0
1650421483,0.0,0.0012302945,0.0,1.767277717590332e-05,1.7434358596801758e-05,721.5,990.0
1650421484,0.0,0.001202848,0.0,1.767277717590332e-05,1.7434358596801758e-05,721.5,990.0
1650421485,0.0,0.001202848,0.0,1.767277717590332e-05,1.7434358596801758e-05,721.5,990.0
1650421486,0.0,0.0012911895,0.0,1.767277717590332e-05,1.7434358596801758e-05,721.5,990.0
1650421487,0.0,0.003494049,0.0,1.767277717590332e-05,1.7434358596801758e-05,1923.0,3103.0
1650421488,0.0,0.0026078,0.0,1.7702579498291016e-05,1.7464160919189453e-05,1443.0,1980.0
1650421489,0.0,0.0026078,0.0,1.7702579498291016e-05,1.7464160919189453e-05,1443.0,1980.0
1650421490,0.0,0.001347811,0.0,1.767277717590332e-05,1.7434358596801758e-05,757.0,1000.5
1650421491,0.0,0.002502953,0.0,1.767277717590332e-05,1.7434358596801758e-05,1881.0,2220.0
1650421492,0.0,0.002502953,0.0,1.767277717590332e-05,1.7434358596801758e-05,1881.0,2220.0
1650421493,0.0,0.0013878305,0.0,1.767277717590332e-05,1.7434358596801758e-05,721.5,988.5
1650421494,0.0,0.00280209,0.0,1.767277717590332e-05,1.7434358596801758e-05,1443.0,1980.0
1650421495,0.0,0.00280209,0.0,1.767277717590332e-05,1.7434358596801758e-05,1443.0,1980.0
1650421496,0.0,0.0008016535,0.0,1.767277717590332e-05,1.7434358596801758e-05,481.0,660.0
1650421497,0.01,0.003538734,0.0,1.767277717590332e-05,1.7434358596801758e-05,1924.0,5305.0
1650421498,0.0,0.002020272,0.0,1.767277717590332e-05,1.7434358596801758e-05,962.0,1319.0
1650421499,0.0,0.001847598,0.0,1.7464160919189453e-05,1.722574234008789e-05,1094.0,1584.0
1650421500,0.0,0.001847598,0.0,1.7464160919189453e-05,1.722574234008789e-05,1094.0,1584.0
1650421501,0.0,0.000727277,0.0,1.767277717590332e-05,1.7434358596801758e-05,450.5,540.0
1650421502,0.0,0.004383688,0.0,1.767277717590332e-05,1.7434358596801758e-05,2798.0,3494.0
1650421503,0.0,0.004383688,0.0,1.767277717590332e-05,1.7434358596801758e-05,2798.0,3494.0
1650421504,0.0,0.0011781815,0.0,1.7762184143066406e-05,1.7523765563964844e-05,721.5,990.0
1650421505,0.0,0.0011781815,0.0,1.7762184143066406e-05,1.7523765563964844e-05,721.5,990.0
1650421506,0.0,0.0012177415,0.0,1.767277717590332e-05,1.7434358596801758e-05,721.5,990.0
1650421507,0.0,0.002663396,0.0,1.767277717590332e-05,1.7434358596801758e-05,1442.0,3060.0
1650421508,0.0,0.002663396,0.0,1.767277717590332e-05,1.7434358596801758e-05,1442.0,3060.0
1650421509,0.0,0.00092261,0.0,1.7702579498291016e-05,1.7464160919189453e-05,481.0,660.0
1650421510,0.0,0.000859027,0.0,1.767277717590332e-05,1.7434358596801758e-05,481.0,660.0
1650421511,0.0,0.003457948,0.0,1.767277717590332e-05,1.7434358596801758e-05,1995.0,2664.0
1650421512,0.0,0.003457948,0.0,1.767277717590332e-05,1.7434358596801758e-05,1995.0,2664.0
1650421513,0.0,0.0012690625,0.0,1.7702579498291016e-05,1.7464160919189453e-05,919.5,1089.0
1650421514,0.0,0.002685576,0.0,1.767277717590332e-05,1.7434358596801758e-05,1443.0,1977.0
1650421515,0.0,0.002379611,0.0,1.767277717590332e-05,1.7434358596801758e-05,1443.0,1980.0
1650421516,0.0,0.002379611,0.0,1.767277717590332e-05,1.7434358596801758e-05,1443.0,1980.0
1650421517,0.005,0.000955528,0.0,1.767277717590332e-05,1.7434358596801758e-05,480.5,1203.0
1650421518,0.005,0.000955528,0.0,1.767277717590332e-05,1.7434358596801758e-05,480.5,1203.0
1650421519,0.0,0.0025250425,0.005,1.767277717590332e-05,1.7434358596801758e-05,1442.5,1978.0
1650421520,0.0,0.001783554,0.0,1.7762184143066406e-05,1.7523765563964844e-05,962.0,1320.0
1650421521,0.0,0.000801841,0.0,1.7702579498291016e-05,1.7464160919189453e-05,523.0,702.0
1650421522,0.0,0.000801841,0.0,1.7702579498291016e-05,1.7464160919189453e-05,523.0,702.0
1650421523,0.0,0.001327175,0.0,1.767277717590332e-05,1.7434358596801758e-05,756.5,1001.0
1650421524,0.0,0.002438978,0.0,1.767277717590332e-05,1.7434358596801758e-05,1838.0,2175.0
1650421525,0.0,0.002438978,0.0,1.767277717590332e-05,1.7434358596801758e-05,1838.0,2175.0
1650421526,0.0,0.000917312,0.0,1.767277717590332e-05,1.7434358596801758e-05,481.0,659.5
1650421527,0.0,0.00187771,0.0,1.767277717590332e-05,1.7434358596801758e-05,962.0,3073.0
1650421528,0.0,0.001661736,0.0,1.767277717590332e-05,1.7434358596801758e-05,962.0,1320.0
1650421529,0.0,0.00159694,0.01,1.767277717590332e-05,1.7434358596801758e-05,960.0,1318.0
1650421530,0.0,0.00159694,0.01,1.767277717590332e-05,1.7434358596801758e-05,960.0,1318.0
1650421531,0.0,0.0016695175,0.0,1.767277717590332e-05,1.7434358596801758e-05,961.0,1319.0
1650421532,0.0,0.0016695175,0.0,1.767277717590332e-05,1.7434358596801758e-05,961.0,1319.0
1650421533,0.0,0.001679281,0.0,1.767277717590332e-05,1.7434358596801758e-05,996.5,1331.5
1650421534,0.0,0.002945038,0.0,1.7881393432617188e-05,1.7642974853515625e-05,1839.0,2178.0
1650421535,0.0,0.002945038,0.0,1.7881393432617188e-05,1.7642974853515625e-05,1839.0,2178.0
1650421536,0.0,0.0012505025,0.0,1.767277717590332e-05,1.7434358596801758e-05,721.5,989.5
1650421537,0.0,0.0012505025,0.0,1.767277717590332e-05,1.7434358596801758e-05,721.5,989.5
1650421538,0.0,0.000954237,0.0,1.767277717590332e-05,1.7434358596801758e-05,480.5,1201.5
1650421539,0.0,0.002604491,0.0,1.767277717590332e-05,1.7434358596801758e-05,1442.0,1978.0
1650421540,0.0,0.002604491,0.0,1.767277717590332e-05,1.7434358596801758e-05,1442.0,1978.0
1650421541,0.005,0.000810129,0.0,1.7702579498291016e-05,1.7464160919189453e-05,481.0,659.5
1650421542,0.005,0.000810129,0.0,1.7702579498291016e-05,1.7464160919189453e-05,481.0,659.5
1650421543,0.0,0.002233334,0.0,1.767277717590332e-05,1.7434358596801758e-05,1238.0,1661.5
1650421544,0.0,0.002233334,0.0,1.767277717590332e-05,1.7434358596801758e-05,1238.0,1661.5
1650421545,0.0,0.001390054,0.0,1.767277717590332e-05,1.7434358596801758e-05,919.0,1087.0
1650421546,0.0,0.002461108,0.0,1.767277717590332e-05,1.7434358596801758e-05,1442.0,4033.0
1650421547,0.0,0.002461108,0.0,1.767277717590332e-05,1.7434358596801758e-05,1442.0,4033.0
1650421548,0.0,0.000880333,0.005,1.767277717590332e-05,1.7434358596801758e-05,480.5,658.0
1650421549,0.0,0.000880333,0.005,1.767277717590332e-05,1.7434358596801758e-05,480.5,658.0
1650421550,0.0,0.001141888,0.0,1.767277717590332e-05,1.7434358596801758e-05,721.5,990.0
1650421551,0.0,0.000839406,0.0,1.767277717590332e-05,1.7434358596801758e-05,481.0,660.0
1650421552,0.0,0.001611984,0.0,1.767277717590332e-05,1.7434358596801758e-05,1004.0,1362.0
1650421553,0.0,0.001656239,0.0,1.767277717590332e-05,1.7434358596801758e-05,962.0,1320.0
1650421554,0.0,0.001656239,0.0,1.767277717590332e-05,1.7434358596801758e-05,962.0,1320.0
1650421555,0.0,0.002090852,0.0,1.767277717590332e-05,1.7434358596801758e-05,1369.5,1726.0
1650421556,0.0,0.002090852,0.0,1.767277717590332e-05,1.7434358596801758e-05,1369.5,1726.0
1650421557,0.0,0.0016958145,0.0,1.767277717590332e-05,1.7434358596801758e-05,1028.0,1741.5
1650421558,0.0,0.002467347,0.0,1.767277717590332e-05,1.7434358596801758e-05,1443.0,1980.0
1650421559,0.0,0.002467347,0.0,1.767277717590332e-05,1.7434358596801758e-05,1443.0,1980.0
1650421560,0.0,0.000861728,0.0,1.767277717590332e-05,1.7434358596801758e-05,481.0,660.0
1650421561,0.0,0.000861728,0.0,1.767277717590332e-05,1.7434358596801758e-05,481.0,660.0
1650421562,0.0,0.001225703,0.0,1.767277717590332e-05,1.7434358596801758e-05,721.5,988.0
1650421563,0.0,0.00163841,0.0,1.767277717590332e-05,1.7434358596801758e-05,962.0,1320.0
1650421564,0.0,0.00163841,0.0,1.767277717590332e-05,1.7434358596801758e-05,962.0,1320.0
1650421565,0.0,0.001614415,0.0,1.767277717590332e-05,1.7434358596801758e-05,997.0,1331.5
1650421566,0.0,0.002785276,0.0,1.767277717590332e-05,1.7434358596801758e-05,1839.0,2641.0
1650421567,0.0,0.002785276,0.0,1.767277717590332e-05,1.7434358596801758e-05,1839.0,2641.0
1650421568,0.0,0.0013235065,0.0,1.767277717590332e-05,1.7434358596801758e-05,721.0,990.0
1650421569,0.0,0.0013235065,0.0,1.767277717590332e-05,1.7434358596801758e-05,721.0,990.0
1650421570,0.0,0.0020739575,0.005,1.773238182067871e-05,1.749396324157715e-05,1202.5,1649.0
1650421571,0.0,0.0020739575,0.005,1.773238182067871e-05,1.749396324157715e-05,1202.5,1649.0
1650421572,0.0,0.000769843,0.0,1.767277717590332e-05,1.7434358596801758e-05,481.0,660.0
1650421573,0.0,0.002375027,0.0,1.767277717590332e-05,1.7434358596801758e-05,1442.0,1980.0
1650421574,0.0,0.002776849,0.01,1.767277717590332e-05,1.7434358596801758e-05,1443.0,1980.0
1650421575,0.0,0.002776849,0.01,1.767277717590332e-05,1.7434358596801758e-05,1443.0,1980.0
1650421576,0.0,0.001384251,0.0,1.767277717590332e-05,1.7434358596801758e-05,756.5,1543.0
1650421577,0.0,0.001384251,0.0,1.767277717590332e-05,1.7434358596801758e-05,756.5,1543.0
1650421578,0.0,0.000821527,0.0,1.767277717590332e-05,1.7434358596801758e-05,613.0,725.5
1650421579,0.0,0.001599121,0.0,1.767277717590332e-05,1.7434358596801758e-05,1094.0,1384.0
1650421580,0.0,0.001599121,0.0,1.767277717590332e-05,1.7434358596801758e-05,1094.0,1384.0
1650421581,0.0,0.001193552,0.0,1.767277717590332e-05,1.7434358596801758e-05,742.5,1011.0
1650421582,0.0,0.001193552,0.0,1.767277717590332e-05,1.7434358596801758e-05,742.5,1011.0
1650421583,0.0,0.000824543,0.0,1.767277717590332e-05,1.7434358596801758e-05,481.0,660.0
1650421584,0.0,0.000824543,0.0,1.767277717590332e-05,1.7434358596801758e-05,481.0,660.0
1650421585,0.0,0.0015922675,0.0,1.767277717590332e-05,1.7434358596801758e-05,962.0,1319.0
1650421586,0.0,0.002426817,0.0,1.7702579498291016e-05,1.7464160919189453e-05,1443.0,2445.0
1650421587,0.0,0.002426817,0.0,1.7702579498291016e-05,1.7464160919189453e-05,1443.0,2445.0
1650421588,0.0,0.0017609505,0.0,1.77919864654541e-05,1.755356788635254e-05,996.5,1332.0
1650421589,0.0,0.00244374,0.0,1.767277717590332e-05,1.7434358596801758e-05,1838.0,2177.0
1650421590,0.0,0.002360872,0.0,1.767277717590332e-05,1.7434358596801758e-05,1443.0,1980.0
1650421591,0.0,0.002360872,0.0,1.767277717590332e-05,1.7434358596801758e-05,1443.0,1980.0
1650421592,0.0,0.0007830625,0.0,1.767277717590332e-05,1.7434358596801758e-05,480.5,659.0
1650421593,0.0,0.003201461,0.0,1.767277717590332e-05,1.7434358596801758e-05,1923.0,2640.0
1650421594,0.0,0.003201461,0.0,1.767277717590332e-05,1.7434358596801758e-05,1923.0,2640.0
1650421595,0.0,0.000803095,0.0,1.767277717590332e-05,1.7434358596801758e-05,481.0,660.0
1650421596,0.01,0.002501215,0.0,1.767277717590332e-05,1.7434358596801758e-05,1443.0,2439.0
1650421597,0.01,0.002501215,0.0,1.767277717590332e-05,1.7434358596801758e-05,1443.0,2439.0
1650421598,0.0,0.001479807,0.0,1.7464160919189453e-05,1.722574234008789e-05,787.5,1122.0
1650421599,0.0,0.002360943,0.0,1.773238182067871e-05,1.749396324157715e-05,1514.0,1806.0
1650421600,0.0,0.002360943,0.0,1.773238182067871e-05,1.749396324157715e-05,1514.0,1806.0
1650421601,0.0,0.000797997,0.0,1.7702579498291016e-05,1.7464160919189453e-05,613.0,726.0
1650421602,0.0,0.000797997,0.0,1.7702579498291016e-05,1.7464160919189453e-05,613.0,726.0
1650421603,0.0,0.001724336,0.0,1.767277717590332e-05,1.7434358596801758e-05,962.0,1319.5
1650421604,0.01,0.003355704,0.0,1.7702579498291016e-05,1.7464160919189453e-05,1924.0,2638.0
1650421605,0.01,0.003355704,0.0,1.7702579498291016e-05,1.7464160919189453e-05,1924.0,2638.0
1650421606,0.0,0.001272936,0.0,1.767277717590332e-05,1.7434358596801758e-05,721.5,1532.0
1650421607,0.0,0.001854844,0.0,1.773238182067871e-05,1.749396324157715e-05,960.0,1316.0
1650421608,0.0,0.001854844,0.0,1.773238182067871e-05,1.749396324157715e-05,960.0,1316.0
1650421609,0.0,0.0012920245,0.0,1.7464160919189453e-05,1.722574234008789e-05,786.0,1120.0
1650421610,0.0,0.002455194,0.0,1.773238182067871e-05,1.749396324157715e-05,1514.0,1806.0
1650421611,0.0,0.001788472,0.0,1.773238182067871e-05,1.749396324157715e-05,1267.0,1494.0
1650421612,0.0,0.001788472,0.0,1.773238182067871e-05,1.749396324157715e-05,1267.0,1494.0
1650421613,0.0,0.0007915825,0.0,1.7702579498291016e-05,1.7464160919189453e-05,481.0,659.5
1650421614,0.0,0.002677949,0.0,1.767277717590332e-05,1.7434358596801758e-05,1442.0,1978.0
1650421615,0.0,0.002677949,0.0,1.767277717590332e-05,1.7434358596801758e-05,1442.0,1978.0
1650421616,0.0,0.0003897345,0.0,1.767277717590332e-05,1.7434358596801758e-05,240.5,330.0
1650421617,0.0,0.001867157,0.0,1.767277717590332e-05,1.7434358596801758e-05,961.0,2712.0
1650421618,0.0,0.000814981,0.01,1.767277717590332e-05,1.7434358596801758e-05,481.0,660.0
1650421619,0.0,0.000814981,0.01,1.767277717590332e-05,1.7434358596801758e-05,481.0,660.0
1650421620,0.005,0.001356754,0.0,1.749396324157715e-05,1.7255544662475586e-05,787.5,1121.5
1650421621,0.0,0.001499862,0.0,1.767277717590332e-05,1.7434358596801758e-05,901.0,1080.0
1650421622,0.0,0.001499862,0.0,1.767277717590332e-05,1.7434358596801758e-05,901.0,1080.0
1650421623,0.0,0.001248378,0.0,1.7702579498291016e-05,1.7464160919189453e-05,919.5,1089.0
1650421624,0.0,0.000755687,0.0,1.767277717590332e-05,1.7434358596801758e-05,481.0,660.0
1650421625,0.0,0.000755687,0.0,1.767277717590332e-05,1.7434358596801758e-05,481.0,660.0
1650421626,0.0,0.000820997,0.0,1.767277717590332e-05,1.7434358596801758e-05,481.0,660.0
1650421627,0.0,0.000820997,0.0,1.767277717590332e-05,1.7434358596801758e-05,481.0,660.0
1650421628,0.005,0.0018994025,0.0,1.767277717590332e-05,1.7434358596801758e-05,961.5,1551.5
1650421629,0.0,0.002659344,0.0,1.767277717590332e-05,1.7434358596801758e-05,1442.0,1978.0
1650421630,0.0,0.002659344,0.0,1.767277717590332e-05,1.7434358596801758e-05,1442.0,1978.0
1650421631,0.0,0.0009114955,0.0,1.7464160919189453e-05,1.722574234008789e-05,546.0,792.0
1650421632,0.01,0.002287718,0.0,1.7881393432617188e-05,1.7642974853515625e-05,1514.0,1806.0
1650421633,0.01,0.002287718,0.0,1.7881393432617188e-05,1.7642974853515625e-05,1514.0,1806.0
1650421634,0.0,0.000824174,0.005,1.767277717590332e-05,1.7434358596801758e-05,613.0,726.0
1650421635,0.0,0.000824174,0.005,1.767277717590332e-05,1.7434358596801758e-05,613.0,726.0
1650421636,0.0,0.0009428215,0.0,1.767277717590332e-05,1.7434358596801758e-05,480.5,659.0
1650421637,0.0,0.001775117,0.0,1.767277717590332e-05,1.7434358596801758e-05,962.0,2712.0
1650421638,0.0,0.001775117,0.0,1.767277717590332e-05,1.7434358596801758e-05,962.0,2712.0
1650421639,0.0,0.001632484,0.005,1.767277717590332e-05,1.7434358596801758e-05,961.5,1318.0
1650421640,0.0,0.001916869,0.0,1.767277717590332e-05,1.7434358596801758e-05,961.0,1318.0
1650421641,0.0,0.001601166,0.0,1.7762184143066406e-05,1.7523765563964844e-05,1002.0,1360.0
1650421642,0.0,0.001748848,0.0,1.7464160919189453e-05,1.722574234008789e-05,1094.0,1584.0
1650421643,0.0,0.001748848,0.0,1.7464160919189453e-05,1.722574234008789e-05,1094.0,1584.0
1650421644,0.0,0.0011650075,0.0,1.767277717590332e-05,1.7434358596801758e-05,757.0,902.5
1650421645,0.0,0.0011650075,0.0,1.767277717590332e-05,1.7434358596801758e-05,757.0,902.5
1650421646,0.0,0.001295274,0.0,1.767277717590332e-05,1.7434358596801758e-05,853.5,1055.5
1650421647,0.0,0.000909177,0.0,1.767277717590332e-05,1.7434358596801758e-05,481.0,2060.0
1650421648,0.0,0.000909177,0.0,1.767277717590332e-05,1.7434358596801758e-05,481.0,2060.0
1650421649,0.0,0.001464967,0.0,1.767277717590332e-05,1.7434358596801758e-05,721.5,990.0
1650421650,0.0,0.001464967,0.0,1.767277717590332e-05,1.7434358596801758e-05,721.5,990.0
1650421651,0.0,0.0008498425,0.0,1.7702579498291016e-05,1.7464160919189453e-05,480.5,660.0
1650421652,0.0,0.002701669,0.0,1.767277717590332e-05,1.7434358596801758e-05,1441.0,1976.0
1650421653,0.0,0.002701669,0.0,1.767277717590332e-05,1.7434358596801758e-05,1441.0,1976.0
1650421654,0.005,0.002285403,0.005,1.767277717590332e-05,1.7434358596801758e-05,1237.0,1660.0
1650421655,0.005,0.002285403,0.005,1.767277717590332e-05,1.7434358596801758e-05,1237.0,1660.0
1650421656,0.0,0.0008870565,0.0,1.7881393432617188e-05,1.7642974853515625e-05,612.5,1596.5
1650421657,0.0,0.0008870565,0.0,1.7881393432617188e-05,1.7642974853515625e-05,612.5,1596.5
1650421658,0.0,0.0013445255,0.0,1.767277717590332e-05,1.7434358596801758e-05,787.0,1023.0
1650421659,0.0,0.001640425,0.0,1.767277717590332e-05,1.7434358596801758e-05,962.0,1320.0
1650421660,0.0,0.001640425,0.0,1.767277717590332e-05,1.7434358596801758e-05,962.0,1320.0
1650421661,0.0,0.001285443,0.0,1.767277717590332e-05,1.7434358596801758e-05,721.5,989.5
1650421662,0.0,0.003584848,0.0,1.767277717590332e-05,1.7434358596801758e-05,1924.0,2640.0
1650421663,0.0,0.001928357,0.0,1.767277717590332e-05,1.7434358596801758e-05,962.0,1318.0
1650421664,0.0,0.001928357,0.0,1.767277717590332e-05,1.7434358596801758e-05,962.0,1318.0
1650421665,0.0,0.001010218,0.0,1.7464160919189453e-05,1.722574234008789e-05,546.5,791.5
1650421666,0.0,0.001010218,0.0,1.7464160919189453e-05,1.722574234008789e-05,546.5,791.5
1650421667,0.0,0.0023791635,0.005,1.767277717590332e-05,1.7434358596801758e-05,1369.0,2498.5
1650421668,0.0,0.003293655,0.0,1.773238182067871e-05,1.749396324157715e-05,1924.0,2637.0
1650421669,0.0,0.003293655,0.0,1.773238182067871e-05,1.749396324157715e-05,1924.0,2637.0
1650421670,0.005,0.001234172,0.0,1.767277717590332e-05,1.7434358596801758e-05,721.0,990.0
1650421671,0.0,0.002739991,0.0,1.767277717590332e-05,1.7434358596801758e-05,1483.0,2018.0
1650421672,0.0,0.002739991,0.0,1.767277717590332e-05,1.7434358596801758e-05,1483.0,2018.0
1650421673,0.0,0.002641245,0.0,1.7702579498291016e-05,1.7464160919189453e-05,1441.5,1977.5
1650421674,0.0,0.002641245,0.0,1.7702579498291016e-05,1.7464160919189453e-05,1441.5,1977.5
1650421675,0.0,0.001361842,0.005,1.767277717590332e-05,1.7434358596801758e-05,721.0,990.0
1650421676,0.0,0.001131381,0.0,1.7464160919189453e-05,1.722574234008789e-05,613.0,2965.0
1650421677,0.0,0.001131381,0.0,1.7464160919189453e-05,1.722574234008789e-05,613.0,2965.0
1650421678,0.0,0.0015960915,0.0,1.767277717590332e-05,1.7434358596801758e-05,1063.5,1264.5
1650421679,0.0,0.0015960915,0.0,1.767277717590332e-05,1.7434358596801758e-05,1063.5,1264.5
1650421680,0.0,0.0016585805,0.0,1.767277717590332e-05,1.7434358596801758e-05,1028.0,1352.5
1650421681,0.0,0.001595179,0.0,1.773238182067871e-05,1.749396324157715e-05,962.0,1318.0
1650421682,0.0,0.001595179,0.0,1.773238182067871e-05,1.749396324157715e-05,962.0,1318.0
1650421683,0.0,0.0012817315,0.005,1.767277717590332e-05,1.7434358596801758e-05,721.5,990.0
1650421684,0.0,0.001670513,0.0,1.767277717590332e-05,1.7434358596801758e-05,962.0,1320.0
1650421685,0.0,0.0008348,0.0,1.773238182067871e-05,1.749396324157715e-05,481.0,660.0
1650421686,0.0,0.002579486,0.0,1.767277717590332e-05,1.7434358596801758e-05,1443.0,2753.0
1650421687,0.0,0.002579486,0.0,1.767277717590332e-05,1.7434358596801758e-05,1443.0,2753.0
1650421688,0.0,0.0012810705,0.0,1.767277717590332e-05,1.7434358596801758e-05,757.0,1002.0
1650421689,0.0,0.002426601,0.0,1.773238182067871e-05,1.749396324157715e-05,1839.0,2178.0
1650421690,0.0,0.000797872,0.0,1.767277717590332e-05,1.7434358596801758e-05,481.0,660.0
1650421691,0.0,0.000797872,0.0,1.767277717590332e-05,1.7434358596801758e-05,481.0,660.0
1650421692,0.0,0.000783548,0.0,1.767277717590332e-05,1.7434358596801758e-05,481.0,660.0
1650421693,0.0,0.000783548,0.0,1.767277717590332e-05,1.7434358596801758e-05,481.0,660.0
1650421694,0.0,0.0016535395,0.005,1.7702579498291016e-05,1.7464160919189453e-05,962.0,1319.5
1650421695,0.0,0.0016535395,0.005,1.7702579498291016e-05,1.7464160919189453e-05,962.0,1319.5
1650421696,0.0,0.0015610175,0.0,1.767277717590332e-05,1.7434358596801758e-05,962.0,1319.0
1650421697,0.0,0.001688467,0.0,1.767277717590332e-05,1.7434358596801758e-05,962.0,1781.0
1650421698,0.0,0.001039107,0.0,1.7464160919189453e-05,1.722574234008789e-05,613.0,924.0
1650421699,0.0,0.001039107,0.0,1.7464160919189453e-05,1.722574234008789e-05,613.0,924.0
1650421700,0.0,0.0026136465,0.005,1.767277717590332e-05,1.7434358596801758e-05,1609.5,1957.0
1650421701,0.0,0.00254161,0.0,1.767277717590332e-05,1.7434358596801758e-05,1484.0,2018.0
1650421702,0.0,0.000759315,0.0,1.767277717590332e-05,1.7434358596801758e-05,481.0,660.0
1650421703,0.0,0.000759315,0.0,1.767277717590332e-05,1.7434358596801758e-05,481.0,660.0
1650421704,0.0,0.0013778265,0.0,1.767277717590332e-05,1.7434358596801758e-05,721.0,988.5
1650421705,0.0,0.001690742,0.0,1.767277717590332e-05,1.7434358596801758e-05,962.0,1320.0
1650421706,0.0,0.001690742,0.0,1.767277717590332e-05,1.7434358596801758e-05,962.0,1320.0
1650421707,0.0,0.000958256,0.0,1.767277717590332e-05,1.7434358596801758e-05,481.0,1833.5
1650421708,0.0,0.001745892,0.0,1.767277717590332e-05,1.7434358596801758e-05,961.0,1318.0
1650421709,0.0,0.001745892,0.0,1.767277717590332e-05,1.7434358596801758e-05,961.0,1318.0
1650421710,0.005,0.001271198,0.0,1.773238182067871e-05,1.749396324157715e-05,757.0,1001.5
1650421711,0.0,0.002733024,0.01,1.767277717590332e-05,1.7434358596801758e-05,1839.0,2178.0
1650421712,0.0,0.002733024,0.01,1.767277717590332e-05,1.7434358596801758e-05,1839.0,2178.0
1650421713,0.0,0.0013005225,0.0,1.767277717590332e-05,1.7434358596801758e-05,721.5,989.5
1650421714,0.0,0.004306486,0.01,1.767277717590332e-05,1.7434358596801758e-05,2405.0,3299.0
1650421715,0.0,0.004306486,0.01,1.767277717590332e-05,1.7434358596801758e-05,2405.0,3299.0
1650421716,0.0,0.001429996,0.0,1.767277717590332e-05,1.7434358596801758e-05,720.5,2014.5
1650421717,0.0,0.001429996,0.0,1.767277717590332e-05,1.7434358596801758e-05,720.5,2014.5
1650421718,0.0,0.000848261,0.0,1.767277717590332e-05,1.7434358596801758e-05,480.5,660.0
1650421719,0.0,0.000848261,0.0,1.767277717590332e-05,1.7434358596801758e-05,480.5,660.0
1650421720,0.0,0.0012003145,0.0,1.767277717590332e-05,1.7434358596801758e-05,721.5,990.0
1650421721,0.0,0.0012003145,0.0,1.767277717590332e-05,1.7434358596801758e-05,721.5,990.0
1650421722,0.0,0.002754211,0.0,1.7702579498291016e-05,1.7464160919189453e-05,1675.5,2089.0
1650421723,0.01,0.002496685,0.0,1.773238182067871e-05,1.749396324157715e-05,1442.0,1978.0
1650421724,0.01,0.002496685,0.0,1.773238182067871e-05,1.749396324157715e-05,1442.0,1978.0
1650421725,0.0,0.0011890065,0.0,1.767277717590332e-05,1.7434358596801758e-05,721.5,990.0
1650421726,0.0,0.002678314,0.0,1.767277717590332e-05,1.7434358596801758e-05,1443.0,3720.0
1650421727,0.0,0.002678314,0.0,1.767277717590332e-05,1.7434358596801758e-05,1443.0,3720.0
1650421728,0.0,0.0012586675,0.0,1.767277717590332e-05,1.7434358596801758e-05,721.5,990.0
1650421729,0.0,0.001757595,0.0,1.767277717590332e-05,1.7434358596801758e-05,961.0,1317.0
1650421730,0.0,0.001757595,0.0,1.767277717590332e-05,1.7434358596801758e-05,961.0,1317.0
1650421731,0.0,0.000798067,0.0,1.767277717590332e-05,1.7434358596801758e-05,480.5,660.0
1650421732,0.0,0.000798067,0.0,1.767277717590332e-05,1.7434358596801758e-05,480.5,660.0
1650421733,0.0,0.001760948,0.0,1.767277717590332e-05,1.7434358596801758e-05,1084.5,1386.0
1650421734,0.0,0.000816538,0.0,1.7702579498291016e-05,1.7464160919189453e-05,613.0,725.0
1650421735,0.0,0.001676032,0.0,1.767277717590332e-05,1.7434358596801758e-05,1094.0,1385.0
1650421736,0.0,0.001676032,0.0,1.767277717590332e-05,1.7434358596801758e-05,1094.0,1385.0
1650421737,0.0,0.001323472,0.0,1.773238182067871e-05,1.749396324157715e-05,721.0,1683.0
1650421738,0.0,0.001323472,0.0,1.773238182067871e-05,1.749396324157715e-05,721.0,1683.0
1650421739,0.0,0.000859113,0.0,1.7702579498291016e-05,1.7464160919189453e-05,481.0,660.0
1650421740,0.01,0.002327705,0.01,1.773238182067871e-05,1.749396324157715e-05,1443.0,1978.0
1650421741,0.0,0.001601554,0.0,1.767277717590332e-05,1.7434358596801758e-05,962.0,1320.0
1650421742,0.0,0.001601554,0.0,1.767277717590332e-05,1.7434358596801758e-05,962.0,1320.0
1650421743,0.0,0.001864774,0.0,1.767277717590332e-05,1.7434358596801758e-05,997.5,1332.0
1650421744,0.0,0.000795952,0.0,1.767277717590332e-05,1.7434358596801758e-05,613.0,725.0
1650421745,0.0,0.000795952,0.0,1.767277717590332e-05,1.7434358596801758e-05,613.0,725.0
1650421746,0.005,0.001360944,0.005,1.767277717590332e-05,1.7434358596801758e-05,853.0,1596.0
1650421747,0.0,0.001893044,0.0,1.767277717590332e-05,1.7434358596801758e-05,961.0,1318.0
1650421748,0.0,0.001893044,0.0,1.767277717590332e-05,1.7434358596801758e-05,961.0,1318.0
1650421749,0.005,0.001775368,0.0,1.7762184143066406e-05,1.7523765563964844e-05,962.0,1320.0
1650421750,0.0,0.002382956,0.0,1.767277717590332e-05,1.7434358596801758e-05,1443.0,1978.0
1650421751,0.0,0.001604264,0.0,1.767277717590332e-05,1.7434358596801758e-05,962.0,1319.0
1650421752,0.0,0.001604264,0.0,1.767277717590332e-05,1.7434358596801758e-05,962.0,1319.0
1650421753,0.0,0.000967234,0.005,1.767277717590332e-05,1.7434358596801758e-05,480.5,659.0
1650421754,0.01,0.003634053,0.0,1.7762184143066406e-05,1.7523765563964844e-05,2126.0,2727.0
1650421755,0.01,0.003634053,0.0,1.7762184143066406e-05,1.7523765563964844e-05,2126.0,2727.0
1650421756,0.0,0.0014175765,0.0,1.767277717590332e-05,1.7434358596801758e-05,853.0,1054.5
1650421757,0.0,0.002376553,0.0,1.767277717590332e-05,1.7434358596801758e-05,1442.0,4328.0
1650421758,0.0,0.002376553,0.0,1.767277717590332e-05,1.7434358596801758e-05,1442.0,4328.0
1650421759,0.0,0.0012324905,0.0,1.767277717590332e-05,1.7434358596801758e-05,721.5,990.0
1650421760,0.0,0.001704759,0.0,1.767277717590332e-05,1.7434358596801758e-05,961.0,1319.0
1650421761,0.0,0.001704759,0.0,1.767277717590332e-05,1.7434358596801758e-05,961.0,1319.0
1650421762,0.0,0.0016325695,0.005,1.7702579498291016e-05,1.7464160919189453e-05,983.0,1340.5
1650421763,0.0,0.001875627,0.0,1.7464160919189453e-05,1.722574234008789e-05,1094.0,1583.0
1650421764,0.0,0.001875627,0.0,1.7464160919189453e-05,1.722574234008789e-05,1094.0,1583.0
1650421765,0.0,0.0012019925,0.0,1.767277717590332e-05,1.7434358596801758e-05,757.0,903.0
1650421766,0.0,0.0012019925,0.0,1.767277717590332e-05,1.7434358596801758e-05,757.0,903.0
1650421767,0.0,0.000964611,0.0,1.767277717590332e-05,1.7434358596801758e-05,613.0,959.0
1650421768,0.0,0.002322638,0.01,1.767277717590332e-05,1.7434358596801758e-05,1443.0,1979.0
1650421769,0.0,0.002322638,0.01,1.767277717590332e-05,1.7434358596801758e-05,1443.0,1979.0
1650421770,0.0,0.0004088745,0.0,1.7702579498291016e-05,1.7464160919189453e-05,240.5,330.0
1650421771,0.0,0.00253063,0.0,1.7702579498291016e-05,1.7464160919189453e-05,1441.0,1978.0
1650421772,0.0,0.00253063,0.0,1.7702579498291016e-05,1.7464160919189453e-05,1441.0,1978.0
1650421773,0.0,0.0016415285,0.0,1.7702579498291016e-05,1.7464160919189453e-05,961.5,1320.0
1650421774,0.0,0.0016415285,0.0,1.7702579498291016e-05,1.7464160919189453e-05,961.5,1320.0
1650421775,0.0,0.0015471235,0.0,1.7464160919189453e-05,1.722574234008789e-05,787.0,1122.0
1650421776,0.0,0.002662803,0.0,1.767277717590332e-05,1.7434358596801758e-05,1514.0,2894.0
1650421777,0.0,0.002662803,0.0,1.767277717590332e-05,1.7434358596801758e-05,1514.0,2894.0
1650421778,0.005,0.0012395905,0.005,1.767277717590332e-05,1.7434358596801758e-05,853.5,1055.5
1650421779,0.005,0.0012395905,0.005,1.767277717590332e-05,1.7434358596801758e-05,853.5,1055.5
1650421780,0.0,0.0012606905,0.0,1.767277717590332e-05,1.7434358596801758e-05,721.5,990.0
1650421781,0.0,0.00172296,0.0,1.767277717590332e-05,1.7434358596801758e-05,962.0,1320.0
1650421782,0.0,0.002638936,0.0,1.7762184143066406e-05,1.7523765563964844e-05,1442.0,1978.0
1650421783,0.0,0.002638936,0.0,1.7762184143066406e-05,1.7523765563964844e-05,1442.0,1978.0
1650421784,0.0,0.0009165765,0.0,1.773238182067871e-05,1.749396324157715e-05,481.0,660.0
1650421785,0.0,0.002607155,0.0,1.773238182067871e-05,1.749396324157715e-05,1441.0,1976.0
1650421786,0.0,0.002607155,0.0,1.773238182067871e-05,1.749396324157715e-05,1441.0,1976.0
1650421787,0.0,0.002010289,0.0,1.767277717590332e-05,1.7434358596801758e-05,1063.0,2392.5
1650421788,0.0,0.002056584,0.0,1.7702579498291016e-05,1.7464160919189453e-05,1226.0,1452.0
1650421789,0.0,0.002056584,0.0,1.7702579498291016e-05,1.7464160919189453e-05,1226.0,1452.0
1650421790,0.0,0.0008030725,0.0,1.767277717590332e-05,1.7434358596801758e-05,481.0,660.0
1650421791,0.0,0.0008030725,0.0,1.767277717590332e-05,1.7434358596801758e-05,481.0,660.0
1650421792,0.0,0.0012884435,0.0,1.767277717590332e-05,1.7434358596801758e-05,742.0,1010.0
1650421793,0.0,0.000847696,0.0,1.767277717590332e-05,1.7434358596801758e-05,481.0,660.0
1650421794,0.0,0.000847696,0.0,1.767277717590332e-05,1.7434358596801758e-05,481.0,660.0
1650421795,0.0,0.0030929445,0.0,1.767277717590332e-05,1.7434358596801758e-05,1683.0,2308.0
1650421796,0.0,0.0030929445,0.0,1.767277717590332e-05,1.7434358596801758e-05,1683.0,2308.0
1650421797,0.0,0.001867211,0.005,1.7583370208740234e-05,1.7344951629638672e-05,1027.5,2783.5
1650421798,0.0,0.003131363,0.0,1.767277717590332e-05,1.7434358596801758e-05,2127.0,2531.0
1650421799,0.0,0.003131363,0.0,1.767277717590332e-05,1.7434358596801758e-05,2127.0,2531.0
1650421800,0.0,0.0012968785,0.0,1.773238182067871e-05,1.749396324157715e-05,787.5,1022.0
1650421801,0.0,0.0012968785,0.0,1.773238182067871e-05,1.749396324157715e-05,787.5,1022.0
1650421802,0.005,0.0016558345,0.0,1.767277717590332e-05,1.7434358596801758e-05,962.0,1318.5
1650421803,0.0,0.001596475,0.0,1.767277717590332e-05,1.7434358596801758e-05,961.0,1320.0
1650421804,0.0,0.00161029,0.0,1.7702579498291016e-05,1.7464160919189453e-05,962.0,1320.0
1650421805,0.0,0.00161029,0.0,1.7702579498291016e-05,1.7464160919189453e-05,962.0,1320.0
1650421806,0.0,0.0012169305,0.0,1.767277717590332e-05,1.7434358596801758e-05,721.0,990.0
1650421807,0.0,0.000780763,0.0,1.767277717590332e-05,1.7434358596801758e-05,481.0,660.0
1650421808,0.0,0.002515117,0.0,1.767277717590332e-05,1.7434358596801758e-05,1514.0,2003.0
1650421809,0.0,0.002515117,0.0,1.767277717590332e-05,1.7434358596801758e-05,1514.0,2003.0
1650421810,0.0,0.0012154735,0.005,1.773238182067871e-05,1.749396324157715e-05,919.5,1088.5
1650421811,0.0,0.0012154735,0.005,1.773238182067871e-05,1.749396324157715e-05,919.5,1088.5
1650421812,0.0,0.0004077535,0.0,1.767277717590332e-05,1.7434358596801758e-05,240.5,330.0
1650421813,0.0,0.002762386,0.0,1.767277717590332e-05,1.7434358596801758e-05,1442.0,1980.0
1650421814,0.0,0.002762386,0.0,1.767277717590332e-05,1.7434358596801758e-05,1442.0,1980.0
1650421815,0.0,0.000822692,0.005,1.767277717590332e-05,1.7434358596801758e-05,481.0,660.0
1650421816,0.0,0.000822692,0.005,1.767277717590332e-05,1.7434358596801758e-05,481.0,660.0
1650421817,0.0,0.0021417395,0.0,1.767277717590332e-05,1.7434358596801758e-05,1202.5,1880.5
1650421818,0.0,0.003218098,0.0,1.767277717590332e-05,1.7434358596801758e-05,1924.0,2639.0
1650421819,0.0,0.003218098,0.0,1.767277717590332e-05,1.7434358596801758e-05,1924.0,2639.0
1650421820,0.0,0.0022286495,0.0,1.7702579498291016e-05,1.7464160919189453e-05,1369.5,1727.0
1650421821,0.0,0.002442141,0.0,1.7702579498291016e-05,1.7464160919189453e-05,1617.0,2088.0
1650421822,0.0,0.002717525,0.0,1.767277717590332e-05,1.7434358596801758e-05,1443.0,1978.0
1650421823,0.0,0.001721095,0.0,1.7702579498291016e-05,1.7464160919189453e-05,962.0,1318.0
1650421824,0.0,0.001721095,0.0,1.7702579498291016e-05,1.7464160919189453e-05,962.0,1318.0
1650421825,0.0,0.00158416,0.0,1.767277717590332e-05,1.7434358596801758e-05,962.0,1320.0
1650421826,0.0,0.003335885,0.0,1.7702579498291016e-05,1.7464160919189453e-05,1922.0,4993.0
1650421827,0.0,0.003335885,0.0,1.7702579498291016e-05,1.7464160919189453e-05,1922.0,4993.0
1650421828,0.0,0.0007899995,0.0,1.767277717590332e-05,1.7434358596801758e-05,481.0,660.0
1650421829,0.0,0.001577629,0.0,1.767277717590332e-05,1.7434358596801758e-05,961.0,1320.0
1650421830,0.0,0.001577629,0.0,1.767277717590332e-05,1.7434358596801758e-05,961.0,1320.0
1650421831,0.005,0.00173789,0.005,1.767277717590332e-05,1.7434358596801758e-05,997.5,1332.0
1650421832,0.0,0.002503569,0.0,1.767277717590332e-05,1.7434358596801758e-05,1837.0,2173.0
1650421833,0.0,0.002503569,0.0,1.767277717590332e-05,1.7434358596801758e-05,1837.0,2173.0
1650421834,0.0,0.0012119065,0.0,1.767277717590332e-05,1.7434358596801758e-05,721.5,990.0
1650421835,0.0,0.0012119065,0.0,1.767277717590332e-05,1.7434358596801758e-05,721.5,990.0
1650421836,0.0,0.0013542545,0.005,1.767277717590332e-05,1.7434358596801758e-05,720.5,988.0
1650421837,0.0,0.0013542545,0.005,1.767277717590332e-05,1.7434358596801758e-05,720.5,988.0
1650421838,0.0,0.0009331255,0.0,1.767277717590332e-05,1.7434358596801758e-05,481.0,1206.5
1650421839,0.0,0.0009331255,0.0,1.767277717590332e-05,1.7434358596801758e-05,481.0,1206.5
1650421840,0.0,0.001278649,0.0,1.767277717590332e-05,1.7434358596801758e-05,721.5,989.0
1650421841,0.0,0.001278649,0.0,1.767277717590332e-05,1.7434358596801758e-05,721.5,989.0
1650421842,0.0,0.001405654,0.0,1.7464160919189453e-05,1.722574234008789e-05,786.5,1121.0
1650421843,0.0,0.003926098,0.0,1.767277717590332e-05,1.7434358596801758e-05,2740.0,3258.0
1650421844,0.0,0.003926098,0.0,1.767277717590332e-05,1.7434358596801758e-05,2740.0,3258.0
1650421845,0.0,0.0004237435,0.0,1.7702579498291016e-05,1.7464160919189453e-05,240.5,330.0
1650421846,0.0,0.0004237435,0.0,1.7702579498291016e-05,1.7464160919189453e-05,240.5,330.0
1650421847,0.0,0.001037298,0.0,1.767277717590332e-05,1.7434358596801758e-05,480.5,1352.5
1650421848,0.0,0.002333171,0.0,1.767277717590332e-05,1.7434358596801758e-05,1443.0,1980.0
1650421849,0.0,0.001614547,0.0,1.767277717590332e-05,1.7434358596801758e-05,962.0,1320.0
1650421850,0.0,0.001614547,0.0,1.767277717590332e-05,1.7434358596801758e-05,962.0,1320.0
1650421851,0.005,0.00092655,0.0,1.767277717590332e-05,1.7434358596801758e-05,502.0,681.0
1650421852,0.005,0.00092655,0.0,1.767277717590332e-05,1.7434358596801758e-05,502.0,681.0
1650421853,0.0,0.0018023405,0.0,1.767277717590332e-05,1.7434358596801758e-05,997.5,1332.0
1650421854,0.0,0.0018023405,0.0,1.767277717590332e-05,1.7434358596801758e-05,997.5,1332.0
1650421855,0.0,0.00132412,0.0,1.767277717590332e-05,1.7434358596801758e-05,919.5,1088.0
1650421856,0.0,0.001881285,0.0,1.7702579498291016e-05,1.7464160919189453e-05,962.0,2408.0
1650421857,0.0,0.001881285,0.0,1.7702579498291016e-05,1.7464160919189453e-05,962.0,2408.0
1650421858,0.0,0.0011825255,0.0,1.767277717590332e-05,1.7434358596801758e-05,721.5,990.0
1650421859,0.0,0.0011825255,0.0,1.767277717590332e-05,1.7434358596801758e-05,721.5,990.0
1650421860,0.0,0.0008654015,0.0,1.767277717590332e-05,1.7434358596801758e-05,480.5,660.0
1650421861,0.0,0.001762441,0.0,1.767277717590332e-05,1.7434358596801758e-05,962.0,1320.0
1650421862,0.0,0.002585842,0.0,1.7702579498291016e-05,1.7464160919189453e-05,1440.0,1978.0
1650421863,0.0,0.002585842,0.0,1.7702579498291016e-05,1.7464160919189453e-05,1440.0,1978.0
1650421864,0.0,0.001326477,0.0,1.767277717590332e-05,1.7434358596801758e-05,756.5,1001.5
1650421865,0.0,0.00157881,0.0,1.7702579498291016e-05,1.7464160919189453e-05,1226.0,1450.0
1650421866,0.01,0.002645541,0.0,1.767277717590332e-05,1.7434358596801758e-05,1573.0,3431.0
1650421867,0.01,0.002645541,0.0,1.767277717590332e-05,1.7434358596801758e-05,1573.0,3431.0
1650421868,0.0,0.001781633,0.005,1.767277717590332e-05,1.7434358596801758e-05,962.0,1320.0
1650421869,0.0,0.001781633,0.005,1.767277717590332e-05,1.7434358596801758e-05,962.0,1320.0
1650421870,0.0,0.0025751035,0.0,1.7851591110229492e-05,1.761317253112793e-05,1442.5,1977.5
1650421871,0.0,0.0025751035,0.0,1.7851591110229492e-05,1.761317253112793e-05,1442.5,1977.5
1650421872,0.0,0.001683473,0.005,1.767277717590332e-05,1.7434358596801758e-05,962.0,1320.0
1650421873,0.0,0.001683473,0.005,1.767277717590332e-05,1.7434358596801758e-05,962.0,1320.0
1650421874,0.0,0.0009385305,0.0,1.767277717590332e-05,1.7434358596801758e-05,481.0,659.5
1650421875,0.0,0.0009385305,0.0,1.767277717590332e-05,1.7434358596801758e-05,481.0,659.5
1650421876,0.005,0.002922677,0.0,1.7762184143066406e-05,1.7523765563964844e-05,1916.5,2420.5
1650421877,0.0,0.001726286,0.0,1.767277717590332e-05,1.7434358596801758e-05,962.0,3682.0
1650421878,0.0,0.001726286,0.0,1.767277717590332e-05,1.7434358596801758e-05,962.0,3682.0
1650421879,0.0,0.0009817035,0.005,1.767277717590332e-05,1.7434358596801758e-05,480.5,659.0
1650421880,0.0,0.0009817035,0.005,1.767277717590332e-05,1.7434358596801758e-05,480.5,659.0
1650421881,0.0,0.0012875195,0.0,1.767277717590332e-05,1.7434358596801758e-05,721.0,988.5
1650421882,0.0,0.002437134,0.0,1.767277717590332e-05,1.7434358596801758e-05,1442.0,1978.0
1650421883,0.0,0.002437134,0.0,1.767277717590332e-05,1.7434358596801758e-05,1442.0,1978.0
1650421884,0.0,0.0016560275,0.0,1.7702579498291016e-05,1.7464160919189453e-05,961.5,1319.0
1650421885,0.0,0.0016560275,0.0,1.7702579498291016e-05,1.7464160919189453e-05,961.5,1319.0
1650421886,0.0,0.0017342605,0.0,1.767277717590332e-05,1.7434358596801758e-05,996.5,1332.0
1650421887,0.0,0.002550399,0.0,1.767277717590332e-05,1.7434358596801758e-05,1838.0,3912.0
1650421888,0.0,0.002550399,0.0,1.767277717590332e-05,1.7434358596801758e-05,1838.0,3912.0
1650421889,0.0,0.0018178695,0.0,1.767277717590332e-05,1.7434358596801758e-05,962.0,1320.0
1650421890,0.0,0.0018178695,0.0,1.767277717590332e-05,1.7434358596801758e-05,962.0,1320.0
1650421891,0.005,0.001228171,0.0,1.767277717590332e-05,1.7434358596801758e-05,721.5,989.5
1650421892,0.005,0.001228171,0.0,1.767277717590332e-05,1.7434358596801758e-05,721.5,989.5
1650421893,0.0,0.0007977805,0.0,1.767277717590332e-05,1.7434358596801758e-05,481.0,660.0
1650421894,0.0,0.003164842,0.0,1.767277717590332e-05,1.7434358596801758e-05,1923.0,2640.0
1650421895,0.0,0.003164842,0.0,1.767277717590332e-05,1.7434358596801758e-05,1923.0,2640.0
1650421896,0.0,0.001486559,0.005,1.7464160919189453e-05,1.722574234008789e-05,787.5,1507.0
1650421897,0.0,0.003352768,0.0,1.767277717590332e-05,1.7434358596801758e-05,2127.0,2532.0
1650421898,0.0,0.003352768,0.0,1.767277717590332e-05,1.7434358596801758e-05,2127.0,2532.0
1650421899,0.005,0.0019990325,0.0,1.767277717590332e-05,1.7434358596801758e-05,1268.0,1682.5
1650421900,0.0,0.001627662,0.0,1.767277717590332e-05,1.7434358596801758e-05,962.0,1320.0
1650421901,0.0,0.001627662,0.0,1.767277717590332e-05,1.7434358596801758e-05,962.0,1320.0
1650421902,0.0,0.000830855,0.0,1.767277717590332e-05,1.7434358596801758e-05,480.5,660.0
1650421903,0.0,0.002630503,0.0,1.767277717590332e-05,1.7434358596801758e-05,1443.0,1980.0
1650421904,0.0,0.000854457,0.0,1.767277717590332e-05,1.7434358596801758e-05,481.0,658.0
1650421905,0.0,0.000854457,0.0,1.767277717590332e-05,1.7434358596801758e-05,481.0,658.0
1650421906,0.0,0.001322608,0.0,1.773238182067871e-05,1.749396324157715e-05,721.5,989.5
1650421907,0.0,0.002849566,0.0,1.7464160919189453e-05,1.722574234008789e-05,1574.0,3639.0
1650421908,0.0,0.002414053,0.0,1.767277717590332e-05,1.7434358596801758e-05,1514.0,1805.0
1650421909,0.0,0.002472159,0.0,1.773238182067871e-05,1.749396324157715e-05,1707.0,2112.0
1650421910,0.0,0.002472159,0.0,1.773238182067871e-05,1.749396324157715e-05,1707.0,2112.0
1650421911,0.0,0.0009697845,0.0,1.767277717590332e-05,1.7434358596801758e-05,480.0,659.0
1650421912,0.0,0.001698189,0.0,1.7702579498291016e-05,1.7464160919189453e-05,1004.0,1362.0
1650421913,0.0,0.001633121,0.0,1.7762184143066406e-05,1.7523765563964844e-05,962.0,1320.0
1650421914,0.0,0.001633121,0.0,1.7762184143066406e-05,1.7523765563964844e-05,962.0,1320.0
1650421915,0.0,0.001238071,0.005,1.767277717590332e-05,1.7434358596801758e-05,721.5,989.5
1650421916,0.0,0.000962625,0.0,1.767277717590332e-05,1.7434358596801758e-05,479.0,658.0
1650421917,0.0,0.00198678,0.0,1.7464160919189453e-05,1.722574234008789e-05,1094.0,2360.0
1650421918,0.0,0.003306395,0.0,1.773238182067871e-05,1.749396324157715e-05,2127.0,2528.0
1650421919,0.0,0.003306395,0.0,1.773238182067871e-05,1.749396324157715e-05,2127.0,2528.0
1650421920,0.0,0.0004470955,0.0,1.767277717590332e-05,1.7434358596801758e-05,306.5,363.0
1650421921,0.01,0.001700104,0.0,1.7762184143066406e-05,1.7523765563964844e-05,962.0,1319.0
1650421922,0.0,0.001748811,0.0,1.767277717590332e-05,1.7434358596801758e-05,961.0,1320.0
1650421923,0.0,0.001990959,0.0,1.773238182067871e-05,1.749396324157715e-05,961.0,1318.0
1650421924,0.0,0.001723848,0.0,1.7702579498291016e-05,1.7464160919189453e-05,962.0,1318.0
1650421925,0.0,0.001723848,0.0,1.7702579498291016e-05,1.7464160919189453e-05,962.0,1318.0
1650421926,0.0,0.0009964285,0.005,1.7702579498291016e-05,1.7464160919189453e-05,481.0,660.0
1650421927,0.0,0.003433782,0.0,1.767277717590332e-05,1.7434358596801758e-05,1924.0,4685.0
1650421928,0.0,0.003433782,0.0,1.767277717590332e-05,1.7434358596801758e-05,1924.0,4685.0
1650421929,0.0,0.0012783575,0.0,1.767277717590332e-05,1.7434358596801758e-05,757.0,1002.0
1650421930,0.0,0.001799883,0.0,1.767277717590332e-05,1.7434358596801758e-05,1225.0,1450.0
1650421931,0.01,0.000998831,0.0,1.767277717590332e-05,1.7434358596801758e-05,612.0,724.0
1650421932,0.01,0.000998831,0.0,1.767277717590332e-05,1.7434358596801758e-05,612.0,724.0
1650421933,0.0,0.0017463235,0.0,1.767277717590332e-05,1.7434358596801758e-05,962.0,1320.0
1650421934,0.0,0.0017463235,0.0,1.767277717590332e-05,1.7434358596801758e-05,962.0,1320.0
1650421935,0.0,0.0015654415,0.005,1.767277717590332e-05,1.7434358596801758e-05,961.0,1319.5
1650421936,0.0,0.001605622,0.0,1.767277717590332e-05,1.7434358596801758e-05,962.0,2405.0
1650421937,0.0,0.001605622,0.0,1.767277717590332e-05,1.7434358596801758e-05,962.0,2405.0
1650421938,0.005,0.001706246,0.0,1.767277717590332e-05,1.7434358596801758e-05,961.0,1319.0
1650421939,0.005,0.001706246,0.0,1.767277717590332e-05,1.7434358596801758e-05,961.0,1319.0
1650421940,0.0,0.001818243,0.005,1.7762184143066406e-05,1.7523765563964844e-05,1063.0,1363.5
1650421941,0.0,0.000851516,0.0,1.767277717590332e-05,1.7434358596801758e-05,613.0,726.0
1650421942,0.01,0.004256519,0.0,1.7881393432617188e-05,1.7642974853515625e-05,2537.0,3366.0
1650421943,0.01,0.004256519,0.0,1.7881393432617188e-05,1.7642974853515625e-05,2537.0,3366.0
1650421944,0.0,0.002164655,0.0,1.767277717590332e-05,1.7434358596801758e-05,1201.5,1648.0
1650421945,0.0,0.002376561,0.0,1.767277717590332e-05,1.7434358596801758e-05,1442.0,1979.0
1650421946,0.0,0.002376561,0.0,1.767277717590332e-05,1.7434358596801758e-05,1442.0,1979.0
1650421947,0.0,0.0017134615,0.0,1.767277717590332e-05,1.7434358596801758e-05,962.0,2014.5
1650421948,0.0,0.0017134615,0.0,1.767277717590332e-05,1.7434358596801758e-05,962.0,2014.5
1650421949,0.0,0.0023969155,0.0,1.773238182067871e-05,1.749396324157715e-05,1443.0,1979.5
1650421950,0.0,0.002656621,0.0,1.7702579498291016e-05,1.7464160919189453e-05,1513.0,2002.0
1650421951,0.0,0.002543777,0.0,1.767277717590332e-05,1.7434358596801758e-05,1839.0,2178.0
1650421952,0.0,0.002656101,0.0,1.767277717590332e-05,1.7434358596801758e-05,1443.0,1980.0
1650421953,0.0,0.002656101,0.0,1.767277717590332e-05,1.7434358596801758e-05,1443.0,1980.0
1650421954,0.0,0.001629075,0.0,1.767277717590332e-05,1.7434358596801758e-05,962.0,1319.5
1650421955,0.0,0.001629075,0.0,1.767277717590332e-05,1.7434358596801758e-05,962.0,1319.5
1650421956,0.0,0.0009831955,0.0,1.773238182067871e-05,1.749396324157715e-05,480.5,1355.0
1650421957,0.0,0.0009831955,0.0,1.773238182067871e-05,1.749396324157715e-05,480.5,1355.0
1650421958,0.0,0.00171677,0.0,1.767277717590332e-05,1.7434358596801758e-05,961.5,1318.0
1650421959,0.0,0.00171677,0.0,1.767277717590332e-05,1.7434358596801758e-05,961.5,1318.0
1650421960,0.0,0.001237926,0.0,1.7702579498291016e-05,1.7464160919189453e-05,721.5,990.0
1650421961,0.0,0.001237926,0.0,1.7702579498291016e-05,1.7464160919189453e-05,721.5,990.0
1650421962,0.0,0.0022039265,0.0,1.767277717590332e-05,1.7434358596801758e-05,1302.5,1694.5
1650421963,0.0,0.000967727,0.0,1.767277717590332e-05,1.7434358596801758e-05,613.0,726.0
1650421964,0.0,0.001733721,0.0,1.767277717590332e-05,1.7434358596801758e-05,1094.0,1386.0
1650421965,0.0,0.000765526,0.0,1.767277717590332e-05,1.7434358596801758e-05,480.0,657.0
1650421966,0.0,0.000765526,0.0,1.767277717590332e-05,1.7434358596801758e-05,480.0,657.0
1650421967,0.0,0.001734976,0.0,1.7702579498291016e-05,1.7464160919189453e-05,962.0,1863.5
1650421968,0.0,0.001734976,0.0,1.7702579498291016e-05,1.7464160919189453e-05,962.0,1863.5
1650421969,0.0,0.001285692,0.0,1.767277717590332e-05,1.7434358596801758e-05,721.0,987.5
1650421970,0.0,0.003315687,0.0,1.773238182067871e-05,1.749396324157715e-05,1922.0,2632.0
1650421971,0.0,0.003315687,0.0,1.773238182067871e-05,1.749396324157715e-05,1922.0,2632.0
1650421972,0.0,0.001342832,0.0,1.7702579498291016e-05,1.7464160919189453e-05,777.5,1022.0
1650421973,0.0,0.001342832,0.0,1.7702579498291016e-05,1.7464160919189453e-05,777.5,1022.0
1650421974,0.0,0.000802492,0.0,1.767277717590332e-05,1.7434358596801758e-05,613.0,725.5
1650421975,0.0,0.001925483,0.0,1.767277717590332e-05,1.7434358596801758e-05,1090.0,1385.0
1650421976,0.0,0.000910894,0.01,1.7702579498291016e-05,1.7464160919189453e-05,481.0,2386.0
1650421977,0.0,0.000910894,0.01,1.7702579498291016e-05,1.7464160919189453e-05,481.0,2386.0
1650421978,0.0,0.000826046,0.0,1.767277717590332e-05,1.7434358596801758e-05,481.0,660.0
1650421979,0.0,0.003502822,0.0,1.767277717590332e-05,1.7434358596801758e-05,1922.0,2640.0
1650421980,0.0,0.003502822,0.0,1.767277717590332e-05,1.7434358596801758e-05,1922.0,2640.0
1650421981,0.005,0.0007927205,0.0,1.767277717590332e-05,1.7434358596801758e-05,481.0,660.0
1650421982,0.01,0.003606544,0.0,1.7762184143066406e-05,1.7523765563964844e-05,1993.0,2660.0
1650421983,0.01,0.003606544,0.0,1.7762184143066406e-05,1.7523765563964844e-05,1993.0,2660.0
1650421984,0.0,0.0014068425,0.0,1.767277717590332e-05,1.7434358596801758e-05,919.5,1089.0
1650421985,0.0,0.001748823,0.0,1.7702579498291016e-05,1.7464160919189453e-05,962.0,1320.0
1650421986,0.0,0.001748823,0.0,1.7702579498291016e-05,1.7464160919189453e-05,962.0,1320.0
1650421987,0.0,0.0008203475,0.0,1.767277717590332e-05,1.7434358596801758e-05,481.0,1687.5
1650421988,0.0,0.001506632,0.0,1.767277717590332e-05,1.7434358596801758e-05,962.0,1320.0
1650421989,0.0,0.001506632,0.0,1.767277717590332e-05,1.7434358596801758e-05,962.0,1320.0
1650421990,0.0,0.001213998,0.0,1.767277717590332e-05,1.7434358596801758e-05,721.5,990.0
1650421991,0.0,0.001213998,0.0,1.767277717590332e-05,1.7434358596801758e-05,721.5,990.0
1650421992,0.0,0.0019295655,0.0,1.767277717590332e-05,1.7434358596801758e-05,1202.5,1649.0
1650421993,0.0,0.001492208,0.0,1.767277717590332e-05,1.7434358596801758e-05,962.0,1320.0
1650421994,0.0,0.000994326,0.0,1.7464160919189453e-05,1.722574234008789e-05,612.0,923.0
1650421995,0.0,0.003156819,0.0,1.767277717590332e-05,1.7434358596801758e-05,2127.0,2532.0
1650421996,0.0,0.003156819,0.0,1.767277717590332e-05,1.7434358596801758e-05,2127.0,2532.0
1650421997,0.0,0.0008990725,0.0,1.767277717590332e-05,1.7434358596801758e-05,546.5,692.0
1650421998,0.0,0.003400205,0.0,1.7702579498291016e-05,1.7464160919189453e-05,1923.0,2639.0
1650421999,0.0,0.000825039,0.0,1.773238182067871e-05,1.749396324157715e-05,481.0,660.0
1650422000,0.0,0.000825039,0.0,1.773238182067871e-05,1.749396324157715e-05,481.0,660.0
1650422001,0.005,0.001195736,0.0,1.767277717590332e-05,1.7434358596801758e-05,721.5,990.0
1650422002,0.0,0.000846178,0.0,1.767277717590332e-05,1.7434358596801758e-05,481.0,660.0
1650422003,0.0,0.004115412,0.01,1.7702579498291016e-05,1.7464160919189453e-05,2401.0,3300.0
1650422004,0.0,0.004115412,0.01,1.7702579498291016e-05,1.7464160919189453e-05,2401.0,3300.0
1650422005,0.005,0.0016414905,0.0,1.767277717590332e-05,1.7434358596801758e-05,997.5,1331.5
1650422006,0.0,0.001920704,0.0,1.767277717590332e-05,1.7434358596801758e-05,1225.0,2847.0
1650422007,0.0,0.001920704,0.0,1.767277717590332e-05,1.7434358596801758e-05,1225.0,2847.0
1650422008,0.0,0.0008080175,0.0,1.767277717590332e-05,1.7434358596801758e-05,546.5,693.0
1650422009,0.0,0.003490775,0.0,1.767277717590332e-05,1.7434358596801758e-05,1924.0,2640.0
1650422010,0.0,0.003490775,0.0,1.767277717590332e-05,1.7434358596801758e-05,1924.0,2640.0
1650422011,0.0,0.000971402,0.0,1.767277717590332e-05,1.7434358596801758e-05,481.0,660.0
1650422012,0.0,0.002546666,0.0,1.767277717590332e-05,1.7434358596801758e-05,1443.0,1980.0
1650422013,0.0,0.002546666,0.0,1.767277717590332e-05,1.7434358596801758e-05,1443.0,1980.0
1650422014,0.0,0.0012771705,0.0,1.767277717590332e-05,1.7434358596801758e-05,721.5,989.5
1650422015,0.0,0.001860813,0.0,1.7464160919189453e-05,1.722574234008789e-05,1094.0,1584.0
1650422016,0.0,0.001636241,0.01,1.767277717590332e-05,1.7434358596801758e-05,901.0,2156.0
1650422017,0.0,0.001636241,0.01,1.767277717590332e-05,1.7434358596801758e-05,901.0,2156.0
1650422018,0.0,0.001803371,0.0,1.767277717590332e-05,1.7434358596801758e-05,1160.0,1419.0
1650422019,0.0,0.002417696,0.0,1.7702579498291016e-05,1.7464160919189453e-05,1443.0,1979.0
1650422020,0.0,0.002417696,0.0,1.7702579498291016e-05,1.7464160919189453e-05,1443.0,1979.0
1650422021,0.005,0.001673541,0.0,1.767277717590332e-05,1.7434358596801758e-05,960.5,1319.5
1650422022,0.0,0.001512911,0.0,1.767277717590332e-05,1.7434358596801758e-05,962.0,1320.0
1650422023,0.0,0.001512911,0.0,1.767277717590332e-05,1.7434358596801758e-05,962.0,1320.0
1650422024,0.0,0.000804338,0.0,1.767277717590332e-05,1.7434358596801758e-05,480.5,660.0
1650422025,0.0,0.000804338,0.0,1.767277717590332e-05,1.7434358596801758e-05,480.5,660.0
1650422026,0.0,0.0008147165,0.0,1.7702579498291016e-05,1.7464160919189453e-05,481.0,659.0
1650422027,0.0,0.002650944,0.0,1.767277717590332e-05,1.7434358596801758e-05,1514.0,2780.0
1650422028,0.0,0.002650944,0.0,1.767277717590332e-05,1.7434358596801758e-05,1514.0,2780.0
1650422029,0.0,0.002123379,0.005,1.773238182067871e-05,1.749396324157715e-05,1399.5,1747.0
1650422030,0.0,0.002123379,0.005,1.773238182067871e-05,1.749396324157715e-05,1399.5,1747.0
1650422031,0.0,0.001199116,0.0,1.767277717590332e-05,1.7434358596801758e-05,721.5,990.0
1650422032,0.0,0.001199116,0.0,1.767277717590332e-05,1.7434358596801758e-05,721.5,990.0
1650422033,0.0,0.001265218,0.0,1.767277717590332e-05,1.7434358596801758e-05,742.5,1010.5
1650422034,0.0,0.002677925,0.0,1.767277717590332e-05,1.7434358596801758e-05,1443.0,1978.0
1650422035,0.0,0.001684696,0.01,1.767277717590332e-05,1.7434358596801758e-05,962.0,1320.0
1650422036,0.0,0.001684696,0.01,1.767277717590332e-05,1.7434358596801758e-05,962.0,1320.0
1650422037,0.0,0.001442318,0.0,1.7702579498291016e-05,1.7464160919189453e-05,720.5,1374.5
1650422038,0.01,0.004328546,0.0,1.767277717590332e-05,1.7434358596801758e-05,2739.0,3456.0
1650422039,0.0,0.001874364,0.0,1.7762184143066406e-05,1.7523765563964844e-05,1094.0,1386.0
1650422040,0.0,0.001874364,0.0,1.7762184143066406e-05,1.7523765563964844e-05,1094.0,1386.0
1650422041,0.0,0.000804355,0.0,1.767277717590332e-05,1.7434358596801758e-05,481.0,660.0
1650422042,0.0,0.001603216,0.0,1.7702579498291016e-05,1.7464160919189453e-05,962.0,1317.0
1650422043,0.0,0.001627134,0.0,1.767277717590332e-05,1.7434358596801758e-05,962.0,1320.0
1650422044,0.0,0.001627134,0.0,1.767277717590332e-05,1.7434358596801758e-05,962.0,1320.0
1650422045,0.0,0.0021691815,0.005,1.767277717590332e-05,1.7434358596801758e-05,1201.5,1648.5
1650422046,0.0,0.0021691815,0.005,1.767277717590332e-05,1.7434358596801758e-05,1201.5,1648.5
1650422047,0.0,0.000907755,0.005,1.767277717590332e-05,1.7434358596801758e-05,481.0,1360.5
1650422048,0.0,0.004957297,0.0,1.7762184143066406e-05,1.7523765563964844e-05,3088.0,4047.0
1650422049,0.0,0.004957297,0.0,1.7762184143066406e-05,1.7523765563964844e-05,3088.0,4047.0
1650422050,0.0,0.00096119,0.0,1.767277717590332e-05,1.7434358596801758e-05,612.5,725.0
1650422051,0.0,0.000795199,0.0,1.767277717590332e-05,1.7434358596801758e-05,481.0,660.0
1650422052,0.0,0.000795199,0.0,1.767277717590332e-05,1.7434358596801758e-05,481.0,660.0
1650422053,0.0,0.000837036,0.0,1.767277717590332e-05,1.7434358596801758e-05,481.0,660.0
1650422054,0.01,0.002729239,0.0,1.767277717590332e-05,1.7434358596801758e-05,1442.0,1978.0
1650422055,0.01,0.002729239,0.0,1.767277717590332e-05,1.7434358596801758e-05,1442.0,1978.0
1650422056,0.0,0.002266351,0.0,1.7702579498291016e-05,1.7464160919189453e-05,1201.5,2513.0
1650422057,0.0,0.002266351,0.0,1.7702579498291016e-05,1.7464160919189453e-05,1201.5,2513.0
1650422058,0.0,0.0008821865,0.0,1.767277717590332e-05,1.7434358596801758e-05,481.0,660.0
1650422059,0.0,0.0008821865,0.0,1.767277717590332e-05,1.7434358596801758e-05,481.0,660.0
1650422060,0.0,0.002192448,0.0,1.767277717590332e-05,1.7434358596801758e-05,1369.0,1727.0
1650422061,0.0,0.001626565,0.0,1.773238182067871e-05,1.749396324157715e-05,1094.0,1386.0
1650422062,0.0,0.002646811,0.0,1.773238182067871e-05,1.749396324157715e-05,1443.0,1976.0
1650422063,0.0,0.002712371,0.0,1.767277717590332e-05,1.7434358596801758e-05,1440.0,1976.0
1650422064,0.0,0.002712371,0.0,1.767277717590332e-05,1.7434358596801758e-05,1440.0,1976.0
1650422065,0.0,0.000814195,0.0,1.767277717590332e-05,1.7434358596801758e-05,481.0,660.0
1650422066,0.0,0.000994433,0.0,1.767277717590332e-05,1.7434358596801758e-05,480.0,2404.0
1650422067,0.0,0.002616017,0.0,1.767277717590332e-05,1.7434358596801758e-05,1442.0,1972.0
1650422068,0.0,0.002616017,0.0,1.767277717590332e-05,1.7434358596801758e-05,1442.0,1972.0
1650422069,0.0,0.0011867775,0.0,1.7702579498291016e-05,1.7464160919189453e-05,721.5,989.5
1650422070,0.0,0.0011867775,0.0,1.7702579498291016e-05,1.7464160919189453e-05,721.5,989.5
1650422071,0.005,0.001887609,0.0,1.7702579498291016e-05,1.7464160919189453e-05,1063.0,1363.5
1650422072,0.005,0.001887609,0.0,1.7702579498291016e-05,1.7464160919189453e-05,1063.0,1363.5
1650422073,0.005,0.0016148165,0.0,1.767277717590332e-05,1.7434358596801758e-05,1094.0,1385.5
1650422074,0.005,0.0016148165,0.0,1.767277717590332e-05,1.7434358596801758e-05,1094.0,1385.5
1650422075,0.0,0.001178285,0.0,1.767277717590332e-05,1.7434358596801758e-05,721.0,989.0
1650422076,0.0,0.001647165,0.01,1.767277717590332e-05,1.7434358596801758e-05,961.0,1320.0
1650422077,0.0,0.001647165,0.01,1.767277717590332e-05,1.7434358596801758e-05,961.0,1320.0
1650422078,0.0,0.001308091,0.0,1.767277717590332e-05,1.7434358596801758e-05,721.0,1686.0
1650422079,0.0,0.002576093,0.01,1.767277717590332e-05,1.7434358596801758e-05,1440.0,1978.0
1650422080,0.01,0.002517621,0.0,1.767277717590332e-05,1.7434358596801758e-05,1443.0,1978.0
1650422081,0.01,0.002517621,0.0,1.767277717590332e-05,1.7434358596801758e-05,1443.0,1978.0
1650422082,0.0,0.0016819055,0.0,1.7702579498291016e-05,1.7464160919189453e-05,1063.5,1364.5
1650422083,0.0,0.000810197,0.0,1.767277717590332e-05,1.7434358596801758e-05,612.0,726.0
1650422084,0.01,0.002515944,0.0,1.7702579498291016e-05,1.7464160919189453e-05,1575.0,2046.0
1650422085,0.01,0.002515944,0.0,1.7702579498291016e-05,1.7464160919189453e-05,1575.0,2046.0
1650422086,0.0,0.0008103305,0.0,1.767277717590332e-05,1.7434358596801758e-05,480.0,660.0
1650422087,0.0,0.001665906,0.0,1.767277717590332e-05,1.7434358596801758e-05,962.0,2090.0
1650422088,0.0,0.001665906,0.0,1.767277717590332e-05,1.7434358596801758e-05,962.0,2090.0
1650422089,0.0,0.0008807145,0.0,1.767277717590332e-05,1.7434358596801758e-05,481.0,660.0
1650422090,0.0,0.001663464,0.0,1.767277717590332e-05,1.7434358596801758e-05,962.0,1320.0
1650422091,0.0,0.001663464,0.0,1.767277717590332e-05,1.7434358596801758e-05,962.0,1320.0
1650422092,0.0,0.0014151765,0.0,1.7464160919189453e-05,1.722574234008789e-05,808.5,1143.0
1650422093,0.0,0.003038743,0.0,1.7702579498291016e-05,1.7464160919189453e-05,2127.0,2531.0
1650422094,0.0,0.003038743,0.0,1.7702579498291016e-05,1.7464160919189453e-05,2127.0,2531.0
1650422095,0.0,0.000883803,0.0,1.767277717590332e-05,1.7434358596801758e-05,545.5,692.0
1650422096,0.0,0.001696686,0.01,1.767277717590332e-05,1.7434358596801758e-05,962.0,2404.0
1650422097,0.0,0.001608075,0.0,1.767277717590332e-05,1.7434358596801758e-05,962.0,1320.0
1650422098,0.0,0.001608075,0.0,1.767277717590332e-05,1.7434358596801758e-05,962.0,1320.0
1650422099,0.0,0.000822114,0.0,1.767277717590332e-05,1.7434358596801758e-05,480.5,659.5
1650422100,0.0,0.003281243,0.0,1.767277717590332e-05,1.7434358596801758e-05,1922.0,2639.0
1650422101,0.0,0.000767029,0.0,1.767277717590332e-05,1.7434358596801758e-05,481.0,660.0
1650422102,0.0,0.00082935,0.0,1.767277717590332e-05,1.7434358596801758e-05,481.0,660.0
1650422103,0.0,0.00082935,0.0,1.767277717590332e-05,1.7434358596801758e-05,481.0,660.0
1650422104,0.0,0.001209398,0.0,1.767277717590332e-05,1.7434358596801758e-05,757.0,1001.5
1650422105,0.01,0.004288743,0.01,1.773238182067871e-05,1.749396324157715e-05,2800.0,3494.0
1650422106,0.0,0.001672348,0.0,1.7702579498291016e-05,1.7464160919189453e-05,962.0,1780.0
1650422107,0.0,0.001672348,0.0,1.7702579498291016e-05,1.7464160919189453e-05,962.0,1780.0
1650422108,0.0,0.001833772,0.0,1.767277717590332e-05,1.7434358596801758e-05,960.5,1317.0
1650422109,0.0,0.001833772,0.0,1.767277717590332e-05,1.7434358596801758e-05,960.5,1317.0
1650422110,0.0,0.0014142,0.0,1.767277717590332e-05,1.7434358596801758e-05,721.0,990.0
1650422111,0.0,0.002468257,0.0,1.767277717590332e-05,1.7434358596801758e-05,1443.0,1980.0
1650422112,0.0,0.002468257,0.0,1.767277717590332e-05,1.7434358596801758e-05,1443.0,1980.0
1650422113,0.0,0.0015256645,0.0,1.773238182067871e-05,1.749396324157715e-05,720.5,988.0
1650422114,0.0,0.001587545,0.0,1.767277717590332e-05,1.7434358596801758e-05,962.0,1320.0
1650422115,0.0,0.00254776,0.0,1.767277717590332e-05,1.7434358596801758e-05,1514.0,2003.0
1650422116,0.0,0.00254776,0.0,1.767277717590332e-05,1.7434358596801758e-05,1514.0,2003.0
1650422117,0.0,0.0022177595,0.005,1.773238182067871e-05,1.749396324157715e-05,1400.0,2929.5
1650422118,0.0,0.004783137,0.0,1.7762184143066406e-05,1.7523765563964844e-05,2404.0,3295.0
1650422119,0.0,0.004783137,0.0,1.7762184143066406e-05,1.7523765563964844e-05,2404.0,3295.0
1650422120,0.0,0.0003898675,0.0,1.767277717590332e-05,1.7434358596801758e-05,240.0,328.5
1650422121,0.0,0.0003898675,0.0,1.767277717590332e-05,1.7434358596801758e-05,240.0,328.5
1650422122,0.0,0.0017111195,0.0,1.767277717590332e-05,1.7434358596801758e-05,960.5,1317.0
1650422123,0.0,0.00247626,0.0,1.767277717590332e-05,1.7434358596801758e-05,1442.0,1980.0
1650422124,0.0,0.00247626,0.0,1.767277717590332e-05,1.7434358596801758e-05,1442.0,1980.0
1650422125,0.0,0.001218879,0.0,1.767277717590332e-05,1.7434358596801758e-05,721.5,990.0
1650422126,0.0,0.001852182,0.0,1.7464160919189453e-05,1.722574234008789e-05,1094.0,1581.0
1650422127,0.0,0.005247449,0.0,1.862645149230957e-05,1.8388032913208008e-05,3219.0,6896.0
1650422128,0.0,0.00246464,0.0,1.773238182067871e-05,1.749396324157715e-05,1443.0,1979.0
1650422129,0.0,0.00246464,0.0,1.773238182067871e-05,1.749396324157715e-05,1443.0,1979.0
1650422130,0.0,0.000802785,0.0,1.767277717590332e-05,1.7434358596801758e-05,481.0,660.0
1650422131,0.0,0.000802785,0.0,1.767277717590332e-05,1.7434358596801758e-05,481.0,660.0
1650422132,0.0,0.001582566,0.0,1.767277717590332e-05,1.7434358596801758e-05,962.0,1320.0
1650422133,0.0,0.0015223,0.0,1.767277717590332e-05,1.7434358596801758e-05,962.0,1319.0
1650422134,0.0,0.0015223,0.0,1.767277717590332e-05,1.7434358596801758e-05,962.0,1319.0
1650422135,0.0,0.001250946,0.005,1.7702579498291016e-05,1.7464160919189453e-05,721.5,990.0
1650422136,0.0,0.001250946,0.005,1.7702579498291016e-05,1.7464160919189453e-05,721.5,990.0
1650422137,0.0,0.001095924,0.0,1.7464160919189453e-05,1.722574234008789e-05,546.5,1180.5
1650422138,0.0,0.00257667,0.0,1.767277717590332e-05,1.7434358596801758e-05,1513.0,1802.0
1650422139,0.0,0.001644289,0.0,1.767277717590332e-05,1.7434358596801758e-05,1226.0,1450.0
1650422140,0.0,0.001644289,0.0,1.767277717590332e-05,1.7434358596801758e-05,1226.0,1450.0
1650422141,0.0,0.001263226,0.0,1.767277717590332e-05,1.7434358596801758e-05,721.5,990.0
1650422142,0.0,0.003273884,0.0,1.767277717590332e-05,1.7434358596801758e-05,1924.0,2639.0
1650422143,0.0,0.003273884,0.0,1.767277717590332e-05,1.7434358596801758e-05,1924.0,2639.0
1650422144,0.0,0.001277525,0.0,1.767277717590332e-05,1.7434358596801758e-05,721.5,990.0
1650422145,0.0,0.002442736,0.0,1.767277717590332e-05,1.7434358596801758e-05,1442.0,1980.0
1650422146,0.0,0.002442736,0.0,1.767277717590332e-05,1.7434358596801758e-05,1442.0,1980.0
1650422147,0.0,0.0014730055,0.0,1.767277717590332e-05,1.7434358596801758e-05,720.5,1532.5
1650422148,0.0,0.003288598,0.0,1.767277717590332e-05,1.7434358596801758e-05,1995.0,2663.0
1650422149,0.0,0.003288598,0.0,1.767277717590332e-05,1.7434358596801758e-05,1995.0,2663.0
1650422150,0.005,0.000851204,0.0,1.767277717590332e-05,1.7434358596801758e-05,612.5,726.0
1650422151,0.0,0.002716869,0.0,1.767277717590332e-05,1.7434358596801758e-05,1617.0,2087.0
1650422152,0.0,0.001806128,0.0,1.773238182067871e-05,1.749396324157715e-05,961.0,1318.0
1650422153,0.0,0.001806128,0.0,1.773238182067871e-05,1.749396324157715e-05,961.0,1318.0
1650422154,0.0,0.0017432955,0.0,1.7762184143066406e-05,1.7523765563964844e-05,962.0,1320.0
1650422155,0.0,0.001723067,0.0,1.773238182067871e-05,1.749396324157715e-05,962.0,1320.0
1650422156,0.0,0.001723067,0.0,1.773238182067871e-05,1.749396324157715e-05,962.0,1320.0
1650422157,0.005,0.001681837,0.0,1.767277717590332e-05,1.7434358596801758e-05,961.5,2188.5
1650422158,0.005,0.001681837,0.0,1.767277717590332e-05,1.7434358596801758e-05,961.5,2188.5
1650422159,0.0,0.00167975,0.0,1.767277717590332e-05,1.7434358596801758e-05,997.5,1332.0
1650422160,0.0,0.001858218,0.0,1.767277717590332e-05,1.7434358596801758e-05,1224.0,1452.0
1650422161,0.0,0.002583151,0.0,1.7702579498291016e-05,1.7464160919189453e-05,1575.0,2046.0
1650422162,0.0,0.002583151,0.0,1.7702579498291016e-05,1.7464160919189453e-05,1575.0,2046.0
1650422163,0.0,0.001245782,0.005,1.767277717590332e-05,1.7434358596801758e-05,720.5,989.5
1650422164,0.0,0.001245782,0.005,1.767277717590332e-05,1.7434358596801758e-05,720.5,989.5
1650422165,0.0,0.0008123235,0.0,1.767277717590332e-05,1.7434358596801758e-05,481.0,660.0
1650422166,0.01,0.002506958,0.0,1.767277717590332e-05,1.7434358596801758e-05,1443.0,1980.0
1650422167,0.0,0.002561885,0.0,1.767277717590332e-05,1.7434358596801758e-05,1443.0,1979.0
1650422168,0.0,0.002561885,0.0,1.767277717590332e-05,1.7434358596801758e-05,1443.0,1979.0
1650422169,0.0,0.0015320105,0.0,1.767277717590332e-05,1.7434358596801758e-05,961.5,1319.5
1650422170,0.0,0.002551831,0.0,1.767277717590332e-05,1.7434358596801758e-05,1514.0,2004.0
1650422171,0.0,0.002551831,0.0,1.767277717590332e-05,1.7434358596801758e-05,1514.0,2004.0
1650422172,0.0,0.001352531,0.0,1.767277717590332e-05,1.7434358596801758e-05,919.5,1088.5
1650422173,0.0,0.00180265,0.01,1.7702579498291016e-05,1.7464160919189453e-05,961.0,1312.0
1650422174,0.0,0.00180265,0.01,1.7702579498291016e-05,1.7464160919189453e-05,961.0,1312.0
1650422175,0.0,0.0008207275,0.0,1.773238182067871e-05,1.749396324157715e-05,481.0,660.0
1650422176,0.0,0.0008207275,0.0,1.773238182067871e-05,1.749396324157715e-05,481.0,660.0
1650422177,0.0,0.001266229,0.0,1.767277717590332e-05,1.7434358596801758e-05,721.5,1684.0
1650422178,0.0,0.001630648,0.0,1.767277717590332e-05,1.7434358596801758e-05,962.0,1320.0
1650422179,0.0,0.002528226,0.0,1.773238182067871e-05,1.749396324157715e-05,1443.0,1979.0
1650422180,0.0,0.002528226,0.0,1.773238182067871e-05,1.749396324157715e-05,1443.0,1979.0
1650422181,0.0,0.000927707,0.0,1.7464160919189453e-05,1.722574234008789e-05,547.0,792.0
1650422182,0.0,0.002376284,0.0,1.7702579498291016e-05,1.7464160919189453e-05,1514.0,1804.0
1650422183,0.0,0.002376284,0.0,1.7702579498291016e-05,1.7464160919189453e-05,1514.0,1804.0
1650422184,0.0,0.0008916555,0.0,1.767277717590332e-05,1.7434358596801758e-05,613.0,724.0
1650422185,0.0,0.001738828,0.0,1.767277717590332e-05,1.7434358596801758e-05,961.0,1318.0
1650422186,0.01,0.001104627,0.0,1.767277717590332e-05,1.7434358596801758e-05,480.0,1742.0
1650422187,0.01,0.001104627,0.0,1.767277717590332e-05,1.7434358596801758e-05,480.0,1742.0
1650422188,0.0,0.000819535,0.0,1.767277717590332e-05,1.7434358596801758e-05,480.5,660.0
1650422189,0.0,0.000827006,0.0,1.767277717590332e-05,1.7434358596801758e-05,480.0,660.0
1650422190,0.0,0.000827006,0.0,1.767277717590332e-05,1.7434358596801758e-05,480.0,660.0
1650422191,0.0,0.002121644,0.0,1.767277717590332e-05,1.7434358596801758e-05,1202.5,1649.0
1650422192,0.0,0.003470318,0.01,1.767277717590332e-05,1.7434358596801758e-05,2126.0,2726.0
1650422193,0.0,0.003470318,0.01,1.767277717590332e-05,1.7434358596801758e-05,2126.0,2726.0
1650422194,0.0,0.0013965305,0.0,1.767277717590332e-05,1.7434358596801758e-05,852.5,1055.0
1650422195,0.0,0.001717507,0.0,1.767277717590332e-05,1.7434358596801758e-05,962.0,1320.0
1650422196,0.0,0.001717507,0.0,1.767277717590332e-05,1.7434358596801758e-05,962.0,1320.0
1650422197,0.005,0.0021595975,0.0,1.767277717590332e-05,1.7434358596801758e-05,1202.0,2346.0
1650422198,0.0,0.00255589,0.0,1.767277717590332e-05,1.7434358596801758e-05,1442.0,1980.0
1650422199,0.0,0.00255589,0.0,1.767277717590332e-05,1.7434358596801758e-05,1442.0,1980.0
1650422200,0.0,0.000811891,0.0,1.773238182067871e-05,1.749396324157715e-05,480.5,660.0
1650422201,0.01,0.001605932,0.0,1.767277717590332e-05,1.7434358596801758e-05,962.0,1320.0
1650422202,0.01,0.002038955,0.0,1.7464160919189453e-05,1.722574234008789e-05,1094.0,1584.0
1650422203,0.0,0.001638351,0.0,1.767277717590332e-05,1.7434358596801758e-05,900.0,1080.0
1650422204,0.0,0.001638351,0.0,1.767277717590332e-05,1.7434358596801758e-05,900.0,1080.0
1650422205,0.0,0.001278748,0.0,1.7702579498291016e-05,1.7464160919189453e-05,919.5,1088.0
1650422206,0.0,0.001278748,0.0,1.7702579498291016e-05,1.7464160919189453e-05,919.5,1088.0
1650422207,0.0,0.0016938745,0.005,1.767277717590332e-05,1.7434358596801758e-05,962.0,1859.0
1650422208,0.01,0.002447045,0.0,1.767277717590332e-05,1.7434358596801758e-05,1443.0,1980.0
1650422209,0.0,0.000747846,0.0,1.7702579498291016e-05,1.7464160919189453e-05,481.0,660.0
1650422210,0.0,0.000747846,0.0,1.7702579498291016e-05,1.7464160919189453e-05,481.0,660.0
1650422211,0.0,0.00081935,0.0,1.767277717590332e-05,1.7434358596801758e-05,481.0,660.0
1650422212,0.0,0.003125536,0.0,1.7702579498291016e-05,1.7464160919189453e-05,1964.0,2681.0
1650422213,0.0,0.001098132,0.0,1.767277717590332e-05,1.7434358596801758e-05,481.0,660.0
1650422214,0.0,0.001098132,0.0,1.767277717590332e-05,1.7434358596801758e-05,481.0,660.0
1650422215,0.0,0.0016288865,0.0,1.767277717590332e-05,1.7434358596801758e-05,1063.5,1365.0
1650422216,0.0,0.0016288865,0.0,1.767277717590332e-05,1.7434358596801758e-05,1063.5,1365.0
1650422217,0.0,0.0013543375,0.0,1.767277717590332e-05,1.7434358596801758e-05,853.5,1286.5
1650422218,0.0,0.0013543375,0.0,1.767277717590332e-05,1.7434358596801758e-05,853.5,1286.5
1650422219,0.0,0.000856194,0.0,1.767277717590332e-05,1.7434358596801758e-05,480.0,659.0
1650422220,0.0,0.001591773,0.0,1.767277717590332e-05,1.7434358596801758e-05,962.0,1320.0
1650422221,0.0,0.002713907,0.0,1.773238182067871e-05,1.749396324157715e-05,1443.0,1980.0
1650422222,0.0,0.002713907,0.0,1.773238182067871e-05,1.749396324157715e-05,1443.0,1980.0
1650422223,0.0,0.001671699,0.0,1.773238182067871e-05,1.749396324157715e-05,961.0,1320.0
1650422224,0.0,0.000956582,0.0,1.767277717590332e-05,1.7434358596801758e-05,481.0,660.0
1650422225,0.0,0.000956582,0.0,1.767277717590332e-05,1.7434358596801758e-05,481.0,660.0
1650422226,0.0,0.0016223615,0.0,1.767277717590332e-05,1.7434358596801758e-05,1062.5,1365.0
1650422227,0.0,0.002921192,0.0,1.767277717590332e-05,1.7434358596801758e-05,1707.0,3203.0
1650422228,0.0,0.000884966,0.0,1.767277717590332e-05,1.7434358596801758e-05,481.0,660.0
1650422229,0.0,0.000884966,0.0,1.767277717590332e-05,1.7434358596801758e-05,481.0,660.0
1650422230,0.0,0.0007896815,0.0,1.7762184143066406e-05,1.7523765563964844e-05,481.0,660.0
1650422231,0.0,0.001741813,0.0,1.767277717590332e-05,1.7434358596801758e-05,962.0,1320.0
1650422232,0.0,0.001741813,0.0,1.767277717590332e-05,1.7434358596801758e-05,962.0,1320.0
1650422233,0.0,0.001263904,0.0,1.7702579498291016e-05,1.7464160919189453e-05,721.0,989.0
1650422234,0.0,0.001630484,0.0,1.767277717590332e-05,1.7434358596801758e-05,962.0,1320.0
1650422235,0.0,0.001630484,0.0,1.767277717590332e-05,1.7434358596801758e-05,962.0,1320.0
1650422236,0.0,0.0012635685,0.0,1.767277717590332e-05,1.7434358596801758e-05,756.5,1699.5
1650422237,0.0,0.000843417,0.0,1.7702579498291016e-05,1.7464160919189453e-05,612.0,726.0
1650422238,0.0,0.000843417,0.0,1.7702579498291016e-05,1.7464160919189453e-05,612.0,726.0
1650422239,0.0,0.001761141,0.0,1.767277717590332e-05,1.7434358596801758e-05,1093.0,1385.5
1650422240,0.0,0.003289763,0.0,1.767277717590332e-05,1.7434358596801758e-05,1924.0,2639.0
1650422241,0.0,0.003289763,0.0,1.767277717590332e-05,1.7434358596801758e-05,1924.0,2639.0
1650422242,0.0,0.0004828795,0.0,1.767277717590332e-05,1.7434358596801758e-05,240.5,329.5
1650422243,0.0,0.002382001,0.0,1.767277717590332e-05,1.7434358596801758e-05,1443.0,1978.0
1650422244,0.0,0.002382001,0.0,1.767277717590332e-05,1.7434358596801758e-05,1443.0,1978.0
1650422245,0.005,0.0012681665,0.0,1.773238182067871e-05,1.749396324157715e-05,720.5,990.0
1650422246,0.005,0.0012681665,0.0,1.773238182067871e-05,1.749396324157715e-05,720.5,990.0
1650422247,0.0,0.001340155,0.0,1.767277717590332e-05,1.7434358596801758e-05,756.5,1694.0
1650422248,0.0,0.002810437,0.0,1.7702579498291016e-05,1.7464160919189453e-05,1839.0,2178.0
1650422249,0.0,0.002810437,0.0,1.7702579498291016e-05,1.7464160919189453e-05,1839.0,2178.0
1650422250,0.0,0.000849142,0.0,1.767277717590332e-05,1.7434358596801758e-05,480.5,660.0
1650422251,0.0,0.00168752,0.01,1.7762184143066406e-05,1.7523765563964844e-05,962.0,1320.0
1650422252,0.0,0.00164865,0.0,1.767277717590332e-05,1.7434358596801758e-05,962.0,1319.0
1650422253,0.0,0.00164865,0.0,1.767277717590332e-05,1.7434358596801758e-05,962.0,1319.0
1650422254,0.0,0.0012223095,0.0,1.767277717590332e-05,1.7434358596801758e-05,721.5,990.0
1650422255,0.0,0.001558146,0.0,1.767277717590332e-05,1.7434358596801758e-05,962.0,1320.0
1650422256,0.0,0.001558146,0.0,1.767277717590332e-05,1.7434358596801758e-05,962.0,1320.0
1650422257,0.0,0.001308582,0.0,1.767277717590332e-05,1.7434358596801758e-05,721.0,1375.5
1650422258,0.0,0.003310904,0.0,1.7702579498291016e-05,1.7464160919189453e-05,2127.0,2730.0
1650422259,0.0,0.000791409,0.0,1.773238182067871e-05,1.749396324157715e-05,613.0,725.0
1650422260,0.0,0.000791409,0.0,1.773238182067871e-05,1.749396324157715e-05,613.0,725.0
1650422261,0.0,0.001211749,0.0,1.773238182067871e-05,1.749396324157715e-05,787.5,1023.0
1650422262,0.0,0.001211749,0.0,1.773238182067871e-05,1.749396324157715e-05,787.5,1023.0
1650422263,0.0,0.0018540885,0.0,1.767277717590332e-05,1.7434358596801758e-05,983.0,1340.5
1650422264,0.0,0.001541357,0.0,1.767277717590332e-05,1.7434358596801758e-05,961.0,1318.0
1650422265,0.0,0.003292745,0.0,1.767277717590332e-05,1.7434358596801758e-05,1924.0,2638.0
1650422266,0.0,0.000950181,0.0,1.767277717590332e-05,1.7434358596801758e-05,481.0,1437.0
1650422267,0.0,0.000950181,0.0,1.767277717590332e-05,1.7434358596801758e-05,481.0,1437.0
1650422268,0.005,0.0022518235,0.005,1.7464160919189453e-05,1.722574234008789e-05,1268.5,1782.0
1650422269,0.005,0.0022518235,0.005,1.7464160919189453e-05,1.722574234008789e-05,1268.5,1782.0
1650422270,0.0,0.0017031325,0.0,1.767277717590332e-05,1.7434358596801758e-05,1063.0,1265.0
1650422271,0.0,0.000841663,0.0,1.767277717590332e-05,1.7434358596801758e-05,613.0,725.0
1650422272,0.0,0.000841663,0.0,1.767277717590332e-05,1.7434358596801758e-05,613.0,725.0
1650422273,0.0,0.0012766355,0.0,1.767277717590332e-05,1.7434358596801758e-05,720.5,990.0
1650422274,0.0,0.001661832,0.0,1.767277717590332e-05,1.7434358596801758e-05,962.0,1319.0
1650422275,0.0,0.001661832,0.0,1.767277717590332e-05,1.7434358596801758e-05,962.0,1319.0
1650422276,0.0,0.000944676,0.005,1.773238182067871e-05,1.749396324157715e-05,481.0,1355.0
1650422277,0.0,0.001714813,0.0,1.7702579498291016e-05,1.7464160919189453e-05,962.0,1320.0
1650422278,0.0,0.001714813,0.0,1.7702579498291016e-05,1.7464160919189453e-05,962.0,1320.0
1650422279,0.005,0.0008111625,0.0,1.773238182067871e-05,1.749396324157715e-05,481.0,660.0
1650422280,0.005,0.0008111625,0.0,1.773238182067871e-05,1.749396324157715e-05,481.0,660.0
1650422281,0.0,0.002154105,0.0,1.767277717590332e-05,1.7434358596801758e-05,1238.0,1661.5
1650422282,0.0,0.002656952,0.0,1.767277717590332e-05,1.7434358596801758e-05,1839.0,2178.0
1650422283,0.0,0.001659159,0.0,1.767277717590332e-05,1.7434358596801758e-05,962.0,1320.0
1650422284,0.0,0.001659159,0.0,1.767277717590332e-05,1.7434358596801758e-05,962.0,1320.0
1650422285,0.005,0.0013900505,0.0,1.767277717590332e-05,1.7434358596801758e-05,721.0,989.0
1650422286,0.0,0.004399031,0.0,1.7702579498291016e-05,1.7464160919189453e-05,2405.0,4383.0
1650422287,0.0,0.004399031,0.0,1.7702579498291016e-05,1.7464160919189453e-05,2405.0,4383.0
1650422288,0.0,0.000821972,0.0,1.7702579498291016e-05,1.7464160919189453e-05,481.0,660.0
1650422289,0.0,0.000821972,0.0,1.7702579498291016e-05,1.7464160919189453e-05,481.0,660.0
1650422290,0.0,0.0011792605,0.0,1.767277717590332e-05,1.7434358596801758e-05,721.5,990.0
1650422291,0.0,0.003547634,0.0,1.767277717590332e-05,1.7434358596801758e-05,1995.0,2664.0
1650422292,0.0,0.003547634,0.0,1.767277717590332e-05,1.7434358596801758e-05,1995.0,2664.0
1650422293,0.0,0.001328539,0.0,1.767277717590332e-05,1.7434358596801758e-05,919.5,1089.0
1650422294,0.0,0.001328539,0.0,1.767277717590332e-05,1.7434358596801758e-05,919.5,1089.0
1650422295,0.0,0.0013321415,0.0,1.767277717590332e-05,1.7434358596801758e-05,721.5,990.0
1650422296,0.0,0.001828299,0.0,1.767277717590332e-05,1.7434358596801758e-05,962.0,2405.0
1650422297,0.0,0.001828299,0.0,1.767277717590332e-05,1.7434358596801758e-05,962.0,2405.0
1650422298,0.0,0.0008169705,0.0,1.767277717590332e-05,1.7434358596801758e-05,481.0,660.0
1650422299,0.0,0.0032624,0.01,1.767277717590332e-05,1.7434358596801758e-05,1924.0,2640.0
1650422300,0.0,0.0032624,0.01,1.767277717590332e-05,1.7434358596801758e-05,1924.0,2640.0
1650422301,0.0,0.0007982665,0.0,1.767277717590332e-05,1.7434358596801758e-05,481.0,660.0
1650422302,0.0,0.003280963,0.0,1.767277717590332e-05,1.7434358596801758e-05,2126.0,2730.0
1650422303,0.0,0.003280963,0.0,1.767277717590332e-05,1.7434358596801758e-05,2126.0,2730.0
1650422304,0.0,0.001218736,0.0,1.767277717590332e-05,1.7434358596801758e-05,853.5,1056.0
1650422305,0.0,0.001218736,0.0,1.767277717590332e-05,1.7434358596801758e-05,853.5,1056.0
1650422306,0.0,0.0009166885,0.0,1.767277717590332e-05,1.7434358596801758e-05,481.0,659.5
1650422307,0.0,0.001793018,0.0,1.767277717590332e-05,1.7434358596801758e-05,962.0,2095.0
1650422308,0.0,0.001793018,0.0,1.767277717590332e-05,1.7434358596801758e-05,962.0,2095.0
1650422309,0.0,0.00124041,0.0,1.767277717590332e-05,1.7434358596801758e-05,721.5,990.0
1650422310,0.0,0.002488106,0.01,1.767277717590332e-05,1.7434358596801758e-05,1442.0,1979.0
1650422311,0.0,0.002386809,0.0,1.767277717590332e-05,1.7434358596801758e-05,1485.0,2022.0
1650422312,0.0,0.003046462,0.0,1.749396324157715e-05,1.7255544662475586e-05,1573.0,2243.0
1650422313,0.0,0.003046462,0.0,1.749396324157715e-05,1.7255544662475586e-05,1573.0,2243.0
1650422314,0.0,0.0016134305,0.0,1.767277717590332e-05,1.7434358596801758e-05,1063.0,1266.0
1650422315,0.0,0.0016134305,0.0,1.767277717590332e-05,1.7434358596801758e-05,1063.0,1266.0
1650422316,0.0,0.000822736,0.0,1.767277717590332e-05,1.7434358596801758e-05,547.0,693.0
1650422317,0.0,0.000822736,0.0,1.767277717590332e-05,1.7434358596801758e-05,547.0,693.0
1650422318,0.005,0.001693419,0.0,1.773238182067871e-05,1.749396324157715e-05,962.0,2017.5
1650422319,0.0,0.002494548,0.0,1.767277717590332e-05,1.7434358596801758e-05,1443.0,1980.0
1650422320,0.0,0.001668394,0.0,1.767277717590332e-05,1.7434358596801758e-05,962.0,1320.0
1650422321,0.0,0.00244232,0.0,1.767277717590332e-05,1.7434358596801758e-05,1443.0,1980.0
1650422322,0.0,0.00244232,0.0,1.767277717590332e-05,1.7434358596801758e-05,1443.0,1980.0
1650422323,0.0,0.0008778435,0.0,1.7702579498291016e-05,1.7464160919189453e-05,480.5,659.0
1650422324,0.0,0.00260012,0.0,1.767277717590332e-05,1.7434358596801758e-05,1514.0,2003.0
1650422325,0.0,0.00260012,0.0,1.767277717590332e-05,1.7434358596801758e-05,1514.0,2003.0
1650422326,0.0,0.0004083395,0.0,1.7702579498291016e-05,1.7464160919189453e-05,306.5,363.0
1650422327,0.0,0.001720289,0.0,1.773238182067871e-05,1.749396324157715e-05,1226.0,1918.0
1650422328,0.0,0.001556069,0.0,1.767277717590332e-05,1.7434358596801758e-05,962.0,1318.0
1650422329,0.0,0.001556069,0.0,1.767277717590332e-05,1.7434358596801758e-05,962.0,1318.0
1650422330,0.005,0.0016165695,0.0,1.7702579498291016e-05,1.7464160919189453e-05,962.0,1318.5
1650422331,0.005,0.0016165695,0.0,1.7702579498291016e-05,1.7464160919189453e-05,962.0,1318.5
1650422332,0.0,0.0023133145,0.0,1.767277717590332e-05,1.7434358596801758e-05,1202.0,1649.0
1650422333,0.0,0.002371869,0.0,1.773238182067871e-05,1.749396324157715e-05,1443.0,1980.0
1650422334,0.0,0.002371869,0.0,1.773238182067871e-05,1.749396324157715e-05,1443.0,1980.0
1650422335,0.0,0.000923719,0.0,1.7464160919189453e-05,1.722574234008789e-05,547.0,791.5
1650422336,0.0,0.000923719,0.0,1.7464160919189453e-05,1.722574234008789e-05,547.0,791.5
1650422337,0.0,0.001635708,0.0,1.767277717590332e-05,1.7434358596801758e-05,1063.0,1654.0
1650422338,0.0,0.001635708,0.0,1.767277717590332e-05,1.7434358596801758e-05,1063.0,1654.0
1650422339,0.0,0.000798247,0.005,1.767277717590332e-05,1.7434358596801758e-05,546.5,693.0
1650422340,0.0,0.002574544,0.0,1.767277717590332e-05,1.7434358596801758e-05,1441.0,1980.0
1650422341,0.0,0.002574544,0.0,1.767277717590332e-05,1.7434358596801758e-05,1441.0,1980.0
1650422342,0.0,0.000396903,0.0,1.767277717590332e-05,1.7434358596801758e-05,240.5,330.0
1650422343,0.0,0.001601872,0.0,1.767277717590332e-05,1.7434358596801758e-05,961.0,1319.0
1650422344,0.0,0.001601872,0.0,1.767277717590332e-05,1.7434358596801758e-05,961.0,1319.0
1650422345,0.0,0.0012891185,0.0,1.767277717590332e-05,1.7434358596801758e-05,719.5,990.0
1650422346,0.0,0.002792868,0.0,1.767277717590332e-05,1.7434358596801758e-05,1514.0,2785.0
1650422347,0.0,0.002513255,0.0,1.767277717590332e-05,1.7434358596801758e-05,1839.0,2175.0
1650422348,0.0,0.002513255,0.0,1.767277717590332e-05,1.7434358596801758e-05,1839.0,2175.0
1650422349,0.0,0.000823664,0.0,1.767277717590332e-05,1.7434358596801758e-05,481.0,660.0
1650422350,0.01,0.001790896,0.0,1.7702579498291016e-05,1.7464160919189453e-05,961.0,1320.0
1650422351,0.01,0.001790896,0.0,1.7702579498291016e-05,1.7464160919189453e-05,961.0,1320.0
1650422352,0.0,0.002477164,0.0,1.767277717590332e-05,1.7434358596801758e-05,1442.0,1979.5
1650422353,0.0,0.002590549,0.0,1.7702579498291016e-05,1.7464160919189453e-05,1442.0,1977.0
1650422354,0.0,0.002590549,0.0,1.7702579498291016e-05,1.7464160919189453e-05,1442.0,1977.0
1650422355,0.0,0.0008618345,0.0,1.767277717590332e-05,1.7434358596801758e-05,481.0,660.0
1650422356,0.0,0.0008618345,0.0,1.767277717590332e-05,1.7434358596801758e-05,481.0,660.0
1650422357,0.0,0.0010455015,0.0,1.7464160919189453e-05,1.722574234008789e-05,547.0,1335.5
1650422358,0.0,0.0032798,0.01,1.767277717590332e-05,1.7434358596801758e-05,2125.0,2531.0
1650422359,0.0,0.0032798,0.01,1.767277717590332e-05,1.7434358596801758e-05,2125.0,2531.0
1650422360,0.0,0.0008452925,0.0,1.767277717590332e-05,1.7434358596801758e-05,546.5,693.0
1650422361,0.0,0.0008452925,0.0,1.767277717590332e-05,1.7434358596801758e-05,546.5,693.0
1650422362,0.0,0.000871617,0.0,1.767277717590332e-05,1.7434358596801758e-05,501.5,679.5
1650422363,0.0,0.00160315,0.0,1.773238182067871e-05,1.749396324157715e-05,962.0,1320.0
1650422364,0.0,0.00160315,0.0,1.773238182067871e-05,1.749396324157715e-05,962.0,1320.0
1650422365,0.0,0.001185635,0.0,1.767277717590332e-05,1.7434358596801758e-05,721.5,989.5
1650422366,0.0,0.001185635,0.0,1.767277717590332e-05,1.7434358596801758e-05,721.5,989.5
1650422367,0.005,0.001410957,0.0,1.767277717590332e-05,1.7434358596801758e-05,721.0,1376.0
1650422368,0.0,0.002640074,0.0,1.767277717590332e-05,1.7434358596801758e-05,1514.0,2004.0
1650422369,0.0,0.002640074,0.0,1.767277717590332e-05,1.7434358596801758e-05,1514.0,2004.0
1650422370,0.0,0.000829643,0.0,1.767277717590332e-05,1.7434358596801758e-05,613.0,726.0
1650422371,0.0,0.002590705,0.0,1.767277717590332e-05,1.7434358596801758e-05,1574.0,2044.0
1650422372,0.0,0.002590705,0.0,1.767277717590332e-05,1.7434358596801758e-05,1574.0,2044.0
1650422373,0.0,0.0013845545,0.0,1.767277717590332e-05,1.7434358596801758e-05,721.5,989.0
1650422374,0.0,0.002525036,0.0,1.767277717590332e-05,1.7434358596801758e-05,1442.0,1976.0
1650422375,0.0,0.002525036,0.0,1.767277717590332e-05,1.7434358596801758e-05,1442.0,1976.0
1650422376,0.005,0.0026300895,0.0,1.767277717590332e-05,1.7434358596801758e-05,1443.0,3007.0
1650422377,0.005,0.0026300895,0.0,1.767277717590332e-05,1.7434358596801758e-05,1443.0,3007.0
1650422378,0.0,0.0013654415,0.0,1.7642974853515625e-05,1.7404556274414062e-05,787.5,1121.5
1650422379,0.0,0.0013654415,0.0,1.7642974853515625e-05,1.7404556274414062e-05,787.5,1121.5
1650422380,0.0,0.0011444405,0.0,1.7702579498291016e-05,1.7464160919189453e-05,757.0,903.0
1650422381,0.0,0.001680344,0.01,1.767277717590332e-05,1.7434358596801758e-05,1226.0,1452.0
1650422382,0.0,0.001012673,0.0,1.7702579498291016e-05,1.7464160919189453e-05,481.0,660.0
1650422383,0.0,0.001561029,0.0,1.767277717590332e-05,1.7434358596801758e-05,962.0,1320.0
1650422384,0.0,0.001561029,0.0,1.767277717590332e-05,1.7434358596801758e-05,962.0,1320.0
1650422385,0.005,0.0016229785,0.0,1.767277717590332e-05,1.7434358596801758e-05,928.0,1254.0
1650422386,0.005,0.0016229785,0.0,1.767277717590332e-05,1.7434358596801758e-05,928.0,1254.0
1650422387,0.0,0.001146601,0.0,1.767277717590332e-05,1.7434358596801758e-05,513.5,1421.0
1650422388,0.0,0.001146601,0.0,1.767277717590332e-05,1.7434358596801758e-05,513.5,1421.0
1650422389,0.0,0.0013307675,0.0,1.767277717590332e-05,1.7434358596801758e-05,721.5,990.0
1650422390,0.0,0.0013307675,0.0,1.767277717590332e-05,1.7434358596801758e-05,721.5,990.0
1650422391,0.005,0.001298605,0.0,1.7702579498291016e-05,1.7464160919189453e-05,757.0,1000.5
1650422392,0.0,0.000780499,0.0,1.767277717590332e-05,1.7434358596801758e-05,613.0,726.0
1650422393,0.0,0.000780499,0.0,1.767277717590332e-05,1.7434358596801758e-05,613.0,726.0
1650422394,0.0,0.0012762855,0.005,1.767277717590332e-05,1.7434358596801758e-05,853.5,1056.0
1650422395,0.01,0.003851962,0.0,1.7702579498291016e-05,1.7464160919189453e-05,1922.0,2639.0
1650422396,0.01,0.003851962,0.0,1.7702579498291016e-05,1.7464160919189453e-05,1922.0,2639.0
1650422397,0.0,0.0018246895,0.0,1.767277717590332e-05,1.7434358596801758e-05,962.0,2187.0
1650422398,0.0,0.0018246895,0.0,1.767277717590332e-05,1.7434358596801758e-05,962.0,2187.0
1650422399,0.005,0.0009553655,0.005,1.7702579498291016e-05,1.7464160919189453e-05,480.5,658.5
1650422400,0.0,0.004213776,0.0,1.7762184143066406e-05,1.7523765563964844e-05,2476.0,3324.0
1650422401,0.0,0.004213776,0.0,1.7762184143066406e-05,1.7523765563964844e-05,2476.0,3324.0
1650422402,0.0,0.0008229435,0.0,1.767277717590332e-05,1.7434358596801758e-05,613.0,726.0
1650422403,0.0,0.002396833,0.0,1.767277717590332e-05,1.7434358596801758e-05,1573.0,2044.0
1650422404,0.0,0.002396833,0.0,1.767277717590332e-05,1.7434358596801758e-05,1573.0,2044.0
1650422405,0.005,0.0009247465,0.0,1.767277717590332e-05,1.7434358596801758e-05,481.0,660.0
1650422406,0.0,0.000797301,0.0,1.767277717590332e-05,1.7434358596801758e-05,481.0,660.0
1650422407,0.0,0.00196379,0.0,1.767277717590332e-05,1.7434358596801758e-05,962.0,2398.0
1650422408,0.0,0.00196379,0.0,1.767277717590332e-05,1.7434358596801758e-05,962.0,2398.0
1650422409,0.0,0.000880916,0.0,1.767277717590332e-05,1.7434358596801758e-05,481.0,660.0
1650422410,0.0,0.000880916,0.0,1.767277717590332e-05,1.7434358596801758e-05,481.0,660.0
1650422411,0.0,0.0009114975,0.0,1.767277717590332e-05,1.7434358596801758e-05,481.0,660.0
1650422412,0.0,0.00252845,0.0,1.767277717590332e-05,1.7434358596801758e-05,1556.0,2046.0
1650422413,0.0,0.001639893,0.0,1.767277717590332e-05,1.7434358596801758e-05,1226.0,1450.0
1650422414,0.0,0.001677943,0.0,1.767277717590332e-05,1.7434358596801758e-05,1094.0,1386.0
1650422415,0.0,0.001677943,0.0,1.767277717590332e-05,1.7434358596801758e-05,1094.0,1386.0
1650422416,0.005,0.0012215625,0.0,1.7762184143066406e-05,1.7523765563964844e-05,721.5,990.0
1650422417,0.01,0.001874923,0.0,1.767277717590332e-05,1.7434358596801758e-05,962.0,2413.0
1650422418,0.01,0.001874923,0.0,1.767277717590332e-05,1.7434358596801758e-05,962.0,2413.0
1650422419,0.0,0.0012639695,0.0,1.767277717590332e-05,1.7434358596801758e-05,721.5,989.0
1650422420,0.0,0.001796667,0.0,1.767277717590332e-05,1.7434358596801758e-05,962.0,1319.0
1650422421,0.0,0.001796667,0.0,1.767277717590332e-05,1.7434358596801758e-05,962.0,1319.0
1650422422,0.0,0.00132864,0.0,1.7464160919189453e-05,1.722574234008789e-05,787.5,1122.0
1650422423,0.0,0.00132864,0.0,1.7464160919189453e-05,1.722574234008789e-05,787.5,1122.0
1650422424,0.0,0.001999971,0.005,1.767277717590332e-05,1.7434358596801758e-05,1370.0,1629.0
1650422425,0.0,0.001999971,0.005,1.767277717590332e-05,1.7434358596801758e-05,1370.0,1629.0
1650422426,0.0,0.0017031265,0.0,1.767277717590332e-05,1.7434358596801758e-05,961.5,1318.5
1650422427,0.0,0.002578115,0.0,1.767277717590332e-05,1.7434358596801758e-05,1443.0,3376.0
1650422428,0.0,0.002578115,0.0,1.767277717590332e-05,1.7434358596801758e-05,1443.0,3376.0
1650422429,0.0,0.0008209365,0.0,1.767277717590332e-05,1.7434358596801758e-05,481.0,660.0
1650422430,0.01,0.003537804,0.0,1.767277717590332e-05,1.7434358596801758e-05,1923.0,2638.0
1650422431,0.01,0.003537804,0.0,1.767277717590332e-05,1.7434358596801758e-05,1923.0,2638.0
1650422432,0.0,0.000993798,0.0,1.767277717590332e-05,1.7434358596801758e-05,480.5,659.0
1650422433,0.0,0.000993798,0.0,1.767277717590332e-05,1.7434358596801758e-05,480.5,659.0
1650422434,0.0,0.0026207175,0.0,1.773238182067871e-05,1.749396324157715e-05,1610.0,2057.0
1650422435,0.0,0.001687143,0.0,1.767277717590332e-05,1.7434358596801758e-05,1094.0,1384.0
1650422436,0.0,0.001687143,0.0,1.767277717590332e-05,1.7434358596801758e-05,1094.0,1384.0
1650422437,0.005,0.0013577075,0.0,1.7762184143066406e-05,1.7523765563964844e-05,720.5,1861.0
1650422438,0.005,0.0013577075,0.0,1.7762184143066406e-05,1.7523765563964844e-05,720.5,1861.0
1650422439,0.0,0.000863129,0.0,1.767277717590332e-05,1.7434358596801758e-05,481.0,659.0
1650422440,0.0,0.003424904,0.01,1.767277717590332e-05,1.7434358596801758e-05,1924.0,2638.0
1650422441,0.0,0.003424904,0.01,1.767277717590332e-05,1.7434358596801758e-05,1924.0,2638.0
1650422442,0.0,0.000960653,0.0,1.767277717590332e-05,1.7434358596801758e-05,480.5,658.5
1650422443,0.0,0.000960653,0.0,1.767277717590332e-05,1.7434358596801758e-05,480.5,658.5
1650422444,0.0,0.0014747725,0.0,1.7464160919189453e-05,1.722574234008789e-05,787.0,1121.5
1650422445,0.01,0.003479502,0.0,1.767277717590332e-05,1.7434358596801758e-05,2126.0,2532.0
1650422446,0.01,0.003479502,0.0,1.767277717590332e-05,1.7434358596801758e-05,2126.0,2532.0
1650422447,0.0,0.001202743,0.005,1.767277717590332e-05,1.7434358596801758e-05,787.0,1720.0
1650422448,0.0,0.001776245,0.0,1.767277717590332e-05,1.7434358596801758e-05,961.0,1320.0
1650422449,0.0,0.001776245,0.0,1.767277717590332e-05,1.7434358596801758e-05,961.0,1320.0
1650422450,0.0,0.0012867585,0.0,1.7702579498291016e-05,1.7464160919189453e-05,721.5,990.0
1650422451,0.0,0.001720722,0.0,1.773238182067871e-05,1.749396324157715e-05,962.0,1319.0
1650422452,0.0,0.002800038,0.0,1.7702579498291016e-05,1.7464160919189453e-05,1442.0,1978.0
1650422453,0.01,0.001947534,0.0,1.767277717590332e-05,1.7434358596801758e-05,961.0,1320.0
1650422454,0.01,0.001947534,0.0,1.767277717590332e-05,1.7434358596801758e-05,961.0,1320.0
1650422455,0.0,0.001006204,0.0,1.7464160919189453e-05,1.722574234008789e-05,546.5,791.0
1650422456,0.0,0.001006204,0.0,1.7464160919189453e-05,1.722574234008789e-05,546.5,791.0
1650422457,0.0,0.002447939,0.0,1.773238182067871e-05,1.749396324157715e-05,1610.5,3140.5
1650422458,0.0,0.002447939,0.0,1.773238182067871e-05,1.749396324157715e-05,1610.5,3140.5
1650422459,0.0,0.001692189,0.0,1.767277717590332e-05,1.7434358596801758e-05,962.0,1320.0
1650422460,0.0,0.001692189,0.0,1.767277717590332e-05,1.7434358596801758e-05,962.0,1320.0
1650422461,0.0,0.001550566,0.0,1.767277717590332e-05,1.7434358596801758e-05,962.0,1320.0
1650422462,0.0,0.00178658,0.0,1.767277717590332e-05,1.7434358596801758e-05,1004.0,1362.0
1650422463,0.0,0.00178658,0.0,1.767277717590332e-05,1.7434358596801758e-05,1004.0,1362.0
1650422464,0.0,0.001167352,0.0,1.767277717590332e-05,1.7434358596801758e-05,721.5,990.0
1650422465,0.0,0.002546003,0.0,1.767277717590332e-05,1.7434358596801758e-05,1443.0,1979.0
1650422466,0.0,0.001226433,0.0,1.7464160919189453e-05,1.722574234008789e-05,613.0,924.0
1650422467,0.01,0.004207641,0.0,1.767277717590332e-05,1.7434358596801758e-05,2740.0,4023.0
1650422468,0.01,0.004207641,0.0,1.767277717590332e-05,1.7434358596801758e-05,2740.0,4023.0
1650422469,0.0,0.001683197,0.005,1.7702579498291016e-05,1.7464160919189453e-05,961.0,1319.5
1650422470,0.0,0.001685613,0.0,1.767277717590332e-05,1.7434358596801758e-05,961.0,1320.0
1650422471,0.0,0.001685613,0.0,1.767277717590332e-05,1.7434358596801758e-05,961.0,1320.0
1650422472,0.0,0.0003749205,0.0,1.767277717590332e-05,1.7434358596801758e-05,240.5,330.0
1650422473,0.01,0.005189844,0.0,1.7702579498291016e-05,1.7464160919189453e-05,2886.0,3956.0
1650422474,0.01,0.005189844,0.0,1.7702579498291016e-05,1.7464160919189453e-05,2886.0,3956.0
1650422475,0.0,0.0012560905,0.0,1.767277717590332e-05,1.7434358596801758e-05,720.5,989.5
1650422476,0.0,0.001931071,0.0,1.767277717590332e-05,1.7434358596801758e-05,961.0,2708.0
1650422477,0.0,0.002497582,0.0,1.77919864654541e-05,1.755356788635254e-05,1514.0,2004.0
1650422478,0.0,0.002497582,0.0,1.77919864654541e-05,1.755356788635254e-05,1514.0,2004.0
1650422479,0.0,0.001228137,0.0,1.7881393432617188e-05,1.7642974853515625e-05,919.5,1088.0
1650422480,0.0,0.000824555,0.0,1.767277717590332e-05,1.7434358596801758e-05,481.0,660.0
1650422481,0.0,0.000824555,0.0,1.767277717590332e-05,1.7434358596801758e-05,481.0,660.0
1650422482,0.0,0.0021869945,0.0,1.767277717590332e-05,1.7434358596801758e-05,1202.5,1650.0
1650422483,0.0,0.0021869945,0.0,1.767277717590332e-05,1.7434358596801758e-05,1202.5,1650.0
1650422484,0.0,0.0008136275,0.0,1.767277717590332e-05,1.7434358596801758e-05,481.0,660.0
1650422485,0.0,0.0008136275,0.0,1.767277717590332e-05,1.7434358596801758e-05,481.0,660.0
1650422486,0.0,0.0016357005,0.0,1.767277717590332e-05,1.7434358596801758e-05,962.0,1319.5
1650422487,0.0,0.005504313,0.0,1.755356788635254e-05,1.7315149307250977e-05,3018.0,4997.0
1650422488,0.0,0.005504313,0.0,1.755356788635254e-05,1.7315149307250977e-05,3018.0,4997.0
1650422489,0.0,0.0020251075,0.0,1.767277717590332e-05,1.7434358596801758e-05,1368.5,1627.5
1650422490,0.0,0.0020251075,0.0,1.767277717590332e-05,1.7434358596801758e-05,1368.5,1627.5
1650422491,0.0,0.0014468985,0.0,1.767277717590332e-05,1.7434358596801758e-05,720.0,987.5
1650422492,0.0,0.0014468985,0.0,1.767277717590332e-05,1.7434358596801758e-05,720.0,987.5
1650422493,0.0,0.0025964085,0.0,1.767277717590332e-05,1.7434358596801758e-05,1443.0,1979.5
1650422494,0.0,0.001597996,0.0,1.767277717590332e-05,1.7434358596801758e-05,962.0,1319.0
1650422495,0.0,0.001597996,0.0,1.767277717590332e-05,1.7434358596801758e-05,962.0,1319.0
1650422496,0.005,0.000912532,0.005,1.767277717590332e-05,1.7434358596801758e-05,481.0,660.0
1650422497,0.0,0.001977022,0.0,1.767277717590332e-05,1.7434358596801758e-05,962.0,3678.0
1650422498,0.0,0.001875496,0.0,1.7464160919189453e-05,1.722574234008789e-05,1093.0,1584.0
1650422499,0.0,0.001875496,0.0,1.7464160919189453e-05,1.722574234008789e-05,1093.0,1584.0
1650422500,0.0,0.0012209165,0.0,1.767277717590332e-05,1.7434358596801758e-05,757.0,903.0
1650422501,0.0,0.001956622,0.0,1.767277717590332e-05,1.7434358596801758e-05,1225.0,1449.0
1650422502,0.0,0.000872139,0.0,1.767277717590332e-05,1.7434358596801758e-05,481.0,660.0
1650422503,0.0,0.000872139,0.0,1.767277717590332e-05,1.7434358596801758e-05,481.0,660.0
1650422504,0.0,0.0012529165,0.0,1.767277717590332e-05,1.7434358596801758e-05,720.0,989.0
1650422505,0.0,0.0012529165,0.0,1.767277717590332e-05,1.7434358596801758e-05,720.0,989.0
1650422506,0.0,0.000787409,0.0,1.773238182067871e-05,1.749396324157715e-05,481.0,660.0
1650422507,0.0,0.001707953,0.0,1.767277717590332e-05,1.7434358596801758e-05,962.0,1786.0
1650422508,0.0,0.002528617,0.0,1.767277717590332e-05,1.7434358596801758e-05,1442.0,1978.0
1650422509,0.0,0.002528617,0.0,1.767277717590332e-05,1.7434358596801758e-05,1442.0,1978.0
1650422510,0.0,0.0012852095,0.0,1.7464160919189453e-05,1.722574234008789e-05,787.5,1120.5
1650422511,0.0,0.003137219,0.01,1.767277717590332e-05,1.7434358596801758e-05,2169.0,2574.0
1650422512,0.0,0.003137219,0.01,1.767277717590332e-05,1.7434358596801758e-05,2169.0,2574.0
1650422513,0.005,0.001251897,0.0,1.767277717590332e-05,1.7434358596801758e-05,787.5,1023.0
1650422514,0.0,0.002551687,0.0,1.767277717590332e-05,1.7434358596801758e-05,1442.0,1980.0
1650422515,0.0,0.002551687,0.0,1.767277717590332e-05,1.7434358596801758e-05,1442.0,1980.0
1650422516,0.0,0.000888155,0.0,1.767277717590332e-05,1.7434358596801758e-05,480.5,659.0
1650422517,0.0,0.000971477,0.0,1.767277717590332e-05,1.7434358596801758e-05,481.0,1430.0
1650422518,0.0,0.000971477,0.0,1.767277717590332e-05,1.7434358596801758e-05,481.0,1430.0
1650422519,0.0,0.0016721195,0.0,1.773238182067871e-05,1.749396324157715e-05,961.5,1319.0
1650422520,0.0,0.001713577,0.0,1.767277717590332e-05,1.7434358596801758e-05,962.0,1320.0
1650422521,0.0,0.001713577,0.0,1.767277717590332e-05,1.7434358596801758e-05,962.0,1320.0
1650422522,0.005,0.0012884145,0.0,1.767277717590332e-05,1.7434358596801758e-05,756.5,1001.0
1650422523,0.005,0.0012884145,0.0,1.767277717590332e-05,1.7434358596801758e-05,756.5,1001.0
1650422524,0.0,0.00168165,0.0,1.767277717590332e-05,1.7434358596801758e-05,1159.5,1418.0
1650422525,0.0,0.001706273,0.0,1.773238182067871e-05,1.749396324157715e-05,962.0,1320.0
1650422526,0.0,0.001706273,0.0,1.773238182067871e-05,1.749396324157715e-05,962.0,1320.0
1650422527,0.0,0.000926694,0.0,1.767277717590332e-05,1.7434358596801758e-05,481.0,1528.0
1650422528,0.0,0.001726211,0.0,1.767277717590332e-05,1.7434358596801758e-05,961.0,1319.0
1650422529,0.0,0.001726211,0.0,1.767277717590332e-05,1.7434358596801758e-05,961.0,1319.0
1650422530,0.0,0.001146722,0.0,1.767277717590332e-05,1.7434358596801758e-05,721.5,989.5
1650422531,0.0,0.001146722,0.0,1.767277717590332e-05,1.7434358596801758e-05,721.5,989.5
1650422532,0.0,0.0012286895,0.0,1.7702579498291016e-05,1.7464160919189453e-05,721.5,989.5
1650422533,0.0,0.002752304,0.0,1.7762184143066406e-05,1.7523765563964844e-05,1513.0,2001.0
1650422534,0.0,0.002752304,0.0,1.7762184143066406e-05,1.7523765563964844e-05,1513.0,2001.0
1650422535,0.0,0.000833037,0.0,1.767277717590332e-05,1.7434358596801758e-05,613.0,726.0
1650422536,0.0,0.003612282,0.0,1.7702579498291016e-05,1.7464160919189453e-05,2055.0,3777.0
1650422537,0.0,0.003612282,0.0,1.7702579498291016e-05,1.7464160919189453e-05,2055.0,3777.0
1650422538,0.0,0.0008355435,0.0,1.767277717590332e-05,1.7434358596801758e-05,481.0,660.0
1650422539,0.0,0.002688067,0.0,1.767277717590332e-05,1.7434358596801758e-05,1442.0,1978.0
1650422540,0.0,0.002688067,0.0,1.767277717590332e-05,1.7434358596801758e-05,1442.0,1978.0
1650422541,0.0,0.0012582805,0.005,1.767277717590332e-05,1.7434358596801758e-05,720.5,989.0
1650422542,0.0,0.000818386,0.0,1.767277717590332e-05,1.7434358596801758e-05,481.0,660.0
1650422543,0.0,0.00278129,0.0,1.749396324157715e-05,1.7255544662475586e-05,1574.0,2243.0
1650422544,0.0,0.00160533,0.0,1.767277717590332e-05,1.7434358596801758e-05,901.0,1080.0
1650422545,0.0,0.00160533,0.0,1.767277717590332e-05,1.7434358596801758e-05,901.0,1080.0
1650422546,0.0,0.000898583,0.0,1.767277717590332e-05,1.7434358596801758e-05,613.0,1269.5
1650422547,0.0,0.000898583,0.0,1.767277717590332e-05,1.7434358596801758e-05,613.0,1269.5
1650422548,0.0,0.00118686,0.0,1.7702579498291016e-05,1.7464160919189453e-05,787.5,1023.0
1650422549,0.0,0.00118686,0.0,1.7702579498291016e-05,1.7464160919189453e-05,787.5,1023.0
1650422550,0.005,0.0004297175,0.005,1.767277717590332e-05,1.7434358596801758e-05,240.5,330.0
1650422551,0.0,0.003245172,0.0,1.773238182067871e-05,1.749396324157715e-05,1965.0,2681.0
1650422552,0.0,0.003245172,0.0,1.773238182067871e-05,1.749396324157715e-05,1965.0,2681.0
1650422553,0.0,0.000835454,0.0,1.767277717590332e-05,1.7434358596801758e-05,481.0,660.0
1650422554,0.0,0.000835454,0.0,1.767277717590332e-05,1.7434358596801758e-05,481.0,660.0
1650422555,0.0,0.0009817955,0.0,1.7464160919189453e-05,1.722574234008789e-05,547.0,791.0
1650422556,0.0,0.002363929,0.0,1.767277717590332e-05,1.7434358596801758e-05,1514.0,1806.0
1650422557,0.0,0.002363929,0.0,1.767277717590332e-05,1.7434358596801758e-05,1514.0,1806.0
1650422558,0.005,0.0013750305,0.0,1.767277717590332e-05,1.7434358596801758e-05,853.5,1056.0
1650422559,0.005,0.0013750305,0.0,1.767277717590332e-05,1.7434358596801758e-05,853.5,1056.0
1650422560,0.0,0.0017699835,0.0,1.7762184143066406e-05,1.7523765563964844e-05,960.5,1319.5
1650422561,0.0,0.0017699835,0.0,1.7762184143066406e-05,1.7523765563964844e-05,960.5,1319.5
1650422562,0.0,0.0004313605,0.0,1.767277717590332e-05,1.7434358596801758e-05,240.5,330.0
1650422563,0.0,0.000895354,0.0,1.767277717590332e-05,1.7434358596801758e-05,479.0,660.0
1650422564,0.0,0.002515387,0.01,1.767277717590332e-05,1.7434358596801758e-05,1443.0,1980.0
1650422565,0.0,0.002515387,0.01,1.767277717590332e-05,1.7434358596801758e-05,1443.0,1980.0
1650422566,0.005,0.0010200485,0.0,1.767277717590332e-05,1.7434358596801758e-05,480.5,1046.0
1650422567,0.0,0.003594044,0.0,1.767277717590332e-05,1.7434358596801758e-05,2125.0,2724.0
1650422568,0.0,0.003594044,0.0,1.767277717590332e-05,1.7434358596801758e-05,2125.0,2724.0
1650422569,0.005,0.0017373755,0.0,1.7702579498291016e-05,1.7464160919189453e-05,1094.0,1385.5
1650422570,0.0,0.002690881,0.0,1.767277717590332e-05,1.7434358596801758e-05,1442.0,1980.0
1650422571,0.0,0.002690881,0.0,1.767277717590332e-05,1.7434358596801758e-05,1442.0,1980.0
1650422572,0.0,0.001631784,0.0,1.773238182067871e-05,1.749396324157715e-05,962.0,1317.0
1650422573,0.0,0.001631784,0.0,1.773238182067871e-05,1.749396324157715e-05,962.0,1317.0
1650422574,0.0,0.00045184,0.0,1.767277717590332e-05,1.7434358596801758e-05,240.5,330.0
1650422575,0.0,0.001620451,0.0,1.7702579498291016e-05,1.7464160919189453e-05,962.0,1320.0
1650422576,0.0,0.001645029,0.0,1.767277717590332e-05,1.7434358596801758e-05,962.0,1320.0
1650422577,0.0,0.002070906,0.0,1.7464160919189453e-05,1.722574234008789e-05,1094.0,2665.0
1650422578,0.0,0.002357445,0.0,1.767277717590332e-05,1.7434358596801758e-05,1514.0,1806.0
1650422579,0.0,0.002357445,0.0,1.767277717590332e-05,1.7434358596801758e-05,1514.0,1806.0
1650422580,0.0,0.0016248335,0.0,1.7702579498291016e-05,1.7464160919189453e-05,1094.0,1384.5
1650422581,0.0,0.0016248335,0.0,1.7702579498291016e-05,1.7464160919189453e-05,1094.0,1384.5
1650422582,0.0,0.0012512605,0.0,1.7702579498291016e-05,1.7464160919189453e-05,721.5,989.0
1650422583,0.0,0.003332453,0.0,1.7702579498291016e-05,1.7464160919189453e-05,1924.0,2637.0
1650422584,0.0,0.003332453,0.0,1.7702579498291016e-05,1.7464160919189453e-05,1924.0,2637.0
1650422585,0.0,0.001599984,0.0,1.767277717590332e-05,1.7434358596801758e-05,962.0,1319.5
1650422586,0.0,0.001599984,0.0,1.767277717590332e-05,1.7434358596801758e-05,962.0,1319.5
1650422587,0.0,0.001307356,0.0,1.7702579498291016e-05,1.7464160919189453e-05,721.5,1380.0
1650422588,0.0,0.002565766,0.0,1.767277717590332e-05,1.7434358596801758e-05,1513.0,2003.0
1650422589,0.0,0.002565766,0.0,1.767277717590332e-05,1.7434358596801758e-05,1513.0,2003.0
1650422590,0.0,0.0008023325,0.0,1.767277717590332e-05,1.7434358596801758e-05,613.0,725.5
1650422591,0.0,0.002439996,0.0,1.767277717590332e-05,1.7434358596801758e-05,1575.0,2044.0
1650422592,0.0,0.002439996,0.0,1.767277717590332e-05,1.7434358596801758e-05,1575.0,2044.0
1650422593,0.0,0.002197229,0.0,1.7702579498291016e-05,1.7464160919189453e-05,1202.5,1650.0
1650422594,0.0,0.002478563,0.0,1.767277717590332e-05,1.7434358596801758e-05,1443.0,1980.0
1650422595,0.0,0.002478563,0.0,1.767277717590332e-05,1.7434358596801758e-05,1443.0,1980.0
1650422596,0.0,0.0004989305,0.0,1.767277717590332e-05,1.7434358596801758e-05,240.5,330.0
1650422597,0.0,0.00291419,0.01,1.773238182067871e-05,1.749396324157715e-05,1441.0,3717.0
1650422598,0.0,0.00291419,0.01,1.773238182067871e-05,1.749396324157715e-05,1441.0,3717.0
1650422599,0.005,0.0010073275,0.0,1.7464160919189453e-05,1.722574234008789e-05,547.0,790.5
1650422600,0.0,0.003493762,0.01,1.767277717590332e-05,1.7434358596801758e-05,2126.0,2527.0
1650422601,0.0,0.001711014,0.0,1.767277717590332e-05,1.7434358596801758e-05,1135.0,1424.0
1650422602,0.0,0.001711014,0.0,1.767277717590332e-05,1.7434358596801758e-05,1135.0,1424.0
1650422603,0.005,0.0013083385,0.0,1.767277717590332e-05,1.7434358596801758e-05,721.5,988.5
1650422604,0.0,0.001738636,0.01,1.767277717590332e-05,1.7434358596801758e-05,961.0,1320.0
1650422605,0.0,0.001924692,0.0,1.767277717590332e-05,1.7434358596801758e-05,961.0,1317.0
1650422606,0.0,0.001924692,0.0,1.767277717590332e-05,1.7434358596801758e-05,961.0,1317.0
1650422607,0.0,0.0012626205,0.0,1.7762184143066406e-05,1.7523765563964844e-05,721.0,2014.0
1650422608,0.0,0.0012626205,0.0,1.7762184143066406e-05,1.7523765563964844e-05,721.0,2014.0
1650422609,0.0,0.001722282,0.0,1.767277717590332e-05,1.7434358596801758e-05,962.0,1320.0
1650422610,0.0,0.001722282,0.0,1.767277717590332e-05,1.7434358596801758e-05,962.0,1320.0
1650422611,0.0,0.001326427,0.0,1.767277717590332e-05,1.7434358596801758e-05,756.5,1001.0
1650422612,0.0,0.001326427,0.0,1.767277717590332e-05,1.7434358596801758e-05,756.5,1001.0
1650422613,0.0,0.0016325185,0.0,1.767277717590332e-05,1.7434358596801758e-05,1160.0,1418.0
1650422614,0.0,0.0016325185,0.0,1.767277717590332e-05,1.7434358596801758e-05,1160.0,1418.0
1650422615,0.0,0.001967379,0.005,1.767277717590332e-05,1.7434358596801758e-05,1201.5,1649.5
1650422616,0.0,0.001967379,0.005,1.767277717590332e-05,1.7434358596801758e-05,1201.5,1649.5
1650422617,0.0,0.000455332,0.0,1.767277717590332e-05,1.7434358596801758e-05,240.5,717.5
1650422618,0.0,0.002588106,0.0,1.767277717590332e-05,1.7434358596801758e-05,1440.0,1980.0
1650422619,0.0,0.003272039,0.01,1.767277717590332e-05,1.7434358596801758e-05,1923.0,2639.0
1650422620,0.0,0.003272039,0.01,1.767277717590332e-05,1.7434358596801758e-05,1923.0,2639.0
1650422621,0.0,0.002976876,0.0,1.767277717590332e-05,1.7434358596801758e-05,1784.0,2352.5
1650422622,0.0,0.002976876,0.0,1.767277717590332e-05,1.7434358596801758e-05,1784.0,2352.5
1650422623,0.0,0.001753253,0.0,1.767277717590332e-05,1.7434358596801758e-05,1094.0,1386.0
1650422624,0.0,0.000765642,0.0,1.767277717590332e-05,1.7434358596801758e-05,481.0,659.0
1650422625,0.0,0.000765642,0.0,1.767277717590332e-05,1.7434358596801758e-05,481.0,659.0
1650422626,0.0,0.0017717535,0.005,1.767277717590332e-05,1.7434358596801758e-05,962.0,2014.5
1650422627,0.0,0.002455459,0.0,1.773238182067871e-05,1.749396324157715e-05,1443.0,1976.0
1650422628,0.01,0.003468648,0.01,1.767277717590332e-05,1.7434358596801758e-05,1923.0,2638.0
1650422629,0.01,0.003468648,0.01,1.767277717590332e-05,1.7434358596801758e-05,1923.0,2638.0
1650422630,0.0,0.001627887,0.0,1.767277717590332e-05,1.7434358596801758e-05,962.0,1319.0
1650422631,0.0,0.001935819,0.0,1.749396324157715e-05,1.7255544662475586e-05,1094.0,1581.0
1650422632,0.0,0.001935819,0.0,1.749396324157715e-05,1.7255544662475586e-05,1094.0,1581.0
1650422633,0.005,0.0017462015,0.0,1.7762184143066406e-05,1.7523765563964844e-05,1062.5,1264.5
1650422634,0.0,0.001653307,0.0,1.767277717590332e-05,1.7434358596801758e-05,1094.0,1385.0
1650422635,0.0,0.001793458,0.0,1.767277717590332e-05,1.7434358596801758e-05,962.0,1320.0
1650422636,0.0,0.001793458,0.0,1.767277717590332e-05,1.7434358596801758e-05,962.0,1320.0
1650422637,0.0,0.000897532,0.0,1.767277717590332e-05,1.7434358596801758e-05,481.0,1204.0
1650422638,0.0,0.002371173,0.0,1.767277717590332e-05,1.7434358596801758e-05,1443.0,1980.0
1650422639,0.0,0.002371173,0.0,1.767277717590332e-05,1.7434358596801758e-05,1443.0,1980.0
1650422640,0.0,0.0008137825,0.0,1.767277717590332e-05,1.7434358596801758e-05,481.0,660.0
1650422641,0.0,0.002668693,0.0,1.767277717590332e-05,1.7434358596801758e-05,1442.0,1977.0
1650422642,0.0,0.002668693,0.0,1.767277717590332e-05,1.7434358596801758e-05,1442.0,1977.0
1650422643,0.005,0.001675821,0.0,1.767277717590332e-05,1.7434358596801758e-05,997.5,1331.0
1650422644,0.005,0.001675821,0.0,1.767277717590332e-05,1.7434358596801758e-05,997.5,1331.0
1650422645,0.0,0.0008324735,0.0,1.767277717590332e-05,1.7434358596801758e-05,613.0,725.5
1650422646,0.0,0.002580265,0.0,1.773238182067871e-05,1.749396324157715e-05,1574.0,2815.0
1650422647,0.0,0.002580265,0.0,1.773238182067871e-05,1.749396324157715e-05,1574.0,2815.0
1650422648,0.0,0.0012978705,0.0,1.7762184143066406e-05,1.7523765563964844e-05,720.0,988.0
1650422649,0.0,0.0012978705,0.0,1.7762184143066406e-05,1.7523765563964844e-05,720.0,988.0
1650422650,0.0,0.001218168,0.0,1.767277717590332e-05,1.7434358596801758e-05,721.0,989.5
1650422651,0.0,0.001721287,0.0,1.767277717590332e-05,1.7434358596801758e-05,1004.0,1362.0
1650422652,0.0,0.001721287,0.0,1.767277717590332e-05,1.7434358596801758e-05,1004.0,1362.0
1650422653,0.0,0.001255931,0.0,1.800060272216797e-05,1.7762184143066406e-05,721.5,990.0
1650422654,0.0,0.001255931,0.0,1.800060272216797e-05,1.7762184143066406e-05,721.5,990.0
1650422655,0.0,0.0021248775,0.005,1.767277717590332e-05,1.7434358596801758e-05,1369.5,1728.0
1650422656,0.0,0.001793469,0.0,1.7702579498291016e-05,1.7464160919189453e-05,1094.0,2154.0
1650422657,0.0,0.001716291,0.0,1.767277717590332e-05,1.7434358596801758e-05,962.0,1320.0
1650422658,0.0,0.001716291,0.0,1.767277717590332e-05,1.7434358596801758e-05,962.0,1320.0
1650422659,0.0,0.0014583125,0.0,1.767277717590332e-05,1.7434358596801758e-05,721.0,988.5
1650422660,0.0,0.001735752,0.0,1.767277717590332e-05,1.7434358596801758e-05,961.0,1320.0
1650422661,0.0,0.004078186,0.0,1.773238182067871e-05,1.749396324157715e-05,1924.0,2640.0
1650422662,0.0,0.000864503,0.0,1.767277717590332e-05,1.7434358596801758e-05,481.0,658.0
1650422663,0.0,0.001621196,0.0,1.767277717590332e-05,1.7434358596801758e-05,962.0,1320.0
1650422664,0.0,0.001621196,0.0,1.767277717590332e-05,1.7434358596801758e-05,962.0,1320.0
1650422665,0.0,0.0013019865,0.0,1.7702579498291016e-05,1.7464160919189453e-05,757.0,1002.0
1650422666,0.0,0.0013019865,0.0,1.7702579498291016e-05,1.7464160919189453e-05,757.0,1002.0
1650422667,0.005,0.001751835,0.0,1.767277717590332e-05,1.7434358596801758e-05,1160.0,2290.5
1650422668,0.005,0.001751835,0.0,1.767277717590332e-05,1.7434358596801758e-05,1160.0,2290.5
1650422669,0.0,0.0011744215,0.005,1.767277717590332e-05,1.7434358596801758e-05,721.5,989.0
1650422670,0.0,0.002411536,0.0,1.767277717590332e-05,1.7434358596801758e-05,1442.0,1980.0
1650422671,0.0,0.002411536,0.0,1.767277717590332e-05,1.7434358596801758e-05,1442.0,1980.0
1650422672,0.0,0.0012426295,0.0,1.767277717590332e-05,1.7434358596801758e-05,721.5,989.0
1650422673,0.0,0.002328705,0.0,1.767277717590332e-05,1.7434358596801758e-05,1442.0,1976.0
1650422674,0.0,0.002328705,0.0,1.767277717590332e-05,1.7434358596801758e-05,1442.0,1976.0
1650422675,0.0,0.000413145,0.0,1.767277717590332e-05,1.7434358596801758e-05,240.5,330.0
1650422676,0.0,0.002653073,0.0,1.7702579498291016e-05,1.7464160919189453e-05,1513.0,2004.0
1650422677,0.0,0.002653073,0.0,1.7702579498291016e-05,1.7464160919189453e-05,1513.0,2004.0
1650422678,0.005,0.0014063735,0.0,1.767277717590332e-05,1.7434358596801758e-05,919.5,1089.0
1650422679,0.0,0.003545569,0.0,1.767277717590332e-05,1.7434358596801758e-05,1923.0,2638.0
1650422680,0.0,0.001736975,0.0,1.767277717590332e-05,1.7434358596801758e-05,962.0,1317.0
1650422681,0.0,0.001736975,0.0,1.767277717590332e-05,1.7434358596801758e-05,962.0,1317.0
1650422682,0.0,0.001295609,0.005,1.767277717590332e-05,1.7434358596801758e-05,721.5,990.0
1650422683,0.0,0.001677784,0.0,1.767277717590332e-05,1.7434358596801758e-05,962.0,1320.0
1650422684,0.0,0.001677784,0.0,1.767277717590332e-05,1.7434358596801758e-05,962.0,1320.0
1650422685,0.0,0.0017248495,0.0,1.767277717590332e-05,1.7434358596801758e-05,961.0,1319.5
1650422686,0.0,0.002189342,0.0,1.7464160919189453e-05,1.722574234008789e-05,1094.0,2975.0
1650422687,0.0,0.002445026,0.0,1.7762184143066406e-05,1.7523765563964844e-05,1514.0,1806.0
1650422688,0.0,0.001645513,0.0,1.767277717590332e-05,1.7434358596801758e-05,1226.0,1450.0
1650422689,0.0,0.000767903,0.0,1.767277717590332e-05,1.7434358596801758e-05,481.0,660.0
1650422690,0.0,0.000767903,0.0,1.767277717590332e-05,1.7434358596801758e-05,481.0,660.0
1650422691,0.0,0.0016474285,0.0,1.773238182067871e-05,1.749396324157715e-05,962.0,1319.0
1650422692,0.0,0.0016474285,0.0,1.773238182067871e-05,1.749396324157715e-05,962.0,1319.0
1650422693,0.005,0.001788958,0.0,1.767277717590332e-05,1.7434358596801758e-05,961.5,1319.5
1650422694,0.005,0.001788958,0.0,1.767277717590332e-05,1.7434358596801758e-05,961.5,1319.5
1650422695,0.005,0.0016557135,0.005,1.767277717590332e-05,1.7434358596801758e-05,961.5,1320.0
1650422696,0.0,0.002574979,0.0,1.767277717590332e-05,1.7434358596801758e-05,1443.0,2444.0
1650422697,0.0,0.002574979,0.0,1.767277717590332e-05,1.7434358596801758e-05,1443.0,2444.0
1650422698,0.0,0.001329878,0.0,1.767277717590332e-05,1.7434358596801758e-05,756.5,1001.0
1650422699,0.0,0.003339471,0.0,1.767277717590332e-05,1.7434358596801758e-05,2318.0,2837.0
1650422700,0.0,0.002798858,0.0,1.767277717590332e-05,1.7434358596801758e-05,1442.0,1977.0
1650422701,0.0,0.002798858,0.0,1.767277717590332e-05,1.7434358596801758e-05,1442.0,1977.0
1650422702,0.0,0.0008062475,0.0,1.767277717590332e-05,1.7434358596801758e-05,502.0,681.0
1650422703,0.0,0.0008062475,0.0,1.767277717590332e-05,1.7434358596801758e-05,502.0,681.0
1650422704,0.0,0.0008437435,0.0,1.773238182067871e-05,1.749396324157715e-05,481.0,660.0
1650422705,0.0,0.0008437435,0.0,1.773238182067871e-05,1.749396324157715e-05,481.0,660.0
1650422706,0.0,0.002786752,0.005,1.7702579498291016e-05,1.7464160919189453e-05,1441.5,1979.0
1650422707,0.0,0.002626252,0.0,1.767277717590332e-05,1.7434358596801758e-05,1443.0,4969.0
1650422708,0.0,0.001888401,0.0,1.7464160919189453e-05,1.722574234008789e-05,1094.0,1583.0
1650422709,0.0,0.001888401,0.0,1.7464160919189453e-05,1.722574234008789e-05,1094.0,1583.0
1650422710,0.0,0.0012501105,0.0,1.773238182067871e-05,1.749396324157715e-05,757.0,902.5
1650422711,0.0,0.0012501105,0.0,1.773238182067871e-05,1.749396324157715e-05,757.0,902.5
1650422712,0.0,0.001357437,0.0,1.7762184143066406e-05,1.7523765563964844e-05,853.0,1056.0
1650422713,0.0,0.001357437,0.0,1.7762184143066406e-05,1.7523765563964844e-05,853.0,1056.0
1650422714,0.0,0.000797486,0.0,1.767277717590332e-05,1.7434358596801758e-05,481.0,660.0
1650422715,0.0,0.001769841,0.0,1.7702579498291016e-05,1.7464160919189453e-05,960.0,1320.0
1650422716,0.0,0.001769841,0.0,1.7702579498291016e-05,1.7464160919189453e-05,960.0,1320.0
1650422717,0.0,0.0016542125,0.0,1.767277717590332e-05,1.7434358596801758e-05,961.5,1856.5
1650422718,0.01,0.003291625,0.0,1.767277717590332e-05,1.7434358596801758e-05,1920.0,2638.0
1650422719,0.01,0.003291625,0.0,1.767277717590332e-05,1.7434358596801758e-05,1920.0,2638.0
1650422720,0.0,0.000789926,0.0,1.767277717590332e-05,1.7434358596801758e-05,481.0,660.0
1650422721,0.0,0.003556796,0.0,1.7762184143066406e-05,1.7523765563964844e-05,2127.0,2729.0
1650422722,0.0,0.003556796,0.0,1.7762184143066406e-05,1.7523765563964844e-05,2127.0,2729.0
1650422723,0.0,0.0012081205,0.0,1.767277717590332e-05,1.7434358596801758e-05,853.5,1055.0
1650422724,0.0,0.0012081205,0.0,1.767277717590332e-05,1.7434358596801758e-05,853.5,1055.0
1650422725,0.0,0.0017015015,0.0,1.767277717590332e-05,1.7434358596801758e-05,961.0,1319.0
1650422726,0.0,0.00181691,0.0,1.767277717590332e-05,1.7434358596801758e-05,962.0,2715.0
1650422727,0.0,0.002450369,0.0,1.767277717590332e-05,1.7434358596801758e-05,1443.0,1980.0
1650422728,0.0,0.002450369,0.0,1.767277717590332e-05,1.7434358596801758e-05,1443.0,1980.0
1650422729,0.005,0.001634164,0.0,1.767277717590332e-05,1.7434358596801758e-05,961.0,1319.0
1650422730,0.005,0.001634164,0.0,1.767277717590332e-05,1.7434358596801758e-05,961.0,1319.0
1650422731,0.0,0.001619297,0.005,1.767277717590332e-05,1.7434358596801758e-05,961.5,1319.5
1650422732,0.0,0.002041767,0.0,1.7464160919189453e-05,1.722574234008789e-05,1093.0,1580.0
1650422733,0.0,0.001586553,0.0,1.767277717590332e-05,1.7434358596801758e-05,901.0,1080.0
1650422734,0.0,0.001586553,0.0,1.767277717590332e-05,1.7434358596801758e-05,901.0,1080.0
1650422735,0.0,0.0012712325,0.0,1.767277717590332e-05,1.7434358596801758e-05,919.0,1087.5
1650422736,0.0,0.0012712325,0.0,1.767277717590332e-05,1.7434358596801758e-05,919.0,1087.5
1650422737,0.0,0.0013478075,0.0,1.773238182067871e-05,1.749396324157715e-05,720.5,1528.5
1650422738,0.0,0.0013478075,0.0,1.773238182067871e-05,1.749396324157715e-05,720.5,1528.5
1650422739,0.005,0.002030338,0.0,1.767277717590332e-05,1.7434358596801758e-05,1201.5,1647.0
1650422740,0.0,0.002695431,0.0,1.7702579498291016e-05,1.7464160919189453e-05,1442.0,1978.0
1650422741,0.0,0.002695431,0.0,1.7702579498291016e-05,1.7464160919189453e-05,1442.0,1978.0
1650422742,0.0,0.0008175375,0.005,1.767277717590332e-05,1.7434358596801758e-05,481.0,659.0
1650422743,0.0,0.003556482,0.0,1.767277717590332e-05,1.7434358596801758e-05,1995.0,2664.0
1650422744,0.0,0.003556482,0.0,1.767277717590332e-05,1.7434358596801758e-05,1995.0,2664.0
1650422745,0.0,0.001259093,0.0,1.7702579498291016e-05,1.7464160919189453e-05,919.5,1088.0
1650422746,0.0,0.001259093,0.0,1.7702579498291016e-05,1.7464160919189453e-05,919.5,1088.0
1650422747,0.0,0.000906631,0.0,1.7702579498291016e-05,1.7464160919189453e-05,481.0,1529.5
1650422748,0.0,0.000906631,0.0,1.7702579498291016e-05,1.7464160919189453e-05,481.0,1529.5
1650422749,0.0,0.0012065305,0.0,1.767277717590332e-05,1.7434358596801758e-05,721.0,990.0
1650422750,0.0,0.0012065305,0.0,1.767277717590332e-05,1.7434358596801758e-05,721.0,990.0
1650422751,0.0,0.0017402335,0.0,1.767277717590332e-05,1.7434358596801758e-05,961.5,1320.0
1650422752,0.0,0.000815936,0.0,1.767277717590332e-05,1.7434358596801758e-05,523.0,702.0
1650422753,0.0,0.000815936,0.0,1.767277717590332e-05,1.7434358596801758e-05,523.0,702.0
1650422754,0.0,0.0010008505,0.005,1.7464160919189453e-05,1.722574234008789e-05,547.0,792.0
1650422755,0.01,0.00333765,0.0,1.7762184143066406e-05,1.7523765563964844e-05,2127.0,2532.0
1650422756,0.01,0.00333765,0.0,1.7762184143066406e-05,1.7523765563964844e-05,2127.0,2532.0
1650422757,0.0,0.0014415485,0.0,1.767277717590332e-05,1.7434358596801758e-05,787.0,1565.5
1650422758,0.0,0.0014415485,0.0,1.767277717590332e-05,1.7434358596801758e-05,787.0,1565.5
1650422759,0.0,0.0012630535,0.0,1.7762184143066406e-05,1.7523765563964844e-05,721.5,989.0
1650422760,0.0,0.002439216,0.0,1.7762184143066406e-05,1.7523765563964844e-05,1443.0,1976.0
1650422761,0.0,0.002461778,0.0,1.767277717590332e-05,1.7434358596801758e-05,1443.0,1980.0
1650422762,0.0,0.002461778,0.0,1.767277717590332e-05,1.7434358596801758e-05,1443.0,1980.0
1650422763,0.0,0.0020763355,0.005,1.7702579498291016e-05,1.7464160919189453e-05,1202.5,1646.5
1650422764,0.0,0.0020763355,0.005,1.7702579498291016e-05,1.7464160919189453e-05,1202.5,1646.5
1650422765,0.0,0.0014313565,0.0,1.7523765563964844e-05,1.728534698486328e-05,787.0,1122.0
1650422766,0.0,0.003345256,0.0,1.767277717590332e-05,1.7434358596801758e-05,2127.0,3928.0
1650422767,0.0,0.003345256,0.0,1.767277717590332e-05,1.7434358596801758e-05,2127.0,3928.0
1650422768,0.0,0.0008476535,0.0,1.767277717590332e-05,1.7434358596801758e-05,547.0,692.5
1650422769,0.0,0.000738643,0.0,1.767277717590332e-05,1.7434358596801758e-05,481.0,660.0
1650422770,0.0,0.002570719,0.0,1.767277717590332e-05,1.7434358596801758e-05,1441.0,1980.0
1650422771,0.0,0.002570719,0.0,1.767277717590332e-05,1.7434358596801758e-05,1441.0,1980.0
1650422772,0.0,0.0015957795,0.0,1.7702579498291016e-05,1.7464160919189453e-05,961.5,1320.0
1650422773,0.0,0.001584136,0.0,1.767277717590332e-05,1.7434358596801758e-05,962.0,1320.0
1650422774,0.0,0.001584136,0.0,1.767277717590332e-05,1.7434358596801758e-05,962.0,1320.0
1650422775,0.0,0.000445274,0.0,1.7702579498291016e-05,1.7464160919189453e-05,239.0,327.0
1650422776,0.0,0.000445274,0.0,1.7702579498291016e-05,1.7464160919189453e-05,239.0,327.0
1650422777,0.0,0.0018946945,0.0,1.7702579498291016e-05,1.7464160919189453e-05,997.5,1718.0
1650422778,0.0,0.001703095,0.0,1.767277717590332e-05,1.7434358596801758e-05,1224.0,1452.0
1650422779,0.0,0.001703095,0.0,1.767277717590332e-05,1.7434358596801758e-05,1224.0,1452.0
1650422780,0.0,0.0008262695,0.0,1.7702579498291016e-05,1.7464160919189453e-05,547.0,692.0
1650422781,0.0,0.0008262695,0.0,1.7702579498291016e-05,1.7464160919189453e-05,547.0,692.0
1650422782,0.0,0.001313629,0.0,1.767277717590332e-05,1.7434358596801758e-05,721.0,989.0
1650422783,0.0,0.00284281,0.0,1.767277717590332e-05,1.7434358596801758e-05,1441.0,1976.0
1650422784,0.0,0.00284281,0.0,1.767277717590332e-05,1.7434358596801758e-05,1441.0,1976.0
1650422785,0.0,0.001747375,0.0,1.767277717590332e-05,1.7434358596801758e-05,962.0,1320.0
1650422786,0.0,0.001747375,0.0,1.767277717590332e-05,1.7434358596801758e-05,962.0,1320.0
1650422787,0.0,0.001034056,0.0,1.7464160919189453e-05,1.722574234008789e-05,547.0,1484.5
1650422788,0.0,0.001034056,0.0,1.7464160919189453e-05,1.722574234008789e-05,547.0,1484.5
1650422789,0.0,0.0016175365,0.0,1.767277717590332e-05,1.7434358596801758e-05,1063.0,1266.0
1650422790,0.0,0.0016175365,0.0,1.767277717590332e-05,1.7434358596801758e-05,1063.0,1266.0
1650422791,0.0,0.000764733,0.0,1.767277717590332e-05,1.7434358596801758e-05,546.5,693.0
1650422792,0.0,0.001675071,0.0,1.767277717590332e-05,1.7434358596801758e-05,962.0,1317.0
1650422793,0.0,0.002399126,0.0,1.773238182067871e-05,1.749396324157715e-05,1442.0,1980.0
1650422794,0.0,0.002399126,0.0,1.773238182067871e-05,1.749396324157715e-05,1442.0,1980.0
1650422795,0.0,0.0012207285,0.0,1.767277717590332e-05,1.7434358596801758e-05,721.5,989.5
1650422796,0.01,0.00174147,0.0,1.7702579498291016e-05,1.7464160919189453e-05,962.0,1320.0
1650422797,0.01,0.00174147,0.0,1.7702579498291016e-05,1.7464160919189453e-05,962.0,1320.0
1650422798,0.0,0.002112926,0.005,1.767277717590332e-05,1.7434358596801758e-05,1304.0,1694.0
1650422799,0.0,0.002112926,0.005,1.767277717590332e-05,1.7434358596801758e-05,1304.0,1694.0
1650422800,0.0,0.001175022,0.0,1.767277717590332e-05,1.7434358596801758e-05,853.5,1055.5
1650422801,0.0,0.001720196,0.0,1.7702579498291016e-05,1.7464160919189453e-05,962.0,1320.0
1650422802,0.0,0.001635684,0.0,1.767277717590332e-05,1.7434358596801758e-05,962.0,1317.0
1650422803,0.0,0.001652759,0.01,1.7702579498291016e-05,1.7464160919189453e-05,962.0,1320.0
1650422804,0.0,0.001652759,0.01,1.7702579498291016e-05,1.7464160919189453e-05,962.0,1320.0
1650422805,0.005,0.0016112505,0.0,1.767277717590332e-05,1.7434358596801758e-05,962.0,1319.0
1650422806,0.005,0.0016112505,0.0,1.767277717590332e-05,1.7434358596801758e-05,962.0,1319.0
1650422807,0.0,0.0015987095,0.0,1.767277717590332e-05,1.7434358596801758e-05,961.5,1320.0
1650422808,0.0,0.0015987095,0.0,1.767277717590332e-05,1.7434358596801758e-05,961.5,1320.0
1650422809,0.0,0.0018276925,0.0,1.7762184143066406e-05,1.7523765563964844e-05,997.0,1332.0
1650422810,0.0,0.000800915,0.0,1.767277717590332e-05,1.7434358596801758e-05,613.0,726.0
1650422811,0.0,0.001023313,0.0,1.7702579498291016e-05,1.7464160919189453e-05,612.0,724.0
1650422812,0.0,0.002533967,0.0,1.7702579498291016e-05,1.7464160919189453e-05,1575.0,2046.0
1650422813,0.0,0.002533967,0.0,1.7702579498291016e-05,1.7464160919189453e-05,1575.0,2046.0
1650422814,0.0,0.0012160765,0.0,1.7762184143066406e-05,1.7523765563964844e-05,721.5,989.5
1650422815,0.0,0.001806156,0.0,1.773238182067871e-05,1.749396324157715e-05,962.0,1320.0
1650422816,0.0,0.001806156,0.0,1.773238182067871e-05,1.749396324157715e-05,962.0,1320.0
1650422817,0.0,0.0009644825,0.0,1.773238182067871e-05,1.749396324157715e-05,481.0,1204.5
1650422818,0.0,0.001766178,0.0,1.767277717590332e-05,1.7434358596801758e-05,961.0,1320.0
1650422819,0.0,0.003282973,0.0,1.767277717590332e-05,1.7434358596801758e-05,1995.0,2664.0
1650422820,0.0,0.003282973,0.0,1.767277717590332e-05,1.7434358596801758e-05,1995.0,2664.0
1650422821,0.0,0.001201101,0.0,1.767277717590332e-05,1.7434358596801758e-05,919.5,1089.0
1650422822,0.0,0.00158807,0.0,1.767277717590332e-05,1.7434358596801758e-05,1004.0,1362.0
1650422823,0.0,0.00158807,0.0,1.767277717590332e-05,1.7434358596801758e-05,1004.0,1362.0
1650422824,0.0,0.0013383965,0.0,1.773238182067871e-05,1.749396324157715e-05,720.5,988.0
1650422825,0.0,0.0013383965,0.0,1.773238182067871e-05,1.749396324157715e-05,720.5,988.0
1650422826,0.0,0.0008587015,0.0,1.767277717590332e-05,1.7434358596801758e-05,481.0,1203.5
1650422827,0.0,0.001581491,0.0,1.767277717590332e-05,1.7434358596801758e-05,962.0,1319.0
1650422828,0.0,0.001702856,0.0,1.767277717590332e-05,1.7434358596801758e-05,959.0,1313.0
1650422829,0.0,0.001702856,0.0,1.767277717590332e-05,1.7434358596801758e-05,959.0,1313.0
1650422830,0.0,0.0013922435,0.0,1.7464160919189453e-05,1.722574234008789e-05,787.5,1121.5
1650422831,0.0,0.003444694,0.0,1.7702579498291016e-05,1.7464160919189453e-05,2127.0,2531.0
1650422832,0.0,0.003444694,0.0,1.7702579498291016e-05,1.7464160919189453e-05,2127.0,2531.0
1650422833,0.0,0.000801057,0.005,1.767277717590332e-05,1.7434358596801758e-05,547.0,691.0
1650422834,0.0,0.001659193,0.0,1.773238182067871e-05,1.749396324157715e-05,962.0,1320.0
1650422835,0.0,0.00167753,0.0,1.7762184143066406e-05,1.7523765563964844e-05,962.0,1320.0
1650422836,0.0,0.00167753,0.0,1.7762184143066406e-05,1.7523765563964844e-05,962.0,1320.0
1650422837,0.0,0.0008736595,0.0,1.7702579498291016e-05,1.7464160919189453e-05,480.5,1200.5
1650422838,0.0,0.001798453,0.01,1.767277717590332e-05,1.7434358596801758e-05,962.0,1320.0
1650422839,0.0,0.002351639,0.0,1.767277717590332e-05,1.7434358596801758e-05,1443.0,1980.0
1650422840,0.0,0.002351639,0.0,1.767277717590332e-05,1.7434358596801758e-05,1443.0,1980.0
1650422841,0.0,0.0017738615,0.0,1.7464160919189453e-05,1.722574234008789e-05,1028.0,1452.0
1650422842,0.0,0.0017738615,0.0,1.7464160919189453e-05,1.722574234008789e-05,1028.0,1452.0
1650422843,0.0,0.0011810815,0.0,1.767277717590332e-05,1.7434358596801758e-05,757.0,903.0
1650422844,0.0,0.0011810815,0.0,1.767277717590332e-05,1.7434358596801758e-05,757.0,903.0
1650422845,0.005,0.001278934,0.0,1.767277717590332e-05,1.7434358596801758e-05,853.5,1056.0
1650422846,0.0,0.001867494,0.0,1.767277717590332e-05,1.7434358596801758e-05,962.0,2093.0
1650422847,0.0,0.001867494,0.0,1.767277717590332e-05,1.7434358596801758e-05,962.0,2093.0
1650422848,0.0,0.0012468915,0.005,1.773238182067871e-05,1.749396324157715e-05,721.5,989.5
1650422849,0.0,0.002539463,0.0,1.800060272216797e-05,1.7762184143066406e-05,1442.0,1976.0
1650422850,0.0,0.000834387,0.0,1.767277717590332e-05,1.7434358596801758e-05,481.0,658.0
1650422851,0.0,0.001894846,0.0,1.767277717590332e-05,1.7434358596801758e-05,961.0,1318.0
1650422852,0.0,0.001894846,0.0,1.767277717590332e-05,1.7434358596801758e-05,961.0,1318.0
1650422853,0.005,0.001248774,0.0,1.767277717590332e-05,1.7434358596801758e-05,757.0,1002.0
1650422854,0.0,0.00262906,0.0,1.767277717590332e-05,1.7434358596801758e-05,1838.0,2175.0
1650422855,0.0,0.00262906,0.0,1.767277717590332e-05,1.7434358596801758e-05,1838.0,2175.0
1650422856,0.0,0.002178773,0.0,1.767277717590332e-05,1.7434358596801758e-05,1202.5,2347.5
1650422857,0.0,0.002178773,0.0,1.767277717590332e-05,1.7434358596801758e-05,1202.5,2347.5
1650422858,0.0,0.000816272,0.0,1.767277717590332e-05,1.7434358596801758e-05,480.5,660.0
1650422859,0.0,0.001763745,0.0,1.767277717590332e-05,1.7434358596801758e-05,962.0,1320.0
1650422860,0.0,0.001763745,0.0,1.767277717590332e-05,1.7434358596801758e-05,962.0,1320.0
1650422861,0.005,0.0016714825,0.005,1.767277717590332e-05,1.7434358596801758e-05,961.5,1320.0
1650422862,0.005,0.0016714825,0.005,1.767277717590332e-05,1.7434358596801758e-05,961.5,1320.0
1650422863,0.0,0.0013703575,0.0,1.7464160919189453e-05,1.722574234008789e-05,787.0,1121.0
1650422864,0.0,0.003753972,0.0,1.767277717590332e-05,1.7434358596801758e-05,2127.0,2531.0
1650422865,0.0,0.000887156,0.0,1.7702579498291016e-05,1.7464160919189453e-05,613.0,726.0
1650422866,0.0,0.000887156,0.0,1.7702579498291016e-05,1.7464160919189453e-05,613.0,726.0
1650422867,0.0,0.00084487,0.0,1.767277717590332e-05,1.7434358596801758e-05,480.5,1354.5
1650422868,0.0,0.00084487,0.0,1.767277717590332e-05,1.7434358596801758e-05,480.5,1354.5
1650422869,0.0,0.0013793925,0.005,1.7702579498291016e-05,1.7464160919189453e-05,721.5,989.0
1650422870,0.0,0.0013793925,0.005,1.7702579498291016e-05,1.7464160919189453e-05,721.5,989.0
1650422871,0.005,0.0008097175,0.0,1.767277717590332e-05,1.7434358596801758e-05,481.0,660.0
1650422872,0.005,0.0008097175,0.0,1.767277717590332e-05,1.7434358596801758e-05,481.0,660.0
1650422873,0.0,0.0012825475,0.0,1.767277717590332e-05,1.7434358596801758e-05,742.0,1011.0
1650422874,0.0,0.001917842,0.0,1.7464160919189453e-05,1.722574234008789e-05,1094.0,1583.0
1650422875,0.0,0.00144567,0.0,1.767277717590332e-05,1.7434358596801758e-05,901.0,1080.0
1650422876,0.0,0.002650782,0.0,1.767277717590332e-05,1.7434358596801758e-05,1839.0,2957.0
1650422877,0.0,0.002650782,0.0,1.767277717590332e-05,1.7434358596801758e-05,1839.0,2957.0
1650422878,0.0,0.0016159715,0.0,1.767277717590332e-05,1.7434358596801758e-05,962.0,1320.0
1650422879,0.0,0.002690041,0.0,1.767277717590332e-05,1.7434358596801758e-05,1443.0,1979.0
1650422880,0.0,0.002690041,0.0,1.767277717590332e-05,1.7434358596801758e-05,1443.0,1979.0
1650422881,0.0,0.0008314395,0.0,1.767277717590332e-05,1.7434358596801758e-05,481.0,660.0
1650422882,0.0,0.002549672,0.0,1.767277717590332e-05,1.7434358596801758e-05,1442.0,1979.0
1650422883,0.0,0.002549672,0.0,1.767277717590332e-05,1.7434358596801758e-05,1442.0,1979.0
1650422884,0.0,0.0008900075,0.0,1.767277717590332e-05,1.7434358596801758e-05,481.0,660.0
1650422885,0.0,0.0008900075,0.0,1.767277717590332e-05,1.7434358596801758e-05,481.0,660.0
