timestamp,cpu_usage_system,cpu_usage_total,cpu_usage_user,memory_usage,memory_working_set,rx_bytes,tx_bytes
1650164533,0.0,0.0,0.0,0.0003737807273864,0.0003735125064849,0.0,0.0
1650164534,0.0,0.0,0.0,0.0003737807273864,0.0003735125064849,0.0,0.0
1650164535,0.025,0.127489808,0.09,0.0004906952381134,0.0004904270172119,19421.0,21510.0
1650164536,0.025,0.127489808,0.09,0.0004906952381134,0.0004904270172119,19421.0,21510.0
1650164537,0.15,0.6558312745,0.49,0.0004353523254394,0.0004346966743469,9585.0,10580.5
1650164538,0.15,0.6558312745,0.49,0.0004353523254394,0.0004346966743469,9585.0,10580.5
1650164539,2.77,6.5533939315,3.755,0.0004342198371887,0.0004335641860961,18511.0,20602.0
1650164540,4.28,10.556481082,6.26,0.0004343688488006,0.0004337131977081,18412.0,20603.0
1650164541,4.28,10.556481082,6.26,0.0004343688488006,0.0004337131977081,18412.0,20603.0
1650164542,2.14,5.240647275,3.075,0.0004346668720245,0.000434011220932,13489.5,15347.5
1650164543,4.02,9.539253612,5.43,0.0004351437091827,0.0004344880580902,26847.0,30694.0
1650164544,4.02,9.539253612,5.43,0.0004351437091827,0.0004344880580902,26847.0,30694.0
1650164545,2.425,5.819726992,3.32,0.0004355609416961,0.0004349052906036,17942.0,33773.0
1650164546,2.425,5.819726992,3.32,0.0004355609416961,0.0004349052906036,17942.0,33773.0
1650164547,2.7,6.514448213,3.765,0.0004360675811767,0.0004354119300842,9008.0,10301.5
1650164548,2.7,6.514448213,3.765,0.0004360675811767,0.0004354119300842,9008.0,10301.5
1650164549,2.2,5.381860809,3.125,0.0004360079765319,0.0004353523254394,9025.0,10383.0
1650164550,2.2,5.381860809,3.125,0.0004360079765319,0.0004353523254394,9025.0,10383.0
1650164551,2.5,6.0811312335,3.53,0.0004364848136901,0.0004358291625976,18082.0,20667.5
1650164552,2.96,7.068720771,4.07,0.0004364252090454,0.0004357695579528,26781.0,30693.0
1650164553,2.67,6.742259958,4.02,0.0004364848136901,0.0004358291625976,17876.0,20460.0
1650164554,4.59,10.967333855,6.3,0.0004370212554931,0.0004363656044006,32654.0,62347.0
1650164555,4.59,10.967333855,6.3,0.0004370212554931,0.0004363656044006,32654.0,62347.0
1650164556,2.265,5.49112132,3.2,0.0004373490810394,0.0004366934299468,24050.5,27369.0
1650164557,2.265,5.49112132,3.2,0.0004373490810394,0.0004366934299468,24050.5,27369.0
1650164558,2.78,6.6216440975,3.79,0.0004382729530334,0.0004376173019409,13423.5,15345.5
1650164559,4.13,9.61224675,5.37,0.0004388391971588,0.0004381835460662,35686.0,40920.0
1650164560,4.13,9.61224675,5.37,0.0004388391971588,0.0004381835460662,35686.0,40920.0
1650164561,2.33,5.717404032,3.33,0.0004379153251647,0.0004372596740722,13357.5,15345.5
1650164562,2.33,5.717404032,3.33,0.0004379153251647,0.0004372596740722,13357.5,15345.5
1650164563,2.715,6.458220329,3.72,0.0004380941390991,0.0004374384880065,13390.5,15345.5
1650164564,2.715,6.458220329,3.72,0.0004380941390991,0.0004374384880065,13390.5,15345.5
1650164565,2.325,5.5744212255,3.205,0.0004381835460662,0.0004375278949737,13390.5,33948.0
1650164566,5.43,12.919585634,7.33,0.0004384219646453,0.0004377663135528,35226.0,40340.0
1650164567,3.06,7.112678297,4.02,0.0004383921623229,0.0004377365112304,9299.0,10816.0
1650164568,3.06,7.112678297,4.02,0.0004383921623229,0.0004377365112304,9299.0,10816.0
1650164569,2.825,6.7091831075,3.85,0.0004384815692901,0.0004378259181976,17876.0,20593.5
1650164570,3.01,7.158164192,4.1,0.0004384815692901,0.0004378259181976,8905.0,10232.0
1650164571,3.01,7.158164192,4.1,0.0004384815692901,0.0004378259181976,8905.0,10232.0
1650164572,2.66,6.442798806,3.75,0.000438779592514,0.0004381239414215,13390.5,15345.5
1650164573,2.66,6.442798806,3.75,0.000438779592514,0.0004381239414215,13390.5,15345.5
1650164574,2.32,5.7277706715,3.355,0.0004390180110931,0.0004383623600006,22332.5,38453.5
1650164575,2.32,5.7277706715,3.355,0.0004390180110931,0.0004383623600006,22332.5,38453.5
1650164576,1.98,4.9652696795,2.955,0.0004390478134155,0.0004383921623229,17810.0,20461.0
1650164577,3.18,7.694860345,4.47,0.0004390478134155,0.0004383921623229,26847.0,30823.0
1650164578,3.18,7.694860345,4.47,0.0004390478134155,0.0004383921623229,26847.0,30823.0
1650164579,2.49,5.9548357965,3.425,0.0004392266273498,0.0004385709762573,26851.0,30760.5
1650164580,4.84,12.175421654,7.2,0.0004394650459289,0.0004388093948364,26781.0,30691.0
1650164581,4.84,12.175421654,7.2,0.0004394650459289,0.0004388093948364,26781.0,30691.0
1650164582,2.22,5.525887816,3.065,0.0004394650459289,0.0004388093948364,8905.0,10231.0
1650164583,2.22,5.525887816,3.065,0.0004394650459289,0.0004388093948364,8905.0,10231.0
1650164584,2.18,5.585207361,3.095,0.0004396736621856,0.0004390180110931,13193.5,32228.5
1650164585,3.74,9.534197404,5.63,0.0004396438598632,0.0004389882087707,18204.0,21046.0
1650164586,3.74,9.534197404,5.63,0.0004396438598632,0.0004389882087707,18204.0,21046.0
1650164587,2.18,5.5026523735,3.2,0.0004398524761199,0.0004391968250274,8905.0,10230.5
1650164588,3.23,7.8153856,4.51,0.0004398524761199,0.0004391968250274,26715.0,30691.0
1650164589,4.4,10.907075932,6.39,0.0004400312900543,0.0004393756389617,26781.0,30692.0
1650164590,4.4,10.907075932,6.39,0.0004400312900543,0.0004393756389617,26781.0,30692.0
1650164591,2.47,5.9316990095,3.43,0.0004400312900543,0.0004393756389617,8938.0,10297.5
1650164592,3.29,7.955073292,4.5,0.000440239906311,0.0004395842552185,17810.0,20462.0
1650164593,3.29,7.955073292,4.5,0.000440239906311,0.0004395842552185,17810.0,20462.0
1650164594,1.905,4.551937758,2.605,0.0004401803016662,0.0004395246505737,8905.0,20394.5
1650164595,3.87,8.879895401,4.95,0.0004404485225677,0.0004397928714752,17810.0,20463.0
1650164596,3.98,9.555137791,5.46,0.0004404485225677,0.0004397928714752,17810.0,20461.0
1650164597,3.98,9.555137791,5.46,0.0004404485225677,0.0004397928714752,17810.0,20461.0
1650164598,2.655,6.6747935735,3.93,0.0004406571388244,0.0004400014877319,22262.5,25578.5
1650164599,3.38,8.194093202,4.76,0.0004407167434692,0.0004400610923767,9087.0,10413.0
1650164600,3.38,8.194093202,4.76,0.0004407167434692,0.0004400610923767,9087.0,10413.0
1650164601,1.58,3.8672621805,2.265,0.0004407167434692,0.0004400610923767,8905.0,10230.5
1650164602,4.6,11.254948404,6.51,0.0004408955574035,0.000440239906311,26987.0,31031.0
1650164603,4.6,11.254948404,6.51,0.0004408955574035,0.000440239906311,26987.0,31031.0
1650164604,2.47,5.9618914325,3.42,0.0004419386386871,0.0004412829875946,13460.5,28623.5
1650164605,4.32,10.016157805,5.6,0.0004410743713378,0.0004404187202453,17876.0,20459.0
1650164606,4.32,10.016157805,5.6,0.0004410743713378,0.0004404187202453,17876.0,20459.0
1650164607,1.84,4.4532394165,2.595,0.0004411339759826,0.0004404783248901,13423.5,15412.0
1650164608,1.84,4.4532394165,2.595,0.0004411339759826,0.0004404783248901,13423.5,15412.0
1650164609,2.73,6.571062902,3.79,0.0004413127899169,0.0004406571388244,22201.5,25353.5
1650164610,3.47,8.443500294,4.88,0.000441551208496,0.0004408955574035,17876.0,20593.0
1650164611,3.57,8.517950159,4.86,0.0004414618015289,0.0004408061504364,27249.0,31413.0
1650164612,3.57,8.517950159,4.86,0.0004414618015289,0.0004408061504364,27249.0,31413.0
1650164613,2.56,6.215174927,3.595,0.0004416704177856,0.0004410147666931,8905.0,10231.0
1650164614,2.56,6.215174927,3.595,0.0004416704177856,0.0004410147666931,8905.0,10231.0
1650164615,2.3,5.738865836,3.355,0.000441700220108,0.0004410445690155,17843.0,32634.5
1650164616,3.18,7.680126726,4.36,0.0004419386386871,0.0004412829875946,26987.0,30962.0
1650164617,4.25,10.47589734,6.08,0.0004419088363647,0.0004412531852722,19992.0,23358.0
1650164618,4.25,10.47589734,6.08,0.0004419088363647,0.0004412531852722,19992.0,23358.0
1650164619,2.42,5.8383022015,3.35,0.0004420578479766,0.0004414021968841,7814.0,8783.0
1650164620,2.95,7.258822568,4.24,0.0004420578479766,0.0004414021968841,26715.0,30691.0
1650164621,3.31,8.229577723,4.87,0.0004420578479766,0.0004414021968841,26847.0,30822.0
1650164622,3.31,8.229577723,4.87,0.0004420578479766,0.0004414021968841,26847.0,30822.0
1650164623,2.635,6.398497195,3.695,0.0004421770572662,0.0004415214061737,8905.0,10231.0
1650164624,2.635,6.398497195,3.695,0.0004421770572662,0.0004415214061737,8905.0,10231.0
1650164625,2.69,6.483179799,3.715,0.0004423558712005,0.000441700220108,13460.5,29312.5
1650164626,2.69,6.483179799,3.715,0.0004423558712005,0.000441700220108,13460.5,29312.5
1650164627,2.395,5.895061267,3.43,0.0004423856735229,0.0004417300224304,8905.0,10230.5
1650164628,2.78,7.002822936,4.24,0.0004425942897796,0.0004419386386871,26781.0,30692.0
1650164629,2.78,7.002822936,4.24,0.0004425942897796,0.0004419386386871,26781.0,30692.0
1650164630,2.46,6.1147053565,3.565,0.0004434883594512,0.0004428327083587,15157.5,17641.5
1650164631,3.91,9.999088274,5.87,0.0004428029060363,0.0004421472549438,32284.0,36458.0
1650164632,3.91,9.999088274,5.87,0.0004428029060363,0.0004421472549438,32284.0,36458.0
1650164633,2.15,5.0363465435,2.795,0.0004428625106811,0.0004422068595886,13160.5,15054.0
1650164634,3.54,8.405251191,4.74,0.0004428029060363,0.0004421472549438,18270.0,46070.0
1650164635,4.05,9.948755958,5.75,0.0004429817199707,0.0004423260688781,17950.0,20597.0
1650164636,4.05,9.948755958,5.75,0.0004429817199707,0.0004423260688781,17950.0,20597.0
1650164637,2.34,5.581094036,3.115,0.0004439949989318,0.0004433393478393,8938.0,10230.5
1650164638,3.44,8.440684139,4.89,0.000443160533905,0.0004425048828125,26913.0,30888.0
1650164639,3.68,8.736656794,4.91,0.0004431903362274,0.0004425346851348,8905.0,10227.0
1650164640,3.68,8.736656794,4.91,0.0004431903362274,0.0004425346851348,8905.0,10227.0
1650164641,2.685,6.441925229,3.67,0.0004433691501617,0.0004427134990692,8905.0,10227.5
1650164642,2.96,7.574264716,4.09,0.000443547964096,0.0004428923130035,18016.0,20603.0
1650164643,2.96,7.574264716,4.09,0.000443547964096,0.0004428923130035,18016.0,20603.0
1650164644,2.295,5.669261713,3.3,0.0004436373710632,0.0004429817199707,4518.5,18993.5
1650164645,2.86,7.139060787,4.15,0.0004436671733856,0.000443011522293,26921.0,30827.0
1650164646,3.04,7.361456003,4.22,0.0004438459873199,0.0004431903362274,8971.0,10363.0
1650164647,3.04,7.361456003,4.22,0.0004438459873199,0.0004431903362274,8971.0,10363.0
1650164648,2.06,5.1592128775,3.005,0.0004437863826751,0.0004431307315826,8971.0,10296.5
1650164649,2.86,7.126004966,4.17,0.0004438459873199,0.0004431903362274,18132.0,20778.0
1650164650,2.86,7.126004966,4.17,0.0004438459873199,0.0004431903362274,18132.0,20778.0
1650164651,2.74,6.7582437075,3.94,0.0004440248012542,0.0004433691501617,22262.5,25574.0
1650164652,3.91,9.791466668,5.8,0.0004442930221557,0.0004436373710632,17482.0,19876.0
1650164653,3.91,9.791466668,5.8,0.0004442930221557,0.0004436373710632,17482.0,19876.0
1650164654,2.255,5.7480261875,3.435,0.0004442334175109,0.0004435777664184,13587.5,34527.5
1650164655,3.42,7.977842795,4.41,0.0004444122314453,0.0004437565803527,18082.0,20734.0
1650164656,3.42,7.977842795,4.41,0.0004444122314453,0.0004437565803527,18082.0,20734.0
1650164657,2.545,6.0456048965,3.415,0.0004444420337677,0.0004437863826751,22361.5,25576.0
1650164658,2.97,7.593072291,4.52,0.0006822645664215,0.0006816089153289,9037.0,10430.0
1650164659,2.97,7.593072291,4.52,0.0006822645664215,0.0006816089153289,9037.0,10430.0
1650164660,0.705,1.9527984775,1.205,0.0003754794597625,0.0003749430179595,13460.5,15482.0
1650164661,0.02,0.014228072,0.01,0.0003754198551177,0.0003748834133148,17876.0,20460.0
1650164662,0.0,0.007281438,0.01,0.0003754198551177,0.0003748834133148,8905.0,10230.0
1650164663,0.02,0.021421776,0.0,0.0003754496574401,0.0003749132156372,26715.0,30683.0
1650164664,0.0,0.015086913,0.01,0.0003754794597625,0.0003749430179595,17950.0,45717.0
1650164665,0.0,0.015086913,0.01,0.0003754794597625,0.0003749430179595,17950.0,45717.0
1650164666,0.0,0.0068992225,0.005,0.0003754496574401,0.0003749132156372,8971.0,10231.0
1650164667,0.01,0.021065171,0.0,0.0003755092620849,0.0003749728202819,26781.0,30694.0
1650164668,0.01,0.014016134,0.0,0.0003755092620849,0.0003749728202819,17876.0,20459.0
1650164669,0.01,0.014016134,0.0,0.0003755092620849,0.0003749728202819,17876.0,20459.0
1650164670,0.01,0.0178060495,0.01,0.0003754496574401,0.0003749132156372,22295.5,25639.5
1650164671,0.01,0.0178060495,0.01,0.0003754496574401,0.0003749132156372,22295.5,25639.5
1650164672,0.0,0.0114524345,0.0,0.0003755390644073,0.0003750026226043,13230.5,15122.5
1650164673,0.0,0.008135881,0.01,0.0003754496574401,0.0003749132156372,9365.0,10948.0
1650164674,0.0,0.008135881,0.01,0.0003754496574401,0.0003749132156372,9365.0,10948.0
1650164675,0.005,0.0094011625,0.01,0.0003754198551177,0.0003748834133148,8938.0,23037.0
1650164676,0.005,0.0094011625,0.01,0.0003754198551177,0.0003748834133148,8938.0,23037.0
1650164677,0.005,0.018893501,0.01,0.0003754794597625,0.0003749430179595,22295.5,25576.5
1650164678,0.0,0.014444783,0.0,0.0003754794597625,0.0003749430179595,17950.0,20599.0
1650164679,0.0,0.014444783,0.0,0.0003754794597625,0.0003749430179595,17950.0,20599.0
1650164680,0.0,0.0071989345,0.0,0.0003754496574401,0.0003749132156372,8938.0,10230.0
1650164681,0.0,0.000149399,0.0,0.0003754496574401,0.0003749132156372,74.0,0.0
1650164682,0.0,0.0,0.0,0.0003754496574401,0.0003749132156372,74.0,0.0
1650164683,0.0,0.000467202,0.0,0.0003764033317565,0.0003758668899536,723.0,140.0
1650164684,0.0,0.000467202,0.0,0.0003764033317565,0.0003758668899536,723.0,140.0
1650164685,0.005,0.000612254,0.0,0.0003754794597625,0.0003749430179595,427.5,111.0
1650164686,0.005,0.000612254,0.0,0.0003754794597625,0.0003749430179595,427.5,111.0
1650164687,0.0,0.000461225,0.0,0.0003754198551177,0.0003748834133148,391.0,12211.5
1650164688,0.0,0.000886829,0.0,0.0003753900527954,0.0003748536109924,847.0,140.0
1650164689,0.0,0.000886829,0.0,0.0003753900527954,0.0003748536109924,847.0,140.0
1650164690,0.0,0.0008252975,0.0,0.000375360250473,0.00037482380867,946.5,907.5
1650164691,0.0,0.000245094,0.0,0.000375360250473,0.00037482380867,1936.0,840.0
1650164692,0.0,0.000245094,0.0,0.000375360250473,0.00037482380867,1936.0,840.0
1650164693,0.0,0.000434664,0.0,0.0003752410411834,0.0003747045993804,2082.5,1494.5
1650164694,0.0,0.001281159,0.0,0.0003752410411834,0.0003747045993804,3495.0,1836.0
1650164695,0.0,0.001281159,0.0,0.0003752410411834,0.0003747045993804,3495.0,1836.0
1650164696,0.0,0.000714856,0.0,0.0003750920295715,0.0003745555877685,1569.5,2079.0
1650164697,0.0,0.000603801,0.0,0.0003751218318939,0.0003745853900909,1396.0,3871.0
1650164698,0.0,0.000603801,0.0,0.0003751218318939,0.0003745853900909,1396.0,3871.0
1650164699,0.0,0.0006491045,0.0,0.0003751218318939,0.0003745853900909,674.5,945.5
1650164700,0.0,0.001895768,0.0,0.0003751516342163,0.0003746151924133,1307.0,1667.0
1650164701,0.0,0.001895768,0.0,0.0003751516342163,0.0003746151924133,1307.0,1667.0
1650164702,0.0,0.000347693,0.0,0.0003751814365386,0.0003746449947357,621.5,1116.0
1650164703,0.0,0.000347693,0.0,0.0003751814365386,0.0003746449947357,621.5,1116.0
1650164704,0.0,0.0006808435,0.0,0.0003752410411834,0.0003747045993804,484.5,240.0
1650164705,0.0,0.000316672,0.0,0.0003751814365386,0.0003746449947357,256.0,528.0
1650164706,0.0,0.000316672,0.0,0.0003751814365386,0.0003746449947357,256.0,528.0
1650164707,0.005,0.000559731,0.0,0.000375211238861,0.0003746747970581,708.5,1849.0
1650164708,0.005,0.000559731,0.0,0.000375211238861,0.0003746747970581,708.5,1849.0
1650164709,0.0,0.0005780065,0.0,0.0003751516342163,0.0003746151924133,746.5,978.5
1650164710,0.0,0.000771995,0.0,0.0003751516342163,0.0003746151924133,853.0,504.0
1650164711,0.0,0.00081594,0.0,0.0003751814365386,0.0003746449947357,1359.0,2534.0
1650164712,0.0,0.00081594,0.0,0.0003751814365386,0.0003746449947357,1359.0,2534.0
1650164713,0.0,0.0001043205,0.0,0.0003751516342163,0.0003746151924133,185.0,581.5
1650164714,0.0,0.000816142,0.0,0.0003751516342163,0.0003746151924133,789.0,949.0
1650164715,0.0,0.000816142,0.0,0.0003751516342163,0.0003746151924133,789.0,949.0
1650164716,0.0,0.0004805545,0.0,0.0003751516342163,0.0003746151924133,631.5,573.0
1650164717,0.0,0.000247718,0.0,0.0003751516342163,0.0003746151924133,214.0,420.0
1650164718,0.0,0.000889712,0.0,0.0003751814365386,0.0003746449947357,1289.0,2270.0
1650164719,0.0,0.000889712,0.0,0.0003751814365386,0.0003746449947357,1289.0,2270.0
1650164720,0.0,0.000585774,0.0,0.0003751516342163,0.0003746151924133,566.5,462.0
1650164721,0.0,0.000585774,0.0,0.0003751516342163,0.0003746151924133,566.5,462.0
1650164722,0.0,0.000235902,0.0,0.0003751814365386,0.0003746449947357,394.5,474.5
1650164723,0.0,0.000233582,0.0,0.0003751814365386,0.0003746449947357,436.0,1229.0
1650164724,0.0,0.001272836,0.0,0.000375211238861,0.0003746747970581,1005.0,570.0
1650164725,0.0,0.001146315,0.0,0.0003761351108551,0.0003755986690521,1075.0,990.0
1650164726,0.0,0.001146315,0.0,0.0003761351108551,0.0003755986690521,1075.0,990.0
1650164727,0.0,0.000209819,0.0,0.0003751516342163,0.0003746151924133,173.0,647.5
1650164728,0.0,0.000797241,0.0,0.000375211238861,0.0003746747970581,927.0,570.0
1650164729,0.0,0.000797241,0.0,0.000375211238861,0.0003746747970581,927.0,570.0
1650164730,0.0,0.0014800485,0.005,0.0003751814365386,0.0003746449947357,636.5,800.5
1650164731,0.0,0.0014800485,0.005,0.0003751814365386,0.0003746449947357,636.5,800.5
1650164732,0.0,0.000536804,0.0,0.0003751814365386,0.0003746449947357,636.5,899.5
1650164733,0.0,0.000276012,0.0,0.0003751814365386,0.0003746449947357,632.0,1519.0
1650164734,0.0,0.000276012,0.0,0.0003751814365386,0.0003746449947357,632.0,1519.0
1650164735,0.0,0.000870925,0.0,0.0003751516342163,0.0003746151924133,599.5,866.5
1650164736,0.0,0.000870925,0.0,0.0003751516342163,0.0003746151924133,599.5,866.5
1650164737,0.0,0.0007001975,0.0,0.0003751516342163,0.0003746151924133,695.5,1804.0
1650164738,0.0,0.000876825,0.0,0.0003751218318939,0.0003745853900909,799.0,438.0
1650164739,0.0,0.000876825,0.0,0.0003751218318939,0.0003745853900909,799.0,438.0
1650164740,0.0,0.000404706,0.0,0.0003751814365386,0.0003746449947357,501.5,717.5
1650164741,0.0,0.001188882,0.0,0.0003751814365386,0.0003746449947357,1443.0,1956.0
1650164742,0.0,0.001188882,0.0,0.0003751814365386,0.0003746449947357,1443.0,1956.0
1650164743,0.0,0.000128882,0.0,0.0003751814365386,0.0003746449947357,107.0,210.0
1650164744,0.0,0.000128882,0.0,0.0003751814365386,0.0003746449947357,107.0,210.0
1650164745,0.0,0.0005809135,0.0,0.0003751516342163,0.0003746151924133,644.5,1168.0
1650164746,0.0,0.0005809135,0.0,0.0003751516342163,0.0003746151924133,644.5,1168.0
1650164747,0.0,0.000607028,0.005,0.0003751218318939,0.0003745853900909,533.5,995.0
1650164748,0.0,0.000848748,0.0,0.0003751516342163,0.0003746151924133,1277.0,2270.0
1650164749,0.0,0.000848748,0.0,0.0003751516342163,0.0003746151924133,1277.0,2270.0
1650164750,0.0,0.000356013,0.0,0.0003751516342163,0.0003746151924133,432.5,252.0
1650164751,0.0,0.000936086,0.0,0.0003760755062103,0.0003755390644073,1003.0,1369.0
1650164752,0.0,0.000936086,0.0,0.0003760755062103,0.0003755390644073,1003.0,1369.0
1650164753,0.0,0.000262788,0.0,0.0003751218318939,0.0003745853900909,496.0,974.5
1650164754,0.0,0.000262788,0.0,0.0003751218318939,0.0003745853900909,496.0,974.5
1650164755,0.0,0.0005292655,0.0,0.0003751218318939,0.0003745853900909,476.5,651.5
1650164756,0.0,0.0005292655,0.0,0.0003751218318939,0.0003745853900909,476.5,651.5
1650164757,0.0,0.000384174,0.0,0.0003751516342163,0.0003746151924133,468.5,1110.0
1650164758,0.0,0.000384174,0.0,0.0003751516342163,0.0003746151924133,468.5,1110.0
1650164759,0.0,0.0006140895,0.0,0.0003751814365386,0.0003746449947357,603.5,494.5
1650164760,0.0,0.001005475,0.0,0.0003751814365386,0.0003746449947357,927.0,436.0
1650164761,0.0,0.000294266,0.0,0.0003751814365386,0.0003746449947357,346.0,1229.0
1650164762,0.0,0.000898063,0.0,0.0003751814365386,0.0003746449947357,969.0,546.0
1650164763,0.01,0.001376692,0.0,0.0003751814365386,0.0003746449947357,1233.0,1774.0
1650164764,0.01,0.001376692,0.0,0.0003751814365386,0.0003746449947357,1233.0,1774.0
1650164765,0.0,0.0003286275,0.0,0.0003751814365386,0.0003746449947357,378.0,747.5
1650164766,0.0,0.000731262,0.0,0.0003751814365386,0.0003746449947357,919.0,570.0
1650164767,0.0,0.000731262,0.0,0.0003751814365386,0.0003746449947357,919.0,570.0
1650164768,0.0,0.0004138765,0.0,0.000375211238861,0.0003746747970581,546.5,1950.5
1650164769,0.0,0.0004138765,0.0,0.000375211238861,0.0003746747970581,546.5,1950.5
1650164770,0.0,0.000556242,0.0,0.0003751814365386,0.0003746449947357,654.5,833.5
1650164771,0.0,0.001133851,0.0,0.0003751814365386,0.0003746449947357,1329.0,1148.0
1650164772,0.0,0.001133851,0.0,0.0003751814365386,0.0003746449947357,1329.0,1148.0
1650164773,0.0,0.0001077575,0.0,0.0003751814365386,0.0003746449947357,206.0,647.5
1650164774,0.0,0.001015814,0.0,0.0003751516342163,0.0003746151924133,1367.0,2402.0
1650164775,0.0,0.001015814,0.0,0.0003751516342163,0.0003746151924133,1367.0,2402.0
1650164776,0.0,0.0003997885,0.0,0.0003751516342163,0.0003746151924133,399.5,252.0
1650164777,0.0,0.0003997885,0.0,0.0003751516342163,0.0003746151924133,399.5,252.0
1650164778,0.0,0.0004175,0.0,0.0003751218318939,0.0003745853900909,580.5,829.5
1650164779,0.0,0.00070352,0.0,0.0003760755062103,0.0003755390644073,1239.0,2270.0
1650164780,0.0,0.00070352,0.0,0.0003760755062103,0.0003755390644073,1239.0,2270.0
1650164781,0.0,0.000165802,0.0,0.0003751218318939,0.0003745853900909,107.0,210.0
1650164782,0.0,0.000473266,0.0,0.0003751516342163,0.0003746151924133,747.0,883.0
1650164783,0.0,0.000407631,0.01,0.0003751218318939,0.0003745853900909,422.0,578.0
1650164784,0.0,0.000407631,0.01,0.0003751218318939,0.0003745853900909,422.0,578.0
1650164785,0.0,0.0007067625,0.0,0.0003751218318939,0.0003745853900909,506.5,429.0
1650164786,0.0,0.000536423,0.0,0.0003751516342163,0.0003746151924133,723.0,883.0
1650164787,0.0,0.001303862,0.0,0.0003751218318939,0.0003745853900909,1461.0,2742.0
1650164788,0.0,0.001303862,0.0,0.0003751218318939,0.0003745853900909,1461.0,2742.0
1650164789,0.0,0.0001394045,0.0,0.0003750920295715,0.0003745555877685,244.0,355.0
1650164790,0.0,0.000603148,0.0,0.0003751218318939,0.0003745853900909,715.0,949.0
1650164791,0.0,0.000603148,0.0,0.0003751218318939,0.0003745853900909,715.0,949.0
1650164792,0.0,0.0012156615,0.0,0.0003750920295715,0.0003745555877685,613.5,1201.0
1650164793,0.0,0.000320498,0.0,0.0003750920295715,0.0003745555877685,214.0,420.0
1650164794,0.0,0.000320498,0.0,0.0003750920295715,0.0003745555877685,214.0,420.0
1650164795,0.0,0.0006644565,0.0,0.0003750920295715,0.0003745555877685,584.5,730.0
1650164796,0.0,0.000783837,0.0,0.0003751218318939,0.0003745853900909,853.0,438.0
1650164797,0.0,0.000783837,0.0,0.0003751218318939,0.0003745853900909,853.0,438.0
1650164798,0.0,0.000462999,0.0,0.0003751218318939,0.0003745853900909,535.5,1316.5
1650164799,0.0,0.000462999,0.0,0.0003751218318939,0.0003745853900909,535.5,1316.5
1650164800,0.0,0.0004228305,0.0,0.0003750920295715,0.0003745555877685,558.5,1023.0
1650164801,0.0,0.000451322,0.0,0.0003750920295715,0.0003745555877685,488.0,644.0
1650164802,0.0,0.00091994,0.01,0.0003750920295715,0.0003745555877685,919.0,504.0
1650164803,0.0,0.00091994,0.01,0.0003750920295715,0.0003745555877685,919.0,504.0
1650164804,0.0,0.0006849605,0.0,0.0003751218318939,0.0003745853900909,547.5,796.0
1650164805,0.0,0.000376788,0.0,0.0003750622272491,0.0003745257854461,578.0,1453.0
1650164806,0.0,0.000376788,0.0,0.0003750622272491,0.0003745257854461,578.0,1453.0
1650164807,0.0,0.000604099,0.0,0.0003750920295715,0.0003745555877685,443.5,2067.0
1650164808,0.0,0.000464459,0.0,0.0003751218318939,0.0003745853900909,813.0,949.0
1650164809,0.0,0.000464459,0.0,0.0003751218318939,0.0003745853900909,813.0,949.0
1650164810,0.0,0.001170979,0.0,0.0003751516342163,0.0003746151924133,537.5,395.5
1650164811,0.0,0.000266074,0.0,0.0003751218318939,0.0003745853900909,344.0,710.0
1650164812,0.0,0.000266074,0.0,0.0003751218318939,0.0003745853900909,344.0,710.0
1650164813,0.005,0.0152227255,0.005,0.0003753900527954,0.0003748536109924,15328.0,17607.5
1650164814,0.005,0.0152227255,0.005,0.0003753900527954,0.0003748536109924,15328.0,17607.5
1650164815,0.0,0.013315563,0.005,0.0003755092620849,0.0003749728202819,14241.5,22591.5
1650164816,0.01,0.02247291,0.0,0.0003756284713745,0.0003750920295715,28083.0,31241.0
1650164817,0.01,0.02247291,0.0,0.0003756284713745,0.0003750920295715,28083.0,31241.0
1650164818,0.005,0.0142973725,0.005,0.0003756284713745,0.0003750920295715,18210.0,20530.0
1650164819,0.0,0.022261894,0.01,0.0003755986690521,0.0003750622272491,27219.0,31221.0
1650164820,0.0,0.022261894,0.01,0.0003755986690521,0.0003750622272491,27219.0,31221.0
1650164821,0.005,0.003423117,0.0,0.0003756582736968,0.0003751218318939,4518.5,5115.0
1650164822,0.0,0.016668155,0.02,0.0003755986690521,0.0003750622272491,18290.0,20791.0
1650164823,0.0,0.016668155,0.02,0.0003755986690521,0.0003750622272491,18290.0,20791.0
1650164824,0.01,0.015003676,0.005,0.0003755688667297,0.0003750324249267,17942.0,37059.5
1650164825,0.0,0.013404515,0.01,0.0003756582736968,0.0003751218318939,16715.0,19963.0
1650164826,0.0,0.008166305,0.0,0.0003755688667297,0.0003750324249267,10288.0,12216.0
1650164827,0.0,0.022463629,0.02,0.0003755688667297,0.0003750324249267,26921.0,30830.0
1650164828,0.0,0.022463629,0.02,0.0003755688667297,0.0003750324249267,26921.0,30830.0
1650164829,0.01,0.0147118145,0.01,0.0003756582736968,0.0003751218318939,17913.0,20531.5
1650164830,0.01,0.0147118145,0.01,0.0003756582736968,0.0003751218318939,17913.0,20531.5
1650164831,0.005,0.0113242395,0.005,0.0003756582736968,0.0003751218318939,13423.5,15344.0
1650164832,0.0,0.018239998,0.01,0.0003784894943237,0.0003779530525207,22468.0,26143.0
1650164833,0.0,0.018239998,0.01,0.0003784894943237,0.0003779530525207,22468.0,26143.0
1650164834,0.005,0.006121593,0.0,0.0003755688667297,0.0003750324249267,6675.0,21968.0
1650164835,0.0,0.014540886,0.02,0.0003755688667297,0.0003750324249267,17942.0,20461.0
1650164836,0.0,0.014540886,0.02,0.0003755688667297,0.0003750324249267,17942.0,20461.0
1650164837,0.01,0.01603039,0.01,0.0003755986690521,0.0003750622272491,18016.0,20667.0
1650164838,0.0,0.024280172,0.01,0.0003756582736968,0.0003751218318939,26519.0,30237.0
1650164839,0.0,0.024280172,0.01,0.0003756582736968,0.0003751218318939,26519.0,30237.0
1650164840,0.0,0.008392787,0.005,0.0003755688667297,0.0003750324249267,9102.0,10524.0
1650164841,0.01,0.032572811,0.03,0.0003755986690521,0.0003750622272491,35900.0,41200.0
1650164842,0.01,0.032572811,0.03,0.0003755986690521,0.0003750622272491,35900.0,41200.0
1650164843,0.005,0.0140945115,0.01,0.0003755986690521,0.0003750622272491,16228.0,18804.0
1650164844,0.0,0.001869999,0.0,0.0003756284713745,0.0003750920295715,1050.0,12302.0
1650164845,0.0,0.001869999,0.0,0.0003756284713745,0.0003750920295715,1050.0,12302.0
1650164846,0.0,0.0007818325,0.0,0.0003756284713745,0.0003750920295715,1236.5,1263.0
1650164847,0.0,0.000589023,0.0,0.0003756284713745,0.0003750920295715,1423.0,1019.0
1650164848,0.0,0.000589023,0.0,0.0003756284713745,0.0003750920295715,1423.0,1019.0
1650164849,0.0,5.6174e-05,0.0,0.0003755688667297,0.0003750324249267,91.0,87.0
1650164850,0.0,0.000932974,0.0,0.0003755986690521,0.0003750622272491,797.0,424.0
1650164851,0.0,0.000932974,0.0,0.0003755986690521,0.0003750622272491,797.0,424.0
1650164852,0.0,0.0014535535,0.0,0.000376284122467,0.000375747680664,1650.0,1772.5
1650164853,0.0,0.0014535535,0.0,0.000376284122467,0.000375747680664,1650.0,1772.5
1650164854,0.0,0.0015667895,0.0,0.0003751814365386,0.0003746449947357,1629.0,1804.0
1650164855,0.0,0.000904789,0.0,0.0003751218318939,0.0003745853900909,1212.0,1688.0
1650164856,0.0,0.000904789,0.0,0.0003751218318939,0.0003745853900909,1212.0,1688.0
1650164857,0.0,0.000504482,0.0,0.0003751516342163,0.0003746151924133,459.5,519.5
1650164858,0.0,0.000504482,0.0,0.0003751516342163,0.0003746151924133,459.5,519.5
1650164859,0.0,0.000179322,0.0,0.0003751218318939,0.0003745853900909,210.0,281.5
1650164860,0.0,0.000179322,0.0,0.0003751218318939,0.0003745853900909,210.0,281.5
1650164861,0.0,0.0,0.0,0.0003751218318939,0.0003745853900909,221.0,33.0
1650164862,0.0,0.001451047,0.0,0.0003751516342163,0.0003746151924133,1448.0,1387.0
1650164863,0.0,0.000677481,0.0,0.0003760457038879,0.0003755092620849,657.0,206.0
1650164864,0.0,0.000565808,0.0,0.0003751516342163,0.0003746151924133,280.0,140.0
1650164865,0.0,0.000565808,0.0,0.0003751516342163,0.0003746151924133,280.0,140.0
1650164866,0.0,0.00069339,0.0,0.0003751516342163,0.0003746151924133,744.5,388.0
1650164867,0.0,0.00069339,0.0,0.0003751516342163,0.0003746151924133,744.5,388.0
1650164868,0.0,0.0011035645,0.0,0.0003751516342163,0.0003746151924133,400.5,254.0
1650164869,0.0,0.001263371,0.0,0.000375211238861,0.0003746747970581,1031.0,1137.0
1650164870,0.0,0.000507105,0.0,0.0003751814365386,0.0003746449947357,842.0,969.0
1650164871,0.0,0.000507105,0.0,0.0003751814365386,0.0003746449947357,842.0,969.0
1650164872,0.0,0.0005298395,0.0,0.0003761053085327,0.0003755688667297,394.5,347.5
1650164873,0.0,0.000934137,0.0,0.000375211238861,0.0003746747970581,1415.0,1866.0
1650164874,0.0,0.001304741,0.0,0.0003761351108551,0.0003755986690521,669.0,1080.0
1650164875,0.0,0.001304741,0.0,0.0003761351108551,0.0003755986690521,669.0,1080.0
1650164876,0.0,0.000419371,0.0,0.0003751516342163,0.0003746151924133,548.5,776.5
1650164877,0.0,0.000419371,0.0,0.0003751516342163,0.0003746151924133,548.5,776.5
1650164878,0.0,0.00078322,0.0,0.0003770589828491,0.0003765225410461,780.5,293.0
1650164879,0.0,0.001609695,0.01,0.000375211238861,0.0003746747970581,2069.0,2130.0
1650164880,0.0,0.000872355,0.0,0.0003761351108551,0.0003755986690521,1244.0,709.0
1650164881,0.0,0.001014499,0.0,0.0003751814365386,0.0003746449947357,1417.0,876.0
1650164882,0.0,0.001014499,0.0,0.0003751814365386,0.0003746449947357,1417.0,876.0
1650164883,0.0,0.0011912035,0.0,0.0003752410411834,0.0003747045993804,1024.5,1872.0
1650164884,0.0,0.0011912035,0.0,0.0003752410411834,0.0003747045993804,1024.5,1872.0
1650164885,0.0,0.000415193,0.0,0.000375211238861,0.0003746747970581,340.0,1715.5
1650164886,0.0,0.000415193,0.0,0.000375211238861,0.0003746747970581,340.0,1715.5
1650164887,0.0,0.0006982355,0.0,0.000375211238861,0.0003746747970581,727.5,739.5
1650164888,0.0,0.000304152,0.0,0.0003751516342163,0.0003746151924133,745.0,364.0
1650164889,0.0,0.000304152,0.0,0.0003751516342163,0.0003746151924133,745.0,364.0
1650164890,0.0,0.000889801,0.0,0.0003751814365386,0.0003746449947357,837.5,243.0
1650164891,0.0,0.0,0.0,0.0003751814365386,0.0003746449947357,66.0,78.0
1650164892,0.0,0.0,0.0,0.0003751814365386,0.0003746449947357,66.0,78.0
1650164893,0.0,0.0003229725,0.0,0.000375211238861,0.0003746747970581,397.0,136.0
1650164894,0.0,0.0003229725,0.0,0.000375211238861,0.0003746747970581,397.0,136.0
1650164895,0.0,0.000747938,0.0,0.000375211238861,0.0003746747970581,533.5,768.0
1650164896,0.0,0.000747938,0.0,0.000375211238861,0.0003746747970581,533.5,768.0
1650164897,0.0,0.0010189745,0.0,0.0003751516342163,0.0003746151924133,910.0,1983.0
1650164898,0.0,0.0010189745,0.0,0.0003751516342163,0.0003746151924133,910.0,1983.0
1650164899,0.0,0.001329436,0.0,0.0003751814365386,0.0003746449947357,782.5,256.0
1650164900,0.0,0.001448687,0.0,0.0003751814365386,0.0003746449947357,1516.0,765.0
1650164901,0.0,7.9312e-05,0.0,0.0003751516342163,0.0003746151924133,344.0,124.0
1650164902,0.0,7.9312e-05,0.0,0.0003751516342163,0.0003746151924133,344.0,124.0
1650164903,0.0,0.000794636,0.0,0.000375211238861,0.0003746747970581,863.5,664.5
1650164904,0.0,0.000766201,0.0,0.0003751814365386,0.0003746449947357,619.0,3414.0
1650164905,0.0,0.000766201,0.0,0.0003751814365386,0.0003746449947357,619.0,3414.0
1650164906,0.0,7.65165e-05,0.0,0.0003751814365386,0.0003746449947357,436.0,117.0
1650164907,0.0,7.65165e-05,0.0,0.0003751814365386,0.0003746449947357,436.0,117.0
1650164908,0.0,0.000748082,0.0,0.000375211238861,0.0003746747970581,885.0,1003.5
1650164909,0.0,0.002818694,0.0,0.000375211238861,0.0003746747970581,2566.0,3019.0
1650164910,0.0,0.002818694,0.0,0.000375211238861,0.0003746747970581,2566.0,3019.0
1650164911,0.0,0.0003381135,0.0,0.0003751516342163,0.0003746151924133,611.5,573.5
1650164912,0.0,0.0003381135,0.0,0.0003751516342163,0.0003746151924133,611.5,573.5
1650164913,0.0,0.0004498815,0.0,0.0003751516342163,0.0003746151924133,699.0,320.0
1650164914,0.0,0.001239048,0.0,0.0003751814365386,0.0003746449947357,946.0,531.0
1650164915,0.0,0.001239048,0.0,0.0003751814365386,0.0003746449947357,946.0,531.0
1650164916,0.0,0.0002721715,0.0,0.0003761351108551,0.0003755986690521,385.5,553.5
1650164917,0.0,0.000814943,0.0,0.0003761649131774,0.0003756284713745,787.0,438.0
1650164918,0.0,0.000814943,0.0,0.0003761649131774,0.0003756284713745,787.0,438.0
1650164919,0.0,0.0005898075,0.005,0.0003752410411834,0.0003747045993804,857.0,1042.0
1650164920,0.0,0.000600958,0.0,0.000375211238861,0.0003746747970581,494.0,809.0
1650164921,0.0,0.000600958,0.0,0.000375211238861,0.0003746747970581,494.0,809.0
1650164922,0.0,0.000440595,0.0,0.0003752410411834,0.0003747045993804,537.0,384.5
1650164923,0.0,0.001181986,0.0,0.000375211238861,0.0003746747970581,1275.0,1412.0
1650164924,0.0,0.001181986,0.0,0.000375211238861,0.0003746747970581,1275.0,1412.0
1650164925,0.0,0.001134848,0.0,0.000375211238861,0.0003746747970581,973.0,975.0
1650164926,0.0,0.000780249,0.0,0.000375211238861,0.0003746747970581,1898.0,2092.0
1650164927,0.0,0.000780249,0.0,0.000375211238861,0.0003746747970581,1898.0,2092.0
1650164928,0.0,0.000655605,0.0,0.0003751814365386,0.0003746449947357,1203.5,1419.5
1650164929,0.0,0.000655605,0.0,0.0003751814365386,0.0003746449947357,1203.5,1419.5
1650164930,0.0,0.0,0.0,0.0003751516342163,0.0003746151924133,254.0,72.0
1650164931,0.0,0.001163696,0.0,0.0003760755062103,0.0003755390644073,1512.0,1329.0
1650164932,0.0,0.001163696,0.0,0.0003760755062103,0.0003755390644073,1512.0,1329.0
1650164933,0.0,9.6044e-05,0.0,0.0003751814365386,0.0003746449947357,37.0,37.0
1650164934,0.0,0.00163479,0.0,0.0003751814365386,0.0003746449947357,1858.0,1616.0
1650164935,0.0,0.000415059,0.0,0.0003751814365386,0.0003746449947357,725.0,206.0
1650164936,0.0,0.001378698,0.0,0.0003751814365386,0.0003746449947357,1584.0,1536.0
1650164937,0.0,0.001378698,0.0,0.0003751814365386,0.0003746449947357,1584.0,1536.0
1650164938,0.0,3.12505e-05,0.0,0.0003751516342163,0.0003746151924133,140.0,33.0
1650164939,0.0,0.00047168,0.0,0.000375211238861,0.0003746747970581,591.0,214.0
1650164940,0.0,0.00047168,0.0,0.000375211238861,0.0003746747970581,591.0,214.0
1650164941,0.005,0.0008286535,0.0,0.000375211238861,0.0003746747970581,1099.5,873.5
1650164942,0.005,0.0008286535,0.0,0.000375211238861,0.0003746747970581,1099.5,873.5
1650164943,0.0,0.0,0.0,0.000375211238861,0.0003746747970581,228.0,215.5
1650164944,0.0,0.002316117,0.0,0.0003753304481506,0.0003747940063476,1825.0,858.0
1650164945,0.0,0.00174055,0.0,0.0003752708435058,0.0003747344017028,1764.0,3812.0
1650164946,0.0,0.00174055,0.0,0.0003752708435058,0.0003747344017028,1764.0,3812.0
1650164947,0.0,0.000640774,0.0,0.0003752410411834,0.0003747045993804,775.0,1146.0
1650164948,0.0,0.000640774,0.0,0.0003752410411834,0.0003747045993804,775.0,1146.0
1650164949,0.0,0.0,0.0,0.0003752410411834,0.0003747045993804,171.5,66.0
1650164950,0.0,0.0,0.0,0.0003752410411834,0.0003747045993804,171.5,66.0
1650164951,0.0,4.1294e-05,0.0,0.000375211238861,0.0003746747970581,213.0,105.0
1650164952,0.0,4.1294e-05,0.0,0.000375211238861,0.0003746747970581,213.0,105.0
1650164953,0.0,0.000715122,0.0,0.0003751814365386,0.0003746449947357,1058.0,809.5
1650164954,0.0,0.000715122,0.0,0.0003751814365386,0.0003746449947357,1058.0,809.5
1650164955,0.0,0.0007525825,0.0,0.0003751516342163,0.0003746151924133,894.5,792.5
1650164956,0.0,0.000801978,0.0,0.0003751814365386,0.0003746449947357,1213.0,354.0
1650164957,0.0,0.000656713,0.0,0.0003751218318939,0.0003745853900909,476.0,1041.0
1650164958,0.0,0.000656713,0.0,0.0003751218318939,0.0003745853900909,476.0,1041.0
1650164959,0.0,0.0003433245,0.0,0.0003751814365386,0.0003746449947357,365.5,179.0
1650164960,0.0,0.0003433245,0.0,0.0003751814365386,0.0003746449947357,365.5,179.0
1650164961,0.0,0.000592675,0.0,0.0003751516342163,0.0003746151924133,1132.0,1152.0
1650164962,0.0,0.00096374,0.0,0.0003751516342163,0.0003746151924133,888.0,839.0
1650164963,0.0,0.001143893,0.0,0.000375211238861,0.0003746747970581,1301.0,621.0
1650164964,0.0,0.001143893,0.0,0.000375211238861,0.0003746747970581,1301.0,621.0
1650164965,0.0,0.0011018135,0.0,0.0003751814365386,0.0003746449947357,1132.5,1785.0
1650164966,0.0,0.0011018135,0.0,0.0003751814365386,0.0003746449947357,1132.5,1785.0
1650164967,0.0,0.0013737135,0.0,0.0003761649131774,0.0003756284713745,1670.0,1116.5
1650164968,0.0,0.0013737135,0.0,0.0003761649131774,0.0003756284713745,1670.0,1116.5
1650164969,0.0,0.000662924,0.0,0.0003752410411834,0.0003747045993804,1167.5,1130.5
1650164970,0.0,0.000662924,0.0,0.0003752410411834,0.0003747045993804,1167.5,1130.5
1650164971,0.0,0.0006554355,0.0,0.0003753006458282,0.0003747642040252,752.0,444.5
1650164972,0.0,0.001227829,0.0,0.0003762245178222,0.0003756880760192,1921.0,1710.0
1650164973,0.0,0.001227829,0.0,0.0003762245178222,0.0003756880760192,1921.0,1710.0
1650164974,0.0,0.000984017,0.0,0.0003761947154998,0.0003756582736968,1287.0,1428.0
1650164975,0.0,0.000984017,0.0,0.0003761947154998,0.0003756582736968,1287.0,1428.0
1650164976,0.0,0.009084838,0.005,0.0003755092620849,0.0003749728202819,10242.5,11684.0
1650164977,0.0,0.00014627,0.0,0.0003754496574401,0.0003749132156372,66.0,132.0
1650164978,0.0,0.00014627,0.0,0.0003754496574401,0.0003749132156372,66.0,132.0
1650164979,0.0,0.008395177,0.005,0.0003755986690521,0.0003750622272491,9651.0,11017.0
1650164980,0.0,0.008395177,0.005,0.0003755986690521,0.0003750622272491,9651.0,11017.0
1650164981,0.005,0.0083320795,0.005,0.0003755986690521,0.0003750622272491,9342.0,10371.5
1650164982,0.0,0.02254698,0.01,0.0003756582736968,0.0003751218318939,27787.0,31035.0
1650164983,0.0,0.022009427,0.01,0.0003757178783416,0.0003751814365386,27251.0,30828.0
1650164984,0.0,0.022009427,0.01,0.0003757178783416,0.0003751814365386,27251.0,30828.0
1650164985,0.0,0.00417431,0.0,0.0003756880760192,0.0003751516342163,4485.5,15290.5
1650164986,0.01,0.01715825,0.01,0.0003757178783416,0.0003751814365386,20520.0,23709.0
1650164987,0.0,0.0,0.0,0.0003756880760192,0.0003751516342163,0.0,0.0
1650164988,0.0,0.0,0.0,0.0003756880760192,0.0003751516342163,0.0,0.0
1650164989,0.0,0.011430409,0.005,0.0003756880760192,0.0003751516342163,13489.5,15378.5
1650164990,0.01,0.014379861,0.01,0.0003756880760192,0.0003751516342163,18016.0,20603.0
1650164991,0.01,0.014379861,0.01,0.0003756880760192,0.0003751516342163,18016.0,20603.0
1650164992,0.0,0.0108314345,0.0,0.0003756284713745,0.0003750920295715,13862.5,16512.0
1650164993,0.0,0.014351453,0.02,0.0003756582736968,0.0003751218318939,18016.0,20732.0
1650164994,0.0,0.014351453,0.02,0.0003756582736968,0.0003751218318939,18016.0,20732.0
1650164995,0.0,0.0150939465,0.005,0.0003756582736968,0.0003751218318939,17979.0,31133.5
1650164996,0.0,0.0150939465,0.005,0.0003756582736968,0.0003751218318939,17979.0,31133.5
1650164997,0.005,0.0106132045,0.0,0.0003756582736968,0.0003751218318939,13423.5,15345.0
1650164998,0.005,0.0106132045,0.0,0.0003756582736968,0.0003751218318939,13423.5,15345.0
1650164999,0.005,0.0104100275,0.0,0.0003756880760192,0.0003751516342163,13444.5,15366.0
1650165000,0.0,0.021552364,0.01,0.0003756880760192,0.0003751516342163,26913.0,30692.0
1650165001,0.0,0.021552364,0.01,0.0003756880760192,0.0003751516342163,26913.0,30692.0
1650165002,0.0,0.011411687,0.005,0.0003756582736968,0.0003751218318939,13423.5,15346.0
1650165003,0.0,0.011411687,0.005,0.0003756582736968,0.0003751218318939,13423.5,15346.0
1650165004,0.01,0.01158291,0.005,0.0003756582736968,0.0003751218318939,13423.5,26334.5
1650165005,0.01,0.01158291,0.005,0.0003756582736968,0.0003751218318939,13423.5,26334.5
1650165006,0.0,0.014997538,0.005,0.0003756582736968,0.0003751218318939,17880.0,20530.5
1650165007,0.0,0.015139004,0.0,0.0003756582736968,0.0003751218318939,17876.0,20458.0
1650165008,0.0,0.015139004,0.0,0.0003756582736968,0.0003751218318939,17876.0,20458.0
1650165009,0.005,0.0099277315,0.01,0.0003756582736968,0.0003751218318939,13357.5,15345.5
1650165010,0.02,0.013129793,0.01,0.0003756880760192,0.0003751516342163,17876.0,20592.0
1650165011,0.02,0.013129793,0.01,0.0003756880760192,0.0003751516342163,17876.0,20592.0
1650165012,0.0,0.0162656425,0.01,0.0003755986690521,0.0003750622272491,22398.5,25712.0
1650165013,0.0,0.0162656425,0.01,0.0003755986690521,0.0003750622272491,22398.5,25712.0
1650165014,0.005,0.010342994,0.005,0.0003756284713745,0.0003750920295715,13456.5,33109.5
1650165015,0.01,0.012292472,0.03,0.0003765821456909,0.0003760457038879,17482.0,19877.0
1650165016,0.01,0.012292472,0.03,0.0003765821456909,0.0003760457038879,17482.0,19877.0
1650165017,0.0,0.0167035455,0.01,0.0003756284713745,0.0003750920295715,22698.5,26073.5
1650165018,0.01,0.013026385,0.0,0.0003755986690521,0.0003750622272491,17876.0,20595.0
1650165019,0.01,0.013026385,0.0,0.0003755986690521,0.0003750622272491,17876.0,20595.0
1650165020,0.01,0.007037195,0.005,0.0003756582736968,0.0003751218318939,8938.0,10295.5
1650165021,0.01,0.012649727,0.02,0.0003755986690521,0.0003750622272491,17810.0,20457.0
1650165022,0.01,0.012649727,0.02,0.0003755986690521,0.0003750622272491,17810.0,20457.0
1650165023,0.0,0.006229679,0.0,0.0003755986690521,0.0003750622272491,9041.0,10365.5
1650165024,0.01,0.008042241,0.01,0.0003755986690521,0.0003750622272491,9045.0,33134.0
1650165025,0.01,0.008042241,0.01,0.0003755986690521,0.0003750622272491,9045.0,33134.0
1650165026,0.005,0.0126821575,0.015,0.000375747680664,0.000375211238861,17749.0,20238.5
1650165027,0.005,0.0126821575,0.015,0.000375747680664,0.000375211238861,17749.0,20238.5
1650165028,0.0,0.0096127125,0.0,0.0003755986690521,0.0003750622272491,13620.5,15704.5
1650165029,0.0,0.018150791,0.0,0.0003756284713745,0.0003750920295715,26889.0,30735.0
1650165030,0.0,0.018150791,0.0,0.0003756284713745,0.0003750920295715,26889.0,30735.0
1650165031,0.005,0.0124547065,0.01,0.0003755986690521,0.0003750622272491,17979.0,20565.5
1650165032,0.005,0.0124547065,0.01,0.0003755986690521,0.0003750622272491,17979.0,20565.5
1650165033,0.0,0.012760326,0.005,0.0003756582736968,0.0003751218318939,17913.0,20533.0
1650165034,0.01,0.014940437,0.01,0.0003756582736968,0.0003751218318939,17876.0,47104.0
1650165035,0.0,0.018780083,0.0,0.0003756284713745,0.0003750920295715,26781.0,30689.0
1650165036,0.0,0.018780083,0.0,0.0003756284713745,0.0003750920295715,26781.0,30689.0
1650165037,0.005,0.0131392815,0.01,0.0003756582736968,0.0003751218318939,17942.0,20527.0
1650165038,0.0,0.017614536,0.0,0.0003756582736968,0.0003751218318939,26387.0,30174.0
1650165039,0.0,0.017614536,0.0,0.0003756582736968,0.0003751218318939,26387.0,30174.0
1650165040,0.0,0.0034141785,0.0,0.0003755986690521,0.0003750622272491,4649.5,5408.0
1650165041,0.01,0.012922759,0.0,0.0003755986690521,0.0003750622272491,17810.0,20454.0
1650165042,0.01,0.012922759,0.0,0.0003755986690521,0.0003750622272491,17810.0,20454.0
1650165043,0.005,0.006411335,0.005,0.0003755986690521,0.0003750622272491,8938.0,10230.5
1650165044,0.005,0.006411335,0.005,0.0003755986690521,0.0003750622272491,8938.0,10230.5
1650165045,0.0,0.0068797715,0.005,0.0003755986690521,0.0003750622272491,8938.0,19567.5
1650165046,0.0,0.0068797715,0.005,0.0003755986690521,0.0003750622272491,8938.0,19567.5
1650165047,0.005,0.012503055,0.005,0.0003755986690521,0.0003750622272491,17913.0,20597.5
1650165048,0.005,0.012503055,0.005,0.0003755986690521,0.0003750622272491,17913.0,20597.5
1650165049,0.0,0.0128647375,0.005,0.0003756582736968,0.0003751218318939,17913.0,20529.0
1650165050,0.0,0.0128647375,0.005,0.0003756582736968,0.0003751218318939,17913.0,20529.0
1650165051,0.005,0.0102393405,0.01,0.0003756284713745,0.0003750920295715,13526.5,15481.0
1650165052,0.0,0.024246273,0.0,0.0003756880760192,0.0003751516342163,35358.0,40337.0
1650165053,0.0,0.024246273,0.0,0.0003756880760192,0.0003751516342163,35358.0,40337.0
1650165054,0.0,0.010111536,0.01,0.0003757178783416,0.0003751814365386,13357.5,29947.0
1650165055,0.01,0.007447032,0.0,0.0003755986690521,0.0003750622272491,9505.0,11087.0
1650165056,0.01,0.007447032,0.0,0.0003755986690521,0.0003750622272491,9505.0,11087.0
1650165057,0.0,0.003341618,0.005,0.0003755986690521,0.0003750622272491,4485.5,5115.5
1650165058,0.01,0.018220777,0.02,0.0003755986690521,0.0003750622272491,26847.0,30693.0
1650165059,0.0,0.018036228,0.01,0.0003756284713745,0.0003750920295715,26955.0,30733.0
1650165060,0.0,0.018036228,0.01,0.0003756284713745,0.0003750920295715,26955.0,30733.0
1650165061,0.01,0.0160586685,0.005,0.0003756582736968,0.0003751218318939,22168.5,25420.5
1650165062,0.01,0.007949121,0.0,0.0003755986690521,0.0003750622272491,9299.0,10814.0
1650165063,0.01,0.025638724,0.01,0.0003756284713745,0.0003750920295715,35752.0,41053.0
1650165064,0.01,0.025638724,0.01,0.0003756284713745,0.0003750920295715,35752.0,41053.0
1650165065,0.0,0.0070750605,0.005,0.0003755986690521,0.0003750622272491,8975.0,26731.5
1650165066,0.0,0.012621291,0.01,0.0003756582736968,0.0003751218318939,17942.0,20461.0
1650165067,0.01,0.013499517,0.01,0.0003755986690521,0.0003750622272491,17810.0,20456.0
1650165068,0.01,0.013499517,0.01,0.0003755986690521,0.0003750622272491,17810.0,20456.0
1650165069,0.01,0.010012741,0.01,0.0003756284713745,0.0003750920295715,13423.5,15411.0
1650165070,0.01,0.010012741,0.01,0.0003756284713745,0.0003750920295715,13423.5,15411.0
1650165071,0.005,0.0063488285,0.0,0.0003755986690521,0.0003750622272491,8938.0,10229.5
1650165072,0.0,0.012234496,0.01,0.0003756582736968,0.0003751218318939,17416.0,19813.0
1650165073,0.0,0.012234496,0.01,0.0003756582736968,0.0003751218318939,17416.0,19813.0
1650165074,0.0,0.0038786365,0.0,0.0003755986690521,0.0003750622272491,4649.5,16824.5
1650165075,0.0,0.0038786365,0.0,0.0003755986690521,0.0003750622272491,4649.5,16824.5
1650165076,0.0,0.009973482,0.015,0.0003755986690521,0.0003750622272491,13460.5,15415.5
1650165077,0.0,0.019816654,0.01,0.0003755986690521,0.0003750622272491,26847.0,30823.0
1650165078,0.01,0.019823533,0.01,0.0003755986690521,0.0003750622272491,26781.0,30688.0
1650165079,0.01,0.019823533,0.01,0.0003755986690521,0.0003750622272491,26781.0,30688.0
1650165080,0.005,0.0100380565,0.01,0.0003755986690521,0.0003750622272491,13427.5,15415.0
1650165081,0.0,0.01253772,0.0,0.0003755986690521,0.0003750622272491,17876.0,20463.0
1650165082,0.0,0.01253772,0.0,0.0003755986690521,0.0003750622272491,17876.0,20463.0
1650165083,0.01,0.0098499945,0.015,0.0003755986690521,0.0003750622272491,13390.5,15412.0
1650165084,0.01,0.033233586,0.03,0.0003756582736968,0.0003751218318939,44337.0,83953.0
1650165085,0.01,0.033233586,0.03,0.0003756582736968,0.0003751218318939,44337.0,83953.0
1650165086,0.0,0.005974404,0.005,0.0003755986690521,0.0003750622272491,9102.0,10523.5
1650165087,0.01,0.013427872,0.01,0.0003755986690521,0.0003750622272491,17942.0,20524.0
1650165088,0.01,0.013427872,0.01,0.0003755986690521,0.0003750622272491,17942.0,20524.0
1650165089,0.01,0.006154552,0.005,0.0003756284713745,0.0003750920295715,8959.0,10251.5
1650165090,0.0,0.012870611,0.01,0.0003755986690521,0.0003750622272491,18016.0,20603.0
1650165091,0.0,0.012870611,0.01,0.0003755986690521,0.0003750622272491,18016.0,20603.0
1650165092,0.0,0.012790161,0.01,0.0003755986690521,0.0003750622272491,17876.0,20461.5
1650165093,0.0,0.012790161,0.01,0.0003755986690521,0.0003750622272491,17876.0,20461.5
1650165094,0.005,0.010360336,0.01,0.0003755986690521,0.0003750622272491,13423.5,30275.5
1650165095,0.0,0.020599057,0.02,0.0003766417503356,0.0003761053085327,26527.0,30383.0
1650165096,0.0,0.020599057,0.02,0.0003766417503356,0.0003761053085327,26527.0,30383.0
1650165097,0.0,0.011193954,0.01,0.0003755986690521,0.0003750622272491,13620.5,15637.0
1650165098,0.01,0.011670832,0.0,0.0003756284713745,0.0003750920295715,17876.0,20461.0
1650165099,0.01,0.011670832,0.0,0.0003756284713745,0.0003750920295715,17876.0,20461.0
1650165100,0.0,0.0032869055,0.005,0.0003755986690521,0.0003750622272491,4452.5,5113.5
1650165101,0.0,0.0032869055,0.005,0.0003755986690521,0.0003750622272491,4452.5,5113.5
1650165102,0.005,0.009560934,0.005,0.0003755986690521,0.0003750622272491,13427.5,15416.5
1650165103,0.0,0.024812563,0.02,0.000376671552658,0.0003761351108551,35432.0,40545.0
1650165104,0.0,0.024812563,0.02,0.000376671552658,0.0003761351108551,35432.0,40545.0
1650165105,0.0,0.004071517,0.0,0.0003756582736968,0.0003751218318939,4649.5,19506.0
1650165106,0.01,0.013652818,0.0,0.0003756582736968,0.0003751218318939,18082.0,20729.0
1650165107,0.01,0.013652818,0.0,0.0003756582736968,0.0003751218318939,18082.0,20729.0
1650165108,0.0,0.004302034,0.0,0.0003766417503356,0.0003761053085327,6285.5,7444.0
1650165109,0.01,0.023462893,0.02,0.0003756284713745,0.0003750920295715,32482.0,36463.0
1650165110,0.01,0.023462893,0.02,0.0003756284713745,0.0003750920295715,32482.0,36463.0
1650165111,0.005,0.0109912085,0.015,0.000375747680664,0.000375211238861,13530.5,15553.0
1650165112,0.0,0.006933912,0.01,0.0003756880760192,0.0003751516342163,8971.0,10296.0
1650165113,0.01,0.016004718,0.01,0.0003756880760192,0.0003751516342163,18008.0,47016.0
1650165114,0.01,0.016004718,0.01,0.0003756880760192,0.0003751516342163,18008.0,47016.0
1650165115,0.0,0.0133547915,0.01,0.0003757178783416,0.0003751814365386,17913.0,22115.0
1650165116,0.0,0.0133547915,0.01,0.0003757178783416,0.0003751814365386,17913.0,22115.0
1650165117,0.01,0.0099261415,0.01,0.0003757178783416,0.0003751814365386,13423.5,15346.5
1650165118,0.01,0.0099261415,0.01,0.0003757178783416,0.0003751814365386,13423.5,15346.5
1650165119,0.0,0.009726461,0.01,0.0003756880760192,0.0003751516342163,13411.5,15432.5
1650165120,0.0,0.006179085,0.0,0.0003756880760192,0.0003751516342163,8971.0,10229.0
1650165121,0.0,0.006179085,0.0,0.0003756880760192,0.0003751516342163,8971.0,10229.0
1650165122,0.005,0.0096917935,0.015,0.0003756880760192,0.0003751516342163,13357.5,15344.0
1650165123,0.0,0.013223798,0.01,0.0003757178783416,0.0003751814365386,17810.0,20459.0
1650165124,0.0,0.013223798,0.01,0.0003757178783416,0.0003751814365386,17810.0,20459.0
1650165125,0.01,0.018541517,0.01,0.0003776252269744,0.0003770887851715,25485.0,42552.5
1650165126,0.01,0.018541517,0.01,0.0003776252269744,0.0003770887851715,25485.0,42552.5
1650165127,0.0,0.0073108685,0.0,0.0003756880760192,0.0003751516342163,10271.0,11812.5
1650165128,0.01,0.017971211,0.01,0.0003767311573028,0.0003761947154998,25641.0,29263.0
1650165129,0.01,0.024486152,0.01,0.0003757774829864,0.0003752410411834,28259.0,32520.0
1650165130,0.01,0.024486152,0.01,0.0003757774829864,0.0003752410411834,28259.0,32520.0
1650165131,0.0,0.011450291,0.01,0.000375747680664,0.000375211238861,13357.5,15346.5
1650165132,0.0,0.011450291,0.01,0.000375747680664,0.000375211238861,13357.5,15346.5
1650165133,0.005,0.011175995,0.005,0.0003756880760192,0.0003751516342163,13423.5,15345.0
1650165134,0.005,0.011175995,0.005,0.0003756880760192,0.0003751516342163,13423.5,15345.0
1650165135,0.005,0.008098008,0.0,0.0003757178783416,0.0003751814365386,9008.0,24241.0
1650165136,0.01,0.029775229,0.01,0.0003756880760192,0.0003751516342163,35752.0,40919.0
1650165137,0.01,0.029775229,0.01,0.0003756880760192,0.0003751516342163,35752.0,40919.0
1650165138,0.005,0.0072722195,0.005,0.0003757178783416,0.0003751814365386,8905.0,10231.5
1650165139,0.02,0.01427135,0.01,0.000375747680664,0.000375211238861,18016.0,20600.0
1650165140,0.0,0.0069314,0.0,0.0003757178783416,0.0003751814365386,8905.0,10232.0
1650165141,0.0,0.013512497,0.0,0.000375747680664,0.000375211238861,17876.0,20592.0
1650165142,0.0,0.013512497,0.0,0.000375747680664,0.000375211238861,17876.0,20592.0
1650165143,0.005,0.0070828815,0.005,0.0003757774829864,0.0003752410411834,8905.0,10229.5
1650165144,0.0,0.01507199,0.01,0.000375747680664,0.000375211238861,17876.0,44901.0
1650165145,0.01,0.035295633,0.01,0.0003756880760192,0.0003751516342163,44797.0,51291.0
1650165146,0.0,0.00724468,0.0,0.0003756880760192,0.0003751516342163,8905.0,10230.0
1650165147,0.0,0.00724468,0.0,0.0003756880760192,0.0003751516342163,8905.0,10230.0
1650165148,0.005,0.007253441,0.005,0.0003756880760192,0.0003751516342163,8971.0,10297.0
1650165149,0.01,0.021066609,0.01,0.0003756880760192,0.0003751516342163,26897.0,30875.0
1650165150,0.01,0.021066609,0.01,0.0003756880760192,0.0003751516342163,26897.0,30875.0
1650165151,0.0,0.0033568475,0.005,0.000375747680664,0.000375211238861,4255.5,4824.0
1650165152,0.0,0.0033568475,0.005,0.000375747680664,0.000375211238861,4255.5,4824.0
1650165153,0.005,0.0033351975,0.0,0.0003757774829864,0.0003752410411834,4288.5,4857.0
1650165154,0.0,0.009225671,0.0,0.0003757774829864,0.0003752410411834,9177.0,27418.0
1650165155,0.0,0.009225671,0.0,0.0003757774829864,0.0003752410411834,9177.0,27418.0
1650165156,0.0,8.09505e-05,0.0,0.000375747680664,0.000375211238861,33.0,66.0
1650165157,0.0,0.007780453,0.01,0.0003758072853088,0.0003752708435058,8989.0,10123.0
1650165158,0.0,0.007780453,0.01,0.0003758072853088,0.0003752708435058,8989.0,10123.0
1650165159,0.0,0.003864081,0.005,0.0003757774829864,0.0003752410411834,4588.5,5350.5
1650165160,0.0,0.007248824,0.0,0.000375747680664,0.000375211238861,9037.0,10428.0
1650165161,0.0,0.000423614,0.0,0.0003756880760192,0.0003751516342163,328.0,584.0
1650165162,0.0,0.007770877,0.01,0.0003756582736968,0.0003751218318939,9309.0,10832.0
1650165163,0.0,0.007770877,0.01,0.0003756582736968,0.0003751218318939,9309.0,10832.0
1650165164,0.005,0.0040292105,0.0,0.0003756284713745,0.0003750920295715,4584.5,9875.0
1650165165,0.005,0.0040292105,0.0,0.0003756284713745,0.0003750920295715,4584.5,9875.0
1650165166,0.0,0.000192893,0.0,0.0003755688667297,0.0003750324249267,164.0,292.0
1650165167,0.0,0.007482718,0.0,0.0003756582736968,0.0003751218318939,9121.0,10122.0
1650165168,0.0,0.007482718,0.0,0.0003756582736968,0.0003751218318939,9121.0,10122.0
1650165169,0.0,0.0040365505,0.005,0.0003756582736968,0.0003751218318939,4658.5,5354.5
1650165170,0.0,0.006968335,0.0,0.0003756582736968,0.0003751218318939,9103.0,10298.0
1650165171,0.0,0.006968335,0.0,0.0003756582736968,0.0003751218318939,9103.0,10298.0
1650165172,0.0,0.0,0.0,0.0003756582736968,0.0003751218318939,0.0,0.0
1650165173,0.0,0.0,0.0,0.0003756582736968,0.0003751218318939,0.0,0.0
1650165174,0.005,0.003971929,0.0,0.0003756582736968,0.0003751218318939,4584.5,7119.5
1650165175,0.005,0.003971929,0.0,0.0003756582736968,0.0003751218318939,4584.5,7119.5
1650165176,0.0,0.0035932125,0.0,0.0003756880760192,0.0003751516342163,4523.5,4992.5
1650165177,0.0,0.0035932125,0.0,0.0003756880760192,0.0003751516342163,4523.5,4992.5
1650165178,0.005,0.0040656585,0.0,0.0003756582736968,0.0003751218318939,4822.5,5581.0
1650165179,0.005,0.0040656585,0.0,0.0003756582736968,0.0003751218318939,4822.5,5581.0
1650165180,0.005,0.004196362,0.005,0.0003755390644073,0.0003750026226043,4715.5,5638.0
1650165181,0.005,0.004196362,0.005,0.0003755390644073,0.0003750026226043,4715.5,5638.0
1650165182,0.0,0.004220675,0.005,0.0003755986690521,0.0003750622272491,4761.5,5424.5
1650165183,0.0,0.004220675,0.005,0.0003755986690521,0.0003750622272491,4761.5,5424.5
1650165184,0.0,0.006447255,0.01,0.0003756284713745,0.0003750920295715,4626.5,9875.0
1650165185,0.01,0.010763323,0.01,0.0003756582736968,0.0003751218318939,9383.0,10842.0
1650165186,0.01,0.010763323,0.01,0.0003756582736968,0.0003751218318939,9383.0,10842.0
1650165187,0.005,0.005442217,0.0,0.0003756582736968,0.0003751218318939,4621.5,5218.0
1650165188,0.005,0.005442217,0.0,0.0003756582736968,0.0003751218318939,4621.5,5218.0
1650165189,0.0,0.0001952745,0.0,0.0003756284713745,0.0003750920295715,99.0,198.0
1650165190,0.0,0.007662206,0.01,0.0003756582736968,0.0003751218318939,8957.0,9895.0
1650165191,0.0,0.007914378,0.0,0.0003756284713745,0.0003750920295715,9515.0,10968.0
1650165192,0.0,0.007914378,0.0,0.0003756284713745,0.0003750920295715,9515.0,10968.0
1650165193,0.0,0.0033793825,0.005,0.0003775060176849,0.0003769695758819,2236.0,2916.0
1650165194,0.0,0.005417939,0.0,0.0003756582736968,0.0003751218318939,5453.0,20840.0
1650165195,0.01,0.008248523,0.0,0.0003757178783416,0.0003751814365386,9515.0,10839.0
1650165196,0.0,0.000402433,0.0,0.0003757178783416,0.0003751814365386,328.0,584.0
1650165197,0.01,0.008232386,0.01,0.0003756284713745,0.0003750920295715,9179.0,10248.0
1650165198,0.01,0.008232386,0.01,0.0003756284713745,0.0003750920295715,9179.0,10248.0
1650165199,0.0,0.00420612,0.005,0.0003756880760192,0.0003751516342163,4691.5,5353.5
1650165200,0.0,0.00420612,0.005,0.0003756880760192,0.0003751516342163,4691.5,5353.5
1650165201,0.0,0.000323328,0.0,0.0003755390644073,0.0003750026226043,230.0,424.0
1650165202,0.0,0.007292828,0.01,0.0003756284713745,0.0003750920295715,8849.0,9853.0
1650165203,0.0,0.007292828,0.01,0.0003756284713745,0.0003750920295715,8849.0,9853.0
1650165204,0.0,0.005025181,0.005,0.0003759264945983,0.0003753900527954,4724.5,11075.0
1650165205,0.0,0.0,0.0,0.0003759264945983,0.0003753900527954,0.0,0.0
1650165206,0.0,0.0,0.0,0.0003759264945983,0.0003753900527954,0.0,0.0
1650165207,0.005,0.0079023675,0.0,0.0003760159015655,0.0003754794597625,9318.0,10416.5
1650165208,0.005,0.0079023675,0.0,0.0003760159015655,0.0003754794597625,9318.0,10416.5
1650165209,0.0,0.0003627885,0.0,0.0003759860992431,0.0003754496574401,197.0,358.0
1650165210,0.0,0.0003627885,0.0,0.0003759860992431,0.0003754496574401,197.0,358.0
1650165211,0.0,0.00452811,0.005,0.0003759264945983,0.0003753900527954,4617.5,5146.0
1650165212,0.0,0.008746319,0.0,0.000375896692276,0.000375360250473,9507.0,10832.0
1650165213,0.0,0.000538725,0.0,0.0003758370876312,0.0003753006458282,328.0,584.0
1650165214,0.0,0.000538725,0.0,0.0003758370876312,0.0003753006458282,328.0,584.0
1650165215,0.005,0.0042927295,0.0,0.0003758668899536,0.0003753304481506,4555.5,10766.0
1650165216,0.005,0.0042927295,0.0,0.0003758668899536,0.0003753304481506,4555.5,10766.0
1650165217,0.0,0.003691687,0.0,0.0003758370876312,0.0003753006458282,4720.5,5350.0
1650165218,0.0,0.007545645,0.0,0.0003761947154998,0.0003756582736968,9391.0,10717.0
1650165219,0.0,0.006952147,0.0,0.0003762543201446,0.0003757178783416,8891.0,10027.0
1650165220,0.0,0.006952147,0.0,0.0003762543201446,0.0003757178783416,8891.0,10027.0
1650165221,0.0,0.0,0.0,0.0003762543201446,0.0003757178783416,0.0,0.0
1650165222,0.0,0.0,0.0,0.0003762543201446,0.0003757178783416,0.0,0.0
1650165223,0.0,0.0,0.0,0.0003762543201446,0.0003757178783416,0.0,0.0
1650165224,0.0,0.0051762446666666,0.0033333333333333,0.0003762245178222,0.0003756880760192,6118.666666666667,9315.333333333334
1650165225,0.0,0.0051762446666666,0.0033333333333333,0.0003762245178222,0.0003756880760192,6118.666666666667,9315.333333333334
1650165226,0.005,0.003838179,0.005,0.0003762543201446,0.0003757178783416,4625.5,5354.5
1650165227,0.005,0.003838179,0.005,0.0003762543201446,0.0003757178783416,4625.5,5354.5
1650165228,0.0,0.003630292,0.0,0.0003761649131774,0.0003756284713745,4715.5,5571.5
1650165229,0.0,0.000610985,0.0,0.0003761053085327,0.0003755688667297,328.0,584.0
1650165230,0.0,0.007595776,0.0,0.0003761649131774,0.0003756284713745,9055.0,10123.0
1650165231,0.0,0.007595776,0.0,0.0003761649131774,0.0003756284713745,9055.0,10123.0
1650165232,0.0,0.003669298,0.01,0.0003761947154998,0.0003756582736968,4485.5,5214.0
1650165233,0.0,0.000391412,0.0,0.0003761053085327,0.0003755688667297,328.0,584.0
1650165234,0.0,0.000391412,0.0,0.0003761053085327,0.0003755688667297,328.0,584.0
1650165235,0.0,0.0042988965,0.0,0.0003761053085327,0.0003755688667297,4687.5,7955.0
1650165236,0.01,0.007792841,0.01,0.0003761947154998,0.0003756582736968,9269.0,10538.0
1650165237,0.0,0.0,0.0,0.0003761947154998,0.0003756582736968,0.0,0.0
1650165238,0.0,0.0,0.0,0.0003761947154998,0.0003756582736968,0.0,0.0
1650165239,0.0,0.0,0.0,0.0003761947154998,0.0003756582736968,0.0,0.0
1650165240,0.0,0.005194901,0.0033333333333333,0.000376284122467,0.000375747680664,6168.0,6945.0
1650165241,0.0,0.005194901,0.0033333333333333,0.000376284122467,0.000375747680664,6168.0,6945.0
1650165242,0.0,0.00020569,0.0,0.0003762543201446,0.0003757178783416,66.0,132.0
1650165243,0.01,0.008920976,0.0,0.0003761947154998,0.0003756582736968,9571.0,11021.0
1650165244,0.01,0.008920976,0.0,0.0003761947154998,0.0003756582736968,9571.0,11021.0
1650165245,0.0,0.0046877415,0.005,0.0003761947154998,0.0003756582736968,4888.5,11520.5
1650165246,0.0,0.007575871,0.01,0.0003761649131774,0.0003756284713745,8981.0,10115.0
1650165247,0.0,0.007575871,0.01,0.0003761649131774,0.0003756284713745,8981.0,10115.0
1650165248,0.0,0.003877331,0.005,0.0003761649131774,0.0003756284713745,4588.5,5284.5
1650165249,0.0,0.003877331,0.005,0.0003761649131774,0.0003756284713745,4588.5,5284.5
1650165250,0.005,0.0037743195,0.0,0.0003761351108551,0.0003755986690521,4708.5,5437.5
1650165251,0.0,0.000417236,0.0,0.0003760755062103,0.0003755390644073,328.0,584.0
1650165252,0.0,0.000417236,0.0,0.0003760755062103,0.0003755390644073,328.0,584.0
1650165253,0.005,0.003399112,0.0,0.0003761649131774,0.0003756284713745,4391.5,4926.0
1650165254,0.005,0.003399112,0.0,0.0003761649131774,0.0003756284713745,4391.5,4926.0
1650165255,0.005,0.0043549155,0.005,0.0003762543201446,0.0003757178783416,4564.5,9429.0
1650165256,0.005,0.0043549155,0.005,0.0003762543201446,0.0003757178783416,4564.5,9429.0
1650165257,0.0,0.0040193365,0.0,0.0003762245178222,0.0003756880760192,4757.5,5486.5
1650165258,0.0,0.007917708,0.01,0.0003762543201446,0.0003757178783416,9383.0,10709.0
1650165259,0.0,0.007917708,0.01,0.0003762543201446,0.0003757178783416,9383.0,10709.0
1650165260,0.0,0.000345521,0.0,0.0003761947154998,0.0003756582736968,230.0,424.0
1650165261,0.0,0.000345521,0.0,0.0003761947154998,0.0003756582736968,230.0,424.0
1650165262,0.0,0.0042526035,0.0,0.0003760755062103,0.0003755390644073,4748.5,5506.0
1650165263,0.01,0.008354472,0.01,0.0003761947154998,0.0003756582736968,9317.0,10575.0
1650165264,0.01,0.008354472,0.01,0.0003761947154998,0.0003756582736968,9317.0,10575.0
1650165265,0.0,0.0045088285,0.0,0.0003761947154998,0.0003756582736968,4527.5,10996.5
1650165266,0.0,0.00081945,0.0,0.0003761351108551,0.0003755986690521,526.0,980.0
1650165267,0.0,0.00081945,0.0,0.0003761351108551,0.0003755986690521,526.0,980.0
1650165268,0.0,0.003813393,0.005,0.0003761053085327,0.0003755688667297,4621.5,5218.0
1650165269,0.01,0.008313029,0.0,0.0003761947154998,0.0003756582736968,8989.0,9994.0
1650165270,0.01,0.008313029,0.0,0.0003761947154998,0.0003756582736968,8989.0,9994.0
1650165271,0.0,0.0041014935,0.0,0.0003762543201446,0.0003757178783416,4490.5,4991.0
1650165272,0.0,0.0041014935,0.0,0.0003762543201446,0.0003757178783416,4490.5,4991.0
1650165273,0.005,0.003921349,0.005,0.000376284122467,0.000375747680664,4621.5,5219.0
1650165274,0.0,0.000696215,0.0,0.000376284122467,0.000375747680664,0.0,5821.0
1650165275,0.0,0.008839579,0.0,0.0003762543201446,0.0003757178783416,9169.0,10429.0
1650165276,0.0,0.005344308,0.0,0.0003780126571655,0.0003774762153625,6560.0,7807.0
1650165277,0.0,0.005344308,0.0,0.0003780126571655,0.0003774762153625,6560.0,7807.0
1650165278,0.0,0.002039972,0.0,0.0003761649131774,0.0003756284713745,1805.5,2166.5
1650165279,0.01,0.008906545,0.02,0.0003761649131774,0.0003756284713745,9261.0,10529.0
1650165280,0.0,0.000548136,0.0,0.0003761351108551,0.0003755986690521,394.0,716.0
1650165281,0.0,0.000548136,0.0,0.0003761351108551,0.0003755986690521,394.0,716.0
1650165282,0.0,0.0032732525,0.0,0.0003761947154998,0.0003756582736968,4358.5,4926.5
1650165283,0.01,0.008509487,0.0,0.0003761649131774,0.0003756284713745,9441.0,10699.0
1650165284,0.01,0.008509487,0.0,0.0003761649131774,0.0003756284713745,9441.0,10699.0
1650165285,0.005,0.0137093915,0.0,0.0003761947154998,0.0003756582736968,14164.5,19941.0
1650165286,0.005,0.0137093915,0.0,0.0003761947154998,0.0003756582736968,14164.5,19941.0
1650165287,0.005,0.00793794,0.005,0.0003762543201446,0.0003757178783416,9078.0,10371.5
1650165288,0.0,0.022999087,0.01,0.0003772675991058,0.0003767311573028,27251.0,30836.0
1650165289,0.0,0.015930543,0.0,0.0003762245178222,0.0003756880760192,18444.0,21219.0
1650165290,0.0,0.007719834,0.01,0.0003762245178222,0.0003756880760192,9103.0,10228.0
1650165291,0.0,0.007719834,0.01,0.0003762245178222,0.0003756880760192,9103.0,10228.0
1650165292,0.0,0.0072524385,0.0,0.0003762245178222,0.0003756880760192,9107.0,10300.5
1650165293,0.0,0.013665239,0.01,0.0003782212734222,0.0003776848316192,17622.0,19948.0
1650165294,0.0,0.013665239,0.01,0.0003782212734222,0.0003776848316192,17622.0,19948.0
1650165295,0.005,0.0085021215,0.005,0.0003772377967834,0.0003767013549804,10055.5,26583.0
1650165296,0.005,0.0085021215,0.005,0.0003772377967834,0.0003767013549804,10055.5,26583.0
1650165297,0.0,0.014162825,0.01,0.000376284122467,0.000375747680664,17157.5,19383.5
1650165298,0.01,0.019488847,0.01,0.000377207994461,0.000376671552658,24622.0,28569.0
1650165299,0.01,0.019488847,0.01,0.000377207994461,0.000376671552658,24622.0,28569.0
1650165300,0.0,0.008228686,0.01,0.0003762245178222,0.0003756880760192,10120.5,11427.0
1650165301,0.0,0.008228686,0.01,0.0003762245178222,0.0003756880760192,10120.5,11427.0
1650165302,0.005,0.0109988255,0.005,0.0003762245178222,0.0003756880760192,13390.5,15345.0
1650165303,0.01,0.015230117,0.0,0.0003761947154998,0.0003756582736968,18008.0,20723.0
1650165304,0.0,0.021780492,0.01,0.0003762245178222,0.0003756880760192,26855.0,49867.0
1650165305,0.0,0.008357229,0.0,0.0003762245178222,0.0003756880760192,9045.0,10369.0
1650165306,0.0,0.008357229,0.0,0.0003762245178222,0.0003756880760192,9045.0,10369.0
1650165307,0.0,0.0072141825,0.0,0.0003763437271118,0.0003758072853088,8975.0,10301.0
1650165308,0.0,0.0072141825,0.0,0.0003763437271118,0.0003758072853088,8975.0,10301.0
1650165309,0.01,0.0177924855,0.01,0.0003762543201446,0.0003757178783416,22394.5,25641.0
1650165310,0.0,0.022998431,0.01,0.0003762245178222,0.0003756880760192,26781.0,30689.0
1650165311,0.0,0.022998431,0.01,0.0003762245178222,0.0003756880760192,26781.0,30689.0
1650165312,0.01,0.015473311,0.01,0.000376284122467,0.000375747680664,17810.0,20461.0
1650165313,0.01,0.012816854,0.01,0.000376284122467,0.000375747680664,17482.0,19877.0
1650165314,0.01,0.012816854,0.01,0.000376284122467,0.000375747680664,17482.0,19877.0
1650165315,0.005,0.0137389125,0.005,0.0003763139247894,0.0003757774829864,16777.0,33462.0
1650165316,0.0,0.009015278,0.0,0.000376284122467,0.000375747680664,11103.0,12537.0
1650165317,0.0,0.009015278,0.0,0.000376284122467,0.000375747680664,11103.0,12537.0
1650165318,0.0,0.000265131,0.0,0.0003762245178222,0.0003756880760192,197.0,292.0
1650165319,0.01,0.021128044,0.02,0.000376284122467,0.000375747680664,26429.0,30150.0
1650165320,0.01,0.021128044,0.02,0.000376284122467,0.000375747680664,26429.0,30150.0
1650165321,0.0,0.0,0.0,0.000376284122467,0.000375747680664,0.0,0.0
1650165322,0.0,0.0,0.0,0.000376284122467,0.000375747680664,0.0,0.0
1650165323,0.0,0.003806454,0.0,0.0003761947154998,0.0003756582736968,4748.5,5637.5
1650165324,0.0,0.003806454,0.0,0.0003761947154998,0.0003756582736968,4748.5,5637.5
1650165325,0.0,0.0039497505,0.0,0.0003761947154998,0.0003756582736968,4522.5,10331.5
1650165326,0.0,0.0039497505,0.0,0.0003761947154998,0.0003756582736968,4522.5,10331.5
1650165327,0.0,0.003738142,0.0,0.0003761947154998,0.0003756582736968,4288.5,4889.0
1650165328,0.0,0.003738142,0.0,0.0003761947154998,0.0003756582736968,4288.5,4889.0
1650165329,0.0,0.0033075145,0.005,0.0003762543201446,0.0003757178783416,4358.5,4926.0
1650165330,0.0,0.006749424,0.0,0.0003771483898162,0.0003766119480133,5390.0,6801.0
1650165331,0.0,0.003185847,0.0,0.0003762245178222,0.0003756880760192,4379.0,4746.0
1650165332,0.0,0.003185847,0.0,0.0003762245178222,0.0003756880760192,4379.0,4746.0
1650165333,0.005,0.0047850395,0.005,0.0003761947154998,0.0003756582736968,4756.5,5546.5
1650165334,0.0,0.008505037,0.0,0.0003761649131774,0.0003756284713745,9111.0,21983.0
1650165335,0.0,0.008505037,0.0,0.0003761649131774,0.0003756284713745,9111.0,21983.0
1650165336,0.0,0.008089066,0.005,0.0003771483898162,0.0003766119480133,9924.5,11545.5
1650165337,0.0,0.01337347,0.0,0.0003761649131774,0.0003756284713745,16571.0,18104.0
1650165338,0.01,0.006772524,0.01,0.0003762245178222,0.0003756880760192,8783.0,9787.0
1650165339,0.0,0.000694058,0.0,0.0003761947154998,0.0003756582736968,460.0,716.0
1650165340,0.0,0.000694058,0.0,0.0003761947154998,0.0003756582736968,460.0,716.0
1650165341,0.0,0.007280862,0.005,0.000376284122467,0.000375747680664,8947.0,10143.5
1650165342,0.0,0.007280862,0.005,0.000376284122467,0.000375747680664,8947.0,10143.5
1650165343,0.005,0.0110080265,0.005,0.0003761947154998,0.0003756582736968,13657.5,15771.0
1650165344,0.0,0.01628571,0.01,0.0003762245178222,0.0003756880760192,18016.0,40927.0
1650165345,0.0,0.01628571,0.01,0.0003762245178222,0.0003756880760192,18016.0,40927.0
1650165346,0.005,0.010867896,0.005,0.000376284122467,0.000375747680664,13629.5,15551.0
1650165347,0.0,0.007294646,0.01,0.000376284122467,0.000375747680664,8577.0,9646.0
1650165348,0.0,0.007294646,0.01,0.000376284122467,0.000375747680664,8577.0,9646.0
1650165349,0.0,0.003405527,0.0,0.0003763437271118,0.0003758072853088,4288.5,4857.0
1650165350,0.0,0.003405527,0.0,0.0003763437271118,0.0003758072853088,4288.5,4857.0
1650165351,0.0,0.0114921805,0.005,0.0003762543201446,0.0003757178783416,13756.5,15840.0
1650165352,0.0,0.0114921805,0.005,0.0003762543201446,0.0003757178783416,13756.5,15840.0
1650165353,0.0,0.003739034,0.005,0.0003762543201446,0.0003757178783416,4321.5,4888.5
1650165354,0.0,0.008703172,0.0,0.0003762245178222,0.0003756880760192,9365.0,24607.0
1650165355,0.0,0.008703172,0.0,0.0003762245178222,0.0003756880760192,9365.0,24607.0
1650165356,0.0,0.004209895,0.0,0.0003761947154998,0.0003756582736968,4687.5,5577.0
1650165357,0.0,0.004209895,0.0,0.0003761947154998,0.0003756582736968,4687.5,5577.0
1650165358,0.0,0.0073875285,0.0,0.0003762245178222,0.0003756880760192,8811.0,10008.5
1650165359,0.0,0.00764949,0.0,0.0003762245178222,0.0003756880760192,9153.0,10544.0
1650165360,0.0,0.00764949,0.0,0.0003762245178222,0.0003756880760192,9153.0,10544.0
1650165361,0.0,0.003791555,0.005,0.0003761947154998,0.0003756582736968,4682.5,5406.0
1650165362,0.01,0.015618004,0.01,0.0003762245178222,0.0003756880760192,18156.0,20873.0
1650165363,0.01,0.015618004,0.01,0.0003762245178222,0.0003756880760192,18156.0,20873.0
1650165364,0.005,0.0075079235,0.005,0.000376284122467,0.000375747680664,8811.0,19527.5
1650165365,0.0,0.000187968,0.0,0.0003762543201446,0.0003757178783416,66.0,132.0
1650165366,0.0,0.006997977,0.01,0.0003762543201446,0.0003757178783416,8709.0,9843.0
1650165367,0.0,0.006997977,0.01,0.0003762543201446,0.0003757178783416,8709.0,9843.0
1650165368,0.0,0.0020562895,0.0,0.0003781020641326,0.0003775656223297,2194.0,3002.0
1650165369,0.01,0.011560376,0.01,0.0003762245178222,0.0003756880760192,14556.0,16037.0
1650165370,0.01,0.022482015,0.0,0.0003762245178222,0.0003756880760192,27045.0,30689.0
1650165371,0.01,0.022482015,0.0,0.0003762245178222,0.0003756880760192,27045.0,30689.0
1650165372,0.0,0.00390762,0.0,0.0003761947154998,0.0003756582736968,4387.5,4956.0
1650165373,0.0,0.00390762,0.0,0.0003761947154998,0.0003756582736968,4387.5,4956.0
1650165374,0.005,0.004484687,0.005,0.0003762543201446,0.0003757178783416,4625.5,10104.5
1650165375,0.01,0.015376639,0.01,0.0003762245178222,0.0003756880760192,18270.0,21894.0
1650165376,0.0,0.024425189,0.01,0.0003763139247894,0.0003757774829864,27259.0,30974.0
1650165377,0.0,0.024425189,0.01,0.0003763139247894,0.0003757774829864,27259.0,30974.0
1650165378,0.01,0.0046730595,0.0,0.0003772675991058,0.0003767311573028,5609.5,6561.5
1650165379,0.0,0.019123256,0.0,0.0003763437271118,0.0003758072853088,24337.0,27212.0
1650165380,0.0,0.015004351,0.0,0.0003763139247894,0.0003757774829864,17942.0,20455.0
1650165381,0.0,0.015004351,0.0,0.0003763139247894,0.0003757774829864,17942.0,20455.0
1650165382,0.0,0.0115283235,0.01,0.0003763139247894,0.0003757774829864,13489.5,15412.0
1650165383,0.0,0.00822806,0.0,0.000376284122467,0.000375747680664,9365.0,10814.0
1650165384,0.0,0.016094109,0.01,0.0003763139247894,0.0003757774829864,17556.0,43798.0
1650165385,0.0,0.016094109,0.01,0.0003763139247894,0.0003757774829864,17556.0,43798.0
1650165386,0.005,0.0036028715,0.005,0.0003763735294342,0.0003758370876312,4452.5,5114.5
1650165387,0.01,0.00271129,0.0,0.0003772675991058,0.0003767311573028,2740.0,4053.0
1650165388,0.01,0.00271129,0.0,0.0003772675991058,0.0003767311573028,2740.0,4053.0
1650165389,0.0,0.010214439,0.005,0.0003763139247894,0.0003757774829864,12116.5,13418.5
1650165390,0.02,0.022864197,0.02,0.000376284122467,0.000375747680664,27307.0,31278.0
1650165391,0.02,0.022864197,0.02,0.000376284122467,0.000375747680664,27307.0,31278.0
1650165392,0.0,0.007195577,0.0,0.000376284122467,0.000375747680664,8807.0,10003.5
1650165393,0.0,0.008520324,0.0,0.0003762245178222,0.0003756880760192,9365.0,10943.0
1650165394,0.0,0.001288842,0.0,0.0003761947154998,0.0003756582736968,66.0,20207.0
1650165395,0.0,0.001288842,0.0,0.0003761947154998,0.0003756582736968,66.0,20207.0
1650165396,0.0,0.0041389935,0.01,0.0003762245178222,0.0003756880760192,4752.5,5543.5
1650165397,0.0,0.0041389935,0.01,0.0003762245178222,0.0003756880760192,4752.5,5543.5
1650165398,0.0,0.003610504,0.0,0.0003761649131774,0.0003756284713745,4485.5,5116.0
1650165399,0.0,0.022905006,0.03,0.0003761947154998,0.0003756582736968,26519.0,30236.0
1650165400,0.0,0.022905006,0.03,0.0003761947154998,0.0003756582736968,26519.0,30236.0
1650165401,0.0,0.0002221515,0.0,0.0003761351108551,0.0003755986690521,197.0,292.0
1650165402,0.01,0.007087008,0.02,0.0003762245178222,0.0003756880760192,8781.0,9838.0
1650165403,0.01,0.007087008,0.02,0.0003762245178222,0.0003756880760192,8781.0,9838.0
1650165404,0.005,0.011456088,0.0,0.0003763437271118,0.0003758072853088,13436.5,24979.5
1650165405,0.0,0.007155731,0.01,0.0003763139247894,0.0003757774829864,8971.0,10229.0
1650165406,0.0,0.007155731,0.01,0.0003763139247894,0.0003757774829864,8971.0,10229.0
1650165407,0.0,0.0,0.0,0.0003763139247894,0.0003757774829864,0.0,0.0
1650165408,0.0,0.0,0.0,0.0003763139247894,0.0003757774829864,0.0,0.0
1650165409,0.0,0.0,0.0,0.0003763139247894,0.0003757774829864,0.0,0.0
1650165410,0.0033333333333333,0.007322009,0.0,0.0003763139247894,0.0003757774829864,9065.0,10326.0
1650165411,0.0,0.000742257,0.0,0.000376284122467,0.000375747680664,264.0,652.0
1650165412,0.0,0.000742257,0.0,0.000376284122467,0.000375747680664,264.0,652.0
1650165413,0.0,0.00878903,0.0,0.000376284122467,0.000375747680664,9374.0,10761.0
1650165414,0.0,0.00878903,0.0,0.000376284122467,0.000375747680664,9374.0,10761.0
1650165415,0.005,0.007859014,0.01,0.0003761947154998,0.0003756582736968,9463.5,17986.5
1650165416,0.005,0.007859014,0.01,0.0003761947154998,0.0003756582736968,9463.5,17986.5
1650165417,0.0,0.014132684,0.005,0.000376284122467,0.000375747680664,17992.5,20862.0
1650165418,0.0,0.014132684,0.005,0.000376284122467,0.000375747680664,17992.5,20862.0
1650165419,0.0,0.0114199835,0.005,0.0003762543201446,0.0003757178783416,13514.5,15502.0
1650165420,0.0,0.0114199835,0.005,0.0003762543201446,0.0003757178783416,13514.5,15502.0
1650165421,0.005,0.0074047015,0.005,0.0003762245178222,0.0003756880760192,8971.0,10230.0
1650165422,0.01,0.015448398,0.01,0.000376284122467,0.000375747680664,17548.0,19878.0
1650165423,0.01,0.015448398,0.01,0.000376284122467,0.000375747680664,17548.0,19878.0
1650165424,0.0,0.001089088,0.0,0.0003762245178222,0.0003756880760192,488.5,8071.0
1650165425,0.0,0.001089088,0.0,0.0003762245178222,0.0003756880760192,488.5,8071.0
1650165426,0.0,0.0070705735,0.0,0.0003762245178222,0.0003756880760192,8548.5,9785.5
1650165427,0.0,0.000651507,0.0,0.0003761649131774,0.0003756284713745,460.0,716.0
1650165428,0.0,0.000651507,0.0,0.0003761649131774,0.0003756284713745,460.0,716.0
1650165429,0.005,0.011536048,0.015,0.0003761649131774,0.0003756284713745,13493.5,15544.5
1650165430,0.01,0.007053172,0.01,0.0003761649131774,0.0003756284713745,8577.0,9646.0
1650165431,0.01,0.007053172,0.01,0.0003761649131774,0.0003756284713745,8577.0,9646.0
1650165432,0.005,0.007903771,0.0,0.0003761947154998,0.0003756582736968,9275.0,10662.5
1650165433,0.0,0.013209777,0.01,0.0003763139247894,0.0003757774829864,15424.0,17706.0
1650165434,0.0,0.013209777,0.01,0.0003763139247894,0.0003757774829864,15424.0,17706.0
1650165435,0.005,0.0089127005,0.0,0.000376284122467,0.000375747680664,10107.0,21293.0
1650165436,0.005,0.0089127005,0.0,0.000376284122467,0.000375747680664,10107.0,21293.0
1650165437,0.0,0.0037341635,0.005,0.000376284122467,0.000375747680664,4485.5,5116.0
1650165438,0.0,0.000160126,0.0,0.0003762543201446,0.0003757178783416,66.0,132.0
1650165439,0.01,0.007610897,0.0,0.0003762543201446,0.0003757178783416,8709.0,9846.0
1650165440,0.01,0.007610897,0.0,0.0003762543201446,0.0003757178783416,8709.0,9846.0
1650165441,0.0,0.0038133775,0.005,0.0003763139247894,0.0003757774829864,4321.5,4856.5
1650165442,0.0,0.0038133775,0.005,0.0003763139247894,0.0003757774829864,4321.5,4856.5
1650165443,0.0,0.0042684345,0.0,0.0003762543201446,0.0003757178783416,4621.5,5383.0
1650165444,0.0,0.001737958,0.0,0.0003761649131774,0.0003756284713745,526.0,7493.0
1650165445,0.0,0.001737958,0.0,0.0003761649131774,0.0003756284713745,526.0,7493.0
1650165446,0.005,0.0079680285,0.0,0.0003762245178222,0.0003756880760192,9411.0,10865.0
1650165447,0.005,0.0079680285,0.0,0.0003762245178222,0.0003756880760192,9411.0,10865.0
1650165448,0.0,0.007586721,0.005,0.0003761351108551,0.0003755986690521,9140.0,10625.5
1650165449,0.01,0.015092963,0.0,0.0003761947154998,0.0003756582736968,18296.0,20878.0
1650165450,0.01,0.015092963,0.0,0.0003761947154998,0.0003756582736968,18296.0,20878.0
1650165451,0.005,0.0146520365,0.005,0.0003761947154998,0.0003756582736968,18205.0,20552.5
1650165452,0.005,0.0146520365,0.005,0.0003761947154998,0.0003756582736968,18205.0,20552.5
1650165453,0.0,0.0076435555,0.0,0.0003761947154998,0.0003756582736968,9074.0,10298.5
1650165454,0.03,0.023512707,0.01,0.0003762543201446,0.0003757178783416,27127.0,52114.0
1650165455,0.03,0.023512707,0.01,0.0003762543201446,0.0003757178783416,27127.0,52114.0
1650165456,0.0,0.011437248,0.005,0.0003762543201446,0.0003757178783416,13423.5,15345.5
1650165457,0.01,0.023435605,0.01,0.0003762543201446,0.0003757178783416,26979.0,30691.0
1650165458,0.0,0.007947554,0.01,0.0003762245178222,0.0003756880760192,9101.0,10285.0
1650165459,0.0,0.007947554,0.01,0.0003762245178222,0.0003756880760192,9101.0,10285.0
1650165460,0.01,0.0188509575,0.015,0.000376284122467,0.000375747680664,22452.5,25666.0
1650165461,0.0,0.028378498,0.02,0.000376284122467,0.000375747680664,35752.0,40916.0
1650165462,0.0,0.028378498,0.02,0.000376284122467,0.000375747680664,35752.0,40916.0
1650165463,0.01,0.014626104,0.01,0.0003762543201446,0.0003757178783416,17810.0,20460.0
1650165464,0.01,0.015871611,0.01,0.0003762543201446,0.0003757178783416,17810.0,54126.0
1650165465,0.01,0.015871611,0.01,0.0003762543201446,0.0003757178783416,17810.0,54126.0
1650165466,0.0,0.0110262895,0.01,0.000376284122467,0.000375747680664,13390.5,15344.0
1650165467,0.02,0.021736143,0.0,0.0003763437271118,0.0003758072853088,26847.0,30688.0
1650165468,0.02,0.021736143,0.0,0.0003763437271118,0.0003758072853088,26847.0,30688.0
1650165469,0.005,0.0034810735,0.005,0.0003762543201446,0.0003757178783416,4452.5,5116.0
1650165470,0.01,0.034874572,0.02,0.0003763139247894,0.0003757774829864,44657.0,51150.0
1650165471,0.01,0.034874572,0.02,0.0003763139247894,0.0003757774829864,44657.0,51150.0
1650165472,0.0,0.0070067505,0.005,0.0003762543201446,0.0003757178783416,8905.0,10231.0
1650165473,0.0,0.014111771,0.0,0.0003762245178222,0.0003756880760192,17942.0,20591.0
1650165474,0.0,0.014111771,0.0,0.0003762245178222,0.0003756880760192,17942.0,20591.0
1650165475,0.0,0.007590863,0.0,0.0003762245178222,0.0003756880760192,8905.0,21599.0
1650165476,0.0,0.007590863,0.0,0.0003762245178222,0.0003756880760192,8905.0,21599.0
1650165477,0.005,0.010938666,0.005,0.000376284122467,0.000375747680664,13390.5,15408.0
1650165478,0.01,0.015899882,0.01,0.0003781616687774,0.0003776252269744,23178.0,26566.0
1650165479,0.01,0.01923996,0.02,0.0003781616687774,0.0003776252269744,27895.0,32499.0
1650165480,0.01,0.01923996,0.02,0.0003781616687774,0.0003776252269744,27895.0,32499.0
1650165481,0.0,0.0080065965,0.005,0.0003762245178222,0.0003756880760192,10186.5,11523.5
1650165482,0.0,0.0080065965,0.005,0.0003762245178222,0.0003756880760192,10186.5,11523.5
1650165483,0.005,0.0118974455,0.005,0.0003762543201446,0.0003757178783416,13460.5,15414.0
1650165484,0.0,0.020450295,0.01,0.0003762543201446,0.0003757178783416,26847.0,56609.0
1650165485,0.0,0.020450295,0.01,0.0003762543201446,0.0003757178783416,26847.0,56609.0
1650165486,0.005,0.006692446,0.005,0.0003762543201446,0.0003757178783416,8975.0,10300.0
1650165487,0.01,0.020822081,0.03,0.000376284122467,0.000375747680664,26921.0,30961.0
1650165488,0.01,0.020822081,0.03,0.000376284122467,0.000375747680664,26921.0,30961.0
1650165489,0.005,0.0099303475,0.005,0.0003763139247894,0.0003757774829864,13390.5,15346.5
1650165490,0.005,0.0099303475,0.005,0.0003763139247894,0.0003757774829864,13390.5,15346.5
1650165491,0.005,0.009843647,0.005,0.0003762543201446,0.0003757178783416,13423.5,15409.5
1650165492,0.005,0.009843647,0.005,0.0003762543201446,0.0003757178783416,13423.5,15409.5
1650165493,0.0,0.01444385,0.01,0.0003762245178222,0.0003756880760192,17909.0,20560.5
1650165494,0.02,0.023961488,0.02,0.0003762245178222,0.0003756880760192,26855.0,59717.0
1650165495,0.02,0.023961488,0.02,0.0003762245178222,0.0003756880760192,26855.0,59717.0
1650165496,0.0,0.0039545685,0.005,0.0003762245178222,0.0003756880760192,4518.5,5180.5
1650165497,0.0,0.014996527,0.01,0.0003763139247894,0.0003757774829864,18090.0,20738.0
1650165498,0.0,0.014996527,0.01,0.0003763139247894,0.0003757774829864,18090.0,20738.0
1650165499,0.0,0.00689383,0.0,0.0003762543201446,0.0003757178783416,8959.0,10250.5
1650165500,0.01,0.020165483,0.01,0.000376284122467,0.000375747680664,26847.0,30687.0
1650165501,0.01,0.020165483,0.01,0.000376284122467,0.000375747680664,26847.0,30687.0
1650165502,0.005,0.0080315785,0.0,0.0003762543201446,0.0003757178783416,9074.0,10433.0
1650165503,0.0,0.013208579,0.01,0.0003762543201446,0.0003757178783416,17942.0,20464.0
1650165504,0.01,0.007825357,0.0,0.0003762543201446,0.0003757178783416,8971.0,41116.0
1650165505,0.01,0.007825357,0.0,0.0003762543201446,0.0003757178783416,8971.0,41116.0
1650165506,0.0,0.006169208,0.005,0.0003762245178222,0.0003756880760192,8938.0,10231.0
1650165507,0.01,0.021441247,0.01,0.0003762543201446,0.0003757178783416,26987.0,30829.0
1650165508,0.01,0.021441247,0.01,0.0003762543201446,0.0003757178783416,26987.0,30829.0
1650165509,0.01,0.006557707,0.0,0.0003762543201446,0.0003757178783416,9008.0,10299.0
1650165510,0.0,0.012075366,0.01,0.0003762543201446,0.0003757178783416,17942.0,20659.0
1650165511,0.0,0.012075366,0.01,0.0003762543201446,0.0003757178783416,17942.0,20659.0
1650165512,0.0,0.0096125195,0.01,0.0003762543201446,0.0003757178783416,13460.5,15417.0
1650165513,0.0,0.0096125195,0.01,0.0003762543201446,0.0003757178783416,13460.5,15417.0
1650165514,0.01,0.010573983,0.005,0.000376284122467,0.000375747680664,13390.5,25589.0
1650165515,0.01,0.020007069,0.02,0.000376284122467,0.000375747680664,26847.0,30688.0
1650165516,0.01,0.020007069,0.02,0.000376284122467,0.000375747680664,26847.0,30688.0
1650165517,0.005,0.006774357,0.005,0.000376284122467,0.000375747680664,8905.0,10230.5
1650165518,0.0,0.00727669,0.02,0.0003762543201446,0.0003757178783416,8905.0,10232.0
1650165519,0.0,0.00727669,0.02,0.0003762543201446,0.0003757178783416,8905.0,10232.0
1650165520,0.01,0.009386793,0.005,0.0003763139247894,0.0003757774829864,13423.5,15346.5
1650165521,0.0,0.006110342,0.0,0.0003763139247894,0.0003757774829864,8905.0,10231.0
1650165522,0.0,0.006440917,0.01,0.0003762543201446,0.0003757178783416,9037.0,10358.0
1650165523,0.0,0.021155493,0.0,0.0003762245178222,0.0003756880760192,26715.0,30689.0
1650165524,0.0,0.021155493,0.0,0.0003762245178222,0.0003756880760192,26715.0,30689.0
1650165525,0.0,0.0124923265,0.015,0.0003762543201446,0.0003757178783416,17810.0,34712.0
1650165526,0.0,0.006367768,0.0,0.0003762543201446,0.0003757178783416,8905.0,10230.0
1650165527,0.0,0.006367768,0.0,0.0003762543201446,0.0003757178783416,8905.0,10230.0
1650165528,0.0,0.0061745085,0.005,0.000376284122467,0.000375747680664,8975.0,10300.5
1650165529,0.0,0.02462619,0.02,0.000378131866455,0.000377595424652,36407.0,42231.0
1650165530,0.0,0.02462619,0.02,0.000378131866455,0.000377595424652,36407.0,42231.0
1650165531,0.005,0.0088677695,0.01,0.000376284122467,0.000375747680664,13133.0,14823.5
1650165532,0.005,0.0088677695,0.01,0.000376284122467,0.000375747680664,13133.0,14823.5
1650165533,0.005,0.009439777,0.0,0.000376284122467,0.000375747680664,13390.5,15346.5
1650165534,0.005,0.009439777,0.0,0.000376284122467,0.000375747680664,13390.5,15346.5
1650165535,0.0,0.009713981,0.005,0.0003762543201446,0.0003757178783416,13423.5,30689.0
1650165536,0.0,0.009713981,0.005,0.0003762543201446,0.0003757178783416,13423.5,30689.0
1650165537,0.005,0.015106407,0.005,0.000376284122467,0.000375747680664,22295.5,25577.0
1650165538,0.01,0.0126134,0.02,0.000376284122467,0.000375747680664,17876.0,20456.0
1650165539,0.0,0.024316764,0.0,0.000376284122467,0.000375747680664,35728.0,41097.0
1650165540,0.0,0.024316764,0.0,0.000376284122467,0.000375747680664,35728.0,41097.0
1650165541,0.005,0.0063922835,0.005,0.0003762245178222,0.0003756880760192,8905.0,10230.0
1650165542,0.005,0.0063922835,0.005,0.0003762245178222,0.0003756880760192,8905.0,10230.0
1650165543,0.005,0.016879287,0.01,0.0003762543201446,0.0003757178783416,22262.5,25577.5
1650165544,0.005,0.016879287,0.01,0.0003762543201446,0.0003757178783416,22262.5,25577.5
1650165545,0.005,0.013188674,0.01,0.0003762245178222,0.0003756880760192,17843.0,33651.5
1650165546,0.0,0.020861506,0.03,0.0003762245178222,0.0003756880760192,26715.0,30689.0
1650165547,0.0,0.020861506,0.03,0.0003762245178222,0.0003756880760192,26715.0,30689.0
1650165548,0.0,0.003281629,0.005,0.0003762543201446,0.0003757178783416,4485.5,5115.5
1650165549,0.0,0.003281629,0.005,0.0003762543201446,0.0003757178783416,4485.5,5115.5
1650165550,0.0,0.0128722415,0.01,0.0003762543201446,0.0003757178783416,17913.0,20531.0
1650165551,0.0,0.022977718,0.01,0.0003772675991058,0.0003767311573028,33160.0,38028.0
1650165552,0.0,0.008966209,0.0,0.0003762245178222,0.0003756880760192,11497.0,13249.0
1650165553,0.02,0.006947114,0.01,0.0003762245178222,0.0003756880760192,8905.0,10232.0
1650165554,0.02,0.006947114,0.01,0.0003762245178222,0.0003756880760192,8905.0,10232.0
1650165555,0.0,0.010164946,0.005,0.000376284122467,0.000375747680664,13357.5,29907.5
1650165556,0.01,0.012190339,0.01,0.0003762543201446,0.0003757178783416,17876.0,20456.0
1650165557,0.0,0.016161182,0.01,0.0003763139247894,0.0003757774829864,23345.0,27310.0
1650165558,0.0,0.016161182,0.01,0.0003763139247894,0.0003757774829864,23345.0,27310.0
1650165559,0.005,0.0073963615,0.005,0.0003762245178222,0.0003756880760192,10590.0,11921.0
1650165560,0.005,0.0073963615,0.005,0.0003762245178222,0.0003756880760192,10590.0,11921.0
1650165561,0.0,0.009622305,0.005,0.0003762543201446,0.0003757178783416,13357.5,15345.0
1650165562,0.0,0.02045076,0.02,0.0003763139247894,0.0003757774829864,26321.0,30104.0
1650165563,0.0,0.02045076,0.02,0.0003763139247894,0.0003757774829864,26321.0,30104.0
1650165564,0.005,0.0039039065,0.0,0.0003762245178222,0.0003756880760192,4649.5,13961.0
1650165565,0.0,0.012927883,0.0,0.0003762245178222,0.0003756880760192,17810.0,20460.0
1650165566,0.0,0.012927883,0.0,0.0003762245178222,0.0003756880760192,17810.0,20460.0
1650165567,0.0,0.006558031,0.01,0.0003762245178222,0.0003756880760192,8905.0,10228.5
1650165568,0.01,0.013088537,0.01,0.0003762245178222,0.0003756880760192,18016.0,20735.0
1650165569,0.01,0.013088537,0.01,0.0003762245178222,0.0003756880760192,18016.0,20735.0
1650165570,0.01,0.0078750475,0.0,0.0003762543201446,0.0003757178783416,8975.0,10298.5
1650165571,0.0,0.020210501,0.01,0.0003762245178222,0.0003756880760192,26847.0,30820.0
1650165572,0.0,0.020210501,0.01,0.0003762245178222,0.0003756880760192,26847.0,30820.0
1650165573,0.0,0.003548915,0.0,0.0003762543201446,0.0003757178783416,4452.5,5115.0
1650165574,0.0,0.003548915,0.0,0.0003762543201446,0.0003757178783416,4452.5,5115.0
1650165575,0.01,0.018382625,0.015,0.0003763139247894,0.0003757774829864,22497.5,39936.0
1650165576,0.01,0.018382625,0.015,0.0003763139247894,0.0003757774829864,22497.5,39936.0
1650165577,0.005,0.0067711925,0.005,0.0003762245178222,0.0003756880760192,8971.0,10295.5
1650165578,0.0,0.006861127,0.0,0.0003762543201446,0.0003757178783416,8905.0,10230.0
1650165579,0.0,0.018909168,0.01,0.0003762543201446,0.0003757178783416,26757.0,30735.0
1650165580,0.0,0.018909168,0.01,0.0003762543201446,0.0003757178783416,26757.0,30735.0
1650165581,0.0,0.0064257445,0.0,0.0003762245178222,0.0003756880760192,8905.0,10228.5
1650165582,0.0,0.007311906,0.01,0.0003771781921386,0.0003766417503356,9488.0,10799.0
1650165583,0.0,0.007311906,0.01,0.0003771781921386,0.0003766417503356,9488.0,10799.0
1650165584,0.005,0.0099922425,0.005,0.0003762245178222,0.0003756880760192,13169.0,26773.5
1650165585,0.0,0.019821081,0.02,0.0003762245178222,0.0003756880760192,26781.0,30824.0
1650165586,0.0,0.019821081,0.02,0.0003762245178222,0.0003756880760192,26781.0,30824.0
1650165587,0.01,0.006431905,0.005,0.0003762543201446,0.0003757178783416,8975.0,10301.0
1650165588,0.01,0.012698497,0.0,0.0003762543201446,0.0003757178783416,18016.0,20601.0
1650165589,0.0,0.013032389,0.01,0.000376284122467,0.000375747680664,17942.0,20588.0
1650165590,0.01,0.025891262,0.01,0.000376284122467,0.000375747680664,35826.0,41058.0
1650165591,0.0,0.016950358,0.01,0.0003763139247894,0.0003757774829864,26453.0,30111.0
1650165592,0.0,0.016950358,0.01,0.0003763139247894,0.0003757774829864,26453.0,30111.0
1650165593,0.01,0.0033875125,0.0,0.000376284122467,0.000375747680664,4649.5,5407.5
1650165594,0.02,0.019487236,0.01,0.0003762543201446,0.0003757178783416,26715.0,60407.0
1650165595,0.02,0.019487236,0.01,0.0003762543201446,0.0003757178783416,26715.0,60407.0
1650165596,0.0,0.0062583875,0.005,0.0003762543201446,0.0003757178783416,8971.0,10230.0
1650165597,0.0,0.0062583875,0.005,0.0003762543201446,0.0003757178783416,8971.0,10230.0
1650165598,0.0,0.0119062485,0.0,0.0003762543201446,0.0003757178783416,18008.0,20590.0
1650165599,0.0,0.01898523,0.02,0.0003762543201446,0.0003757178783416,26781.0,30685.0
1650165600,0.0,0.01507246,0.01,0.0003763139247894,0.0003757774829864,17876.0,20458.0
1650165601,0.0,0.01507246,0.01,0.0003763139247894,0.0003757774829864,17876.0,20458.0
1650165602,0.01,0.0084325725,0.005,0.0003762543201446,0.0003757178783416,8905.0,10230.5
1650165603,0.01,0.0084325725,0.005,0.0003762543201446,0.0003757178783416,8905.0,10230.5
1650165604,0.0,0.012728676,0.005,0.0003762543201446,0.0003757178783416,13390.5,29788.0
1650165605,0.01,0.015670705,0.01,0.0003762245178222,0.0003756880760192,17876.0,20592.0
1650165606,0.01,0.015670705,0.01,0.0003762245178222,0.0003756880760192,17876.0,20592.0
1650165607,0.005,0.0076934425,0.0,0.0003762543201446,0.0003757178783416,8975.0,10300.5
1650165608,0.0,0.014643469,0.0,0.0003762543201446,0.0003757178783416,18016.0,20732.0
1650165609,0.0,0.014643469,0.0,0.0003762543201446,0.0003757178783416,18016.0,20732.0
1650165610,0.0,0.0144831175,0.005,0.0003762543201446,0.0003757178783416,17810.0,20461.0
1650165611,0.0,0.0144831175,0.005,0.0003762543201446,0.0003757178783416,17810.0,20461.0
1650165612,0.01,0.010578085,0.0,0.0003762543201446,0.0003757178783416,13357.5,15343.5
1650165613,0.0,0.021515693,0.02,0.0003762245178222,0.0003756880760192,26847.0,30955.0
1650165614,0.0,0.021515693,0.02,0.0003762245178222,0.0003756880760192,26847.0,30955.0
1650165615,0.01,0.010505346,0.01,0.0003762543201446,0.0003757178783416,11808.5,27084.0
1650165616,0.0,0.01009174,0.01,0.0003762245178222,0.0003756880760192,12003.0,13472.0
1650165617,0.0,0.014378322,0.01,0.0003762245178222,0.0003756880760192,18016.0,20734.0
1650165618,0.0,0.011539077,0.0,0.000376284122467,0.000375747680664,14572.0,17279.0
1650165619,0.0,0.011539077,0.0,0.000376284122467,0.000375747680664,14572.0,17279.0
1650165620,0.005,0.00871063,0.005,0.0003761649131774,0.0003756284713745,10836.5,12424.5
1650165621,0.005,0.00871063,0.005,0.0003761649131774,0.0003756284713745,10836.5,12424.5
1650165622,0.0,0.0,0.0,0.0003761649131774,0.0003756284713745,0.0,232.0
1650165623,0.0,0.000633461,0.0,0.0003761947154998,0.0003756582736968,739.0,354.0
1650165624,0.0,0.000633461,0.0,0.0003761947154998,0.0003756582736968,739.0,354.0
1650165625,0.0,0.0007397505,0.0,0.0003762245178222,0.0003756880760192,336.5,8082.5
1650165626,0.0,0.0007397505,0.0,0.0003762245178222,0.0003756880760192,336.5,8082.5
1650165627,0.0,0.0007406205,0.0,0.0003761947154998,0.0003756582736968,537.5,1399.5
1650165628,0.0,0.000174583,0.0,0.0003761649131774,0.0003756284713745,366.0,364.0
1650165629,0.0,0.002410261,0.0,0.000375896692276,0.000375360250473,1609.0,3044.0
1650165630,0.0,0.002410261,0.0,0.000375896692276,0.000375360250473,1609.0,3044.0
1650165631,0.0,0.000452384,0.0,0.0003758668899536,0.0003753304481506,543.5,1093.5
1650165632,0.0,0.000452384,0.0,0.0003758668899536,0.0003753304481506,543.5,1093.5
1650165633,0.0,0.000248826,0.0,0.0003758668899536,0.0003753304481506,858.5,272.0
1650165634,0.0,0.000625768,0.0,0.0003758668899536,0.0003753304481506,464.0,1290.0
1650165635,0.0,0.000625768,0.0,0.0003758668899536,0.0003753304481506,464.0,1290.0
1650165636,0.0,0.0007521055,0.0,0.0003758370876312,0.0003753006458282,648.5,1230.0
1650165637,0.0,0.001051503,0.0,0.0003767907619476,0.0003762543201446,929.0,901.0
1650165638,0.0,0.001051503,0.0,0.0003767907619476,0.0003762543201446,929.0,901.0
1650165639,0.0,0.0004722525,0.0,0.0003758370876312,0.0003753006458282,567.5,342.0
1650165640,0.0,0.001624963,0.0,0.0003767609596252,0.0003762245178222,1423.0,2534.0
1650165641,0.0,0.001624963,0.0,0.0003767609596252,0.0003762245178222,1423.0,2534.0
1650165642,0.0,0.000132307,0.0,0.0003758668899536,0.0003753304481506,37.0,252.0
1650165643,0.0,0.000132307,0.0,0.0003758668899536,0.0003753304481506,37.0,252.0
1650165644,0.0,0.00056444,0.0,0.0003758668899536,0.0003753304481506,468.5,424.5
1650165645,0.0,0.000647899,0.0,0.000375896692276,0.000375360250473,875.0,346.0
1650165646,0.0,0.001121074,0.01,0.0003758668899536,0.0003753304481506,476.0,1736.0
1650165647,0.0,0.001121074,0.01,0.0003758668899536,0.0003753304481506,476.0,1736.0
1650165648,0.0,0.0007620285,0.0,0.0003758668899536,0.0003753304481506,639.5,862.5
1650165649,0.0,0.001469256,0.0,0.000375896692276,0.000375360250473,1141.0,1659.0
1650165650,0.0,0.001469256,0.0,0.000375896692276,0.000375360250473,1141.0,1659.0
1650165651,0.0,0.000420752,0.0,0.0003759264945983,0.0003753900527954,398.5,206.0
1650165652,0.0,0.000420752,0.0,0.0003759264945983,0.0003753900527954,398.5,206.0
1650165653,0.005,0.000614176,0.0,0.0003759562969207,0.0003754198551177,603.5,862.5
1650165654,0.0,0.001771288,0.0,0.0003768503665924,0.0003763139247894,1207.0,3585.0
1650165655,0.0,0.001771288,0.0,0.0003768503665924,0.0003763139247894,1207.0,3585.0
1650165656,0.0,0.0004391105,0.0,0.000375896692276,0.000375360250473,211.0,619.5
1650165657,0.0,0.0004391105,0.0,0.000375896692276,0.000375360250473,211.0,619.5
1650165658,0.0,0.0004947575,0.0,0.000375896692276,0.000375360250473,599.5,689.5
1650165659,0.0,0.000574244,0.0,0.0003758668899536,0.0003753304481506,757.0,612.0
1650165660,0.0,0.001435533,0.0,0.00037682056427,0.000376284122467,1189.0,1898.0
1650165661,0.0,0.001435533,0.0,0.00037682056427,0.000376284122467,1189.0,1898.0
1650165662,0.0,0.0003079385,0.0,0.000375896692276,0.000375360250473,201.0,474.5
1650165663,0.0,0.001107973,0.01,0.0003758668899536,0.0003753304481506,787.0,1312.0
1650165664,0.0,0.001107973,0.01,0.0003758668899536,0.0003753304481506,787.0,1312.0
1650165665,0.0,0.0008086495,0.0,0.000375896692276,0.000375360250473,537.5,936.5
1650165666,0.0,0.000652029,0.0,0.0003768503665924,0.0003763139247894,847.0,346.0
1650165667,0.0,0.000652029,0.0,0.0003768503665924,0.0003763139247894,847.0,346.0
1650165668,0.0,0.0,0.0,0.0003758668899536,0.0003753304481506,66.0,37.0
1650165669,0.0,0.0,0.0,0.0003758668899536,0.0003753304481506,66.0,37.0
1650165670,0.0,0.0010568265,0.0,0.0003758668899536,0.0003753304481506,565.5,1241.5
1650165671,0.0,0.0010587,0.0,0.0003758668899536,0.0003753304481506,935.0,1445.0
1650165672,0.0,0.000697748,0.0,0.000375896692276,0.000375360250473,781.0,569.0
1650165673,0.0,0.0,0.0,0.0003758668899536,0.0003753304481506,198.0,66.0
1650165674,0.0,0.0,0.0,0.0003758668899536,0.0003753304481506,198.0,66.0
1650165675,0.0,0.000741713,0.0,0.0003758370876312,0.0003753006458282,393.5,1508.5
1650165676,0.0,0.000592903,0.0,0.0003758072853088,0.0003752708435058,468.0,875.0
1650165677,0.0,0.000990511,0.0,0.0003758370876312,0.0003753006458282,787.0,1312.0
1650165678,0.0,0.000990511,0.0,0.0003758370876312,0.0003753006458282,787.0,1312.0
1650165679,0.0,0.000505674,0.0,0.0003758370876312,0.0003753006458282,459.5,544.5
1650165680,0.0,0.000947953,0.0,0.0003758668899536,0.0003753304481506,919.0,1453.0
1650165681,0.0,0.000273371,0.0,0.0003758072853088,0.0003752708435058,74.0,364.0
1650165682,0.0,0.000273371,0.0,0.0003758072853088,0.0003752708435058,74.0,364.0
1650165683,0.0,0.0005599425,0.0,0.0003758370876312,0.0003753006458282,467.5,577.5
1650165684,0.0,0.001155214,0.0,0.0003767907619476,0.0003762543201446,847.0,2063.0
1650165685,0.0,0.000299638,0.0,0.0003758668899536,0.0003753304481506,74.0,438.0
1650165686,0.0,0.000299638,0.0,0.0003758668899536,0.0003753304481506,74.0,438.0
1650165687,0.0,0.0004303225,0.0,0.000375896692276,0.000375360250473,467.5,577.5
1650165688,0.0,0.000635509,0.0,0.0003758668899536,0.0003753304481506,410.0,1313.0
1650165689,0.0,0.000944848,0.0,0.000375896692276,0.000375360250473,871.0,776.0
1650165690,0.0,0.000944848,0.0,0.000375896692276,0.000375360250473,871.0,776.0
1650165691,0.0,0.0004042665,0.0,0.000375896692276,0.000375360250473,398.5,354.5
1650165692,0.0,0.000869751,0.0,0.0003758668899536,0.0003753304481506,410.0,1239.0
1650165693,0.0,0.001215065,0.01,0.0003758668899536,0.0003753304481506,1265.0,1361.0
1650165694,0.0,0.001215065,0.01,0.0003758668899536,0.0003753304481506,1265.0,1361.0
1650165695,0.0,0.0005655185,0.0,0.000375896692276,0.000375360250473,324.5,992.0
1650165696,0.0,0.0005655185,0.0,0.000375896692276,0.000375360250473,324.5,992.0
1650165697,0.0,0.0011243805,0.0,0.0003758668899536,0.0003753304481506,672.5,1379.0
1650165698,0.0,0.001245723,0.0,0.0003767907619476,0.0003762543201446,1141.0,1519.0
1650165699,0.0,0.001245723,0.0,0.0003767907619476,0.0003762543201446,1141.0,1519.0
1650165700,0.0,0.0,0.0,0.0003758668899536,0.0003753304481506,120.0,91.0
1650165701,0.0,0.000942817,0.0,0.0003758668899536,0.0003753304481506,649.0,504.0
1650165702,0.01,0.001888611,0.0,0.00037682056427,0.000376284122467,1279.0,2328.0
1650165703,0.0,0.000433609,0.0,0.000375896692276,0.000375360250473,402.0,949.0
1650165704,0.0,0.000433609,0.0,0.000375896692276,0.000375360250473,402.0,949.0
1650165705,0.0,0.0004351315,0.0,0.000375896692276,0.000375360250473,324.5,678.0
1650165706,0.0,0.000608278,0.0,0.0003758668899536,0.0003753304481506,74.0,430.0
1650165707,0.0,0.001497214,0.01,0.000375896692276,0.000375360250473,1403.0,2170.0
1650165708,0.0,0.001497214,0.01,0.000375896692276,0.000375360250473,1403.0,2170.0
1650165709,0.0,0.000309838,0.0,0.000375896692276,0.000375360250473,357.5,173.0
1650165710,0.0,0.000309838,0.0,0.000375896692276,0.000375360250473,357.5,173.0
1650165711,0.0,0.0005724505,0.0,0.0003768503665924,0.0003763139247894,537.5,829.5
1650165712,0.0,0.00069649,0.0,0.000375896692276,0.000375360250473,344.0,1247.0
1650165713,0.0,0.00069649,0.0,0.000375896692276,0.000375360250473,344.0,1247.0
1650165714,0.0,0.0006231415,0.0,0.000375896692276,0.000375360250473,435.5,500.0
1650165715,0.0,0.001081807,0.0,0.0003759264945983,0.0003753900527954,1199.0,1221.0
1650165716,0.0,0.001081807,0.0,0.0003759264945983,0.0003753900527954,1199.0,1221.0
1650165717,0.0,0.0003336045,0.0,0.0003759562969207,0.0003754198551177,357.5,210.0
1650165718,0.0,0.0003336045,0.0,0.0003759562969207,0.0003754198551177,357.5,210.0
1650165719,0.0,0.0009151995,0.0,0.0003759562969207,0.0003754198551177,639.5,1234.0
1650165720,0.0,0.0009151995,0.0,0.0003759562969207,0.0003754198551177,639.5,1234.0
1650165721,0.0,0.0019566825,0.0,0.000375896692276,0.000375360250473,636.5,1007.5
1650165722,0.0,0.000590374,0.0,0.0003758668899536,0.0003753304481506,74.0,430.0
1650165723,0.0,0.000643539,0.0,0.0003759264945983,0.0003753900527954,797.0,346.0
1650165724,0.0,0.000643539,0.0,0.0003759264945983,0.0003753900527954,797.0,346.0
1650165725,0.0,0.0008929745,0.0,0.000375896692276,0.000375360250473,591.5,1769.5
1650165726,0.0,0.001917323,0.0,0.0003768503665924,0.0003763139247894,1279.0,2626.0
1650165727,0.0,0.001917323,0.0,0.0003768503665924,0.0003763139247894,1279.0,2626.0
1650165728,0.0,0.0004343095,0.0,0.0003758668899536,0.0003753304481506,172.0,619.0
1650165729,0.0,0.0004343095,0.0,0.0003758668899536,0.0003753304481506,172.0,619.0
1650165730,0.0,0.0003769915,0.0,0.000375896692276,0.000375360250473,497.5,276.0
1650165731,0.0,0.000607645,0.0,0.0003759264945983,0.0003753900527954,715.0,346.0
1650165732,0.0,0.000607645,0.0,0.0003759264945983,0.0003753900527954,715.0,346.0
1650165733,0.0,0.0009558345,0.0,0.0003759562969207,0.0003754198551177,639.5,1201.0
1650165734,0.01,0.002111448,0.0,0.0003768503665924,0.0003763139247894,1141.0,3262.0
1650165735,0.01,0.002111448,0.0,0.0003768503665924,0.0003763139247894,1141.0,3262.0
1650165736,0.0,0.000201368,0.0,0.000375896692276,0.000375360250473,37.0,215.0
1650165737,0.0,0.001082974,0.0,0.000375896692276,0.000375360250473,863.0,701.0
1650165738,0.0,0.001295297,0.0,0.000375896692276,0.000375360250473,1117.0,1221.0
1650165739,0.0,0.001295297,0.0,0.000375896692276,0.000375360250473,1117.0,1221.0
1650165740,0.0,0.0010531915,0.0,0.0003758668899536,0.0003753304481506,255.0,495.5
1650165741,0.0,0.000847737,0.0,0.000375896692276,0.000375360250473,853.0,1155.0
1650165742,0.0,0.001766355,0.0,0.00037682056427,0.000376284122467,1279.0,2625.0
1650165743,0.0,0.000204701,0.0,0.0003758668899536,0.0003753304481506,74.0,430.0
1650165744,0.0,0.000204701,0.0,0.0003758668899536,0.0003753304481506,74.0,430.0
1650165745,0.0,0.000544905,0.0,0.0003758668899536,0.0003753304481506,431.5,882.0
1650165746,0.0,0.0,0.0,0.0003758668899536,0.0003753304481506,132.0,74.0
1650165747,0.0,0.0,0.0,0.0003758668899536,0.0003753304481506,132.0,74.0
1650165748,0.0,0.000790483,0.0,0.0003758668899536,0.0003753304481506,496.5,871.5
1650165749,0.0,0.000790483,0.0,0.0003758668899536,0.0003753304481506,496.5,871.5
1650165750,0.0,0.000612596,0.0,0.0003758370876312,0.0003753006458282,668.5,1094.0
1650165751,0.0,0.000756835,0.0,0.0003758668899536,0.0003753304481506,715.0,412.0
1650165752,0.0,0.000756835,0.0,0.0003758668899536,0.0003753304481506,715.0,412.0
1650165753,0.01,0.018523229,0.005,0.0003761947154998,0.0003756582736968,19367.5,21946.5
1650165754,0.01,0.018523229,0.005,0.0003761947154998,0.0003756582736968,19367.5,21946.5
1650165755,0.0,0.0086194525,0.005,0.0003762543201446,0.0003757178783416,9408.0,13814.0
1650165756,0.0,0.014910729,0.01,0.000376284122467,0.000375747680664,18674.0,21270.0
1650165757,0.0,0.014910729,0.01,0.000376284122467,0.000375747680664,18674.0,21270.0
1650165758,0.005,0.0112552015,0.005,0.0003762245178222,0.0003756880760192,13931.5,15885.5
1650165759,0.0,0.01495174,0.0,0.0003762245178222,0.0003756880760192,18074.0,20463.0
1650165760,0.0,0.015161869,0.0,0.0003763139247894,0.0003757774829864,18148.0,20600.0
1650165761,0.0,0.015161869,0.0,0.0003763139247894,0.0003757774829864,18148.0,20600.0
1650165762,0.005,0.0155593595,0.015,0.000376284122467,0.000375747680664,18078.0,20530.5
1650165763,0.01,0.023171302,0.0,0.000376284122467,0.000375747680664,27045.0,30694.0
1650165764,0.01,0.023171302,0.0,0.000376284122467,0.000375747680664,27045.0,30694.0
1650165765,0.0,0.011172536,0.005,0.000376284122467,0.000375747680664,13456.5,31360.5
1650165766,0.0,0.011172536,0.005,0.000376284122467,0.000375747680664,13456.5,31360.5
1650165767,0.01,0.0070594455,0.005,0.0003764033317565,0.0003758668899536,8774.0,10004.0
1650165768,0.0,0.022260224,0.0,0.000376284122467,0.000375747680664,27307.0,31409.0
1650165769,0.0,0.022260224,0.0,0.000376284122467,0.000375747680664,27307.0,31409.0
1650165770,0.005,0.014349638,0.01,0.0003762543201446,0.0003757178783416,17967.0,20551.5
1650165771,0.0,0.014782153,0.0,0.0003763437271118,0.0003758072853088,17942.0,20462.0
1650165772,0.01,0.008042878,0.01,0.0003762245178222,0.0003756880760192,8971.0,10364.0
1650165773,0.01,0.008042878,0.01,0.0003762245178222,0.0003756880760192,8971.0,10364.0
1650165774,0.0,0.018901685,0.0,0.0003762245178222,0.0003756880760192,22328.5,41741.0
1650165775,0.0,0.018901685,0.0,0.0003762245178222,0.0003756880760192,22328.5,41741.0
1650165776,0.0,0.0074298425,0.005,0.0003762245178222,0.0003756880760192,8905.0,10231.5
1650165777,0.01,0.022390188,0.0,0.0003763139247894,0.0003757774829864,26995.0,30972.0
1650165778,0.01,0.006953674,0.0,0.0003762543201446,0.0003757178783416,8971.0,10228.0
1650165779,0.01,0.006953674,0.0,0.0003762543201446,0.0003757178783416,8971.0,10228.0
1650165780,0.005,0.007220951,0.0,0.0003762543201446,0.0003757178783416,8938.0,10297.0
1650165781,0.0,0.021915361,0.0,0.0003763139247894,0.0003757774829864,26987.0,30835.0
1650165782,0.0,0.007770849,0.01,0.0003762543201446,0.0003757178783416,8971.0,10232.0
1650165783,0.01,0.009285924,0.0,0.0003771781921386,0.0003766417503356,11087.0,13455.0
1650165784,0.01,0.009285924,0.0,0.0003771781921386,0.0003766417503356,11087.0,13455.0
1650165785,0.0,0.0005230515,0.0,0.0003762543201446,0.0003757178783416,0.0,8688.5
1650165786,0.0,0.000854357,0.0,0.0003762543201446,0.0003757178783416,1099.0,2023.0
1650165787,0.0,0.002345093,0.0,0.0003761649131774,0.0003756284713745,1875.0,3342.0
1650165788,0.0,0.0,0.0,0.0003761649131774,0.0003756284713745,0.0,66.0
1650165789,0.0,0.0,0.0,0.0003761649131774,0.0003756284713745,0.0,66.0
1650165790,0.0,0.0009248455,0.0,0.0003761351108551,0.0003755986690521,819.0,1242.0
1650165791,0.0,0.001935181,0.0,0.0003761053085327,0.0003755688667297,1564.0,2055.0
1650165792,0.0,0.001935181,0.0,0.0003761053085327,0.0003755688667297,1564.0,2055.0
1650165793,0.0,0.000518154,0.0,0.000375896692276,0.000375360250473,231.0,632.5
1650165794,0.0,0.001031135,0.0,0.0003758668899536,0.0003753304481506,661.0,478.0
1650165795,0.0,0.00024786,0.0,0.0003758370876312,0.0003753006458282,218.0,578.0
1650165796,0.0,0.00024786,0.0,0.0003758370876312,0.0003753006458282,218.0,578.0
1650165797,0.0,0.00093592,0.0,0.0003758668899536,0.0003753304481506,829.0,1296.0
1650165798,0.0,0.001154511,0.0,0.0003758370876312,0.0003753006458282,1075.0,1255.0
1650165799,0.0,0.001002815,0.0,0.0003767907619476,0.0003762543201446,727.0,1295.0
1650165800,0.0,0.001002815,0.0,0.0003767907619476,0.0003762543201446,727.0,1295.0
1650165801,0.0,0.00016894,0.0,0.0003758370876312,0.0003753006458282,134.5,441.5
1650165802,0.0,0.002480204,0.0,0.0003758370876312,0.0003753006458282,1854.0,3931.0
1650165803,0.0,0.002480204,0.0,0.0003758370876312,0.0003753006458282,1854.0,3931.0
1650165804,0.0,0.0007141265,0.0,0.0003758370876312,0.0003753006458282,393.5,970.0
1650165805,0.0,0.001837856,0.0,0.0003758072853088,0.0003752708435058,1129.0,2235.0
1650165806,0.0,0.003497709,0.0,0.0003777146339416,0.0003771781921386,1510.0,1974.0
1650165807,0.0,0.003497709,0.0,0.0003777146339416,0.0003771781921386,1510.0,1974.0
1650165808,0.005,0.0024947165,0.0,0.0003767609596252,0.0003762245178222,2345.5,2826.0
1650165809,0.0,0.000307271,0.0,0.0003758668899536,0.0003753304481506,120.0,240.0
1650165810,0.0,0.000307271,0.0,0.0003758668899536,0.0003753304481506,120.0,240.0
1650165811,0.0,0.000781874,0.0,0.0003758668899536,0.0003753304481506,743.0,1124.5
1650165812,0.0,0.000182378,0.0,0.0003758370876312,0.0003753006458282,138.0,132.0
1650165813,0.0,0.002417107,0.0,0.0003758668899536,0.0003753304481506,1601.0,2240.0
1650165814,0.0,0.002417107,0.0,0.0003758668899536,0.0003753304481506,1601.0,2240.0
1650165815,0.0,0.000655989,0.0,0.000375896692276,0.000375360250473,361.5,2414.0
1650165816,0.0,0.002680884,0.01,0.0003759264945983,0.0003753900527954,2008.0,3992.0
1650165817,0.0,0.002680884,0.01,0.0003759264945983,0.0003753900527954,2008.0,3992.0
1650165818,0.0,0.0023162365,0.0,0.0003758072853088,0.0003752708435058,1861.0,1905.0
1650165819,0.0,0.0023162365,0.0,0.0003758072853088,0.0003752708435058,1861.0,1905.0
1650165820,0.0,0.001657969,0.0,0.0003758668899536,0.0003753304481506,1314.5,2224.0
1650165821,0.0,0.003146614,0.0,0.0003778040409088,0.0003772675991058,3512.0,4131.0
1650165822,0.0,0.0,0.0,0.0003759264945983,0.0003753900527954,0.0,0.0
1650165823,0.0,0.0,0.0,0.0003759264945983,0.0003753900527954,0.0,0.0
1650165824,0.0,0.0007324515,0.0,0.0003759264945983,0.0003753900527954,538.5,2333.0
1650165825,0.0,0.0007324515,0.0,0.0003759264945983,0.0003753900527954,538.5,2333.0
1650165826,0.0,0.0003929515,0.0,0.000375896692276,0.000375360250473,330.5,548.0
1650165827,0.0,0.0003929515,0.0,0.000375896692276,0.000375360250473,330.5,548.0
1650165828,0.0,0.000804338,0.0,0.0003758370876312,0.0003753006458282,674.0,1171.5
1650165829,0.0,0.000785223,0.0,0.0003758072853088,0.0003752708435058,649.0,635.0
1650165830,0.0,0.000691732,0.0,0.0003757774829864,0.0003752410411834,413.0,1395.0
1650165831,0.0,0.001279272,0.0,0.0003758072853088,0.0003752708435058,853.0,1221.0
1650165832,0.0,0.001279272,0.0,0.0003758072853088,0.0003752708435058,853.0,1221.0
1650165833,0.0,0.0002991335,0.0,0.0003758072853088,0.0003752708435058,258.5,177.0
1650165834,0.0,0.0009385,0.0,0.0003757774829864,0.0003752410411834,272.0,2347.0
1650165835,0.0,0.0009385,0.0,0.0003757774829864,0.0003752410411834,272.0,2347.0
1650165836,0.0,0.0009008065,0.0,0.0003758370876312,0.0003753006458282,753.0,833.5
1650165837,0.0,0.001609456,0.0,0.0003758668899536,0.0003753304481506,1096.0,2119.0
1650165838,0.0,0.001609456,0.0,0.0003758668899536,0.0003753304481506,1096.0,2119.0
1650165839,0.0,0.0024761095,0.0,0.0003759562969207,0.0003754198551177,2475.5,2938.0
1650165840,0.0,0.000629005,0.0,0.0003759860992431,0.0003754496574401,583.0,412.0
1650165841,0.0,0.000629005,0.0,0.0003759860992431,0.0003754496574401,583.0,412.0
1650165842,0.0,0.0007658705,0.0,0.0003759860992431,0.0003754496574401,494.5,796.5
1650165843,0.0,0.0,0.0,0.0003759562969207,0.0003754198551177,0.0,74.0
1650165844,0.0,0.0,0.0,0.0003759562969207,0.0003754198551177,0.0,74.0
1650165845,0.0,0.0007462795,0.0,0.0003759860992431,0.0003754496574401,324.5,869.0
1650165846,0.0,0.001618212,0.0,0.0003759860992431,0.0003754496574401,1210.0,2159.0
1650165847,0.0,0.001618212,0.0,0.0003759860992431,0.0003754496574401,1210.0,2159.0
1650165848,0.0,0.0021115355,0.0,0.0003758668899536,0.0003753304481506,827.5,1867.0
1650165849,0.0,0.001141298,0.0,0.0003758072853088,0.0003752708435058,781.0,1191.0
1650165850,0.0,0.001141298,0.0,0.0003758072853088,0.0003752708435058,781.0,1191.0
1650165851,0.0,0.000264237,0.0,0.0003758370876312,0.0003753006458282,297.5,254.0
1650165852,0.0,0.000264237,0.0,0.0003758370876312,0.0003753006458282,297.5,254.0
1650165853,0.0,0.000688551,0.0,0.0003758668899536,0.0003753304481506,461.5,947.5
1650165854,0.0,0.002453538,0.0,0.0003758668899536,0.0003753304481506,1635.0,5633.0
1650165855,0.0,0.002453538,0.0,0.0003758668899536,0.0003753304481506,1635.0,5633.0
1650165856,0.0,0.0001386835,0.0,0.0003758668899536,0.0003753304481506,70.0,253.5
1650165857,0.01,0.001379821,0.0,0.0003758668899536,0.0003753304481506,1065.0,1573.0
1650165858,0.0,0.000704346,0.0,0.000375896692276,0.000375360250473,583.0,412.0
1650165859,0.0,0.000704346,0.0,0.000375896692276,0.000375360250473,583.0,412.0
1650165860,0.0,0.0007173145,0.0,0.000375896692276,0.000375360250473,597.5,1270.0
1650165861,0.0,0.004722835,0.0,0.0003759562969207,0.0003754198551177,4394.0,4951.0
1650165862,0.0,0.004722835,0.0,0.0003759562969207,0.0003754198551177,4394.0,4951.0
1650165863,0.0,0.0016616885,0.005,0.0003759264945983,0.0003753900527954,1161.0,1795.5
1650165864,0.0,0.000612115,0.0,0.000375896692276,0.000375360250473,66.0,2560.0
1650165865,0.0,0.002963859,0.0,0.0003768801689147,0.0003763437271118,2716.0,4054.0
1650165866,0.0,0.002963859,0.0,0.0003768801689147,0.0003763437271118,2716.0,4054.0
1650165867,0.0,0.0020580545,0.0,0.0003759860992431,0.0003754496574401,1975.5,2588.0
1650165868,0.0,0.0020580545,0.0,0.0003759860992431,0.0003754496574401,1975.5,2588.0
1650165869,0.0,0.0004489115,0.0,0.0003760457038879,0.0003755092620849,279.5,194.0
1650165870,0.0,0.000916983,0.0,0.0003760457038879,0.0003755092620849,723.0,940.0
1650165871,0.0,0.000916983,0.0,0.0003760457038879,0.0003755092620849,723.0,940.0
1650165872,0.0,0.001139427,0.0,0.0003760159015655,0.0003754794597625,988.0,1674.5
1650165873,0.0,0.001238077,0.01,0.0003759860992431,0.0003754496574401,865.0,1445.0
1650165874,0.0,0.001238077,0.01,0.0003759860992431,0.0003754496574401,865.0,1445.0
1650165875,0.0,0.0014421615,0.0,0.0003759860992431,0.0003754496574401,457.5,1966.0
1650165876,0.01,0.005210757,0.0,0.0003759562969207,0.0003754198551177,4526.0,5481.0
1650165877,0.0,0.00066648,0.0,0.0003768801689147,0.0003763437271118,727.0,569.0
1650165878,0.0,0.000457167,0.0,0.0003759264945983,0.0003753900527954,214.0,605.0
1650165879,0.0,0.000457167,0.0,0.0003759264945983,0.0003753900527954,214.0,605.0
1650165880,0.0,0.0015234725,0.0,0.0003759562969207,0.0003754198551177,1133.0,2191.0
1650165881,0.0,0.000945552,0.0,0.000375896692276,0.000375360250473,715.0,896.0
1650165882,0.0,0.000945552,0.0,0.000375896692276,0.000375360250473,715.0,896.0
1650165883,0.0,0.0010008,0.0,0.0003759264945983,0.0003753900527954,801.5,1664.5
1650165884,0.0,0.0010008,0.0,0.0003759264945983,0.0003753900527954,801.5,1664.5
1650165885,0.0,0.000914312,0.0,0.0003759264945983,0.0003753900527954,394.5,1570.5
1650165886,0.0,0.000914312,0.0,0.0003759264945983,0.0003753900527954,394.5,1570.5
1650165887,0.0,0.000529113,0.0,0.000375896692276,0.000375360250473,508.0,954.5
1650165888,0.0,0.001358157,0.0,0.0003758668899536,0.0003753304481506,985.0,1577.0
1650165889,0.0,0.001358157,0.0,0.0003758668899536,0.0003753304481506,985.0,1577.0
1650165890,0.0,0.0010153685,0.0,0.0003758370876312,0.0003753006458282,363.5,578.0
1650165891,0.0,0.0,0.0,0.0003758370876312,0.0003753006458282,0.0,0.0
1650165892,0.0,0.0,0.0,0.0003758370876312,0.0003753006458282,0.0,0.0
1650165893,0.0,0.004214695,0.005,0.0003759264945983,0.0003753900527954,3402.0,4325.5
1650165894,0.01,0.003691391,0.0,0.0003768503665924,0.0003763139247894,3183.0,5833.0
1650165895,0.01,0.003691391,0.0,0.0003768503665924,0.0003763139247894,3183.0,5833.0
1650165896,0.0,0.000200532,0.0,0.0003759264945983,0.0003753900527954,66.0,244.5
1650165897,0.0,0.002082774,0.0,0.0003759860992431,0.0003754496574401,1739.0,2673.0
1650165898,0.0,0.005205926,0.0,0.0003760159015655,0.0003754794597625,4609.0,4721.0
1650165899,0.0,0.005205926,0.0,0.0003760159015655,0.0003754794597625,4609.0,4721.0
1650165900,0.0,0.001117937,0.0,0.0003760457038879,0.0003755092620849,1157.0,1245.5
1650165901,0.0,0.000607546,0.0,0.0003760755062103,0.0003755390644073,654.0,334.0
1650165902,0.0,0.000607546,0.0,0.0003760755062103,0.0003755390644073,654.0,334.0
1650165903,0.0,0.0009632515,0.0,0.0003760457038879,0.0003755092620849,673.5,1319.5
1650165904,0.0,0.001576347,0.0,0.0003760159015655,0.0003754794597625,1104.0,3581.0
1650165905,0.0,0.00405146,0.01,0.0003760457038879,0.0003755092620849,4765.0,5150.0
1650165906,0.0,0.00405146,0.01,0.0003760457038879,0.0003755092620849,4765.0,5150.0
1650165907,0.0,0.000442336,0.0,0.0003759264945983,0.0003753900527954,269.0,490.0
1650165908,0.0,0.000442336,0.0,0.0003759264945983,0.0003753900527954,269.0,490.0
1650165909,0.0,0.0012845475,0.0,0.0003759264945983,0.0003753900527954,1161.0,1728.0
1650165910,0.0,0.000862508,0.0,0.000375896692276,0.000375360250473,715.0,610.0
1650165911,0.0,0.000862508,0.0,0.000375896692276,0.000375360250473,715.0,610.0
1650165912,0.0,0.000670461,0.0,0.000375896692276,0.000375360250473,640.0,1010.0
1650165913,0.0,0.003397063,0.0,0.0003759562969207,0.0003754198551177,2105.0,3936.0
1650165914,0.0,0.000442989,0.0,0.0003759562969207,0.0003754198551177,0.0,340.0
1650165915,0.01,0.033823578,0.02,0.000377207994461,0.000376671552658,39646.0,45142.0
1650165916,0.01,0.033823578,0.02,0.000377207994461,0.000376671552658,39646.0,45142.0
1650165917,0.0,0.0039430445,0.005,0.0003762543201446,0.0003757178783416,4654.5,5185.5
1650165918,0.01,0.007543633,0.01,0.0003762543201446,0.0003757178783416,9301.0,10361.0
1650165919,0.01,0.029323665,0.0,0.0003763139247894,0.0003757774829864,37022.0,41197.0
1650165920,0.01,0.014773668,0.02,0.0003763437271118,0.0003758072853088,18418.0,20656.0
1650165921,0.01,0.015563993,0.02,0.0003763139247894,0.0003757774829864,17950.0,20600.0
1650165922,0.0,0.007214222,0.0,0.0003763139247894,0.0003757774829864,8971.0,10228.0
1650165923,0.0,0.007214222,0.0,0.0003763139247894,0.0003757774829864,8971.0,10228.0
1650165924,0.005,0.0121008965,0.005,0.0003763437271118,0.0003758072853088,13493.5,30798.5
1650165925,0.0,0.008110982,0.02,0.0003763139247894,0.0003757774829864,9235.0,10626.0
1650165926,0.0,0.022496807,0.01,0.0003762543201446,0.0003757178783416,27045.0,30822.0
1650165927,0.01,0.015158757,0.0,0.0003763139247894,0.0003757774829864,17950.0,20603.0
1650165928,0.01,0.015158757,0.0,0.0003763139247894,0.0003757774829864,17950.0,20603.0
1650165929,0.01,0.010247714,0.0,0.0003762543201446,0.0003757178783416,13411.5,15366.5
1650165930,0.01,0.010247714,0.0,0.0003762543201446,0.0003757178783416,13411.5,15366.5
1650165931,0.005,0.0150432495,0.005,0.0003763139247894,0.0003757774829864,18049.0,20632.0
1650165932,0.0,0.014805103,0.01,0.0003763139247894,0.0003757774829864,17942.0,20656.0
1650165933,0.0,0.014805103,0.01,0.0003763139247894,0.0003757774829864,17942.0,20656.0
1650165934,0.005,0.0148119265,0.01,0.0003762543201446,0.0003757178783416,17909.0,36185.0
1650165935,0.005,0.0148119265,0.01,0.0003762543201446,0.0003757178783416,17909.0,36185.0
1650165936,0.005,0.0146550885,0.01,0.0003763139247894,0.0003757774829864,17909.0,20461.5
1650165937,0.005,0.0146550885,0.01,0.0003763139247894,0.0003757774829864,17909.0,20461.5
1650165938,0.005,0.0145319155,0.005,0.0003763139247894,0.0003757774829864,17880.0,20529.5
1650165939,0.0,0.007082796,0.0,0.000376284122467,0.000375747680664,9037.0,10364.0
1650165940,0.01,0.01464426,0.01,0.0003762543201446,0.0003757178783416,17810.0,20461.0
1650165941,0.01,0.015167382,0.0,0.000376284122467,0.000375747680664,17876.0,20459.0
1650165942,0.01,0.014803517,0.01,0.0003762543201446,0.0003757178783416,18080.0,20644.0
1650165943,0.01,0.014803517,0.01,0.0003762543201446,0.0003757178783416,18080.0,20644.0
