timestamp,service,event
1650480770,social-graph-service,1
1650480770,social-graph-service,1
1650480770,social-graph-service,1
1650480770,social-graph-service,1
1650480770,social-graph-service,1
1650480770,social-graph-service,1
1650480770,social-graph-service,1
1650480770,social-graph-service,1
1650480770,social-graph-service,1
1650480771,social-graph-service,1
1650480771,social-graph-service,1
1650480771,social-graph-service,1
1650480771,social-graph-service,1
1650480771,social-graph-service,1
1650480771,social-graph-service,1
1650480772,social-graph-service,1
1650480772,social-graph-service,1
1650480772,social-graph-service,1
1650480772,social-graph-service,1
1650480772,social-graph-service,1
1650480772,social-graph-service,1
1650480773,social-graph-service,1
1650480773,social-graph-service,1
1650480773,social-graph-service,1
1650480773,social-graph-service,1
1650480773,social-graph-service,1
1650480773,social-graph-service,1
1650480773,social-graph-service,1
1650480773,social-graph-service,1
1650480773,social-graph-service,1
1650480774,social-graph-service,1
1650480774,social-graph-service,1
1650480774,social-graph-service,1
1650480774,social-graph-service,1
1650480774,social-graph-service,1
1650480774,social-graph-service,1
1650480775,social-graph-service,1
1650480775,social-graph-service,1
1650480775,social-graph-service,1
1650480776,social-graph-service,1
1650480776,social-graph-service,1
1650480776,social-graph-service,1
1650480777,social-graph-service,1
1650480777,social-graph-service,1
1650480777,social-graph-service,1
1650480777,social-graph-service,1
1650480777,social-graph-service,1
1650480777,social-graph-service,1
1650480777,social-graph-service,1
1650480777,social-graph-service,1
1650480777,social-graph-service,1
1650480778,social-graph-service,1
1650480778,social-graph-service,1
1650480778,social-graph-service,1
1650480779,social-graph-service,1
1650480779,social-graph-service,1
1650480779,social-graph-service,1
1650480779,social-graph-service,1
1650480779,social-graph-service,1
1650480779,social-graph-service,1
1650480780,social-graph-service,1
1650480780,social-graph-service,1
1650480780,social-graph-service,1
1650480780,social-graph-service,1
1650480780,social-graph-service,1
1650480780,social-graph-service,1
1650480781,social-graph-service,1
1650480781,social-graph-service,1
1650480781,social-graph-service,1
1650480782,social-graph-service,1
1650480782,social-graph-service,1
1650480782,social-graph-service,1
1650480783,social-graph-service,1
1650480783,social-graph-service,1
1650480783,social-graph-service,1
1650480783,social-graph-service,1
1650480783,social-graph-service,1
1650480783,social-graph-service,1
1650480784,social-graph-service,1
1650480784,social-graph-service,1
1650480784,social-graph-service,1
1650480784,social-graph-service,1
1650480784,social-graph-service,1
1650480784,social-graph-service,1
1650480785,social-graph-service,1
1650480785,social-graph-service,1
1650480785,social-graph-service,1
1650480785,social-graph-service,1
1650480785,social-graph-service,1
1650480785,social-graph-service,1
1650480786,social-graph-service,1
1650480786,social-graph-service,1
1650480786,social-graph-service,1
1650480786,social-graph-service,1
1650480786,social-graph-service,1
1650480787,social-graph-service,1
1650480787,social-graph-service,1
1650480787,social-graph-service,1
1650480787,social-graph-service,1
1650480787,social-graph-service,1
1650480787,social-graph-service,1
1650480787,social-graph-service,1
1650480788,social-graph-service,1
1650480788,social-graph-service,1
1650480788,social-graph-service,1
1650480788,social-graph-service,1
1650480788,social-graph-service,1
1650480788,social-graph-service,1
1650480788,social-graph-service,1
1650480788,social-graph-service,1
1650480788,social-graph-service,1
1650480789,social-graph-service,1
1650480789,social-graph-service,1
1650480789,social-graph-service,1
1650480790,social-graph-service,1
1650480790,social-graph-service,1
1650480790,social-graph-service,1
1650480791,social-graph-service,1
1650480791,social-graph-service,1
1650480791,social-graph-service,1
1650480791,social-graph-service,1
1650480791,social-graph-service,1
1650480792,social-graph-service,1
1650480792,social-graph-service,1
1650480792,social-graph-service,1
1650480792,social-graph-service,1
1650480793,social-graph-service,1
1650480793,social-graph-service,1
1650480793,social-graph-service,1
1650480794,social-graph-service,1
1650480794,social-graph-service,1
1650480794,social-graph-service,1
1650480794,social-graph-service,1
1650480794,social-graph-service,1
1650480794,social-graph-service,1
1650480795,social-graph-service,1
1650480795,social-graph-service,1
1650480795,social-graph-service,1
1650480796,social-graph-service,1
1650480796,social-graph-service,1
1650480796,social-graph-service,1
1650480796,social-graph-service,1
1650480796,social-graph-service,1
1650480796,social-graph-service,1
1650480797,social-graph-service,1
1650480797,social-graph-service,1
1650480797,social-graph-service,1
1650480797,social-graph-service,1
1650480797,social-graph-service,1
1650480797,social-graph-service,1
1650480798,social-graph-service,1
1650480798,social-graph-service,1
1650480798,social-graph-service,1
1650480799,social-graph-service,1
1650480799,social-graph-service,1
1650480799,social-graph-service,1
1650480799,social-graph-service,1
1650480799,social-graph-service,1
1650480799,social-graph-service,1
1650480800,social-graph-service,1
1650480800,social-graph-service,1
1650480800,social-graph-service,1
1650480801,social-graph-service,1
1650480801,social-graph-service,1
1650480801,social-graph-service,1
1650480802,social-graph-service,1
1650480802,social-graph-service,1
1650480802,social-graph-service,1
1650480803,social-graph-service,1
1650480803,social-graph-service,1
1650480803,social-graph-service,1
1650480803,social-graph-service,1
1650480803,social-graph-service,1
1650480803,social-graph-service,1
1650480804,social-graph-service,1
1650480804,social-graph-service,1
1650480804,social-graph-service,1
1650480804,social-graph-service,1
1650480804,social-graph-service,1
1650480804,social-graph-service,1
1650480805,social-graph-service,1
1650480805,social-graph-service,1
1650480805,social-graph-service,1
1650480805,social-graph-service,1
1650480805,social-graph-service,1
1650480805,social-graph-service,1
1650480805,social-graph-service,1
1650480805,social-graph-service,1
1650480805,social-graph-service,1
1650480806,social-graph-service,1
1650480806,social-graph-service,1
1650480806,social-graph-service,1
1650480807,social-graph-service,1
1650480807,social-graph-service,1
1650480807,social-graph-service,1
1650480807,social-graph-service,1
1650480807,social-graph-service,1
1650480807,social-graph-service,1
1650480808,social-graph-service,1
1650480808,social-graph-service,1
1650480808,social-graph-service,1
1650480808,social-graph-service,1
1650480808,social-graph-service,1
1650480808,social-graph-service,1
1650480809,social-graph-service,1
1650480809,social-graph-service,1
1650480809,social-graph-service,1
1650480809,social-graph-service,1
1650480809,social-graph-service,1
1650480809,social-graph-service,1
1650480810,social-graph-service,1
1650480810,social-graph-service,1
1650480810,social-graph-service,1
1650480810,social-graph-service,1
1650480810,social-graph-service,1
1650480810,social-graph-service,1
1650480810,social-graph-service,1
1650480810,social-graph-service,1
1650480810,social-graph-service,1
1650480811,social-graph-service,1
1650480811,social-graph-service,1
1650480811,social-graph-service,1
1650480812,social-graph-service,1
1650480812,social-graph-service,1
1650480812,social-graph-service,1
1650480812,social-graph-service,1
1650480812,social-graph-service,1
1650480813,social-graph-service,1
1650480813,social-graph-service,1
1650480813,social-graph-service,1
1650480813,social-graph-service,1
1650480814,social-graph-service,1
1650480814,social-graph-service,1
1650480814,social-graph-service,1
1650480814,social-graph-service,1
1650480815,social-graph-service,1
1650480815,social-graph-service,1
1650480815,social-graph-service,1
1650480815,social-graph-service,1
1650480815,social-graph-service,1
1650480816,social-graph-service,1
1650480816,social-graph-service,1
1650480816,social-graph-service,1
1650480817,social-graph-service,1
1650480817,social-graph-service,1
1650480817,social-graph-service,1
1650480817,social-graph-service,1
1650480817,social-graph-service,1
1650480817,social-graph-service,1
1650480818,social-graph-service,1
1650480818,social-graph-service,1
1650480818,social-graph-service,1
1650480818,social-graph-service,1
1650480818,social-graph-service,1
1650480818,social-graph-service,1
1650480818,social-graph-service,1
1650480818,social-graph-service,1
1650480818,social-graph-service,1
1650480818,social-graph-service,1
1650480818,social-graph-service,1
1650480818,social-graph-service,1
1650480819,social-graph-service,1
1650480819,social-graph-service,1
1650480819,social-graph-service,1
1650480820,social-graph-service,1
1650480820,social-graph-service,1
1650480820,social-graph-service,1
1650480820,social-graph-service,1
1650480820,social-graph-service,1
1650480820,social-graph-service,1
1650480820,social-graph-service,1
1650480820,social-graph-service,1
1650480820,social-graph-service,1
1650480821,social-graph-service,1
1650480821,social-graph-service,1
1650480821,social-graph-service,1
1650480821,social-graph-service,1
1650480821,social-graph-service,1
1650480821,social-graph-service,1
1650480822,social-graph-service,1
1650480822,social-graph-service,1
1650480822,social-graph-service,1
1650480822,social-graph-service,1
1650480822,social-graph-service,1
1650480822,social-graph-service,1
1650480823,social-graph-service,1
1650480823,social-graph-service,1
1650480823,social-graph-service,1
1650480824,social-graph-service,1
1650480824,social-graph-service,1
1650480824,social-graph-service,1
1650480825,social-graph-service,1
1650480825,social-graph-service,1
1650480825,social-graph-service,1
1650480826,social-graph-service,1
1650480826,social-graph-service,1
1650480826,social-graph-service,1
1650480826,social-graph-service,1
1650480826,social-graph-service,1
1650480826,social-graph-service,1
1650480827,social-graph-service,1
1650480827,social-graph-service,1
1650480827,social-graph-service,1
1650480827,social-graph-service,1
1650480827,social-graph-service,1
1650480827,social-graph-service,1
1650480827,social-graph-service,1
1650480827,social-graph-service,1
1650480827,social-graph-service,1
1650480828,social-graph-service,1
1650480828,social-graph-service,1
1650480828,social-graph-service,1
1650480828,social-graph-service,1
1650480828,social-graph-service,1
1650480828,social-graph-service,1
1650480829,social-graph-service,1
1650480829,social-graph-service,1
1650480829,social-graph-service,1
1650480830,social-graph-service,1
1650480830,social-graph-service,1
1650480830,social-graph-service,1
1650480831,social-graph-service,1
1650480831,social-graph-service,1
1650480831,social-graph-service,1
1650480831,social-graph-service,1
1650480831,social-graph-service,1
1650480831,social-graph-service,1
1650480832,social-graph-service,1
1650480832,social-graph-service,1
1650480832,social-graph-service,1
1650480833,social-graph-service,1
1650480833,social-graph-service,1
1650480833,social-graph-service,1
1650480834,social-graph-service,1
1650480834,social-graph-service,1
1650480834,social-graph-service,1
1650480834,social-graph-service,1
1650480834,social-graph-service,1
1650480834,social-graph-service,1
1650480835,social-graph-service,1
1650480835,social-graph-service,1
1650480836,social-graph-service,1
1650480836,social-graph-service,1
1650480836,social-graph-service,1
1650480836,social-graph-service,1
1650480837,social-graph-service,1
1650480837,social-graph-service,1
1650480837,social-graph-service,1
1650480837,social-graph-service,1
1650480837,social-graph-service,1
1650480837,social-graph-service,1
1650480837,social-graph-service,1
1650480837,social-graph-service,1
1650480837,social-graph-service,1
1650480838,social-graph-service,1
1650480838,social-graph-service,1
1650480838,social-graph-service,1
1650480839,social-graph-service,1
1650480839,social-graph-service,1
1650480839,social-graph-service,1
1650480839,social-graph-service,1
1650480839,social-graph-service,1
1650480839,social-graph-service,1
1650480839,social-graph-service,1
1650480839,social-graph-service,1
1650480839,social-graph-service,1
1650480840,social-graph-service,1
1650480840,social-graph-service,1
1650480840,social-graph-service,1
1650480841,social-graph-service,1
1650480841,social-graph-service,1
1650480841,social-graph-service,1
1650480841,social-graph-service,1
1650480841,social-graph-service,1
1650480841,social-graph-service,1
1650480841,social-graph-service,1
1650480841,social-graph-service,1
1650480841,social-graph-service,1
1650480842,social-graph-service,1
1650480842,social-graph-service,1
1650480842,social-graph-service,1
1650480842,social-graph-service,1
1650480842,social-graph-service,1
1650480842,social-graph-service,1
1650480843,social-graph-service,1
1650480843,social-graph-service,1
1650480843,social-graph-service,1
1650480844,social-graph-service,1
1650480844,social-graph-service,1
1650480844,social-graph-service,1
1650480844,social-graph-service,1
1650480844,social-graph-service,1
1650480844,social-graph-service,1
1650480844,social-graph-service,1
1650480844,social-graph-service,1
1650480844,social-graph-service,1
1650480845,social-graph-service,1
1650480845,social-graph-service,1
1650480845,social-graph-service,1
1650480845,social-graph-service,1
1650480845,social-graph-service,1
1650480845,social-graph-service,1
1650480846,social-graph-service,1
1650480846,social-graph-service,1
1650480846,social-graph-service,1
1650480847,social-graph-service,1
1650480847,social-graph-service,1
1650480847,social-graph-service,1
1650480847,social-graph-service,1
1650480847,social-graph-service,1
1650480847,social-graph-service,1
1650480848,social-graph-service,1
1650480848,social-graph-service,1
1650480848,social-graph-service,1
1650480848,social-graph-service,1
1650480848,social-graph-service,1
1650480848,social-graph-service,1
1650480849,social-graph-service,1
1650480849,social-graph-service,1
1650480849,social-graph-service,1
1650480849,social-graph-service,1
1650480849,social-graph-service,1
1650480849,social-graph-service,1
1650480849,social-graph-service,1
1650480850,social-graph-service,1
1650480850,social-graph-service,1
1650480850,social-graph-service,1
1650480850,social-graph-service,1
1650480850,social-graph-service,1
1650480851,social-graph-service,1
1650480851,social-graph-service,1
1650480851,social-graph-service,1
1650480852,social-graph-service,1
1650480852,social-graph-service,1
1650480852,social-graph-service,1
1650480852,social-graph-service,1
1650480852,social-graph-service,1
1650480852,social-graph-service,1
1650480853,social-graph-service,1
1650480853,social-graph-service,1
1650480853,social-graph-service,1
1650480854,social-graph-service,1
1650480854,social-graph-service,1
1650480854,social-graph-service,1
1650480854,social-graph-service,1
1650480854,social-graph-service,1
1650480854,social-graph-service,1
1650480855,social-graph-service,1
1650480855,social-graph-service,1
1650480855,social-graph-service,1
1650480855,social-graph-service,1
1650480855,social-graph-service,1
1650480855,social-graph-service,1
1650480855,social-graph-service,1
1650480855,social-graph-service,1
1650480855,social-graph-service,1
1650480856,social-graph-service,1
1650480856,social-graph-service,1
1650480856,social-graph-service,1
1650480856,social-graph-service,1
1650480856,social-graph-service,1
1650480856,social-graph-service,1
1650480857,social-graph-service,1
1650480857,social-graph-service,1
1650480857,social-graph-service,1
1650480858,social-graph-service,1
1650480858,social-graph-service,1
1650480858,social-graph-service,1
1650480858,social-graph-service,1
1650480858,social-graph-service,1
1650480858,social-graph-service,1
1650480858,social-graph-service,1
1650480858,social-graph-service,1
1650480858,social-graph-service,1
1650480859,social-graph-service,1
1650480859,social-graph-service,1
1650480859,social-graph-service,1
1650480859,social-graph-service,1
1650480859,social-graph-service,1
1650480859,social-graph-service,1
1650480859,social-graph-service,1
1650480859,social-graph-service,1
1650480859,social-graph-service,1
1650480860,social-graph-service,1
1650480860,social-graph-service,1
1650480860,social-graph-service,1
1650480860,social-graph-service,1
1650480860,social-graph-service,1
1650480860,social-graph-service,1
1650480861,social-graph-service,1
1650480861,social-graph-service,1
1650480861,social-graph-service,1
1650480861,social-graph-service,1
1650480861,social-graph-service,1
1650480861,social-graph-service,1
1650480862,social-graph-service,1
1650480862,social-graph-service,1
1650480862,social-graph-service,1
1650480862,social-graph-service,1
1650480862,social-graph-service,1
1650480862,social-graph-service,1
1650480863,social-graph-service,1
1650480863,social-graph-service,1
1650480863,social-graph-service,1
1650480864,social-graph-service,1
1650480864,social-graph-service,1
1650480864,social-graph-service,1
1650480864,social-graph-service,1
1650480864,social-graph-service,1
1650480864,social-graph-service,1
1650480865,social-graph-service,1
1650480865,social-graph-service,1
1650480865,social-graph-service,1
1650480865,social-graph-service,1
1650480865,social-graph-service,1
1650480865,social-graph-service,1
1650480866,social-graph-service,1
1650480866,social-graph-service,1
1650480866,social-graph-service,1
1650480867,social-graph-service,1
1650480867,social-graph-service,1
1650480867,social-graph-service,1
1650480868,social-graph-service,1
1650480868,social-graph-service,1
1650480868,social-graph-service,1
1650480868,social-graph-service,1
1650480868,social-graph-service,1
1650480868,social-graph-service,1
1650480869,social-graph-service,1
1650480869,social-graph-service,1
1650480869,social-graph-service,1
1650480870,social-graph-service,1
1650480870,social-graph-service,1
1650480870,social-graph-service,1
1650480870,social-graph-service,1
1650480870,social-graph-service,1
1650480870,social-graph-service,1
1650480871,social-graph-service,1
1650480871,social-graph-service,1
1650480871,social-graph-service,1
1650480872,social-graph-service,1
1650480872,social-graph-service,1
1650480872,social-graph-service,1
1650480872,social-graph-service,1
1650480872,social-graph-service,1
1650480872,social-graph-service,1
1650480873,social-graph-service,1
1650480873,social-graph-service,1
1650480873,social-graph-service,1
1650480873,social-graph-service,1
1650480873,social-graph-service,1
1650480873,social-graph-service,1
1650480874,social-graph-service,1
1650480874,social-graph-service,1
1650480874,social-graph-service,1
1650480874,social-graph-service,1
1650480874,social-graph-service,1
1650480874,social-graph-service,1
1650480875,social-graph-service,1
1650480875,social-graph-service,1
1650480875,social-graph-service,1
1650480876,social-graph-service,1
1650480876,social-graph-service,1
1650480876,social-graph-service,1
1650480877,social-graph-service,1
1650480877,social-graph-service,1
1650480877,social-graph-service,1
1650480877,social-graph-service,1
1650480877,social-graph-service,1
1650480877,social-graph-service,1
1650480878,social-graph-service,1
1650480878,social-graph-service,1
1650480878,social-graph-service,1
1650480879,social-graph-service,1
1650480879,social-graph-service,1
1650480879,social-graph-service,1
1650480880,social-graph-service,1
1650480880,social-graph-service,1
1650480880,social-graph-service,1
1650480880,social-graph-service,1
1650480880,social-graph-service,1
1650480880,social-graph-service,1
1650480881,social-graph-service,1
1650480881,social-graph-service,1
1650480881,social-graph-service,1
1650480881,social-graph-service,1
1650480881,social-graph-service,1
1650480881,social-graph-service,1
1650480882,social-graph-service,1
1650480882,social-graph-service,1
1650480882,social-graph-service,1
1650480883,social-graph-service,1
1650480883,social-graph-service,1
1650480883,social-graph-service,1
1650480883,social-graph-service,1
1650480883,social-graph-service,1
1650480883,social-graph-service,1
1650480884,social-graph-service,1
1650480884,social-graph-service,1
1650480884,social-graph-service,1
1650480885,social-graph-service,1
1650480885,social-graph-service,1
1650480885,social-graph-service,1
1650480885,social-graph-service,1
1650480885,social-graph-service,1
1650480885,social-graph-service,1
1650480886,social-graph-service,1
1650480886,social-graph-service,1
1650480886,social-graph-service,1
1650480886,social-graph-service,1
1650480886,social-graph-service,1
1650480886,social-graph-service,1
1650480887,social-graph-service,1
1650480887,social-graph-service,1
1650480887,social-graph-service,1
1650480887,social-graph-service,1
1650480887,social-graph-service,1
1650480887,social-graph-service,1
1650480887,social-graph-service,1
1650480887,social-graph-service,1
1650480887,social-graph-service,1
1650480888,social-graph-service,1
1650480888,social-graph-service,1
1650480888,social-graph-service,1
1650480888,social-graph-service,1
1650480888,social-graph-service,1
1650480888,social-graph-service,1
1650480889,social-graph-service,1
1650480889,social-graph-service,1
1650480889,social-graph-service,1
1650480889,social-graph-service,1
1650480889,social-graph-service,1
1650480889,social-graph-service,1
1650480890,social-graph-service,1
1650480890,social-graph-service,1
1650480890,social-graph-service,1
1650480891,social-graph-service,1
1650480891,social-graph-service,1
1650480891,social-graph-service,1
1650480891,social-graph-service,1
1650480891,social-graph-service,1
1650480891,social-graph-service,1
1650480891,social-graph-service,1
1650480891,social-graph-service,1
1650480891,social-graph-service,1
1650480892,social-graph-service,1
1650480892,social-graph-service,1
1650480892,social-graph-service,1
1650480893,social-graph-service,1
1650480893,social-graph-service,1
1650480893,social-graph-service,1
1650480894,social-graph-service,1
1650480894,social-graph-service,1
1650480894,social-graph-service,1
1650480894,social-graph-service,1
1650480894,social-graph-service,1
1650480894,social-graph-service,1
1650480895,social-graph-service,1
1650480895,social-graph-service,1
1650480895,social-graph-service,1
1650480896,social-graph-service,1
1650480896,social-graph-service,1
1650480896,social-graph-service,1
1650480896,social-graph-service,1
1650480896,social-graph-service,1
1650480896,social-graph-service,1
1650480896,social-graph-service,1
1650480896,social-graph-service,1
1650480896,social-graph-service,1
1650480896,social-graph-service,1
1650480896,social-graph-service,1
1650480896,social-graph-service,1
1650480897,social-graph-service,1
1650480897,social-graph-service,1
1650480897,social-graph-service,1
1650480898,social-graph-service,1
1650480898,social-graph-service,1
1650480898,social-graph-service,1
1650480898,social-graph-service,1
1650480898,social-graph-service,1
1650480898,social-graph-service,1
1650480899,social-graph-service,1
1650480899,social-graph-service,1
1650480899,social-graph-service,1
1650480899,social-graph-service,1
1650480899,social-graph-service,1
1650480899,social-graph-service,1
1650480900,social-graph-service,1
1650480900,social-graph-service,1
1650480900,social-graph-service,1
1650480900,social-graph-service,1
1650480900,social-graph-service,1
1650480900,social-graph-service,1
1650480901,social-graph-service,1
1650480901,social-graph-service,1
1650480901,social-graph-service,1
1650480902,social-graph-service,1
1650480902,social-graph-service,1
1650480902,social-graph-service,1
1650480902,social-graph-service,1
1650480902,social-graph-service,1
1650480902,social-graph-service,1
1650480903,social-graph-service,1
1650480903,social-graph-service,1
1650480903,social-graph-service,1
1650480903,social-graph-service,1
1650480903,social-graph-service,1
1650480903,social-graph-service,1
1650480904,social-graph-service,1
1650480904,social-graph-service,1
1650480904,social-graph-service,1
1650480904,social-graph-service,1
1650480904,social-graph-service,1
1650480904,social-graph-service,1
1650480904,social-graph-service,1
1650480904,social-graph-service,1
1650480904,social-graph-service,1
1650480905,social-graph-service,1
1650480905,social-graph-service,1
1650480905,social-graph-service,1
1650480905,social-graph-service,1
1650480905,social-graph-service,1
1650480905,social-graph-service,1
1650480905,social-graph-service,1
1650480905,social-graph-service,1
1650480905,social-graph-service,1
1650480906,social-graph-service,1
1650480906,social-graph-service,1
1650480906,social-graph-service,1
1650480907,social-graph-service,1
1650480907,social-graph-service,1
1650480907,social-graph-service,1
1650480907,social-graph-service,1
1650480907,social-graph-service,1
1650480907,social-graph-service,1
1650480908,social-graph-service,1
1650480908,social-graph-service,1
1650480908,social-graph-service,1
1650480909,social-graph-service,1
1650480909,social-graph-service,1
1650480909,social-graph-service,1
1650480909,social-graph-service,1
1650480909,social-graph-service,1
1650480909,social-graph-service,1
1650480910,social-graph-service,1
1650480910,social-graph-service,1
1650480910,social-graph-service,1
1650480911,social-graph-service,1
1650480911,social-graph-service,1
1650480911,social-graph-service,1
1650480912,social-graph-service,1
1650480912,social-graph-service,1
1650480912,social-graph-service,1
1650480912,social-graph-service,1
1650480912,social-graph-service,1
1650480912,social-graph-service,1
1650480912,social-graph-service,1
1650480912,social-graph-service,1
1650480912,social-graph-service,1
1650480913,social-graph-service,1
1650480913,social-graph-service,1
1650480913,social-graph-service,1
1650480913,social-graph-service,1
1650480913,social-graph-service,1
1650480913,social-graph-service,1
1650480914,social-graph-service,1
1650480914,social-graph-service,1
1650480914,social-graph-service,1
1650480915,social-graph-service,1
1650480915,social-graph-service,1
1650480915,social-graph-service,1
1650480915,social-graph-service,1
1650480915,social-graph-service,1
1650480915,social-graph-service,1
1650480915,social-graph-service,1
1650480915,social-graph-service,1
1650480915,social-graph-service,1
1650480916,social-graph-service,1
1650480916,social-graph-service,1
1650480916,social-graph-service,1
1650480917,social-graph-service,1
1650480917,social-graph-service,1
1650480917,social-graph-service,1
1650480918,social-graph-service,1
1650480918,social-graph-service,1
1650480918,social-graph-service,1
1650480918,social-graph-service,1
1650480918,social-graph-service,1
1650480919,social-graph-service,1
1650480919,social-graph-service,1
1650480919,social-graph-service,1
1650480919,social-graph-service,1
1650480919,social-graph-service,1
1650480919,social-graph-service,1
1650480919,social-graph-service,1
1650480920,social-graph-service,1
1650480920,social-graph-service,1
1650480920,social-graph-service,1
1650480921,social-graph-service,1
1650480921,social-graph-service,1
1650480921,social-graph-service,1
1650480921,social-graph-service,1
1650480921,social-graph-service,1
1650480921,social-graph-service,1
1650480921,social-graph-service,1
1650480921,social-graph-service,1
1650480921,social-graph-service,1
1650480922,social-graph-service,1
1650480922,social-graph-service,1
1650480922,social-graph-service,1
1650480923,social-graph-service,1
1650480923,social-graph-service,1
1650480923,social-graph-service,1
1650480923,social-graph-service,1
1650480923,social-graph-service,1
1650480923,social-graph-service,1
1650480924,social-graph-service,1
1650480924,social-graph-service,1
1650480924,social-graph-service,1
1650480924,social-graph-service,1
1650480924,social-graph-service,1
1650480924,social-graph-service,1
1650480925,social-graph-service,1
1650480925,social-graph-service,1
1650480925,social-graph-service,1
1650480926,social-graph-service,1
1650480926,social-graph-service,1
1650480926,social-graph-service,1
1650480926,social-graph-service,1
1650480926,social-graph-service,1
1650480926,social-graph-service,1
1650480926,social-graph-service,1
1650480926,social-graph-service,1
1650480926,social-graph-service,1
1650480926,social-graph-service,1
1650480926,social-graph-service,1
1650480926,social-graph-service,1
1650480927,social-graph-service,1
1650480927,social-graph-service,1
1650480927,social-graph-service,1
1650480928,social-graph-service,1
1650480928,social-graph-service,1
1650480928,social-graph-service,1
1650480928,social-graph-service,1
1650480928,social-graph-service,1
1650480928,social-graph-service,1
1650480929,social-graph-service,1
1650480929,social-graph-service,1
1650480929,social-graph-service,1
1650480929,social-graph-service,1
1650480929,social-graph-service,1
1650480929,social-graph-service,1
1650480929,social-graph-service,1
1650480929,social-graph-service,1
1650480929,social-graph-service,1
1650480930,social-graph-service,1
1650480930,social-graph-service,1
1650480930,social-graph-service,1
1650480930,social-graph-service,1
1650480930,social-graph-service,1
1650480930,social-graph-service,1
1650480930,social-graph-service,1
1650480930,social-graph-service,1
1650480930,social-graph-service,1
1650480931,social-graph-service,1
1650480931,social-graph-service,1
1650480931,social-graph-service,1
1650480932,social-graph-service,1
1650480932,social-graph-service,1
1650480932,social-graph-service,1
1650480932,social-graph-service,1
1650480932,social-graph-service,1
1650480932,social-graph-service,1
1650480933,social-graph-service,1
1650480933,social-graph-service,1
1650480933,social-graph-service,1
1650480933,social-graph-service,1
1650480933,social-graph-service,1
1650480933,social-graph-service,1
1650480934,social-graph-service,1
1650480934,social-graph-service,1
1650480934,social-graph-service,1
1650480935,social-graph-service,1
1650480935,social-graph-service,1
1650480935,social-graph-service,1
1650480935,social-graph-service,1
1650480935,social-graph-service,1
1650480935,social-graph-service,1
1650480936,social-graph-service,1
1650480936,social-graph-service,1
1650480936,social-graph-service,1
1650480937,social-graph-service,1
1650480937,social-graph-service,1
1650480937,social-graph-service,1
1650480938,social-graph-service,1
1650480938,social-graph-service,1
1650480938,social-graph-service,1
1650480938,social-graph-service,1
1650480938,social-graph-service,1
1650480938,social-graph-service,1
1650480939,social-graph-service,1
1650480939,social-graph-service,1
1650480939,social-graph-service,1
1650480939,social-graph-service,1
1650480939,social-graph-service,1
1650480939,social-graph-service,1
1650480939,social-graph-service,1
1650480939,social-graph-service,1
1650480939,social-graph-service,1
1650480939,social-graph-service,1
1650480939,social-graph-service,1
1650480939,social-graph-service,1
1650480940,social-graph-service,1
1650480940,social-graph-service,1
1650480940,social-graph-service,1
1650480940,social-graph-service,1
1650480940,social-graph-service,1
1650480940,social-graph-service,1
1650480941,social-graph-service,1
1650480941,social-graph-service,1
1650480941,social-graph-service,1
1650480942,social-graph-service,1
1650480942,social-graph-service,1
1650480942,social-graph-service,1
1650480942,social-graph-service,1
1650480942,social-graph-service,1
1650480942,social-graph-service,1
1650480942,social-graph-service,1
1650480942,social-graph-service,1
1650480942,social-graph-service,1
1650480943,social-graph-service,1
1650480943,social-graph-service,1
1650480943,social-graph-service,1
1650480943,social-graph-service,1
1650480943,social-graph-service,1
1650480943,social-graph-service,1
1650480944,social-graph-service,1
1650480944,social-graph-service,1
1650480944,social-graph-service,1
1650480945,social-graph-service,1
1650480945,social-graph-service,1
1650480945,social-graph-service,1
1650480946,social-graph-service,1
1650480946,social-graph-service,1
1650480946,social-graph-service,1
1650480946,social-graph-service,1
1650480946,social-graph-service,1
1650480946,social-graph-service,1
1650480947,social-graph-service,1
1650480947,social-graph-service,1
1650480947,social-graph-service,1
1650480947,social-graph-service,1
1650480947,social-graph-service,1
1650480947,social-graph-service,1
1650480948,social-graph-service,1
1650480948,social-graph-service,1
1650480948,social-graph-service,1
1650480949,social-graph-service,1
1650480949,social-graph-service,1
1650480949,social-graph-service,1
1650480949,social-graph-service,1
1650480949,social-graph-service,1
1650480949,social-graph-service,1
1650480950,social-graph-service,1
1650480950,social-graph-service,1
1650480950,social-graph-service,1
1650480951,social-graph-service,1
1650480951,social-graph-service,1
1650480951,social-graph-service,1
1650480952,social-graph-service,1
1650480952,social-graph-service,1
1650480952,social-graph-service,1
1650480952,social-graph-service,1
1650480952,social-graph-service,1
1650480952,social-graph-service,1
1650480952,social-graph-service,1
1650480952,social-graph-service,1
1650480952,social-graph-service,1
1650480953,social-graph-service,1
1650480953,social-graph-service,1
1650480953,social-graph-service,1
1650480954,social-graph-service,1
1650480954,social-graph-service,1
1650480954,social-graph-service,1
1650480954,social-graph-service,1
1650480954,social-graph-service,1
1650480954,social-graph-service,1
1650480955,social-graph-service,1
1650480955,social-graph-service,1
1650480955,social-graph-service,1
1650480955,social-graph-service,1
1650480955,social-graph-service,1
1650480955,social-graph-service,1
1650480955,social-graph-service,1
1650480955,social-graph-service,1
1650480955,social-graph-service,1
1650480956,social-graph-service,1
1650480956,social-graph-service,1
1650480956,social-graph-service,1
1650480956,social-graph-service,1
1650480956,social-graph-service,1
1650480956,social-graph-service,1
1650480956,social-graph-service,1
1650480956,social-graph-service,1
1650480956,social-graph-service,1
1650480956,social-graph-service,1
1650480956,social-graph-service,1
1650480957,social-graph-service,1
1650480957,social-graph-service,1
1650480957,social-graph-service,1
1650480957,social-graph-service,1
1650480957,social-graph-service,1
1650480957,social-graph-service,1
1650480957,social-graph-service,1
1650480958,social-graph-service,1
1650480958,social-graph-service,1
1650480958,social-graph-service,1
1650480959,social-graph-service,1
1650480959,social-graph-service,1
1650480959,social-graph-service,1
1650480960,social-graph-service,1
1650480960,social-graph-service,1
1650480960,social-graph-service,1
1650480960,social-graph-service,1
1650480960,social-graph-service,1
1650480960,social-graph-service,1
1650480961,social-graph-service,1
1650480961,social-graph-service,1
1650480961,social-graph-service,1
1650480962,social-graph-service,1
1650480962,social-graph-service,1
1650480962,social-graph-service,1
1650480962,social-graph-service,1
1650480962,social-graph-service,1
1650480962,social-graph-service,1
1650480963,social-graph-service,1
1650480963,social-graph-service,1
1650480963,social-graph-service,1
1650480963,social-graph-service,1
1650480963,social-graph-service,1
1650480963,social-graph-service,1
1650480964,social-graph-service,1
1650480964,social-graph-service,1
1650480964,social-graph-service,1
1650480964,social-graph-service,1
1650480964,social-graph-service,1
1650480964,social-graph-service,1
1650480965,social-graph-service,1
1650480965,social-graph-service,1
1650480965,social-graph-service,1
1650480965,social-graph-service,1
1650480965,social-graph-service,1
1650480965,social-graph-service,1
1650480966,social-graph-service,1
1650480966,social-graph-service,1
1650480966,social-graph-service,1
1650480967,social-graph-service,1
1650480967,social-graph-service,1
1650480967,social-graph-service,1
1650480967,social-graph-service,1
1650480967,social-graph-service,1
1650480967,social-graph-service,1
1650480968,social-graph-service,1
1650480968,social-graph-service,1
1650480968,social-graph-service,1
1650480969,social-graph-service,1
1650480969,social-graph-service,1
1650480969,social-graph-service,1
1650480970,social-graph-service,1
1650480970,social-graph-service,1
1650480970,social-graph-service,1
1650480970,social-graph-service,1
1650480970,social-graph-service,1
1650480970,social-graph-service,1
1650480971,social-graph-service,1
1650480971,social-graph-service,1
1650480971,social-graph-service,1
1650480971,social-graph-service,1
1650480971,social-graph-service,1
1650480971,social-graph-service,1
1650480972,social-graph-service,1
1650480972,social-graph-service,1
1650480972,social-graph-service,1
1650480973,social-graph-service,1
1650480973,social-graph-service,1
1650480973,social-graph-service,1
1650480973,social-graph-service,1
1650480973,social-graph-service,1
1650480973,social-graph-service,1
1650480973,social-graph-service,1
1650480973,social-graph-service,1
1650480973,social-graph-service,1
1650480974,social-graph-service,1
1650480974,social-graph-service,1
1650480974,social-graph-service,1
1650480975,social-graph-service,1
1650480975,social-graph-service,1
1650480975,social-graph-service,1
1650480975,social-graph-service,1
1650480975,social-graph-service,1
1650480975,social-graph-service,1
1650480976,social-graph-service,1
1650480976,social-graph-service,1
1650480976,social-graph-service,1
1650480976,social-graph-service,1
1650480976,social-graph-service,1
1650480976,social-graph-service,1
1650480977,social-graph-service,1
1650480977,social-graph-service,1
1650480977,social-graph-service,1
1650480978,social-graph-service,1
1650480978,social-graph-service,1
1650480978,social-graph-service,1
1650480979,social-graph-service,1
1650480979,social-graph-service,1
1650480979,social-graph-service,1
1650480980,social-graph-service,1
1650480980,social-graph-service,1
1650480980,social-graph-service,1
1650480981,social-graph-service,1
1650480981,social-graph-service,1
1650480981,social-graph-service,1
1650480981,social-graph-service,1
1650480981,social-graph-service,1
1650480981,social-graph-service,1
1650480981,social-graph-service,1
1650480981,social-graph-service,1
1650480981,social-graph-service,1
1650480982,social-graph-service,1
1650480982,social-graph-service,1
1650480982,social-graph-service,1
1650480982,social-graph-service,1
1650480982,social-graph-service,1
1650480982,social-graph-service,1
1650480983,social-graph-service,1
1650480983,social-graph-service,1
1650480983,social-graph-service,1
1650480984,social-graph-service,1
1650480984,social-graph-service,1
1650480984,social-graph-service,1
1650480984,social-graph-service,1
1650480984,social-graph-service,1
1650480984,social-graph-service,1
1650480985,social-graph-service,1
1650480985,social-graph-service,1
1650480985,social-graph-service,1
1650480986,social-graph-service,1
1650480986,social-graph-service,1
1650480986,social-graph-service,1
1650480986,social-graph-service,1
1650480986,social-graph-service,1
1650480986,social-graph-service,1
1650480987,social-graph-service,1
1650480987,social-graph-service,1
1650480987,social-graph-service,1
1650480987,social-graph-service,1
1650480987,social-graph-service,1
1650480987,social-graph-service,1
1650480988,social-graph-service,1
1650480988,social-graph-service,1
1650480988,social-graph-service,1
1650480988,social-graph-service,1
1650480988,social-graph-service,1
1650480988,social-graph-service,1
1650480989,social-graph-service,1
1650480989,social-graph-service,1
1650480989,social-graph-service,1
1650480989,social-graph-service,1
1650480989,social-graph-service,1
1650480989,social-graph-service,1
1650480990,social-graph-service,1
1650480990,social-graph-service,1
1650480990,social-graph-service,1
1650480991,social-graph-service,1
1650480991,social-graph-service,1
1650480991,social-graph-service,1
1650480991,social-graph-service,1
1650480991,social-graph-service,1
1650480991,social-graph-service,1
1650480991,social-graph-service,1
1650480991,social-graph-service,1
1650480991,social-graph-service,1
1650480992,social-graph-service,1
1650480992,social-graph-service,1
1650480992,social-graph-service,1
1650480992,social-graph-service,1
1650480992,social-graph-service,1
1650480992,social-graph-service,1
1650480993,social-graph-service,1
1650480993,social-graph-service,1
1650480993,social-graph-service,1
1650480993,social-graph-service,1
1650480993,social-graph-service,1
1650480993,social-graph-service,1
1650480994,social-graph-service,1
1650480994,social-graph-service,1
1650480994,social-graph-service,1
1650480994,social-graph-service,1
1650480994,social-graph-service,1
1650480994,social-graph-service,1
1650480994,social-graph-service,1
1650480994,social-graph-service,1
1650480994,social-graph-service,1
1650480995,social-graph-service,1
1650480995,social-graph-service,1
1650480995,social-graph-service,1
1650480996,social-graph-service,1
1650480996,social-graph-service,1
1650480996,social-graph-service,1
1650480997,social-graph-service,1
1650480997,social-graph-service,1
1650480997,social-graph-service,1
1650480997,social-graph-service,1
1650480997,social-graph-service,1
1650480997,social-graph-service,1
1650480997,social-graph-service,1
1650480997,social-graph-service,1
1650480997,social-graph-service,1
1650480997,social-graph-service,1
1650480997,social-graph-service,1
1650480997,social-graph-service,1
1650480998,social-graph-service,1
1650480998,social-graph-service,1
1650480998,social-graph-service,1
1650480998,social-graph-service,1
1650480998,social-graph-service,1
1650480998,social-graph-service,1
1650480999,social-graph-service,1
1650480999,social-graph-service,1
1650480999,social-graph-service,1
1650481000,social-graph-service,1
1650481000,social-graph-service,1
1650481000,social-graph-service,1
1650481001,social-graph-service,1
1650481001,social-graph-service,1
1650481001,social-graph-service,1
1650481001,social-graph-service,1
1650481001,social-graph-service,1
1650481001,social-graph-service,1
1650481002,social-graph-service,1
1650481002,social-graph-service,1
1650481002,social-graph-service,1
1650481002,social-graph-service,1
1650481002,social-graph-service,1
1650481002,social-graph-service,1
1650481003,social-graph-service,1
1650481003,social-graph-service,1
1650481003,social-graph-service,1
1650481004,social-graph-service,1
1650481004,social-graph-service,1
1650481004,social-graph-service,1
1650481004,social-graph-service,1
1650481004,social-graph-service,1
1650481004,social-graph-service,1
1650481005,social-graph-service,1
1650481005,social-graph-service,1
1650481005,social-graph-service,1
1650481006,social-graph-service,1
1650481006,social-graph-service,1
1650481006,social-graph-service,1
1650481006,social-graph-service,1
1650481006,social-graph-service,1
1650481007,social-graph-service,1
1650481007,social-graph-service,1
1650481007,social-graph-service,1
1650481007,social-graph-service,1
1650481007,social-graph-service,1
1650481007,social-graph-service,1
1650481007,social-graph-service,1
1650481008,social-graph-service,1
1650481008,social-graph-service,1
1650481008,social-graph-service,1
1650481008,social-graph-service,1
1650481008,social-graph-service,1
1650481008,social-graph-service,1
1650481009,social-graph-service,1
1650481009,social-graph-service,1
1650481009,social-graph-service,1
1650481010,social-graph-service,1
1650481010,social-graph-service,1
1650481010,social-graph-service,1
1650481010,social-graph-service,1
1650481010,social-graph-service,1
1650481010,social-graph-service,1
1650481010,social-graph-service,1
1650481010,social-graph-service,1
1650481010,social-graph-service,1
1650481010,social-graph-service,1
1650481010,social-graph-service,1
1650481010,social-graph-service,1
1650481011,social-graph-service,1
1650481011,social-graph-service,1
1650481011,social-graph-service,1
1650481011,social-graph-service,1
1650481011,social-graph-service,1
1650481011,social-graph-service,1
1650481012,social-graph-service,1
1650481012,social-graph-service,1
1650481012,social-graph-service,1
1650481012,social-graph-service,1
1650481012,social-graph-service,1
1650481012,social-graph-service,1
1650481013,social-graph-service,1
1650481013,social-graph-service,1
1650481013,social-graph-service,1
1650481013,social-graph-service,1
1650481013,social-graph-service,1
1650481013,social-graph-service,1
1650481013,social-graph-service,1
1650481013,social-graph-service,1
1650481013,social-graph-service,1
1650481014,social-graph-service,1
1650481014,social-graph-service,1
1650481014,social-graph-service,1
1650481014,social-graph-service,1
1650481014,social-graph-service,1
1650481014,social-graph-service,1
1650481015,social-graph-service,1
1650481015,social-graph-service,1
1650481015,social-graph-service,1
1650481016,social-graph-service,1
1650481016,social-graph-service,1
1650481016,social-graph-service,1
1650481016,social-graph-service,1
1650481016,social-graph-service,1
1650481016,social-graph-service,1
1650481017,social-graph-service,1
1650481017,social-graph-service,1
1650481017,social-graph-service,1
1650481018,social-graph-service,1
1650481018,social-graph-service,1
1650481018,social-graph-service,1
1650481019,social-graph-service,1
1650481019,social-graph-service,1
1650481019,social-graph-service,1
1650481019,social-graph-service,1
1650481019,social-graph-service,1
1650481019,social-graph-service,1
1650481020,social-graph-service,1
1650481020,social-graph-service,1
1650481020,social-graph-service,1
1650481020,social-graph-service,1
1650481020,social-graph-service,1
1650481020,social-graph-service,1
1650481021,social-graph-service,1
1650481021,social-graph-service,1
1650481021,social-graph-service,1
1650481022,social-graph-service,1
1650481022,social-graph-service,1
1650481022,social-graph-service,1
1650481022,social-graph-service,1
1650481022,social-graph-service,1
1650481022,social-graph-service,1
1650481023,social-graph-service,1
1650481023,social-graph-service,1
1650481023,social-graph-service,1
1650481023,social-graph-service,1
1650481023,social-graph-service,1
1650481023,social-graph-service,1
1650481024,social-graph-service,1
1650481024,social-graph-service,1
1650481024,social-graph-service,1
1650481025,social-graph-service,1
1650481025,social-graph-service,1
1650481025,social-graph-service,1
1650481025,social-graph-service,1
1650481025,social-graph-service,1
1650481025,social-graph-service,1
1650481025,social-graph-service,1
1650481025,social-graph-service,1
1650481025,social-graph-service,1
1650481026,social-graph-service,1
1650481026,social-graph-service,1
1650481026,social-graph-service,1
1650481027,social-graph-service,1
1650481027,social-graph-service,1
1650481027,social-graph-service,1
1650481027,social-graph-service,1
1650481027,social-graph-service,1
1650481027,social-graph-service,1
1650481028,social-graph-service,1
1650481028,social-graph-service,1
1650481028,social-graph-service,1
1650481029,social-graph-service,1
1650481029,social-graph-service,1
1650481029,social-graph-service,1
1650481029,social-graph-service,1
1650481029,social-graph-service,1
1650481029,social-graph-service,1
1650481030,social-graph-service,1
1650481030,social-graph-service,1
1650481030,social-graph-service,1
1650481031,social-graph-service,1
1650481031,social-graph-service,1
1650481031,social-graph-service,1
1650481031,social-graph-service,1
1650481031,social-graph-service,1
1650481031,social-graph-service,1
1650481032,social-graph-service,1
1650481032,social-graph-service,1
1650481032,social-graph-service,1
1650481033,social-graph-service,1
1650481033,social-graph-service,1
1650481033,social-graph-service,1
1650481033,social-graph-service,1
1650481033,social-graph-service,1
1650481033,social-graph-service,1
1650481034,social-graph-service,1
1650481034,social-graph-service,1
1650481034,social-graph-service,1
1650481034,social-graph-service,1
1650481034,social-graph-service,1
1650481034,social-graph-service,1
1650481035,social-graph-service,1
1650481035,social-graph-service,1
1650481035,social-graph-service,1
1650481036,social-graph-service,1
1650481036,social-graph-service,1
1650481036,social-graph-service,1
1650481037,social-graph-service,1
1650481037,social-graph-service,1
1650481037,social-graph-service,1
1650481038,social-graph-service,1
1650481038,social-graph-service,1
1650481038,social-graph-service,1
1650481038,social-graph-service,1
1650481038,social-graph-service,1
1650481038,social-graph-service,1
1650481039,social-graph-service,1
1650481039,social-graph-service,1
1650481039,social-graph-service,1
1650481040,social-graph-service,1
1650481040,social-graph-service,1
1650481040,social-graph-service,1
1650481040,social-graph-service,1
1650481040,social-graph-service,1
1650481040,social-graph-service,1
1650481040,social-graph-service,1
1650481040,social-graph-service,1
1650481040,social-graph-service,1
1650481041,social-graph-service,1
1650481041,social-graph-service,1
1650481041,social-graph-service,1
1650481042,social-graph-service,1
1650481042,social-graph-service,1
1650481042,social-graph-service,1
1650481043,social-graph-service,1
1650481043,social-graph-service,1
1650481043,social-graph-service,1
1650481043,social-graph-service,1
1650481043,social-graph-service,1
1650481043,social-graph-service,1
1650481044,social-graph-service,1
1650481044,social-graph-service,1
1650481044,social-graph-service,1
1650481045,social-graph-service,1
1650481045,social-graph-service,1
1650481045,social-graph-service,1
1650481045,social-graph-service,1
1650481045,social-graph-service,1
1650481045,social-graph-service,1
1650481046,social-graph-service,1
1650481046,social-graph-service,1
1650481046,social-graph-service,1
1650481046,social-graph-service,1
1650481046,social-graph-service,1
1650481046,social-graph-service,1
1650481046,social-graph-service,1
1650481046,social-graph-service,1
1650481046,social-graph-service,1
1650481047,social-graph-service,1
1650481047,social-graph-service,1
1650481047,social-graph-service,1
1650481047,social-graph-service,1
1650481047,social-graph-service,1
1650481047,social-graph-service,1
1650481047,social-graph-service,1
1650481047,social-graph-service,1
1650481047,social-graph-service,1
1650481048,social-graph-service,1
1650481048,social-graph-service,1
1650481048,social-graph-service,1
1650481049,social-graph-service,1
1650481049,social-graph-service,1
1650481049,social-graph-service,1
1650481049,social-graph-service,1
1650481049,social-graph-service,1
1650481049,social-graph-service,1
1650481049,social-graph-service,1
1650481049,social-graph-service,1
1650481049,social-graph-service,1
1650481049,social-graph-service,1
1650481049,social-graph-service,1
1650481049,social-graph-service,1
1650481050,social-graph-service,1
1650481050,social-graph-service,1
1650481050,social-graph-service,1
1650481050,social-graph-service,1
1650481050,social-graph-service,1
1650481050,social-graph-service,1
1650481050,social-graph-service,1
1650481050,social-graph-service,1
1650481050,social-graph-service,1
1650481051,social-graph-service,1
1650481051,social-graph-service,1
1650481051,social-graph-service,1
1650481052,social-graph-service,1
1650481052,social-graph-service,1
1650481052,social-graph-service,1
1650481052,social-graph-service,1
1650481052,social-graph-service,1
1650481052,social-graph-service,1
1650481053,social-graph-service,1
1650481053,social-graph-service,1
1650481053,social-graph-service,1
1650481054,social-graph-service,1
1650481054,social-graph-service,1
1650481054,social-graph-service,1
1650481054,social-graph-service,1
1650481054,social-graph-service,1
1650481054,social-graph-service,1
1650481054,social-graph-service,1
1650481054,social-graph-service,1
1650481054,social-graph-service,1
1650481055,social-graph-service,1
1650481055,social-graph-service,1
1650481055,social-graph-service,1
1650481056,social-graph-service,1
1650481056,social-graph-service,1
1650481056,social-graph-service,1
1650481057,social-graph-service,1
1650481057,social-graph-service,1
1650481057,social-graph-service,1
1650481057,social-graph-service,1
1650481057,social-graph-service,1
1650481057,social-graph-service,1
1650481057,social-graph-service,1
1650481057,social-graph-service,1
1650481057,social-graph-service,1
1650481058,social-graph-service,1
1650481058,social-graph-service,1
1650481058,social-graph-service,1
1650481058,social-graph-service,1
1650481058,social-graph-service,1
1650481058,social-graph-service,1
1650481059,social-graph-service,1
1650481059,social-graph-service,1
1650481059,social-graph-service,1
1650481059,social-graph-service,1
1650481059,social-graph-service,1
1650481059,social-graph-service,1
1650481060,social-graph-service,1
1650481060,social-graph-service,1
1650481060,social-graph-service,1
1650481061,social-graph-service,1
1650481061,social-graph-service,1
1650481061,social-graph-service,1
1650481062,social-graph-service,1
1650481062,social-graph-service,1
1650481062,social-graph-service,1
1650481062,social-graph-service,1
1650481062,social-graph-service,1
1650481062,social-graph-service,1
1650481062,social-graph-service,1
1650481062,social-graph-service,1
1650481062,social-graph-service,1
1650481063,social-graph-service,1
1650481063,social-graph-service,1
1650481063,social-graph-service,1
1650481063,social-graph-service,1
1650481063,social-graph-service,1
1650481063,social-graph-service,1
1650481063,social-graph-service,1
1650481063,social-graph-service,1
1650481063,social-graph-service,1
1650481064,social-graph-service,1
1650481064,social-graph-service,1
1650481064,social-graph-service,1
1650481064,social-graph-service,1
1650481064,social-graph-service,1
1650481064,social-graph-service,1
1650481064,social-graph-service,1
1650481065,social-graph-service,1
1650481065,social-graph-service,1
1650481065,social-graph-service,1
1650481065,social-graph-service,1
1650481065,social-graph-service,1
1650481066,social-graph-service,1
1650481066,social-graph-service,1
1650481066,social-graph-service,1
1650481067,social-graph-service,1
1650481067,social-graph-service,1
1650481067,social-graph-service,1
1650481068,social-graph-service,1
1650481068,social-graph-service,1
1650481068,social-graph-service,1
1650481068,social-graph-service,1
1650481068,social-graph-service,1
1650481068,social-graph-service,1
1650481068,social-graph-service,1
1650481068,social-graph-service,1
1650481068,social-graph-service,1
1650481069,social-graph-service,1
1650481069,social-graph-service,1
1650481069,social-graph-service,1
1650481070,social-graph-service,1
1650481070,social-graph-service,1
1650481070,social-graph-service,1
1650481071,social-graph-service,1
1650481071,social-graph-service,1
1650481071,social-graph-service,1
1650481071,social-graph-service,1
1650481071,social-graph-service,1
1650481071,social-graph-service,1
1650481072,social-graph-service,1
1650481072,social-graph-service,1
1650481072,social-graph-service,1
1650481072,social-graph-service,1
1650481072,social-graph-service,1
1650481072,social-graph-service,1
1650481072,social-graph-service,1
1650481072,social-graph-service,1
1650481072,social-graph-service,1
1650481073,social-graph-service,1
1650481073,social-graph-service,1
1650481073,social-graph-service,1
1650481074,social-graph-service,1
1650481074,social-graph-service,1
1650481074,social-graph-service,1
1650481074,social-graph-service,1
1650481074,social-graph-service,1
1650481074,social-graph-service,1
1650481075,social-graph-service,1
1650481075,social-graph-service,1
1650481075,social-graph-service,1
1650481075,social-graph-service,1
1650481075,social-graph-service,1
1650481075,social-graph-service,1
1650481076,social-graph-service,1
1650481076,social-graph-service,1
1650481076,social-graph-service,1
1650481077,social-graph-service,1
1650481077,social-graph-service,1
1650481077,social-graph-service,1
1650481077,social-graph-service,1
1650481077,social-graph-service,1
1650481077,social-graph-service,1
1650481078,social-graph-service,1
1650481078,social-graph-service,1
1650481078,social-graph-service,1
1650481079,social-graph-service,1
1650481079,social-graph-service,1
1650481079,social-graph-service,1
1650481079,social-graph-service,1
1650481079,social-graph-service,1
1650481079,social-graph-service,1
1650481080,social-graph-service,1
1650481080,social-graph-service,1
1650481080,social-graph-service,1
1650481081,social-graph-service,1
1650481081,social-graph-service,1
1650481081,social-graph-service,1
1650481081,social-graph-service,1
1650481081,social-graph-service,1
1650481081,social-graph-service,1
1650481081,social-graph-service,1
1650481081,social-graph-service,1
1650481081,social-graph-service,1
1650481081,social-graph-service,1
1650481081,social-graph-service,1
1650481081,social-graph-service,1
1650481082,social-graph-service,1
1650481082,social-graph-service,1
1650481082,social-graph-service,1
1650481082,social-graph-service,1
1650481082,social-graph-service,1
1650481082,social-graph-service,1
1650481083,social-graph-service,1
1650481083,social-graph-service,1
1650481083,social-graph-service,1
1650481083,social-graph-service,1
1650481083,social-graph-service,1
1650481083,social-graph-service,1
1650481084,social-graph-service,1
1650481084,social-graph-service,1
1650481084,social-graph-service,1
1650481084,social-graph-service,1
1650481084,social-graph-service,1
1650481084,social-graph-service,1
1650481084,social-graph-service,1
1650481084,social-graph-service,1
1650481084,social-graph-service,1
1650481085,social-graph-service,1
1650481085,social-graph-service,1
1650481085,social-graph-service,1
1650481085,social-graph-service,1
1650481085,social-graph-service,1
1650481085,social-graph-service,1
1650481085,social-graph-service,1
1650481085,social-graph-service,1
1650481086,social-graph-service,1
1650481086,social-graph-service,1
1650481086,social-graph-service,1
1650481086,social-graph-service,1
1650481087,social-graph-service,1
1650481087,social-graph-service,1
1650481087,social-graph-service,1
1650481088,social-graph-service,1
1650481088,social-graph-service,1
1650481088,social-graph-service,1
1650481089,social-graph-service,1
1650481089,social-graph-service,1
1650481089,social-graph-service,1
1650481089,social-graph-service,1
1650481089,social-graph-service,1
1650481089,social-graph-service,1
1650481090,social-graph-service,1
1650481090,social-graph-service,1
1650481090,social-graph-service,1
1650481090,social-graph-service,1
1650481090,social-graph-service,1
1650481090,social-graph-service,1
1650481090,social-graph-service,1
1650481090,social-graph-service,1
1650481090,social-graph-service,1
1650481091,social-graph-service,1
1650481091,social-graph-service,1
1650481091,social-graph-service,1
1650481092,social-graph-service,1
1650481092,social-graph-service,1
1650481092,social-graph-service,1
1650481093,social-graph-service,1
1650481093,social-graph-service,1
1650481093,social-graph-service,1
1650481093,social-graph-service,1
1650481093,social-graph-service,1
1650481093,social-graph-service,1
1650481094,social-graph-service,1
1650481094,social-graph-service,1
1650481094,social-graph-service,1
1650481094,social-graph-service,1
1650481094,social-graph-service,1
1650481094,social-graph-service,1
1650481095,social-graph-service,1
1650481095,social-graph-service,1
1650481095,social-graph-service,1
1650481096,social-graph-service,1
1650481096,social-graph-service,1
1650481096,social-graph-service,1
1650481097,social-graph-service,1
1650481097,social-graph-service,1
1650481097,social-graph-service,1
1650481097,social-graph-service,1
1650481097,social-graph-service,1
1650481097,social-graph-service,1
1650481098,social-graph-service,1
1650481098,social-graph-service,1
1650481098,social-graph-service,1
1650481099,social-graph-service,1
1650481099,social-graph-service,1
1650481099,social-graph-service,1
1650481099,social-graph-service,1
1650481099,social-graph-service,1
1650481099,social-graph-service,1
1650481099,social-graph-service,1
1650481099,social-graph-service,1
1650481099,social-graph-service,1
1650481100,social-graph-service,1
1650481100,social-graph-service,1
1650481100,social-graph-service,1
1650481100,social-graph-service,1
1650481101,social-graph-service,1
1650481101,social-graph-service,1
1650481101,social-graph-service,1
1650481101,social-graph-service,1
1650481101,social-graph-service,1
1650481102,social-graph-service,1
1650481102,social-graph-service,1
1650481102,social-graph-service,1
1650481103,social-graph-service,1
1650481103,social-graph-service,1
1650481103,social-graph-service,1
1650481103,social-graph-service,1
1650481103,social-graph-service,1
1650481103,social-graph-service,1
1650481103,social-graph-service,1
1650481103,social-graph-service,1
1650481103,social-graph-service,1
1650481104,social-graph-service,1
1650481104,social-graph-service,1
1650481104,social-graph-service,1
1650481105,social-graph-service,1
1650481105,social-graph-service,1
1650481105,social-graph-service,1
1650481105,social-graph-service,1
1650481105,social-graph-service,1
1650481105,social-graph-service,1
1650481106,social-graph-service,1
1650481106,social-graph-service,1
1650481106,social-graph-service,1
1650481107,social-graph-service,1
1650481107,social-graph-service,1
1650481107,social-graph-service,1
1650481108,social-graph-service,1
1650481108,social-graph-service,1
1650481108,social-graph-service,1
1650481108,social-graph-service,1
1650481108,social-graph-service,1
1650481108,social-graph-service,1
1650481108,social-graph-service,1
1650481108,social-graph-service,1
1650481108,social-graph-service,1
1650481109,social-graph-service,1
1650481109,social-graph-service,1
1650481109,social-graph-service,1
1650481109,social-graph-service,1
1650481109,social-graph-service,1
1650481109,social-graph-service,1
1650481110,social-graph-service,1
1650481110,social-graph-service,1
1650481110,social-graph-service,1
1650481110,social-graph-service,1
1650481110,social-graph-service,1
1650481110,social-graph-service,1
1650481111,social-graph-service,1
1650481111,social-graph-service,1
1650481111,social-graph-service,1
1650481111,social-graph-service,1
1650481111,social-graph-service,1
1650481111,social-graph-service,1
1650481112,social-graph-service,1
1650481112,social-graph-service,1
1650481112,social-graph-service,1
1650481112,social-graph-service,1
1650481112,social-graph-service,1
1650481112,social-graph-service,1
1650481113,social-graph-service,1
1650481113,social-graph-service,1
1650481113,social-graph-service,1
1650481113,social-graph-service,1
1650481113,social-graph-service,1
1650481113,social-graph-service,1
1650481114,social-graph-service,1
1650481114,social-graph-service,1
1650481114,social-graph-service,1
1650481114,social-graph-service,1
1650481114,social-graph-service,1
1650481114,social-graph-service,1
1650481114,social-graph-service,1
1650481114,social-graph-service,1
1650481114,social-graph-service,1
1650481115,social-graph-service,1
1650481115,social-graph-service,1
1650481115,social-graph-service,1
1650481116,social-graph-service,1
1650481116,social-graph-service,1
1650481116,social-graph-service,1
1650481116,social-graph-service,1
1650481116,social-graph-service,1
1650481116,social-graph-service,1
1650481116,social-graph-service,1
1650481116,social-graph-service,1
1650481116,social-graph-service,1
1650481117,social-graph-service,1
1650481117,social-graph-service,1
1650481117,social-graph-service,1
1650481118,social-graph-service,1
1650481118,social-graph-service,1
1650481118,social-graph-service,1
1650481118,social-graph-service,1
1650481118,social-graph-service,1
1650481118,social-graph-service,1
1650481119,social-graph-service,1
1650481119,social-graph-service,1
1650481119,social-graph-service,1
1650481119,social-graph-service,1
1650481119,social-graph-service,1
1650481119,social-graph-service,1
1650481120,social-graph-service,1
1650481120,social-graph-service,1
1650481120,social-graph-service,1
1650481120,social-graph-service,1
1650481120,social-graph-service,1
1650481120,social-graph-service,1
1650481121,social-graph-service,1
1650481121,social-graph-service,1
1650481121,social-graph-service,1
1650481121,social-graph-service,1
1650481121,social-graph-service,1
1650481121,social-graph-service,1
1650481122,social-graph-service,1
1650481122,social-graph-service,1
1650481122,social-graph-service,1
1650481123,social-graph-service,1
1650481123,social-graph-service,1
1650481123,social-graph-service,1
1650481123,social-graph-service,1
1650481123,social-graph-service,1
1650481123,social-graph-service,1
1650481123,social-graph-service,1
1650481123,social-graph-service,1
1650481123,social-graph-service,1
1650481124,social-graph-service,1
1650481124,social-graph-service,1
1650481124,social-graph-service,1
1650481125,social-graph-service,1
1650481125,social-graph-service,1
1650481125,social-graph-service,1
1650481125,social-graph-service,1
1650481125,social-graph-service,1
1650481125,social-graph-service,1
1650481126,social-graph-service,1
1650481126,social-graph-service,1
1650481126,social-graph-service,1
1650481126,social-graph-service,1
1650481126,social-graph-service,1
1650481127,social-graph-service,1
1650481127,social-graph-service,1
1650481127,social-graph-service,1
1650481127,social-graph-service,1
1650481128,social-graph-service,1
1650481128,social-graph-service,1
1650481128,social-graph-service,1
1650481129,social-graph-service,1
1650481129,social-graph-service,1
1650481129,social-graph-service,1
1650481129,social-graph-service,1
1650481129,social-graph-service,1
1650481129,social-graph-service,1
1650481130,social-graph-service,1
1650481130,social-graph-service,1
1650481130,social-graph-service,1
1650481130,social-graph-service,1
1650481130,social-graph-service,1
1650481130,social-graph-service,1
1650481130,social-graph-service,1
1650481130,social-graph-service,1
1650481131,social-graph-service,1
1650481131,social-graph-service,1
1650481131,social-graph-service,1
1650481131,social-graph-service,1
1650481132,social-graph-service,1
1650481132,social-graph-service,1
1650481132,social-graph-service,1
1650481132,social-graph-service,1
1650481132,social-graph-service,1
1650481132,social-graph-service,1
1650481132,social-graph-service,1
1650481132,social-graph-service,1
1650481132,social-graph-service,1
1650481132,social-graph-service,1
1650481132,social-graph-service,1
1650481132,social-graph-service,1
1650481133,social-graph-service,1
1650481133,social-graph-service,1
1650481133,social-graph-service,1
1650481133,social-graph-service,1
1650481133,social-graph-service,1
1650481134,social-graph-service,1
1650481134,social-graph-service,1
1650481134,social-graph-service,1
1650481134,social-graph-service,1
1650481134,social-graph-service,1
1650481134,social-graph-service,1
1650481134,social-graph-service,1
1650481134,social-graph-service,1
1650481134,social-graph-service,1
1650481134,social-graph-service,1
1650481135,social-graph-service,1
1650481135,social-graph-service,1
1650481135,social-graph-service,1
1650481136,social-graph-service,1
1650481136,social-graph-service,1
1650481136,social-graph-service,1
1650481137,social-graph-service,1
1650481137,social-graph-service,1
1650481137,social-graph-service,1
1650481137,social-graph-service,1
1650481137,social-graph-service,1
1650481137,social-graph-service,1
1650481138,social-graph-service,1
1650481138,social-graph-service,1
1650481138,social-graph-service,1
1650481139,social-graph-service,1
1650481139,social-graph-service,1
1650481139,social-graph-service,1
1650481139,social-graph-service,1
1650481139,social-graph-service,1
1650481139,social-graph-service,1
1650481140,social-graph-service,1
1650481140,social-graph-service,1
1650481140,social-graph-service,1
1650481141,social-graph-service,1
1650481141,social-graph-service,1
1650481141,social-graph-service,1
1650481141,social-graph-service,1
1650481141,social-graph-service,1
1650481141,social-graph-service,1
1650481142,social-graph-service,1
1650481142,social-graph-service,1
1650481142,social-graph-service,1
1650481142,social-graph-service,1
1650481142,social-graph-service,1
1650481143,social-graph-service,1
1650481143,social-graph-service,1
1650481143,social-graph-service,1
1650481143,social-graph-service,1
1650481143,social-graph-service,1
1650481143,social-graph-service,1
1650481143,social-graph-service,1
1650481144,social-graph-service,1
1650481144,social-graph-service,1
1650481144,social-graph-service,1
1650481145,social-graph-service,1
1650481145,social-graph-service,1
1650481145,social-graph-service,1
1650481145,social-graph-service,1
1650481145,social-graph-service,1
1650481145,social-graph-service,1
1650481146,social-graph-service,1
1650481146,social-graph-service,1
1650481146,social-graph-service,1
1650481146,social-graph-service,1
1650481146,social-graph-service,1
1650481146,social-graph-service,1
1650481147,social-graph-service,1
1650481147,social-graph-service,1
1650481147,social-graph-service,1
1650481147,social-graph-service,1
1650481147,social-graph-service,1
1650481147,social-graph-service,1
1650481148,social-graph-service,1
1650481148,social-graph-service,1
1650481148,social-graph-service,1
1650481149,social-graph-service,1
1650481149,social-graph-service,1
1650481149,social-graph-service,1
1650481149,social-graph-service,1
1650481149,social-graph-service,1
1650481149,social-graph-service,1
1650481150,social-graph-service,1
1650481150,social-graph-service,1
1650481150,social-graph-service,1
1650481151,social-graph-service,1
1650481151,social-graph-service,1
1650481151,social-graph-service,1
1650481151,social-graph-service,1
1650481151,social-graph-service,1
1650481151,social-graph-service,1
1650481152,social-graph-service,1
1650481152,social-graph-service,1
1650481152,social-graph-service,1
1650481152,social-graph-service,1
1650481152,social-graph-service,1
1650481152,social-graph-service,1
1650481153,social-graph-service,1
1650481153,social-graph-service,1
1650481153,social-graph-service,1
1650481153,social-graph-service,1
1650481153,social-graph-service,1
1650481153,social-graph-service,1
1650481153,social-graph-service,1
1650481153,social-graph-service,1
1650481153,social-graph-service,1
1650481154,social-graph-service,1
1650481154,social-graph-service,1
1650481154,social-graph-service,1
1650481154,social-graph-service,1
1650481154,social-graph-service,1
1650481154,social-graph-service,1
1650481154,social-graph-service,1
1650481154,social-graph-service,1
1650481154,social-graph-service,1
1650481155,social-graph-service,1
1650481155,social-graph-service,1
1650481155,social-graph-service,1
1650481155,social-graph-service,1
1650481155,social-graph-service,1
1650481155,social-graph-service,1
1650481156,social-graph-service,1
1650481156,social-graph-service,1
1650481156,social-graph-service,1
1650481156,social-graph-service,1
1650481156,social-graph-service,1
1650481156,social-graph-service,1
1650481157,social-graph-service,1
1650481157,social-graph-service,1
1650481157,social-graph-service,1
1650481158,social-graph-service,1
1650481158,social-graph-service,1
1650481158,social-graph-service,1
1650481158,social-graph-service,1
1650481158,social-graph-service,1
1650481158,social-graph-service,1
1650481159,social-graph-service,1
1650481159,social-graph-service,1
1650481159,social-graph-service,1
1650481160,social-graph-service,1
1650481160,social-graph-service,1
1650481160,social-graph-service,1
1650481160,social-graph-service,1
1650481160,social-graph-service,1
1650481161,social-graph-service,1
1650481161,social-graph-service,1
1650481161,social-graph-service,1
1650481161,social-graph-service,1
1650481162,social-graph-service,1
1650481162,social-graph-service,1
1650481162,social-graph-service,1
1650481162,social-graph-service,1
1650481162,social-graph-service,1
1650481162,social-graph-service,1
1650481163,social-graph-service,1
1650481163,social-graph-service,1
1650481163,social-graph-service,1
1650481163,social-graph-service,1
1650481163,social-graph-service,1
1650481163,social-graph-service,1
1650481164,social-graph-service,1
1650481164,social-graph-service,1
1650481164,social-graph-service,1
1650481164,social-graph-service,1
1650481164,social-graph-service,1
1650481164,social-graph-service,1
1650481164,social-graph-service,1
1650481164,social-graph-service,1
1650481164,social-graph-service,1
1650481165,social-graph-service,1
1650481165,social-graph-service,1
1650481165,social-graph-service,1
1650481165,social-graph-service,1
1650481165,social-graph-service,1
1650481165,social-graph-service,1
1650481165,social-graph-service,1
1650481165,social-graph-service,1
1650481165,social-graph-service,1
1650481166,social-graph-service,1
1650481166,social-graph-service,1
1650481166,social-graph-service,1
1650481167,social-graph-service,1
1650481167,social-graph-service,1
1650481167,social-graph-service,1
1650481167,social-graph-service,1
1650481167,social-graph-service,1
1650481167,social-graph-service,1
1650481168,social-graph-service,1
1650481168,social-graph-service,1
1650481168,social-graph-service,1
1650481169,social-graph-service,1
1650481169,social-graph-service,1
1650481169,social-graph-service,1
1650481169,social-graph-service,1
1650481169,social-graph-service,1
1650481169,social-graph-service,1
1650481170,social-graph-service,1
1650481170,social-graph-service,1
1650481170,social-graph-service,1
1650481170,social-graph-service,1
1650481170,social-graph-service,1
1650481170,social-graph-service,1
1650481170,social-graph-service,1
1650481170,social-graph-service,1
1650481170,social-graph-service,1
1650481171,social-graph-service,1
1650481171,social-graph-service,1
1650481171,social-graph-service,1
1650481172,social-graph-service,1
1650481172,social-graph-service,1
1650481172,social-graph-service,1
1650481172,social-graph-service,1
1650481172,social-graph-service,1
1650481172,social-graph-service,1
1650481172,social-graph-service,1
1650481172,social-graph-service,1
1650481172,social-graph-service,1
1650481173,social-graph-service,1
1650481173,social-graph-service,1
1650481173,social-graph-service,1
1650481174,social-graph-service,1
1650481174,social-graph-service,1
1650481174,social-graph-service,1
1650481175,social-graph-service,1
1650481175,social-graph-service,1
1650481175,social-graph-service,1
1650481175,social-graph-service,1
1650481175,social-graph-service,1
1650481175,social-graph-service,1
1650481176,social-graph-service,1
1650481176,social-graph-service,1
1650481176,social-graph-service,1
1650481177,social-graph-service,1
1650481177,social-graph-service,1
1650481177,social-graph-service,1
1650481178,social-graph-service,1
1650481178,social-graph-service,1
1650481178,social-graph-service,1
1650481178,social-graph-service,1
1650481178,social-graph-service,1
1650481178,social-graph-service,1
1650481179,social-graph-service,1
1650481179,social-graph-service,1
1650481179,social-graph-service,1
1650481180,social-graph-service,1
1650481180,social-graph-service,1
1650481180,social-graph-service,1
1650481181,social-graph-service,1
1650481181,social-graph-service,1
1650481181,social-graph-service,1
1650481181,social-graph-service,1
1650481181,social-graph-service,1
1650481181,social-graph-service,1
1650481182,social-graph-service,1
1650481182,social-graph-service,1
1650481182,social-graph-service,1
1650481183,social-graph-service,1
1650481183,social-graph-service,1
1650481183,social-graph-service,1
1650481183,social-graph-service,1
1650481183,social-graph-service,1
1650481183,social-graph-service,1
1650481184,social-graph-service,1
1650481184,social-graph-service,1
1650481184,social-graph-service,1
1650481184,social-graph-service,1
1650481184,social-graph-service,1
1650481185,social-graph-service,1
1650481186,social-graph-service,1
1650481186,social-graph-service,1
1650481186,social-graph-service,1
1650481186,social-graph-service,1
1650481186,social-graph-service,1
1650481186,social-graph-service,1
1650481187,social-graph-service,1
1650481187,social-graph-service,1
1650481187,social-graph-service,1
1650481187,social-graph-service,1
1650481187,social-graph-service,1
1650481187,social-graph-service,1
1650481188,social-graph-service,1
1650481188,social-graph-service,1
1650481188,social-graph-service,1
1650481189,social-graph-service,1
1650481189,social-graph-service,1
1650481189,social-graph-service,1
1650481189,social-graph-service,1
1650481189,social-graph-service,1
1650481189,social-graph-service,1
1650481190,social-graph-service,1
1650481190,social-graph-service,1
1650481190,social-graph-service,1
1650481190,social-graph-service,1
1650481190,social-graph-service,1
1650481190,social-graph-service,1
1650481190,social-graph-service,1
1650481190,social-graph-service,1
1650481191,social-graph-service,1
1650481191,social-graph-service,1
1650481191,social-graph-service,1
1650481192,social-graph-service,1
1650481192,social-graph-service,1
1650481192,social-graph-service,1
1650481192,social-graph-service,1
1650481193,social-graph-service,1
1650481193,social-graph-service,1
1650481193,social-graph-service,1
1650481193,social-graph-service,1
1650481193,social-graph-service,1
1650481193,social-graph-service,1
1650481194,social-graph-service,1
1650481194,social-graph-service,1
1650481194,social-graph-service,1
1650481194,social-graph-service,1
1650481194,social-graph-service,1
1650481194,social-graph-service,1
1650481195,social-graph-service,1
1650481195,social-graph-service,1
1650481195,social-graph-service,1
1650481195,social-graph-service,1
1650481195,social-graph-service,1
1650481195,social-graph-service,1
1650481196,social-graph-service,1
1650481196,social-graph-service,1
1650481196,social-graph-service,1
1650481196,social-graph-service,1
1650481196,social-graph-service,1
1650481196,social-graph-service,1
1650481197,social-graph-service,1
1650481197,social-graph-service,1
1650481197,social-graph-service,1
1650481198,social-graph-service,1
1650481198,social-graph-service,1
1650481198,social-graph-service,1
1650481198,social-graph-service,1
1650481198,social-graph-service,1
1650481198,social-graph-service,1
1650481199,social-graph-service,1
1650481199,social-graph-service,1
1650481199,social-graph-service,1
1650481199,social-graph-service,1
1650481199,social-graph-service,1
1650481199,social-graph-service,1
1650481200,social-graph-service,1
1650481200,social-graph-service,1
1650481200,social-graph-service,1
1650481200,social-graph-service,1
1650481200,social-graph-service,1
1650481200,social-graph-service,1
1650481200,social-graph-service,1
1650481201,social-graph-service,1
1650481201,social-graph-service,1
1650481201,social-graph-service,1
1650481201,social-graph-service,1
1650481201,social-graph-service,1
1650481202,social-graph-service,1
1650481202,social-graph-service,1
1650481202,social-graph-service,1
1650481202,social-graph-service,1
1650481202,social-graph-service,1
1650481202,social-graph-service,1
1650481203,social-graph-service,1
1650481203,social-graph-service,1
1650481203,social-graph-service,1
1650481203,social-graph-service,1
1650481203,social-graph-service,1
1650481203,social-graph-service,1
1650481204,social-graph-service,1
1650481204,social-graph-service,1
1650481204,social-graph-service,1
1650481205,social-graph-service,1
1650481205,social-graph-service,1
1650481205,social-graph-service,1
1650481205,social-graph-service,1
1650481205,social-graph-service,1
1650481205,social-graph-service,1
1650481206,social-graph-service,1
1650481206,social-graph-service,1
1650481206,social-graph-service,1
1650481207,social-graph-service,1
1650481207,social-graph-service,1
1650481207,social-graph-service,1
1650481208,social-graph-service,1
1650481208,social-graph-service,1
1650481208,social-graph-service,1
1650481209,social-graph-service,1
1650481209,social-graph-service,1
1650481209,social-graph-service,1
1650481209,social-graph-service,1
1650481209,social-graph-service,1
1650481209,social-graph-service,1
1650481210,social-graph-service,1
1650481210,social-graph-service,1
1650481210,social-graph-service,1
1650481210,social-graph-service,1
1650481210,social-graph-service,1
1650481210,social-graph-service,1
1650481211,social-graph-service,1
1650481211,social-graph-service,1
1650481211,social-graph-service,1
1650481211,social-graph-service,1
1650481211,social-graph-service,1
1650481211,social-graph-service,1
1650481211,social-graph-service,1
1650481211,social-graph-service,1
1650481211,social-graph-service,1
1650481212,social-graph-service,1
1650481212,social-graph-service,1
1650481212,social-graph-service,1
1650481213,social-graph-service,1
1650481213,social-graph-service,1
1650481213,social-graph-service,1
1650481213,social-graph-service,1
1650481213,social-graph-service,1
1650481213,social-graph-service,1
1650481214,social-graph-service,1
1650481214,social-graph-service,1
1650481214,social-graph-service,1
1650481214,social-graph-service,1
1650481214,social-graph-service,1
1650481214,social-graph-service,1
1650481215,social-graph-service,1
1650481215,social-graph-service,1
1650481215,social-graph-service,1
1650481215,social-graph-service,1
1650481215,social-graph-service,1
1650481215,social-graph-service,1
1650481216,social-graph-service,1
1650481216,social-graph-service,1
1650481216,social-graph-service,1
1650481216,social-graph-service,1
1650481216,social-graph-service,1
1650481216,social-graph-service,1
1650481217,social-graph-service,1
1650481217,social-graph-service,1
1650481217,social-graph-service,1
1650481217,social-graph-service,1
1650481217,social-graph-service,1
1650481217,social-graph-service,1
1650481218,social-graph-service,1
1650481218,social-graph-service,1
1650481218,social-graph-service,1
1650481218,social-graph-service,1
1650481218,social-graph-service,1
1650481218,social-graph-service,1
1650481219,social-graph-service,1
1650481219,social-graph-service,1
1650481219,social-graph-service,1
1650481219,social-graph-service,1
1650481219,social-graph-service,1
1650481219,social-graph-service,1
1650481219,social-graph-service,1
1650481219,social-graph-service,1
1650481219,social-graph-service,1
1650481220,social-graph-service,1
1650481220,social-graph-service,1
1650481220,social-graph-service,1
1650481220,social-graph-service,1
1650481220,social-graph-service,1
1650481220,social-graph-service,1
1650481221,social-graph-service,1
1650481221,social-graph-service,1
1650481221,social-graph-service,1
1650481221,social-graph-service,1
1650481221,social-graph-service,1
1650481222,social-graph-service,1
1650481222,social-graph-service,1
1650481222,social-graph-service,1
1650481222,social-graph-service,1
1650481223,social-graph-service,1
1650481223,social-graph-service,1
1650481223,social-graph-service,1
1650481223,social-graph-service,1
1650481223,social-graph-service,1
1650481223,social-graph-service,1
1650481224,social-graph-service,1
1650481224,social-graph-service,1
1650481224,social-graph-service,1
1650481225,social-graph-service,1
1650481225,social-graph-service,1
1650481225,social-graph-service,1
1650481225,social-graph-service,1
1650481225,social-graph-service,1
1650481225,social-graph-service,1
1650481226,social-graph-service,1
1650481226,social-graph-service,1
1650481226,social-graph-service,1
1650481226,social-graph-service,1
1650481226,social-graph-service,1
1650481226,social-graph-service,1
1650481226,social-graph-service,1
1650481226,social-graph-service,1
1650481226,social-graph-service,1
1650481227,social-graph-service,1
1650481227,social-graph-service,1
1650481227,social-graph-service,1
1650481227,social-graph-service,1
1650481227,social-graph-service,1
1650481227,social-graph-service,1
1650481228,social-graph-service,1
1650481228,social-graph-service,1
1650481228,social-graph-service,1
1650481229,social-graph-service,1
1650481229,social-graph-service,1
1650481229,social-graph-service,1
1650481229,social-graph-service,1
1650481229,social-graph-service,1
1650481229,social-graph-service,1
1650481229,social-graph-service,1
1650481229,social-graph-service,1
1650481229,social-graph-service,1
1650481230,social-graph-service,1
1650481230,social-graph-service,1
1650481230,social-graph-service,1
1650481230,social-graph-service,1
1650481230,social-graph-service,1
1650481230,social-graph-service,1
1650481230,social-graph-service,1
1650481230,social-graph-service,1
1650481230,social-graph-service,1
1650481231,social-graph-service,1
1650481231,social-graph-service,1
1650481231,social-graph-service,1
1650481231,social-graph-service,1
1650481231,social-graph-service,1
1650481231,social-graph-service,1
1650481232,social-graph-service,1
1650481232,social-graph-service,1
1650481232,social-graph-service,1
1650481233,social-graph-service,1
1650481233,social-graph-service,1
1650481233,social-graph-service,1
1650481234,social-graph-service,1
1650481234,social-graph-service,1
1650481234,social-graph-service,1
1650481234,social-graph-service,1
1650481234,social-graph-service,1
1650481234,social-graph-service,1
1650481235,social-graph-service,1
1650481235,social-graph-service,1
1650481235,social-graph-service,1
1650481235,social-graph-service,1
1650481235,social-graph-service,1
1650481235,social-graph-service,1
1650481236,social-graph-service,1
1650481236,social-graph-service,1
1650481236,social-graph-service,1
1650481236,social-graph-service,1
1650481236,social-graph-service,1
1650481236,social-graph-service,1
1650481237,social-graph-service,1
1650481237,social-graph-service,1
1650481237,social-graph-service,1
1650481237,social-graph-service,1
1650481237,social-graph-service,1
1650481237,social-graph-service,1
1650481238,social-graph-service,1
1650481238,social-graph-service,1
1650481238,social-graph-service,1
1650481238,social-graph-service,1
1650481238,social-graph-service,1
1650481238,social-graph-service,1
1650481239,social-graph-service,1
1650481239,social-graph-service,1
1650481239,social-graph-service,1
1650481239,social-graph-service,1
1650481239,social-graph-service,1
1650481239,social-graph-service,1
1650481240,social-graph-service,1
1650481240,social-graph-service,1
1650481240,social-graph-service,1
1650481241,social-graph-service,1
1650481241,social-graph-service,1
1650481241,social-graph-service,1
1650481242,social-graph-service,1
1650481242,social-graph-service,1
1650481242,social-graph-service,1
1650481242,social-graph-service,1
1650481242,social-graph-service,1
1650481242,social-graph-service,1
1650481243,social-graph-service,1
1650481243,social-graph-service,1
1650481243,social-graph-service,1
1650481243,social-graph-service,1
1650481243,social-graph-service,1
1650481243,social-graph-service,1
1650481243,social-graph-service,1
1650481243,social-graph-service,1
1650481243,social-graph-service,1
1650481244,social-graph-service,1
1650481244,social-graph-service,1
1650481244,social-graph-service,1
1650481245,social-graph-service,1
1650481245,social-graph-service,1
1650481245,social-graph-service,1
1650481245,social-graph-service,1
1650481245,social-graph-service,1
1650481245,social-graph-service,1
1650481245,social-graph-service,1
1650481245,social-graph-service,1
1650481245,social-graph-service,1
1650481245,social-graph-service,1
1650481245,social-graph-service,1
1650481246,social-graph-service,1
1650481246,social-graph-service,1
1650481246,social-graph-service,1
1650481246,social-graph-service,1
1650481247,social-graph-service,1
1650481247,social-graph-service,1
1650481247,social-graph-service,1
1650481247,social-graph-service,1
1650481247,social-graph-service,1
1650481247,social-graph-service,1
1650481248,social-graph-service,1
1650481248,social-graph-service,1
1650481248,social-graph-service,1
1650481249,social-graph-service,1
1650481249,social-graph-service,1
1650481249,social-graph-service,1
1650481249,social-graph-service,1
1650481249,social-graph-service,1
1650481249,social-graph-service,1
1650481250,social-graph-service,1
1650481250,social-graph-service,1
1650481250,social-graph-service,1
1650481251,social-graph-service,1
1650481251,social-graph-service,1
1650481251,social-graph-service,1
1650481251,social-graph-service,1
1650481251,social-graph-service,1
1650481251,social-graph-service,1
1650481252,social-graph-service,1
1650481252,social-graph-service,1
1650481252,social-graph-service,1
1650481253,social-graph-service,1
1650481253,social-graph-service,1
1650481253,social-graph-service,1
1650481253,social-graph-service,1
1650481253,social-graph-service,1
1650481253,social-graph-service,1
1650481254,social-graph-service,1
1650481254,social-graph-service,1
1650481254,social-graph-service,1
1650481254,social-graph-service,1
1650481254,social-graph-service,1
1650481254,social-graph-service,1
1650481255,social-graph-service,1
1650481255,social-graph-service,1
1650481255,social-graph-service,1
1650481255,social-graph-service,1
1650481255,social-graph-service,1
1650481255,social-graph-service,1
1650481256,social-graph-service,1
1650481256,social-graph-service,1
1650481256,social-graph-service,1
1650481257,social-graph-service,1
1650481257,social-graph-service,1
1650481257,social-graph-service,1
1650481257,social-graph-service,1
1650481257,social-graph-service,1
1650481257,social-graph-service,1
1650481258,social-graph-service,1
1650481258,social-graph-service,1
1650481258,social-graph-service,1
1650481258,social-graph-service,1
1650481258,social-graph-service,1
1650481258,social-graph-service,1
1650481259,social-graph-service,1
1650481259,social-graph-service,1
1650481259,social-graph-service,1
1650481260,social-graph-service,1
1650481260,social-graph-service,1
1650481260,social-graph-service,1
1650481260,social-graph-service,1
1650481260,social-graph-service,1
1650481260,social-graph-service,1
1650481260,social-graph-service,1
1650481260,social-graph-service,1
1650481260,social-graph-service,1
1650481260,social-graph-service,1
1650481260,social-graph-service,1
1650481260,social-graph-service,1
1650481261,social-graph-service,1
1650481261,social-graph-service,1
1650481261,social-graph-service,1
1650481261,social-graph-service,1
1650481261,social-graph-service,1
1650481261,social-graph-service,1
1650481262,social-graph-service,1
1650481262,social-graph-service,1
1650481262,social-graph-service,1
1650481262,social-graph-service,1
1650481262,social-graph-service,1
1650481262,social-graph-service,1
1650481262,social-graph-service,1
1650481262,social-graph-service,1
1650481262,social-graph-service,1
1650481263,social-graph-service,1
1650481263,social-graph-service,1
1650481263,social-graph-service,1
1650481264,social-graph-service,1
1650481264,social-graph-service,1
1650481264,social-graph-service,1
1650481264,social-graph-service,1
1650481264,social-graph-service,1
1650481264,social-graph-service,1
1650481265,social-graph-service,1
1650481265,social-graph-service,1
1650481265,social-graph-service,1
1650481265,social-graph-service,1
1650481265,social-graph-service,1
1650481265,social-graph-service,1
1650481265,social-graph-service,1
1650481265,social-graph-service,1
1650481266,social-graph-service,1
1650481266,social-graph-service,1
1650481266,social-graph-service,1
1650481266,social-graph-service,1
1650481266,social-graph-service,1
1650481266,social-graph-service,1
1650481266,social-graph-service,1
1650481267,social-graph-service,1
1650481267,social-graph-service,1
1650481267,social-graph-service,1
1650481267,social-graph-service,1
1650481267,social-graph-service,1
1650481267,social-graph-service,1
1650481267,social-graph-service,1
1650481267,social-graph-service,1
1650481267,social-graph-service,1
1650481268,social-graph-service,1
1650481268,social-graph-service,1
1650481268,social-graph-service,1
1650481269,social-graph-service,1
1650481269,social-graph-service,1
1650481269,social-graph-service,1
1650481270,social-graph-service,1
1650481270,social-graph-service,1
1650481270,social-graph-service,1
1650481270,social-graph-service,1
1650481270,social-graph-service,1
1650481270,social-graph-service,1
1650481271,social-graph-service,1
1650481271,social-graph-service,1
1650481271,social-graph-service,1
1650481272,social-graph-service,1
1650481272,social-graph-service,1
1650481272,social-graph-service,1
1650481272,social-graph-service,1
1650481272,social-graph-service,1
1650481272,social-graph-service,1
1650481272,social-graph-service,1
1650481272,social-graph-service,1
1650481272,social-graph-service,1
1650481273,social-graph-service,1
1650481273,social-graph-service,1
1650481273,social-graph-service,1
1650481274,social-graph-service,1
1650481274,social-graph-service,1
1650481274,social-graph-service,1
1650481275,social-graph-service,1
1650481275,social-graph-service,1
1650481275,social-graph-service,1
1650481275,social-graph-service,1
1650481275,social-graph-service,1
1650481275,social-graph-service,1
1650481276,social-graph-service,1
1650481276,social-graph-service,1
1650481276,social-graph-service,1
1650481277,social-graph-service,1
1650481277,social-graph-service,1
1650481277,social-graph-service,1
1650481278,social-graph-service,1
1650481278,social-graph-service,1
1650481278,social-graph-service,1
1650481278,social-graph-service,1
1650481278,social-graph-service,1
1650481278,social-graph-service,1
1650481279,social-graph-service,1
1650481279,social-graph-service,1
1650481279,social-graph-service,1
1650481279,social-graph-service,1
1650481279,social-graph-service,1
1650481279,social-graph-service,1
1650481279,social-graph-service,1
1650481279,social-graph-service,1
1650481279,social-graph-service,1
1650481279,social-graph-service,1
1650481279,social-graph-service,1
1650481279,social-graph-service,1
1650481280,social-graph-service,1
1650481280,social-graph-service,1
1650481280,social-graph-service,1
1650481281,social-graph-service,1
1650481281,social-graph-service,1
1650481281,social-graph-service,1
1650481282,social-graph-service,1
1650481282,social-graph-service,1
1650481282,social-graph-service,1
1650481282,social-graph-service,1
1650481282,social-graph-service,1
1650481282,social-graph-service,1
1650481283,social-graph-service,1
1650481283,social-graph-service,1
1650481283,social-graph-service,1
1650481283,social-graph-service,1
1650481283,social-graph-service,1
1650481283,social-graph-service,1
1650481284,social-graph-service,1
1650481284,social-graph-service,1
1650481284,social-graph-service,1
1650481285,social-graph-service,1
1650481285,social-graph-service,1
1650481285,social-graph-service,1
1650481285,social-graph-service,1
1650481285,social-graph-service,1
1650481285,social-graph-service,1
1650481286,social-graph-service,1
1650481286,social-graph-service,1
1650481286,social-graph-service,1
1650481286,social-graph-service,1
1650481286,social-graph-service,1
1650481286,social-graph-service,1
1650481287,social-graph-service,1
1650481287,social-graph-service,1
1650481287,social-graph-service,1
1650481288,social-graph-service,1
1650481288,social-graph-service,1
1650481288,social-graph-service,1
1650481288,social-graph-service,1
1650481288,social-graph-service,1
1650481288,social-graph-service,1
1650481289,social-graph-service,1
1650481289,social-graph-service,1
1650481289,social-graph-service,1
1650481290,social-graph-service,1
1650481290,social-graph-service,1
1650481290,social-graph-service,1
1650481291,social-graph-service,1
1650481291,social-graph-service,1
1650481291,social-graph-service,1
1650481291,social-graph-service,1
1650481291,social-graph-service,1
1650481291,social-graph-service,1
1650481292,social-graph-service,1
1650481292,social-graph-service,1
1650481292,social-graph-service,1
1650481292,social-graph-service,1
1650481292,social-graph-service,1
1650481292,social-graph-service,1
1650481293,social-graph-service,1
1650481293,social-graph-service,1
1650481293,social-graph-service,1
1650481293,social-graph-service,1
1650481293,social-graph-service,1
1650481293,social-graph-service,1
1650481294,social-graph-service,1
1650481294,social-graph-service,1
1650481294,social-graph-service,1
1650481295,social-graph-service,1
1650481295,social-graph-service,1
1650481295,social-graph-service,1
1650481295,social-graph-service,1
1650481295,social-graph-service,1
1650481295,social-graph-service,1
1650481295,social-graph-service,1
1650481295,social-graph-service,1
1650481295,social-graph-service,1
1650481295,social-graph-service,1
1650481295,social-graph-service,1
1650481295,social-graph-service,1
1650481295,social-graph-service,1
1650481295,social-graph-service,1
1650481296,social-graph-service,1
1650481296,social-graph-service,1
1650481296,social-graph-service,1
1650481296,social-graph-service,1
1650481296,social-graph-service,1
1650481296,social-graph-service,1
1650481296,social-graph-service,1
1650481296,social-graph-service,1
1650481296,social-graph-service,1
1650481296,social-graph-service,1
1650481297,social-graph-service,1
1650481297,social-graph-service,1
1650481297,social-graph-service,1
1650481298,social-graph-service,1
1650481298,social-graph-service,1
1650481298,social-graph-service,1
1650481299,social-graph-service,1
1650481299,social-graph-service,1
1650481299,social-graph-service,1
1650481300,social-graph-service,1
1650481300,social-graph-service,1
1650481300,social-graph-service,1
1650481300,social-graph-service,1
1650481300,social-graph-service,1
1650481300,social-graph-service,1
1650481300,social-graph-service,1
1650481300,social-graph-service,1
1650481300,social-graph-service,1
1650481300,social-graph-service,1
1650481300,social-graph-service,1
1650481300,social-graph-service,1
1650481301,social-graph-service,1
1650481301,social-graph-service,1
1650481301,social-graph-service,1
1650481301,social-graph-service,1
1650481301,social-graph-service,1
1650481301,social-graph-service,1
1650481302,social-graph-service,1
1650481302,social-graph-service,1
1650481302,social-graph-service,1
1650481302,social-graph-service,1
1650481302,social-graph-service,1
1650481302,social-graph-service,1
1650481302,social-graph-service,1
1650481302,social-graph-service,1
1650481302,social-graph-service,1
1650481303,social-graph-service,1
1650481303,social-graph-service,1
1650481303,social-graph-service,1
1650481303,social-graph-service,1
1650481303,social-graph-service,1
1650481303,social-graph-service,1
1650481304,social-graph-service,1
1650481304,social-graph-service,1
1650481304,social-graph-service,1
1650481304,social-graph-service,1
1650481304,social-graph-service,1
1650481304,social-graph-service,1
1650481305,social-graph-service,1
1650481305,social-graph-service,1
1650481305,social-graph-service,1
1650481305,social-graph-service,1
1650481305,social-graph-service,1
1650481305,social-graph-service,1
1650481306,social-graph-service,1
1650481306,social-graph-service,1
1650481306,social-graph-service,1
1650481307,social-graph-service,1
1650481307,social-graph-service,1
1650481307,social-graph-service,1
1650481307,social-graph-service,1
1650481307,social-graph-service,1
1650481307,social-graph-service,1
1650481308,social-graph-service,1
1650481308,social-graph-service,1
1650481308,social-graph-service,1
1650481309,social-graph-service,1
1650481309,social-graph-service,1
1650481309,social-graph-service,1
1650481309,social-graph-service,1
1650481309,social-graph-service,1
1650481309,social-graph-service,1
1650481309,social-graph-service,1
1650481309,social-graph-service,1
1650481309,social-graph-service,1
1650481310,social-graph-service,1
1650481310,social-graph-service,1
1650481310,social-graph-service,1
1650481311,social-graph-service,1
1650481311,social-graph-service,1
1650481311,social-graph-service,1
1650481311,social-graph-service,1
1650481311,social-graph-service,1
1650481311,social-graph-service,1
1650481312,social-graph-service,1
1650481312,social-graph-service,1
1650481312,social-graph-service,1
1650481313,social-graph-service,1
1650481313,social-graph-service,1
1650481313,social-graph-service,1
1650481313,social-graph-service,1
1650481313,social-graph-service,1
1650481313,social-graph-service,1
1650481314,social-graph-service,1
1650481314,social-graph-service,1
1650481314,social-graph-service,1
1650481315,social-graph-service,1
1650481315,social-graph-service,1
1650481315,social-graph-service,1
1650481316,social-graph-service,1
1650481316,social-graph-service,1
1650481316,social-graph-service,1
1650481316,social-graph-service,1
1650481316,social-graph-service,1
1650481316,social-graph-service,1
1650481317,social-graph-service,1
1650481317,social-graph-service,1
1650481317,social-graph-service,1
1650481317,social-graph-service,1
1650481317,social-graph-service,1
1650481317,social-graph-service,1
1650481318,social-graph-service,1
1650481318,social-graph-service,1
1650481318,social-graph-service,1
1650481319,social-graph-service,1
1650481319,social-graph-service,1
1650481319,social-graph-service,1
1650481320,social-graph-service,1
1650481320,social-graph-service,1
1650481320,social-graph-service,1
1650481320,social-graph-service,1
1650481320,social-graph-service,1
1650481320,social-graph-service,1
1650481321,social-graph-service,1
1650481321,social-graph-service,1
1650481321,social-graph-service,1
1650481321,social-graph-service,1
1650481321,social-graph-service,1
1650481321,social-graph-service,1
1650481322,social-graph-service,1
1650481322,social-graph-service,1
1650481322,social-graph-service,1
1650481322,social-graph-service,1
1650481322,social-graph-service,1
1650481322,social-graph-service,1
1650481322,social-graph-service,1
1650481322,social-graph-service,1
1650481322,social-graph-service,1
1650481323,social-graph-service,1
1650481323,social-graph-service,1
1650481323,social-graph-service,1
1650481324,social-graph-service,1
1650481324,social-graph-service,1
1650481324,social-graph-service,1
1650481324,social-graph-service,1
1650481324,social-graph-service,1
1650481324,social-graph-service,1
1650481325,social-graph-service,1
1650481325,social-graph-service,1
1650481325,social-graph-service,1
1650481325,social-graph-service,1
1650481325,social-graph-service,1
1650481325,social-graph-service,1
1650481326,social-graph-service,1
1650481326,social-graph-service,1
1650481326,social-graph-service,1
1650481326,social-graph-service,1
1650481326,social-graph-service,1
1650481326,social-graph-service,1
1650481327,social-graph-service,1
1650481327,social-graph-service,1
1650481327,social-graph-service,1
1650481327,social-graph-service,1
1650481327,social-graph-service,1
1650481327,social-graph-service,1
1650481328,social-graph-service,1
1650481328,social-graph-service,1
1650481328,social-graph-service,1
1650481329,social-graph-service,1
1650481329,social-graph-service,1
1650481329,social-graph-service,1
1650481329,social-graph-service,1
1650481329,social-graph-service,1
1650481329,social-graph-service,1
1650481330,social-graph-service,1
1650481330,social-graph-service,1
1650481330,social-graph-service,1
1650481331,social-graph-service,1
1650481331,social-graph-service,1
1650481331,social-graph-service,1
1650481331,social-graph-service,1
1650481331,social-graph-service,1
1650481332,social-graph-service,1
1650481332,social-graph-service,1
1650481332,social-graph-service,1
1650481332,social-graph-service,1
1650481332,social-graph-service,1
1650481332,social-graph-service,1
1650481332,social-graph-service,1
1650481333,social-graph-service,1
1650481333,social-graph-service,1
1650481333,social-graph-service,1
1650481333,social-graph-service,1
1650481333,social-graph-service,1
1650481333,social-graph-service,1
1650481333,social-graph-service,1
1650481333,social-graph-service,1
1650481333,social-graph-service,1
1650481334,social-graph-service,1
1650481334,social-graph-service,1
1650481334,social-graph-service,1
1650481334,social-graph-service,1
1650481334,social-graph-service,1
1650481334,social-graph-service,1
1650481335,social-graph-service,1
1650481335,social-graph-service,1
1650481335,social-graph-service,1
1650481335,social-graph-service,1
1650481335,social-graph-service,1
1650481335,social-graph-service,1
1650481336,social-graph-service,1
1650481336,social-graph-service,1
1650481336,social-graph-service,1
1650481337,social-graph-service,1
1650481337,social-graph-service,1
1650481337,social-graph-service,1
1650481337,social-graph-service,1
1650481337,social-graph-service,1
1650481337,social-graph-service,1
1650481338,social-graph-service,1
1650481338,social-graph-service,1
1650481338,social-graph-service,1
1650481338,social-graph-service,1
1650481338,social-graph-service,1
1650481338,social-graph-service,1
1650481338,social-graph-service,1
1650481338,social-graph-service,1
1650481338,social-graph-service,1
1650481339,social-graph-service,1
1650481339,social-graph-service,1
1650481339,social-graph-service,1
1650481340,social-graph-service,1
1650481340,social-graph-service,1
1650481340,social-graph-service,1
1650481340,social-graph-service,1
1650481340,social-graph-service,1
1650481340,social-graph-service,1
1650481340,social-graph-service,1
1650481340,social-graph-service,1
1650481340,social-graph-service,1
1650481340,social-graph-service,1
1650481340,social-graph-service,1
1650481340,social-graph-service,1
1650481341,social-graph-service,1
1650481341,social-graph-service,1
1650481341,social-graph-service,1
1650481342,social-graph-service,1
1650481342,social-graph-service,1
1650481342,social-graph-service,1
1650481343,social-graph-service,1
1650481343,social-graph-service,1
1650481343,social-graph-service,1
1650481344,social-graph-service,1
1650481344,social-graph-service,1
1650481344,social-graph-service,1
1650481344,social-graph-service,1
1650481344,social-graph-service,1
1650481344,social-graph-service,1
1650481344,social-graph-service,1
1650481344,social-graph-service,1
1650481344,social-graph-service,1
1650481344,social-graph-service,1
1650481344,social-graph-service,1
1650481344,social-graph-service,1
1650481345,social-graph-service,1
1650481345,social-graph-service,1
1650481345,social-graph-service,1
1650481345,social-graph-service,1
1650481345,social-graph-service,1
1650481345,social-graph-service,1
1650481346,social-graph-service,1
1650481346,social-graph-service,1
1650481346,social-graph-service,1
1650481347,social-graph-service,1
1650481347,social-graph-service,1
1650481347,social-graph-service,1
1650481348,social-graph-service,1
1650481348,social-graph-service,1
1650481348,social-graph-service,1
1650481349,social-graph-service,1
1650481349,social-graph-service,1
1650481349,social-graph-service,1
1650481349,social-graph-service,1
1650481349,social-graph-service,1
1650481349,social-graph-service,1
1650481350,social-graph-service,1
1650481350,social-graph-service,1
1650481350,social-graph-service,1
1650481350,social-graph-service,1
1650481350,social-graph-service,1
1650481350,social-graph-service,1
1650481351,social-graph-service,1
1650481351,social-graph-service,1
1650481351,social-graph-service,1
1650481352,social-graph-service,1
1650481352,social-graph-service,1
1650481352,social-graph-service,1
1650481353,social-graph-service,1
1650481353,social-graph-service,1
1650481353,social-graph-service,1
1650481353,social-graph-service,1
1650481353,social-graph-service,1
1650481353,social-graph-service,1
1650481354,social-graph-service,1
1650481354,social-graph-service,1
1650481354,social-graph-service,1
1650481354,social-graph-service,1
1650481354,social-graph-service,1
1650481354,social-graph-service,1
1650481354,social-graph-service,1
1650481354,social-graph-service,1
1650481354,social-graph-service,1
1650481354,social-graph-service,1
1650481354,social-graph-service,1
1650481354,social-graph-service,1
1650481355,social-graph-service,1
1650481355,social-graph-service,1
1650481355,social-graph-service,1
1650481355,social-graph-service,1
1650481355,social-graph-service,1
1650481355,social-graph-service,1
1650481356,social-graph-service,1
1650481356,social-graph-service,1
1650481356,social-graph-service,1
1650481357,social-graph-service,1
1650481357,social-graph-service,1
1650481357,social-graph-service,1
1650481357,social-graph-service,1
1650481357,social-graph-service,1
1650481357,social-graph-service,1
1650481357,social-graph-service,1
1650481357,social-graph-service,1
1650481357,social-graph-service,1
1650481358,social-graph-service,1
1650481358,social-graph-service,1
1650481358,social-graph-service,1
1650481358,social-graph-service,1
1650481358,social-graph-service,1
1650481358,social-graph-service,1
1650481359,social-graph-service,1
1650481359,social-graph-service,1
1650481359,social-graph-service,1
1650481360,social-graph-service,1
1650481360,social-graph-service,1
1650481360,social-graph-service,1
1650481360,social-graph-service,1
1650481360,social-graph-service,1
1650481360,social-graph-service,1
1650481361,social-graph-service,1
1650481361,social-graph-service,1
1650481361,social-graph-service,1
1650481361,social-graph-service,1
1650481361,social-graph-service,1
1650481361,social-graph-service,1
1650481362,social-graph-service,1
1650481362,social-graph-service,1
1650481362,social-graph-service,1
1650481362,social-graph-service,1
1650481362,social-graph-service,1
1650481362,social-graph-service,1
1650481363,social-graph-service,1
1650481363,social-graph-service,1
1650481363,social-graph-service,1
1650481363,social-graph-service,1
1650481363,social-graph-service,1
1650481363,social-graph-service,1
1650481364,social-graph-service,1
1650481364,social-graph-service,1
1650481364,social-graph-service,1
1650481365,social-graph-service,1
1650481365,social-graph-service,1
1650481365,social-graph-service,1
1650481365,social-graph-service,1
1650481365,social-graph-service,1
1650481365,social-graph-service,1
1650481366,social-graph-service,1
1650481366,social-graph-service,1
1650481366,social-graph-service,1
1650481367,social-graph-service,1
1650481367,social-graph-service,1
1650481367,social-graph-service,1
1650481367,social-graph-service,1
1650481367,social-graph-service,1
1650481367,social-graph-service,1
1650481368,social-graph-service,1
1650481368,social-graph-service,1
1650481368,social-graph-service,1
1650481368,social-graph-service,1
1650481368,social-graph-service,1
1650481368,social-graph-service,1
1650481369,social-graph-service,1
1650481369,social-graph-service,1
1650481369,social-graph-service,1
1650481370,social-graph-service,1
1650481370,social-graph-service,1
1650481370,social-graph-service,1
1650481371,social-graph-service,1
1650481371,social-graph-service,1
1650481371,social-graph-service,1
1650481371,social-graph-service,1
1650481371,social-graph-service,1
1650481371,social-graph-service,1
1650481371,social-graph-service,1
1650481371,social-graph-service,1
1650481371,social-graph-service,1
1650481371,social-graph-service,1
1650481371,social-graph-service,1
1650481371,social-graph-service,1
1650481372,social-graph-service,1
1650481372,social-graph-service,1
1650481372,social-graph-service,1
1650481373,social-graph-service,1
1650481373,social-graph-service,1
1650481373,social-graph-service,1
1650481373,social-graph-service,1
1650481373,social-graph-service,1
1650481373,social-graph-service,1
1650481374,social-graph-service,1
1650481374,social-graph-service,1
1650481374,social-graph-service,1
1650481374,social-graph-service,1
1650481374,social-graph-service,1
1650481374,social-graph-service,1
1650481374,social-graph-service,1
1650481374,social-graph-service,1
1650481374,social-graph-service,1
1650481375,social-graph-service,1
1650481375,social-graph-service,1
1650481375,social-graph-service,1
1650481375,social-graph-service,1
1650481375,social-graph-service,1
1650481375,social-graph-service,1
1650481376,social-graph-service,1
1650481376,social-graph-service,1
1650481376,social-graph-service,1
1650481377,social-graph-service,1
1650481377,social-graph-service,1
1650481377,social-graph-service,1
1650481378,social-graph-service,1
1650481378,social-graph-service,1
1650481378,social-graph-service,1
1650481378,social-graph-service,1
1650481378,social-graph-service,1
1650481378,social-graph-service,1
1650481379,social-graph-service,1
1650481379,social-graph-service,1
1650481379,social-graph-service,1
1650481379,social-graph-service,1
1650481379,social-graph-service,1
1650481379,social-graph-service,1
1650481380,social-graph-service,1
1650481380,social-graph-service,1
1650481380,social-graph-service,1
1650481380,social-graph-service,1
1650481380,social-graph-service,1
1650481380,social-graph-service,1
1650481381,social-graph-service,1
1650481381,social-graph-service,1
1650481381,social-graph-service,1
1650481381,social-graph-service,1
1650481381,social-graph-service,1
1650481381,social-graph-service,1
1650481382,social-graph-service,1
1650481382,social-graph-service,1
1650481382,social-graph-service,1
1650481382,social-graph-service,1
1650481382,social-graph-service,1
1650481382,social-graph-service,1
1650481383,social-graph-service,1
1650481383,social-graph-service,1
1650481383,social-graph-service,1
1650481383,social-graph-service,1
1650481383,social-graph-service,1
1650481383,social-graph-service,1
1650481383,social-graph-service,1
1650481383,social-graph-service,1
1650481383,social-graph-service,1
1650481384,social-graph-service,1
1650481384,social-graph-service,1
1650481384,social-graph-service,1
1650481385,social-graph-service,1
1650481385,social-graph-service,1
1650481385,social-graph-service,1
1650481386,social-graph-service,1
1650481386,social-graph-service,1
1650481386,social-graph-service,1
1650481386,social-graph-service,1
1650481386,social-graph-service,1
1650481386,social-graph-service,1
1650481387,social-graph-service,1
1650481387,social-graph-service,1
1650481387,social-graph-service,1
1650481388,social-graph-service,1
1650481388,social-graph-service,1
1650481388,social-graph-service,1
1650481389,social-graph-service,1
1650481389,social-graph-service,1
1650481389,social-graph-service,1
1650481389,social-graph-service,1
1650481389,social-graph-service,1
1650481389,social-graph-service,1
1650481389,social-graph-service,1
1650481389,social-graph-service,1
1650481389,social-graph-service,1
1650481390,social-graph-service,1
1650481390,social-graph-service,1
1650481390,social-graph-service,1
1650481390,social-graph-service,1
1650481390,social-graph-service,1
1650481390,social-graph-service,1
1650481391,social-graph-service,1
1650481391,social-graph-service,1
1650481391,social-graph-service,1
1650481391,social-graph-service,1
1650481391,social-graph-service,1
1650481391,social-graph-service,1
1650481392,social-graph-service,1
1650481392,social-graph-service,1
1650481392,social-graph-service,1
1650481393,social-graph-service,1
1650481393,social-graph-service,1
1650481393,social-graph-service,1
1650481393,social-graph-service,1
1650481393,social-graph-service,1
1650481393,social-graph-service,1
1650481394,social-graph-service,1
1650481394,social-graph-service,1
1650481394,social-graph-service,1
1650481394,social-graph-service,1
1650481394,social-graph-service,1
1650481394,social-graph-service,1
1650481394,social-graph-service,1
1650481394,social-graph-service,1
1650481394,social-graph-service,1
1650481395,social-graph-service,1
1650481395,social-graph-service,1
1650481395,social-graph-service,1
1650481396,social-graph-service,1
1650481396,social-graph-service,1
1650481396,social-graph-service,1
1650481396,social-graph-service,1
1650481396,social-graph-service,1
1650481396,social-graph-service,1
1650481397,social-graph-service,1
1650481397,social-graph-service,1
1650481397,social-graph-service,1
1650481398,social-graph-service,1
1650481398,social-graph-service,1
1650481398,social-graph-service,1
1650481398,social-graph-service,1
1650481398,social-graph-service,1
1650481398,social-graph-service,1
1650481399,social-graph-service,1
1650481399,social-graph-service,1
1650481399,social-graph-service,1
1650481399,social-graph-service,1
1650481399,social-graph-service,1
1650481399,social-graph-service,1
1650481400,social-graph-service,1
1650481400,social-graph-service,1
1650481400,social-graph-service,1
1650481401,social-graph-service,1
1650481401,social-graph-service,1
1650481401,social-graph-service,1
1650481401,social-graph-service,1
1650481401,social-graph-service,1
1650481401,social-graph-service,1
1650481402,social-graph-service,1
1650481402,social-graph-service,1
1650481402,social-graph-service,1
1650481403,social-graph-service,1
1650481403,social-graph-service,1
1650481403,social-graph-service,1
1650481403,social-graph-service,1
1650481403,social-graph-service,1
1650481403,social-graph-service,1
1650481403,social-graph-service,1
1650481403,social-graph-service,1
1650481403,social-graph-service,1
1650481404,social-graph-service,1
1650481404,social-graph-service,1
1650481404,social-graph-service,1
1650481405,social-graph-service,1
1650481405,social-graph-service,1
1650481405,social-graph-service,1
1650481406,social-graph-service,1
1650481406,social-graph-service,1
1650481406,social-graph-service,1
1650481407,social-graph-service,1
1650481407,social-graph-service,1
1650481407,social-graph-service,1
1650481408,social-graph-service,1
1650481408,social-graph-service,1
1650481408,social-graph-service,1
1650481408,social-graph-service,1
1650481408,social-graph-service,1
1650481408,social-graph-service,1
1650481409,social-graph-service,1
1650481409,social-graph-service,1
1650481409,social-graph-service,1
1650481410,social-graph-service,1
1650481410,social-graph-service,1
1650481410,social-graph-service,1
1650481410,social-graph-service,1
1650481410,social-graph-service,1
1650481410,social-graph-service,1
1650481411,social-graph-service,1
1650481411,social-graph-service,1
1650481411,social-graph-service,1
1650481411,social-graph-service,1
1650481411,social-graph-service,1
1650481411,social-graph-service,1
1650481412,social-graph-service,1
1650481412,social-graph-service,1
1650481412,social-graph-service,1
1650481412,social-graph-service,1
1650481412,social-graph-service,1
1650481412,social-graph-service,1
1650481412,social-graph-service,1
1650481412,social-graph-service,1
1650481412,social-graph-service,1
1650481412,social-graph-service,1
1650481412,social-graph-service,1
1650481412,social-graph-service,1
1650481413,social-graph-service,1
1650481413,social-graph-service,1
1650481413,social-graph-service,1
1650481414,social-graph-service,1
1650481414,social-graph-service,1
1650481414,social-graph-service,1
1650481414,social-graph-service,1
1650481414,social-graph-service,1
1650481414,social-graph-service,1
1650481414,social-graph-service,1
1650481414,social-graph-service,1
1650481415,social-graph-service,1
1650481415,social-graph-service,1
1650481415,social-graph-service,1
1650481415,social-graph-service,1
1650481416,social-graph-service,1
1650481416,social-graph-service,1
1650481416,social-graph-service,1
1650481416,social-graph-service,1
1650481416,social-graph-service,1
1650481416,social-graph-service,1
1650481416,social-graph-service,1
1650481416,social-graph-service,1
1650481416,social-graph-service,1
1650481417,social-graph-service,1
1650481417,social-graph-service,1
1650481417,social-graph-service,1
1650481417,social-graph-service,1
1650481417,social-graph-service,1
1650481417,social-graph-service,1
1650481417,social-graph-service,1
1650481417,social-graph-service,1
1650481417,social-graph-service,1
1650481418,social-graph-service,1
1650481418,social-graph-service,1
1650481418,social-graph-service,1
1650481418,social-graph-service,1
1650481418,social-graph-service,1
1650481418,social-graph-service,1
1650481419,social-graph-service,1
1650481419,social-graph-service,1
1650481419,social-graph-service,1
1650481419,social-graph-service,1
1650481419,social-graph-service,1
1650481419,social-graph-service,1
1650481419,social-graph-service,1
1650481419,social-graph-service,1
1650481419,social-graph-service,1
1650481420,social-graph-service,1
1650481420,social-graph-service,1
1650481420,social-graph-service,1
1650481421,social-graph-service,1
1650481421,social-graph-service,1
1650481421,social-graph-service,1
1650481422,social-graph-service,1
1650481422,social-graph-service,1
1650481422,social-graph-service,1
1650481422,social-graph-service,1
1650481422,social-graph-service,1
1650481422,social-graph-service,1
1650481423,social-graph-service,1
1650481423,social-graph-service,1
1650481423,social-graph-service,1
1650481424,social-graph-service,1
1650481424,social-graph-service,1
1650481424,social-graph-service,1
1650481424,social-graph-service,1
1650481424,social-graph-service,1
1650481424,social-graph-service,1
1650481424,social-graph-service,1
1650481424,social-graph-service,1
1650481424,social-graph-service,1
1650481425,social-graph-service,1
1650481425,social-graph-service,1
1650481425,social-graph-service,1
1650481425,social-graph-service,1
1650481425,social-graph-service,1
1650481425,social-graph-service,1
1650481426,social-graph-service,1
1650481426,social-graph-service,1
1650481426,social-graph-service,1
1650481426,social-graph-service,1
1650481426,social-graph-service,1
1650481426,social-graph-service,1
1650481426,social-graph-service,1
1650481426,social-graph-service,1
1650481426,social-graph-service,1
1650481427,social-graph-service,1
1650481427,social-graph-service,1
1650481427,social-graph-service,1
1650481427,social-graph-service,1
1650481427,social-graph-service,1
1650481427,social-graph-service,1
1650481428,social-graph-service,1
1650481428,social-graph-service,1
1650481428,social-graph-service,1
1650481429,social-graph-service,1
1650481429,social-graph-service,1
1650481429,social-graph-service,1
1650481429,social-graph-service,1
1650481429,social-graph-service,1
1650481429,social-graph-service,1
1650481429,social-graph-service,1
1650481429,social-graph-service,1
1650481429,social-graph-service,1
1650481430,social-graph-service,1
1650481430,social-graph-service,1
1650481430,social-graph-service,1
1650481430,social-graph-service,1
1650481430,social-graph-service,1
1650481430,social-graph-service,1
1650481431,social-graph-service,1
1650481431,social-graph-service,1
1650481431,social-graph-service,1
1650481431,social-graph-service,1
1650481431,social-graph-service,1
1650481431,social-graph-service,1
1650481432,social-graph-service,1
1650481432,social-graph-service,1
1650481432,social-graph-service,1
1650481433,social-graph-service,1
1650481433,social-graph-service,1
1650481433,social-graph-service,1
1650481434,social-graph-service,1
1650481434,social-graph-service,1
1650481434,social-graph-service,1
1650481434,social-graph-service,1
1650481434,social-graph-service,1
1650481434,social-graph-service,1
1650481435,social-graph-service,1
1650481435,social-graph-service,1
1650481435,social-graph-service,1
1650481435,social-graph-service,1
1650481435,social-graph-service,1
1650481435,social-graph-service,1
1650481436,social-graph-service,1
1650481436,social-graph-service,1
1650481436,social-graph-service,1
1650481437,social-graph-service,1
1650481437,social-graph-service,1
1650481437,social-graph-service,1
1650481438,social-graph-service,1
1650481438,social-graph-service,1
1650481438,social-graph-service,1
1650481438,social-graph-service,1
1650481438,social-graph-service,1
1650481438,social-graph-service,1
1650481439,social-graph-service,1
1650481439,social-graph-service,1
1650481439,social-graph-service,1
1650481440,social-graph-service,1
1650481440,social-graph-service,1
1650481440,social-graph-service,1
1650481440,social-graph-service,1
1650481440,social-graph-service,1
1650481440,social-graph-service,1
1650481441,social-graph-service,1
1650481441,social-graph-service,1
1650481441,social-graph-service,1
1650481441,social-graph-service,1
1650481441,social-graph-service,1
1650481441,social-graph-service,1
1650481442,social-graph-service,1
1650481442,social-graph-service,1
1650481442,social-graph-service,1
1650481443,social-graph-service,1
1650481443,social-graph-service,1
1650481443,social-graph-service,1
1650481443,social-graph-service,1
1650481443,social-graph-service,1
1650481443,social-graph-service,1
1650481443,social-graph-service,1
1650481443,social-graph-service,1
1650481443,social-graph-service,1
1650481444,social-graph-service,1
1650481444,social-graph-service,1
1650481444,social-graph-service,1
1650481444,social-graph-service,1
1650481444,social-graph-service,1
1650481444,social-graph-service,1
1650481445,social-graph-service,1
1650481445,social-graph-service,1
1650481445,social-graph-service,1
1650481446,social-graph-service,1
1650481446,social-graph-service,1
1650481446,social-graph-service,1
1650481447,social-graph-service,1
1650481447,social-graph-service,1
1650481447,social-graph-service,1
1650481447,social-graph-service,1
1650481447,social-graph-service,1
1650481447,social-graph-service,1
1650481447,social-graph-service,1
1650481447,social-graph-service,1
1650481447,social-graph-service,1
1650481448,social-graph-service,1
1650481448,social-graph-service,1
1650481448,social-graph-service,1
1650481449,social-graph-service,1
1650481449,social-graph-service,1
1650481449,social-graph-service,1
1650481449,social-graph-service,1
1650481449,social-graph-service,1
1650481449,social-graph-service,1
1650481450,social-graph-service,1
1650481450,social-graph-service,1
1650481450,social-graph-service,1
1650481451,social-graph-service,1
1650481451,social-graph-service,1
1650481451,social-graph-service,1
1650481452,social-graph-service,1
1650481452,social-graph-service,1
1650481452,social-graph-service,1
1650481452,social-graph-service,1
1650481452,social-graph-service,1
1650481452,social-graph-service,1
1650481453,social-graph-service,1
1650481453,social-graph-service,1
1650481453,social-graph-service,1
1650481454,social-graph-service,1
1650481454,social-graph-service,1
1650481454,social-graph-service,1
1650481455,social-graph-service,1
1650481455,social-graph-service,1
1650481455,social-graph-service,1
1650481455,social-graph-service,1
1650481455,social-graph-service,1
1650481455,social-graph-service,1
1650481456,social-graph-service,1
1650481456,social-graph-service,1
1650481456,social-graph-service,1
1650481457,social-graph-service,1
1650481457,social-graph-service,1
1650481457,social-graph-service,1
1650481458,social-graph-service,1
1650481458,social-graph-service,1
1650481458,social-graph-service,1
1650481459,social-graph-service,1
1650481459,social-graph-service,1
1650481459,social-graph-service,1
1650481459,social-graph-service,1
1650481459,social-graph-service,1
1650481459,social-graph-service,1
1650481459,social-graph-service,1
1650481459,social-graph-service,1
1650481459,social-graph-service,1
1650481460,social-graph-service,1
1650481460,social-graph-service,1
1650481460,social-graph-service,1
1650481460,social-graph-service,1
1650481460,social-graph-service,1
1650481460,social-graph-service,1
1650481461,social-graph-service,1
1650481461,social-graph-service,1
1650481461,social-graph-service,1
1650481461,social-graph-service,1
1650481461,social-graph-service,1
1650481461,social-graph-service,1
1650481462,social-graph-service,1
1650481462,social-graph-service,1
1650481462,social-graph-service,1
1650481463,social-graph-service,1
1650481463,social-graph-service,1
1650481463,social-graph-service,1
1650481463,social-graph-service,1
1650481463,social-graph-service,1
1650481463,social-graph-service,1
1650481463,social-graph-service,1
1650481463,social-graph-service,1
1650481463,social-graph-service,1
1650481464,social-graph-service,1
1650481464,social-graph-service,1
1650481464,social-graph-service,1
1650481464,social-graph-service,1
1650481464,social-graph-service,1
1650481464,social-graph-service,1
1650481465,social-graph-service,1
1650481465,social-graph-service,1
1650481465,social-graph-service,1
1650481465,social-graph-service,1
1650481465,social-graph-service,1
1650481465,social-graph-service,1
1650481465,social-graph-service,1
1650481465,social-graph-service,1
1650481465,social-graph-service,1
1650481466,social-graph-service,1
1650481466,social-graph-service,1
1650481466,social-graph-service,1
1650481467,social-graph-service,1
1650481467,social-graph-service,1
1650481467,social-graph-service,1
1650481467,social-graph-service,1
1650481467,social-graph-service,1
1650481467,social-graph-service,1
1650481467,social-graph-service,1
1650481467,social-graph-service,1
1650481467,social-graph-service,1
1650481468,social-graph-service,1
1650481468,social-graph-service,1
1650481468,social-graph-service,1
1650481469,social-graph-service,1
1650481469,social-graph-service,1
1650481469,social-graph-service,1
1650481470,social-graph-service,1
1650481470,social-graph-service,1
1650481470,social-graph-service,1
1650481470,social-graph-service,1
1650481470,social-graph-service,1
1650481470,social-graph-service,1
1650481471,social-graph-service,1
1650481471,social-graph-service,1
1650481471,social-graph-service,1
1650481471,social-graph-service,1
1650481471,social-graph-service,1
1650481471,social-graph-service,1
1650481472,social-graph-service,1
1650481472,social-graph-service,1
1650481472,social-graph-service,1
1650481473,social-graph-service,1
1650481473,social-graph-service,1
1650481473,social-graph-service,1
1650481473,social-graph-service,1
1650481473,social-graph-service,1
1650481473,social-graph-service,1
1650481474,social-graph-service,1
1650481474,social-graph-service,1
1650481474,social-graph-service,1
1650481475,social-graph-service,1
1650481475,social-graph-service,1
1650481475,social-graph-service,1
1650481475,social-graph-service,1
1650481475,social-graph-service,1
1650481475,social-graph-service,1
1650481476,social-graph-service,1
1650481476,social-graph-service,1
1650481476,social-graph-service,1
1650481477,social-graph-service,1
1650481477,social-graph-service,1
1650481477,social-graph-service,1
1650481478,social-graph-service,1
1650481478,social-graph-service,1
1650481478,social-graph-service,1
1650481478,social-graph-service,1
1650481478,social-graph-service,1
1650481478,social-graph-service,1
1650481478,social-graph-service,1
1650481478,social-graph-service,1
1650481478,social-graph-service,1
1650481479,social-graph-service,1
1650481479,social-graph-service,1
1650481479,social-graph-service,1
1650481479,social-graph-service,1
1650481479,social-graph-service,1
1650481479,social-graph-service,1
1650481480,social-graph-service,1
1650481480,social-graph-service,1
1650481480,social-graph-service,1
1650481480,social-graph-service,1
1650481480,social-graph-service,1
1650481480,social-graph-service,1
1650481481,social-graph-service,1
1650481481,social-graph-service,1
1650481481,social-graph-service,1
1650481482,social-graph-service,1
1650481482,social-graph-service,1
1650481482,social-graph-service,1
1650481482,social-graph-service,1
1650481482,social-graph-service,1
1650481482,social-graph-service,1
1650481483,social-graph-service,1
1650481483,social-graph-service,1
1650481483,social-graph-service,1
1650481483,social-graph-service,1
1650481483,social-graph-service,1
1650481483,social-graph-service,1
1650481484,social-graph-service,1
1650481484,social-graph-service,1
1650481484,social-graph-service,1
1650481484,social-graph-service,1
1650481484,social-graph-service,1
1650481484,social-graph-service,1
1650481485,social-graph-service,1
1650481485,social-graph-service,1
1650481485,social-graph-service,1
1650481485,social-graph-service,1
1650481485,social-graph-service,1
1650481485,social-graph-service,1
1650481486,social-graph-service,1
1650481486,social-graph-service,1
1650481486,social-graph-service,1
1650481487,social-graph-service,1
1650481487,social-graph-service,1
1650481487,social-graph-service,1
1650481487,social-graph-service,1
1650481487,social-graph-service,1
1650481487,social-graph-service,1
1650481487,social-graph-service,1
1650481487,social-graph-service,1
1650481487,social-graph-service,1
1650481488,social-graph-service,1
1650481488,social-graph-service,1
1650481488,social-graph-service,1
1650481488,social-graph-service,1
1650481488,social-graph-service,1
1650481488,social-graph-service,1
1650481489,social-graph-service,1
1650481489,social-graph-service,1
1650481489,social-graph-service,1
1650481490,social-graph-service,1
1650481490,social-graph-service,1
1650481490,social-graph-service,1
1650481491,social-graph-service,1
1650481491,social-graph-service,1
1650481491,social-graph-service,1
1650481492,social-graph-service,1
1650481492,social-graph-service,1
1650481492,social-graph-service,1
1650481492,social-graph-service,1
1650481492,social-graph-service,1
1650481492,social-graph-service,1
1650481492,social-graph-service,1
1650481492,social-graph-service,1
1650481492,social-graph-service,1
1650481493,social-graph-service,1
1650481493,social-graph-service,1
1650481493,social-graph-service,1
1650481493,social-graph-service,1
1650481493,social-graph-service,1
1650481493,social-graph-service,1
1650481494,social-graph-service,1
1650481494,social-graph-service,1
1650481494,social-graph-service,1
1650481495,social-graph-service,1
1650481495,social-graph-service,1
1650481495,social-graph-service,1
1650481496,social-graph-service,1
1650481496,social-graph-service,1
1650481496,social-graph-service,1
1650481497,social-graph-service,1
1650481497,social-graph-service,1
1650481497,social-graph-service,1
1650481497,social-graph-service,1
1650481497,social-graph-service,1
1650481497,social-graph-service,1
1650481497,social-graph-service,1
1650481497,social-graph-service,1
1650481497,social-graph-service,1
1650481498,social-graph-service,1
1650481498,social-graph-service,1
1650481498,social-graph-service,1
1650481498,social-graph-service,1
1650481498,social-graph-service,1
1650481498,social-graph-service,1
1650481498,social-graph-service,1
1650481498,social-graph-service,1
1650481498,social-graph-service,1
1650481499,social-graph-service,1
1650481499,social-graph-service,1
1650481499,social-graph-service,1
1650481499,social-graph-service,1
1650481499,social-graph-service,1
1650481499,social-graph-service,1
1650481500,social-graph-service,1
1650481500,social-graph-service,1
1650481500,social-graph-service,1
1650481500,social-graph-service,1
1650481500,social-graph-service,1
1650481500,social-graph-service,1
1650481501,social-graph-service,1
1650481501,social-graph-service,1
1650481501,social-graph-service,1
1650481502,social-graph-service,1
1650481502,social-graph-service,1
1650481502,social-graph-service,1
1650481502,social-graph-service,1
1650481502,social-graph-service,1
1650481502,social-graph-service,1
1650481502,social-graph-service,1
1650481502,social-graph-service,1
1650481502,social-graph-service,1
1650481503,social-graph-service,1
1650481503,social-graph-service,1
1650481503,social-graph-service,1
1650481504,social-graph-service,1
1650481504,social-graph-service,1
1650481504,social-graph-service,1
1650481504,social-graph-service,1
1650481504,social-graph-service,1
1650481504,social-graph-service,1
1650481504,social-graph-service,1
1650481504,social-graph-service,1
1650481504,social-graph-service,1
1650481505,social-graph-service,1
1650481505,social-graph-service,1
1650481505,social-graph-service,1
1650481505,social-graph-service,1
1650481505,social-graph-service,1
1650481505,social-graph-service,1
1650481506,social-graph-service,1
1650481506,social-graph-service,1
1650481506,social-graph-service,1
1650481506,social-graph-service,1
1650481506,social-graph-service,1
1650481506,social-graph-service,1
1650481507,social-graph-service,1
1650481507,social-graph-service,1
1650481508,social-graph-service,1
1650481508,social-graph-service,1
1650481508,social-graph-service,1
1650481508,social-graph-service,1
1650481508,social-graph-service,1
1650481508,social-graph-service,1
1650481508,social-graph-service,1
1650481509,social-graph-service,1
1650481509,social-graph-service,1
1650481509,social-graph-service,1
1650481510,social-graph-service,1
1650481510,social-graph-service,1
1650481510,social-graph-service,1
1650481511,social-graph-service,1
1650481511,social-graph-service,1
1650481511,social-graph-service,1
1650481512,social-graph-service,1
1650481512,social-graph-service,1
1650481512,social-graph-service,1
1650481512,social-graph-service,1
1650481512,social-graph-service,1
1650481512,social-graph-service,1
1650481512,social-graph-service,1
1650481512,social-graph-service,1
1650481512,social-graph-service,1
1650481513,social-graph-service,1
1650481513,social-graph-service,1
1650481513,social-graph-service,1
1650481514,social-graph-service,1
1650481514,social-graph-service,1
1650481514,social-graph-service,1
1650481514,social-graph-service,1
1650481514,social-graph-service,1
1650481514,social-graph-service,1
1650481514,social-graph-service,1
1650481514,social-graph-service,1
1650481514,social-graph-service,1
1650481515,social-graph-service,1
1650481515,social-graph-service,1
1650481515,social-graph-service,1
1650481516,social-graph-service,1
1650481516,social-graph-service,1
1650481516,social-graph-service,1
1650481516,social-graph-service,1
1650481516,social-graph-service,1
1650481516,social-graph-service,1
1650481516,social-graph-service,1
1650481516,social-graph-service,1
1650481516,social-graph-service,1
1650481517,social-graph-service,1
1650481517,social-graph-service,1
1650481517,social-graph-service,1
1650481517,social-graph-service,1
1650481517,social-graph-service,1
1650481517,social-graph-service,1
1650481518,social-graph-service,1
1650481518,social-graph-service,1
1650481518,social-graph-service,1
1650481518,social-graph-service,1
1650481518,social-graph-service,1
1650481518,social-graph-service,1
1650481519,social-graph-service,1
1650481519,social-graph-service,1
1650481519,social-graph-service,1
1650481520,social-graph-service,1
1650481520,social-graph-service,1
1650481520,social-graph-service,1
1650481521,social-graph-service,1
1650481521,social-graph-service,1
1650481521,social-graph-service,1
1650481522,social-graph-service,1
1650481522,social-graph-service,1
1650481522,social-graph-service,1
1650481522,social-graph-service,1
1650481522,social-graph-service,1
1650481522,social-graph-service,1
1650481523,social-graph-service,1
1650481523,social-graph-service,1
1650481523,social-graph-service,1
1650481523,social-graph-service,1
1650481523,social-graph-service,1
1650481523,social-graph-service,1
1650481523,social-graph-service,1
1650481523,social-graph-service,1
1650481523,social-graph-service,1
1650481524,social-graph-service,1
1650481524,social-graph-service,1
1650481524,social-graph-service,1
1650481525,social-graph-service,1
1650481525,social-graph-service,1
1650481525,social-graph-service,1
1650481525,social-graph-service,1
1650481525,social-graph-service,1
1650481525,social-graph-service,1
1650481526,social-graph-service,1
1650481526,social-graph-service,1
1650481526,social-graph-service,1
1650481527,social-graph-service,1
1650481527,social-graph-service,1
1650481527,social-graph-service,1
1650481527,social-graph-service,1
1650481527,social-graph-service,1
1650481527,social-graph-service,1
1650481527,social-graph-service,1
1650481527,social-graph-service,1
1650481527,social-graph-service,1
1650481528,social-graph-service,1
1650481528,social-graph-service,1
1650481528,social-graph-service,1
1650481529,social-graph-service,1
1650481529,social-graph-service,1
1650481529,social-graph-service,1
1650481529,social-graph-service,1
1650481529,social-graph-service,1
1650481529,social-graph-service,1
1650481530,social-graph-service,1
1650481530,social-graph-service,1
1650481530,social-graph-service,1
1650481530,social-graph-service,1
1650481530,social-graph-service,1
1650481530,social-graph-service,1
1650481530,social-graph-service,1
1650481530,social-graph-service,1
1650481531,social-graph-service,1
1650481531,social-graph-service,1
1650481531,social-graph-service,1
1650481531,social-graph-service,1
1650481532,social-graph-service,1
1650481532,social-graph-service,1
1650481532,social-graph-service,1
1650481532,social-graph-service,1
1650481532,social-graph-service,1
1650481532,social-graph-service,1
1650481533,social-graph-service,1
1650481533,social-graph-service,1
1650481533,social-graph-service,1
1650481534,social-graph-service,1
1650481534,social-graph-service,1
1650481534,social-graph-service,1
1650481535,social-graph-service,1
1650481535,social-graph-service,1
1650481535,social-graph-service,1
1650481536,social-graph-service,1
1650481536,social-graph-service,1
1650481536,social-graph-service,1
1650481536,social-graph-service,1
1650481536,social-graph-service,1
1650481536,social-graph-service,1
1650481537,social-graph-service,1
1650481537,social-graph-service,1
1650481537,social-graph-service,1
1650481537,social-graph-service,1
1650481537,social-graph-service,1
1650481537,social-graph-service,1
1650481538,social-graph-service,1
1650481538,social-graph-service,1
1650481538,social-graph-service,1
1650481539,social-graph-service,1
1650481539,social-graph-service,1
1650481539,social-graph-service,1
1650481539,social-graph-service,1
1650481539,social-graph-service,1
1650481540,social-graph-service,1
1650481540,social-graph-service,1
1650481540,social-graph-service,1
1650481540,social-graph-service,1
1650481541,social-graph-service,1
1650481541,social-graph-service,1
1650481541,social-graph-service,1
1650481542,social-graph-service,1
1650481542,social-graph-service,1
1650481542,social-graph-service,1
1650481543,social-graph-service,1
1650481543,social-graph-service,1
1650481543,social-graph-service,1
1650481543,social-graph-service,1
1650481543,social-graph-service,1
1650481543,social-graph-service,1
1650481544,social-graph-service,1
1650481544,social-graph-service,1
1650481544,social-graph-service,1
1650481544,social-graph-service,1
1650481544,social-graph-service,1
1650481545,social-graph-service,1
1650481545,social-graph-service,1
1650481545,social-graph-service,1
1650481545,social-graph-service,1
1650481546,social-graph-service,1
1650481546,social-graph-service,1
1650481546,social-graph-service,1
1650481546,social-graph-service,1
1650481546,social-graph-service,1
1650481546,social-graph-service,1
1650481547,social-graph-service,1
1650481547,social-graph-service,1
1650481547,social-graph-service,1
1650481548,social-graph-service,1
1650481548,social-graph-service,1
1650481548,social-graph-service,1
1650481549,social-graph-service,1
1650481549,social-graph-service,1
1650481549,social-graph-service,1
1650481549,social-graph-service,1
1650481549,social-graph-service,1
1650481549,social-graph-service,1
1650481549,social-graph-service,1
1650481549,social-graph-service,1
1650481549,social-graph-service,1
1650481550,social-graph-service,1
1650481550,social-graph-service,1
1650481550,social-graph-service,1
1650481551,social-graph-service,1
1650481551,social-graph-service,1
1650481551,social-graph-service,1
1650481551,social-graph-service,1
1650481551,social-graph-service,1
1650481551,social-graph-service,1
1650481552,social-graph-service,1
1650481552,social-graph-service,1
1650481552,social-graph-service,1
1650481552,social-graph-service,1
1650481552,social-graph-service,1
1650481552,social-graph-service,1
1650481553,social-graph-service,1
1650481553,social-graph-service,1
1650481553,social-graph-service,1
1650481554,social-graph-service,1
1650481554,social-graph-service,1
1650481554,social-graph-service,1
1650481555,social-graph-service,1
1650481555,social-graph-service,1
1650481555,social-graph-service,1
1650481556,social-graph-service,1
1650481556,social-graph-service,1
1650481556,social-graph-service,1
1650481556,social-graph-service,1
1650481556,social-graph-service,1
1650481556,social-graph-service,1
1650481557,social-graph-service,1
1650481557,social-graph-service,1
1650481557,social-graph-service,1
1650481557,social-graph-service,1
1650481557,social-graph-service,1
1650481557,social-graph-service,1
1650481558,social-graph-service,1
1650481558,social-graph-service,1
1650481558,social-graph-service,1
1650481558,social-graph-service,1
1650481558,social-graph-service,1
1650481558,social-graph-service,1
1650481559,social-graph-service,1
1650481559,social-graph-service,1
1650481559,social-graph-service,1
1650481560,social-graph-service,1
1650481560,social-graph-service,1
1650481560,social-graph-service,1
1650481560,social-graph-service,1
1650481560,social-graph-service,1
1650481560,social-graph-service,1
1650481561,social-graph-service,1
1650481561,social-graph-service,1
1650481561,social-graph-service,1
1650481562,social-graph-service,1
1650481562,social-graph-service,1
1650481562,social-graph-service,1
1650481562,social-graph-service,1
1650481562,social-graph-service,1
1650481562,social-graph-service,1
1650481563,social-graph-service,1
1650481563,social-graph-service,1
1650481563,social-graph-service,1
1650481564,social-graph-service,1
1650481564,social-graph-service,1
1650481564,social-graph-service,1
1650481565,social-graph-service,1
1650481565,social-graph-service,1
1650481565,social-graph-service,1
1650481565,social-graph-service,1
1650481565,social-graph-service,1
1650481565,social-graph-service,1
1650481566,social-graph-service,1
1650481566,social-graph-service,1
1650481566,social-graph-service,1
1650481566,social-graph-service,1
1650481566,social-graph-service,1
1650481566,social-graph-service,1
1650481567,social-graph-service,1
1650481567,social-graph-service,1
1650481567,social-graph-service,1
1650481568,social-graph-service,1
1650481568,social-graph-service,1
1650481568,social-graph-service,1
1650481568,social-graph-service,1
1650481568,social-graph-service,1
1650481568,social-graph-service,1
1650481569,social-graph-service,1
1650481569,social-graph-service,1
1650481569,social-graph-service,1
1650481569,social-graph-service,1
1650481569,social-graph-service,1
1650481569,social-graph-service,1
1650481570,social-graph-service,1
1650481570,social-graph-service,1
1650481570,social-graph-service,1
1650481571,social-graph-service,1
1650481571,social-graph-service,1
1650481571,social-graph-service,1
1650481572,social-graph-service,1
1650481572,social-graph-service,1
1650481572,social-graph-service,1
1650481572,social-graph-service,1
1650481572,social-graph-service,1
1650481572,social-graph-service,1
1650481572,social-graph-service,1
1650481572,social-graph-service,1
1650481572,social-graph-service,1
1650481573,social-graph-service,1
1650481573,social-graph-service,1
1650481573,social-graph-service,1
1650481573,social-graph-service,1
1650481573,social-graph-service,1
1650481573,social-graph-service,1
1650481573,social-graph-service,1
1650481573,social-graph-service,1
1650481573,social-graph-service,1
1650481574,social-graph-service,1
1650481574,social-graph-service,1
1650481574,social-graph-service,1
1650481574,social-graph-service,1
1650481574,social-graph-service,1
1650481574,social-graph-service,1
1650481575,social-graph-service,1
1650481575,social-graph-service,1
1650481575,social-graph-service,1
1650481576,social-graph-service,1
1650481576,social-graph-service,1
1650481576,social-graph-service,1
1650481576,social-graph-service,1
1650481576,social-graph-service,1
1650481576,social-graph-service,1
1650481577,social-graph-service,1
1650481577,social-graph-service,1
1650481577,social-graph-service,1
1650481577,social-graph-service,1
1650481577,social-graph-service,1
1650481577,social-graph-service,1
1650481578,social-graph-service,1
1650481578,social-graph-service,1
1650481578,social-graph-service,1
1650481578,social-graph-service,1
1650481578,social-graph-service,1
1650481578,social-graph-service,1
1650481579,social-graph-service,1
1650481579,social-graph-service,1
1650481579,social-graph-service,1
1650481579,social-graph-service,1
1650481579,social-graph-service,1
1650481579,social-graph-service,1
1650481580,social-graph-service,1
1650481580,social-graph-service,1
1650481580,social-graph-service,1
1650481581,social-graph-service,1
1650481581,social-graph-service,1
1650481581,social-graph-service,1
1650481582,social-graph-service,1
1650481582,social-graph-service,1
1650481582,social-graph-service,1
1650481583,social-graph-service,1
1650481583,social-graph-service,1
1650481583,social-graph-service,1
1650481583,social-graph-service,1
1650481583,social-graph-service,1
1650481583,social-graph-service,1
1650481583,social-graph-service,1
1650481583,social-graph-service,1
1650481583,social-graph-service,1
1650481584,social-graph-service,1
1650481584,social-graph-service,1
1650481584,social-graph-service,1
1650481584,social-graph-service,1
1650481584,social-graph-service,1
1650481584,social-graph-service,1
1650481585,social-graph-service,1
1650481585,social-graph-service,1
1650481585,social-graph-service,1
1650481585,social-graph-service,1
1650481585,social-graph-service,1
1650481585,social-graph-service,1
1650481586,social-graph-service,1
1650481586,social-graph-service,1
1650481586,social-graph-service,1
1650481587,social-graph-service,1
1650481587,social-graph-service,1
1650481587,social-graph-service,1
1650481588,social-graph-service,1
1650481588,social-graph-service,1
1650481588,social-graph-service,1
1650481588,social-graph-service,1
1650481588,social-graph-service,1
1650481588,social-graph-service,1
1650481589,social-graph-service,1
1650481589,social-graph-service,1
1650481589,social-graph-service,1
1650481589,social-graph-service,1
1650481589,social-graph-service,1
1650481589,social-graph-service,1
1650481590,social-graph-service,1
1650481590,social-graph-service,1
1650481590,social-graph-service,1
1650481590,social-graph-service,1
1650481590,social-graph-service,1
1650481590,social-graph-service,1
1650481591,social-graph-service,1
1650481591,social-graph-service,1
1650481591,social-graph-service,1
1650481591,social-graph-service,1
1650481591,social-graph-service,1
1650481591,social-graph-service,1
1650481592,social-graph-service,1
1650481592,social-graph-service,1
1650481592,social-graph-service,1
1650481592,social-graph-service,1
1650481592,social-graph-service,1
1650481592,social-graph-service,1
1650481593,social-graph-service,1
1650481593,social-graph-service,1
1650481593,social-graph-service,1
1650481593,social-graph-service,1
1650481593,social-graph-service,1
1650481594,social-graph-service,1
1650481594,social-graph-service,1
1650481594,social-graph-service,1
1650481594,social-graph-service,1
1650481595,social-graph-service,1
1650481595,social-graph-service,1
1650481595,social-graph-service,1
1650481595,social-graph-service,1
1650481595,social-graph-service,1
1650481595,social-graph-service,1
1650481596,social-graph-service,1
1650481596,social-graph-service,1
1650481596,social-graph-service,1
1650481596,social-graph-service,1
1650481596,social-graph-service,1
1650481596,social-graph-service,1
1650481597,social-graph-service,1
1650481597,social-graph-service,1
1650481597,social-graph-service,1
1650481598,social-graph-service,1
1650481598,social-graph-service,1
1650481598,social-graph-service,1
1650481598,social-graph-service,1
1650481598,social-graph-service,1
1650481598,social-graph-service,1
1650481599,social-graph-service,1
1650481599,social-graph-service,1
1650481599,social-graph-service,1
1650481599,social-graph-service,1
1650481599,social-graph-service,1
1650481599,social-graph-service,1
1650481600,social-graph-service,1
1650481600,social-graph-service,1
1650481600,social-graph-service,1
1650481600,social-graph-service,1
1650481600,social-graph-service,1
1650481600,social-graph-service,1
1650481601,social-graph-service,1
1650481601,social-graph-service,1
1650481601,social-graph-service,1
1650481602,social-graph-service,1
1650481602,social-graph-service,1
1650481602,social-graph-service,1
1650481602,social-graph-service,1
1650481602,social-graph-service,1
1650481602,social-graph-service,1
1650481603,social-graph-service,1
1650481603,social-graph-service,1
1650481603,social-graph-service,1
1650481604,social-graph-service,1
1650481604,social-graph-service,1
1650481604,social-graph-service,1
1650481604,social-graph-service,1
1650481604,social-graph-service,1
1650481604,social-graph-service,1
1650481605,social-graph-service,1
1650481605,social-graph-service,1
1650481605,social-graph-service,1
1650481606,social-graph-service,1
1650481606,social-graph-service,1
1650481606,social-graph-service,1
1650481606,social-graph-service,1
1650481606,social-graph-service,1
1650481606,social-graph-service,1
1650481607,social-graph-service,1
1650481607,social-graph-service,1
1650481607,social-graph-service,1
1650481607,social-graph-service,1
1650481607,social-graph-service,1
1650481607,social-graph-service,1
1650481608,social-graph-service,1
1650481608,social-graph-service,1
1650481608,social-graph-service,1
1650481608,social-graph-service,1
1650481608,social-graph-service,1
1650481608,social-graph-service,1
1650481609,social-graph-service,1
1650481609,social-graph-service,1
1650481609,social-graph-service,1
1650481610,social-graph-service,1
1650481610,social-graph-service,1
1650481610,social-graph-service,1
1650481610,social-graph-service,1
1650481610,social-graph-service,1
1650481610,social-graph-service,1
1650481611,social-graph-service,1
1650481611,social-graph-service,1
1650481611,social-graph-service,1
1650481611,social-graph-service,1
1650481611,social-graph-service,1
1650481611,social-graph-service,1
1650481611,social-graph-service,1
1650481611,social-graph-service,1
1650481611,social-graph-service,1
1650481612,social-graph-service,1
1650481612,social-graph-service,1
1650481612,social-graph-service,1
1650481612,social-graph-service,1
1650481612,social-graph-service,1
1650481612,social-graph-service,1
1650481612,social-graph-service,1
1650481612,social-graph-service,1
1650481612,social-graph-service,1
1650481612,social-graph-service,1
1650481612,social-graph-service,1
1650481613,social-graph-service,1
1650481613,social-graph-service,1
1650481613,social-graph-service,1
1650481613,social-graph-service,1
1650481613,social-graph-service,1
1650481613,social-graph-service,1
1650481613,social-graph-service,1
1650481613,social-graph-service,1
1650481613,social-graph-service,1
1650481613,social-graph-service,1
1650481614,social-graph-service,1
1650481614,social-graph-service,1
1650481614,social-graph-service,1
1650481614,social-graph-service,1
1650481614,social-graph-service,1
1650481614,social-graph-service,1
1650481615,social-graph-service,1
1650481615,social-graph-service,1
1650481615,social-graph-service,1
1650481616,social-graph-service,1
1650481616,social-graph-service,1
1650481616,social-graph-service,1
1650481616,social-graph-service,1
1650481616,social-graph-service,1
1650481616,social-graph-service,1
1650481617,social-graph-service,1
1650481617,social-graph-service,1
1650481617,social-graph-service,1
1650481618,social-graph-service,1
1650481618,social-graph-service,1
1650481618,social-graph-service,1
1650481619,social-graph-service,1
1650481619,social-graph-service,1
1650481619,social-graph-service,1
1650481619,social-graph-service,1
1650481619,social-graph-service,1
1650481619,social-graph-service,1
1650481620,social-graph-service,1
1650481620,social-graph-service,1
1650481620,social-graph-service,1
1650481620,social-graph-service,1
1650481620,social-graph-service,1
1650481620,social-graph-service,1
1650481621,social-graph-service,1
1650481621,social-graph-service,1
1650481621,social-graph-service,1
1650481622,social-graph-service,1
1650481622,social-graph-service,1
1650481622,social-graph-service,1
1650481622,social-graph-service,1
1650481622,social-graph-service,1
1650481622,social-graph-service,1
1650481623,social-graph-service,1
1650481623,social-graph-service,1
1650481623,social-graph-service,1
1650481623,social-graph-service,1
1650481623,social-graph-service,1
1650481623,social-graph-service,1
1650481624,social-graph-service,1
1650481624,social-graph-service,1
1650481624,social-graph-service,1
1650481624,social-graph-service,1
1650481624,social-graph-service,1
1650481624,social-graph-service,1
1650481625,social-graph-service,1
1650481625,social-graph-service,1
1650481625,social-graph-service,1
1650481626,social-graph-service,1
1650481626,social-graph-service,1
1650481626,social-graph-service,1
1650481626,social-graph-service,1
1650481626,social-graph-service,1
1650481626,social-graph-service,1
1650481627,social-graph-service,1
1650481627,social-graph-service,1
1650481627,social-graph-service,1
1650481627,social-graph-service,1
1650481627,social-graph-service,1
1650481627,social-graph-service,1
1650481628,social-graph-service,1
1650481628,social-graph-service,1
1650481628,social-graph-service,1
1650481629,social-graph-service,1
1650481629,social-graph-service,1
1650481629,social-graph-service,1
1650481630,social-graph-service,1
1650481630,social-graph-service,1
1650481630,social-graph-service,1
1650481630,social-graph-service,1
1650481630,social-graph-service,1
1650481630,social-graph-service,1
1650481631,social-graph-service,1
1650481631,social-graph-service,1
1650481631,social-graph-service,1
1650481631,social-graph-service,1
1650481631,social-graph-service,1
1650481631,social-graph-service,1
1650481632,social-graph-service,1
1650481632,social-graph-service,1
1650481632,social-graph-service,1
1650481632,social-graph-service,1
1650481632,social-graph-service,1
1650481632,social-graph-service,1
1650481633,social-graph-service,1
1650481633,social-graph-service,1
1650481633,social-graph-service,1
1650481633,social-graph-service,1
1650481633,social-graph-service,1
1650481633,social-graph-service,1
1650481634,social-graph-service,1
1650481634,social-graph-service,1
1650481634,social-graph-service,1
1650481634,social-graph-service,1
1650481634,social-graph-service,1
1650481634,social-graph-service,1
1650481635,social-graph-service,1
1650481635,social-graph-service,1
1650481635,social-graph-service,1
1650481635,social-graph-service,1
1650481635,social-graph-service,1
1650481635,social-graph-service,1
1650481636,social-graph-service,1
1650481636,social-graph-service,1
1650481636,social-graph-service,1
1650481636,social-graph-service,1
1650481636,social-graph-service,1
1650481636,social-graph-service,1
1650481636,social-graph-service,1
1650481636,social-graph-service,1
1650481636,social-graph-service,1
1650481637,social-graph-service,1
1650481637,social-graph-service,1
1650481637,social-graph-service,1
1650481637,social-graph-service,1
1650481637,social-graph-service,1
1650481637,social-graph-service,1
1650481638,social-graph-service,1
1650481638,social-graph-service,1
1650481638,social-graph-service,1
1650481639,social-graph-service,1
1650481639,social-graph-service,1
1650481639,social-graph-service,1
1650481639,social-graph-service,1
1650481639,social-graph-service,1
1650481639,social-graph-service,1
1650481639,social-graph-service,1
1650481639,social-graph-service,1
1650481639,social-graph-service,1
1650481640,social-graph-service,1
1650481640,social-graph-service,1
1650481640,social-graph-service,1
1650481641,social-graph-service,1
1650481641,social-graph-service,1
1650481641,social-graph-service,1
1650481641,social-graph-service,1
1650481641,social-graph-service,1
1650481641,social-graph-service,1
1650481642,social-graph-service,1
1650481642,social-graph-service,1
1650481642,social-graph-service,1
1650481642,social-graph-service,1
1650481642,social-graph-service,1
1650481642,social-graph-service,1
1650481643,social-graph-service,1
1650481643,social-graph-service,1
1650481643,social-graph-service,1
1650481643,social-graph-service,1
1650481643,social-graph-service,1
1650481643,social-graph-service,1
1650481643,social-graph-service,1
1650481643,social-graph-service,1
1650481643,social-graph-service,1
1650481644,social-graph-service,1
1650481644,social-graph-service,1
1650481644,social-graph-service,1
1650481645,social-graph-service,1
1650481645,social-graph-service,1
1650481645,social-graph-service,1
1650481646,social-graph-service,1
1650481646,social-graph-service,1
1650481646,social-graph-service,1
1650481647,social-graph-service,1
1650481647,social-graph-service,1
1650481647,social-graph-service,1
1650481647,social-graph-service,1
1650481647,social-graph-service,1
1650481647,social-graph-service,1
1650481647,social-graph-service,1
1650481647,social-graph-service,1
1650481647,social-graph-service,1
1650481648,social-graph-service,1
1650481648,social-graph-service,1
1650481648,social-graph-service,1
1650481648,social-graph-service,1
1650481648,social-graph-service,1
1650481648,social-graph-service,1
1650481649,social-graph-service,1
1650481649,social-graph-service,1
1650481649,social-graph-service,1
1650481649,social-graph-service,1
1650481649,social-graph-service,1
1650481649,social-graph-service,1
1650481650,social-graph-service,1
1650481650,social-graph-service,1
1650481650,social-graph-service,1
1650481650,social-graph-service,1
1650481650,social-graph-service,1
1650481650,social-graph-service,1
1650481651,social-graph-service,1
1650481651,social-graph-service,1
1650481651,social-graph-service,1
1650481651,social-graph-service,1
1650481651,social-graph-service,1
1650481651,social-graph-service,1
1650481652,social-graph-service,1
1650481652,social-graph-service,1
1650481652,social-graph-service,1
1650481652,social-graph-service,1
1650481652,social-graph-service,1
1650481652,social-graph-service,1
1650481653,social-graph-service,1
1650481653,social-graph-service,1
1650481653,social-graph-service,1
1650481653,social-graph-service,1
1650481653,social-graph-service,1
1650481653,social-graph-service,1
1650481654,social-graph-service,1
1650481654,social-graph-service,1
1650481654,social-graph-service,1
1650481654,social-graph-service,1
1650481654,social-graph-service,1
1650481654,social-graph-service,1
1650481655,social-graph-service,1
1650481655,social-graph-service,1
1650481655,social-graph-service,1
1650481656,social-graph-service,1
1650481656,social-graph-service,1
1650481656,social-graph-service,1
1650481657,social-graph-service,1
1650481657,social-graph-service,1
1650481657,social-graph-service,1
1650481657,social-graph-service,1
1650481657,social-graph-service,1
1650481657,social-graph-service,1
1650481658,social-graph-service,1
1650481658,social-graph-service,1
1650481658,social-graph-service,1
1650481658,social-graph-service,1
1650481658,social-graph-service,1
1650481658,social-graph-service,1
1650481658,social-graph-service,1
1650481658,social-graph-service,1
1650481658,social-graph-service,1
1650481659,social-graph-service,1
1650481659,social-graph-service,1
1650481659,social-graph-service,1
1650481660,social-graph-service,1
1650481660,social-graph-service,1
1650481660,social-graph-service,1
1650481660,social-graph-service,1
1650481660,social-graph-service,1
1650481660,social-graph-service,1
1650481661,social-graph-service,1
1650481661,social-graph-service,1
1650481661,social-graph-service,1
1650481661,social-graph-service,1
1650481661,social-graph-service,1
1650481662,social-graph-service,1
1650481662,social-graph-service,1
1650481662,social-graph-service,1
1650481662,social-graph-service,1
1650481662,social-graph-service,1
1650481662,social-graph-service,1
1650481662,social-graph-service,1
1650481663,social-graph-service,1
1650481663,social-graph-service,1
1650481663,social-graph-service,1
1650481664,social-graph-service,1
1650481664,social-graph-service,1
1650481664,social-graph-service,1
1650481665,social-graph-service,1
1650481665,social-graph-service,1
1650481665,social-graph-service,1
1650481665,social-graph-service,1
1650481665,social-graph-service,1
1650481665,social-graph-service,1
1650481666,social-graph-service,1
1650481666,social-graph-service,1
1650481666,social-graph-service,1
1650481667,social-graph-service,1
1650481667,social-graph-service,1
1650481667,social-graph-service,1
1650481667,social-graph-service,1
1650481667,social-graph-service,1
1650481667,social-graph-service,1
1650481668,social-graph-service,1
1650481668,social-graph-service,1
1650481668,social-graph-service,1
1650481668,social-graph-service,1
1650481668,social-graph-service,1
1650481668,social-graph-service,1
1650481669,social-graph-service,1
1650481669,social-graph-service,1
1650481669,social-graph-service,1
1650481670,social-graph-service,1
1650481670,social-graph-service,1
1650481670,social-graph-service,1
1650481671,social-graph-service,1
1650481671,social-graph-service,1
1650481671,social-graph-service,1
1650481671,social-graph-service,1
1650481671,social-graph-service,1
1650481671,social-graph-service,1
1650481671,social-graph-service,1
1650481671,social-graph-service,1
1650481671,social-graph-service,1
1650481672,social-graph-service,1
1650481672,social-graph-service,1
1650481672,social-graph-service,1
1650481672,social-graph-service,1
1650481672,social-graph-service,1
1650481672,social-graph-service,1
1650481673,social-graph-service,1
1650481673,social-graph-service,1
1650481673,social-graph-service,1
1650481674,social-graph-service,1
1650481674,social-graph-service,1
1650481674,social-graph-service,1
1650481675,social-graph-service,1
1650481675,social-graph-service,1
1650481675,social-graph-service,1
1650481676,social-graph-service,1
1650481676,social-graph-service,1
1650481676,social-graph-service,1
1650481677,social-graph-service,1
1650481677,social-graph-service,1
1650481677,social-graph-service,1
1650481677,social-graph-service,1
1650481677,social-graph-service,1
1650481677,social-graph-service,1
1650481677,social-graph-service,1
1650481677,social-graph-service,1
1650481677,social-graph-service,1
1650481678,social-graph-service,1
1650481678,social-graph-service,1
1650481678,social-graph-service,1
1650481678,social-graph-service,1
1650481678,social-graph-service,1
1650481678,social-graph-service,1
1650481679,social-graph-service,1
1650481679,social-graph-service,1
1650481679,social-graph-service,1
1650481679,social-graph-service,1
1650481679,social-graph-service,1
1650481679,social-graph-service,1
1650481680,social-graph-service,1
1650481680,social-graph-service,1
1650481680,social-graph-service,1
1650481681,social-graph-service,1
1650481681,social-graph-service,1
1650481681,social-graph-service,1
1650481682,social-graph-service,1
1650481682,social-graph-service,1
1650481682,social-graph-service,1
1650481683,social-graph-service,1
1650481683,social-graph-service,1
1650481683,social-graph-service,1
1650481684,social-graph-service,1
1650481684,social-graph-service,1
1650481684,social-graph-service,1
1650481684,social-graph-service,1
1650481684,social-graph-service,1
1650481684,social-graph-service,1
1650481684,social-graph-service,1
1650481684,social-graph-service,1
1650481684,social-graph-service,1
1650481685,social-graph-service,1
1650481685,social-graph-service,1
1650481685,social-graph-service,1
1650481686,social-graph-service,1
1650481686,social-graph-service,1
1650481686,social-graph-service,1
1650481686,social-graph-service,1
1650481686,social-graph-service,1
1650481686,social-graph-service,1
1650481687,social-graph-service,1
1650481687,social-graph-service,1
1650481687,social-graph-service,1
1650481687,social-graph-service,1
1650481687,social-graph-service,1
1650481687,social-graph-service,1
1650481687,social-graph-service,1
1650481687,social-graph-service,1
1650481687,social-graph-service,1
1650481688,social-graph-service,1
1650481688,social-graph-service,1
1650481688,social-graph-service,1
1650481688,social-graph-service,1
1650481688,social-graph-service,1
1650481688,social-graph-service,1
1650481689,social-graph-service,1
1650481689,social-graph-service,1
1650481689,social-graph-service,1
1650481689,social-graph-service,1
1650481689,social-graph-service,1
1650481689,social-graph-service,1
1650481690,social-graph-service,1
1650481690,social-graph-service,1
1650481690,social-graph-service,1
1650481690,social-graph-service,1
1650481690,social-graph-service,1
1650481690,social-graph-service,1
1650481691,social-graph-service,1
1650481691,social-graph-service,1
1650481691,social-graph-service,1
1650481692,social-graph-service,1
1650481692,social-graph-service,1
1650481692,social-graph-service,1
1650481693,social-graph-service,1
1650481693,social-graph-service,1
1650481693,social-graph-service,1
1650481694,social-graph-service,1
1650481694,social-graph-service,1
1650481694,social-graph-service,1
1650481694,social-graph-service,1
1650481694,social-graph-service,1
1650481694,social-graph-service,1
1650481694,social-graph-service,1
1650481694,social-graph-service,1
1650481694,social-graph-service,1
1650481695,social-graph-service,1
1650481695,social-graph-service,1
1650481695,social-graph-service,1
1650481696,social-graph-service,1
1650481696,social-graph-service,1
1650481696,social-graph-service,1
1650481696,social-graph-service,1
1650481696,social-graph-service,1
1650481696,social-graph-service,1
1650481697,social-graph-service,1
1650481697,social-graph-service,1
1650481697,social-graph-service,1
1650481697,social-graph-service,1
1650481697,social-graph-service,1
1650481697,social-graph-service,1
1650481698,social-graph-service,1
1650481698,social-graph-service,1
1650481698,social-graph-service,1
1650481698,social-graph-service,1
1650481698,social-graph-service,1
1650481698,social-graph-service,1
1650481699,social-graph-service,1
1650481699,social-graph-service,1
1650481699,social-graph-service,1
1650481699,social-graph-service,1
1650481699,social-graph-service,1
1650481699,social-graph-service,1
1650481700,social-graph-service,1
1650481700,social-graph-service,1
1650481700,social-graph-service,1
1650481700,social-graph-service,1
1650481700,social-graph-service,1
1650481700,social-graph-service,1
1650481701,social-graph-service,1
1650481701,social-graph-service,1
1650481701,social-graph-service,1
1650481701,social-graph-service,1
1650481701,social-graph-service,1
1650481701,social-graph-service,1
1650481701,social-graph-service,1
1650481701,social-graph-service,1
1650481701,social-graph-service,1
1650481702,social-graph-service,1
1650481702,social-graph-service,1
1650481702,social-graph-service,1
1650481702,social-graph-service,1
1650481702,social-graph-service,1
1650481702,social-graph-service,1
1650481703,social-graph-service,1
1650481703,social-graph-service,1
1650481703,social-graph-service,1
1650481703,social-graph-service,1
1650481703,social-graph-service,1
1650481703,social-graph-service,1
1650481704,social-graph-service,1
1650481704,social-graph-service,1
1650481704,social-graph-service,1
1650481705,social-graph-service,1
1650481705,social-graph-service,1
1650481705,social-graph-service,1
1650481706,social-graph-service,1
1650481706,social-graph-service,1
1650481706,social-graph-service,1
1650481707,social-graph-service,1
1650481707,social-graph-service,1
1650481707,social-graph-service,1
1650481707,social-graph-service,1
1650481707,social-graph-service,1
1650481707,social-graph-service,1
1650481708,social-graph-service,1
1650481708,social-graph-service,1
1650481708,social-graph-service,1
1650481709,social-graph-service,1
1650481709,social-graph-service,1
1650481709,social-graph-service,1
1650481709,social-graph-service,1
1650481709,social-graph-service,1
1650481709,social-graph-service,1
1650481709,social-graph-service,1
1650481709,social-graph-service,1
1650481709,social-graph-service,1
1650481710,social-graph-service,1
1650481710,social-graph-service,1
1650481710,social-graph-service,1
1650481710,social-graph-service,1
1650481710,social-graph-service,1
1650481710,social-graph-service,1
1650481711,social-graph-service,1
1650481711,social-graph-service,1
1650481711,social-graph-service,1
1650481711,social-graph-service,1
1650481711,social-graph-service,1
1650481711,social-graph-service,1
1650481712,social-graph-service,1
1650481712,social-graph-service,1
1650481712,social-graph-service,1
1650481713,social-graph-service,1
1650481713,social-graph-service,1
1650481713,social-graph-service,1
1650481714,social-graph-service,1
1650481714,social-graph-service,1
1650481714,social-graph-service,1
1650481715,social-graph-service,1
1650481715,social-graph-service,1
1650481715,social-graph-service,1
1650481716,social-graph-service,1
1650481716,social-graph-service,1
1650481716,social-graph-service,1
1650481716,social-graph-service,1
1650481716,social-graph-service,1
1650481716,social-graph-service,1
1650481716,social-graph-service,1
1650481716,social-graph-service,1
1650481716,social-graph-service,1
1650481717,social-graph-service,1
1650481717,social-graph-service,1
1650481717,social-graph-service,1
1650481717,social-graph-service,1
1650481717,social-graph-service,1
1650481717,social-graph-service,1
1650481717,social-graph-service,1
1650481717,social-graph-service,1
1650481717,social-graph-service,1
1650481718,social-graph-service,1
1650481718,social-graph-service,1
1650481718,social-graph-service,1
1650481719,social-graph-service,1
1650481719,social-graph-service,1
1650481719,social-graph-service,1
1650481720,social-graph-service,1
1650481720,social-graph-service,1
1650481720,social-graph-service,1
1650481720,social-graph-service,1
1650481720,social-graph-service,1
1650481720,social-graph-service,1
1650481721,social-graph-service,1
1650481721,social-graph-service,1
1650481721,social-graph-service,1
1650481721,social-graph-service,1
1650481721,social-graph-service,1
1650481721,social-graph-service,1
1650481722,social-graph-service,1
1650481722,social-graph-service,1
1650481722,social-graph-service,1
1650481722,social-graph-service,1
1650481722,social-graph-service,1
1650481722,social-graph-service,1
1650481723,social-graph-service,1
1650481723,social-graph-service,1
1650481723,social-graph-service,1
1650481724,social-graph-service,1
1650481724,social-graph-service,1
1650481724,social-graph-service,1
1650481724,social-graph-service,1
1650481724,social-graph-service,1
1650481724,social-graph-service,1
1650481725,social-graph-service,1
1650481725,social-graph-service,1
1650481725,social-graph-service,1
1650481725,social-graph-service,1
1650481725,social-graph-service,1
1650481725,social-graph-service,1
1650481726,social-graph-service,1
1650481726,social-graph-service,1
1650481726,social-graph-service,1
1650481727,social-graph-service,1
1650481727,social-graph-service,1
1650481727,social-graph-service,1
1650481727,social-graph-service,1
1650481727,social-graph-service,1
1650481727,social-graph-service,1
1650481728,social-graph-service,1
1650481728,social-graph-service,1
1650481728,social-graph-service,1
1650481728,social-graph-service,1
1650481728,social-graph-service,1
1650481728,social-graph-service,1
1650481729,social-graph-service,1
1650481729,social-graph-service,1
1650481729,social-graph-service,1
1650481730,social-graph-service,1
1650481730,social-graph-service,1
1650481730,social-graph-service,1
1650481731,social-graph-service,1
1650481731,social-graph-service,1
1650481731,social-graph-service,1
1650481731,social-graph-service,1
1650481731,social-graph-service,1
1650481731,social-graph-service,1
1650481732,social-graph-service,1
1650481732,social-graph-service,1
1650481732,social-graph-service,1
1650481732,social-graph-service,1
1650481732,social-graph-service,1
1650481732,social-graph-service,1
1650481733,social-graph-service,1
1650481733,social-graph-service,1
1650481733,social-graph-service,1
1650481733,social-graph-service,1
1650481733,social-graph-service,1
1650481733,social-graph-service,1
1650481733,social-graph-service,1
1650481733,social-graph-service,1
1650481733,social-graph-service,1
1650481733,social-graph-service,1
1650481733,social-graph-service,1
1650481733,social-graph-service,1
1650481734,social-graph-service,1
1650481734,social-graph-service,1
1650481734,social-graph-service,1
1650481734,social-graph-service,1
1650481734,social-graph-service,1
1650481734,social-graph-service,1
1650481734,social-graph-service,1
1650481734,social-graph-service,1
1650481734,social-graph-service,1
1650481735,social-graph-service,1
1650481735,social-graph-service,1
1650481735,social-graph-service,1
1650481735,social-graph-service,1
1650481735,social-graph-service,1
1650481735,social-graph-service,1
1650481736,social-graph-service,1
1650481736,social-graph-service,1
1650481736,social-graph-service,1
1650481736,social-graph-service,1
1650481736,social-graph-service,1
1650481736,social-graph-service,1
1650481736,social-graph-service,1
1650481736,social-graph-service,1
1650481736,social-graph-service,1
1650481737,social-graph-service,1
1650481737,social-graph-service,1
1650481737,social-graph-service,1
1650481737,social-graph-service,1
1650481737,social-graph-service,1
1650481737,social-graph-service,1
1650481737,social-graph-service,1
1650481737,social-graph-service,1
1650481737,social-graph-service,1
1650481738,social-graph-service,1
1650481738,social-graph-service,1
1650481738,social-graph-service,1
1650481738,social-graph-service,1
1650481738,social-graph-service,1
1650481738,social-graph-service,1
1650481739,social-graph-service,1
1650481739,social-graph-service,1
1650481739,social-graph-service,1
1650481739,social-graph-service,1
1650481739,social-graph-service,1
1650481739,social-graph-service,1
1650481739,social-graph-service,1
1650481740,social-graph-service,1
1650481740,social-graph-service,1
1650481740,social-graph-service,1
1650481740,social-graph-service,1
1650481740,social-graph-service,1
1650481741,social-graph-service,1
1650481741,social-graph-service,1
1650481741,social-graph-service,1
1650481742,social-graph-service,1
1650481742,social-graph-service,1
1650481742,social-graph-service,1
1650481743,social-graph-service,1
1650481743,social-graph-service,1
1650481743,social-graph-service,1
1650481744,social-graph-service,1
1650481744,social-graph-service,1
1650481744,social-graph-service,1
1650481744,social-graph-service,1
1650481744,social-graph-service,1
1650481744,social-graph-service,1
1650481745,social-graph-service,1
1650481745,social-graph-service,1
1650481745,social-graph-service,1
1650481746,social-graph-service,1
1650481746,social-graph-service,1
1650481746,social-graph-service,1
1650481746,social-graph-service,1
1650481746,social-graph-service,1
1650481746,social-graph-service,1
1650481747,social-graph-service,1
1650481747,social-graph-service,1
1650481747,social-graph-service,1
1650481747,social-graph-service,1
1650481747,social-graph-service,1
1650481747,social-graph-service,1
1650481748,social-graph-service,1
1650481748,social-graph-service,1
1650481748,social-graph-service,1
1650481748,social-graph-service,1
1650481748,social-graph-service,1
1650481748,social-graph-service,1
1650481749,social-graph-service,1
1650481749,social-graph-service,1
1650481749,social-graph-service,1
1650481750,social-graph-service,1
1650481750,social-graph-service,1
1650481750,social-graph-service,1
1650481751,social-graph-service,1
1650481751,social-graph-service,1
1650481751,social-graph-service,1
1650481751,social-graph-service,1
1650481751,social-graph-service,1
1650481752,social-graph-service,1
1650481752,social-graph-service,1
1650481752,social-graph-service,1
1650481752,social-graph-service,1
1650481752,social-graph-service,1
1650481752,social-graph-service,1
1650481752,social-graph-service,1
1650481753,social-graph-service,1
1650481753,social-graph-service,1
1650481753,social-graph-service,1
1650481753,social-graph-service,1
1650481753,social-graph-service,1
1650481753,social-graph-service,1
1650481754,social-graph-service,1
1650481754,social-graph-service,1
1650481754,social-graph-service,1
1650481754,social-graph-service,1
1650481754,social-graph-service,1
1650481755,social-graph-service,1
1650481755,social-graph-service,1
1650481755,social-graph-service,1
1650481755,social-graph-service,1
1650481755,social-graph-service,1
1650481755,social-graph-service,1
1650481755,social-graph-service,1
1650481756,social-graph-service,1
1650481756,social-graph-service,1
1650481756,social-graph-service,1
1650481756,social-graph-service,1
1650481756,social-graph-service,1
1650481756,social-graph-service,1
1650481757,social-graph-service,1
1650481757,social-graph-service,1
1650481757,social-graph-service,1
1650481757,social-graph-service,1
1650481757,social-graph-service,1
1650481757,social-graph-service,1
1650481758,social-graph-service,1
1650481758,social-graph-service,1
1650481758,social-graph-service,1
1650481759,social-graph-service,1
1650481759,social-graph-service,1
1650481759,social-graph-service,1
1650481759,social-graph-service,1
1650481759,social-graph-service,1
1650481759,social-graph-service,1
1650481760,social-graph-service,1
1650481760,social-graph-service,1
1650481760,social-graph-service,1
1650481761,social-graph-service,1
1650481761,social-graph-service,1
1650481761,social-graph-service,1
1650481761,social-graph-service,1
1650481761,social-graph-service,1
1650481761,social-graph-service,1
1650481762,social-graph-service,1
1650481762,social-graph-service,1
1650481762,social-graph-service,1
1650481762,social-graph-service,1
1650481762,social-graph-service,1
1650481762,social-graph-service,1
1650481763,social-graph-service,1
1650481763,social-graph-service,1
1650481763,social-graph-service,1
1650481763,social-graph-service,1
1650481763,social-graph-service,1
1650481763,social-graph-service,1
1650481764,social-graph-service,1
1650481764,social-graph-service,1
1650481764,social-graph-service,1
1650481764,social-graph-service,1
1650481764,social-graph-service,1
1650481764,social-graph-service,1
1650481764,social-graph-service,1
1650481764,social-graph-service,1
1650481764,social-graph-service,1
1650481764,social-graph-service,1
1650481764,social-graph-service,1
1650481764,social-graph-service,1
1650481765,social-graph-service,1
1650481765,social-graph-service,1
1650481765,social-graph-service,1
1650481766,social-graph-service,1
1650481766,social-graph-service,1
1650481766,social-graph-service,1
1650481766,social-graph-service,1
1650481766,social-graph-service,1
1650481766,social-graph-service,1
1650481766,social-graph-service,1
1650481766,social-graph-service,1
1650481766,social-graph-service,1
1650481767,social-graph-service,1
1650481767,social-graph-service,1
1650481767,social-graph-service,1
1650481767,social-graph-service,1
1650481767,social-graph-service,1
1650481767,social-graph-service,1
1650481767,social-graph-service,1
1650481767,social-graph-service,1
1650481768,social-graph-service,1
1650481768,social-graph-service,1
1650481768,social-graph-service,1
1650481768,social-graph-service,1
1650481769,social-graph-service,1
1650481769,social-graph-service,1
1650481769,social-graph-service,1
1650481770,social-graph-service,1
1650481770,social-graph-service,1
1650481770,social-graph-service,1
1650481770,social-graph-service,1
1650481770,social-graph-service,1
1650481770,social-graph-service,1
1650481770,social-graph-service,1
1650481770,social-graph-service,1
1650481770,social-graph-service,1
1650481771,social-graph-service,1
1650481771,social-graph-service,1
1650481771,social-graph-service,1
1650481771,social-graph-service,1
1650481771,social-graph-service,1
1650481771,social-graph-service,1
1650481771,social-graph-service,1
1650481771,social-graph-service,1
1650481771,social-graph-service,1
1650481772,social-graph-service,1
1650481772,social-graph-service,1
1650481772,social-graph-service,1
1650481772,social-graph-service,1
1650481772,social-graph-service,1
1650481772,social-graph-service,1
1650481773,social-graph-service,1
1650481773,social-graph-service,1
1650481773,social-graph-service,1
1650481774,social-graph-service,1
1650481774,social-graph-service,1
1650481774,social-graph-service,1
1650481775,social-graph-service,1
1650481775,social-graph-service,1
1650481775,social-graph-service,1
1650481775,social-graph-service,1
1650481775,social-graph-service,1
1650481775,social-graph-service,1
1650481775,social-graph-service,1
1650481775,social-graph-service,1
1650481775,social-graph-service,1
1650481776,social-graph-service,1
1650481776,social-graph-service,1
1650481776,social-graph-service,1
1650481776,social-graph-service,1
1650481776,social-graph-service,1
1650481776,social-graph-service,1
1650481777,social-graph-service,1
1650481777,social-graph-service,1
1650481777,social-graph-service,1
1650481778,social-graph-service,1
1650481778,social-graph-service,1
1650481778,social-graph-service,1
1650481779,social-graph-service,1
1650481779,social-graph-service,1
1650481779,social-graph-service,1
1650481779,social-graph-service,1
1650481779,social-graph-service,1
1650481779,social-graph-service,1
1650481780,social-graph-service,1
1650481780,social-graph-service,1
1650481780,social-graph-service,1
1650481780,social-graph-service,1
1650481780,social-graph-service,1
1650481780,social-graph-service,1
1650481780,social-graph-service,1
1650481780,social-graph-service,1
1650481780,social-graph-service,1
1650481781,social-graph-service,1
1650481781,social-graph-service,1
1650481781,social-graph-service,1
1650481782,social-graph-service,1
1650481782,social-graph-service,1
1650481782,social-graph-service,1
1650481782,social-graph-service,1
1650481782,social-graph-service,1
1650481782,social-graph-service,1
1650481783,social-graph-service,1
1650481783,social-graph-service,1
1650481783,social-graph-service,1
1650481784,social-graph-service,1
1650481784,social-graph-service,1
1650481784,social-graph-service,1
1650481785,social-graph-service,1
1650481785,social-graph-service,1
1650481785,social-graph-service,1
1650481785,social-graph-service,1
1650481785,social-graph-service,1
1650481785,social-graph-service,1
1650481785,social-graph-service,1
1650481785,social-graph-service,1
1650481785,social-graph-service,1
1650481785,social-graph-service,1
1650481785,social-graph-service,1
1650481785,social-graph-service,1
1650481786,social-graph-service,1
1650481786,social-graph-service,1
1650481786,social-graph-service,1
1650481787,social-graph-service,1
1650481787,social-graph-service,1
1650481787,social-graph-service,1
1650481788,social-graph-service,1
1650481788,social-graph-service,1
1650481788,social-graph-service,1
1650481788,social-graph-service,1
1650481788,social-graph-service,1
1650481788,social-graph-service,1
1650481789,social-graph-service,1
1650481789,social-graph-service,1
1650481789,social-graph-service,1
1650481789,social-graph-service,1
1650481789,social-graph-service,1
1650481789,social-graph-service,1
1650481790,social-graph-service,1
1650481790,social-graph-service,1
1650481790,social-graph-service,1
1650481790,social-graph-service,1
1650481790,social-graph-service,1
1650481790,social-graph-service,1
1650481790,social-graph-service,1
1650481791,social-graph-service,1
1650481791,social-graph-service,1
1650481791,social-graph-service,1
1650481791,social-graph-service,1
1650481791,social-graph-service,1
1650481791,social-graph-service,1
1650481791,social-graph-service,1
1650481791,social-graph-service,1
1650481792,social-graph-service,1
1650481792,social-graph-service,1
1650481792,social-graph-service,1
1650481792,social-graph-service,1
1650481792,social-graph-service,1
1650481792,social-graph-service,1
1650481793,social-graph-service,1
1650481793,social-graph-service,1
1650481793,social-graph-service,1
1650481794,social-graph-service,1
1650481794,social-graph-service,1
1650481794,social-graph-service,1
1650481794,social-graph-service,1
1650481794,social-graph-service,1
1650481794,social-graph-service,1
1650481794,social-graph-service,1
1650481794,social-graph-service,1
1650481794,social-graph-service,1
1650481795,social-graph-service,1
1650481795,social-graph-service,1
1650481795,social-graph-service,1
1650481795,social-graph-service,1
1650481795,social-graph-service,1
1650481795,social-graph-service,1
1650481796,social-graph-service,1
1650481796,social-graph-service,1
1650481796,social-graph-service,1
1650481797,social-graph-service,1
1650481797,social-graph-service,1
1650481797,social-graph-service,1
1650481797,social-graph-service,1
1650481797,social-graph-service,1
1650481797,social-graph-service,1
1650481798,social-graph-service,1
1650481798,social-graph-service,1
1650481798,social-graph-service,1
1650481799,social-graph-service,1
1650481799,social-graph-service,1
1650481799,social-graph-service,1
1650481799,social-graph-service,1
1650481799,social-graph-service,1
1650481799,social-graph-service,1
1650481800,social-graph-service,1
1650481800,social-graph-service,1
1650481800,social-graph-service,1
1650481800,social-graph-service,1
1650481800,social-graph-service,1
1650481800,social-graph-service,1
1650481800,social-graph-service,1
1650481800,social-graph-service,1
1650481800,social-graph-service,1
1650481801,social-graph-service,1
1650481801,social-graph-service,1
1650481801,social-graph-service,1
1650481801,social-graph-service,1
1650481801,social-graph-service,1
1650481801,social-graph-service,1
1650481801,social-graph-service,1
1650481801,social-graph-service,1
1650481801,social-graph-service,1
1650481802,social-graph-service,1
1650481802,social-graph-service,1
1650481802,social-graph-service,1
1650481803,social-graph-service,1
1650481803,social-graph-service,1
1650481803,social-graph-service,1
1650481803,social-graph-service,1
1650481803,social-graph-service,1
1650481804,social-graph-service,1
1650481804,social-graph-service,1
1650481804,social-graph-service,1
1650481804,social-graph-service,1
1650481804,social-graph-service,1
1650481804,social-graph-service,1
1650481804,social-graph-service,1
1650481805,social-graph-service,1
1650481805,social-graph-service,1
1650481805,social-graph-service,1
1650481806,social-graph-service,1
1650481806,social-graph-service,1
1650481806,social-graph-service,1
1650481806,social-graph-service,1
1650481806,social-graph-service,1
1650481806,social-graph-service,1
1650481807,social-graph-service,1
1650481807,social-graph-service,1
1650481807,social-graph-service,1
1650481807,social-graph-service,1
1650481807,social-graph-service,1
1650481807,social-graph-service,1
1650481808,social-graph-service,1
1650481808,social-graph-service,1
1650481808,social-graph-service,1
1650481809,social-graph-service,1
1650481809,social-graph-service,1
1650481809,social-graph-service,1
1650481809,social-graph-service,1
1650481809,social-graph-service,1
1650481809,social-graph-service,1
1650481810,social-graph-service,1
1650481810,social-graph-service,1
1650481810,social-graph-service,1
1650481811,social-graph-service,1
1650481811,social-graph-service,1
1650481811,social-graph-service,1
1650481811,social-graph-service,1
1650481811,social-graph-service,1
1650481811,social-graph-service,1
1650481812,social-graph-service,1
1650481812,social-graph-service,1
1650481812,social-graph-service,1
1650481813,social-graph-service,1
1650481813,social-graph-service,1
1650481813,social-graph-service,1
1650481814,social-graph-service,1
1650481814,social-graph-service,1
1650481814,social-graph-service,1
1650481814,social-graph-service,1
1650481814,social-graph-service,1
1650481814,social-graph-service,1
1650481814,social-graph-service,1
1650481814,social-graph-service,1
1650481814,social-graph-service,1
1650481815,social-graph-service,1
1650481815,social-graph-service,1
1650481815,social-graph-service,1
1650481816,social-graph-service,1
1650481816,social-graph-service,1
1650481816,social-graph-service,1
1650481817,social-graph-service,1
1650481817,social-graph-service,1
1650481817,social-graph-service,1
1650481818,social-graph-service,1
1650481818,social-graph-service,1
1650481818,social-graph-service,1
1650481818,social-graph-service,1
1650481818,social-graph-service,1
1650481818,social-graph-service,1
1650481819,social-graph-service,1
1650481819,social-graph-service,1
1650481819,social-graph-service,1
1650481820,social-graph-service,1
1650481820,social-graph-service,1
1650481820,social-graph-service,1
1650481821,social-graph-service,1
1650481821,social-graph-service,1
1650481821,social-graph-service,1
1650481821,social-graph-service,1
1650481821,social-graph-service,1
1650481821,social-graph-service,1
1650481822,social-graph-service,1
1650481822,social-graph-service,1
1650481822,social-graph-service,1
1650481822,social-graph-service,1
1650481822,social-graph-service,1
1650481822,social-graph-service,1
1650481822,social-graph-service,1
1650481822,social-graph-service,1
1650481822,social-graph-service,1
1650481822,social-graph-service,1
1650481822,social-graph-service,1
1650481822,social-graph-service,1
1650481823,social-graph-service,1
1650481823,social-graph-service,1
1650481823,social-graph-service,1
1650481823,social-graph-service,1
1650481823,social-graph-service,1
1650481823,social-graph-service,1
1650481824,social-graph-service,1
1650481824,social-graph-service,1
1650481824,social-graph-service,1
1650481825,social-graph-service,1
1650481825,social-graph-service,1
1650481825,social-graph-service,1
1650481825,social-graph-service,1
1650481825,social-graph-service,1
1650481825,social-graph-service,1
1650481825,social-graph-service,1
1650481825,social-graph-service,1
1650481825,social-graph-service,1
1650481826,social-graph-service,1
1650481826,social-graph-service,1
1650481826,social-graph-service,1
1650481827,social-graph-service,1
1650481827,social-graph-service,1
1650481827,social-graph-service,1
1650481827,social-graph-service,1
1650481827,social-graph-service,1
1650481827,social-graph-service,1
1650481828,social-graph-service,1
1650481828,social-graph-service,1
1650481828,social-graph-service,1
1650481829,social-graph-service,1
1650481829,social-graph-service,1
1650481829,social-graph-service,1
1650481830,social-graph-service,1
1650481830,social-graph-service,1
1650481830,social-graph-service,1
1650481830,social-graph-service,1
1650481830,social-graph-service,1
1650481830,social-graph-service,1
1650481830,social-graph-service,1
1650481830,social-graph-service,1
1650481830,social-graph-service,1
1650481830,social-graph-service,1
1650481830,social-graph-service,1
1650481830,social-graph-service,1
1650481830,social-graph-service,1
1650481830,social-graph-service,1
1650481830,social-graph-service,1
1650481831,social-graph-service,1
1650481831,social-graph-service,1
1650481831,social-graph-service,1
1650481831,social-graph-service,1
1650481831,social-graph-service,1
1650481831,social-graph-service,1
1650481832,social-graph-service,1
1650481832,social-graph-service,1
1650481832,social-graph-service,1
1650481832,social-graph-service,1
1650481832,social-graph-service,1
1650481833,social-graph-service,1
1650481833,social-graph-service,1
1650481833,social-graph-service,1
1650481833,social-graph-service,1
1650481834,social-graph-service,1
1650481834,social-graph-service,1
1650481834,social-graph-service,1
1650481834,social-graph-service,1
1650481834,social-graph-service,1
1650481834,social-graph-service,1
1650481835,social-graph-service,1
1650481835,social-graph-service,1
1650481835,social-graph-service,1
1650481835,social-graph-service,1
1650481835,social-graph-service,1
1650481835,social-graph-service,1
1650481836,social-graph-service,1
1650481836,social-graph-service,1
1650481836,social-graph-service,1
1650481837,social-graph-service,1
1650481837,social-graph-service,1
1650481837,social-graph-service,1
1650481837,social-graph-service,1
1650481837,social-graph-service,1
1650481837,social-graph-service,1
1650481838,social-graph-service,1
1650481838,social-graph-service,1
1650481838,social-graph-service,1
1650481839,social-graph-service,1
1650481839,social-graph-service,1
1650481839,social-graph-service,1
1650481840,social-graph-service,1
1650481840,social-graph-service,1
1650481840,social-graph-service,1
1650481841,social-graph-service,1
1650481841,social-graph-service,1
1650481841,social-graph-service,1
1650481841,social-graph-service,1
1650481841,social-graph-service,1
1650481841,social-graph-service,1
1650481841,social-graph-service,1
1650481841,social-graph-service,1
1650481841,social-graph-service,1
1650481841,social-graph-service,1
1650481842,social-graph-service,1
1650481842,social-graph-service,1
1650481843,social-graph-service,1
1650481843,social-graph-service,1
1650481843,social-graph-service,1
1650481843,social-graph-service,1
1650481843,social-graph-service,1
1650481843,social-graph-service,1
1650481843,social-graph-service,1
1650481843,social-graph-service,1
1650481843,social-graph-service,1
1650481844,social-graph-service,1
1650481844,social-graph-service,1
1650481844,social-graph-service,1
1650481845,social-graph-service,1
1650481845,social-graph-service,1
1650481845,social-graph-service,1
1650481845,social-graph-service,1
1650481845,social-graph-service,1
1650481845,social-graph-service,1
1650481845,social-graph-service,1
1650481845,social-graph-service,1
1650481845,social-graph-service,1
1650481846,social-graph-service,1
1650481846,social-graph-service,1
1650481846,social-graph-service,1
1650481847,social-graph-service,1
1650481847,social-graph-service,1
1650481847,social-graph-service,1
1650481847,social-graph-service,1
1650481847,social-graph-service,1
1650481847,social-graph-service,1
1650481847,social-graph-service,1
1650481847,social-graph-service,1
1650481848,social-graph-service,1
1650481848,social-graph-service,1
1650481848,social-graph-service,1
1650481848,social-graph-service,1
1650481848,social-graph-service,1
1650481848,social-graph-service,1
1650481848,social-graph-service,1
1650481848,social-graph-service,1
1650481848,social-graph-service,1
1650481848,social-graph-service,1
1650481849,social-graph-service,1
1650481849,social-graph-service,1
1650481849,social-graph-service,1
1650481850,social-graph-service,1
1650481850,social-graph-service,1
1650481850,social-graph-service,1
1650481850,social-graph-service,1
1650481850,social-graph-service,1
1650481850,social-graph-service,1
1650481850,social-graph-service,1
1650481850,social-graph-service,1
1650481850,social-graph-service,1
1650481850,social-graph-service,1
1650481850,social-graph-service,1
1650481850,social-graph-service,1
1650481851,social-graph-service,1
1650481851,social-graph-service,1
1650481851,social-graph-service,1
1650481852,social-graph-service,1
1650481852,social-graph-service,1
1650481852,social-graph-service,1
1650481852,social-graph-service,1
1650481852,social-graph-service,1
1650481852,social-graph-service,1
1650481853,social-graph-service,1
1650481853,social-graph-service,1
1650481853,social-graph-service,1
1650481854,social-graph-service,1
1650481854,social-graph-service,1
1650481854,social-graph-service,1
1650481854,social-graph-service,1
1650481854,social-graph-service,1
1650481854,social-graph-service,1
1650481855,social-graph-service,1
1650481855,social-graph-service,1
1650481855,social-graph-service,1
1650481856,social-graph-service,1
1650481856,social-graph-service,1
1650481856,social-graph-service,1
1650481857,social-graph-service,1
1650481857,social-graph-service,1
1650481857,social-graph-service,1
1650481858,social-graph-service,1
1650481858,social-graph-service,1
1650481858,social-graph-service,1
1650481858,social-graph-service,1
1650481858,social-graph-service,1
1650481858,social-graph-service,1
1650481858,social-graph-service,1
1650481858,social-graph-service,1
1650481858,social-graph-service,1
1650481859,social-graph-service,1
1650481859,social-graph-service,1
1650481859,social-graph-service,1
1650481859,social-graph-service,1
1650481859,social-graph-service,1
1650481859,social-graph-service,1
1650481860,social-graph-service,1
1650481860,social-graph-service,1
1650481860,social-graph-service,1
1650481861,social-graph-service,1
1650481861,social-graph-service,1
1650481861,social-graph-service,1
1650481861,social-graph-service,1
1650481861,social-graph-service,1
1650481861,social-graph-service,1
1650481861,social-graph-service,1
1650481861,social-graph-service,1
1650481861,social-graph-service,1
1650481862,social-graph-service,1
1650481862,social-graph-service,1
1650481862,social-graph-service,1
1650481863,social-graph-service,1
1650481863,social-graph-service,1
1650481863,social-graph-service,1
1650481864,social-graph-service,1
1650481864,social-graph-service,1
1650481864,social-graph-service,1
1650481864,social-graph-service,1
1650481864,social-graph-service,1
1650481864,social-graph-service,1
1650481864,social-graph-service,1
1650481864,social-graph-service,1
1650481864,social-graph-service,1
1650481865,social-graph-service,1
1650481865,social-graph-service,1
1650481865,social-graph-service,1
1650481865,social-graph-service,1
1650481866,social-graph-service,1
1650481866,social-graph-service,1
1650481866,social-graph-service,1
1650481866,social-graph-service,1
1650481866,social-graph-service,1
1650481867,social-graph-service,1
1650481867,social-graph-service,1
1650481867,social-graph-service,1
1650481867,social-graph-service,1
1650481867,social-graph-service,1
1650481867,social-graph-service,1
1650481868,social-graph-service,1
1650481868,social-graph-service,1
1650481868,social-graph-service,1
1650481868,social-graph-service,1
1650481868,social-graph-service,1
1650481868,social-graph-service,1
1650481869,social-graph-service,1
1650481869,social-graph-service,1
1650481869,social-graph-service,1
1650481870,social-graph-service,1
1650481870,social-graph-service,1
1650481870,social-graph-service,1
1650481870,social-graph-service,1
1650481870,social-graph-service,1
1650481870,social-graph-service,1
1650481871,social-graph-service,1
1650481871,social-graph-service,1
1650481871,social-graph-service,1
1650481871,social-graph-service,1
1650481871,social-graph-service,1
1650481871,social-graph-service,1
1650481872,social-graph-service,1
1650481872,social-graph-service,1
1650481872,social-graph-service,1
1650481873,social-graph-service,1
1650481873,social-graph-service,1
1650481873,social-graph-service,1
1650481873,social-graph-service,1
1650481873,social-graph-service,1
1650481873,social-graph-service,1
1650481874,social-graph-service,1
1650481874,social-graph-service,1
1650481874,social-graph-service,1
1650481874,social-graph-service,1
1650481874,social-graph-service,1
1650481874,social-graph-service,1
1650481875,social-graph-service,1
1650481875,social-graph-service,1
1650481875,social-graph-service,1
1650481875,social-graph-service,1
1650481875,social-graph-service,1
1650481875,social-graph-service,1
1650481875,social-graph-service,1
1650481875,social-graph-service,1
1650481875,social-graph-service,1
1650481876,social-graph-service,1
1650481876,social-graph-service,1
1650481876,social-graph-service,1
1650481876,social-graph-service,1
1650481876,social-graph-service,1
1650481876,social-graph-service,1
1650481877,social-graph-service,1
1650481877,social-graph-service,1
1650481877,social-graph-service,1
1650481877,social-graph-service,1
1650481877,social-graph-service,1
1650481877,social-graph-service,1
1650481877,social-graph-service,1
1650481877,social-graph-service,1
1650481877,social-graph-service,1
1650481878,social-graph-service,1
1650481878,social-graph-service,1
1650481878,social-graph-service,1
1650481878,social-graph-service,1
1650481878,social-graph-service,1
1650481878,social-graph-service,1
1650481879,social-graph-service,1
1650481879,social-graph-service,1
1650481879,social-graph-service,1
1650481880,social-graph-service,1
1650481880,social-graph-service,1
1650481880,social-graph-service,1
1650481881,social-graph-service,1
1650481881,social-graph-service,1
1650481881,social-graph-service,1
1650481881,social-graph-service,1
1650481881,social-graph-service,1
1650481881,social-graph-service,1
1650481882,social-graph-service,1
1650481882,social-graph-service,1
1650481882,social-graph-service,1
1650481882,social-graph-service,1
1650481882,social-graph-service,1
1650481882,social-graph-service,1
1650481883,social-graph-service,1
1650481883,social-graph-service,1
1650481883,social-graph-service,1
1650481883,social-graph-service,1
1650481883,social-graph-service,1
1650481883,social-graph-service,1
1650481884,social-graph-service,1
1650481884,social-graph-service,1
1650481884,social-graph-service,1
1650481884,social-graph-service,1
1650481884,social-graph-service,1
1650481885,social-graph-service,1
1650481885,social-graph-service,1
1650481885,social-graph-service,1
1650481885,social-graph-service,1
1650481886,social-graph-service,1
1650481886,social-graph-service,1
1650481886,social-graph-service,1
1650481887,social-graph-service,1
1650481887,social-graph-service,1
1650481887,social-graph-service,1
1650481887,social-graph-service,1
1650481887,social-graph-service,1
1650481887,social-graph-service,1
1650481888,social-graph-service,1
1650481888,social-graph-service,1
1650481888,social-graph-service,1
1650481888,social-graph-service,1
1650481888,social-graph-service,1
1650481888,social-graph-service,1
1650481889,social-graph-service,1
1650481889,social-graph-service,1
1650481889,social-graph-service,1
1650481889,social-graph-service,1
1650481889,social-graph-service,1
1650481889,social-graph-service,1
1650481890,social-graph-service,1
1650481890,social-graph-service,1
1650481890,social-graph-service,1
1650481891,social-graph-service,1
1650481891,social-graph-service,1
1650481891,social-graph-service,1
1650481892,social-graph-service,1
1650481892,social-graph-service,1
1650481892,social-graph-service,1
1650481892,social-graph-service,1
1650481892,social-graph-service,1
1650481892,social-graph-service,1
1650481893,social-graph-service,1
1650481893,social-graph-service,1
1650481893,social-graph-service,1
1650481894,social-graph-service,1
1650481894,social-graph-service,1
1650481894,social-graph-service,1
1650481894,social-graph-service,1
1650481894,social-graph-service,1
1650481894,social-graph-service,1
1650481895,social-graph-service,1
1650481895,social-graph-service,1
1650481895,social-graph-service,1
1650481895,social-graph-service,1
1650481895,social-graph-service,1
1650481895,social-graph-service,1
1650481896,social-graph-service,1
1650481896,social-graph-service,1
1650481896,social-graph-service,1
1650481896,social-graph-service,1
1650481896,social-graph-service,1
1650481896,social-graph-service,1
1650481897,social-graph-service,1
1650481897,social-graph-service,1
1650481897,social-graph-service,1
1650481897,social-graph-service,1
1650481897,social-graph-service,1
1650481897,social-graph-service,1
1650481897,social-graph-service,1
1650481897,social-graph-service,1
1650481897,social-graph-service,1
1650481897,social-graph-service,1
1650481897,social-graph-service,1
1650481898,social-graph-service,1
1650481898,social-graph-service,1
1650481898,social-graph-service,1
1650481898,social-graph-service,1
1650481899,social-graph-service,1
1650481899,social-graph-service,1
1650481899,social-graph-service,1
1650481900,social-graph-service,1
1650481900,social-graph-service,1
1650481900,social-graph-service,1
1650481901,social-graph-service,1
1650481901,social-graph-service,1
1650481901,social-graph-service,1
1650481901,social-graph-service,1
1650481901,social-graph-service,1
1650481901,social-graph-service,1
1650481902,social-graph-service,1
1650481902,social-graph-service,1
1650481902,social-graph-service,1
1650481903,social-graph-service,1
1650481903,social-graph-service,1
1650481903,social-graph-service,1
1650481904,social-graph-service,1
1650481904,social-graph-service,1
1650481904,social-graph-service,1
1650481905,social-graph-service,1
1650481905,social-graph-service,1
1650481905,social-graph-service,1
1650481905,social-graph-service,1
1650481905,social-graph-service,1
1650481905,social-graph-service,1
1650481905,social-graph-service,1
1650481905,social-graph-service,1
1650481905,social-graph-service,1
1650481906,social-graph-service,1
1650481906,social-graph-service,1
1650481906,social-graph-service,1
1650481907,social-graph-service,1
1650481907,social-graph-service,1
1650481907,social-graph-service,1
1650481907,social-graph-service,1
1650481907,social-graph-service,1
1650481907,social-graph-service,1
1650481908,social-graph-service,1
1650481908,social-graph-service,1
1650481908,social-graph-service,1
1650481908,social-graph-service,1
1650481908,social-graph-service,1
1650481908,social-graph-service,1
1650481909,social-graph-service,1
1650481909,social-graph-service,1
1650481909,social-graph-service,1
1650481910,social-graph-service,1
1650481910,social-graph-service,1
1650481910,social-graph-service,1
1650481911,social-graph-service,1
1650481911,social-graph-service,1
1650481911,social-graph-service,1
1650481912,social-graph-service,1
1650481912,social-graph-service,1
1650481912,social-graph-service,1
1650481912,social-graph-service,1
1650481912,social-graph-service,1
1650481912,social-graph-service,1
1650481912,social-graph-service,1
1650481912,social-graph-service,1
1650481912,social-graph-service,1
1650481913,social-graph-service,1
1650481913,social-graph-service,1
1650481913,social-graph-service,1
1650481914,social-graph-service,1
1650481914,social-graph-service,1
1650481914,social-graph-service,1
1650481915,social-graph-service,1
1650481915,social-graph-service,1
1650481915,social-graph-service,1
1650481915,social-graph-service,1
1650481915,social-graph-service,1
1650481915,social-graph-service,1
1650481915,social-graph-service,1
1650481915,social-graph-service,1
1650481915,social-graph-service,1
1650481916,social-graph-service,1
1650481916,social-graph-service,1
1650481916,social-graph-service,1
1650481916,social-graph-service,1
1650481916,social-graph-service,1
1650481916,social-graph-service,1
1650481916,social-graph-service,1
1650481916,social-graph-service,1
1650481916,social-graph-service,1
1650481917,social-graph-service,1
1650481917,social-graph-service,1
1650481917,social-graph-service,1
1650481918,social-graph-service,1
1650481918,social-graph-service,1
1650481918,social-graph-service,1
1650481919,social-graph-service,1
1650481919,social-graph-service,1
1650481919,social-graph-service,1
1650481919,social-graph-service,1
1650481919,social-graph-service,1
1650481919,social-graph-service,1
1650481920,social-graph-service,1
1650481920,social-graph-service,1
1650481920,social-graph-service,1
1650481920,social-graph-service,1
1650481920,social-graph-service,1
1650481920,social-graph-service,1
1650481921,social-graph-service,1
1650481921,social-graph-service,1
1650481921,social-graph-service,1
1650481921,social-graph-service,1
1650481921,social-graph-service,1
1650481921,social-graph-service,1
1650481922,social-graph-service,1
1650481922,social-graph-service,1
1650481922,social-graph-service,1
1650481922,social-graph-service,1
1650481922,social-graph-service,1
1650481922,social-graph-service,1
1650481923,social-graph-service,1
1650481923,social-graph-service,1
1650481923,social-graph-service,1
1650481923,social-graph-service,1
1650481923,social-graph-service,1
1650481923,social-graph-service,1
1650481924,social-graph-service,1
1650481924,social-graph-service,1
1650481924,social-graph-service,1
1650481925,social-graph-service,1
1650481925,social-graph-service,1
1650481925,social-graph-service,1
1650481926,social-graph-service,1
1650481926,social-graph-service,1
1650481926,social-graph-service,1
1650481926,social-graph-service,1
1650481926,social-graph-service,1
1650481926,social-graph-service,1
1650481927,social-graph-service,1
1650481927,social-graph-service,1
1650481927,social-graph-service,1
1650481928,social-graph-service,1
1650481928,social-graph-service,1
1650481928,social-graph-service,1
1650481928,social-graph-service,1
1650481928,social-graph-service,1
1650481928,social-graph-service,1
1650481929,social-graph-service,1
1650481929,social-graph-service,1
1650481929,social-graph-service,1
1650481929,social-graph-service,1
1650481929,social-graph-service,1
1650481929,social-graph-service,1
1650481930,social-graph-service,1
1650481930,social-graph-service,1
1650481930,social-graph-service,1
1650481931,social-graph-service,1
1650481931,social-graph-service,1
1650481931,social-graph-service,1
1650481931,social-graph-service,1
1650481931,social-graph-service,1
1650481931,social-graph-service,1
1650481932,social-graph-service,1
1650481932,social-graph-service,1
1650481932,social-graph-service,1
1650481932,social-graph-service,1
1650481932,social-graph-service,1
1650481932,social-graph-service,1
1650481932,social-graph-service,1
1650481932,social-graph-service,1
1650481932,social-graph-service,1
1650481933,social-graph-service,1
1650481933,social-graph-service,1
1650481933,social-graph-service,1
1650481933,social-graph-service,1
1650481933,social-graph-service,1
1650481933,social-graph-service,1
1650481933,social-graph-service,1
1650481933,social-graph-service,1
1650481933,social-graph-service,1
1650481934,social-graph-service,1
1650481934,social-graph-service,1
1650481934,social-graph-service,1
1650481934,social-graph-service,1
1650481934,social-graph-service,1
1650481934,social-graph-service,1
1650481935,social-graph-service,1
1650481935,social-graph-service,1
1650481935,social-graph-service,1
1650481936,social-graph-service,1
1650481936,social-graph-service,1
1650481936,social-graph-service,1
1650481937,social-graph-service,1
1650481937,social-graph-service,1
1650481937,social-graph-service,1
1650481938,social-graph-service,1
1650481938,social-graph-service,1
1650481938,social-graph-service,1
1650481939,social-graph-service,1
1650481939,social-graph-service,1
1650481939,social-graph-service,1
1650481940,social-graph-service,1
1650481940,social-graph-service,1
1650481940,social-graph-service,1
1650481940,social-graph-service,1
1650481940,social-graph-service,1
1650481940,social-graph-service,1
1650481941,social-graph-service,1
1650481941,social-graph-service,1
1650481941,social-graph-service,1
1650481941,social-graph-service,1
1650481941,social-graph-service,1
1650481941,social-graph-service,1
1650481942,social-graph-service,1
1650481942,social-graph-service,1
1650481942,social-graph-service,1
1650481943,social-graph-service,1
1650481943,social-graph-service,1
1650481943,social-graph-service,1
1650481943,social-graph-service,1
1650481943,social-graph-service,1
1650481943,social-graph-service,1
1650481944,social-graph-service,1
1650481944,social-graph-service,1
1650481944,social-graph-service,1
1650481944,social-graph-service,1
1650481944,social-graph-service,1
1650481944,social-graph-service,1
1650481945,social-graph-service,1
1650481945,social-graph-service,1
1650481945,social-graph-service,1
1650481945,social-graph-service,1
1650481945,social-graph-service,1
1650481945,social-graph-service,1
1650481946,social-graph-service,1
1650481946,social-graph-service,1
1650481946,social-graph-service,1
1650481946,social-graph-service,1
1650481946,social-graph-service,1
1650481946,social-graph-service,1
1650481947,social-graph-service,1
1650481947,social-graph-service,1
1650481947,social-graph-service,1
1650481947,social-graph-service,1
1650481947,social-graph-service,1
1650481947,social-graph-service,1
1650481948,social-graph-service,1
1650481948,social-graph-service,1
1650481948,social-graph-service,1
1650481948,social-graph-service,1
1650481948,social-graph-service,1
1650481948,social-graph-service,1
1650481949,social-graph-service,1
1650481949,social-graph-service,1
1650481949,social-graph-service,1
1650481949,social-graph-service,1
1650481949,social-graph-service,1
1650481949,social-graph-service,1
1650481950,social-graph-service,1
1650481950,social-graph-service,1
1650481950,social-graph-service,1
1650481951,social-graph-service,1
1650481951,social-graph-service,1
1650481951,social-graph-service,1
1650481951,social-graph-service,1
1650481951,social-graph-service,1
1650481951,social-graph-service,1
1650481952,social-graph-service,1
1650481952,social-graph-service,1
1650481952,social-graph-service,1
1650481952,social-graph-service,1
1650481952,social-graph-service,1
1650481952,social-graph-service,1
1650481953,social-graph-service,1
1650481953,social-graph-service,1
1650481953,social-graph-service,1
1650481953,social-graph-service,1
1650481953,social-graph-service,1
1650481954,social-graph-service,1
1650481954,social-graph-service,1
1650481954,social-graph-service,1
1650481954,social-graph-service,1
1650481954,social-graph-service,1
1650481954,social-graph-service,1
1650481954,social-graph-service,1
1650481954,social-graph-service,1
1650481954,social-graph-service,1
1650481954,social-graph-service,1
1650481955,social-graph-service,1
1650481955,social-graph-service,1
1650481955,social-graph-service,1
1650481955,social-graph-service,1
1650481955,social-graph-service,1
1650481955,social-graph-service,1
1650481955,social-graph-service,1
1650481955,social-graph-service,1
1650481955,social-graph-service,1
1650481956,social-graph-service,1
1650481956,social-graph-service,1
1650481956,social-graph-service,1
1650481956,social-graph-service,1
1650481956,social-graph-service,1
1650481956,social-graph-service,1
1650481956,social-graph-service,1
1650481956,social-graph-service,1
1650481956,social-graph-service,1
1650481957,social-graph-service,1
1650481957,social-graph-service,1
1650481957,social-graph-service,1
1650481958,social-graph-service,1
1650481958,social-graph-service,1
1650481958,social-graph-service,1
1650481958,social-graph-service,1
1650481958,social-graph-service,1
1650481958,social-graph-service,1
1650481959,social-graph-service,1
1650481959,social-graph-service,1
1650481959,social-graph-service,1
1650481959,social-graph-service,1
1650481959,social-graph-service,1
1650481959,social-graph-service,1
1650481959,social-graph-service,1
1650481959,social-graph-service,1
1650481959,social-graph-service,1
1650481960,social-graph-service,1
1650481960,social-graph-service,1
1650481960,social-graph-service,1
1650481960,social-graph-service,1
1650481960,social-graph-service,1
1650481960,social-graph-service,1
1650481960,social-graph-service,1
1650481960,social-graph-service,1
1650481961,social-graph-service,1
1650481961,social-graph-service,1
1650481961,social-graph-service,1
1650481961,social-graph-service,1
1650481961,social-graph-service,1
1650481961,social-graph-service,1
1650481961,social-graph-service,1
1650481962,social-graph-service,1
1650481962,social-graph-service,1
1650481962,social-graph-service,1
1650481963,social-graph-service,1
1650481963,social-graph-service,1
1650481963,social-graph-service,1
1650481964,social-graph-service,1
1650481964,social-graph-service,1
1650481964,social-graph-service,1
1650481965,social-graph-service,1
1650481965,social-graph-service,1
1650481965,social-graph-service,1
1650481965,social-graph-service,1
1650481965,social-graph-service,1
1650481965,social-graph-service,1
1650481966,social-graph-service,1
1650481966,social-graph-service,1
1650481966,social-graph-service,1
1650481966,social-graph-service,1
1650481966,social-graph-service,1
1650481966,social-graph-service,1
1650481967,social-graph-service,1
1650481967,social-graph-service,1
1650481967,social-graph-service,1
1650481967,social-graph-service,1
1650481967,social-graph-service,1
1650481967,social-graph-service,1
1650481968,social-graph-service,1
1650481968,social-graph-service,1
1650481968,social-graph-service,1
1650481969,social-graph-service,1
1650481969,social-graph-service,1
1650481969,social-graph-service,1
1650481969,social-graph-service,1
1650481969,social-graph-service,1
1650481969,social-graph-service,1
1650481969,social-graph-service,1
1650481969,social-graph-service,1
1650481969,social-graph-service,1
1650481970,social-graph-service,1
1650481970,social-graph-service,1
1650481970,social-graph-service,1
1650481970,social-graph-service,1
1650481970,social-graph-service,1
1650481970,social-graph-service,1
1650481971,social-graph-service,1
1650481971,social-graph-service,1
1650481971,social-graph-service,1
1650481971,social-graph-service,1
1650481971,social-graph-service,1
1650481971,social-graph-service,1
1650481971,social-graph-service,1
1650481971,social-graph-service,1
1650481971,social-graph-service,1
1650481971,social-graph-service,1
1650481971,social-graph-service,1
1650481971,social-graph-service,1
1650481972,social-graph-service,1
1650481972,social-graph-service,1
1650481972,social-graph-service,1
1650481972,social-graph-service,1
1650481972,social-graph-service,1
1650481972,social-graph-service,1
1650481972,social-graph-service,1
1650481972,social-graph-service,1
1650481972,social-graph-service,1
1650481973,social-graph-service,1
1650481973,social-graph-service,1
1650481973,social-graph-service,1
1650481973,social-graph-service,1
1650481973,social-graph-service,1
1650481973,social-graph-service,1
1650481974,social-graph-service,1
1650481974,social-graph-service,1
1650481974,social-graph-service,1
1650481975,social-graph-service,1
1650481975,social-graph-service,1
1650481975,social-graph-service,1
1650481975,social-graph-service,1
1650481975,social-graph-service,1
1650481975,social-graph-service,1
1650481976,social-graph-service,1
1650481976,social-graph-service,1
1650481976,social-graph-service,1
1650481977,social-graph-service,1
1650481977,social-graph-service,1
1650481977,social-graph-service,1
1650481978,social-graph-service,1
1650481978,social-graph-service,1
1650481978,social-graph-service,1
1650481978,social-graph-service,1
1650481978,social-graph-service,1
1650481978,social-graph-service,1
1650481979,social-graph-service,1
1650481979,social-graph-service,1
1650481979,social-graph-service,1
1650481980,social-graph-service,1
1650481980,social-graph-service,1
1650481980,social-graph-service,1
1650481980,social-graph-service,1
1650481980,social-graph-service,1
1650481980,social-graph-service,1
1650481981,social-graph-service,1
1650481981,social-graph-service,1
1650481981,social-graph-service,1
1650481981,social-graph-service,1
1650481981,social-graph-service,1
1650481981,social-graph-service,1
1650481982,social-graph-service,1
1650481982,social-graph-service,1
1650481982,social-graph-service,1
1650481983,social-graph-service,1
1650481983,social-graph-service,1
1650481983,social-graph-service,1
1650481983,social-graph-service,1
1650481983,social-graph-service,1
1650481983,social-graph-service,1
1650481984,social-graph-service,1
1650481984,social-graph-service,1
1650481984,social-graph-service,1
1650481984,social-graph-service,1
1650481984,social-graph-service,1
1650481984,social-graph-service,1
1650481985,social-graph-service,1
1650481985,social-graph-service,1
1650481985,social-graph-service,1
1650481986,social-graph-service,1
1650481986,social-graph-service,1
1650481986,social-graph-service,1
1650481986,social-graph-service,1
1650481986,social-graph-service,1
1650481986,social-graph-service,1
1650481987,social-graph-service,1
1650481987,social-graph-service,1
1650481987,social-graph-service,1
1650481988,social-graph-service,1
1650481988,social-graph-service,1
1650481988,social-graph-service,1
1650481988,social-graph-service,1
1650481988,social-graph-service,1
1650481988,social-graph-service,1
1650481989,social-graph-service,1
1650481989,social-graph-service,1
1650481989,social-graph-service,1
1650481989,social-graph-service,1
1650481989,social-graph-service,1
1650481989,social-graph-service,1
1650481990,social-graph-service,1
1650481990,social-graph-service,1
1650481990,social-graph-service,1
1650481990,social-graph-service,1
1650481990,social-graph-service,1
1650481990,social-graph-service,1
1650481990,social-graph-service,1
1650481990,social-graph-service,1
1650481990,social-graph-service,1
1650481990,social-graph-service,1
1650481990,social-graph-service,1
1650481990,social-graph-service,1
1650481991,social-graph-service,1
1650481991,social-graph-service,1
1650481991,social-graph-service,1
1650481992,social-graph-service,1
1650481992,social-graph-service,1
1650481992,social-graph-service,1
1650481992,social-graph-service,1
1650481992,social-graph-service,1
1650481992,social-graph-service,1
1650481993,social-graph-service,1
1650481993,social-graph-service,1
1650481993,social-graph-service,1
1650481993,social-graph-service,1
1650481993,social-graph-service,1
1650481994,social-graph-service,1
1650481994,social-graph-service,1
1650481994,social-graph-service,1
1650481994,social-graph-service,1
1650481995,social-graph-service,1
1650481995,social-graph-service,1
1650481995,social-graph-service,1
1650481996,social-graph-service,1
1650481996,social-graph-service,1
1650481996,social-graph-service,1
1650481997,social-graph-service,1
1650481997,social-graph-service,1
1650481997,social-graph-service,1
1650481998,social-graph-service,1
1650481998,social-graph-service,1
1650481998,social-graph-service,1
1650481998,social-graph-service,1
1650481998,social-graph-service,1
1650481998,social-graph-service,1
1650481998,social-graph-service,1
1650481998,social-graph-service,1
1650481999,social-graph-service,1
1650481999,social-graph-service,1
1650481999,social-graph-service,1
1650481999,social-graph-service,1
1650481999,social-graph-service,1
1650481999,social-graph-service,1
1650481999,social-graph-service,1
1650482000,social-graph-service,1
1650482000,social-graph-service,1
1650482000,social-graph-service,1
1650482001,social-graph-service,1
1650482001,social-graph-service,1
1650482001,social-graph-service,1
1650482001,social-graph-service,1
1650482001,social-graph-service,1
1650482001,social-graph-service,1
1650482002,social-graph-service,1
1650482002,social-graph-service,1
1650482002,social-graph-service,1
1650482003,social-graph-service,1
1650482003,social-graph-service,1
1650482003,social-graph-service,1
1650482003,social-graph-service,1
1650482003,social-graph-service,1
1650482003,social-graph-service,1
1650482004,social-graph-service,1
1650482004,social-graph-service,1
1650482004,social-graph-service,1
1650482005,social-graph-service,1
1650482005,social-graph-service,1
1650482005,social-graph-service,1
1650482005,social-graph-service,1
1650482006,social-graph-service,1
1650482006,social-graph-service,1
1650482006,social-graph-service,1
1650482006,social-graph-service,1
1650482006,social-graph-service,1
1650482006,social-graph-service,1
1650482006,social-graph-service,1
1650482006,social-graph-service,1
1650482007,social-graph-service,1
1650482007,social-graph-service,1
1650482007,social-graph-service,1
1650482008,social-graph-service,1
1650482008,social-graph-service,1
1650482008,social-graph-service,1
1650482008,social-graph-service,1
1650482008,social-graph-service,1
1650482008,social-graph-service,1
1650482009,social-graph-service,1
1650482009,social-graph-service,1
1650482009,social-graph-service,1
1650482010,social-graph-service,1
1650482010,social-graph-service,1
1650482010,social-graph-service,1
1650482010,social-graph-service,1
1650482010,social-graph-service,1
1650482010,social-graph-service,1
1650482011,social-graph-service,1
1650482011,social-graph-service,1
1650482011,social-graph-service,1
1650482012,social-graph-service,1
1650482012,social-graph-service,1
1650482012,social-graph-service,1
1650482012,social-graph-service,1
1650482012,social-graph-service,1
1650482012,social-graph-service,1
1650482013,social-graph-service,1
1650482013,social-graph-service,1
1650482013,social-graph-service,1
1650482014,social-graph-service,1
1650482014,social-graph-service,1
1650482014,social-graph-service,1
1650482014,social-graph-service,1
1650482014,social-graph-service,1
1650482014,social-graph-service,1
1650482015,social-graph-service,1
1650482015,social-graph-service,1
1650482015,social-graph-service,1
1650482016,social-graph-service,1
1650482016,social-graph-service,1
1650482016,social-graph-service,1
1650482017,social-graph-service,1
1650482017,social-graph-service,1
1650482017,social-graph-service,1
1650482017,social-graph-service,1
1650482017,social-graph-service,1
1650482017,social-graph-service,1
1650482018,social-graph-service,1
1650482018,social-graph-service,1
1650482018,social-graph-service,1
1650482019,social-graph-service,1
1650482019,social-graph-service,1
1650482019,social-graph-service,1
1650482019,social-graph-service,1
1650482019,social-graph-service,1
1650482019,social-graph-service,1
1650482019,social-graph-service,1
1650482019,social-graph-service,1
1650482019,social-graph-service,1
1650482019,social-graph-service,1
1650482019,social-graph-service,1
1650482019,social-graph-service,1
1650482020,social-graph-service,1
1650482020,social-graph-service,1
1650482020,social-graph-service,1
1650482021,social-graph-service,1
1650482021,social-graph-service,1
1650482021,social-graph-service,1
1650482021,social-graph-service,1
1650482021,social-graph-service,1
1650482021,social-graph-service,1
1650482022,social-graph-service,1
1650482022,social-graph-service,1
1650482022,social-graph-service,1
1650482022,social-graph-service,1
1650482022,social-graph-service,1
1650482022,social-graph-service,1
1650482022,social-graph-service,1
1650482022,social-graph-service,1
1650482022,social-graph-service,1
1650482023,social-graph-service,1
1650482023,social-graph-service,1
1650482023,social-graph-service,1
1650482023,social-graph-service,1
1650482023,social-graph-service,1
1650482023,social-graph-service,1
1650482023,social-graph-service,1
1650482023,social-graph-service,1
1650482023,social-graph-service,1
1650482024,social-graph-service,1
1650482024,social-graph-service,1
1650482024,social-graph-service,1
1650482024,social-graph-service,1
1650482024,social-graph-service,1
1650482024,social-graph-service,1
1650482025,social-graph-service,1
1650482025,social-graph-service,1
1650482025,social-graph-service,1
1650482025,social-graph-service,1
1650482025,social-graph-service,1
1650482025,social-graph-service,1
1650482026,social-graph-service,1
1650482026,social-graph-service,1
1650482026,social-graph-service,1
1650482027,social-graph-service,1
1650482027,social-graph-service,1
1650482027,social-graph-service,1
1650482027,social-graph-service,1
1650482027,social-graph-service,1
1650482027,social-graph-service,1
1650482027,social-graph-service,1
1650482027,social-graph-service,1
1650482027,social-graph-service,1
1650482028,social-graph-service,1
1650482028,social-graph-service,1
1650482028,social-graph-service,1
1650482029,social-graph-service,1
1650482029,social-graph-service,1
1650482029,social-graph-service,1
1650482029,social-graph-service,1
1650482029,social-graph-service,1
1650482029,social-graph-service,1
1650482030,social-graph-service,1
1650482030,social-graph-service,1
1650482030,social-graph-service,1
1650482031,social-graph-service,1
1650482031,social-graph-service,1
1650482031,social-graph-service,1
1650482031,social-graph-service,1
1650482031,social-graph-service,1
1650482031,social-graph-service,1
1650482031,social-graph-service,1
1650482031,social-graph-service,1
1650482031,social-graph-service,1
1650482032,social-graph-service,1
1650482032,social-graph-service,1
1650482032,social-graph-service,1
1650482032,social-graph-service,1
1650482032,social-graph-service,1
1650482032,social-graph-service,1
1650482033,social-graph-service,1
1650482033,social-graph-service,1
1650482033,social-graph-service,1
1650482034,social-graph-service,1
1650482034,social-graph-service,1
1650482034,social-graph-service,1
1650482035,social-graph-service,1
1650482035,social-graph-service,1
1650482035,social-graph-service,1
1650482035,social-graph-service,1
1650482035,social-graph-service,1
1650482035,social-graph-service,1
1650482036,social-graph-service,1
1650482036,social-graph-service,1
1650482036,social-graph-service,1
1650482037,social-graph-service,1
1650482037,social-graph-service,1
1650482037,social-graph-service,1
1650482037,social-graph-service,1
1650482037,social-graph-service,1
1650482037,social-graph-service,1
1650482038,social-graph-service,1
1650482038,social-graph-service,1
1650482038,social-graph-service,1
1650482039,social-graph-service,1
1650482039,social-graph-service,1
1650482039,social-graph-service,1
1650482039,social-graph-service,1
1650482039,social-graph-service,1
1650482039,social-graph-service,1
1650482040,social-graph-service,1
1650482040,social-graph-service,1
1650482040,social-graph-service,1
1650482040,social-graph-service,1
1650482040,social-graph-service,1
1650482040,social-graph-service,1
1650482040,social-graph-service,1
1650482040,social-graph-service,1
1650482040,social-graph-service,1
1650482041,social-graph-service,1
1650482041,social-graph-service,1
1650482041,social-graph-service,1
1650482042,social-graph-service,1
1650482042,social-graph-service,1
1650482042,social-graph-service,1
1650482043,social-graph-service,1
1650482043,social-graph-service,1
1650482043,social-graph-service,1
1650482044,social-graph-service,1
1650482044,social-graph-service,1
1650482044,social-graph-service,1
1650482044,social-graph-service,1
1650482044,social-graph-service,1
1650482044,social-graph-service,1
1650482044,social-graph-service,1
1650482044,social-graph-service,1
1650482044,social-graph-service,1
1650482045,social-graph-service,1
1650482045,social-graph-service,1
1650482045,social-graph-service,1
1650482045,social-graph-service,1
1650482045,social-graph-service,1
1650482045,social-graph-service,1
1650482046,social-graph-service,1
1650482046,social-graph-service,1
1650482046,social-graph-service,1
1650482047,social-graph-service,1
1650482047,social-graph-service,1
1650482047,social-graph-service,1
1650482047,social-graph-service,1
1650482047,social-graph-service,1
1650482047,social-graph-service,1
1650482047,social-graph-service,1
1650482047,social-graph-service,1
1650482047,social-graph-service,1
1650482048,social-graph-service,1
1650482048,social-graph-service,1
1650482048,social-graph-service,1
1650482049,social-graph-service,1
1650482049,social-graph-service,1
1650482049,social-graph-service,1
1650482049,social-graph-service,1
1650482049,social-graph-service,1
1650482049,social-graph-service,1
1650482050,social-graph-service,1
1650482050,social-graph-service,1
1650482050,social-graph-service,1
1650482050,social-graph-service,1
1650482050,social-graph-service,1
1650482050,social-graph-service,1
1650482050,social-graph-service,1
1650482050,social-graph-service,1
1650482050,social-graph-service,1
1650482051,social-graph-service,1
1650482051,social-graph-service,1
1650482051,social-graph-service,1
1650482052,social-graph-service,1
1650482052,social-graph-service,1
1650482052,social-graph-service,1
1650482053,social-graph-service,1
1650482053,social-graph-service,1
1650482053,social-graph-service,1
1650482054,social-graph-service,1
1650482054,social-graph-service,1
1650482054,social-graph-service,1
1650482054,social-graph-service,1
1650482054,social-graph-service,1
1650482054,social-graph-service,1
1650482055,social-graph-service,1
1650482055,social-graph-service,1
1650482055,social-graph-service,1
1650482055,social-graph-service,1
1650482055,social-graph-service,1
1650482055,social-graph-service,1
1650482055,social-graph-service,1
1650482055,social-graph-service,1
1650482055,social-graph-service,1
1650482056,social-graph-service,1
1650482056,social-graph-service,1
1650482056,social-graph-service,1
1650482056,social-graph-service,1
1650482056,social-graph-service,1
1650482056,social-graph-service,1
1650482057,social-graph-service,1
1650482057,social-graph-service,1
1650482057,social-graph-service,1
1650482058,social-graph-service,1
1650482058,social-graph-service,1
1650482058,social-graph-service,1
1650482059,social-graph-service,1
1650482059,social-graph-service,1
1650482059,social-graph-service,1
1650482059,social-graph-service,1
1650482059,social-graph-service,1
1650482059,social-graph-service,1
1650482060,social-graph-service,1
1650482060,social-graph-service,1
1650482060,social-graph-service,1
1650482061,social-graph-service,1
1650482061,social-graph-service,1
1650482061,social-graph-service,1
1650482061,social-graph-service,1
1650482061,social-graph-service,1
1650482061,social-graph-service,1
1650482061,social-graph-service,1
1650482061,social-graph-service,1
1650482061,social-graph-service,1
1650482062,social-graph-service,1
1650482062,social-graph-service,1
1650482062,social-graph-service,1
1650482062,social-graph-service,1
1650482062,social-graph-service,1
1650482062,social-graph-service,1
1650482063,social-graph-service,1
1650482063,social-graph-service,1
1650482063,social-graph-service,1
1650482063,social-graph-service,1
1650482063,social-graph-service,1
1650482063,social-graph-service,1
1650482064,social-graph-service,1
1650482064,social-graph-service,1
1650482064,social-graph-service,1
1650482064,social-graph-service,1
1650482064,social-graph-service,1
1650482064,social-graph-service,1
1650482065,social-graph-service,1
1650482065,social-graph-service,1
1650482065,social-graph-service,1
1650482065,social-graph-service,1
1650482065,social-graph-service,1
1650482065,social-graph-service,1
1650482066,social-graph-service,1
1650482066,social-graph-service,1
1650482066,social-graph-service,1
1650482066,social-graph-service,1
1650482066,social-graph-service,1
1650482066,social-graph-service,1
1650482067,social-graph-service,1
1650482067,social-graph-service,1
1650482067,social-graph-service,1
1650482068,social-graph-service,1
1650482068,social-graph-service,1
1650482068,social-graph-service,1
1650482069,social-graph-service,1
1650482069,social-graph-service,1
1650482069,social-graph-service,1
1650482069,social-graph-service,1
1650482069,social-graph-service,1
1650482069,social-graph-service,1
1650482069,social-graph-service,1
1650482069,social-graph-service,1
1650482069,social-graph-service,1
1650482069,social-graph-service,1
1650482069,social-graph-service,1
1650482070,social-graph-service,1
1650482070,social-graph-service,1
1650482070,social-graph-service,1
1650482070,social-graph-service,1
1650482071,social-graph-service,1
1650482071,social-graph-service,1
1650482071,social-graph-service,1
1650482071,social-graph-service,1
1650482071,social-graph-service,1
1650482071,social-graph-service,1
1650482072,social-graph-service,1
1650482072,social-graph-service,1
1650482072,social-graph-service,1
1650482073,social-graph-service,1
1650482073,social-graph-service,1
1650482073,social-graph-service,1
1650482073,social-graph-service,1
1650482073,social-graph-service,1
1650482073,social-graph-service,1
1650482074,social-graph-service,1
1650482074,social-graph-service,1
1650482074,social-graph-service,1
1650482075,social-graph-service,1
1650482075,social-graph-service,1
1650482075,social-graph-service,1
1650482075,social-graph-service,1
1650482075,social-graph-service,1
1650482075,social-graph-service,1
1650482075,social-graph-service,1
1650482075,social-graph-service,1
1650482075,social-graph-service,1
1650482076,social-graph-service,1
1650482076,social-graph-service,1
1650482076,social-graph-service,1
1650482077,social-graph-service,1
1650482077,social-graph-service,1
1650482077,social-graph-service,1
1650482077,social-graph-service,1
1650482077,social-graph-service,1
1650482077,social-graph-service,1
1650482078,social-graph-service,1
1650482078,social-graph-service,1
1650482078,social-graph-service,1
1650482079,social-graph-service,1
1650482079,social-graph-service,1
1650482079,social-graph-service,1
1650482080,social-graph-service,1
1650482080,social-graph-service,1
1650482080,social-graph-service,1
1650482080,social-graph-service,1
1650482080,social-graph-service,1
1650482080,social-graph-service,1
1650482080,social-graph-service,1
1650482080,social-graph-service,1
1650482080,social-graph-service,1
1650482081,social-graph-service,1
1650482081,social-graph-service,1
1650482081,social-graph-service,1
1650482082,social-graph-service,1
1650482082,social-graph-service,1
1650482082,social-graph-service,1
1650482082,social-graph-service,1
1650482082,social-graph-service,1
1650482082,social-graph-service,1
1650482083,social-graph-service,1
1650482083,social-graph-service,1
1650482083,social-graph-service,1
1650482084,social-graph-service,1
1650482084,social-graph-service,1
1650482084,social-graph-service,1
1650482084,social-graph-service,1
1650482084,social-graph-service,1
1650482084,social-graph-service,1
1650482085,social-graph-service,1
1650482085,social-graph-service,1
1650482085,social-graph-service,1
1650482086,social-graph-service,1
1650482086,social-graph-service,1
1650482086,social-graph-service,1
1650482086,social-graph-service,1
1650482086,social-graph-service,1
1650482086,social-graph-service,1
1650482087,social-graph-service,1
1650482087,social-graph-service,1
1650482087,social-graph-service,1
1650482087,social-graph-service,1
1650482087,social-graph-service,1
1650482087,social-graph-service,1
1650482088,social-graph-service,1
1650482088,social-graph-service,1
1650482088,social-graph-service,1
1650482089,social-graph-service,1
1650482089,social-graph-service,1
1650482089,social-graph-service,1
1650482089,social-graph-service,1
1650482089,social-graph-service,1
1650482089,social-graph-service,1
1650482090,social-graph-service,1
1650482090,social-graph-service,1
1650482090,social-graph-service,1
1650482090,social-graph-service,1
1650482090,social-graph-service,1
1650482090,social-graph-service,1
1650482091,social-graph-service,1
1650482091,social-graph-service,1
1650482091,social-graph-service,1
1650482091,social-graph-service,1
1650482091,social-graph-service,1
1650482091,social-graph-service,1
1650482092,social-graph-service,1
1650482092,social-graph-service,1
1650482092,social-graph-service,1
1650482093,social-graph-service,1
1650482093,social-graph-service,1
1650482093,social-graph-service,1
1650482094,social-graph-service,1
1650482094,social-graph-service,1
1650482094,social-graph-service,1
1650482094,social-graph-service,1
1650482094,social-graph-service,1
1650482094,social-graph-service,1
1650482095,social-graph-service,1
1650482095,social-graph-service,1
1650482095,social-graph-service,1
1650482095,social-graph-service,1
1650482095,social-graph-service,1
1650482095,social-graph-service,1
1650482096,social-graph-service,1
1650482096,social-graph-service,1
1650482096,social-graph-service,1
1650482097,social-graph-service,1
1650482097,social-graph-service,1
1650482097,social-graph-service,1
1650482097,social-graph-service,1
1650482097,social-graph-service,1
1650482097,social-graph-service,1
1650482098,social-graph-service,1
1650482098,social-graph-service,1
1650482098,social-graph-service,1
1650482098,social-graph-service,1
1650482098,social-graph-service,1
1650482098,social-graph-service,1
1650482099,social-graph-service,1
1650482099,social-graph-service,1
1650482099,social-graph-service,1
1650482100,social-graph-service,1
1650482100,social-graph-service,1
1650482100,social-graph-service,1
1650482100,social-graph-service,1
1650482100,social-graph-service,1
1650482100,social-graph-service,1
1650482101,social-graph-service,1
1650482101,social-graph-service,1
1650482101,social-graph-service,1
1650482101,social-graph-service,1
1650482101,social-graph-service,1
1650482101,social-graph-service,1
1650482102,social-graph-service,1
1650482102,social-graph-service,1
1650482102,social-graph-service,1
1650482102,social-graph-service,1
1650482102,social-graph-service,1
1650482102,social-graph-service,1
1650482102,social-graph-service,1
1650482102,social-graph-service,1
1650482102,social-graph-service,1
1650482103,social-graph-service,1
1650482103,social-graph-service,1
1650482103,social-graph-service,1
1650482104,social-graph-service,1
1650482104,social-graph-service,1
1650482104,social-graph-service,1
1650482105,social-graph-service,1
1650482105,social-graph-service,1
1650482105,social-graph-service,1
1650482105,social-graph-service,1
1650482105,social-graph-service,1
1650482105,social-graph-service,1
1650482106,social-graph-service,1
1650482106,social-graph-service,1
1650482106,social-graph-service,1
1650482107,social-graph-service,1
1650482107,social-graph-service,1
1650482107,social-graph-service,1
1650482107,social-graph-service,1
1650482108,social-graph-service,1
1650482108,social-graph-service,1
1650482108,social-graph-service,1
1650482108,social-graph-service,1
1650482108,social-graph-service,1
1650482108,social-graph-service,1
1650482108,social-graph-service,1
1650482108,social-graph-service,1
1650482108,social-graph-service,1
1650482108,social-graph-service,1
1650482108,social-graph-service,1
1650482109,social-graph-service,1
1650482109,social-graph-service,1
1650482109,social-graph-service,1
1650482110,social-graph-service,1
1650482110,social-graph-service,1
1650482110,social-graph-service,1
1650482111,social-graph-service,1
1650482111,social-graph-service,1
1650482111,social-graph-service,1
1650482111,social-graph-service,1
1650482111,social-graph-service,1
1650482111,social-graph-service,1
1650482111,social-graph-service,1
1650482111,social-graph-service,1
1650482112,social-graph-service,1
1650482112,social-graph-service,1
1650482112,social-graph-service,1
1650482112,social-graph-service,1
1650482113,social-graph-service,1
1650482113,social-graph-service,1
1650482113,social-graph-service,1
1650482114,social-graph-service,1
1650482114,social-graph-service,1
1650482114,social-graph-service,1
1650482114,social-graph-service,1
1650482114,social-graph-service,1
1650482114,social-graph-service,1
1650482114,social-graph-service,1
1650482114,social-graph-service,1
1650482114,social-graph-service,1
1650482115,social-graph-service,1
1650482115,social-graph-service,1
1650482115,social-graph-service,1
1650482116,social-graph-service,1
1650482116,social-graph-service,1
1650482116,social-graph-service,1
1650482117,social-graph-service,1
1650482117,social-graph-service,1
1650482117,social-graph-service,1
1650482117,social-graph-service,1
1650482117,social-graph-service,1
1650482117,social-graph-service,1
1650482117,social-graph-service,1
1650482117,social-graph-service,1
1650482117,social-graph-service,1
1650482117,social-graph-service,1
1650482117,social-graph-service,1
1650482117,social-graph-service,1
1650482117,social-graph-service,1
1650482117,social-graph-service,1
1650482117,social-graph-service,1
1650482118,social-graph-service,1
1650482118,social-graph-service,1
1650482118,social-graph-service,1
1650482118,social-graph-service,1
1650482118,social-graph-service,1
1650482118,social-graph-service,1
1650482118,social-graph-service,1
1650482118,social-graph-service,1
1650482119,social-graph-service,1
1650482119,social-graph-service,1
1650482119,social-graph-service,1
1650482119,social-graph-service,1
1650482120,social-graph-service,1
1650482120,social-graph-service,1
1650482120,social-graph-service,1
1650482120,social-graph-service,1
1650482120,social-graph-service,1
1650482120,social-graph-service,1
1650482121,social-graph-service,1
1650482121,social-graph-service,1
1650482121,social-graph-service,1
1650482121,social-graph-service,1
1650482121,social-graph-service,1
1650482121,social-graph-service,1
1650482122,social-graph-service,1
1650482122,social-graph-service,1
1650482122,social-graph-service,1
1650482122,social-graph-service,1
1650482122,social-graph-service,1
1650482122,social-graph-service,1
1650482123,social-graph-service,1
1650482123,social-graph-service,1
1650482123,social-graph-service,1
1650482123,social-graph-service,1
1650482123,social-graph-service,1
1650482123,social-graph-service,1
1650482123,social-graph-service,1
1650482123,social-graph-service,1
1650482123,social-graph-service,1
1650482124,social-graph-service,1
1650482124,social-graph-service,1
1650482124,social-graph-service,1
1650482124,social-graph-service,1
1650482124,social-graph-service,1
1650482124,social-graph-service,1
1650482125,social-graph-service,1
1650482125,social-graph-service,1
1650482125,social-graph-service,1
1650482126,social-graph-service,1
1650482126,social-graph-service,1
1650482126,social-graph-service,1
1650482127,social-graph-service,1
1650482127,social-graph-service,1
1650482127,social-graph-service,1
1650482127,social-graph-service,1
1650482127,social-graph-service,1
1650482127,social-graph-service,1
1650482128,social-graph-service,1
1650482128,social-graph-service,1
1650482128,social-graph-service,1
1650482128,social-graph-service,1
1650482128,social-graph-service,1
1650482128,social-graph-service,1
1650482128,social-graph-service,1
1650482128,social-graph-service,1
1650482129,social-graph-service,1
1650482129,social-graph-service,1
1650482129,social-graph-service,1
1650482129,social-graph-service,1
1650482130,social-graph-service,1
1650482130,social-graph-service,1
1650482130,social-graph-service,1
1650482131,social-graph-service,1
1650482131,social-graph-service,1
1650482131,social-graph-service,1
1650482131,social-graph-service,1
1650482132,social-graph-service,1
1650482132,social-graph-service,1
1650482132,social-graph-service,1
1650482132,social-graph-service,1
1650482132,social-graph-service,1
1650482132,social-graph-service,1
1650482132,social-graph-service,1
1650482132,social-graph-service,1
1650482133,social-graph-service,1
1650482133,social-graph-service,1
1650482133,social-graph-service,1
1650482133,social-graph-service,1
1650482133,social-graph-service,1
1650482133,social-graph-service,1
1650482134,social-graph-service,1
1650482134,social-graph-service,1
1650482134,social-graph-service,1
1650482135,social-graph-service,1
1650482135,social-graph-service,1
1650482135,social-graph-service,1
1650482136,social-graph-service,1
1650482136,social-graph-service,1
1650482136,social-graph-service,1
1650482136,social-graph-service,1
1650482136,social-graph-service,1
1650482136,social-graph-service,1
1650482136,social-graph-service,1
1650482136,social-graph-service,1
1650482136,social-graph-service,1
1650482137,social-graph-service,1
1650482137,social-graph-service,1
1650482137,social-graph-service,1
1650482138,social-graph-service,1
1650482138,social-graph-service,1
1650482138,social-graph-service,1
1650482138,social-graph-service,1
1650482138,social-graph-service,1
1650482138,social-graph-service,1
1650482139,social-graph-service,1
1650482139,social-graph-service,1
1650482139,social-graph-service,1
1650482140,social-graph-service,1
1650482140,social-graph-service,1
1650482140,social-graph-service,1
1650482141,social-graph-service,1
1650482141,social-graph-service,1
1650482141,social-graph-service,1
1650482142,social-graph-service,1
1650482142,social-graph-service,1
1650482142,social-graph-service,1
1650482142,social-graph-service,1
1650482142,social-graph-service,1
1650482142,social-graph-service,1
1650482142,social-graph-service,1
1650482142,social-graph-service,1
1650482142,social-graph-service,1
1650482142,social-graph-service,1
1650482142,social-graph-service,1
1650482142,social-graph-service,1
1650482143,social-graph-service,1
1650482143,social-graph-service,1
1650482143,social-graph-service,1
1650482143,social-graph-service,1
1650482143,social-graph-service,1
1650482143,social-graph-service,1
1650482144,social-graph-service,1
1650482144,social-graph-service,1
1650482144,social-graph-service,1
1650482145,social-graph-service,1
1650482145,social-graph-service,1
1650482145,social-graph-service,1
1650482146,social-graph-service,1
1650482146,social-graph-service,1
1650482146,social-graph-service,1
1650482147,social-graph-service,1
1650482147,social-graph-service,1
1650482147,social-graph-service,1
1650482147,social-graph-service,1
1650482147,social-graph-service,1
1650482147,social-graph-service,1
1650482148,social-graph-service,1
1650482148,social-graph-service,1
1650482148,social-graph-service,1
1650482148,social-graph-service,1
1650482148,social-graph-service,1
1650482148,social-graph-service,1
1650482148,social-graph-service,1
1650482148,social-graph-service,1
1650482148,social-graph-service,1
1650482149,social-graph-service,1
1650482149,social-graph-service,1
1650482149,social-graph-service,1
1650482150,social-graph-service,1
1650482150,social-graph-service,1
1650482150,social-graph-service,1
1650482151,social-graph-service,1
1650482151,social-graph-service,1
1650482151,social-graph-service,1
1650482151,social-graph-service,1
1650482151,social-graph-service,1
1650482151,social-graph-service,1
1650482152,social-graph-service,1
1650482152,social-graph-service,1
1650482152,social-graph-service,1
1650482152,social-graph-service,1
1650482152,social-graph-service,1
1650482152,social-graph-service,1
1650482152,social-graph-service,1
1650482152,social-graph-service,1
1650482152,social-graph-service,1
1650482152,social-graph-service,1
1650482152,social-graph-service,1
1650482152,social-graph-service,1
1650482153,social-graph-service,1
1650482153,social-graph-service,1
1650482153,social-graph-service,1
1650482153,social-graph-service,1
1650482153,social-graph-service,1
1650482153,social-graph-service,1
1650482154,social-graph-service,1
1650482154,social-graph-service,1
1650482154,social-graph-service,1
1650482155,social-graph-service,1
1650482155,social-graph-service,1
1650482155,social-graph-service,1
1650482156,social-graph-service,1
1650482156,social-graph-service,1
1650482156,social-graph-service,1
1650482156,social-graph-service,1
1650482156,social-graph-service,1
1650482156,social-graph-service,1
1650482156,social-graph-service,1
1650482156,social-graph-service,1
1650482156,social-graph-service,1
1650482157,social-graph-service,1
1650482157,social-graph-service,1
1650482157,social-graph-service,1
1650482157,social-graph-service,1
1650482157,social-graph-service,1
1650482157,social-graph-service,1
1650482157,social-graph-service,1
1650482157,social-graph-service,1
1650482157,social-graph-service,1
1650482158,social-graph-service,1
1650482158,social-graph-service,1
1650482158,social-graph-service,1
1650482158,social-graph-service,1
1650482158,social-graph-service,1
1650482158,social-graph-service,1
1650482159,social-graph-service,1
1650482159,social-graph-service,1
1650482159,social-graph-service,1
1650482159,social-graph-service,1
1650482159,social-graph-service,1
1650482159,social-graph-service,1
1650482159,social-graph-service,1
1650482159,social-graph-service,1
1650482159,social-graph-service,1
1650482160,social-graph-service,1
1650482160,social-graph-service,1
1650482160,social-graph-service,1
1650482160,social-graph-service,1
1650482160,social-graph-service,1
1650482160,social-graph-service,1
1650482161,social-graph-service,1
1650482161,social-graph-service,1
1650482161,social-graph-service,1
1650482161,social-graph-service,1
1650482161,social-graph-service,1
1650482161,social-graph-service,1
1650482161,social-graph-service,1
1650482161,social-graph-service,1
1650482162,social-graph-service,1
1650482162,social-graph-service,1
1650482162,social-graph-service,1
1650482162,social-graph-service,1
1650482163,social-graph-service,1
1650482163,social-graph-service,1
1650482163,social-graph-service,1
1650482164,social-graph-service,1
1650482164,social-graph-service,1
1650482164,social-graph-service,1
1650482164,social-graph-service,1
1650482164,social-graph-service,1
1650482164,social-graph-service,1
1650482165,social-graph-service,1
1650482165,social-graph-service,1
1650482165,social-graph-service,1
1650482165,social-graph-service,1
1650482165,social-graph-service,1
1650482165,social-graph-service,1
1650482165,social-graph-service,1
1650482165,social-graph-service,1
1650482165,social-graph-service,1
1650482166,social-graph-service,1
1650482166,social-graph-service,1
1650482166,social-graph-service,1
1650482167,social-graph-service,1
1650482167,social-graph-service,1
1650482167,social-graph-service,1
1650482168,social-graph-service,1
1650482168,social-graph-service,1
1650482168,social-graph-service,1
1650482169,social-graph-service,1
1650482169,social-graph-service,1
1650482169,social-graph-service,1
1650482169,social-graph-service,1
1650482169,social-graph-service,1
1650482169,social-graph-service,1
1650482170,social-graph-service,1
1650482170,social-graph-service,1
1650482170,social-graph-service,1
1650482171,social-graph-service,1
1650482171,social-graph-service,1
1650482171,social-graph-service,1
1650482171,social-graph-service,1
1650482171,social-graph-service,1
1650482171,social-graph-service,1
1650482172,social-graph-service,1
1650482172,social-graph-service,1
1650482172,social-graph-service,1
1650482173,social-graph-service,1
1650482173,social-graph-service,1
1650482173,social-graph-service,1
1650482173,social-graph-service,1
1650482173,social-graph-service,1
1650482173,social-graph-service,1
1650482173,social-graph-service,1
1650482173,social-graph-service,1
1650482173,social-graph-service,1
1650482174,social-graph-service,1
1650482174,social-graph-service,1
1650482174,social-graph-service,1
1650482175,social-graph-service,1
1650482175,social-graph-service,1
1650482175,social-graph-service,1
1650482175,social-graph-service,1
1650482175,social-graph-service,1
1650482175,social-graph-service,1
1650482176,social-graph-service,1
1650482176,social-graph-service,1
1650482176,social-graph-service,1
1650482176,social-graph-service,1
1650482176,social-graph-service,1
1650482176,social-graph-service,1
1650482176,social-graph-service,1
1650482176,social-graph-service,1
1650482176,social-graph-service,1
1650482177,social-graph-service,1
1650482177,social-graph-service,1
1650482177,social-graph-service,1
1650482177,social-graph-service,1
1650482177,social-graph-service,1
1650482177,social-graph-service,1
1650482178,social-graph-service,1
1650482178,social-graph-service,1
1650482178,social-graph-service,1
1650482179,social-graph-service,1
1650482179,social-graph-service,1
1650482179,social-graph-service,1
1650482179,social-graph-service,1
1650482179,social-graph-service,1
1650482179,social-graph-service,1
1650482180,social-graph-service,1
1650482180,social-graph-service,1
1650482180,social-graph-service,1
1650482180,social-graph-service,1
1650482180,social-graph-service,1
1650482180,social-graph-service,1
1650482181,social-graph-service,1
1650482181,social-graph-service,1
1650482181,social-graph-service,1
1650482181,social-graph-service,1
1650482181,social-graph-service,1
1650482181,social-graph-service,1
1650482182,social-graph-service,1
1650482182,social-graph-service,1
1650482182,social-graph-service,1
1650482182,social-graph-service,1
1650482182,social-graph-service,1
1650482182,social-graph-service,1
1650482183,social-graph-service,1
1650482183,social-graph-service,1
1650482183,social-graph-service,1
1650482184,social-graph-service,1
1650482184,social-graph-service,1
1650482184,social-graph-service,1
1650482184,social-graph-service,1
1650482184,social-graph-service,1
1650482184,social-graph-service,1
1650482185,social-graph-service,1
1650482185,social-graph-service,1
1650482185,social-graph-service,1
1650482186,social-graph-service,1
1650482186,social-graph-service,1
1650482186,social-graph-service,1
1650482186,social-graph-service,1
1650482186,social-graph-service,1
1650482186,social-graph-service,1
1650482186,social-graph-service,1
1650482186,social-graph-service,1
1650482186,social-graph-service,1
1650482186,social-graph-service,1
1650482186,social-graph-service,1
1650482186,social-graph-service,1
1650482186,social-graph-service,1
1650482186,social-graph-service,1
1650482186,social-graph-service,1
1650482187,social-graph-service,1
1650482187,social-graph-service,1
1650482187,social-graph-service,1
1650482188,social-graph-service,1
1650482188,social-graph-service,1
1650482188,social-graph-service,1
1650482189,social-graph-service,1
1650482189,social-graph-service,1
1650482189,social-graph-service,1
1650482189,social-graph-service,1
1650482189,social-graph-service,1
1650482189,social-graph-service,1
1650482190,social-graph-service,1
1650482190,social-graph-service,1
1650482190,social-graph-service,1
1650482190,social-graph-service,1
1650482190,social-graph-service,1
1650482190,social-graph-service,1
1650482191,social-graph-service,1
1650482191,social-graph-service,1
1650482191,social-graph-service,1
1650482191,social-graph-service,1
1650482191,social-graph-service,1
1650482191,social-graph-service,1
1650482192,social-graph-service,1
1650482192,social-graph-service,1
1650482192,social-graph-service,1
1650482193,social-graph-service,1
1650482193,social-graph-service,1
1650482193,social-graph-service,1
1650482193,social-graph-service,1
1650482193,social-graph-service,1
1650482193,social-graph-service,1
1650482194,social-graph-service,1
1650482194,social-graph-service,1
1650482194,social-graph-service,1
1650482194,social-graph-service,1
1650482194,social-graph-service,1
1650482194,social-graph-service,1
1650482194,social-graph-service,1
1650482194,social-graph-service,1
1650482194,social-graph-service,1
1650482195,social-graph-service,1
1650482195,social-graph-service,1
1650482195,social-graph-service,1
1650482196,social-graph-service,1
1650482196,social-graph-service,1
1650482196,social-graph-service,1
1650482197,social-graph-service,1
1650482197,social-graph-service,1
1650482197,social-graph-service,1
1650482197,social-graph-service,1
1650482197,social-graph-service,1
1650482197,social-graph-service,1
1650482197,social-graph-service,1
1650482197,social-graph-service,1
1650482197,social-graph-service,1
1650482197,social-graph-service,1
1650482197,social-graph-service,1
1650482197,social-graph-service,1
1650482198,social-graph-service,1
1650482198,social-graph-service,1
1650482198,social-graph-service,1
1650482199,social-graph-service,1
1650482199,social-graph-service,1
1650482199,social-graph-service,1
1650482199,social-graph-service,1
1650482199,social-graph-service,1
1650482199,social-graph-service,1
1650482200,social-graph-service,1
1650482200,social-graph-service,1
1650482200,social-graph-service,1
1650482201,social-graph-service,1
1650482201,social-graph-service,1
1650482201,social-graph-service,1
1650482201,social-graph-service,1
1650482202,social-graph-service,1
1650482202,social-graph-service,1
1650482202,social-graph-service,1
1650482202,social-graph-service,1
1650482202,social-graph-service,1
1650482202,social-graph-service,1
1650482202,social-graph-service,1
1650482202,social-graph-service,1
1650482203,social-graph-service,1
1650482203,social-graph-service,1
1650482203,social-graph-service,1
1650482203,social-graph-service,1
1650482203,social-graph-service,1
1650482203,social-graph-service,1
1650482203,social-graph-service,1
1650482203,social-graph-service,1
1650482203,social-graph-service,1
1650482204,social-graph-service,1
1650482204,social-graph-service,1
1650482204,social-graph-service,1
1650482204,social-graph-service,1
1650482204,social-graph-service,1
1650482204,social-graph-service,1
1650482205,social-graph-service,1
1650482205,social-graph-service,1
1650482205,social-graph-service,1
1650482205,social-graph-service,1
1650482205,social-graph-service,1
1650482205,social-graph-service,1
1650482206,social-graph-service,1
1650482206,social-graph-service,1
1650482206,social-graph-service,1
1650482206,social-graph-service,1
1650482206,social-graph-service,1
1650482207,social-graph-service,1
1650482207,social-graph-service,1
1650482207,social-graph-service,1
1650482207,social-graph-service,1
1650482207,social-graph-service,1
1650482207,social-graph-service,1
1650482207,social-graph-service,1
1650482208,social-graph-service,1
1650482208,social-graph-service,1
1650482208,social-graph-service,1
1650482209,social-graph-service,1
1650482209,social-graph-service,1
1650482209,social-graph-service,1
1650482210,social-graph-service,1
1650482210,social-graph-service,1
1650482210,social-graph-service,1
1650482211,social-graph-service,1
1650482211,social-graph-service,1
1650482211,social-graph-service,1
1650480770,compose-post-service,2
1650480770,compose-post-service,2
1650480770,compose-post-service,2
1650480771,compose-post-service,2
1650480771,compose-post-service,2
1650480772,compose-post-service,2
1650480772,compose-post-service,2
1650480773,compose-post-service,2
1650480773,compose-post-service,2
1650480773,compose-post-service,2
1650480774,compose-post-service,2
1650480774,compose-post-service,2
1650480775,compose-post-service,2
1650480776,compose-post-service,2
1650480777,compose-post-service,2
1650480777,compose-post-service,2
1650480777,compose-post-service,2
1650480778,compose-post-service,2
1650480779,compose-post-service,2
1650480779,compose-post-service,2
1650480780,compose-post-service,2
1650480780,compose-post-service,2
1650480781,compose-post-service,2
1650480782,compose-post-service,2
1650480783,compose-post-service,2
1650480783,compose-post-service,2
1650480784,compose-post-service,2
1650480784,compose-post-service,2
1650480785,compose-post-service,2
1650480785,compose-post-service,2
1650480786,compose-post-service,2
1650480787,compose-post-service,2
1650480787,compose-post-service,2
1650480787,compose-post-service,2
1650480788,compose-post-service,2
1650480788,compose-post-service,2
1650480788,compose-post-service,2
1650480789,compose-post-service,2
1650480790,compose-post-service,2
1650480791,compose-post-service,2
1650480792,compose-post-service,2
1650480792,compose-post-service,2
1650480793,compose-post-service,2
1650480794,compose-post-service,2
1650480794,compose-post-service,2
1650480795,compose-post-service,2
1650480796,compose-post-service,2
1650480796,compose-post-service,2
1650480797,compose-post-service,2
1650480797,compose-post-service,2
1650480798,compose-post-service,2
1650480799,compose-post-service,2
1650480799,compose-post-service,2
1650480800,compose-post-service,2
1650480801,compose-post-service,2
1650480802,compose-post-service,2
1650480803,compose-post-service,2
1650480803,compose-post-service,2
1650480804,compose-post-service,2
1650480804,compose-post-service,2
1650480805,compose-post-service,2
1650480805,compose-post-service,2
1650480805,compose-post-service,2
1650480806,compose-post-service,2
1650480807,compose-post-service,2
1650480807,compose-post-service,2
1650480808,compose-post-service,2
1650480808,compose-post-service,2
1650480809,compose-post-service,2
1650480809,compose-post-service,2
1650480810,compose-post-service,2
1650480810,compose-post-service,2
1650480810,compose-post-service,2
1650480811,compose-post-service,2
1650480812,compose-post-service,2
1650480813,compose-post-service,2
1650480813,compose-post-service,2
1650480814,compose-post-service,2
1650480815,compose-post-service,2
1650480815,compose-post-service,2
1650480816,compose-post-service,2
1650480817,compose-post-service,2
1650480817,compose-post-service,2
1650480818,compose-post-service,2
1650480818,compose-post-service,2
1650480818,compose-post-service,2
1650480818,compose-post-service,2
1650480819,compose-post-service,2
1650480820,compose-post-service,2
1650480820,compose-post-service,2
1650480820,compose-post-service,2
1650480821,compose-post-service,2
1650480821,compose-post-service,2
1650480822,compose-post-service,2
1650480822,compose-post-service,2
1650480823,compose-post-service,2
1650480824,compose-post-service,2
1650480825,compose-post-service,2
1650480826,compose-post-service,2
1650480826,compose-post-service,2
1650480827,compose-post-service,2
1650480827,compose-post-service,2
1650480827,compose-post-service,2
1650480828,compose-post-service,2
1650480828,compose-post-service,2
1650480829,compose-post-service,2
1650480830,compose-post-service,2
1650480831,compose-post-service,2
1650480831,compose-post-service,2
1650480832,compose-post-service,2
1650480833,compose-post-service,2
1650480834,compose-post-service,2
1650480834,compose-post-service,2
1650480836,compose-post-service,2
1650480836,compose-post-service,2
1650480837,compose-post-service,2
1650480837,compose-post-service,2
1650480837,compose-post-service,2
1650480838,compose-post-service,2
1650480839,compose-post-service,2
1650480839,compose-post-service,2
1650480839,compose-post-service,2
1650480840,compose-post-service,2
1650480841,compose-post-service,2
1650480841,compose-post-service,2
1650480841,compose-post-service,2
1650480842,compose-post-service,2
1650480842,compose-post-service,2
1650480843,compose-post-service,2
1650480844,compose-post-service,2
1650480844,compose-post-service,2
1650480844,compose-post-service,2
1650480845,compose-post-service,2
1650480845,compose-post-service,2
1650480846,compose-post-service,2
1650480847,compose-post-service,2
1650480847,compose-post-service,2
1650480848,compose-post-service,2
1650480848,compose-post-service,2
1650480849,compose-post-service,2
1650480849,compose-post-service,2
1650480850,compose-post-service,2
1650480850,compose-post-service,2
1650480851,compose-post-service,2
1650480852,compose-post-service,2
1650480852,compose-post-service,2
1650480853,compose-post-service,2
1650480854,compose-post-service,2
1650480854,compose-post-service,2
1650480855,compose-post-service,2
1650480855,compose-post-service,2
1650480855,compose-post-service,2
1650480856,compose-post-service,2
1650480856,compose-post-service,2
1650480857,compose-post-service,2
1650480858,compose-post-service,2
1650480858,compose-post-service,2
1650480858,compose-post-service,2
1650480859,compose-post-service,2
1650480859,compose-post-service,2
1650480859,compose-post-service,2
1650480860,compose-post-service,2
1650480860,compose-post-service,2
1650480861,compose-post-service,2
1650480861,compose-post-service,2
1650480862,compose-post-service,2
1650480862,compose-post-service,2
1650480863,compose-post-service,2
1650480864,compose-post-service,2
1650480864,compose-post-service,2
1650480865,compose-post-service,2
1650480865,compose-post-service,2
1650480866,compose-post-service,2
1650480867,compose-post-service,2
1650480868,compose-post-service,2
1650480868,compose-post-service,2
1650480869,compose-post-service,2
1650480870,compose-post-service,2
1650480870,compose-post-service,2
1650480871,compose-post-service,2
1650480872,compose-post-service,2
1650480872,compose-post-service,2
1650480873,compose-post-service,2
1650480873,compose-post-service,2
1650480874,compose-post-service,2
1650480874,compose-post-service,2
1650480875,compose-post-service,2
1650480876,compose-post-service,2
1650480877,compose-post-service,2
1650480877,compose-post-service,2
1650480878,compose-post-service,2
1650480879,compose-post-service,2
1650480880,compose-post-service,2
1650480880,compose-post-service,2
1650480881,compose-post-service,2
1650480881,compose-post-service,2
1650480882,compose-post-service,2
1650480883,compose-post-service,2
1650480883,compose-post-service,2
1650480884,compose-post-service,2
1650480885,compose-post-service,2
1650480885,compose-post-service,2
1650480886,compose-post-service,2
1650480886,compose-post-service,2
1650480887,compose-post-service,2
1650480887,compose-post-service,2
1650480887,compose-post-service,2
1650480888,compose-post-service,2
1650480888,compose-post-service,2
1650480889,compose-post-service,2
1650480889,compose-post-service,2
1650480890,compose-post-service,2
1650480891,compose-post-service,2
1650480891,compose-post-service,2
1650480891,compose-post-service,2
1650480892,compose-post-service,2
1650480893,compose-post-service,2
1650480894,compose-post-service,2
1650480894,compose-post-service,2
1650480895,compose-post-service,2
1650480896,compose-post-service,2
1650480896,compose-post-service,2
1650480896,compose-post-service,2
1650480896,compose-post-service,2
1650480897,compose-post-service,2
1650480898,compose-post-service,2
1650480898,compose-post-service,2
1650480899,compose-post-service,2
1650480899,compose-post-service,2
1650480900,compose-post-service,2
1650480900,compose-post-service,2
1650480901,compose-post-service,2
1650480902,compose-post-service,2
1650480902,compose-post-service,2
1650480903,compose-post-service,2
1650480903,compose-post-service,2
1650480904,compose-post-service,2
1650480904,compose-post-service,2
1650480904,compose-post-service,2
1650480905,compose-post-service,2
1650480905,compose-post-service,2
1650480905,compose-post-service,2
1650480906,compose-post-service,2
1650480907,compose-post-service,2
1650480907,compose-post-service,2
1650480908,compose-post-service,2
1650480909,compose-post-service,2
1650480909,compose-post-service,2
1650480910,compose-post-service,2
1650480911,compose-post-service,2
1650480912,compose-post-service,2
1650480912,compose-post-service,2
1650480912,compose-post-service,2
1650480913,compose-post-service,2
1650480913,compose-post-service,2
1650480914,compose-post-service,2
1650480915,compose-post-service,2
1650480915,compose-post-service,2
1650480915,compose-post-service,2
1650480916,compose-post-service,2
1650480917,compose-post-service,2
1650480918,compose-post-service,2
1650480919,compose-post-service,2
1650480919,compose-post-service,2
1650480919,compose-post-service,2
1650480920,compose-post-service,2
1650480921,compose-post-service,2
1650480921,compose-post-service,2
1650480921,compose-post-service,2
1650480922,compose-post-service,2
1650480923,compose-post-service,2
1650480923,compose-post-service,2
1650480924,compose-post-service,2
1650480924,compose-post-service,2
1650480925,compose-post-service,2
1650480926,compose-post-service,2
1650480926,compose-post-service,2
1650480926,compose-post-service,2
1650480926,compose-post-service,2
1650480927,compose-post-service,2
1650480928,compose-post-service,2
1650480928,compose-post-service,2
1650480929,compose-post-service,2
1650480929,compose-post-service,2
1650480929,compose-post-service,2
1650480930,compose-post-service,2
1650480930,compose-post-service,2
1650480930,compose-post-service,2
1650480931,compose-post-service,2
1650480932,compose-post-service,2
1650480932,compose-post-service,2
1650480933,compose-post-service,2
1650480933,compose-post-service,2
1650480934,compose-post-service,2
1650480935,compose-post-service,2
1650480935,compose-post-service,2
1650480936,compose-post-service,2
1650480937,compose-post-service,2
1650480938,compose-post-service,2
1650480938,compose-post-service,2
1650480939,compose-post-service,2
1650480939,compose-post-service,2
1650480939,compose-post-service,2
1650480939,compose-post-service,2
1650480940,compose-post-service,2
1650480940,compose-post-service,2
1650480941,compose-post-service,2
1650480942,compose-post-service,2
1650480942,compose-post-service,2
1650480942,compose-post-service,2
1650480943,compose-post-service,2
1650480943,compose-post-service,2
1650480944,compose-post-service,2
1650480945,compose-post-service,2
1650480946,compose-post-service,2
1650480946,compose-post-service,2
1650480947,compose-post-service,2
1650480947,compose-post-service,2
1650480948,compose-post-service,2
1650480949,compose-post-service,2
1650480949,compose-post-service,2
1650480950,compose-post-service,2
1650480951,compose-post-service,2
1650480952,compose-post-service,2
1650480952,compose-post-service,2
1650480952,compose-post-service,2
1650480953,compose-post-service,2
1650480954,compose-post-service,2
1650480954,compose-post-service,2
1650480955,compose-post-service,2
1650480955,compose-post-service,2
1650480955,compose-post-service,2
1650480956,compose-post-service,2
1650480956,compose-post-service,2
1650480956,compose-post-service,2
1650480957,compose-post-service,2
1650480957,compose-post-service,2
1650480957,compose-post-service,2
1650480958,compose-post-service,2
1650480959,compose-post-service,2
1650480960,compose-post-service,2
1650480960,compose-post-service,2
1650480961,compose-post-service,2
1650480962,compose-post-service,2
1650480962,compose-post-service,2
1650480963,compose-post-service,2
1650480963,compose-post-service,2
1650480964,compose-post-service,2
1650480964,compose-post-service,2
1650480965,compose-post-service,2
1650480965,compose-post-service,2
1650480966,compose-post-service,2
1650480967,compose-post-service,2
1650480967,compose-post-service,2
1650480968,compose-post-service,2
1650480969,compose-post-service,2
1650480970,compose-post-service,2
1650480970,compose-post-service,2
1650480971,compose-post-service,2
1650480971,compose-post-service,2
1650480972,compose-post-service,2
1650480973,compose-post-service,2
1650480973,compose-post-service,2
1650480973,compose-post-service,2
1650480974,compose-post-service,2
1650480975,compose-post-service,2
1650480975,compose-post-service,2
1650480976,compose-post-service,2
1650480976,compose-post-service,2
1650480977,compose-post-service,2
1650480978,compose-post-service,2
1650480979,compose-post-service,2
1650480980,compose-post-service,2
1650480981,compose-post-service,2
1650480981,compose-post-service,2
1650480981,compose-post-service,2
1650480982,compose-post-service,2
1650480982,compose-post-service,2
1650480983,compose-post-service,2
1650480984,compose-post-service,2
1650480984,compose-post-service,2
1650480985,compose-post-service,2
1650480986,compose-post-service,2
1650480986,compose-post-service,2
1650480987,compose-post-service,2
1650480987,compose-post-service,2
1650480988,compose-post-service,2
1650480988,compose-post-service,2
1650480989,compose-post-service,2
1650480989,compose-post-service,2
1650480990,compose-post-service,2
1650480991,compose-post-service,2
1650480991,compose-post-service,2
1650480991,compose-post-service,2
1650480992,compose-post-service,2
1650480992,compose-post-service,2
1650480993,compose-post-service,2
1650480993,compose-post-service,2
1650480994,compose-post-service,2
1650480994,compose-post-service,2
1650480994,compose-post-service,2
1650480995,compose-post-service,2
1650480996,compose-post-service,2
1650480997,compose-post-service,2
1650480997,compose-post-service,2
1650480997,compose-post-service,2
1650480997,compose-post-service,2
1650480998,compose-post-service,2
1650480998,compose-post-service,2
1650480999,compose-post-service,2
1650481000,compose-post-service,2
1650481001,compose-post-service,2
1650481001,compose-post-service,2
1650481002,compose-post-service,2
1650481002,compose-post-service,2
1650481003,compose-post-service,2
1650481004,compose-post-service,2
1650481004,compose-post-service,2
1650481005,compose-post-service,2
1650481006,compose-post-service,2
1650481007,compose-post-service,2
1650481007,compose-post-service,2
1650481007,compose-post-service,2
1650481008,compose-post-service,2
1650481008,compose-post-service,2
1650481009,compose-post-service,2
1650481010,compose-post-service,2
1650481010,compose-post-service,2
1650481010,compose-post-service,2
1650481010,compose-post-service,2
1650481011,compose-post-service,2
1650481011,compose-post-service,2
1650481012,compose-post-service,2
1650481012,compose-post-service,2
1650481013,compose-post-service,2
1650481013,compose-post-service,2
1650481013,compose-post-service,2
1650481014,compose-post-service,2
1650481014,compose-post-service,2
1650481015,compose-post-service,2
1650481016,compose-post-service,2
1650481016,compose-post-service,2
1650481017,compose-post-service,2
1650481018,compose-post-service,2
1650481019,compose-post-service,2
1650481019,compose-post-service,2
1650481020,compose-post-service,2
1650481020,compose-post-service,2
1650481021,compose-post-service,2
1650481022,compose-post-service,2
1650481022,compose-post-service,2
1650481023,compose-post-service,2
1650481023,compose-post-service,2
1650481024,compose-post-service,2
1650481025,compose-post-service,2
1650481025,compose-post-service,2
1650481025,compose-post-service,2
1650481026,compose-post-service,2
1650481027,compose-post-service,2
1650481027,compose-post-service,2
1650481028,compose-post-service,2
1650481029,compose-post-service,2
1650481029,compose-post-service,2
1650481030,compose-post-service,2
1650481031,compose-post-service,2
1650481031,compose-post-service,2
1650481032,compose-post-service,2
1650481033,compose-post-service,2
1650481033,compose-post-service,2
1650481034,compose-post-service,2
1650481034,compose-post-service,2
1650481035,compose-post-service,2
1650481036,compose-post-service,2
1650481037,compose-post-service,2
1650481038,compose-post-service,2
1650481038,compose-post-service,2
1650481039,compose-post-service,2
1650481040,compose-post-service,2
1650481040,compose-post-service,2
1650481040,compose-post-service,2
1650481041,compose-post-service,2
1650481042,compose-post-service,2
1650481043,compose-post-service,2
1650481043,compose-post-service,2
1650481044,compose-post-service,2
1650481045,compose-post-service,2
1650481045,compose-post-service,2
1650481046,compose-post-service,2
1650481046,compose-post-service,2
1650481046,compose-post-service,2
1650481047,compose-post-service,2
1650481047,compose-post-service,2
1650481047,compose-post-service,2
1650481048,compose-post-service,2
1650481049,compose-post-service,2
1650481049,compose-post-service,2
1650481049,compose-post-service,2
1650481049,compose-post-service,2
1650481050,compose-post-service,2
1650481050,compose-post-service,2
1650481050,compose-post-service,2
1650481051,compose-post-service,2
1650481052,compose-post-service,2
1650481052,compose-post-service,2
1650481053,compose-post-service,2
1650481054,compose-post-service,2
1650481054,compose-post-service,2
1650481054,compose-post-service,2
1650481055,compose-post-service,2
1650481056,compose-post-service,2
1650481057,compose-post-service,2
1650481057,compose-post-service,2
1650481057,compose-post-service,2
1650481058,compose-post-service,2
1650481058,compose-post-service,2
1650481059,compose-post-service,2
1650481059,compose-post-service,2
1650481060,compose-post-service,2
1650481061,compose-post-service,2
1650481062,compose-post-service,2
1650481062,compose-post-service,2
1650481062,compose-post-service,2
1650481063,compose-post-service,2
1650481063,compose-post-service,2
1650481063,compose-post-service,2
1650481064,compose-post-service,2
1650481064,compose-post-service,2
1650481065,compose-post-service,2
1650481065,compose-post-service,2
1650481066,compose-post-service,2
1650481067,compose-post-service,2
1650481068,compose-post-service,2
1650481068,compose-post-service,2
1650481068,compose-post-service,2
1650481069,compose-post-service,2
1650481070,compose-post-service,2
1650481071,compose-post-service,2
1650481071,compose-post-service,2
1650481072,compose-post-service,2
1650481072,compose-post-service,2
1650481072,compose-post-service,2
1650481073,compose-post-service,2
1650481074,compose-post-service,2
1650481074,compose-post-service,2
1650481075,compose-post-service,2
1650481075,compose-post-service,2
1650481076,compose-post-service,2
1650481077,compose-post-service,2
1650481077,compose-post-service,2
1650481078,compose-post-service,2
1650481079,compose-post-service,2
1650481079,compose-post-service,2
1650481080,compose-post-service,2
1650481081,compose-post-service,2
1650481081,compose-post-service,2
1650481081,compose-post-service,2
1650481081,compose-post-service,2
1650481082,compose-post-service,2
1650481082,compose-post-service,2
1650481083,compose-post-service,2
1650481083,compose-post-service,2
1650481084,compose-post-service,2
1650481084,compose-post-service,2
1650481084,compose-post-service,2
1650481085,compose-post-service,2
1650481085,compose-post-service,2
1650481086,compose-post-service,2
1650481086,compose-post-service,2
1650481087,compose-post-service,2
1650481088,compose-post-service,2
1650481089,compose-post-service,2
1650481089,compose-post-service,2
1650481090,compose-post-service,2
1650481090,compose-post-service,2
1650481090,compose-post-service,2
1650481091,compose-post-service,2
1650481092,compose-post-service,2
1650481093,compose-post-service,2
1650481093,compose-post-service,2
1650481094,compose-post-service,2
1650481094,compose-post-service,2
1650481095,compose-post-service,2
1650481096,compose-post-service,2
1650481097,compose-post-service,2
1650481097,compose-post-service,2
1650481098,compose-post-service,2
1650481099,compose-post-service,2
1650481099,compose-post-service,2
1650481099,compose-post-service,2
1650481100,compose-post-service,2
1650481101,compose-post-service,2
1650481101,compose-post-service,2
1650481102,compose-post-service,2
1650481103,compose-post-service,2
1650481103,compose-post-service,2
1650481103,compose-post-service,2
1650481104,compose-post-service,2
1650481105,compose-post-service,2
1650481105,compose-post-service,2
1650481106,compose-post-service,2
1650481107,compose-post-service,2
1650481108,compose-post-service,2
1650481108,compose-post-service,2
1650481108,compose-post-service,2
1650481109,compose-post-service,2
1650481109,compose-post-service,2
1650481110,compose-post-service,2
1650481110,compose-post-service,2
1650481111,compose-post-service,2
1650481111,compose-post-service,2
1650481112,compose-post-service,2
1650481112,compose-post-service,2
1650481113,compose-post-service,2
1650481113,compose-post-service,2
1650481114,compose-post-service,2
1650481114,compose-post-service,2
1650481114,compose-post-service,2
1650481115,compose-post-service,2
1650481116,compose-post-service,2
1650481116,compose-post-service,2
1650481116,compose-post-service,2
1650481117,compose-post-service,2
1650481118,compose-post-service,2
1650481118,compose-post-service,2
1650481119,compose-post-service,2
1650481119,compose-post-service,2
1650481120,compose-post-service,2
1650481120,compose-post-service,2
1650481121,compose-post-service,2
1650481121,compose-post-service,2
1650481122,compose-post-service,2
1650481123,compose-post-service,2
1650481123,compose-post-service,2
1650481123,compose-post-service,2
1650481124,compose-post-service,2
1650481125,compose-post-service,2
1650481125,compose-post-service,2
1650481126,compose-post-service,2
1650481127,compose-post-service,2
1650481127,compose-post-service,2
1650481128,compose-post-service,2
1650481129,compose-post-service,2
1650481129,compose-post-service,2
1650481130,compose-post-service,2
1650481130,compose-post-service,2
1650481131,compose-post-service,2
1650481131,compose-post-service,2
1650481132,compose-post-service,2
1650481132,compose-post-service,2
1650481132,compose-post-service,2
1650481132,compose-post-service,2
1650481133,compose-post-service,2
1650481134,compose-post-service,2
1650481134,compose-post-service,2
1650481134,compose-post-service,2
1650481134,compose-post-service,2
1650481135,compose-post-service,2
1650481136,compose-post-service,2
1650481137,compose-post-service,2
1650481137,compose-post-service,2
1650481138,compose-post-service,2
1650481139,compose-post-service,2
1650481139,compose-post-service,2
1650481140,compose-post-service,2
1650481141,compose-post-service,2
1650481141,compose-post-service,2
1650481142,compose-post-service,2
1650481143,compose-post-service,2
1650481143,compose-post-service,2
1650481143,compose-post-service,2
1650481144,compose-post-service,2
1650481145,compose-post-service,2
1650481145,compose-post-service,2
1650481146,compose-post-service,2
1650481146,compose-post-service,2
1650481147,compose-post-service,2
1650481147,compose-post-service,2
1650481148,compose-post-service,2
1650481149,compose-post-service,2
1650481149,compose-post-service,2
1650481150,compose-post-service,2
1650481151,compose-post-service,2
1650481151,compose-post-service,2
1650481152,compose-post-service,2
1650481152,compose-post-service,2
1650481153,compose-post-service,2
1650481153,compose-post-service,2
1650481153,compose-post-service,2
1650481154,compose-post-service,2
1650481154,compose-post-service,2
1650481154,compose-post-service,2
1650481155,compose-post-service,2
1650481155,compose-post-service,2
1650481156,compose-post-service,2
1650481156,compose-post-service,2
1650481157,compose-post-service,2
1650481158,compose-post-service,2
1650481158,compose-post-service,2
1650481159,compose-post-service,2
1650481160,compose-post-service,2
1650481161,compose-post-service,2
1650481161,compose-post-service,2
1650481162,compose-post-service,2
1650481162,compose-post-service,2
1650481163,compose-post-service,2
1650481163,compose-post-service,2
1650481164,compose-post-service,2
1650481164,compose-post-service,2
1650481164,compose-post-service,2
1650481165,compose-post-service,2
1650481165,compose-post-service,2
1650481165,compose-post-service,2
1650481166,compose-post-service,2
1650481167,compose-post-service,2
1650481167,compose-post-service,2
1650481168,compose-post-service,2
1650481169,compose-post-service,2
1650481169,compose-post-service,2
1650481170,compose-post-service,2
1650481170,compose-post-service,2
1650481170,compose-post-service,2
1650481171,compose-post-service,2
1650481172,compose-post-service,2
1650481172,compose-post-service,2
1650481172,compose-post-service,2
1650481173,compose-post-service,2
1650481174,compose-post-service,2
1650481175,compose-post-service,2
1650481175,compose-post-service,2
1650481176,compose-post-service,2
1650481177,compose-post-service,2
1650481178,compose-post-service,2
1650481178,compose-post-service,2
1650481179,compose-post-service,2
1650481180,compose-post-service,2
1650481181,compose-post-service,2
1650481181,compose-post-service,2
1650481182,compose-post-service,2
1650481183,compose-post-service,2
1650481183,compose-post-service,2
1650481184,compose-post-service,2
1650481185,compose-post-service,2
1650481186,compose-post-service,2
1650481186,compose-post-service,2
1650481187,compose-post-service,2
1650481187,compose-post-service,2
1650481188,compose-post-service,2
1650481189,compose-post-service,2
1650481189,compose-post-service,2
1650481190,compose-post-service,2
1650481190,compose-post-service,2
1650481191,compose-post-service,2
1650481192,compose-post-service,2
1650481192,compose-post-service,2
1650481193,compose-post-service,2
1650481193,compose-post-service,2
1650481194,compose-post-service,2
1650481194,compose-post-service,2
1650481195,compose-post-service,2
1650481195,compose-post-service,2
1650481196,compose-post-service,2
1650481196,compose-post-service,2
1650481197,compose-post-service,2
1650481198,compose-post-service,2
1650481198,compose-post-service,2
1650481199,compose-post-service,2
1650481199,compose-post-service,2
1650481200,compose-post-service,2
1650481200,compose-post-service,2
1650481201,compose-post-service,2
1650481201,compose-post-service,2
1650481202,compose-post-service,2
1650481202,compose-post-service,2
1650481203,compose-post-service,2
1650481203,compose-post-service,2
1650481204,compose-post-service,2
1650481205,compose-post-service,2
1650481205,compose-post-service,2
1650481206,compose-post-service,2
1650481207,compose-post-service,2
1650481208,compose-post-service,2
1650481209,compose-post-service,2
1650481209,compose-post-service,2
1650481210,compose-post-service,2
1650481210,compose-post-service,2
1650481211,compose-post-service,2
1650481211,compose-post-service,2
1650481211,compose-post-service,2
1650481212,compose-post-service,2
1650481213,compose-post-service,2
1650481213,compose-post-service,2
1650481214,compose-post-service,2
1650481214,compose-post-service,2
1650481215,compose-post-service,2
1650481215,compose-post-service,2
1650481216,compose-post-service,2
1650481216,compose-post-service,2
1650481217,compose-post-service,2
1650481217,compose-post-service,2
1650481218,compose-post-service,2
1650481218,compose-post-service,2
1650481219,compose-post-service,2
1650481219,compose-post-service,2
1650481219,compose-post-service,2
1650481220,compose-post-service,2
1650481220,compose-post-service,2
1650481221,compose-post-service,2
1650481222,compose-post-service,2
1650481222,compose-post-service,2
1650481223,compose-post-service,2
1650481223,compose-post-service,2
1650481224,compose-post-service,2
1650481225,compose-post-service,2
1650481225,compose-post-service,2
1650481226,compose-post-service,2
1650481226,compose-post-service,2
1650481226,compose-post-service,2
1650481227,compose-post-service,2
1650481227,compose-post-service,2
1650481228,compose-post-service,2
1650481229,compose-post-service,2
1650481229,compose-post-service,2
1650481229,compose-post-service,2
1650481230,compose-post-service,2
1650481230,compose-post-service,2
1650481230,compose-post-service,2
1650481231,compose-post-service,2
1650481231,compose-post-service,2
1650481232,compose-post-service,2
1650481233,compose-post-service,2
1650481234,compose-post-service,2
1650481234,compose-post-service,2
1650481235,compose-post-service,2
1650481235,compose-post-service,2
1650481236,compose-post-service,2
1650481236,compose-post-service,2
1650481237,compose-post-service,2
1650481237,compose-post-service,2
1650481238,compose-post-service,2
1650481238,compose-post-service,2
1650481239,compose-post-service,2
1650481239,compose-post-service,2
1650481240,compose-post-service,2
1650481241,compose-post-service,2
1650481242,compose-post-service,2
1650481242,compose-post-service,2
1650481243,compose-post-service,2
1650481243,compose-post-service,2
1650481243,compose-post-service,2
1650481244,compose-post-service,2
1650481245,compose-post-service,2
1650481245,compose-post-service,2
1650481245,compose-post-service,2
1650481246,compose-post-service,2
1650481246,compose-post-service,2
1650481247,compose-post-service,2
1650481247,compose-post-service,2
1650481248,compose-post-service,2
1650481249,compose-post-service,2
1650481249,compose-post-service,2
1650481250,compose-post-service,2
1650481251,compose-post-service,2
1650481251,compose-post-service,2
1650481252,compose-post-service,2
1650481253,compose-post-service,2
1650481253,compose-post-service,2
1650481254,compose-post-service,2
1650481254,compose-post-service,2
1650481255,compose-post-service,2
1650481255,compose-post-service,2
1650481256,compose-post-service,2
1650481257,compose-post-service,2
1650481257,compose-post-service,2
1650481258,compose-post-service,2
1650481258,compose-post-service,2
1650481259,compose-post-service,2
1650481260,compose-post-service,2
1650481260,compose-post-service,2
1650481260,compose-post-service,2
1650481260,compose-post-service,2
1650481261,compose-post-service,2
1650481261,compose-post-service,2
1650481262,compose-post-service,2
1650481262,compose-post-service,2
1650481262,compose-post-service,2
1650481263,compose-post-service,2
1650481264,compose-post-service,2
1650481264,compose-post-service,2
1650481265,compose-post-service,2
1650481265,compose-post-service,2
1650481266,compose-post-service,2
1650481266,compose-post-service,2
1650481266,compose-post-service,2
1650481267,compose-post-service,2
1650481267,compose-post-service,2
1650481267,compose-post-service,2
1650481268,compose-post-service,2
1650481269,compose-post-service,2
1650481270,compose-post-service,2
1650481270,compose-post-service,2
1650481271,compose-post-service,2
1650481272,compose-post-service,2
1650481272,compose-post-service,2
1650481272,compose-post-service,2
1650481273,compose-post-service,2
1650481274,compose-post-service,2
1650481275,compose-post-service,2
1650481275,compose-post-service,2
1650481276,compose-post-service,2
1650481277,compose-post-service,2
1650481278,compose-post-service,2
1650481278,compose-post-service,2
1650481279,compose-post-service,2
1650481279,compose-post-service,2
1650481279,compose-post-service,2
1650481279,compose-post-service,2
1650481280,compose-post-service,2
1650481281,compose-post-service,2
1650481282,compose-post-service,2
1650481282,compose-post-service,2
1650481283,compose-post-service,2
1650481283,compose-post-service,2
1650481284,compose-post-service,2
1650481285,compose-post-service,2
1650481285,compose-post-service,2
1650481286,compose-post-service,2
1650481286,compose-post-service,2
1650481287,compose-post-service,2
1650481288,compose-post-service,2
1650481288,compose-post-service,2
1650481289,compose-post-service,2
1650481290,compose-post-service,2
1650481291,compose-post-service,2
1650481291,compose-post-service,2
1650481292,compose-post-service,2
1650481292,compose-post-service,2
1650481293,compose-post-service,2
1650481293,compose-post-service,2
1650481294,compose-post-service,2
1650481295,compose-post-service,2
1650481295,compose-post-service,2
1650481295,compose-post-service,2
1650481295,compose-post-service,2
1650481296,compose-post-service,2
1650481296,compose-post-service,2
1650481296,compose-post-service,2
1650481296,compose-post-service,2
1650481297,compose-post-service,2
1650481298,compose-post-service,2
1650481299,compose-post-service,2
1650481300,compose-post-service,2
1650481300,compose-post-service,2
1650481300,compose-post-service,2
1650481300,compose-post-service,2
1650481301,compose-post-service,2
1650481301,compose-post-service,2
1650481302,compose-post-service,2
1650481302,compose-post-service,2
1650481302,compose-post-service,2
1650481303,compose-post-service,2
1650481303,compose-post-service,2
1650481304,compose-post-service,2
1650481304,compose-post-service,2
1650481305,compose-post-service,2
1650481305,compose-post-service,2
1650481306,compose-post-service,2
1650481307,compose-post-service,2
1650481307,compose-post-service,2
1650481308,compose-post-service,2
1650481309,compose-post-service,2
1650481309,compose-post-service,2
1650481309,compose-post-service,2
1650481310,compose-post-service,2
1650481311,compose-post-service,2
1650481311,compose-post-service,2
1650481312,compose-post-service,2
1650481313,compose-post-service,2
1650481313,compose-post-service,2
1650481314,compose-post-service,2
1650481315,compose-post-service,2
1650481316,compose-post-service,2
1650481316,compose-post-service,2
1650481317,compose-post-service,2
1650481317,compose-post-service,2
1650481318,compose-post-service,2
1650481319,compose-post-service,2
1650481320,compose-post-service,2
1650481320,compose-post-service,2
1650481321,compose-post-service,2
1650481321,compose-post-service,2
1650481322,compose-post-service,2
1650481322,compose-post-service,2
1650481322,compose-post-service,2
1650481323,compose-post-service,2
1650481324,compose-post-service,2
1650481324,compose-post-service,2
1650481325,compose-post-service,2
1650481325,compose-post-service,2
1650481326,compose-post-service,2
1650481326,compose-post-service,2
1650481327,compose-post-service,2
1650481327,compose-post-service,2
1650481328,compose-post-service,2
1650481329,compose-post-service,2
1650481329,compose-post-service,2
1650481330,compose-post-service,2
1650481331,compose-post-service,2
1650481332,compose-post-service,2
1650481332,compose-post-service,2
1650481332,compose-post-service,2
1650481333,compose-post-service,2
1650481333,compose-post-service,2
1650481333,compose-post-service,2
1650481334,compose-post-service,2
1650481334,compose-post-service,2
1650481335,compose-post-service,2
1650481335,compose-post-service,2
1650481336,compose-post-service,2
1650481337,compose-post-service,2
1650481337,compose-post-service,2
1650481338,compose-post-service,2
1650481338,compose-post-service,2
1650481338,compose-post-service,2
1650481339,compose-post-service,2
1650481340,compose-post-service,2
1650481340,compose-post-service,2
1650481340,compose-post-service,2
1650481340,compose-post-service,2
1650481341,compose-post-service,2
1650481342,compose-post-service,2
1650481343,compose-post-service,2
1650481344,compose-post-service,2
1650481344,compose-post-service,2
1650481344,compose-post-service,2
1650481344,compose-post-service,2
1650481345,compose-post-service,2
1650481345,compose-post-service,2
1650481346,compose-post-service,2
1650481347,compose-post-service,2
1650481348,compose-post-service,2
1650481349,compose-post-service,2
1650481349,compose-post-service,2
1650481350,compose-post-service,2
1650481350,compose-post-service,2
1650481351,compose-post-service,2
1650481352,compose-post-service,2
1650481353,compose-post-service,2
1650481353,compose-post-service,2
1650481354,compose-post-service,2
1650481354,compose-post-service,2
1650481354,compose-post-service,2
1650481354,compose-post-service,2
1650481355,compose-post-service,2
1650481355,compose-post-service,2
1650481356,compose-post-service,2
1650481357,compose-post-service,2
1650481357,compose-post-service,2
1650481357,compose-post-service,2
1650481358,compose-post-service,2
1650481358,compose-post-service,2
1650481359,compose-post-service,2
1650481360,compose-post-service,2
1650481360,compose-post-service,2
1650481361,compose-post-service,2
1650481361,compose-post-service,2
1650481362,compose-post-service,2
1650481362,compose-post-service,2
1650481363,compose-post-service,2
1650481363,compose-post-service,2
1650481364,compose-post-service,2
1650481365,compose-post-service,2
1650481365,compose-post-service,2
1650481366,compose-post-service,2
1650481367,compose-post-service,2
1650481367,compose-post-service,2
1650481368,compose-post-service,2
1650481368,compose-post-service,2
1650481369,compose-post-service,2
1650481370,compose-post-service,2
1650481371,compose-post-service,2
1650481371,compose-post-service,2
1650481371,compose-post-service,2
1650481371,compose-post-service,2
1650481372,compose-post-service,2
1650481373,compose-post-service,2
1650481373,compose-post-service,2
1650481374,compose-post-service,2
1650481374,compose-post-service,2
1650481374,compose-post-service,2
1650481375,compose-post-service,2
1650481375,compose-post-service,2
1650481376,compose-post-service,2
1650481377,compose-post-service,2
1650481378,compose-post-service,2
1650481378,compose-post-service,2
1650481379,compose-post-service,2
1650481379,compose-post-service,2
1650481380,compose-post-service,2
1650481380,compose-post-service,2
1650481381,compose-post-service,2
1650481381,compose-post-service,2
1650481382,compose-post-service,2
1650481382,compose-post-service,2
1650481383,compose-post-service,2
1650481383,compose-post-service,2
1650481383,compose-post-service,2
1650481384,compose-post-service,2
1650481385,compose-post-service,2
1650481386,compose-post-service,2
1650481386,compose-post-service,2
1650481387,compose-post-service,2
1650481388,compose-post-service,2
1650481389,compose-post-service,2
1650481389,compose-post-service,2
1650481389,compose-post-service,2
1650481390,compose-post-service,2
1650481390,compose-post-service,2
1650481391,compose-post-service,2
1650481391,compose-post-service,2
1650481392,compose-post-service,2
1650481393,compose-post-service,2
1650481393,compose-post-service,2
1650481394,compose-post-service,2
1650481394,compose-post-service,2
1650481394,compose-post-service,2
1650481395,compose-post-service,2
1650481396,compose-post-service,2
1650481396,compose-post-service,2
1650481397,compose-post-service,2
1650481398,compose-post-service,2
1650481398,compose-post-service,2
1650481399,compose-post-service,2
1650481399,compose-post-service,2
1650481400,compose-post-service,2
1650481401,compose-post-service,2
1650481401,compose-post-service,2
1650481402,compose-post-service,2
1650481403,compose-post-service,2
1650481403,compose-post-service,2
1650481403,compose-post-service,2
1650481404,compose-post-service,2
1650481405,compose-post-service,2
1650481406,compose-post-service,2
1650481407,compose-post-service,2
1650481408,compose-post-service,2
1650481408,compose-post-service,2
1650481409,compose-post-service,2
1650481410,compose-post-service,2
1650481410,compose-post-service,2
1650481411,compose-post-service,2
1650481411,compose-post-service,2
1650481412,compose-post-service,2
1650481412,compose-post-service,2
1650481412,compose-post-service,2
1650481412,compose-post-service,2
1650481413,compose-post-service,2
1650481414,compose-post-service,2
1650481414,compose-post-service,2
1650481415,compose-post-service,2
1650481415,compose-post-service,2
1650481416,compose-post-service,2
1650481416,compose-post-service,2
1650481416,compose-post-service,2
1650481417,compose-post-service,2
1650481417,compose-post-service,2
1650481417,compose-post-service,2
1650481418,compose-post-service,2
1650481418,compose-post-service,2
1650481419,compose-post-service,2
1650481419,compose-post-service,2
1650481419,compose-post-service,2
1650481420,compose-post-service,2
1650481421,compose-post-service,2
1650481422,compose-post-service,2
1650481422,compose-post-service,2
1650481423,compose-post-service,2
1650481424,compose-post-service,2
1650481424,compose-post-service,2
1650481424,compose-post-service,2
1650481425,compose-post-service,2
1650481425,compose-post-service,2
1650481426,compose-post-service,2
1650481426,compose-post-service,2
1650481426,compose-post-service,2
1650481427,compose-post-service,2
1650481427,compose-post-service,2
1650481428,compose-post-service,2
1650481429,compose-post-service,2
1650481429,compose-post-service,2
1650481429,compose-post-service,2
1650481430,compose-post-service,2
1650481430,compose-post-service,2
1650481431,compose-post-service,2
1650481431,compose-post-service,2
1650481432,compose-post-service,2
1650481433,compose-post-service,2
1650481434,compose-post-service,2
1650481434,compose-post-service,2
1650481435,compose-post-service,2
1650481435,compose-post-service,2
1650481436,compose-post-service,2
1650481437,compose-post-service,2
1650481438,compose-post-service,2
1650481438,compose-post-service,2
1650481439,compose-post-service,2
1650481440,compose-post-service,2
1650481440,compose-post-service,2
1650481441,compose-post-service,2
1650481441,compose-post-service,2
1650481442,compose-post-service,2
1650481443,compose-post-service,2
1650481443,compose-post-service,2
1650481443,compose-post-service,2
1650481444,compose-post-service,2
1650481444,compose-post-service,2
1650481445,compose-post-service,2
1650481446,compose-post-service,2
1650481447,compose-post-service,2
1650481447,compose-post-service,2
1650481447,compose-post-service,2
1650481448,compose-post-service,2
1650481449,compose-post-service,2
1650481449,compose-post-service,2
1650481450,compose-post-service,2
1650481451,compose-post-service,2
1650481452,compose-post-service,2
1650481452,compose-post-service,2
1650481453,compose-post-service,2
1650481454,compose-post-service,2
1650481455,compose-post-service,2
1650481455,compose-post-service,2
1650481456,compose-post-service,2
1650481457,compose-post-service,2
1650481458,compose-post-service,2
1650481459,compose-post-service,2
1650481459,compose-post-service,2
1650481459,compose-post-service,2
1650481460,compose-post-service,2
1650481460,compose-post-service,2
1650481461,compose-post-service,2
1650481461,compose-post-service,2
1650481462,compose-post-service,2
1650481463,compose-post-service,2
1650481463,compose-post-service,2
1650481463,compose-post-service,2
1650481464,compose-post-service,2
1650481464,compose-post-service,2
1650481465,compose-post-service,2
1650481465,compose-post-service,2
1650481465,compose-post-service,2
1650481466,compose-post-service,2
1650481467,compose-post-service,2
1650481467,compose-post-service,2
1650481467,compose-post-service,2
1650481468,compose-post-service,2
1650481469,compose-post-service,2
1650481470,compose-post-service,2
1650481470,compose-post-service,2
1650481471,compose-post-service,2
1650481471,compose-post-service,2
1650481472,compose-post-service,2
1650481473,compose-post-service,2
1650481473,compose-post-service,2
1650481474,compose-post-service,2
1650481475,compose-post-service,2
1650481475,compose-post-service,2
1650481476,compose-post-service,2
1650481477,compose-post-service,2
1650481478,compose-post-service,2
1650481478,compose-post-service,2
1650481478,compose-post-service,2
1650481479,compose-post-service,2
1650481479,compose-post-service,2
1650481480,compose-post-service,2
1650481480,compose-post-service,2
1650481481,compose-post-service,2
1650481482,compose-post-service,2
1650481482,compose-post-service,2
1650481483,compose-post-service,2
1650481483,compose-post-service,2
1650481484,compose-post-service,2
1650481484,compose-post-service,2
1650481485,compose-post-service,2
1650481485,compose-post-service,2
1650481486,compose-post-service,2
1650481487,compose-post-service,2
1650481487,compose-post-service,2
1650481487,compose-post-service,2
1650481488,compose-post-service,2
1650481488,compose-post-service,2
1650481489,compose-post-service,2
1650481490,compose-post-service,2
1650481491,compose-post-service,2
1650481492,compose-post-service,2
1650481492,compose-post-service,2
1650481492,compose-post-service,2
1650481493,compose-post-service,2
1650481493,compose-post-service,2
1650481494,compose-post-service,2
1650481495,compose-post-service,2
1650481496,compose-post-service,2
1650481497,compose-post-service,2
1650481497,compose-post-service,2
1650481497,compose-post-service,2
1650481498,compose-post-service,2
1650481498,compose-post-service,2
1650481498,compose-post-service,2
1650481499,compose-post-service,2
1650481499,compose-post-service,2
1650481500,compose-post-service,2
1650481500,compose-post-service,2
1650481501,compose-post-service,2
1650481502,compose-post-service,2
1650481502,compose-post-service,2
1650481502,compose-post-service,2
1650481503,compose-post-service,2
1650481504,compose-post-service,2
1650481504,compose-post-service,2
1650481504,compose-post-service,2
1650481505,compose-post-service,2
1650481505,compose-post-service,2
1650481506,compose-post-service,2
1650481506,compose-post-service,2
1650481508,compose-post-service,2
1650481508,compose-post-service,2
1650481508,compose-post-service,2
1650481509,compose-post-service,2
1650481510,compose-post-service,2
1650481511,compose-post-service,2
1650481512,compose-post-service,2
1650481512,compose-post-service,2
1650481512,compose-post-service,2
1650481513,compose-post-service,2
1650481514,compose-post-service,2
1650481514,compose-post-service,2
1650481514,compose-post-service,2
1650481515,compose-post-service,2
1650481516,compose-post-service,2
1650481516,compose-post-service,2
1650481516,compose-post-service,2
1650481517,compose-post-service,2
1650481517,compose-post-service,2
1650481518,compose-post-service,2
1650481518,compose-post-service,2
1650481519,compose-post-service,2
1650481520,compose-post-service,2
1650481521,compose-post-service,2
1650481522,compose-post-service,2
1650481522,compose-post-service,2
1650481523,compose-post-service,2
1650481523,compose-post-service,2
1650481523,compose-post-service,2
1650481524,compose-post-service,2
1650481525,compose-post-service,2
1650481525,compose-post-service,2
1650481526,compose-post-service,2
1650481527,compose-post-service,2
1650481527,compose-post-service,2
1650481527,compose-post-service,2
1650481528,compose-post-service,2
1650481529,compose-post-service,2
1650481529,compose-post-service,2
1650481530,compose-post-service,2
1650481530,compose-post-service,2
1650481531,compose-post-service,2
1650481531,compose-post-service,2
1650481532,compose-post-service,2
1650481532,compose-post-service,2
1650481533,compose-post-service,2
1650481534,compose-post-service,2
1650481535,compose-post-service,2
1650481536,compose-post-service,2
1650481536,compose-post-service,2
1650481537,compose-post-service,2
1650481537,compose-post-service,2
1650481538,compose-post-service,2
1650481539,compose-post-service,2
1650481540,compose-post-service,2
1650481540,compose-post-service,2
1650481541,compose-post-service,2
1650481542,compose-post-service,2
1650481543,compose-post-service,2
1650481543,compose-post-service,2
1650481544,compose-post-service,2
1650481545,compose-post-service,2
1650481545,compose-post-service,2
1650481546,compose-post-service,2
1650481546,compose-post-service,2
1650481547,compose-post-service,2
1650481548,compose-post-service,2
1650481549,compose-post-service,2
1650481549,compose-post-service,2
1650481549,compose-post-service,2
1650481550,compose-post-service,2
1650481551,compose-post-service,2
1650481551,compose-post-service,2
1650481552,compose-post-service,2
1650481552,compose-post-service,2
1650481553,compose-post-service,2
1650481554,compose-post-service,2
1650481555,compose-post-service,2
1650481556,compose-post-service,2
1650481556,compose-post-service,2
1650481557,compose-post-service,2
1650481557,compose-post-service,2
1650481558,compose-post-service,2
1650481558,compose-post-service,2
1650481559,compose-post-service,2
1650481560,compose-post-service,2
1650481560,compose-post-service,2
1650481561,compose-post-service,2
1650481562,compose-post-service,2
1650481562,compose-post-service,2
1650481563,compose-post-service,2
1650481564,compose-post-service,2
1650481565,compose-post-service,2
1650481565,compose-post-service,2
1650481566,compose-post-service,2
1650481566,compose-post-service,2
1650481567,compose-post-service,2
1650481568,compose-post-service,2
1650481568,compose-post-service,2
1650481569,compose-post-service,2
1650481569,compose-post-service,2
1650481570,compose-post-service,2
1650481571,compose-post-service,2
1650481572,compose-post-service,2
1650481572,compose-post-service,2
1650481572,compose-post-service,2
1650481573,compose-post-service,2
1650481573,compose-post-service,2
1650481573,compose-post-service,2
1650481574,compose-post-service,2
1650481574,compose-post-service,2
1650481575,compose-post-service,2
1650481576,compose-post-service,2
1650481576,compose-post-service,2
1650481577,compose-post-service,2
1650481577,compose-post-service,2
1650481578,compose-post-service,2
1650481578,compose-post-service,2
1650481579,compose-post-service,2
1650481579,compose-post-service,2
1650481580,compose-post-service,2
1650481581,compose-post-service,2
1650481582,compose-post-service,2
1650481583,compose-post-service,2
1650481583,compose-post-service,2
1650481583,compose-post-service,2
1650481584,compose-post-service,2
1650481584,compose-post-service,2
1650481585,compose-post-service,2
1650481585,compose-post-service,2
1650481586,compose-post-service,2
1650481587,compose-post-service,2
1650481588,compose-post-service,2
1650481588,compose-post-service,2
1650481589,compose-post-service,2
1650481589,compose-post-service,2
1650481590,compose-post-service,2
1650481590,compose-post-service,2
1650481591,compose-post-service,2
1650481591,compose-post-service,2
1650481592,compose-post-service,2
1650481592,compose-post-service,2
1650481593,compose-post-service,2
1650481594,compose-post-service,2
1650481594,compose-post-service,2
1650481595,compose-post-service,2
1650481595,compose-post-service,2
1650481596,compose-post-service,2
1650481596,compose-post-service,2
1650481597,compose-post-service,2
1650481598,compose-post-service,2
1650481598,compose-post-service,2
1650481599,compose-post-service,2
1650481599,compose-post-service,2
1650481600,compose-post-service,2
1650481600,compose-post-service,2
1650481601,compose-post-service,2
1650481602,compose-post-service,2
1650481602,compose-post-service,2
1650481603,compose-post-service,2
1650481604,compose-post-service,2
1650481604,compose-post-service,2
1650481605,compose-post-service,2
1650481606,compose-post-service,2
1650481606,compose-post-service,2
1650481607,compose-post-service,2
1650481607,compose-post-service,2
1650481608,compose-post-service,2
1650481608,compose-post-service,2
1650481609,compose-post-service,2
1650481610,compose-post-service,2
1650481610,compose-post-service,2
1650481611,compose-post-service,2
1650481611,compose-post-service,2
1650481611,compose-post-service,2
1650481612,compose-post-service,2
1650481612,compose-post-service,2
1650481612,compose-post-service,2
1650481613,compose-post-service,2
1650481613,compose-post-service,2
1650481613,compose-post-service,2
1650481613,compose-post-service,2
1650481614,compose-post-service,2
1650481614,compose-post-service,2
1650481615,compose-post-service,2
1650481616,compose-post-service,2
1650481616,compose-post-service,2
1650481617,compose-post-service,2
1650481618,compose-post-service,2
1650481619,compose-post-service,2
1650481619,compose-post-service,2
1650481620,compose-post-service,2
1650481620,compose-post-service,2
1650481621,compose-post-service,2
1650481622,compose-post-service,2
1650481622,compose-post-service,2
1650481623,compose-post-service,2
1650481623,compose-post-service,2
1650481624,compose-post-service,2
1650481624,compose-post-service,2
1650481625,compose-post-service,2
1650481626,compose-post-service,2
1650481626,compose-post-service,2
1650481627,compose-post-service,2
1650481627,compose-post-service,2
1650481628,compose-post-service,2
1650481629,compose-post-service,2
1650481630,compose-post-service,2
1650481630,compose-post-service,2
1650481631,compose-post-service,2
1650481631,compose-post-service,2
1650481632,compose-post-service,2
1650481632,compose-post-service,2
1650481633,compose-post-service,2
1650481633,compose-post-service,2
1650481634,compose-post-service,2
1650481634,compose-post-service,2
1650481635,compose-post-service,2
1650481635,compose-post-service,2
1650481636,compose-post-service,2
1650481636,compose-post-service,2
1650481636,compose-post-service,2
1650481637,compose-post-service,2
1650481637,compose-post-service,2
1650481638,compose-post-service,2
1650481639,compose-post-service,2
1650481639,compose-post-service,2
1650481639,compose-post-service,2
1650481640,compose-post-service,2
1650481641,compose-post-service,2
1650481641,compose-post-service,2
1650481642,compose-post-service,2
1650481642,compose-post-service,2
1650481643,compose-post-service,2
1650481643,compose-post-service,2
1650481643,compose-post-service,2
1650481644,compose-post-service,2
1650481645,compose-post-service,2
1650481646,compose-post-service,2
1650481647,compose-post-service,2
1650481647,compose-post-service,2
1650481647,compose-post-service,2
1650481648,compose-post-service,2
1650481648,compose-post-service,2
1650481649,compose-post-service,2
1650481649,compose-post-service,2
1650481650,compose-post-service,2
1650481650,compose-post-service,2
1650481651,compose-post-service,2
1650481651,compose-post-service,2
1650481652,compose-post-service,2
1650481652,compose-post-service,2
1650481653,compose-post-service,2
1650481653,compose-post-service,2
1650481654,compose-post-service,2
1650481654,compose-post-service,2
1650481655,compose-post-service,2
1650481656,compose-post-service,2
1650481657,compose-post-service,2
1650481657,compose-post-service,2
1650481658,compose-post-service,2
1650481658,compose-post-service,2
1650481658,compose-post-service,2
1650481659,compose-post-service,2
1650481660,compose-post-service,2
1650481660,compose-post-service,2
1650481661,compose-post-service,2
1650481662,compose-post-service,2
1650481662,compose-post-service,2
1650481662,compose-post-service,2
1650481663,compose-post-service,2
1650481664,compose-post-service,2
1650481665,compose-post-service,2
1650481665,compose-post-service,2
1650481666,compose-post-service,2
1650481667,compose-post-service,2
1650481667,compose-post-service,2
1650481668,compose-post-service,2
1650481668,compose-post-service,2
1650481669,compose-post-service,2
1650481670,compose-post-service,2
1650481671,compose-post-service,2
1650481671,compose-post-service,2
1650481671,compose-post-service,2
1650481672,compose-post-service,2
1650481672,compose-post-service,2
1650481673,compose-post-service,2
1650481674,compose-post-service,2
1650481675,compose-post-service,2
1650481676,compose-post-service,2
1650481677,compose-post-service,2
1650481677,compose-post-service,2
1650481677,compose-post-service,2
1650481678,compose-post-service,2
1650481678,compose-post-service,2
1650481679,compose-post-service,2
1650481679,compose-post-service,2
1650481680,compose-post-service,2
1650481681,compose-post-service,2
1650481682,compose-post-service,2
1650481683,compose-post-service,2
1650481684,compose-post-service,2
1650481684,compose-post-service,2
1650481684,compose-post-service,2
1650481685,compose-post-service,2
1650481686,compose-post-service,2
1650481686,compose-post-service,2
1650481687,compose-post-service,2
1650481687,compose-post-service,2
1650481687,compose-post-service,2
1650481688,compose-post-service,2
1650481688,compose-post-service,2
1650481689,compose-post-service,2
1650481689,compose-post-service,2
1650481690,compose-post-service,2
1650481690,compose-post-service,2
1650481691,compose-post-service,2
1650481692,compose-post-service,2
1650481693,compose-post-service,2
1650481694,compose-post-service,2
1650481694,compose-post-service,2
1650481694,compose-post-service,2
1650481695,compose-post-service,2
1650481696,compose-post-service,2
1650481696,compose-post-service,2
1650481697,compose-post-service,2
1650481697,compose-post-service,2
1650481698,compose-post-service,2
1650481698,compose-post-service,2
1650481699,compose-post-service,2
1650481699,compose-post-service,2
1650481700,compose-post-service,2
1650481700,compose-post-service,2
1650481701,compose-post-service,2
1650481701,compose-post-service,2
1650481701,compose-post-service,2
1650481702,compose-post-service,2
1650481702,compose-post-service,2
1650481703,compose-post-service,2
1650481703,compose-post-service,2
1650481704,compose-post-service,2
1650481705,compose-post-service,2
1650481706,compose-post-service,2
1650481707,compose-post-service,2
1650481707,compose-post-service,2
1650481708,compose-post-service,2
1650481709,compose-post-service,2
1650481709,compose-post-service,2
1650481709,compose-post-service,2
1650481710,compose-post-service,2
1650481710,compose-post-service,2
1650481711,compose-post-service,2
1650481711,compose-post-service,2
1650481712,compose-post-service,2
1650481713,compose-post-service,2
1650481714,compose-post-service,2
1650481715,compose-post-service,2
1650481716,compose-post-service,2
1650481716,compose-post-service,2
1650481716,compose-post-service,2
1650481717,compose-post-service,2
1650481717,compose-post-service,2
1650481717,compose-post-service,2
1650481718,compose-post-service,2
1650481719,compose-post-service,2
1650481720,compose-post-service,2
1650481720,compose-post-service,2
1650481721,compose-post-service,2
1650481721,compose-post-service,2
1650481722,compose-post-service,2
1650481722,compose-post-service,2
1650481723,compose-post-service,2
1650481724,compose-post-service,2
1650481724,compose-post-service,2
1650481725,compose-post-service,2
1650481725,compose-post-service,2
1650481726,compose-post-service,2
1650481727,compose-post-service,2
1650481727,compose-post-service,2
1650481728,compose-post-service,2
1650481728,compose-post-service,2
1650481729,compose-post-service,2
1650481730,compose-post-service,2
1650481731,compose-post-service,2
1650481731,compose-post-service,2
1650481732,compose-post-service,2
1650481732,compose-post-service,2
1650481733,compose-post-service,2
1650481733,compose-post-service,2
1650481733,compose-post-service,2
1650481733,compose-post-service,2
1650481734,compose-post-service,2
1650481734,compose-post-service,2
1650481734,compose-post-service,2
1650481735,compose-post-service,2
1650481735,compose-post-service,2
1650481736,compose-post-service,2
1650481736,compose-post-service,2
1650481736,compose-post-service,2
1650481737,compose-post-service,2
1650481737,compose-post-service,2
1650481737,compose-post-service,2
1650481738,compose-post-service,2
1650481738,compose-post-service,2
1650481739,compose-post-service,2
1650481739,compose-post-service,2
1650481740,compose-post-service,2
1650481740,compose-post-service,2
1650481741,compose-post-service,2
1650481742,compose-post-service,2
1650481743,compose-post-service,2
1650481744,compose-post-service,2
1650481744,compose-post-service,2
1650481745,compose-post-service,2
1650481746,compose-post-service,2
1650481746,compose-post-service,2
1650481747,compose-post-service,2
1650481747,compose-post-service,2
1650481748,compose-post-service,2
1650481748,compose-post-service,2
1650481749,compose-post-service,2
1650481750,compose-post-service,2
1650481751,compose-post-service,2
1650481752,compose-post-service,2
1650481752,compose-post-service,2
1650481752,compose-post-service,2
1650481753,compose-post-service,2
1650481753,compose-post-service,2
1650481754,compose-post-service,2
1650481755,compose-post-service,2
1650481755,compose-post-service,2
1650481755,compose-post-service,2
1650481756,compose-post-service,2
1650481756,compose-post-service,2
1650481757,compose-post-service,2
1650481757,compose-post-service,2
1650481758,compose-post-service,2
1650481759,compose-post-service,2
1650481759,compose-post-service,2
1650481760,compose-post-service,2
1650481761,compose-post-service,2
1650481761,compose-post-service,2
1650481762,compose-post-service,2
1650481762,compose-post-service,2
1650481763,compose-post-service,2
1650481763,compose-post-service,2
1650481764,compose-post-service,2
1650481764,compose-post-service,2
1650481764,compose-post-service,2
1650481764,compose-post-service,2
1650481765,compose-post-service,2
1650481766,compose-post-service,2
1650481766,compose-post-service,2
1650481766,compose-post-service,2
1650481767,compose-post-service,2
1650481767,compose-post-service,2
1650481768,compose-post-service,2
1650481768,compose-post-service,2
1650481769,compose-post-service,2
1650481770,compose-post-service,2
1650481770,compose-post-service,2
1650481770,compose-post-service,2
1650481771,compose-post-service,2
1650481771,compose-post-service,2
1650481771,compose-post-service,2
1650481772,compose-post-service,2
1650481772,compose-post-service,2
1650481773,compose-post-service,2
1650481774,compose-post-service,2
1650481775,compose-post-service,2
1650481775,compose-post-service,2
1650481775,compose-post-service,2
1650481776,compose-post-service,2
1650481776,compose-post-service,2
1650481777,compose-post-service,2
1650481778,compose-post-service,2
1650481779,compose-post-service,2
1650481779,compose-post-service,2
1650481780,compose-post-service,2
1650481780,compose-post-service,2
1650481780,compose-post-service,2
1650481781,compose-post-service,2
1650481782,compose-post-service,2
1650481782,compose-post-service,2
1650481783,compose-post-service,2
1650481784,compose-post-service,2
1650481785,compose-post-service,2
1650481785,compose-post-service,2
1650481785,compose-post-service,2
1650481785,compose-post-service,2
1650481786,compose-post-service,2
1650481787,compose-post-service,2
1650481788,compose-post-service,2
1650481788,compose-post-service,2
1650481789,compose-post-service,2
1650481789,compose-post-service,2
1650481790,compose-post-service,2
1650481790,compose-post-service,2
1650481791,compose-post-service,2
1650481791,compose-post-service,2
1650481791,compose-post-service,2
1650481792,compose-post-service,2
1650481792,compose-post-service,2
1650481793,compose-post-service,2
1650481794,compose-post-service,2
1650481794,compose-post-service,2
1650481794,compose-post-service,2
1650481795,compose-post-service,2
1650481795,compose-post-service,2
1650481796,compose-post-service,2
1650481797,compose-post-service,2
1650481797,compose-post-service,2
1650481798,compose-post-service,2
1650481799,compose-post-service,2
1650481799,compose-post-service,2
1650481800,compose-post-service,2
1650481800,compose-post-service,2
1650481800,compose-post-service,2
1650481801,compose-post-service,2
1650481801,compose-post-service,2
1650481801,compose-post-service,2
1650481802,compose-post-service,2
1650481803,compose-post-service,2
1650481804,compose-post-service,2
1650481804,compose-post-service,2
1650481804,compose-post-service,2
1650481805,compose-post-service,2
1650481806,compose-post-service,2
1650481806,compose-post-service,2
1650481807,compose-post-service,2
1650481807,compose-post-service,2
1650481808,compose-post-service,2
1650481809,compose-post-service,2
1650481809,compose-post-service,2
1650481810,compose-post-service,2
1650481811,compose-post-service,2
1650481811,compose-post-service,2
1650481812,compose-post-service,2
1650481813,compose-post-service,2
1650481814,compose-post-service,2
1650481814,compose-post-service,2
1650481814,compose-post-service,2
1650481815,compose-post-service,2
1650481816,compose-post-service,2
1650481817,compose-post-service,2
1650481818,compose-post-service,2
1650481818,compose-post-service,2
1650481819,compose-post-service,2
1650481820,compose-post-service,2
1650481821,compose-post-service,2
1650481821,compose-post-service,2
1650481822,compose-post-service,2
1650481822,compose-post-service,2
1650481822,compose-post-service,2
1650481822,compose-post-service,2
1650481823,compose-post-service,2
1650481823,compose-post-service,2
1650481824,compose-post-service,2
1650481825,compose-post-service,2
1650481825,compose-post-service,2
1650481825,compose-post-service,2
1650481826,compose-post-service,2
1650481827,compose-post-service,2
1650481827,compose-post-service,2
1650481828,compose-post-service,2
1650481829,compose-post-service,2
1650481830,compose-post-service,2
1650481830,compose-post-service,2
1650481830,compose-post-service,2
1650481830,compose-post-service,2
1650481830,compose-post-service,2
1650481831,compose-post-service,2
1650481831,compose-post-service,2
1650481832,compose-post-service,2
1650481833,compose-post-service,2
1650481833,compose-post-service,2
1650481834,compose-post-service,2
1650481834,compose-post-service,2
1650481835,compose-post-service,2
1650481835,compose-post-service,2
1650481836,compose-post-service,2
1650481837,compose-post-service,2
1650481837,compose-post-service,2
1650481838,compose-post-service,2
1650481839,compose-post-service,2
1650481840,compose-post-service,2
1650481841,compose-post-service,2
1650481841,compose-post-service,2
1650481841,compose-post-service,2
1650481842,compose-post-service,2
1650481843,compose-post-service,2
1650481843,compose-post-service,2
1650481843,compose-post-service,2
1650481844,compose-post-service,2
1650481845,compose-post-service,2
1650481845,compose-post-service,2
1650481845,compose-post-service,2
1650481846,compose-post-service,2
1650481847,compose-post-service,2
1650481847,compose-post-service,2
1650481848,compose-post-service,2
1650481848,compose-post-service,2
1650481848,compose-post-service,2
1650481848,compose-post-service,2
1650481849,compose-post-service,2
1650481850,compose-post-service,2
1650481850,compose-post-service,2
1650481850,compose-post-service,2
1650481850,compose-post-service,2
1650481851,compose-post-service,2
1650481852,compose-post-service,2
1650481852,compose-post-service,2
1650481853,compose-post-service,2
1650481854,compose-post-service,2
1650481854,compose-post-service,2
1650481855,compose-post-service,2
1650481856,compose-post-service,2
1650481857,compose-post-service,2
1650481858,compose-post-service,2
1650481858,compose-post-service,2
1650481858,compose-post-service,2
1650481859,compose-post-service,2
1650481859,compose-post-service,2
1650481860,compose-post-service,2
1650481861,compose-post-service,2
1650481861,compose-post-service,2
1650481861,compose-post-service,2
1650481862,compose-post-service,2
1650481863,compose-post-service,2
1650481864,compose-post-service,2
1650481864,compose-post-service,2
1650481864,compose-post-service,2
1650481865,compose-post-service,2
1650481866,compose-post-service,2
1650481866,compose-post-service,2
1650481867,compose-post-service,2
1650481867,compose-post-service,2
1650481868,compose-post-service,2
1650481869,compose-post-service,2
1650481869,compose-post-service,2
1650481870,compose-post-service,2
1650481870,compose-post-service,2
1650481871,compose-post-service,2
1650481871,compose-post-service,2
1650481872,compose-post-service,2
1650481873,compose-post-service,2
1650481873,compose-post-service,2
1650481874,compose-post-service,2
1650481874,compose-post-service,2
1650481875,compose-post-service,2
1650481875,compose-post-service,2
1650481875,compose-post-service,2
1650481876,compose-post-service,2
1650481876,compose-post-service,2
1650481877,compose-post-service,2
1650481877,compose-post-service,2
1650481877,compose-post-service,2
1650481878,compose-post-service,2
1650481878,compose-post-service,2
1650481879,compose-post-service,2
1650481880,compose-post-service,2
1650481881,compose-post-service,2
1650481881,compose-post-service,2
1650481882,compose-post-service,2
1650481882,compose-post-service,2
1650481883,compose-post-service,2
1650481883,compose-post-service,2
1650481884,compose-post-service,2
1650481885,compose-post-service,2
1650481885,compose-post-service,2
1650481886,compose-post-service,2
1650481887,compose-post-service,2
1650481887,compose-post-service,2
1650481888,compose-post-service,2
1650481888,compose-post-service,2
1650481889,compose-post-service,2
1650481889,compose-post-service,2
1650481890,compose-post-service,2
1650481891,compose-post-service,2
1650481892,compose-post-service,2
1650481892,compose-post-service,2
1650481893,compose-post-service,2
1650481894,compose-post-service,2
1650481894,compose-post-service,2
1650481895,compose-post-service,2
1650481895,compose-post-service,2
1650481896,compose-post-service,2
1650481896,compose-post-service,2
1650481897,compose-post-service,2
1650481897,compose-post-service,2
1650481897,compose-post-service,2
1650481898,compose-post-service,2
1650481898,compose-post-service,2
1650481899,compose-post-service,2
1650481900,compose-post-service,2
1650481901,compose-post-service,2
1650481901,compose-post-service,2
1650481902,compose-post-service,2
1650481903,compose-post-service,2
1650481904,compose-post-service,2
1650481905,compose-post-service,2
1650481905,compose-post-service,2
1650481905,compose-post-service,2
1650481906,compose-post-service,2
1650481907,compose-post-service,2
1650481907,compose-post-service,2
1650481908,compose-post-service,2
1650481908,compose-post-service,2
1650481909,compose-post-service,2
1650481910,compose-post-service,2
1650481911,compose-post-service,2
1650481912,compose-post-service,2
1650481912,compose-post-service,2
1650481912,compose-post-service,2
1650481913,compose-post-service,2
1650481914,compose-post-service,2
1650481915,compose-post-service,2
1650481915,compose-post-service,2
1650481915,compose-post-service,2
1650481916,compose-post-service,2
1650481916,compose-post-service,2
1650481916,compose-post-service,2
1650481917,compose-post-service,2
1650481918,compose-post-service,2
1650481919,compose-post-service,2
1650481919,compose-post-service,2
1650481920,compose-post-service,2
1650481920,compose-post-service,2
1650481921,compose-post-service,2
1650481921,compose-post-service,2
1650481922,compose-post-service,2
1650481922,compose-post-service,2
1650481923,compose-post-service,2
1650481923,compose-post-service,2
1650481924,compose-post-service,2
1650481925,compose-post-service,2
1650481926,compose-post-service,2
1650481926,compose-post-service,2
1650481927,compose-post-service,2
1650481928,compose-post-service,2
1650481928,compose-post-service,2
1650481929,compose-post-service,2
1650481929,compose-post-service,2
1650481930,compose-post-service,2
1650481931,compose-post-service,2
1650481931,compose-post-service,2
1650481932,compose-post-service,2
1650481932,compose-post-service,2
1650481932,compose-post-service,2
1650481933,compose-post-service,2
1650481933,compose-post-service,2
1650481933,compose-post-service,2
1650481934,compose-post-service,2
1650481934,compose-post-service,2
1650481935,compose-post-service,2
1650481936,compose-post-service,2
1650481937,compose-post-service,2
1650481938,compose-post-service,2
1650481939,compose-post-service,2
1650481940,compose-post-service,2
1650481940,compose-post-service,2
1650481941,compose-post-service,2
1650481941,compose-post-service,2
1650481942,compose-post-service,2
1650481943,compose-post-service,2
1650481943,compose-post-service,2
1650481944,compose-post-service,2
1650481944,compose-post-service,2
1650481945,compose-post-service,2
1650481945,compose-post-service,2
1650481946,compose-post-service,2
1650481946,compose-post-service,2
1650481947,compose-post-service,2
1650481947,compose-post-service,2
1650481948,compose-post-service,2
1650481948,compose-post-service,2
1650481949,compose-post-service,2
1650481949,compose-post-service,2
1650481950,compose-post-service,2
1650481951,compose-post-service,2
1650481951,compose-post-service,2
1650481952,compose-post-service,2
1650481952,compose-post-service,2
1650481953,compose-post-service,2
1650481954,compose-post-service,2
1650481954,compose-post-service,2
1650481954,compose-post-service,2
1650481954,compose-post-service,2
1650481955,compose-post-service,2
1650481955,compose-post-service,2
1650481955,compose-post-service,2
1650481956,compose-post-service,2
1650481956,compose-post-service,2
1650481956,compose-post-service,2
1650481957,compose-post-service,2
1650481958,compose-post-service,2
1650481958,compose-post-service,2
1650481959,compose-post-service,2
1650481959,compose-post-service,2
1650481959,compose-post-service,2
1650481960,compose-post-service,2
1650481960,compose-post-service,2
1650481961,compose-post-service,2
1650481961,compose-post-service,2
1650481961,compose-post-service,2
1650481962,compose-post-service,2
1650481963,compose-post-service,2
1650481964,compose-post-service,2
1650481965,compose-post-service,2
1650481965,compose-post-service,2
1650481966,compose-post-service,2
1650481966,compose-post-service,2
1650481967,compose-post-service,2
1650481967,compose-post-service,2
1650481968,compose-post-service,2
1650481969,compose-post-service,2
1650481969,compose-post-service,2
1650481969,compose-post-service,2
1650481970,compose-post-service,2
1650481970,compose-post-service,2
1650481971,compose-post-service,2
1650481971,compose-post-service,2
1650481971,compose-post-service,2
1650481971,compose-post-service,2
1650481972,compose-post-service,2
1650481972,compose-post-service,2
1650481972,compose-post-service,2
1650481973,compose-post-service,2
1650481973,compose-post-service,2
1650481974,compose-post-service,2
1650481975,compose-post-service,2
1650481975,compose-post-service,2
1650481976,compose-post-service,2
1650481977,compose-post-service,2
1650481978,compose-post-service,2
1650481978,compose-post-service,2
1650481979,compose-post-service,2
1650481980,compose-post-service,2
1650481980,compose-post-service,2
1650481981,compose-post-service,2
1650481981,compose-post-service,2
1650481982,compose-post-service,2
1650481983,compose-post-service,2
1650481983,compose-post-service,2
1650481984,compose-post-service,2
1650481984,compose-post-service,2
1650481985,compose-post-service,2
1650481986,compose-post-service,2
1650481986,compose-post-service,2
1650481987,compose-post-service,2
1650481988,compose-post-service,2
1650481988,compose-post-service,2
1650481989,compose-post-service,2
1650481989,compose-post-service,2
1650481990,compose-post-service,2
1650481990,compose-post-service,2
1650481990,compose-post-service,2
1650481990,compose-post-service,2
1650481991,compose-post-service,2
1650481992,compose-post-service,2
1650481992,compose-post-service,2
1650481993,compose-post-service,2
1650481994,compose-post-service,2
1650481994,compose-post-service,2
1650481995,compose-post-service,2
1650481996,compose-post-service,2
1650481997,compose-post-service,2
1650481998,compose-post-service,2
1650481998,compose-post-service,2
1650481999,compose-post-service,2
1650481999,compose-post-service,2
1650481999,compose-post-service,2
1650482000,compose-post-service,2
1650482001,compose-post-service,2
1650482001,compose-post-service,2
1650482002,compose-post-service,2
1650482003,compose-post-service,2
1650482003,compose-post-service,2
1650482004,compose-post-service,2
1650482005,compose-post-service,2
1650482006,compose-post-service,2
1650482006,compose-post-service,2
1650482006,compose-post-service,2
1650482007,compose-post-service,2
1650482008,compose-post-service,2
1650482008,compose-post-service,2
1650482009,compose-post-service,2
1650482010,compose-post-service,2
1650482010,compose-post-service,2
1650482011,compose-post-service,2
1650482012,compose-post-service,2
1650482012,compose-post-service,2
1650482013,compose-post-service,2
1650482014,compose-post-service,2
1650482014,compose-post-service,2
1650482015,compose-post-service,2
1650482016,compose-post-service,2
1650482017,compose-post-service,2
1650482017,compose-post-service,2
1650482018,compose-post-service,2
1650482019,compose-post-service,2
1650482019,compose-post-service,2
1650482019,compose-post-service,2
1650482019,compose-post-service,2
1650482020,compose-post-service,2
1650482021,compose-post-service,2
1650482021,compose-post-service,2
1650482022,compose-post-service,2
1650482022,compose-post-service,2
1650482022,compose-post-service,2
1650482023,compose-post-service,2
1650482023,compose-post-service,2
1650482023,compose-post-service,2
1650482024,compose-post-service,2
1650482024,compose-post-service,2
1650482025,compose-post-service,2
1650482025,compose-post-service,2
1650482026,compose-post-service,2
1650482027,compose-post-service,2
1650482027,compose-post-service,2
1650482027,compose-post-service,2
1650482028,compose-post-service,2
1650482029,compose-post-service,2
1650482029,compose-post-service,2
1650482030,compose-post-service,2
1650482031,compose-post-service,2
1650482031,compose-post-service,2
1650482031,compose-post-service,2
1650482032,compose-post-service,2
1650482032,compose-post-service,2
1650482033,compose-post-service,2
1650482034,compose-post-service,2
1650482035,compose-post-service,2
1650482035,compose-post-service,2
1650482036,compose-post-service,2
1650482037,compose-post-service,2
1650482037,compose-post-service,2
1650482038,compose-post-service,2
1650482039,compose-post-service,2
1650482039,compose-post-service,2
1650482040,compose-post-service,2
1650482040,compose-post-service,2
1650482040,compose-post-service,2
1650482041,compose-post-service,2
1650482042,compose-post-service,2
1650482043,compose-post-service,2
1650482044,compose-post-service,2
1650482044,compose-post-service,2
1650482044,compose-post-service,2
1650482045,compose-post-service,2
1650482045,compose-post-service,2
1650482046,compose-post-service,2
1650482047,compose-post-service,2
1650482047,compose-post-service,2
1650482047,compose-post-service,2
1650482048,compose-post-service,2
1650482049,compose-post-service,2
1650482049,compose-post-service,2
1650482050,compose-post-service,2
1650482050,compose-post-service,2
1650482050,compose-post-service,2
1650482051,compose-post-service,2
1650482052,compose-post-service,2
1650482053,compose-post-service,2
1650482054,compose-post-service,2
1650482054,compose-post-service,2
1650482055,compose-post-service,2
1650482055,compose-post-service,2
1650482055,compose-post-service,2
1650482056,compose-post-service,2
1650482056,compose-post-service,2
1650482057,compose-post-service,2
1650482058,compose-post-service,2
1650482059,compose-post-service,2
1650482059,compose-post-service,2
1650482060,compose-post-service,2
1650482061,compose-post-service,2
1650482061,compose-post-service,2
1650482061,compose-post-service,2
1650482062,compose-post-service,2
1650482062,compose-post-service,2
1650482063,compose-post-service,2
1650482063,compose-post-service,2
1650482064,compose-post-service,2
1650482064,compose-post-service,2
1650482065,compose-post-service,2
1650482065,compose-post-service,2
1650482066,compose-post-service,2
1650482066,compose-post-service,2
1650482067,compose-post-service,2
1650482068,compose-post-service,2
1650482069,compose-post-service,2
1650482069,compose-post-service,2
1650482069,compose-post-service,2
1650482070,compose-post-service,2
1650482070,compose-post-service,2
1650482071,compose-post-service,2
1650482071,compose-post-service,2
1650482072,compose-post-service,2
1650482073,compose-post-service,2
1650482073,compose-post-service,2
1650482074,compose-post-service,2
1650482075,compose-post-service,2
1650482075,compose-post-service,2
1650482075,compose-post-service,2
1650482076,compose-post-service,2
1650482077,compose-post-service,2
1650482077,compose-post-service,2
1650482078,compose-post-service,2
1650482079,compose-post-service,2
1650482080,compose-post-service,2
1650482080,compose-post-service,2
1650482080,compose-post-service,2
1650482081,compose-post-service,2
1650482082,compose-post-service,2
1650482082,compose-post-service,2
1650482083,compose-post-service,2
1650482084,compose-post-service,2
1650482084,compose-post-service,2
1650482085,compose-post-service,2
1650482086,compose-post-service,2
1650482086,compose-post-service,2
1650482087,compose-post-service,2
1650482087,compose-post-service,2
1650482088,compose-post-service,2
1650482089,compose-post-service,2
1650482089,compose-post-service,2
1650482090,compose-post-service,2
1650482090,compose-post-service,2
1650482091,compose-post-service,2
1650482091,compose-post-service,2
1650482092,compose-post-service,2
1650482093,compose-post-service,2
1650482094,compose-post-service,2
1650482094,compose-post-service,2
1650482095,compose-post-service,2
1650482095,compose-post-service,2
1650482096,compose-post-service,2
1650482097,compose-post-service,2
1650482097,compose-post-service,2
1650482098,compose-post-service,2
1650482098,compose-post-service,2
1650482099,compose-post-service,2
1650482100,compose-post-service,2
1650482100,compose-post-service,2
1650482101,compose-post-service,2
1650482101,compose-post-service,2
1650482102,compose-post-service,2
1650482102,compose-post-service,2
1650482102,compose-post-service,2
1650482103,compose-post-service,2
1650482104,compose-post-service,2
1650482105,compose-post-service,2
1650482105,compose-post-service,2
1650482106,compose-post-service,2
1650482107,compose-post-service,2
1650482108,compose-post-service,2
1650482108,compose-post-service,2
1650482108,compose-post-service,2
1650482108,compose-post-service,2
1650482109,compose-post-service,2
1650482110,compose-post-service,2
1650482111,compose-post-service,2
1650482111,compose-post-service,2
1650482112,compose-post-service,2
1650482112,compose-post-service,2
1650482113,compose-post-service,2
1650482114,compose-post-service,2
1650482114,compose-post-service,2
1650482114,compose-post-service,2
1650482115,compose-post-service,2
1650482116,compose-post-service,2
1650482117,compose-post-service,2
1650482117,compose-post-service,2
1650482117,compose-post-service,2
1650482117,compose-post-service,2
1650482117,compose-post-service,2
1650482118,compose-post-service,2
1650482118,compose-post-service,2
1650482119,compose-post-service,2
1650482119,compose-post-service,2
1650482120,compose-post-service,2
1650482120,compose-post-service,2
1650482121,compose-post-service,2
1650482121,compose-post-service,2
1650482122,compose-post-service,2
1650482122,compose-post-service,2
1650482123,compose-post-service,2
1650482123,compose-post-service,2
1650482123,compose-post-service,2
1650482124,compose-post-service,2
1650482124,compose-post-service,2
1650482125,compose-post-service,2
1650482126,compose-post-service,2
1650482127,compose-post-service,2
1650482127,compose-post-service,2
1650482128,compose-post-service,2
1650482128,compose-post-service,2
1650482129,compose-post-service,2
1650482129,compose-post-service,2
1650482130,compose-post-service,2
1650482131,compose-post-service,2
1650482132,compose-post-service,2
1650482132,compose-post-service,2
1650482132,compose-post-service,2
1650482133,compose-post-service,2
1650482133,compose-post-service,2
1650482134,compose-post-service,2
1650482135,compose-post-service,2
1650482136,compose-post-service,2
1650482136,compose-post-service,2
1650482136,compose-post-service,2
1650482137,compose-post-service,2
1650482138,compose-post-service,2
1650482138,compose-post-service,2
1650482139,compose-post-service,2
1650482140,compose-post-service,2
1650482141,compose-post-service,2
1650482142,compose-post-service,2
1650482142,compose-post-service,2
1650482142,compose-post-service,2
1650482142,compose-post-service,2
1650482143,compose-post-service,2
1650482143,compose-post-service,2
1650482144,compose-post-service,2
1650482145,compose-post-service,2
1650482146,compose-post-service,2
1650482147,compose-post-service,2
1650482147,compose-post-service,2
1650482148,compose-post-service,2
1650482148,compose-post-service,2
1650482148,compose-post-service,2
1650482149,compose-post-service,2
1650482150,compose-post-service,2
1650482151,compose-post-service,2
1650482151,compose-post-service,2
1650482152,compose-post-service,2
1650482152,compose-post-service,2
1650482152,compose-post-service,2
1650482152,compose-post-service,2
1650482153,compose-post-service,2
1650482153,compose-post-service,2
1650482154,compose-post-service,2
1650482155,compose-post-service,2
1650482156,compose-post-service,2
1650482156,compose-post-service,2
1650482156,compose-post-service,2
1650482157,compose-post-service,2
1650482157,compose-post-service,2
1650482157,compose-post-service,2
1650482158,compose-post-service,2
1650482158,compose-post-service,2
1650482159,compose-post-service,2
1650482159,compose-post-service,2
1650482159,compose-post-service,2
1650482160,compose-post-service,2
1650482160,compose-post-service,2
1650482161,compose-post-service,2
1650482161,compose-post-service,2
1650482162,compose-post-service,2
1650482162,compose-post-service,2
1650482163,compose-post-service,2
1650482164,compose-post-service,2
1650482164,compose-post-service,2
1650482165,compose-post-service,2
1650482165,compose-post-service,2
1650482165,compose-post-service,2
1650482166,compose-post-service,2
1650482167,compose-post-service,2
1650482168,compose-post-service,2
1650482169,compose-post-service,2
1650482169,compose-post-service,2
1650482170,compose-post-service,2
1650482171,compose-post-service,2
1650482171,compose-post-service,2
1650482172,compose-post-service,2
1650482173,compose-post-service,2
1650482173,compose-post-service,2
1650482173,compose-post-service,2
1650482174,compose-post-service,2
1650482175,compose-post-service,2
1650482175,compose-post-service,2
1650482176,compose-post-service,2
1650482176,compose-post-service,2
1650482176,compose-post-service,2
1650482177,compose-post-service,2
1650482177,compose-post-service,2
1650482178,compose-post-service,2
1650482179,compose-post-service,2
1650482179,compose-post-service,2
1650482180,compose-post-service,2
1650482180,compose-post-service,2
1650482181,compose-post-service,2
1650482181,compose-post-service,2
1650482182,compose-post-service,2
1650482182,compose-post-service,2
1650482183,compose-post-service,2
1650482184,compose-post-service,2
1650482184,compose-post-service,2
1650482185,compose-post-service,2
1650482186,compose-post-service,2
1650482186,compose-post-service,2
1650482186,compose-post-service,2
1650482186,compose-post-service,2
1650482186,compose-post-service,2
1650482187,compose-post-service,2
1650482188,compose-post-service,2
1650482189,compose-post-service,2
1650482189,compose-post-service,2
1650482190,compose-post-service,2
1650482190,compose-post-service,2
1650482191,compose-post-service,2
1650482191,compose-post-service,2
1650482192,compose-post-service,2
1650482193,compose-post-service,2
1650482193,compose-post-service,2
1650482194,compose-post-service,2
1650482194,compose-post-service,2
1650482194,compose-post-service,2
1650482195,compose-post-service,2
1650482196,compose-post-service,2
1650482197,compose-post-service,2
1650482197,compose-post-service,2
1650482197,compose-post-service,2
1650482197,compose-post-service,2
1650482198,compose-post-service,2
1650482199,compose-post-service,2
1650482199,compose-post-service,2
1650482200,compose-post-service,2
1650482201,compose-post-service,2
1650482202,compose-post-service,2
1650482202,compose-post-service,2
1650482202,compose-post-service,2
1650482203,compose-post-service,2
1650482203,compose-post-service,2
1650482203,compose-post-service,2
1650482204,compose-post-service,2
1650482204,compose-post-service,2
1650482205,compose-post-service,2
1650482205,compose-post-service,2
1650482206,compose-post-service,2
1650482207,compose-post-service,2
1650482207,compose-post-service,2
1650482207,compose-post-service,2
1650482208,compose-post-service,2
1650482209,compose-post-service,2
1650482210,compose-post-service,2
1650482211,compose-post-service,2
1650480770,user-service,3
1650480770,user-service,3
1650480770,user-service,3
1650480770,user-service,3
1650480770,user-service,3
1650480770,user-service,3
1650480771,user-service,3
1650480771,user-service,3
1650480771,user-service,3
1650480771,user-service,3
1650480772,user-service,3
1650480772,user-service,3
1650480772,user-service,3
1650480772,user-service,3
1650480773,user-service,3
1650480773,user-service,3
1650480773,user-service,3
1650480773,user-service,3
1650480773,user-service,3
1650480773,user-service,3
1650480774,user-service,3
1650480774,user-service,3
1650480774,user-service,3
1650480774,user-service,3
1650480775,user-service,3
1650480775,user-service,3
1650480776,user-service,3
1650480776,user-service,3
1650480777,user-service,3
1650480777,user-service,3
1650480777,user-service,3
1650480777,user-service,3
1650480777,user-service,3
1650480777,user-service,3
1650480778,user-service,3
1650480778,user-service,3
1650480779,user-service,3
1650480779,user-service,3
1650480779,user-service,3
1650480779,user-service,3
1650480780,user-service,3
1650480780,user-service,3
1650480780,user-service,3
1650480780,user-service,3
1650480781,user-service,3
1650480781,user-service,3
1650480782,user-service,3
1650480782,user-service,3
1650480783,user-service,3
1650480783,user-service,3
1650480783,user-service,3
1650480783,user-service,3
1650480784,user-service,3
1650480784,user-service,3
1650480784,user-service,3
1650480784,user-service,3
1650480784,user-service,3
1650480784,user-service,3
1650480785,user-service,3
1650480785,user-service,3
1650480786,user-service,3
1650480786,user-service,3
1650480786,user-service,3
1650480786,user-service,3
1650480787,user-service,3
1650480787,user-service,3
1650480787,user-service,3
1650480787,user-service,3
1650480788,user-service,3
1650480788,user-service,3
1650480788,user-service,3
1650480788,user-service,3
1650480788,user-service,3
1650480788,user-service,3
1650480789,user-service,3
1650480789,user-service,3
1650480790,user-service,3
1650480790,user-service,3
1650480791,user-service,3
1650480791,user-service,3
1650480791,user-service,3
1650480791,user-service,3
1650480792,user-service,3
1650480792,user-service,3
1650480793,user-service,3
1650480793,user-service,3
1650480794,user-service,3
1650480794,user-service,3
1650480794,user-service,3
1650480794,user-service,3
1650480795,user-service,3
1650480795,user-service,3
1650480796,user-service,3
1650480796,user-service,3
1650480796,user-service,3
1650480796,user-service,3
1650480797,user-service,3
1650480797,user-service,3
1650480797,user-service,3
1650480797,user-service,3
1650480798,user-service,3
1650480798,user-service,3
1650480799,user-service,3
1650480799,user-service,3
1650480799,user-service,3
1650480799,user-service,3
1650480800,user-service,3
1650480800,user-service,3
1650480801,user-service,3
1650480801,user-service,3
1650480802,user-service,3
1650480802,user-service,3
1650480803,user-service,3
1650480803,user-service,3
1650480803,user-service,3
1650480803,user-service,3
1650480804,user-service,3
1650480804,user-service,3
1650480804,user-service,3
1650480804,user-service,3
1650480805,user-service,3
1650480805,user-service,3
1650480805,user-service,3
1650480805,user-service,3
1650480805,user-service,3
1650480805,user-service,3
1650480806,user-service,3
1650480806,user-service,3
1650480807,user-service,3
1650480807,user-service,3
1650480807,user-service,3
1650480807,user-service,3
1650480808,user-service,3
1650480808,user-service,3
1650480808,user-service,3
1650480808,user-service,3
1650480809,user-service,3
1650480809,user-service,3
1650480809,user-service,3
1650480809,user-service,3
1650480810,user-service,3
1650480810,user-service,3
1650480810,user-service,3
1650480810,user-service,3
1650480810,user-service,3
1650480810,user-service,3
1650480811,user-service,3
1650480811,user-service,3
1650480812,user-service,3
1650480812,user-service,3
1650480812,user-service,3
1650480812,user-service,3
1650480813,user-service,3
1650480813,user-service,3
1650480814,user-service,3
1650480814,user-service,3
1650480814,user-service,3
1650480814,user-service,3
1650480815,user-service,3
1650480815,user-service,3
1650480816,user-service,3
1650480816,user-service,3
1650480817,user-service,3
1650480817,user-service,3
1650480817,user-service,3
1650480817,user-service,3
1650480818,user-service,3
1650480818,user-service,3
1650480818,user-service,3
1650480818,user-service,3
1650480818,user-service,3
1650480818,user-service,3
1650480818,user-service,3
1650480818,user-service,3
1650480819,user-service,3
1650480819,user-service,3
1650480820,user-service,3
1650480820,user-service,3
1650480820,user-service,3
1650480820,user-service,3
1650480820,user-service,3
1650480820,user-service,3
1650480821,user-service,3
1650480821,user-service,3
1650480821,user-service,3
1650480821,user-service,3
1650480822,user-service,3
1650480822,user-service,3
1650480822,user-service,3
1650480822,user-service,3
1650480823,user-service,3
1650480823,user-service,3
1650480824,user-service,3
1650480824,user-service,3
1650480825,user-service,3
1650480825,user-service,3
1650480826,user-service,3
1650480826,user-service,3
1650480826,user-service,3
1650480826,user-service,3
1650480827,user-service,3
1650480827,user-service,3
1650480827,user-service,3
1650480827,user-service,3
1650480827,user-service,3
1650480827,user-service,3
1650480828,user-service,3
1650480828,user-service,3
1650480828,user-service,3
1650480828,user-service,3
1650480829,user-service,3
1650480829,user-service,3
1650480830,user-service,3
1650480830,user-service,3
1650480831,user-service,3
1650480831,user-service,3
1650480831,user-service,3
1650480831,user-service,3
1650480832,user-service,3
1650480832,user-service,3
1650480833,user-service,3
1650480833,user-service,3
1650480834,user-service,3
1650480834,user-service,3
1650480834,user-service,3
1650480834,user-service,3
1650480835,user-service,3
1650480835,user-service,3
1650480836,user-service,3
1650480836,user-service,3
1650480837,user-service,3
1650480837,user-service,3
1650480837,user-service,3
1650480837,user-service,3
1650480837,user-service,3
1650480837,user-service,3
1650480838,user-service,3
1650480838,user-service,3
1650480839,user-service,3
1650480839,user-service,3
1650480839,user-service,3
1650480839,user-service,3
1650480839,user-service,3
1650480839,user-service,3
1650480840,user-service,3
1650480840,user-service,3
1650480841,user-service,3
1650480841,user-service,3
1650480841,user-service,3
1650480841,user-service,3
1650480841,user-service,3
1650480841,user-service,3
1650480842,user-service,3
1650480842,user-service,3
1650480842,user-service,3
1650480842,user-service,3
1650480843,user-service,3
1650480843,user-service,3
1650480844,user-service,3
1650480844,user-service,3
1650480844,user-service,3
1650480844,user-service,3
1650480844,user-service,3
1650480844,user-service,3
1650480845,user-service,3
1650480845,user-service,3
1650480845,user-service,3
1650480845,user-service,3
1650480846,user-service,3
1650480846,user-service,3
1650480847,user-service,3
1650480847,user-service,3
1650480847,user-service,3
1650480847,user-service,3
1650480848,user-service,3
1650480848,user-service,3
1650480848,user-service,3
1650480848,user-service,3
1650480849,user-service,3
1650480849,user-service,3
1650480849,user-service,3
1650480849,user-service,3
1650480849,user-service,3
1650480849,user-service,3
1650480850,user-service,3
1650480850,user-service,3
1650480851,user-service,3
1650480851,user-service,3
1650480852,user-service,3
1650480852,user-service,3
1650480852,user-service,3
1650480852,user-service,3
1650480853,user-service,3
1650480853,user-service,3
1650480853,user-service,3
1650480853,user-service,3
1650480854,user-service,3
1650480854,user-service,3
1650480855,user-service,3
1650480855,user-service,3
1650480855,user-service,3
1650480855,user-service,3
1650480855,user-service,3
1650480855,user-service,3
1650480856,user-service,3
1650480856,user-service,3
1650480856,user-service,3
1650480856,user-service,3
1650480857,user-service,3
1650480857,user-service,3
1650480858,user-service,3
1650480858,user-service,3
1650480858,user-service,3
1650480858,user-service,3
1650480858,user-service,3
1650480858,user-service,3
1650480859,user-service,3
1650480859,user-service,3
1650480859,user-service,3
1650480859,user-service,3
1650480859,user-service,3
1650480859,user-service,3
1650480860,user-service,3
1650480860,user-service,3
1650480860,user-service,3
1650480860,user-service,3
1650480861,user-service,3
1650480861,user-service,3
1650480861,user-service,3
1650480861,user-service,3
1650480862,user-service,3
1650480862,user-service,3
1650480862,user-service,3
1650480862,user-service,3
1650480863,user-service,3
1650480863,user-service,3
1650480864,user-service,3
1650480864,user-service,3
1650480864,user-service,3
1650480864,user-service,3
1650480865,user-service,3
1650480865,user-service,3
1650480865,user-service,3
1650480865,user-service,3
1650480866,user-service,3
1650480866,user-service,3
1650480867,user-service,3
1650480867,user-service,3
1650480868,user-service,3
1650480868,user-service,3
1650480868,user-service,3
1650480868,user-service,3
1650480869,user-service,3
1650480869,user-service,3
1650480870,user-service,3
1650480870,user-service,3
1650480870,user-service,3
1650480870,user-service,3
1650480871,user-service,3
1650480871,user-service,3
1650480872,user-service,3
1650480872,user-service,3
1650480872,user-service,3
1650480872,user-service,3
1650480873,user-service,3
1650480873,user-service,3
1650480873,user-service,3
1650480873,user-service,3
1650480874,user-service,3
1650480874,user-service,3
1650480874,user-service,3
1650480874,user-service,3
1650480875,user-service,3
1650480875,user-service,3
1650480876,user-service,3
1650480876,user-service,3
1650480877,user-service,3
1650480877,user-service,3
1650480877,user-service,3
1650480877,user-service,3
1650480878,user-service,3
1650480878,user-service,3
1650480879,user-service,3
1650480879,user-service,3
1650480880,user-service,3
1650480880,user-service,3
1650480880,user-service,3
1650480880,user-service,3
1650480881,user-service,3
1650480881,user-service,3
1650480881,user-service,3
1650480881,user-service,3
1650480882,user-service,3
1650480882,user-service,3
1650480882,user-service,3
1650480883,user-service,3
1650480883,user-service,3
1650480883,user-service,3
1650480884,user-service,3
1650480884,user-service,3
1650480885,user-service,3
1650480885,user-service,3
1650480885,user-service,3
1650480885,user-service,3
1650480886,user-service,3
1650480886,user-service,3
1650480886,user-service,3
1650480886,user-service,3
1650480887,user-service,3
1650480887,user-service,3
1650480887,user-service,3
1650480887,user-service,3
1650480887,user-service,3
1650480887,user-service,3
1650480888,user-service,3
1650480888,user-service,3
1650480888,user-service,3
1650480888,user-service,3
1650480889,user-service,3
1650480889,user-service,3
1650480889,user-service,3
1650480889,user-service,3
1650480890,user-service,3
1650480890,user-service,3
1650480891,user-service,3
1650480891,user-service,3
1650480891,user-service,3
1650480891,user-service,3
1650480891,user-service,3
1650480891,user-service,3
1650480892,user-service,3
1650480892,user-service,3
1650480893,user-service,3
1650480893,user-service,3
1650480894,user-service,3
1650480894,user-service,3
1650480894,user-service,3
1650480894,user-service,3
1650480895,user-service,3
1650480895,user-service,3
1650480896,user-service,3
1650480896,user-service,3
1650480896,user-service,3
1650480896,user-service,3
1650480896,user-service,3
1650480896,user-service,3
1650480896,user-service,3
1650480896,user-service,3
1650480897,user-service,3
1650480897,user-service,3
1650480898,user-service,3
1650480898,user-service,3
1650480898,user-service,3
1650480898,user-service,3
1650480899,user-service,3
1650480899,user-service,3
1650480899,user-service,3
1650480899,user-service,3
1650480900,user-service,3
1650480900,user-service,3
1650480900,user-service,3
1650480900,user-service,3
1650480901,user-service,3
1650480901,user-service,3
1650480902,user-service,3
1650480902,user-service,3
1650480902,user-service,3
1650480902,user-service,3
1650480903,user-service,3
1650480903,user-service,3
1650480903,user-service,3
1650480903,user-service,3
1650480904,user-service,3
1650480904,user-service,3
1650480904,user-service,3
1650480904,user-service,3
1650480904,user-service,3
1650480904,user-service,3
1650480905,user-service,3
1650480905,user-service,3
1650480905,user-service,3
1650480905,user-service,3
1650480905,user-service,3
1650480905,user-service,3
1650480906,user-service,3
1650480906,user-service,3
1650480907,user-service,3
1650480907,user-service,3
1650480907,user-service,3
1650480907,user-service,3
1650480908,user-service,3
1650480908,user-service,3
1650480909,user-service,3
1650480909,user-service,3
1650480909,user-service,3
1650480909,user-service,3
1650480910,user-service,3
1650480910,user-service,3
1650480911,user-service,3
1650480911,user-service,3
1650480912,user-service,3
1650480912,user-service,3
1650480912,user-service,3
1650480912,user-service,3
1650480912,user-service,3
1650480912,user-service,3
1650480913,user-service,3
1650480913,user-service,3
1650480913,user-service,3
1650480913,user-service,3
1650480914,user-service,3
1650480914,user-service,3
1650480915,user-service,3
1650480915,user-service,3
1650480915,user-service,3
1650480915,user-service,3
1650480915,user-service,3
1650480915,user-service,3
1650480916,user-service,3
1650480916,user-service,3
1650480917,user-service,3
1650480917,user-service,3
1650480918,user-service,3
1650480918,user-service,3
1650480918,user-service,3
1650480918,user-service,3
1650480919,user-service,3
1650480919,user-service,3
1650480919,user-service,3
1650480919,user-service,3
1650480920,user-service,3
1650480920,user-service,3
1650480921,user-service,3
1650480921,user-service,3
1650480921,user-service,3
1650480921,user-service,3
1650480921,user-service,3
1650480921,user-service,3
1650480922,user-service,3
1650480922,user-service,3
1650480923,user-service,3
1650480923,user-service,3
1650480923,user-service,3
1650480923,user-service,3
1650480924,user-service,3
1650480924,user-service,3
1650480924,user-service,3
1650480924,user-service,3
1650480925,user-service,3
1650480925,user-service,3
1650480926,user-service,3
1650480926,user-service,3
1650480926,user-service,3
1650480926,user-service,3
1650480926,user-service,3
1650480926,user-service,3
1650480926,user-service,3
1650480926,user-service,3
1650480927,user-service,3
1650480927,user-service,3
1650480928,user-service,3
1650480928,user-service,3
1650480928,user-service,3
1650480928,user-service,3
1650480929,user-service,3
1650480929,user-service,3
1650480929,user-service,3
1650480929,user-service,3
1650480929,user-service,3
1650480929,user-service,3
1650480930,user-service,3
1650480930,user-service,3
1650480930,user-service,3
1650480930,user-service,3
1650480930,user-service,3
1650480930,user-service,3
1650480931,user-service,3
1650480931,user-service,3
1650480932,user-service,3
1650480932,user-service,3
1650480932,user-service,3
1650480932,user-service,3
1650480933,user-service,3
1650480933,user-service,3
1650480933,user-service,3
1650480933,user-service,3
1650480934,user-service,3
1650480934,user-service,3
1650480935,user-service,3
1650480935,user-service,3
1650480935,user-service,3
1650480935,user-service,3
1650480936,user-service,3
1650480936,user-service,3
1650480937,user-service,3
1650480937,user-service,3
1650480938,user-service,3
1650480938,user-service,3
1650480938,user-service,3
1650480938,user-service,3
1650480939,user-service,3
1650480939,user-service,3
1650480939,user-service,3
1650480939,user-service,3
1650480939,user-service,3
1650480939,user-service,3
1650480939,user-service,3
1650480939,user-service,3
1650480940,user-service,3
1650480940,user-service,3
1650480940,user-service,3
1650480940,user-service,3
1650480941,user-service,3
1650480941,user-service,3
1650480942,user-service,3
1650480942,user-service,3
1650480942,user-service,3
1650480942,user-service,3
1650480942,user-service,3
1650480942,user-service,3
1650480943,user-service,3
1650480943,user-service,3
1650480943,user-service,3
1650480943,user-service,3
1650480944,user-service,3
1650480944,user-service,3
1650480945,user-service,3
1650480945,user-service,3
1650480946,user-service,3
1650480946,user-service,3
1650480946,user-service,3
1650480946,user-service,3
1650480947,user-service,3
1650480947,user-service,3
1650480947,user-service,3
1650480947,user-service,3
1650480948,user-service,3
1650480948,user-service,3
1650480949,user-service,3
1650480949,user-service,3
1650480949,user-service,3
1650480949,user-service,3
1650480950,user-service,3
1650480950,user-service,3
1650480951,user-service,3
1650480951,user-service,3
1650480952,user-service,3
1650480952,user-service,3
1650480952,user-service,3
1650480952,user-service,3
1650480952,user-service,3
1650480952,user-service,3
1650480953,user-service,3
1650480953,user-service,3
1650480954,user-service,3
1650480954,user-service,3
1650480954,user-service,3
1650480954,user-service,3
1650480955,user-service,3
1650480955,user-service,3
1650480955,user-service,3
1650480955,user-service,3
1650480955,user-service,3
1650480955,user-service,3
1650480956,user-service,3
1650480956,user-service,3
1650480956,user-service,3
1650480956,user-service,3
1650480956,user-service,3
1650480956,user-service,3
1650480956,user-service,3
1650480956,user-service,3
1650480957,user-service,3
1650480957,user-service,3
1650480957,user-service,3
1650480957,user-service,3
1650480958,user-service,3
1650480958,user-service,3
1650480959,user-service,3
1650480959,user-service,3
1650480960,user-service,3
1650480960,user-service,3
1650480960,user-service,3
1650480960,user-service,3
1650480961,user-service,3
1650480961,user-service,3
1650480962,user-service,3
1650480962,user-service,3
1650480962,user-service,3
1650480962,user-service,3
1650480963,user-service,3
1650480963,user-service,3
1650480963,user-service,3
1650480963,user-service,3
1650480964,user-service,3
1650480964,user-service,3
1650480964,user-service,3
1650480964,user-service,3
1650480965,user-service,3
1650480965,user-service,3
1650480965,user-service,3
1650480965,user-service,3
1650480966,user-service,3
1650480966,user-service,3
1650480967,user-service,3
1650480967,user-service,3
1650480967,user-service,3
1650480967,user-service,3
1650480968,user-service,3
1650480968,user-service,3
1650480969,user-service,3
1650480969,user-service,3
1650480970,user-service,3
1650480970,user-service,3
1650480970,user-service,3
1650480970,user-service,3
1650480971,user-service,3
1650480971,user-service,3
1650480971,user-service,3
1650480971,user-service,3
1650480972,user-service,3
1650480972,user-service,3
1650480973,user-service,3
1650480973,user-service,3
1650480973,user-service,3
1650480973,user-service,3
1650480973,user-service,3
1650480973,user-service,3
1650480974,user-service,3
1650480974,user-service,3
1650480975,user-service,3
1650480975,user-service,3
1650480975,user-service,3
1650480975,user-service,3
1650480976,user-service,3
1650480976,user-service,3
1650480976,user-service,3
1650480976,user-service,3
1650480977,user-service,3
1650480977,user-service,3
1650480978,user-service,3
1650480978,user-service,3
1650480979,user-service,3
1650480979,user-service,3
1650480980,user-service,3
1650480980,user-service,3
1650480981,user-service,3
1650480981,user-service,3
1650480981,user-service,3
1650480981,user-service,3
1650480981,user-service,3
1650480981,user-service,3
1650480982,user-service,3
1650480982,user-service,3
1650480982,user-service,3
1650480982,user-service,3
1650480983,user-service,3
1650480983,user-service,3
1650480984,user-service,3
1650480984,user-service,3
1650480984,user-service,3
1650480984,user-service,3
1650480985,user-service,3
1650480985,user-service,3
1650480986,user-service,3
1650480986,user-service,3
1650480986,user-service,3
1650480986,user-service,3
1650480987,user-service,3
1650480987,user-service,3
1650480987,user-service,3
1650480987,user-service,3
1650480988,user-service,3
1650480988,user-service,3
1650480988,user-service,3
1650480988,user-service,3
1650480989,user-service,3
1650480989,user-service,3
1650480989,user-service,3
1650480989,user-service,3
1650480990,user-service,3
1650480990,user-service,3
1650480991,user-service,3
1650480991,user-service,3
1650480991,user-service,3
1650480991,user-service,3
1650480991,user-service,3
1650480991,user-service,3
1650480992,user-service,3
1650480992,user-service,3
1650480992,user-service,3
1650480992,user-service,3
1650480993,user-service,3
1650480993,user-service,3
1650480993,user-service,3
1650480993,user-service,3
1650480994,user-service,3
1650480994,user-service,3
1650480994,user-service,3
1650480994,user-service,3
1650480994,user-service,3
1650480994,user-service,3
1650480995,user-service,3
1650480995,user-service,3
1650480996,user-service,3
1650480996,user-service,3
1650480997,user-service,3
1650480997,user-service,3
1650480997,user-service,3
1650480997,user-service,3
1650480997,user-service,3
1650480997,user-service,3
1650480997,user-service,3
1650480997,user-service,3
1650480998,user-service,3
1650480998,user-service,3
1650480998,user-service,3
1650480998,user-service,3
1650480999,user-service,3
1650480999,user-service,3
1650481000,user-service,3
1650481000,user-service,3
1650481001,user-service,3
1650481001,user-service,3
1650481001,user-service,3
1650481001,user-service,3
1650481002,user-service,3
1650481002,user-service,3
1650481002,user-service,3
1650481002,user-service,3
1650481003,user-service,3
1650481003,user-service,3
1650481004,user-service,3
1650481004,user-service,3
1650481004,user-service,3
1650481004,user-service,3
1650481005,user-service,3
1650481005,user-service,3
1650481006,user-service,3
1650481006,user-service,3
1650481006,user-service,3
1650481006,user-service,3
1650481007,user-service,3
1650481007,user-service,3
1650481007,user-service,3
1650481007,user-service,3
1650481008,user-service,3
1650481008,user-service,3
1650481008,user-service,3
1650481008,user-service,3
1650481009,user-service,3
1650481009,user-service,3
1650481010,user-service,3
1650481010,user-service,3
1650481010,user-service,3
1650481010,user-service,3
1650481010,user-service,3
1650481010,user-service,3
1650481010,user-service,3
1650481010,user-service,3
1650481011,user-service,3
1650481011,user-service,3
1650481011,user-service,3
1650481011,user-service,3
1650481012,user-service,3
1650481012,user-service,3
1650481012,user-service,3
1650481012,user-service,3
1650481013,user-service,3
1650481013,user-service,3
1650481013,user-service,3
1650481013,user-service,3
1650481013,user-service,3
1650481013,user-service,3
1650481014,user-service,3
1650481014,user-service,3
1650481014,user-service,3
1650481014,user-service,3
1650481015,user-service,3
1650481015,user-service,3
1650481016,user-service,3
1650481016,user-service,3
1650481016,user-service,3
1650481016,user-service,3
1650481017,user-service,3
1650481017,user-service,3
1650481018,user-service,3
1650481018,user-service,3
1650481019,user-service,3
1650481019,user-service,3
1650481019,user-service,3
1650481019,user-service,3
1650481020,user-service,3
1650481020,user-service,3
1650481020,user-service,3
1650481020,user-service,3
1650481021,user-service,3
1650481021,user-service,3
1650481022,user-service,3
1650481022,user-service,3
1650481022,user-service,3
1650481022,user-service,3
1650481023,user-service,3
1650481023,user-service,3
1650481023,user-service,3
1650481023,user-service,3
1650481024,user-service,3
1650481024,user-service,3
1650481025,user-service,3
1650481025,user-service,3
1650481025,user-service,3
1650481025,user-service,3
1650481025,user-service,3
1650481025,user-service,3
1650481026,user-service,3
1650481026,user-service,3
1650481027,user-service,3
1650481027,user-service,3
1650481027,user-service,3
1650481027,user-service,3
1650481028,user-service,3
1650481028,user-service,3
1650481029,user-service,3
1650481029,user-service,3
1650481029,user-service,3
1650481029,user-service,3
1650481030,user-service,3
1650481030,user-service,3
1650481031,user-service,3
1650481031,user-service,3
1650481031,user-service,3
1650481031,user-service,3
1650481032,user-service,3
1650481032,user-service,3
1650481033,user-service,3
1650481033,user-service,3
1650481033,user-service,3
1650481033,user-service,3
1650481034,user-service,3
1650481034,user-service,3
1650481034,user-service,3
1650481034,user-service,3
1650481035,user-service,3
1650481035,user-service,3
1650481036,user-service,3
1650481036,user-service,3
1650481037,user-service,3
1650481037,user-service,3
1650481038,user-service,3
1650481038,user-service,3
1650481038,user-service,3
1650481038,user-service,3
1650481039,user-service,3
1650481039,user-service,3
1650481040,user-service,3
1650481040,user-service,3
1650481040,user-service,3
1650481040,user-service,3
1650481040,user-service,3
1650481040,user-service,3
1650481041,user-service,3
1650481041,user-service,3
1650481042,user-service,3
1650481042,user-service,3
1650481043,user-service,3
1650481043,user-service,3
1650481043,user-service,3
1650481043,user-service,3
1650481044,user-service,3
1650481044,user-service,3
1650481045,user-service,3
1650481045,user-service,3
1650481045,user-service,3
1650481045,user-service,3
1650481046,user-service,3
1650481046,user-service,3
1650481046,user-service,3
1650481046,user-service,3
1650481046,user-service,3
1650481046,user-service,3
1650481047,user-service,3
1650481047,user-service,3
1650481047,user-service,3
1650481047,user-service,3
1650481047,user-service,3
1650481047,user-service,3
1650481048,user-service,3
1650481048,user-service,3
1650481049,user-service,3
1650481049,user-service,3
1650481049,user-service,3
1650481049,user-service,3
1650481049,user-service,3
1650481049,user-service,3
1650481049,user-service,3
1650481049,user-service,3
1650481050,user-service,3
1650481050,user-service,3
1650481050,user-service,3
1650481050,user-service,3
1650481050,user-service,3
1650481050,user-service,3
1650481051,user-service,3
1650481051,user-service,3
1650481052,user-service,3
1650481052,user-service,3
1650481052,user-service,3
1650481052,user-service,3
1650481053,user-service,3
1650481053,user-service,3
1650481054,user-service,3
1650481054,user-service,3
1650481054,user-service,3
1650481054,user-service,3
1650481054,user-service,3
1650481054,user-service,3
1650481055,user-service,3
1650481055,user-service,3
1650481056,user-service,3
1650481056,user-service,3
1650481057,user-service,3
1650481057,user-service,3
1650481057,user-service,3
1650481057,user-service,3
1650481057,user-service,3
1650481057,user-service,3
1650481058,user-service,3
1650481058,user-service,3
1650481058,user-service,3
1650481058,user-service,3
1650481059,user-service,3
1650481059,user-service,3
1650481059,user-service,3
1650481059,user-service,3
1650481060,user-service,3
1650481060,user-service,3
1650481061,user-service,3
1650481061,user-service,3
1650481062,user-service,3
1650481062,user-service,3
1650481062,user-service,3
1650481062,user-service,3
1650481062,user-service,3
1650481062,user-service,3
1650481063,user-service,3
1650481063,user-service,3
1650481063,user-service,3
1650481063,user-service,3
1650481063,user-service,3
1650481063,user-service,3
1650481064,user-service,3
1650481064,user-service,3
1650481064,user-service,3
1650481064,user-service,3
1650481064,user-service,3
1650481064,user-service,3
1650481065,user-service,3
1650481065,user-service,3
1650481066,user-service,3
1650481066,user-service,3
1650481067,user-service,3
1650481067,user-service,3
1650481068,user-service,3
1650481068,user-service,3
1650481068,user-service,3
1650481068,user-service,3
1650481068,user-service,3
1650481068,user-service,3
1650481069,user-service,3
1650481069,user-service,3
1650481070,user-service,3
1650481070,user-service,3
1650481071,user-service,3
1650481071,user-service,3
1650481071,user-service,3
1650481071,user-service,3
1650481071,user-service,3
1650481071,user-service,3
1650481072,user-service,3
1650481072,user-service,3
1650481072,user-service,3
1650481072,user-service,3
1650481073,user-service,3
1650481073,user-service,3
1650481074,user-service,3
1650481074,user-service,3
1650481074,user-service,3
1650481074,user-service,3
1650481075,user-service,3
1650481075,user-service,3
1650481075,user-service,3
1650481075,user-service,3
1650481076,user-service,3
1650481076,user-service,3
1650481077,user-service,3
1650481077,user-service,3
1650481077,user-service,3
1650481077,user-service,3
1650481078,user-service,3
1650481078,user-service,3
1650481079,user-service,3
1650481079,user-service,3
1650481079,user-service,3
1650481079,user-service,3
1650481080,user-service,3
1650481080,user-service,3
1650481080,user-service,3
1650481080,user-service,3
1650481081,user-service,3
1650481081,user-service,3
1650481081,user-service,3
1650481081,user-service,3
1650481081,user-service,3
1650481081,user-service,3
1650481082,user-service,3
1650481082,user-service,3
1650481082,user-service,3
1650481082,user-service,3
1650481083,user-service,3
1650481083,user-service,3
1650481083,user-service,3
1650481083,user-service,3
1650481084,user-service,3
1650481084,user-service,3
1650481084,user-service,3
1650481084,user-service,3
1650481084,user-service,3
1650481084,user-service,3
1650481085,user-service,3
1650481085,user-service,3
1650481085,user-service,3
1650481085,user-service,3
1650481085,user-service,3
1650481085,user-service,3
1650481086,user-service,3
1650481086,user-service,3
1650481087,user-service,3
1650481087,user-service,3
1650481088,user-service,3
1650481088,user-service,3
1650481089,user-service,3
1650481089,user-service,3
1650481089,user-service,3
1650481089,user-service,3
1650481090,user-service,3
1650481090,user-service,3
1650481090,user-service,3
1650481090,user-service,3
1650481090,user-service,3
1650481090,user-service,3
1650481091,user-service,3
1650481091,user-service,3
1650481092,user-service,3
1650481092,user-service,3
1650481093,user-service,3
1650481093,user-service,3
1650481093,user-service,3
1650481093,user-service,3
1650481094,user-service,3
1650481094,user-service,3
1650481094,user-service,3
1650481094,user-service,3
1650481095,user-service,3
1650481095,user-service,3
1650481096,user-service,3
1650481096,user-service,3
1650481097,user-service,3
1650481097,user-service,3
1650481097,user-service,3
1650481097,user-service,3
1650481098,user-service,3
1650481098,user-service,3
1650481099,user-service,3
1650481099,user-service,3
1650481099,user-service,3
1650481099,user-service,3
1650481099,user-service,3
1650481099,user-service,3
1650481100,user-service,3
1650481100,user-service,3
1650481100,user-service,3
1650481100,user-service,3
1650481101,user-service,3
1650481101,user-service,3
1650481102,user-service,3
1650481102,user-service,3
1650481103,user-service,3
1650481103,user-service,3
1650481103,user-service,3
1650481103,user-service,3
1650481103,user-service,3
1650481103,user-service,3
1650481104,user-service,3
1650481104,user-service,3
1650481105,user-service,3
1650481105,user-service,3
1650481105,user-service,3
1650481105,user-service,3
1650481106,user-service,3
1650481106,user-service,3
1650481107,user-service,3
1650481107,user-service,3
1650481108,user-service,3
1650481108,user-service,3
1650481108,user-service,3
1650481108,user-service,3
1650481108,user-service,3
1650481108,user-service,3
1650481109,user-service,3
1650481109,user-service,3
1650481109,user-service,3
1650481109,user-service,3
1650481110,user-service,3
1650481110,user-service,3
1650481110,user-service,3
1650481110,user-service,3
1650481111,user-service,3
1650481111,user-service,3
1650481111,user-service,3
1650481111,user-service,3
1650481112,user-service,3
1650481112,user-service,3
1650481112,user-service,3
1650481112,user-service,3
1650481113,user-service,3
1650481113,user-service,3
1650481113,user-service,3
1650481113,user-service,3
1650481114,user-service,3
1650481114,user-service,3
1650481114,user-service,3
1650481114,user-service,3
1650481114,user-service,3
1650481114,user-service,3
1650481115,user-service,3
1650481115,user-service,3
1650481116,user-service,3
1650481116,user-service,3
1650481116,user-service,3
1650481116,user-service,3
1650481116,user-service,3
1650481116,user-service,3
1650481117,user-service,3
1650481117,user-service,3
1650481117,user-service,3
1650481117,user-service,3
1650481118,user-service,3
1650481118,user-service,3
1650481119,user-service,3
1650481119,user-service,3
1650481119,user-service,3
1650481119,user-service,3
1650481120,user-service,3
1650481120,user-service,3
1650481120,user-service,3
1650481120,user-service,3
1650481121,user-service,3
1650481121,user-service,3
1650481121,user-service,3
1650481121,user-service,3
1650481122,user-service,3
1650481122,user-service,3
1650481123,user-service,3
1650481123,user-service,3
1650481123,user-service,3
1650481123,user-service,3
1650481123,user-service,3
1650481123,user-service,3
1650481124,user-service,3
1650481124,user-service,3
1650481125,user-service,3
1650481125,user-service,3
1650481125,user-service,3
1650481125,user-service,3
1650481126,user-service,3
1650481126,user-service,3
1650481126,user-service,3
1650481126,user-service,3
1650481127,user-service,3
1650481127,user-service,3
1650481128,user-service,3
1650481128,user-service,3
1650481129,user-service,3
1650481129,user-service,3
1650481129,user-service,3
1650481129,user-service,3
1650481130,user-service,3
1650481130,user-service,3
1650481130,user-service,3
1650481130,user-service,3
1650481130,user-service,3
1650481130,user-service,3
1650481131,user-service,3
1650481131,user-service,3
1650481132,user-service,3
1650481132,user-service,3
1650481132,user-service,3
1650481132,user-service,3
1650481132,user-service,3
1650481132,user-service,3
1650481132,user-service,3
1650481132,user-service,3
1650481133,user-service,3
1650481133,user-service,3
1650481133,user-service,3
1650481133,user-service,3
1650481134,user-service,3
1650481134,user-service,3
1650481134,user-service,3
1650481134,user-service,3
1650481134,user-service,3
1650481134,user-service,3
1650481135,user-service,3
1650481135,user-service,3
1650481136,user-service,3
1650481136,user-service,3
1650481137,user-service,3
1650481137,user-service,3
1650481137,user-service,3
1650481137,user-service,3
1650481138,user-service,3
1650481138,user-service,3
1650481139,user-service,3
1650481139,user-service,3
1650481139,user-service,3
1650481139,user-service,3
1650481140,user-service,3
1650481140,user-service,3
1650481141,user-service,3
1650481141,user-service,3
1650481141,user-service,3
1650481141,user-service,3
1650481142,user-service,3
1650481142,user-service,3
1650481142,user-service,3
1650481142,user-service,3
1650481143,user-service,3
1650481143,user-service,3
1650481143,user-service,3
1650481143,user-service,3
1650481144,user-service,3
1650481144,user-service,3
1650481145,user-service,3
1650481145,user-service,3
1650481145,user-service,3
1650481145,user-service,3
1650481146,user-service,3
1650481146,user-service,3
1650481146,user-service,3
1650481146,user-service,3
1650481147,user-service,3
1650481147,user-service,3
1650481147,user-service,3
1650481147,user-service,3
1650481148,user-service,3
1650481148,user-service,3
1650481149,user-service,3
1650481149,user-service,3
1650481149,user-service,3
1650481149,user-service,3
1650481150,user-service,3
1650481150,user-service,3
1650481151,user-service,3
1650481151,user-service,3
1650481151,user-service,3
1650481151,user-service,3
1650481152,user-service,3
1650481152,user-service,3
1650481152,user-service,3
1650481152,user-service,3
1650481153,user-service,3
1650481153,user-service,3
1650481153,user-service,3
1650481153,user-service,3
1650481153,user-service,3
1650481153,user-service,3
1650481154,user-service,3
1650481154,user-service,3
1650481154,user-service,3
1650481154,user-service,3
1650481154,user-service,3
1650481154,user-service,3
1650481155,user-service,3
1650481155,user-service,3
1650481155,user-service,3
1650481155,user-service,3
1650481156,user-service,3
1650481156,user-service,3
1650481156,user-service,3
1650481156,user-service,3
1650481157,user-service,3
1650481157,user-service,3
1650481157,user-service,3
1650481157,user-service,3
1650481158,user-service,3
1650481158,user-service,3
1650481159,user-service,3
1650481159,user-service,3
1650481160,user-service,3
1650481160,user-service,3
1650481160,user-service,3
1650481160,user-service,3
1650481161,user-service,3
1650481161,user-service,3
1650481162,user-service,3
1650481162,user-service,3
1650481162,user-service,3
1650481162,user-service,3
1650481163,user-service,3
1650481163,user-service,3
1650481163,user-service,3
1650481163,user-service,3
1650481164,user-service,3
1650481164,user-service,3
1650481164,user-service,3
1650481164,user-service,3
1650481164,user-service,3
1650481164,user-service,3
1650481165,user-service,3
1650481165,user-service,3
1650481165,user-service,3
1650481165,user-service,3
1650481165,user-service,3
1650481165,user-service,3
1650481166,user-service,3
1650481166,user-service,3
1650481167,user-service,3
1650481167,user-service,3
1650481167,user-service,3
1650481167,user-service,3
1650481168,user-service,3
1650481168,user-service,3
1650481169,user-service,3
1650481169,user-service,3
1650481169,user-service,3
1650481169,user-service,3
1650481170,user-service,3
1650481170,user-service,3
1650481170,user-service,3
1650481170,user-service,3
1650481170,user-service,3
1650481170,user-service,3
1650481171,user-service,3
1650481171,user-service,3
1650481171,user-service,3
1650481171,user-service,3
1650481172,user-service,3
1650481172,user-service,3
1650481172,user-service,3
1650481172,user-service,3
1650481173,user-service,3
1650481173,user-service,3
1650481174,user-service,3
1650481174,user-service,3
1650481175,user-service,3
1650481175,user-service,3
1650481175,user-service,3
1650481175,user-service,3
1650481176,user-service,3
1650481176,user-service,3
1650481177,user-service,3
1650481177,user-service,3
1650481178,user-service,3
1650481178,user-service,3
1650481178,user-service,3
1650481178,user-service,3
1650481179,user-service,3
1650481179,user-service,3
1650481180,user-service,3
1650481180,user-service,3
1650481181,user-service,3
1650481181,user-service,3
1650481181,user-service,3
1650481181,user-service,3
1650481182,user-service,3
1650481182,user-service,3
1650481183,user-service,3
1650481183,user-service,3
1650481183,user-service,3
1650481183,user-service,3
1650481184,user-service,3
1650481184,user-service,3
1650481184,user-service,3
1650481184,user-service,3
1650481186,user-service,3
1650481186,user-service,3
1650481186,user-service,3
1650481186,user-service,3
1650481187,user-service,3
1650481187,user-service,3
1650481187,user-service,3
1650481187,user-service,3
1650481188,user-service,3
1650481188,user-service,3
1650481189,user-service,3
1650481189,user-service,3
1650481189,user-service,3
1650481189,user-service,3
1650481190,user-service,3
1650481190,user-service,3
1650481190,user-service,3
1650481190,user-service,3
1650481190,user-service,3
1650481190,user-service,3
1650481191,user-service,3
1650481191,user-service,3
1650481192,user-service,3
1650481192,user-service,3
1650481193,user-service,3
1650481193,user-service,3
1650481193,user-service,3
1650481193,user-service,3
1650481194,user-service,3
1650481194,user-service,3
1650481194,user-service,3
1650481194,user-service,3
1650481195,user-service,3
1650481195,user-service,3
1650481195,user-service,3
1650481195,user-service,3
1650481196,user-service,3
1650481196,user-service,3
1650481196,user-service,3
1650481196,user-service,3
1650481197,user-service,3
1650481197,user-service,3
1650481198,user-service,3
1650481198,user-service,3
1650481198,user-service,3
1650481198,user-service,3
1650481199,user-service,3
1650481199,user-service,3
1650481199,user-service,3
1650481199,user-service,3
1650481199,user-service,3
1650481199,user-service,3
1650481200,user-service,3
1650481200,user-service,3
1650481200,user-service,3
1650481200,user-service,3
1650481201,user-service,3
1650481201,user-service,3
1650481202,user-service,3
1650481202,user-service,3
1650481202,user-service,3
1650481202,user-service,3
1650481203,user-service,3
1650481203,user-service,3
1650481203,user-service,3
1650481203,user-service,3
1650481204,user-service,3
1650481204,user-service,3
1650481205,user-service,3
1650481205,user-service,3
1650481205,user-service,3
1650481205,user-service,3
1650481206,user-service,3
1650481206,user-service,3
1650481207,user-service,3
1650481207,user-service,3
1650481208,user-service,3
1650481208,user-service,3
1650481209,user-service,3
1650481209,user-service,3
1650481209,user-service,3
1650481209,user-service,3
1650481210,user-service,3
1650481210,user-service,3
1650481210,user-service,3
1650481210,user-service,3
1650481211,user-service,3
1650481211,user-service,3
1650481211,user-service,3
1650481211,user-service,3
1650481211,user-service,3
1650481211,user-service,3
1650481212,user-service,3
1650481212,user-service,3
1650481213,user-service,3
1650481213,user-service,3
1650481213,user-service,3
1650481213,user-service,3
1650481214,user-service,3
1650481214,user-service,3
1650481214,user-service,3
1650481214,user-service,3
1650481215,user-service,3
1650481215,user-service,3
1650481215,user-service,3
1650481215,user-service,3
1650481216,user-service,3
1650481216,user-service,3
1650481216,user-service,3
1650481216,user-service,3
1650481217,user-service,3
1650481217,user-service,3
1650481217,user-service,3
1650481217,user-service,3
1650481218,user-service,3
1650481218,user-service,3
1650481218,user-service,3
1650481218,user-service,3
1650481219,user-service,3
1650481219,user-service,3
1650481219,user-service,3
1650481219,user-service,3
1650481219,user-service,3
1650481219,user-service,3
1650481220,user-service,3
1650481220,user-service,3
1650481220,user-service,3
1650481220,user-service,3
1650481220,user-service,3
1650481220,user-service,3
1650481221,user-service,3
1650481221,user-service,3
1650481222,user-service,3
1650481222,user-service,3
1650481223,user-service,3
1650481223,user-service,3
1650481223,user-service,3
1650481223,user-service,3
1650481224,user-service,3
1650481224,user-service,3
1650481225,user-service,3
1650481225,user-service,3
1650481225,user-service,3
1650481225,user-service,3
1650481226,user-service,3
1650481226,user-service,3
1650481226,user-service,3
1650481226,user-service,3
1650481226,user-service,3
1650481226,user-service,3
1650481227,user-service,3
1650481227,user-service,3
1650481227,user-service,3
1650481227,user-service,3
1650481228,user-service,3
1650481228,user-service,3
1650481229,user-service,3
1650481229,user-service,3
1650481229,user-service,3
1650481229,user-service,3
1650481229,user-service,3
1650481229,user-service,3
1650481230,user-service,3
1650481230,user-service,3
1650481230,user-service,3
1650481230,user-service,3
1650481230,user-service,3
1650481230,user-service,3
1650481231,user-service,3
1650481231,user-service,3
1650481231,user-service,3
1650481231,user-service,3
1650481232,user-service,3
1650481232,user-service,3
1650481233,user-service,3
1650481233,user-service,3
1650481234,user-service,3
1650481234,user-service,3
1650481234,user-service,3
1650481234,user-service,3
1650481235,user-service,3
1650481235,user-service,3
1650481235,user-service,3
1650481235,user-service,3
1650481236,user-service,3
1650481236,user-service,3
1650481236,user-service,3
1650481236,user-service,3
1650481237,user-service,3
1650481237,user-service,3
1650481237,user-service,3
1650481237,user-service,3
1650481238,user-service,3
1650481238,user-service,3
1650481238,user-service,3
1650481238,user-service,3
1650481239,user-service,3
1650481239,user-service,3
1650481239,user-service,3
1650481239,user-service,3
1650481240,user-service,3
1650481240,user-service,3
1650481241,user-service,3
1650481241,user-service,3
1650481242,user-service,3
1650481242,user-service,3
1650481242,user-service,3
1650481242,user-service,3
1650481243,user-service,3
1650481243,user-service,3
1650481243,user-service,3
1650481243,user-service,3
1650481243,user-service,3
1650481243,user-service,3
1650481244,user-service,3
1650481244,user-service,3
1650481245,user-service,3
1650481245,user-service,3
1650481245,user-service,3
1650481245,user-service,3
1650481245,user-service,3
1650481245,user-service,3
1650481245,user-service,3
1650481245,user-service,3
1650481246,user-service,3
1650481246,user-service,3
1650481247,user-service,3
1650481247,user-service,3
1650481247,user-service,3
1650481247,user-service,3
1650481248,user-service,3
1650481248,user-service,3
1650481249,user-service,3
1650481249,user-service,3
1650481249,user-service,3
1650481249,user-service,3
1650481250,user-service,3
1650481250,user-service,3
1650481251,user-service,3
1650481251,user-service,3
1650481251,user-service,3
1650481251,user-service,3
1650481252,user-service,3
1650481252,user-service,3
1650481253,user-service,3
1650481253,user-service,3
1650481253,user-service,3
1650481253,user-service,3
1650481254,user-service,3
1650481254,user-service,3
1650481254,user-service,3
1650481254,user-service,3
1650481255,user-service,3
1650481255,user-service,3
1650481255,user-service,3
1650481255,user-service,3
1650481256,user-service,3
1650481256,user-service,3
1650481257,user-service,3
1650481257,user-service,3
1650481257,user-service,3
1650481257,user-service,3
1650481258,user-service,3
1650481258,user-service,3
1650481258,user-service,3
1650481258,user-service,3
1650481259,user-service,3
1650481259,user-service,3
1650481260,user-service,3
1650481260,user-service,3
1650481260,user-service,3
1650481260,user-service,3
1650481260,user-service,3
1650481260,user-service,3
1650481260,user-service,3
1650481260,user-service,3
1650481261,user-service,3
1650481261,user-service,3
1650481261,user-service,3
1650481261,user-service,3
1650481262,user-service,3
1650481262,user-service,3
1650481262,user-service,3
1650481262,user-service,3
1650481262,user-service,3
1650481262,user-service,3
1650481263,user-service,3
1650481263,user-service,3
1650481264,user-service,3
1650481264,user-service,3
1650481264,user-service,3
1650481264,user-service,3
1650481265,user-service,3
1650481265,user-service,3
1650481265,user-service,3
1650481265,user-service,3
1650481265,user-service,3
1650481265,user-service,3
1650481266,user-service,3
1650481266,user-service,3
1650481266,user-service,3
1650481266,user-service,3
1650481267,user-service,3
1650481267,user-service,3
1650481267,user-service,3
1650481267,user-service,3
1650481267,user-service,3
1650481267,user-service,3
1650481268,user-service,3
1650481268,user-service,3
1650481269,user-service,3
1650481269,user-service,3
1650481270,user-service,3
1650481270,user-service,3
1650481270,user-service,3
1650481270,user-service,3
1650481271,user-service,3
1650481271,user-service,3
1650481272,user-service,3
1650481272,user-service,3
1650481272,user-service,3
1650481272,user-service,3
1650481272,user-service,3
1650481272,user-service,3
1650481273,user-service,3
1650481273,user-service,3
1650481274,user-service,3
1650481274,user-service,3
1650481275,user-service,3
1650481275,user-service,3
1650481275,user-service,3
1650481275,user-service,3
1650481276,user-service,3
1650481276,user-service,3
1650481277,user-service,3
1650481277,user-service,3
1650481278,user-service,3
1650481278,user-service,3
1650481278,user-service,3
1650481278,user-service,3
1650481279,user-service,3
1650481279,user-service,3
1650481279,user-service,3
1650481279,user-service,3
1650481279,user-service,3
1650481279,user-service,3
1650481279,user-service,3
1650481279,user-service,3
1650481280,user-service,3
1650481280,user-service,3
1650481281,user-service,3
1650481281,user-service,3
1650481282,user-service,3
1650481282,user-service,3
1650481282,user-service,3
1650481282,user-service,3
1650481283,user-service,3
1650481283,user-service,3
1650481283,user-service,3
1650481283,user-service,3
1650481284,user-service,3
1650481284,user-service,3
1650481285,user-service,3
1650481285,user-service,3
1650481285,user-service,3
1650481285,user-service,3
1650481286,user-service,3
1650481286,user-service,3
1650481286,user-service,3
1650481286,user-service,3
1650481287,user-service,3
1650481287,user-service,3
1650481288,user-service,3
1650481288,user-service,3
1650481288,user-service,3
1650481288,user-service,3
1650481289,user-service,3
1650481289,user-service,3
1650481290,user-service,3
1650481290,user-service,3
1650481291,user-service,3
1650481291,user-service,3
1650481291,user-service,3
1650481291,user-service,3
1650481292,user-service,3
1650481292,user-service,3
1650481292,user-service,3
1650481292,user-service,3
1650481293,user-service,3
1650481293,user-service,3
1650481293,user-service,3
1650481293,user-service,3
1650481294,user-service,3
1650481294,user-service,3
1650481295,user-service,3
1650481295,user-service,3
1650481295,user-service,3
1650481295,user-service,3
1650481295,user-service,3
1650481295,user-service,3
1650481295,user-service,3
1650481295,user-service,3
1650481295,user-service,3
1650481295,user-service,3
1650481296,user-service,3
1650481296,user-service,3
1650481296,user-service,3
1650481296,user-service,3
1650481296,user-service,3
1650481296,user-service,3
1650481297,user-service,3
1650481297,user-service,3
1650481298,user-service,3
1650481298,user-service,3
1650481299,user-service,3
1650481299,user-service,3
1650481300,user-service,3
1650481300,user-service,3
1650481300,user-service,3
1650481300,user-service,3
1650481300,user-service,3
1650481300,user-service,3
1650481300,user-service,3
1650481300,user-service,3
1650481301,user-service,3
1650481301,user-service,3
1650481301,user-service,3
1650481301,user-service,3
1650481302,user-service,3
1650481302,user-service,3
1650481302,user-service,3
1650481302,user-service,3
1650481302,user-service,3
1650481302,user-service,3
1650481303,user-service,3
1650481303,user-service,3
1650481303,user-service,3
1650481303,user-service,3
1650481304,user-service,3
1650481304,user-service,3
1650481304,user-service,3
1650481304,user-service,3
1650481305,user-service,3
1650481305,user-service,3
1650481305,user-service,3
1650481305,user-service,3
1650481306,user-service,3
1650481306,user-service,3
1650481307,user-service,3
1650481307,user-service,3
1650481307,user-service,3
1650481307,user-service,3
1650481308,user-service,3
1650481308,user-service,3
1650481309,user-service,3
1650481309,user-service,3
1650481309,user-service,3
1650481309,user-service,3
1650481309,user-service,3
1650481309,user-service,3
1650481310,user-service,3
1650481310,user-service,3
1650481311,user-service,3
1650481311,user-service,3
1650481311,user-service,3
1650481311,user-service,3
1650481312,user-service,3
1650481312,user-service,3
1650481312,user-service,3
1650481312,user-service,3
1650481313,user-service,3
1650481313,user-service,3
1650481314,user-service,3
1650481314,user-service,3
1650481315,user-service,3
1650481315,user-service,3
1650481316,user-service,3
1650481316,user-service,3
1650481316,user-service,3
1650481316,user-service,3
1650481317,user-service,3
1650481317,user-service,3
1650481317,user-service,3
1650481317,user-service,3
1650481318,user-service,3
1650481318,user-service,3
1650481319,user-service,3
1650481319,user-service,3
1650481320,user-service,3
1650481320,user-service,3
1650481320,user-service,3
1650481320,user-service,3
1650481321,user-service,3
1650481321,user-service,3
1650481321,user-service,3
1650481321,user-service,3
1650481322,user-service,3
1650481322,user-service,3
1650481322,user-service,3
1650481322,user-service,3
1650481322,user-service,3
1650481322,user-service,3
1650481323,user-service,3
1650481323,user-service,3
1650481324,user-service,3
1650481324,user-service,3
1650481324,user-service,3
1650481324,user-service,3
1650481325,user-service,3
1650481325,user-service,3
1650481325,user-service,3
1650481325,user-service,3
1650481326,user-service,3
1650481326,user-service,3
1650481326,user-service,3
1650481326,user-service,3
1650481327,user-service,3
1650481327,user-service,3
1650481327,user-service,3
1650481327,user-service,3
1650481328,user-service,3
1650481328,user-service,3
1650481329,user-service,3
1650481329,user-service,3
1650481329,user-service,3
1650481329,user-service,3
1650481330,user-service,3
1650481330,user-service,3
1650481331,user-service,3
1650481331,user-service,3
1650481331,user-service,3
1650481331,user-service,3
1650481332,user-service,3
1650481332,user-service,3
1650481332,user-service,3
1650481332,user-service,3
1650481333,user-service,3
1650481333,user-service,3
1650481333,user-service,3
1650481333,user-service,3
1650481333,user-service,3
1650481333,user-service,3
1650481334,user-service,3
1650481334,user-service,3
1650481334,user-service,3
1650481334,user-service,3
1650481335,user-service,3
1650481335,user-service,3
1650481335,user-service,3
1650481335,user-service,3
1650481336,user-service,3
1650481336,user-service,3
1650481337,user-service,3
1650481337,user-service,3
1650481337,user-service,3
1650481337,user-service,3
1650481338,user-service,3
1650481338,user-service,3
1650481338,user-service,3
1650481338,user-service,3
1650481338,user-service,3
1650481338,user-service,3
1650481339,user-service,3
1650481339,user-service,3
1650481340,user-service,3
1650481340,user-service,3
1650481340,user-service,3
1650481340,user-service,3
1650481340,user-service,3
1650481340,user-service,3
1650481340,user-service,3
1650481340,user-service,3
1650481341,user-service,3
1650481341,user-service,3
1650481342,user-service,3
1650481342,user-service,3
1650481343,user-service,3
1650481343,user-service,3
1650481344,user-service,3
1650481344,user-service,3
1650481344,user-service,3
1650481344,user-service,3
1650481344,user-service,3
1650481344,user-service,3
1650481344,user-service,3
1650481344,user-service,3
1650481345,user-service,3
1650481345,user-service,3
1650481345,user-service,3
1650481345,user-service,3
1650481346,user-service,3
1650481346,user-service,3
1650481347,user-service,3
1650481347,user-service,3
1650481348,user-service,3
1650481348,user-service,3
1650481348,user-service,3
1650481349,user-service,3
1650481349,user-service,3
1650481349,user-service,3
1650481350,user-service,3
1650481350,user-service,3
1650481350,user-service,3
1650481350,user-service,3
1650481351,user-service,3
1650481351,user-service,3
1650481352,user-service,3
1650481352,user-service,3
1650481353,user-service,3
1650481353,user-service,3
1650481353,user-service,3
1650481353,user-service,3
1650481354,user-service,3
1650481354,user-service,3
1650481354,user-service,3
1650481354,user-service,3
1650481354,user-service,3
1650481354,user-service,3
1650481354,user-service,3
1650481354,user-service,3
1650481355,user-service,3
1650481355,user-service,3
1650481355,user-service,3
1650481355,user-service,3
1650481356,user-service,3
1650481356,user-service,3
1650481357,user-service,3
1650481357,user-service,3
1650481357,user-service,3
1650481357,user-service,3
1650481357,user-service,3
1650481357,user-service,3
1650481358,user-service,3
1650481358,user-service,3
1650481358,user-service,3
1650481358,user-service,3
1650481359,user-service,3
1650481359,user-service,3
1650481360,user-service,3
1650481360,user-service,3
1650481360,user-service,3
1650481360,user-service,3
1650481361,user-service,3
1650481361,user-service,3
1650481361,user-service,3
1650481361,user-service,3
1650481362,user-service,3
1650481362,user-service,3
1650481362,user-service,3
1650481362,user-service,3
1650481363,user-service,3
1650481363,user-service,3
1650481363,user-service,3
1650481363,user-service,3
1650481364,user-service,3
1650481364,user-service,3
1650481365,user-service,3
1650481365,user-service,3
1650481365,user-service,3
1650481365,user-service,3
1650481366,user-service,3
1650481366,user-service,3
1650481367,user-service,3
1650481367,user-service,3
1650481367,user-service,3
1650481367,user-service,3
1650481368,user-service,3
1650481368,user-service,3
1650481368,user-service,3
1650481368,user-service,3
1650481369,user-service,3
1650481369,user-service,3
1650481370,user-service,3
1650481370,user-service,3
1650481371,user-service,3
1650481371,user-service,3
1650481371,user-service,3
1650481371,user-service,3
1650481371,user-service,3
1650481371,user-service,3
1650481371,user-service,3
1650481371,user-service,3
1650481372,user-service,3
1650481372,user-service,3
1650481373,user-service,3
1650481373,user-service,3
1650481373,user-service,3
1650481373,user-service,3
1650481374,user-service,3
1650481374,user-service,3
1650481374,user-service,3
1650481374,user-service,3
1650481374,user-service,3
1650481374,user-service,3
1650481375,user-service,3
1650481375,user-service,3
1650481375,user-service,3
1650481375,user-service,3
1650481376,user-service,3
1650481376,user-service,3
1650481377,user-service,3
1650481377,user-service,3
1650481378,user-service,3
1650481378,user-service,3
1650481378,user-service,3
1650481378,user-service,3
1650481379,user-service,3
1650481379,user-service,3
1650481379,user-service,3
1650481379,user-service,3
1650481380,user-service,3
1650481380,user-service,3
1650481380,user-service,3
1650481380,user-service,3
1650481381,user-service,3
1650481381,user-service,3
1650481381,user-service,3
1650481381,user-service,3
1650481382,user-service,3
1650481382,user-service,3
1650481382,user-service,3
1650481382,user-service,3
1650481383,user-service,3
1650481383,user-service,3
1650481383,user-service,3
1650481383,user-service,3
1650481383,user-service,3
1650481383,user-service,3
1650481384,user-service,3
1650481384,user-service,3
1650481385,user-service,3
1650481385,user-service,3
1650481386,user-service,3
1650481386,user-service,3
1650481386,user-service,3
1650481386,user-service,3
1650481387,user-service,3
1650481387,user-service,3
1650481388,user-service,3
1650481388,user-service,3
1650481389,user-service,3
1650481389,user-service,3
1650481389,user-service,3
1650481389,user-service,3
1650481389,user-service,3
1650481389,user-service,3
1650481390,user-service,3
1650481390,user-service,3
1650481390,user-service,3
1650481390,user-service,3
1650481391,user-service,3
1650481391,user-service,3
1650481391,user-service,3
1650481391,user-service,3
1650481392,user-service,3
1650481392,user-service,3
1650481393,user-service,3
1650481393,user-service,3
1650481393,user-service,3
1650481393,user-service,3
1650481394,user-service,3
1650481394,user-service,3
1650481394,user-service,3
1650481394,user-service,3
1650481394,user-service,3
1650481394,user-service,3
1650481395,user-service,3
1650481395,user-service,3
1650481396,user-service,3
1650481396,user-service,3
1650481396,user-service,3
1650481396,user-service,3
1650481397,user-service,3
1650481397,user-service,3
1650481398,user-service,3
1650481398,user-service,3
1650481398,user-service,3
1650481398,user-service,3
1650481399,user-service,3
1650481399,user-service,3
1650481399,user-service,3
1650481399,user-service,3
1650481400,user-service,3
1650481400,user-service,3
1650481401,user-service,3
1650481401,user-service,3
1650481401,user-service,3
1650481401,user-service,3
1650481402,user-service,3
1650481402,user-service,3
1650481403,user-service,3
1650481403,user-service,3
1650481403,user-service,3
1650481403,user-service,3
1650481403,user-service,3
1650481403,user-service,3
1650481404,user-service,3
1650481404,user-service,3
1650481405,user-service,3
1650481405,user-service,3
1650481406,user-service,3
1650481406,user-service,3
1650481407,user-service,3
1650481407,user-service,3
1650481408,user-service,3
1650481408,user-service,3
1650481408,user-service,3
1650481408,user-service,3
1650481409,user-service,3
1650481409,user-service,3
1650481410,user-service,3
1650481410,user-service,3
1650481410,user-service,3
1650481410,user-service,3
1650481411,user-service,3
1650481411,user-service,3
1650481411,user-service,3
1650481411,user-service,3
1650481412,user-service,3
1650481412,user-service,3
1650481412,user-service,3
1650481412,user-service,3
1650481412,user-service,3
1650481412,user-service,3
1650481412,user-service,3
1650481412,user-service,3
1650481413,user-service,3
1650481413,user-service,3
1650481414,user-service,3
1650481414,user-service,3
1650481414,user-service,3
1650481414,user-service,3
1650481414,user-service,3
1650481414,user-service,3
1650481415,user-service,3
1650481415,user-service,3
1650481416,user-service,3
1650481416,user-service,3
1650481416,user-service,3
1650481416,user-service,3
1650481416,user-service,3
1650481416,user-service,3
1650481417,user-service,3
1650481417,user-service,3
1650481417,user-service,3
1650481417,user-service,3
1650481417,user-service,3
1650481417,user-service,3
1650481418,user-service,3
1650481418,user-service,3
1650481418,user-service,3
1650481418,user-service,3
1650481419,user-service,3
1650481419,user-service,3
1650481419,user-service,3
1650481419,user-service,3
1650481419,user-service,3
1650481419,user-service,3
1650481420,user-service,3
1650481420,user-service,3
1650481421,user-service,3
1650481421,user-service,3
1650481422,user-service,3
1650481422,user-service,3
1650481422,user-service,3
1650481422,user-service,3
1650481423,user-service,3
1650481423,user-service,3
1650481424,user-service,3
1650481424,user-service,3
1650481424,user-service,3
1650481424,user-service,3
1650481424,user-service,3
1650481424,user-service,3
1650481425,user-service,3
1650481425,user-service,3
1650481425,user-service,3
1650481425,user-service,3
1650481426,user-service,3
1650481426,user-service,3
1650481426,user-service,3
1650481426,user-service,3
1650481426,user-service,3
1650481426,user-service,3
1650481427,user-service,3
1650481427,user-service,3
1650481427,user-service,3
1650481427,user-service,3
1650481428,user-service,3
1650481428,user-service,3
1650481429,user-service,3
1650481429,user-service,3
1650481429,user-service,3
1650481429,user-service,3
1650481429,user-service,3
1650481429,user-service,3
1650481430,user-service,3
1650481430,user-service,3
1650481430,user-service,3
1650481430,user-service,3
1650481431,user-service,3
1650481431,user-service,3
1650481431,user-service,3
1650481431,user-service,3
1650481432,user-service,3
1650481432,user-service,3
1650481433,user-service,3
1650481433,user-service,3
1650481434,user-service,3
1650481434,user-service,3
1650481434,user-service,3
1650481434,user-service,3
1650481435,user-service,3
1650481435,user-service,3
1650481435,user-service,3
1650481435,user-service,3
1650481436,user-service,3
1650481436,user-service,3
1650481437,user-service,3
1650481437,user-service,3
1650481438,user-service,3
1650481438,user-service,3
1650481438,user-service,3
1650481438,user-service,3
1650481439,user-service,3
1650481439,user-service,3
1650481440,user-service,3
1650481440,user-service,3
1650481440,user-service,3
1650481440,user-service,3
1650481441,user-service,3
1650481441,user-service,3
1650481441,user-service,3
1650481441,user-service,3
1650481442,user-service,3
1650481442,user-service,3
1650481443,user-service,3
1650481443,user-service,3
1650481443,user-service,3
1650481443,user-service,3
1650481443,user-service,3
1650481443,user-service,3
1650481444,user-service,3
1650481444,user-service,3
1650481444,user-service,3
1650481444,user-service,3
1650481445,user-service,3
1650481445,user-service,3
1650481446,user-service,3
1650481446,user-service,3
1650481447,user-service,3
1650481447,user-service,3
1650481447,user-service,3
1650481447,user-service,3
1650481447,user-service,3
1650481447,user-service,3
1650481448,user-service,3
1650481448,user-service,3
1650481449,user-service,3
1650481449,user-service,3
1650481449,user-service,3
1650481449,user-service,3
1650481450,user-service,3
1650481450,user-service,3
1650481451,user-service,3
1650481451,user-service,3
1650481452,user-service,3
1650481452,user-service,3
1650481452,user-service,3
1650481452,user-service,3
1650481453,user-service,3
1650481453,user-service,3
1650481454,user-service,3
1650481454,user-service,3
1650481455,user-service,3
1650481455,user-service,3
1650481455,user-service,3
1650481455,user-service,3
1650481456,user-service,3
1650481456,user-service,3
1650481457,user-service,3
1650481457,user-service,3
1650481458,user-service,3
1650481458,user-service,3
1650481459,user-service,3
1650481459,user-service,3
1650481459,user-service,3
1650481459,user-service,3
1650481459,user-service,3
1650481459,user-service,3
1650481460,user-service,3
1650481460,user-service,3
1650481460,user-service,3
1650481460,user-service,3
1650481461,user-service,3
1650481461,user-service,3
1650481461,user-service,3
1650481461,user-service,3
1650481462,user-service,3
1650481462,user-service,3
1650481463,user-service,3
1650481463,user-service,3
1650481463,user-service,3
1650481463,user-service,3
1650481463,user-service,3
1650481463,user-service,3
1650481464,user-service,3
1650481464,user-service,3
1650481464,user-service,3
1650481464,user-service,3
1650481465,user-service,3
1650481465,user-service,3
1650481465,user-service,3
1650481465,user-service,3
1650481465,user-service,3
1650481465,user-service,3
1650481466,user-service,3
1650481466,user-service,3
1650481467,user-service,3
1650481467,user-service,3
1650481467,user-service,3
1650481467,user-service,3
1650481467,user-service,3
1650481467,user-service,3
1650481468,user-service,3
1650481468,user-service,3
1650481469,user-service,3
1650481469,user-service,3
1650481470,user-service,3
1650481470,user-service,3
1650481470,user-service,3
1650481470,user-service,3
1650481471,user-service,3
1650481471,user-service,3
1650481471,user-service,3
1650481471,user-service,3
1650481472,user-service,3
1650481472,user-service,3
1650481473,user-service,3
1650481473,user-service,3
1650481473,user-service,3
1650481473,user-service,3
1650481474,user-service,3
1650481474,user-service,3
1650481475,user-service,3
1650481475,user-service,3
1650481475,user-service,3
1650481475,user-service,3
1650481476,user-service,3
1650481476,user-service,3
1650481477,user-service,3
1650481477,user-service,3
1650481478,user-service,3
1650481478,user-service,3
1650481478,user-service,3
1650481478,user-service,3
1650481478,user-service,3
1650481478,user-service,3
1650481479,user-service,3
1650481479,user-service,3
1650481479,user-service,3
1650481479,user-service,3
1650481480,user-service,3
1650481480,user-service,3
1650481480,user-service,3
1650481480,user-service,3
1650481481,user-service,3
1650481481,user-service,3
1650481482,user-service,3
1650481482,user-service,3
1650481482,user-service,3
1650481482,user-service,3
1650481483,user-service,3
1650481483,user-service,3
1650481483,user-service,3
1650481483,user-service,3
1650481484,user-service,3
1650481484,user-service,3
1650481484,user-service,3
1650481484,user-service,3
1650481485,user-service,3
1650481485,user-service,3
1650481485,user-service,3
1650481485,user-service,3
1650481486,user-service,3
1650481486,user-service,3
1650481486,user-service,3
1650481486,user-service,3
1650481487,user-service,3
1650481487,user-service,3
1650481487,user-service,3
1650481487,user-service,3
1650481488,user-service,3
1650481488,user-service,3
1650481488,user-service,3
1650481488,user-service,3
1650481489,user-service,3
1650481489,user-service,3
1650481490,user-service,3
1650481490,user-service,3
1650481491,user-service,3
1650481491,user-service,3
1650481492,user-service,3
1650481492,user-service,3
1650481492,user-service,3
1650481492,user-service,3
1650481492,user-service,3
1650481492,user-service,3
1650481493,user-service,3
1650481493,user-service,3
1650481493,user-service,3
1650481493,user-service,3
1650481494,user-service,3
1650481494,user-service,3
1650481495,user-service,3
1650481495,user-service,3
1650481496,user-service,3
1650481496,user-service,3
1650481497,user-service,3
1650481497,user-service,3
1650481497,user-service,3
1650481497,user-service,3
1650481497,user-service,3
1650481497,user-service,3
1650481498,user-service,3
1650481498,user-service,3
1650481498,user-service,3
1650481498,user-service,3
1650481498,user-service,3
1650481498,user-service,3
1650481499,user-service,3
1650481499,user-service,3
1650481499,user-service,3
1650481499,user-service,3
1650481500,user-service,3
1650481500,user-service,3
1650481500,user-service,3
1650481500,user-service,3
1650481501,user-service,3
1650481501,user-service,3
1650481502,user-service,3
1650481502,user-service,3
1650481502,user-service,3
1650481502,user-service,3
1650481502,user-service,3
1650481502,user-service,3
1650481503,user-service,3
1650481503,user-service,3
1650481504,user-service,3
1650481504,user-service,3
1650481504,user-service,3
1650481504,user-service,3
1650481504,user-service,3
1650481504,user-service,3
1650481505,user-service,3
1650481505,user-service,3
1650481505,user-service,3
1650481505,user-service,3
1650481506,user-service,3
1650481506,user-service,3
1650481506,user-service,3
1650481506,user-service,3
1650481507,user-service,3
1650481507,user-service,3
1650481508,user-service,3
1650481508,user-service,3
1650481508,user-service,3
1650481508,user-service,3
1650481509,user-service,3
1650481509,user-service,3
1650481510,user-service,3
1650481510,user-service,3
1650481511,user-service,3
1650481511,user-service,3
1650481512,user-service,3
1650481512,user-service,3
1650481512,user-service,3
1650481512,user-service,3
1650481512,user-service,3
1650481512,user-service,3
1650481513,user-service,3
1650481513,user-service,3
1650481514,user-service,3
1650481514,user-service,3
1650481514,user-service,3
1650481514,user-service,3
1650481514,user-service,3
1650481514,user-service,3
1650481515,user-service,3
1650481515,user-service,3
1650481516,user-service,3
1650481516,user-service,3
1650481516,user-service,3
1650481516,user-service,3
1650481516,user-service,3
1650481516,user-service,3
1650481517,user-service,3
1650481517,user-service,3
1650481517,user-service,3
1650481517,user-service,3
1650481518,user-service,3
1650481518,user-service,3
1650481518,user-service,3
1650481518,user-service,3
1650481519,user-service,3
1650481519,user-service,3
1650481520,user-service,3
1650481520,user-service,3
1650481521,user-service,3
1650481521,user-service,3
1650481522,user-service,3
1650481522,user-service,3
1650481522,user-service,3
1650481522,user-service,3
1650481523,user-service,3
1650481523,user-service,3
1650481523,user-service,3
1650481523,user-service,3
1650481523,user-service,3
1650481523,user-service,3
1650481524,user-service,3
1650481524,user-service,3
1650481525,user-service,3
1650481525,user-service,3
1650481525,user-service,3
1650481525,user-service,3
1650481526,user-service,3
1650481526,user-service,3
1650481527,user-service,3
1650481527,user-service,3
1650481527,user-service,3
1650481527,user-service,3
1650481527,user-service,3
1650481527,user-service,3
1650481528,user-service,3
1650481528,user-service,3
1650481529,user-service,3
1650481529,user-service,3
1650481529,user-service,3
1650481529,user-service,3
1650481530,user-service,3
1650481530,user-service,3
1650481530,user-service,3
1650481530,user-service,3
1650481530,user-service,3
1650481530,user-service,3
1650481531,user-service,3
1650481531,user-service,3
1650481532,user-service,3
1650481532,user-service,3
1650481532,user-service,3
1650481532,user-service,3
1650481533,user-service,3
1650481533,user-service,3
1650481534,user-service,3
1650481534,user-service,3
1650481535,user-service,3
1650481535,user-service,3
1650481535,user-service,3
1650481536,user-service,3
1650481536,user-service,3
1650481536,user-service,3
1650481537,user-service,3
1650481537,user-service,3
1650481537,user-service,3
1650481537,user-service,3
1650481538,user-service,3
1650481538,user-service,3
1650481539,user-service,3
1650481539,user-service,3
1650481539,user-service,3
1650481539,user-service,3
1650481540,user-service,3
1650481540,user-service,3
1650481541,user-service,3
1650481541,user-service,3
1650481542,user-service,3
1650481542,user-service,3
1650481543,user-service,3
1650481543,user-service,3
1650481543,user-service,3
1650481543,user-service,3
1650481544,user-service,3
1650481544,user-service,3
1650481544,user-service,3
1650481544,user-service,3
1650481545,user-service,3
1650481545,user-service,3
1650481546,user-service,3
1650481546,user-service,3
1650481546,user-service,3
1650481546,user-service,3
1650481547,user-service,3
1650481547,user-service,3
1650481548,user-service,3
1650481548,user-service,3
1650481549,user-service,3
1650481549,user-service,3
1650481549,user-service,3
1650481549,user-service,3
1650481549,user-service,3
1650481549,user-service,3
1650481550,user-service,3
1650481550,user-service,3
1650481551,user-service,3
1650481551,user-service,3
1650481551,user-service,3
1650481551,user-service,3
1650481552,user-service,3
1650481552,user-service,3
1650481552,user-service,3
1650481552,user-service,3
1650481553,user-service,3
1650481553,user-service,3
1650481554,user-service,3
1650481554,user-service,3
1650481555,user-service,3
1650481555,user-service,3
1650481556,user-service,3
1650481556,user-service,3
1650481556,user-service,3
1650481556,user-service,3
1650481557,user-service,3
1650481557,user-service,3
1650481557,user-service,3
1650481557,user-service,3
1650481557,user-service,3
1650481558,user-service,3
1650481558,user-service,3
1650481558,user-service,3
1650481559,user-service,3
1650481559,user-service,3
1650481560,user-service,3
1650481560,user-service,3
1650481560,user-service,3
1650481560,user-service,3
1650481561,user-service,3
1650481561,user-service,3
1650481562,user-service,3
1650481562,user-service,3
1650481562,user-service,3
1650481562,user-service,3
1650481563,user-service,3
1650481563,user-service,3
1650481564,user-service,3
1650481564,user-service,3
1650481564,user-service,3
1650481564,user-service,3
1650481565,user-service,3
1650481565,user-service,3
1650481566,user-service,3
1650481566,user-service,3
1650481566,user-service,3
1650481566,user-service,3
1650481567,user-service,3
1650481567,user-service,3
1650481568,user-service,3
1650481568,user-service,3
1650481568,user-service,3
1650481568,user-service,3
1650481569,user-service,3
1650481569,user-service,3
1650481569,user-service,3
1650481569,user-service,3
1650481570,user-service,3
1650481570,user-service,3
1650481571,user-service,3
1650481571,user-service,3
1650481572,user-service,3
1650481572,user-service,3
1650481572,user-service,3
1650481572,user-service,3
1650481572,user-service,3
1650481572,user-service,3
1650481573,user-service,3
1650481573,user-service,3
1650481573,user-service,3
1650481573,user-service,3
1650481573,user-service,3
1650481573,user-service,3
1650481574,user-service,3
1650481574,user-service,3
1650481574,user-service,3
1650481574,user-service,3
1650481575,user-service,3
1650481575,user-service,3
1650481576,user-service,3
1650481576,user-service,3
1650481576,user-service,3
1650481576,user-service,3
1650481577,user-service,3
1650481577,user-service,3
1650481577,user-service,3
1650481577,user-service,3
1650481578,user-service,3
1650481578,user-service,3
1650481578,user-service,3
1650481578,user-service,3
1650481579,user-service,3
1650481579,user-service,3
1650481579,user-service,3
1650481579,user-service,3
1650481580,user-service,3
1650481580,user-service,3
1650481581,user-service,3
1650481581,user-service,3
1650481582,user-service,3
1650481582,user-service,3
1650481583,user-service,3
1650481583,user-service,3
1650481583,user-service,3
1650481583,user-service,3
1650481583,user-service,3
1650481583,user-service,3
1650481584,user-service,3
1650481584,user-service,3
1650481584,user-service,3
1650481584,user-service,3
1650481585,user-service,3
1650481585,user-service,3
1650481585,user-service,3
1650481585,user-service,3
1650481586,user-service,3
1650481586,user-service,3
1650481587,user-service,3
1650481587,user-service,3
1650481588,user-service,3
1650481588,user-service,3
1650481588,user-service,3
1650481588,user-service,3
1650481589,user-service,3
1650481589,user-service,3
1650481589,user-service,3
1650481589,user-service,3
1650481590,user-service,3
1650481590,user-service,3
1650481590,user-service,3
1650481590,user-service,3
1650481591,user-service,3
1650481591,user-service,3
1650481591,user-service,3
1650481591,user-service,3
1650481592,user-service,3
1650481592,user-service,3
1650481592,user-service,3
1650481592,user-service,3
1650481593,user-service,3
1650481593,user-service,3
1650481593,user-service,3
1650481593,user-service,3
1650481594,user-service,3
1650481594,user-service,3
1650481595,user-service,3
1650481595,user-service,3
1650481595,user-service,3
1650481595,user-service,3
1650481596,user-service,3
1650481596,user-service,3
1650481596,user-service,3
1650481596,user-service,3
1650481597,user-service,3
1650481597,user-service,3
1650481598,user-service,3
1650481598,user-service,3
1650481598,user-service,3
1650481598,user-service,3
1650481599,user-service,3
1650481599,user-service,3
1650481599,user-service,3
1650481599,user-service,3
1650481600,user-service,3
1650481600,user-service,3
1650481600,user-service,3
1650481600,user-service,3
1650481601,user-service,3
1650481601,user-service,3
1650481602,user-service,3
1650481602,user-service,3
1650481602,user-service,3
1650481602,user-service,3
1650481603,user-service,3
1650481603,user-service,3
1650481604,user-service,3
1650481604,user-service,3
1650481604,user-service,3
1650481604,user-service,3
1650481605,user-service,3
1650481605,user-service,3
1650481606,user-service,3
1650481606,user-service,3
1650481606,user-service,3
1650481606,user-service,3
1650481607,user-service,3
1650481607,user-service,3
1650481607,user-service,3
1650481607,user-service,3
1650481608,user-service,3
1650481608,user-service,3
1650481608,user-service,3
1650481608,user-service,3
1650481609,user-service,3
1650481609,user-service,3
1650481610,user-service,3
1650481610,user-service,3
1650481610,user-service,3
1650481610,user-service,3
1650481611,user-service,3
1650481611,user-service,3
1650481611,user-service,3
1650481611,user-service,3
1650481611,user-service,3
1650481611,user-service,3
1650481612,user-service,3
1650481612,user-service,3
1650481612,user-service,3
1650481612,user-service,3
1650481612,user-service,3
1650481612,user-service,3
1650481612,user-service,3
1650481612,user-service,3
1650481613,user-service,3
1650481613,user-service,3
1650481613,user-service,3
1650481613,user-service,3
1650481613,user-service,3
1650481613,user-service,3
1650481614,user-service,3
1650481614,user-service,3
1650481614,user-service,3
1650481614,user-service,3
1650481615,user-service,3
1650481615,user-service,3
1650481616,user-service,3
1650481616,user-service,3
1650481616,user-service,3
1650481616,user-service,3
1650481617,user-service,3
1650481617,user-service,3
1650481618,user-service,3
1650481618,user-service,3
1650481619,user-service,3
1650481619,user-service,3
1650481619,user-service,3
1650481619,user-service,3
1650481620,user-service,3
1650481620,user-service,3
1650481620,user-service,3
1650481620,user-service,3
1650481621,user-service,3
1650481621,user-service,3
1650481622,user-service,3
1650481622,user-service,3
1650481622,user-service,3
1650481622,user-service,3
1650481623,user-service,3
1650481623,user-service,3
1650481623,user-service,3
1650481623,user-service,3
1650481624,user-service,3
1650481624,user-service,3
1650481624,user-service,3
1650481624,user-service,3
1650481625,user-service,3
1650481625,user-service,3
1650481626,user-service,3
1650481626,user-service,3
1650481626,user-service,3
1650481626,user-service,3
1650481627,user-service,3
1650481627,user-service,3
1650481627,user-service,3
1650481627,user-service,3
1650481628,user-service,3
1650481628,user-service,3
1650481629,user-service,3
1650481629,user-service,3
1650481630,user-service,3
1650481630,user-service,3
1650481630,user-service,3
1650481630,user-service,3
1650481631,user-service,3
1650481631,user-service,3
1650481631,user-service,3
1650481631,user-service,3
1650481632,user-service,3
1650481632,user-service,3
1650481632,user-service,3
1650481632,user-service,3
1650481633,user-service,3
1650481633,user-service,3
1650481633,user-service,3
1650481633,user-service,3
1650481634,user-service,3
1650481634,user-service,3
1650481634,user-service,3
1650481634,user-service,3
1650481635,user-service,3
1650481635,user-service,3
1650481635,user-service,3
1650481635,user-service,3
1650481636,user-service,3
1650481636,user-service,3
1650481636,user-service,3
1650481636,user-service,3
1650481636,user-service,3
1650481636,user-service,3
1650481637,user-service,3
1650481637,user-service,3
1650481637,user-service,3
1650481637,user-service,3
1650481638,user-service,3
1650481638,user-service,3
1650481639,user-service,3
1650481639,user-service,3
1650481639,user-service,3
1650481639,user-service,3
1650481639,user-service,3
1650481639,user-service,3
1650481640,user-service,3
1650481640,user-service,3
1650481641,user-service,3
1650481641,user-service,3
1650481641,user-service,3
1650481641,user-service,3
1650481642,user-service,3
1650481642,user-service,3
1650481642,user-service,3
1650481642,user-service,3
1650481643,user-service,3
1650481643,user-service,3
1650481643,user-service,3
1650481643,user-service,3
1650481643,user-service,3
1650481643,user-service,3
1650481644,user-service,3
1650481644,user-service,3
1650481645,user-service,3
1650481645,user-service,3
1650481646,user-service,3
1650481646,user-service,3
1650481647,user-service,3
1650481647,user-service,3
1650481647,user-service,3
1650481647,user-service,3
1650481647,user-service,3
1650481647,user-service,3
1650481648,user-service,3
1650481648,user-service,3
1650481648,user-service,3
1650481648,user-service,3
1650481649,user-service,3
1650481649,user-service,3
1650481649,user-service,3
1650481649,user-service,3
1650481650,user-service,3
1650481650,user-service,3
1650481650,user-service,3
1650481650,user-service,3
1650481651,user-service,3
1650481651,user-service,3
1650481651,user-service,3
1650481651,user-service,3
1650481651,user-service,3
1650481651,user-service,3
1650481652,user-service,3
1650481652,user-service,3
1650481653,user-service,3
1650481653,user-service,3
1650481653,user-service,3
1650481653,user-service,3
1650481654,user-service,3
1650481654,user-service,3
1650481654,user-service,3
1650481654,user-service,3
1650481655,user-service,3
1650481655,user-service,3
1650481656,user-service,3
1650481656,user-service,3
1650481657,user-service,3
1650481657,user-service,3
1650481657,user-service,3
1650481657,user-service,3
1650481658,user-service,3
1650481658,user-service,3
1650481658,user-service,3
1650481658,user-service,3
1650481658,user-service,3
1650481658,user-service,3
1650481659,user-service,3
1650481659,user-service,3
1650481660,user-service,3
1650481660,user-service,3
1650481660,user-service,3
1650481660,user-service,3
1650481661,user-service,3
1650481661,user-service,3
1650481661,user-service,3
1650481661,user-service,3
1650481662,user-service,3
1650481662,user-service,3
1650481662,user-service,3
1650481662,user-service,3
1650481663,user-service,3
1650481663,user-service,3
1650481663,user-service,3
1650481663,user-service,3
1650481665,user-service,3
1650481665,user-service,3
1650481665,user-service,3
1650481665,user-service,3
1650481666,user-service,3
1650481666,user-service,3
1650481667,user-service,3
1650481667,user-service,3
1650481667,user-service,3
1650481667,user-service,3
1650481668,user-service,3
1650481668,user-service,3
1650481668,user-service,3
1650481668,user-service,3
1650481669,user-service,3
1650481669,user-service,3
1650481670,user-service,3
1650481670,user-service,3
1650481671,user-service,3
1650481671,user-service,3
1650481671,user-service,3
1650481671,user-service,3
1650481671,user-service,3
1650481671,user-service,3
1650481672,user-service,3
1650481672,user-service,3
1650481672,user-service,3
1650481672,user-service,3
1650481673,user-service,3
1650481673,user-service,3
1650481674,user-service,3
1650481674,user-service,3
1650481675,user-service,3
1650481675,user-service,3
1650481676,user-service,3
1650481676,user-service,3
1650481677,user-service,3
1650481677,user-service,3
1650481677,user-service,3
1650481677,user-service,3
1650481677,user-service,3
1650481677,user-service,3
1650481678,user-service,3
1650481678,user-service,3
1650481678,user-service,3
1650481678,user-service,3
1650481679,user-service,3
1650481679,user-service,3
1650481679,user-service,3
1650481679,user-service,3
1650481680,user-service,3
1650481680,user-service,3
1650481681,user-service,3
1650481681,user-service,3
1650481682,user-service,3
1650481682,user-service,3
1650481683,user-service,3
1650481683,user-service,3
1650481684,user-service,3
1650481684,user-service,3
1650481684,user-service,3
1650481684,user-service,3
1650481684,user-service,3
1650481684,user-service,3
1650481685,user-service,3
1650481685,user-service,3
1650481686,user-service,3
1650481686,user-service,3
1650481686,user-service,3
1650481686,user-service,3
1650481687,user-service,3
1650481687,user-service,3
1650481687,user-service,3
1650481687,user-service,3
1650481687,user-service,3
1650481687,user-service,3
1650481688,user-service,3
1650481688,user-service,3
1650481688,user-service,3
1650481688,user-service,3
1650481689,user-service,3
1650481689,user-service,3
1650481689,user-service,3
1650481689,user-service,3
1650481689,user-service,3
1650481690,user-service,3
1650481690,user-service,3
1650481690,user-service,3
1650481691,user-service,3
1650481691,user-service,3
1650481692,user-service,3
1650481692,user-service,3
1650481693,user-service,3
1650481693,user-service,3
1650481694,user-service,3
1650481694,user-service,3
1650481694,user-service,3
1650481694,user-service,3
1650481694,user-service,3
1650481694,user-service,3
1650481695,user-service,3
1650481695,user-service,3
1650481696,user-service,3
1650481696,user-service,3
1650481696,user-service,3
1650481696,user-service,3
1650481697,user-service,3
1650481697,user-service,3
1650481697,user-service,3
1650481697,user-service,3
1650481698,user-service,3
1650481698,user-service,3
1650481698,user-service,3
1650481698,user-service,3
1650481699,user-service,3
1650481699,user-service,3
1650481699,user-service,3
1650481699,user-service,3
1650481700,user-service,3
1650481700,user-service,3
1650481700,user-service,3
1650481700,user-service,3
1650481700,user-service,3
1650481700,user-service,3
1650481701,user-service,3
1650481701,user-service,3
1650481701,user-service,3
1650481701,user-service,3
1650481702,user-service,3
1650481702,user-service,3
1650481702,user-service,3
1650481702,user-service,3
1650481703,user-service,3
1650481703,user-service,3
1650481703,user-service,3
1650481703,user-service,3
1650481704,user-service,3
1650481704,user-service,3
1650481705,user-service,3
1650481705,user-service,3
1650481706,user-service,3
1650481706,user-service,3
1650481707,user-service,3
1650481707,user-service,3
1650481707,user-service,3
1650481707,user-service,3
1650481708,user-service,3
1650481708,user-service,3
1650481709,user-service,3
1650481709,user-service,3
1650481709,user-service,3
1650481709,user-service,3
1650481709,user-service,3
1650481709,user-service,3
1650481710,user-service,3
1650481710,user-service,3
1650481710,user-service,3
1650481710,user-service,3
1650481711,user-service,3
1650481711,user-service,3
1650481711,user-service,3
1650481711,user-service,3
1650481712,user-service,3
1650481712,user-service,3
1650481713,user-service,3
1650481713,user-service,3
1650481714,user-service,3
1650481714,user-service,3
1650481715,user-service,3
1650481715,user-service,3
1650481716,user-service,3
1650481716,user-service,3
1650481716,user-service,3
1650481716,user-service,3
1650481716,user-service,3
1650481716,user-service,3
1650481717,user-service,3
1650481717,user-service,3
1650481717,user-service,3
1650481717,user-service,3
1650481717,user-service,3
1650481717,user-service,3
1650481718,user-service,3
1650481718,user-service,3
1650481719,user-service,3
1650481719,user-service,3
1650481720,user-service,3
1650481720,user-service,3
1650481720,user-service,3
1650481720,user-service,3
1650481721,user-service,3
1650481721,user-service,3
1650481721,user-service,3
1650481721,user-service,3
1650481722,user-service,3
1650481722,user-service,3
1650481722,user-service,3
1650481722,user-service,3
1650481723,user-service,3
1650481723,user-service,3
1650481724,user-service,3
1650481724,user-service,3
1650481724,user-service,3
1650481724,user-service,3
1650481725,user-service,3
1650481725,user-service,3
1650481725,user-service,3
1650481725,user-service,3
1650481726,user-service,3
1650481726,user-service,3
1650481727,user-service,3
1650481727,user-service,3
1650481727,user-service,3
1650481727,user-service,3
1650481728,user-service,3
1650481728,user-service,3
1650481728,user-service,3
1650481728,user-service,3
1650481729,user-service,3
1650481729,user-service,3
1650481730,user-service,3
1650481730,user-service,3
1650481731,user-service,3
1650481731,user-service,3
1650481731,user-service,3
1650481731,user-service,3
1650481732,user-service,3
1650481732,user-service,3
1650481732,user-service,3
1650481732,user-service,3
1650481733,user-service,3
1650481733,user-service,3
1650481733,user-service,3
1650481733,user-service,3
1650481733,user-service,3
1650481733,user-service,3
1650481733,user-service,3
1650481733,user-service,3
1650481734,user-service,3
1650481734,user-service,3
1650481734,user-service,3
1650481734,user-service,3
1650481734,user-service,3
1650481734,user-service,3
1650481735,user-service,3
1650481735,user-service,3
1650481735,user-service,3
1650481735,user-service,3
1650481736,user-service,3
1650481736,user-service,3
1650481736,user-service,3
1650481736,user-service,3
1650481736,user-service,3
1650481736,user-service,3
1650481737,user-service,3
1650481737,user-service,3
1650481737,user-service,3
1650481737,user-service,3
1650481737,user-service,3
1650481737,user-service,3
1650481738,user-service,3
1650481738,user-service,3
1650481738,user-service,3
1650481738,user-service,3
1650481739,user-service,3
1650481739,user-service,3
1650481739,user-service,3
1650481739,user-service,3
1650481739,user-service,3
1650481739,user-service,3
1650481740,user-service,3
1650481740,user-service,3
1650481741,user-service,3
1650481741,user-service,3
1650481742,user-service,3
1650481742,user-service,3
1650481743,user-service,3
1650481743,user-service,3
1650481744,user-service,3
1650481744,user-service,3
1650481744,user-service,3
1650481744,user-service,3
1650481745,user-service,3
1650481745,user-service,3
1650481746,user-service,3
1650481746,user-service,3
1650481746,user-service,3
1650481746,user-service,3
1650481747,user-service,3
1650481747,user-service,3
1650481747,user-service,3
1650481747,user-service,3
1650481748,user-service,3
1650481748,user-service,3
1650481748,user-service,3
1650481748,user-service,3
1650481749,user-service,3
1650481749,user-service,3
1650481750,user-service,3
1650481750,user-service,3
1650481751,user-service,3
1650481751,user-service,3
1650481751,user-service,3
1650481751,user-service,3
1650481752,user-service,3
1650481752,user-service,3
1650481752,user-service,3
1650481752,user-service,3
1650481753,user-service,3
1650481753,user-service,3
1650481753,user-service,3
1650481753,user-service,3
1650481754,user-service,3
1650481754,user-service,3
1650481754,user-service,3
1650481754,user-service,3
1650481755,user-service,3
1650481755,user-service,3
1650481755,user-service,3
1650481755,user-service,3
1650481756,user-service,3
1650481756,user-service,3
1650481756,user-service,3
1650481756,user-service,3
1650481757,user-service,3
1650481757,user-service,3
1650481757,user-service,3
1650481757,user-service,3
1650481758,user-service,3
1650481758,user-service,3
1650481759,user-service,3
1650481759,user-service,3
1650481759,user-service,3
1650481759,user-service,3
1650481760,user-service,3
1650481760,user-service,3
1650481761,user-service,3
1650481761,user-service,3
1650481761,user-service,3
1650481761,user-service,3
1650481762,user-service,3
1650481762,user-service,3
1650481762,user-service,3
1650481762,user-service,3
1650481763,user-service,3
1650481763,user-service,3
1650481763,user-service,3
1650481763,user-service,3
1650481764,user-service,3
1650481764,user-service,3
1650481764,user-service,3
1650481764,user-service,3
1650481764,user-service,3
1650481764,user-service,3
1650481764,user-service,3
1650481764,user-service,3
1650481765,user-service,3
1650481765,user-service,3
1650481766,user-service,3
1650481766,user-service,3
1650481766,user-service,3
1650481766,user-service,3
1650481766,user-service,3
1650481766,user-service,3
1650481767,user-service,3
1650481767,user-service,3
1650481767,user-service,3
1650481767,user-service,3
1650481767,user-service,3
1650481767,user-service,3
1650481768,user-service,3
1650481768,user-service,3
1650481769,user-service,3
1650481769,user-service,3
1650481770,user-service,3
1650481770,user-service,3
1650481770,user-service,3
1650481770,user-service,3
1650481770,user-service,3
1650481770,user-service,3
1650481771,user-service,3
1650481771,user-service,3
1650481771,user-service,3
1650481771,user-service,3
1650481771,user-service,3
1650481771,user-service,3
1650481772,user-service,3
1650481772,user-service,3
1650481772,user-service,3
1650481772,user-service,3
1650481773,user-service,3
1650481773,user-service,3
1650481774,user-service,3
1650481774,user-service,3
1650481775,user-service,3
1650481775,user-service,3
1650481775,user-service,3
1650481775,user-service,3
1650481775,user-service,3
1650481775,user-service,3
1650481776,user-service,3
1650481776,user-service,3
1650481776,user-service,3
1650481776,user-service,3
1650481777,user-service,3
1650481777,user-service,3
1650481778,user-service,3
1650481778,user-service,3
1650481778,user-service,3
1650481778,user-service,3
1650481779,user-service,3
1650481779,user-service,3
1650481780,user-service,3
1650481780,user-service,3
1650481780,user-service,3
1650481780,user-service,3
1650481780,user-service,3
1650481780,user-service,3
1650481781,user-service,3
1650481781,user-service,3
1650481782,user-service,3
1650481782,user-service,3
1650481782,user-service,3
1650481782,user-service,3
1650481783,user-service,3
1650481783,user-service,3
1650481784,user-service,3
1650481784,user-service,3
1650481785,user-service,3
1650481785,user-service,3
1650481785,user-service,3
1650481785,user-service,3
1650481785,user-service,3
1650481785,user-service,3
1650481785,user-service,3
1650481785,user-service,3
1650481786,user-service,3
1650481786,user-service,3
1650481787,user-service,3
1650481787,user-service,3
1650481788,user-service,3
1650481788,user-service,3
1650481788,user-service,3
1650481788,user-service,3
1650481789,user-service,3
1650481789,user-service,3
1650481789,user-service,3
1650481789,user-service,3
1650481790,user-service,3
1650481790,user-service,3
1650481790,user-service,3
1650481790,user-service,3
1650481790,user-service,3
1650481790,user-service,3
1650481791,user-service,3
1650481791,user-service,3
1650481791,user-service,3
1650481791,user-service,3
1650481792,user-service,3
1650481792,user-service,3
1650481792,user-service,3
1650481792,user-service,3
1650481793,user-service,3
1650481793,user-service,3
1650481794,user-service,3
1650481794,user-service,3
1650481794,user-service,3
1650481794,user-service,3
1650481794,user-service,3
1650481794,user-service,3
1650481794,user-service,3
1650481794,user-service,3
1650481795,user-service,3
1650481795,user-service,3
1650481796,user-service,3
1650481796,user-service,3
1650481797,user-service,3
1650481797,user-service,3
1650481797,user-service,3
1650481797,user-service,3
1650481798,user-service,3
1650481798,user-service,3
1650481799,user-service,3
1650481799,user-service,3
1650481799,user-service,3
1650481799,user-service,3
1650481800,user-service,3
1650481800,user-service,3
1650481800,user-service,3
1650481800,user-service,3
1650481800,user-service,3
1650481800,user-service,3
1650481801,user-service,3
1650481801,user-service,3
1650481801,user-service,3
1650481801,user-service,3
1650481801,user-service,3
1650481801,user-service,3
1650481802,user-service,3
1650481802,user-service,3
1650481803,user-service,3
1650481803,user-service,3
1650481803,user-service,3
1650481803,user-service,3
1650481804,user-service,3
1650481804,user-service,3
1650481804,user-service,3
1650481804,user-service,3
1650481805,user-service,3
1650481805,user-service,3
1650481806,user-service,3
1650481806,user-service,3
1650481806,user-service,3
1650481806,user-service,3
1650481807,user-service,3
1650481807,user-service,3
1650481807,user-service,3
1650481807,user-service,3
1650481808,user-service,3
1650481808,user-service,3
1650481809,user-service,3
1650481809,user-service,3
1650481809,user-service,3
1650481809,user-service,3
1650481809,user-service,3
1650481810,user-service,3
1650481811,user-service,3
1650481811,user-service,3
1650481811,user-service,3
1650481811,user-service,3
1650481812,user-service,3
1650481812,user-service,3
1650481813,user-service,3
1650481813,user-service,3
1650481814,user-service,3
1650481814,user-service,3
1650481814,user-service,3
1650481814,user-service,3
1650481814,user-service,3
1650481814,user-service,3
1650481815,user-service,3
1650481815,user-service,3
1650481816,user-service,3
1650481816,user-service,3
1650481817,user-service,3
1650481817,user-service,3
1650481818,user-service,3
1650481818,user-service,3
1650481818,user-service,3
1650481818,user-service,3
1650481819,user-service,3
1650481819,user-service,3
1650481820,user-service,3
1650481820,user-service,3
1650481821,user-service,3
1650481821,user-service,3
1650481821,user-service,3
1650481821,user-service,3
1650481822,user-service,3
1650481822,user-service,3
1650481822,user-service,3
1650481822,user-service,3
1650481822,user-service,3
1650481822,user-service,3
1650481822,user-service,3
1650481822,user-service,3
1650481823,user-service,3
1650481823,user-service,3
1650481823,user-service,3
1650481823,user-service,3
1650481824,user-service,3
1650481824,user-service,3
1650481825,user-service,3
1650481825,user-service,3
1650481825,user-service,3
1650481825,user-service,3
1650481825,user-service,3
1650481825,user-service,3
1650481826,user-service,3
1650481826,user-service,3
1650481827,user-service,3
1650481827,user-service,3
1650481827,user-service,3
1650481827,user-service,3
1650481828,user-service,3
1650481828,user-service,3
1650481829,user-service,3
1650481829,user-service,3
1650481830,user-service,3
1650481830,user-service,3
1650481830,user-service,3
1650481830,user-service,3
1650481830,user-service,3
1650481830,user-service,3
1650481830,user-service,3
1650481830,user-service,3
1650481830,user-service,3
1650481830,user-service,3
1650481831,user-service,3
1650481831,user-service,3
1650481831,user-service,3
1650481831,user-service,3
1650481832,user-service,3
1650481832,user-service,3
1650481832,user-service,3
1650481832,user-service,3
1650481833,user-service,3
1650481833,user-service,3
1650481834,user-service,3
1650481834,user-service,3
1650481834,user-service,3
1650481834,user-service,3
1650481835,user-service,3
1650481835,user-service,3
1650481835,user-service,3
1650481835,user-service,3
1650481836,user-service,3
1650481836,user-service,3
1650481837,user-service,3
1650481837,user-service,3
1650481837,user-service,3
1650481837,user-service,3
1650481838,user-service,3
1650481838,user-service,3
1650481839,user-service,3
1650481839,user-service,3
1650481840,user-service,3
1650481840,user-service,3
1650481841,user-service,3
1650481841,user-service,3
1650481841,user-service,3
1650481841,user-service,3
1650481841,user-service,3
1650481841,user-service,3
1650481841,user-service,3
1650481841,user-service,3
1650481843,user-service,3
1650481843,user-service,3
1650481843,user-service,3
1650481843,user-service,3
1650481843,user-service,3
1650481843,user-service,3
1650481844,user-service,3
1650481844,user-service,3
1650481845,user-service,3
1650481845,user-service,3
1650481845,user-service,3
1650481845,user-service,3
1650481845,user-service,3
1650481845,user-service,3
1650481846,user-service,3
1650481846,user-service,3
1650481847,user-service,3
1650481847,user-service,3
1650481847,user-service,3
1650481847,user-service,3
1650481847,user-service,3
1650481847,user-service,3
1650481848,user-service,3
1650481848,user-service,3
1650481848,user-service,3
1650481848,user-service,3
1650481848,user-service,3
1650481848,user-service,3
1650481849,user-service,3
1650481849,user-service,3
1650481850,user-service,3
1650481850,user-service,3
1650481850,user-service,3
1650481850,user-service,3
1650481850,user-service,3
1650481850,user-service,3
1650481850,user-service,3
1650481850,user-service,3
1650481851,user-service,3
1650481851,user-service,3
1650481852,user-service,3
1650481852,user-service,3
1650481852,user-service,3
1650481852,user-service,3
1650481853,user-service,3
1650481853,user-service,3
1650481854,user-service,3
1650481854,user-service,3
1650481854,user-service,3
1650481854,user-service,3
1650481855,user-service,3
1650481855,user-service,3
1650481856,user-service,3
1650481856,user-service,3
1650481857,user-service,3
1650481857,user-service,3
1650481858,user-service,3
1650481858,user-service,3
1650481858,user-service,3
1650481858,user-service,3
1650481858,user-service,3
1650481858,user-service,3
1650481859,user-service,3
1650481859,user-service,3
1650481859,user-service,3
1650481859,user-service,3
1650481860,user-service,3
1650481860,user-service,3
1650481860,user-service,3
1650481860,user-service,3
1650481861,user-service,3
1650481861,user-service,3
1650481861,user-service,3
1650481861,user-service,3
1650481862,user-service,3
1650481862,user-service,3
1650481863,user-service,3
1650481863,user-service,3
1650481864,user-service,3
1650481864,user-service,3
1650481864,user-service,3
1650481864,user-service,3
1650481864,user-service,3
1650481864,user-service,3
1650481864,user-service,3
1650481865,user-service,3
1650481865,user-service,3
1650481865,user-service,3
1650481866,user-service,3
1650481866,user-service,3
1650481867,user-service,3
1650481867,user-service,3
1650481867,user-service,3
1650481867,user-service,3
1650481868,user-service,3
1650481868,user-service,3
1650481868,user-service,3
1650481868,user-service,3
1650481869,user-service,3
1650481869,user-service,3
1650481870,user-service,3
1650481870,user-service,3
1650481870,user-service,3
1650481870,user-service,3
1650481871,user-service,3
1650481871,user-service,3
1650481871,user-service,3
1650481871,user-service,3
1650481872,user-service,3
1650481872,user-service,3
1650481873,user-service,3
1650481873,user-service,3
1650481873,user-service,3
1650481873,user-service,3
1650481874,user-service,3
1650481874,user-service,3
1650481874,user-service,3
1650481874,user-service,3
1650481875,user-service,3
1650481875,user-service,3
1650481875,user-service,3
1650481875,user-service,3
1650481875,user-service,3
1650481875,user-service,3
1650481876,user-service,3
1650481876,user-service,3
1650481876,user-service,3
1650481876,user-service,3
1650481877,user-service,3
1650481877,user-service,3
1650481877,user-service,3
1650481877,user-service,3
1650481877,user-service,3
1650481877,user-service,3
1650481877,user-service,3
1650481878,user-service,3
1650481878,user-service,3
1650481878,user-service,3
1650481879,user-service,3
1650481879,user-service,3
1650481880,user-service,3
1650481880,user-service,3
1650481881,user-service,3
1650481881,user-service,3
1650481881,user-service,3
1650481881,user-service,3
1650481882,user-service,3
1650481882,user-service,3
1650481882,user-service,3
1650481882,user-service,3
1650481883,user-service,3
1650481883,user-service,3
1650481883,user-service,3
1650481883,user-service,3
1650481884,user-service,3
1650481884,user-service,3
1650481884,user-service,3
1650481884,user-service,3
1650481885,user-service,3
1650481885,user-service,3
1650481886,user-service,3
1650481886,user-service,3
1650481887,user-service,3
1650481887,user-service,3
1650481887,user-service,3
1650481887,user-service,3
1650481888,user-service,3
1650481888,user-service,3
1650481888,user-service,3
1650481888,user-service,3
1650481889,user-service,3
1650481889,user-service,3
1650481889,user-service,3
1650481889,user-service,3
1650481890,user-service,3
1650481890,user-service,3
1650481891,user-service,3
1650481891,user-service,3
1650481892,user-service,3
1650481892,user-service,3
1650481892,user-service,3
1650481892,user-service,3
1650481893,user-service,3
1650481893,user-service,3
1650481894,user-service,3
1650481894,user-service,3
1650481894,user-service,3
1650481894,user-service,3
1650481895,user-service,3
1650481895,user-service,3
1650481895,user-service,3
1650481895,user-service,3
1650481896,user-service,3
1650481896,user-service,3
1650481896,user-service,3
1650481896,user-service,3
1650481897,user-service,3
1650481897,user-service,3
1650481897,user-service,3
1650481897,user-service,3
1650481897,user-service,3
1650481897,user-service,3
1650481897,user-service,3
1650481897,user-service,3
1650481898,user-service,3
1650481898,user-service,3
1650481899,user-service,3
1650481899,user-service,3
1650481900,user-service,3
1650481900,user-service,3
1650481901,user-service,3
1650481901,user-service,3
1650481901,user-service,3
1650481901,user-service,3
1650481902,user-service,3
1650481902,user-service,3
1650481903,user-service,3
1650481903,user-service,3
1650481904,user-service,3
1650481904,user-service,3
1650481905,user-service,3
1650481905,user-service,3
1650481905,user-service,3
1650481905,user-service,3
1650481905,user-service,3
1650481905,user-service,3
1650481906,user-service,3
1650481906,user-service,3
1650481907,user-service,3
1650481907,user-service,3
1650481907,user-service,3
1650481907,user-service,3
1650481908,user-service,3
1650481908,user-service,3
1650481908,user-service,3
1650481908,user-service,3
1650481909,user-service,3
1650481909,user-service,3
1650481910,user-service,3
1650481910,user-service,3
1650481910,user-service,3
1650481911,user-service,3
1650481912,user-service,3
1650481912,user-service,3
1650481912,user-service,3
1650481912,user-service,3
1650481912,user-service,3
1650481912,user-service,3
1650481913,user-service,3
1650481913,user-service,3
1650481914,user-service,3
1650481914,user-service,3
1650481915,user-service,3
1650481915,user-service,3
1650481915,user-service,3
1650481915,user-service,3
1650481915,user-service,3
1650481915,user-service,3
1650481916,user-service,3
1650481916,user-service,3
1650481916,user-service,3
1650481916,user-service,3
1650481916,user-service,3
1650481916,user-service,3
1650481917,user-service,3
1650481917,user-service,3
1650481918,user-service,3
1650481918,user-service,3
1650481919,user-service,3
1650481919,user-service,3
1650481919,user-service,3
1650481919,user-service,3
1650481920,user-service,3
1650481920,user-service,3
1650481920,user-service,3
1650481920,user-service,3
1650481921,user-service,3
1650481921,user-service,3
1650481921,user-service,3
1650481921,user-service,3
1650481922,user-service,3
1650481922,user-service,3
1650481922,user-service,3
1650481922,user-service,3
1650481923,user-service,3
1650481923,user-service,3
1650481923,user-service,3
1650481923,user-service,3
1650481924,user-service,3
1650481924,user-service,3
1650481925,user-service,3
1650481925,user-service,3
1650481926,user-service,3
1650481926,user-service,3
1650481926,user-service,3
1650481926,user-service,3
1650481927,user-service,3
1650481927,user-service,3
1650481928,user-service,3
1650481928,user-service,3
1650481928,user-service,3
1650481928,user-service,3
1650481929,user-service,3
1650481929,user-service,3
1650481929,user-service,3
1650481929,user-service,3
1650481930,user-service,3
1650481930,user-service,3
1650481931,user-service,3
1650481931,user-service,3
1650481931,user-service,3
1650481931,user-service,3
1650481932,user-service,3
1650481932,user-service,3
1650481932,user-service,3
1650481932,user-service,3
1650481932,user-service,3
1650481932,user-service,3
1650481933,user-service,3
1650481933,user-service,3
1650481933,user-service,3
1650481933,user-service,3
1650481933,user-service,3
1650481933,user-service,3
1650481934,user-service,3
1650481934,user-service,3
1650481934,user-service,3
1650481934,user-service,3
1650481935,user-service,3
1650481935,user-service,3
1650481936,user-service,3
1650481936,user-service,3
1650481937,user-service,3
1650481937,user-service,3
1650481938,user-service,3
1650481938,user-service,3
1650481939,user-service,3
1650481939,user-service,3
1650481940,user-service,3
1650481940,user-service,3
1650481940,user-service,3
1650481940,user-service,3
1650481941,user-service,3
1650481941,user-service,3
1650481941,user-service,3
1650481941,user-service,3
1650481942,user-service,3
1650481942,user-service,3
1650481943,user-service,3
1650481943,user-service,3
1650481943,user-service,3
1650481943,user-service,3
1650481944,user-service,3
1650481944,user-service,3
1650481944,user-service,3
1650481944,user-service,3
1650481945,user-service,3
1650481945,user-service,3
1650481945,user-service,3
1650481945,user-service,3
1650481946,user-service,3
1650481946,user-service,3
1650481946,user-service,3
1650481946,user-service,3
1650481947,user-service,3
1650481947,user-service,3
1650481947,user-service,3
1650481947,user-service,3
1650481948,user-service,3
1650481948,user-service,3
1650481948,user-service,3
1650481948,user-service,3
1650481949,user-service,3
1650481949,user-service,3
1650481949,user-service,3
1650481949,user-service,3
1650481950,user-service,3
1650481950,user-service,3
1650481951,user-service,3
1650481951,user-service,3
1650481951,user-service,3
1650481951,user-service,3
1650481952,user-service,3
1650481952,user-service,3
1650481952,user-service,3
1650481952,user-service,3
1650481953,user-service,3
1650481953,user-service,3
1650481953,user-service,3
1650481953,user-service,3
1650481954,user-service,3
1650481954,user-service,3
1650481954,user-service,3
1650481954,user-service,3
1650481954,user-service,3
1650481954,user-service,3
1650481955,user-service,3
1650481955,user-service,3
1650481955,user-service,3
1650481955,user-service,3
1650481955,user-service,3
1650481955,user-service,3
1650481956,user-service,3
1650481956,user-service,3
1650481956,user-service,3
1650481956,user-service,3
1650481956,user-service,3
1650481956,user-service,3
1650481957,user-service,3
1650481957,user-service,3
1650481958,user-service,3
1650481958,user-service,3
1650481958,user-service,3
1650481958,user-service,3
1650481959,user-service,3
1650481959,user-service,3
1650481959,user-service,3
1650481959,user-service,3
1650481959,user-service,3
1650481959,user-service,3
1650481960,user-service,3
1650481960,user-service,3
1650481960,user-service,3
1650481960,user-service,3
1650481960,user-service,3
1650481960,user-service,3
1650481961,user-service,3
1650481961,user-service,3
1650481961,user-service,3
1650481961,user-service,3
1650481962,user-service,3
1650481962,user-service,3
1650481963,user-service,3
1650481963,user-service,3
1650481964,user-service,3
1650481964,user-service,3
1650481965,user-service,3
1650481965,user-service,3
1650481965,user-service,3
1650481965,user-service,3
1650481966,user-service,3
1650481966,user-service,3
1650481966,user-service,3
1650481966,user-service,3
1650481967,user-service,3
1650481967,user-service,3
1650481967,user-service,3
1650481967,user-service,3
1650481968,user-service,3
1650481968,user-service,3
1650481969,user-service,3
1650481969,user-service,3
1650481969,user-service,3
1650481969,user-service,3
1650481969,user-service,3
1650481969,user-service,3
1650481970,user-service,3
1650481970,user-service,3
1650481970,user-service,3
1650481970,user-service,3
1650481971,user-service,3
1650481971,user-service,3
1650481971,user-service,3
1650481971,user-service,3
1650481971,user-service,3
1650481971,user-service,3
1650481971,user-service,3
1650481971,user-service,3
1650481972,user-service,3
1650481972,user-service,3
1650481972,user-service,3
1650481972,user-service,3
1650481972,user-service,3
1650481972,user-service,3
1650481973,user-service,3
1650481973,user-service,3
1650481973,user-service,3
1650481973,user-service,3
1650481974,user-service,3
1650481974,user-service,3
1650481975,user-service,3
1650481975,user-service,3
1650481975,user-service,3
1650481975,user-service,3
1650481976,user-service,3
1650481976,user-service,3
1650481977,user-service,3
1650481977,user-service,3
1650481978,user-service,3
1650481978,user-service,3
1650481978,user-service,3
1650481978,user-service,3
1650481979,user-service,3
1650481979,user-service,3
1650481980,user-service,3
1650481980,user-service,3
1650481980,user-service,3
1650481980,user-service,3
1650481981,user-service,3
1650481981,user-service,3
1650481981,user-service,3
1650481981,user-service,3
1650481982,user-service,3
1650481982,user-service,3
1650481983,user-service,3
1650481983,user-service,3
1650481983,user-service,3
1650481983,user-service,3
1650481984,user-service,3
1650481984,user-service,3
1650481984,user-service,3
1650481984,user-service,3
1650481985,user-service,3
1650481985,user-service,3
1650481986,user-service,3
1650481986,user-service,3
1650481986,user-service,3
1650481986,user-service,3
1650481987,user-service,3
1650481987,user-service,3
1650481988,user-service,3
1650481988,user-service,3
1650481988,user-service,3
1650481988,user-service,3
1650481989,user-service,3
1650481989,user-service,3
1650481989,user-service,3
1650481989,user-service,3
1650481990,user-service,3
1650481990,user-service,3
1650481990,user-service,3
1650481990,user-service,3
1650481990,user-service,3
1650481990,user-service,3
1650481990,user-service,3
1650481990,user-service,3
1650481991,user-service,3
1650481991,user-service,3
1650481992,user-service,3
1650481992,user-service,3
1650481992,user-service,3
1650481992,user-service,3
1650481993,user-service,3
1650481993,user-service,3
1650481993,user-service,3
1650481993,user-service,3
1650481994,user-service,3
1650481994,user-service,3
1650481995,user-service,3
1650481995,user-service,3
1650481996,user-service,3
1650481996,user-service,3
1650481997,user-service,3
1650481997,user-service,3
1650481998,user-service,3
1650481998,user-service,3
1650481998,user-service,3
1650481998,user-service,3
1650481998,user-service,3
1650481998,user-service,3
1650481999,user-service,3
1650481999,user-service,3
1650481999,user-service,3
1650481999,user-service,3
1650482000,user-service,3
1650482000,user-service,3
1650482001,user-service,3
1650482001,user-service,3
1650482001,user-service,3
1650482001,user-service,3
1650482002,user-service,3
1650482002,user-service,3
1650482003,user-service,3
1650482003,user-service,3
1650482003,user-service,3
1650482003,user-service,3
1650482004,user-service,3
1650482004,user-service,3
1650482005,user-service,3
1650482005,user-service,3
1650482005,user-service,3
1650482005,user-service,3
1650482006,user-service,3
1650482006,user-service,3
1650482006,user-service,3
1650482006,user-service,3
1650482007,user-service,3
1650482007,user-service,3
1650482008,user-service,3
1650482008,user-service,3
1650482008,user-service,3
1650482008,user-service,3
1650482009,user-service,3
1650482009,user-service,3
1650482010,user-service,3
1650482010,user-service,3
1650482010,user-service,3
1650482010,user-service,3
1650482011,user-service,3
1650482011,user-service,3
1650482012,user-service,3
1650482012,user-service,3
1650482012,user-service,3
1650482012,user-service,3
1650482013,user-service,3
1650482013,user-service,3
1650482014,user-service,3
1650482014,user-service,3
1650482014,user-service,3
1650482014,user-service,3
1650482015,user-service,3
1650482015,user-service,3
1650482016,user-service,3
1650482016,user-service,3
1650482017,user-service,3
1650482017,user-service,3
1650482017,user-service,3
1650482017,user-service,3
1650482018,user-service,3
1650482018,user-service,3
1650482019,user-service,3
1650482019,user-service,3
1650482019,user-service,3
1650482019,user-service,3
1650482019,user-service,3
1650482019,user-service,3
1650482019,user-service,3
1650482019,user-service,3
1650482020,user-service,3
1650482020,user-service,3
1650482021,user-service,3
1650482021,user-service,3
1650482021,user-service,3
1650482021,user-service,3
1650482022,user-service,3
1650482022,user-service,3
1650482022,user-service,3
1650482022,user-service,3
1650482022,user-service,3
1650482022,user-service,3
1650482023,user-service,3
1650482023,user-service,3
1650482023,user-service,3
1650482023,user-service,3
1650482023,user-service,3
1650482023,user-service,3
1650482024,user-service,3
1650482024,user-service,3
1650482024,user-service,3
1650482024,user-service,3
1650482025,user-service,3
1650482025,user-service,3
1650482025,user-service,3
1650482025,user-service,3
1650482026,user-service,3
1650482026,user-service,3
1650482027,user-service,3
1650482027,user-service,3
1650482027,user-service,3
1650482027,user-service,3
1650482027,user-service,3
1650482027,user-service,3
1650482028,user-service,3
1650482028,user-service,3
1650482029,user-service,3
1650482029,user-service,3
1650482029,user-service,3
1650482029,user-service,3
1650482030,user-service,3
1650482030,user-service,3
1650482031,user-service,3
1650482031,user-service,3
1650482031,user-service,3
1650482031,user-service,3
1650482031,user-service,3
1650482031,user-service,3
1650482032,user-service,3
1650482032,user-service,3
1650482032,user-service,3
1650482032,user-service,3
1650482033,user-service,3
1650482033,user-service,3
1650482034,user-service,3
1650482034,user-service,3
1650482035,user-service,3
1650482035,user-service,3
1650482035,user-service,3
1650482035,user-service,3
1650482036,user-service,3
1650482036,user-service,3
1650482037,user-service,3
1650482037,user-service,3
1650482037,user-service,3
1650482037,user-service,3
1650482038,user-service,3
1650482038,user-service,3
1650482039,user-service,3
1650482039,user-service,3
1650482039,user-service,3
1650482039,user-service,3
1650482040,user-service,3
1650482040,user-service,3
1650482040,user-service,3
1650482040,user-service,3
1650482040,user-service,3
1650482040,user-service,3
1650482041,user-service,3
1650482041,user-service,3
1650482042,user-service,3
1650482042,user-service,3
1650482042,user-service,3
1650482042,user-service,3
1650482044,user-service,3
1650482044,user-service,3
1650482044,user-service,3
1650482044,user-service,3
1650482044,user-service,3
1650482044,user-service,3
1650482045,user-service,3
1650482045,user-service,3
1650482045,user-service,3
1650482045,user-service,3
1650482046,user-service,3
1650482046,user-service,3
1650482047,user-service,3
1650482047,user-service,3
1650482047,user-service,3
1650482047,user-service,3
1650482047,user-service,3
1650482047,user-service,3
1650482048,user-service,3
1650482048,user-service,3
1650482049,user-service,3
1650482049,user-service,3
1650482049,user-service,3
1650482049,user-service,3
1650482050,user-service,3
1650482050,user-service,3
1650482050,user-service,3
1650482050,user-service,3
1650482050,user-service,3
1650482050,user-service,3
1650482051,user-service,3
1650482051,user-service,3
1650482052,user-service,3
1650482052,user-service,3
1650482053,user-service,3
1650482053,user-service,3
1650482054,user-service,3
1650482054,user-service,3
1650482054,user-service,3
1650482054,user-service,3
1650482055,user-service,3
1650482055,user-service,3
1650482055,user-service,3
1650482055,user-service,3
1650482055,user-service,3
1650482055,user-service,3
1650482056,user-service,3
1650482056,user-service,3
1650482056,user-service,3
1650482056,user-service,3
1650482057,user-service,3
1650482057,user-service,3
1650482057,user-service,3
1650482058,user-service,3
1650482058,user-service,3
1650482059,user-service,3
1650482059,user-service,3
1650482059,user-service,3
1650482060,user-service,3
1650482060,user-service,3
1650482061,user-service,3
1650482061,user-service,3
1650482061,user-service,3
1650482061,user-service,3
1650482061,user-service,3
1650482061,user-service,3
1650482062,user-service,3
1650482062,user-service,3
1650482062,user-service,3
1650482062,user-service,3
1650482063,user-service,3
1650482063,user-service,3
1650482063,user-service,3
1650482063,user-service,3
1650482064,user-service,3
1650482064,user-service,3
1650482064,user-service,3
1650482064,user-service,3
1650482065,user-service,3
1650482065,user-service,3
1650482065,user-service,3
1650482065,user-service,3
1650482066,user-service,3
1650482066,user-service,3
1650482066,user-service,3
1650482066,user-service,3
1650482067,user-service,3
1650482067,user-service,3
1650482068,user-service,3
1650482068,user-service,3
1650482069,user-service,3
1650482069,user-service,3
1650482069,user-service,3
1650482069,user-service,3
1650482069,user-service,3
1650482069,user-service,3
1650482069,user-service,3
1650482069,user-service,3
1650482070,user-service,3
1650482070,user-service,3
1650482071,user-service,3
1650482071,user-service,3
1650482071,user-service,3
1650482071,user-service,3
1650482072,user-service,3
1650482072,user-service,3
1650482073,user-service,3
1650482073,user-service,3
1650482073,user-service,3
1650482073,user-service,3
1650482074,user-service,3
1650482074,user-service,3
1650482075,user-service,3
1650482075,user-service,3
1650482075,user-service,3
1650482075,user-service,3
1650482075,user-service,3
1650482075,user-service,3
1650482076,user-service,3
1650482076,user-service,3
1650482077,user-service,3
1650482077,user-service,3
1650482077,user-service,3
1650482077,user-service,3
1650482078,user-service,3
1650482078,user-service,3
1650482079,user-service,3
1650482079,user-service,3
1650482080,user-service,3
1650482080,user-service,3
1650482080,user-service,3
1650482080,user-service,3
1650482080,user-service,3
1650482080,user-service,3
1650482081,user-service,3
1650482081,user-service,3
1650482082,user-service,3
1650482082,user-service,3
1650482082,user-service,3
1650482082,user-service,3
1650482083,user-service,3
1650482083,user-service,3
1650482084,user-service,3
1650482084,user-service,3
1650482084,user-service,3
1650482084,user-service,3
1650482085,user-service,3
1650482085,user-service,3
1650482086,user-service,3
1650482086,user-service,3
1650482086,user-service,3
1650482086,user-service,3
1650482087,user-service,3
1650482087,user-service,3
1650482087,user-service,3
1650482087,user-service,3
1650482088,user-service,3
1650482088,user-service,3
1650482089,user-service,3
1650482089,user-service,3
1650482089,user-service,3
1650482089,user-service,3
1650482090,user-service,3
1650482090,user-service,3
1650482090,user-service,3
1650482090,user-service,3
1650482090,user-service,3
1650482090,user-service,3
1650482091,user-service,3
1650482091,user-service,3
1650482092,user-service,3
1650482092,user-service,3
1650482093,user-service,3
1650482093,user-service,3
1650482094,user-service,3
1650482094,user-service,3
1650482094,user-service,3
1650482094,user-service,3
1650482095,user-service,3
1650482095,user-service,3
1650482095,user-service,3
1650482095,user-service,3
1650482096,user-service,3
1650482096,user-service,3
1650482097,user-service,3
1650482097,user-service,3
1650482097,user-service,3
1650482097,user-service,3
1650482098,user-service,3
1650482098,user-service,3
1650482098,user-service,3
1650482098,user-service,3
1650482099,user-service,3
1650482099,user-service,3
1650482100,user-service,3
1650482100,user-service,3
1650482100,user-service,3
1650482100,user-service,3
1650482101,user-service,3
1650482101,user-service,3
1650482101,user-service,3
1650482101,user-service,3
1650482102,user-service,3
1650482102,user-service,3
1650482102,user-service,3
1650482102,user-service,3
1650482102,user-service,3
1650482102,user-service,3
1650482103,user-service,3
1650482103,user-service,3
1650482104,user-service,3
1650482104,user-service,3
1650482105,user-service,3
1650482105,user-service,3
1650482105,user-service,3
1650482105,user-service,3
1650482106,user-service,3
1650482106,user-service,3
1650482107,user-service,3
1650482107,user-service,3
1650482107,user-service,3
1650482107,user-service,3
1650482108,user-service,3
1650482108,user-service,3
1650482108,user-service,3
1650482108,user-service,3
1650482108,user-service,3
1650482108,user-service,3
1650482109,user-service,3
1650482109,user-service,3
1650482110,user-service,3
1650482110,user-service,3
1650482111,user-service,3
1650482111,user-service,3
1650482111,user-service,3
1650482111,user-service,3
1650482111,user-service,3
1650482111,user-service,3
1650482112,user-service,3
1650482112,user-service,3
1650482113,user-service,3
1650482113,user-service,3
1650482114,user-service,3
1650482114,user-service,3
1650482114,user-service,3
1650482114,user-service,3
1650482114,user-service,3
1650482114,user-service,3
1650482115,user-service,3
1650482115,user-service,3
1650482116,user-service,3
1650482116,user-service,3
1650482117,user-service,3
1650482117,user-service,3
1650482117,user-service,3
1650482117,user-service,3
1650482117,user-service,3
1650482117,user-service,3
1650482117,user-service,3
1650482117,user-service,3
1650482117,user-service,3
1650482117,user-service,3
1650482118,user-service,3
1650482118,user-service,3
1650482118,user-service,3
1650482118,user-service,3
1650482118,user-service,3
1650482118,user-service,3
1650482119,user-service,3
1650482119,user-service,3
1650482120,user-service,3
1650482120,user-service,3
1650482120,user-service,3
1650482120,user-service,3
1650482121,user-service,3
1650482121,user-service,3
1650482121,user-service,3
1650482121,user-service,3
1650482122,user-service,3
1650482122,user-service,3
1650482122,user-service,3
1650482122,user-service,3
1650482123,user-service,3
1650482123,user-service,3
1650482123,user-service,3
1650482123,user-service,3
1650482123,user-service,3
1650482123,user-service,3
1650482124,user-service,3
1650482124,user-service,3
1650482124,user-service,3
1650482124,user-service,3
1650482125,user-service,3
1650482125,user-service,3
1650482126,user-service,3
1650482126,user-service,3
1650482127,user-service,3
1650482127,user-service,3
1650482127,user-service,3
1650482127,user-service,3
1650482128,user-service,3
1650482128,user-service,3
1650482128,user-service,3
1650482128,user-service,3
1650482128,user-service,3
1650482128,user-service,3
1650482129,user-service,3
1650482129,user-service,3
1650482130,user-service,3
1650482130,user-service,3
1650482131,user-service,3
1650482131,user-service,3
1650482131,user-service,3
1650482131,user-service,3
1650482132,user-service,3
1650482132,user-service,3
1650482132,user-service,3
1650482132,user-service,3
1650482133,user-service,3
1650482133,user-service,3
1650482133,user-service,3
1650482133,user-service,3
1650482134,user-service,3
1650482134,user-service,3
1650482135,user-service,3
1650482135,user-service,3
1650482136,user-service,3
1650482136,user-service,3
1650482136,user-service,3
1650482136,user-service,3
1650482136,user-service,3
1650482136,user-service,3
1650482137,user-service,3
1650482137,user-service,3
1650482138,user-service,3
1650482138,user-service,3
1650482138,user-service,3
1650482138,user-service,3
1650482139,user-service,3
1650482139,user-service,3
1650482140,user-service,3
1650482140,user-service,3
1650482141,user-service,3
1650482141,user-service,3
1650482142,user-service,3
1650482142,user-service,3
1650482142,user-service,3
1650482142,user-service,3
1650482142,user-service,3
1650482142,user-service,3
1650482142,user-service,3
1650482142,user-service,3
1650482143,user-service,3
1650482143,user-service,3
1650482143,user-service,3
1650482143,user-service,3
1650482144,user-service,3
1650482144,user-service,3
1650482145,user-service,3
1650482145,user-service,3
1650482146,user-service,3
1650482146,user-service,3
1650482147,user-service,3
1650482147,user-service,3
1650482147,user-service,3
1650482147,user-service,3
1650482148,user-service,3
1650482148,user-service,3
1650482148,user-service,3
1650482148,user-service,3
1650482148,user-service,3
1650482148,user-service,3
1650482149,user-service,3
1650482149,user-service,3
1650482150,user-service,3
1650482150,user-service,3
1650482151,user-service,3
1650482151,user-service,3
1650482151,user-service,3
1650482151,user-service,3
1650482151,user-service,3
1650482151,user-service,3
1650482152,user-service,3
1650482152,user-service,3
1650482152,user-service,3
1650482152,user-service,3
1650482152,user-service,3
1650482152,user-service,3
1650482153,user-service,3
1650482153,user-service,3
1650482153,user-service,3
1650482153,user-service,3
1650482154,user-service,3
1650482154,user-service,3
1650482155,user-service,3
1650482155,user-service,3
1650482156,user-service,3
1650482156,user-service,3
1650482156,user-service,3
1650482156,user-service,3
1650482156,user-service,3
1650482156,user-service,3
1650482157,user-service,3
1650482157,user-service,3
1650482157,user-service,3
1650482157,user-service,3
1650482157,user-service,3
1650482157,user-service,3
1650482158,user-service,3
1650482158,user-service,3
1650482158,user-service,3
1650482158,user-service,3
1650482158,user-service,3
1650482158,user-service,3
1650482159,user-service,3
1650482159,user-service,3
1650482159,user-service,3
1650482159,user-service,3
1650482159,user-service,3
1650482160,user-service,3
1650482160,user-service,3
1650482160,user-service,3
1650482161,user-service,3
1650482161,user-service,3
1650482161,user-service,3
1650482161,user-service,3
1650482161,user-service,3
1650482161,user-service,3
1650482162,user-service,3
1650482162,user-service,3
1650482163,user-service,3
1650482163,user-service,3
1650482164,user-service,3
1650482164,user-service,3
1650482164,user-service,3
1650482164,user-service,3
1650482165,user-service,3
1650482165,user-service,3
1650482165,user-service,3
1650482165,user-service,3
1650482165,user-service,3
1650482165,user-service,3
1650482166,user-service,3
1650482166,user-service,3
1650482167,user-service,3
1650482167,user-service,3
1650482168,user-service,3
1650482168,user-service,3
1650482169,user-service,3
1650482169,user-service,3
1650482169,user-service,3
1650482169,user-service,3
1650482170,user-service,3
1650482170,user-service,3
1650482171,user-service,3
1650482171,user-service,3
1650482171,user-service,3
1650482171,user-service,3
1650482172,user-service,3
1650482172,user-service,3
1650482173,user-service,3
1650482173,user-service,3
1650482173,user-service,3
1650482173,user-service,3
1650482173,user-service,3
1650482173,user-service,3
1650482174,user-service,3
1650482174,user-service,3
1650482175,user-service,3
1650482175,user-service,3
1650482175,user-service,3
1650482175,user-service,3
1650482176,user-service,3
1650482176,user-service,3
1650482176,user-service,3
1650482176,user-service,3
1650482176,user-service,3
1650482176,user-service,3
1650482177,user-service,3
1650482177,user-service,3
1650482177,user-service,3
1650482177,user-service,3
1650482178,user-service,3
1650482178,user-service,3
1650482179,user-service,3
1650482179,user-service,3
1650482179,user-service,3
1650482179,user-service,3
1650482180,user-service,3
1650482180,user-service,3
1650482180,user-service,3
1650482180,user-service,3
1650482181,user-service,3
1650482181,user-service,3
1650482181,user-service,3
1650482181,user-service,3
1650482182,user-service,3
1650482182,user-service,3
1650482182,user-service,3
1650482182,user-service,3
1650482183,user-service,3
1650482183,user-service,3
1650482184,user-service,3
1650482184,user-service,3
1650482184,user-service,3
1650482184,user-service,3
1650482185,user-service,3
1650482185,user-service,3
1650482186,user-service,3
1650482186,user-service,3
1650482186,user-service,3
1650482186,user-service,3
1650482186,user-service,3
1650482186,user-service,3
1650482186,user-service,3
1650482186,user-service,3
1650482186,user-service,3
1650482186,user-service,3
1650482187,user-service,3
1650482187,user-service,3
1650482188,user-service,3
1650482188,user-service,3
1650482189,user-service,3
1650482189,user-service,3
1650482189,user-service,3
1650482189,user-service,3
1650482190,user-service,3
1650482190,user-service,3
1650482190,user-service,3
1650482190,user-service,3
1650482191,user-service,3
1650482191,user-service,3
1650482191,user-service,3
1650482191,user-service,3
1650482192,user-service,3
1650482192,user-service,3
1650482193,user-service,3
1650482193,user-service,3
1650482193,user-service,3
1650482193,user-service,3
1650482194,user-service,3
1650482194,user-service,3
1650482194,user-service,3
1650482194,user-service,3
1650482194,user-service,3
1650482194,user-service,3
1650482195,user-service,3
1650482195,user-service,3
1650482196,user-service,3
1650482196,user-service,3
1650482197,user-service,3
1650482197,user-service,3
1650482197,user-service,3
1650482197,user-service,3
1650482197,user-service,3
1650482197,user-service,3
1650482197,user-service,3
1650482197,user-service,3
1650482198,user-service,3
1650482198,user-service,3
1650482199,user-service,3
1650482199,user-service,3
1650482199,user-service,3
1650482199,user-service,3
1650482200,user-service,3
1650482200,user-service,3
1650482201,user-service,3
1650482201,user-service,3
1650482201,user-service,3
1650482201,user-service,3
1650482202,user-service,3
1650482202,user-service,3
1650482202,user-service,3
1650482202,user-service,3
1650482203,user-service,3
1650482203,user-service,3
1650482203,user-service,3
1650482203,user-service,3
1650482203,user-service,3
1650482203,user-service,3
1650482204,user-service,3
1650482204,user-service,3
1650482204,user-service,3
1650482204,user-service,3
1650482205,user-service,3
1650482205,user-service,3
1650482205,user-service,3
1650482205,user-service,3
1650482206,user-service,3
1650482206,user-service,3
1650482206,user-service,3
1650482206,user-service,3
1650482207,user-service,3
1650482207,user-service,3
1650482207,user-service,3
1650482207,user-service,3
1650482208,user-service,3
1650482208,user-service,3
1650482209,user-service,3
1650482209,user-service,3
1650482210,user-service,3
1650482210,user-service,3
1650482211,user-service,3
1650482211,user-service,3
1650480770,home-timeline-service,4
1650480770,home-timeline-service,4
1650480770,home-timeline-service,4
1650480771,home-timeline-service,4
1650480771,home-timeline-service,4
1650480772,home-timeline-service,4
1650480772,home-timeline-service,4
1650480773,home-timeline-service,4
1650480773,home-timeline-service,4
1650480773,home-timeline-service,4
1650480774,home-timeline-service,4
1650480774,home-timeline-service,4
1650480775,home-timeline-service,4
1650480776,home-timeline-service,4
1650480777,home-timeline-service,4
1650480777,home-timeline-service,4
1650480777,home-timeline-service,4
1650480778,home-timeline-service,4
1650480779,home-timeline-service,4
1650480779,home-timeline-service,4
1650480780,home-timeline-service,4
1650480780,home-timeline-service,4
1650480781,home-timeline-service,4
1650480782,home-timeline-service,4
1650480783,home-timeline-service,4
1650480783,home-timeline-service,4
1650480784,home-timeline-service,4
1650480784,home-timeline-service,4
1650480785,home-timeline-service,4
1650480785,home-timeline-service,4
1650480786,home-timeline-service,4
1650480787,home-timeline-service,4
1650480787,home-timeline-service,4
1650480787,home-timeline-service,4
1650480788,home-timeline-service,4
1650480788,home-timeline-service,4
1650480788,home-timeline-service,4
1650480789,home-timeline-service,4
1650480790,home-timeline-service,4
1650480791,home-timeline-service,4
1650480792,home-timeline-service,4
1650480792,home-timeline-service,4
1650480793,home-timeline-service,4
1650480794,home-timeline-service,4
1650480794,home-timeline-service,4
1650480795,home-timeline-service,4
1650480796,home-timeline-service,4
1650480796,home-timeline-service,4
1650480797,home-timeline-service,4
1650480797,home-timeline-service,4
1650480798,home-timeline-service,4
1650480799,home-timeline-service,4
1650480799,home-timeline-service,4
1650480800,home-timeline-service,4
1650480801,home-timeline-service,4
1650480802,home-timeline-service,4
1650480803,home-timeline-service,4
1650480803,home-timeline-service,4
1650480804,home-timeline-service,4
1650480804,home-timeline-service,4
1650480805,home-timeline-service,4
1650480805,home-timeline-service,4
1650480805,home-timeline-service,4
1650480806,home-timeline-service,4
1650480807,home-timeline-service,4
1650480807,home-timeline-service,4
1650480808,home-timeline-service,4
1650480808,home-timeline-service,4
1650480809,home-timeline-service,4
1650480809,home-timeline-service,4
1650480810,home-timeline-service,4
1650480810,home-timeline-service,4
1650480810,home-timeline-service,4
1650480811,home-timeline-service,4
1650480812,home-timeline-service,4
1650480813,home-timeline-service,4
1650480813,home-timeline-service,4
1650480814,home-timeline-service,4
1650480815,home-timeline-service,4
1650480815,home-timeline-service,4
1650480816,home-timeline-service,4
1650480817,home-timeline-service,4
1650480817,home-timeline-service,4
1650480818,home-timeline-service,4
1650480818,home-timeline-service,4
1650480818,home-timeline-service,4
1650480818,home-timeline-service,4
1650480819,home-timeline-service,4
1650480820,home-timeline-service,4
1650480820,home-timeline-service,4
1650480820,home-timeline-service,4
1650480821,home-timeline-service,4
1650480821,home-timeline-service,4
1650480822,home-timeline-service,4
1650480822,home-timeline-service,4
1650480823,home-timeline-service,4
1650480824,home-timeline-service,4
1650480825,home-timeline-service,4
1650480826,home-timeline-service,4
1650480826,home-timeline-service,4
1650480827,home-timeline-service,4
1650480827,home-timeline-service,4
1650480827,home-timeline-service,4
1650480828,home-timeline-service,4
1650480828,home-timeline-service,4
1650480829,home-timeline-service,4
1650480830,home-timeline-service,4
1650480831,home-timeline-service,4
1650480831,home-timeline-service,4
1650480832,home-timeline-service,4
1650480833,home-timeline-service,4
1650480834,home-timeline-service,4
1650480834,home-timeline-service,4
1650480836,home-timeline-service,4
1650480836,home-timeline-service,4
1650480837,home-timeline-service,4
1650480837,home-timeline-service,4
1650480837,home-timeline-service,4
1650480838,home-timeline-service,4
1650480839,home-timeline-service,4
1650480839,home-timeline-service,4
1650480839,home-timeline-service,4
1650480840,home-timeline-service,4
1650480841,home-timeline-service,4
1650480841,home-timeline-service,4
1650480841,home-timeline-service,4
1650480842,home-timeline-service,4
1650480842,home-timeline-service,4
1650480843,home-timeline-service,4
1650480844,home-timeline-service,4
1650480844,home-timeline-service,4
1650480844,home-timeline-service,4
1650480845,home-timeline-service,4
1650480845,home-timeline-service,4
1650480846,home-timeline-service,4
1650480847,home-timeline-service,4
1650480847,home-timeline-service,4
1650480848,home-timeline-service,4
1650480848,home-timeline-service,4
1650480849,home-timeline-service,4
1650480849,home-timeline-service,4
1650480850,home-timeline-service,4
1650480850,home-timeline-service,4
1650480851,home-timeline-service,4
1650480852,home-timeline-service,4
1650480852,home-timeline-service,4
1650480853,home-timeline-service,4
1650480854,home-timeline-service,4
1650480854,home-timeline-service,4
1650480855,home-timeline-service,4
1650480855,home-timeline-service,4
1650480855,home-timeline-service,4
1650480856,home-timeline-service,4
1650480856,home-timeline-service,4
1650480857,home-timeline-service,4
1650480858,home-timeline-service,4
1650480858,home-timeline-service,4
1650480858,home-timeline-service,4
1650480859,home-timeline-service,4
1650480859,home-timeline-service,4
1650480859,home-timeline-service,4
1650480860,home-timeline-service,4
1650480860,home-timeline-service,4
1650480861,home-timeline-service,4
1650480861,home-timeline-service,4
1650480862,home-timeline-service,4
1650480862,home-timeline-service,4
1650480863,home-timeline-service,4
1650480864,home-timeline-service,4
1650480864,home-timeline-service,4
1650480865,home-timeline-service,4
1650480865,home-timeline-service,4
1650480866,home-timeline-service,4
1650480867,home-timeline-service,4
1650480868,home-timeline-service,4
1650480868,home-timeline-service,4
1650480869,home-timeline-service,4
1650480870,home-timeline-service,4
1650480870,home-timeline-service,4
1650480871,home-timeline-service,4
1650480872,home-timeline-service,4
1650480872,home-timeline-service,4
1650480873,home-timeline-service,4
1650480873,home-timeline-service,4
1650480874,home-timeline-service,4
1650480874,home-timeline-service,4
1650480875,home-timeline-service,4
1650480876,home-timeline-service,4
1650480877,home-timeline-service,4
1650480877,home-timeline-service,4
1650480878,home-timeline-service,4
1650480879,home-timeline-service,4
1650480880,home-timeline-service,4
1650480880,home-timeline-service,4
1650480881,home-timeline-service,4
1650480881,home-timeline-service,4
1650480882,home-timeline-service,4
1650480883,home-timeline-service,4
1650480883,home-timeline-service,4
1650480884,home-timeline-service,4
1650480885,home-timeline-service,4
1650480885,home-timeline-service,4
1650480886,home-timeline-service,4
1650480886,home-timeline-service,4
1650480887,home-timeline-service,4
1650480887,home-timeline-service,4
1650480887,home-timeline-service,4
1650480888,home-timeline-service,4
1650480888,home-timeline-service,4
1650480889,home-timeline-service,4
1650480889,home-timeline-service,4
1650480890,home-timeline-service,4
1650480891,home-timeline-service,4
1650480891,home-timeline-service,4
1650480891,home-timeline-service,4
1650480892,home-timeline-service,4
1650480893,home-timeline-service,4
1650480894,home-timeline-service,4
1650480894,home-timeline-service,4
1650480895,home-timeline-service,4
1650480896,home-timeline-service,4
1650480896,home-timeline-service,4
1650480896,home-timeline-service,4
1650480896,home-timeline-service,4
1650480897,home-timeline-service,4
1650480898,home-timeline-service,4
1650480898,home-timeline-service,4
1650480899,home-timeline-service,4
1650480899,home-timeline-service,4
1650480900,home-timeline-service,4
1650480900,home-timeline-service,4
1650480901,home-timeline-service,4
1650480902,home-timeline-service,4
1650480902,home-timeline-service,4
1650480903,home-timeline-service,4
1650480903,home-timeline-service,4
1650480904,home-timeline-service,4
1650480904,home-timeline-service,4
1650480904,home-timeline-service,4
1650480905,home-timeline-service,4
1650480905,home-timeline-service,4
1650480905,home-timeline-service,4
1650480906,home-timeline-service,4
1650480907,home-timeline-service,4
1650480907,home-timeline-service,4
1650480908,home-timeline-service,4
1650480909,home-timeline-service,4
1650480909,home-timeline-service,4
1650480910,home-timeline-service,4
1650480911,home-timeline-service,4
1650480912,home-timeline-service,4
1650480912,home-timeline-service,4
1650480912,home-timeline-service,4
1650480913,home-timeline-service,4
1650480913,home-timeline-service,4
1650480914,home-timeline-service,4
1650480915,home-timeline-service,4
1650480915,home-timeline-service,4
1650480915,home-timeline-service,4
1650480916,home-timeline-service,4
1650480917,home-timeline-service,4
1650480918,home-timeline-service,4
1650480919,home-timeline-service,4
1650480919,home-timeline-service,4
1650480919,home-timeline-service,4
1650480920,home-timeline-service,4
1650480921,home-timeline-service,4
1650480921,home-timeline-service,4
1650480921,home-timeline-service,4
1650480922,home-timeline-service,4
1650480923,home-timeline-service,4
1650480923,home-timeline-service,4
1650480924,home-timeline-service,4
1650480924,home-timeline-service,4
1650480925,home-timeline-service,4
1650480926,home-timeline-service,4
1650480926,home-timeline-service,4
1650480926,home-timeline-service,4
1650480926,home-timeline-service,4
1650480927,home-timeline-service,4
1650480928,home-timeline-service,4
1650480928,home-timeline-service,4
1650480929,home-timeline-service,4
1650480929,home-timeline-service,4
1650480929,home-timeline-service,4
1650480930,home-timeline-service,4
1650480930,home-timeline-service,4
1650480930,home-timeline-service,4
1650480931,home-timeline-service,4
1650480932,home-timeline-service,4
1650480932,home-timeline-service,4
1650480933,home-timeline-service,4
1650480933,home-timeline-service,4
1650480934,home-timeline-service,4
1650480935,home-timeline-service,4
1650480935,home-timeline-service,4
1650480936,home-timeline-service,4
1650480937,home-timeline-service,4
1650480938,home-timeline-service,4
1650480938,home-timeline-service,4
1650480939,home-timeline-service,4
1650480939,home-timeline-service,4
1650480939,home-timeline-service,4
1650480939,home-timeline-service,4
1650480940,home-timeline-service,4
1650480940,home-timeline-service,4
1650480941,home-timeline-service,4
1650480942,home-timeline-service,4
1650480942,home-timeline-service,4
1650480942,home-timeline-service,4
1650480943,home-timeline-service,4
1650480943,home-timeline-service,4
1650480944,home-timeline-service,4
1650480945,home-timeline-service,4
1650480946,home-timeline-service,4
1650480946,home-timeline-service,4
1650480947,home-timeline-service,4
1650480947,home-timeline-service,4
1650480948,home-timeline-service,4
1650480949,home-timeline-service,4
1650480949,home-timeline-service,4
1650480950,home-timeline-service,4
1650480951,home-timeline-service,4
1650480952,home-timeline-service,4
1650480952,home-timeline-service,4
1650480952,home-timeline-service,4
1650480953,home-timeline-service,4
1650480954,home-timeline-service,4
1650480954,home-timeline-service,4
1650480955,home-timeline-service,4
1650480955,home-timeline-service,4
1650480955,home-timeline-service,4
1650480956,home-timeline-service,4
1650480956,home-timeline-service,4
1650480956,home-timeline-service,4
1650480957,home-timeline-service,4
1650480957,home-timeline-service,4
1650480957,home-timeline-service,4
1650480958,home-timeline-service,4
1650480959,home-timeline-service,4
1650480960,home-timeline-service,4
1650480960,home-timeline-service,4
1650480961,home-timeline-service,4
1650480962,home-timeline-service,4
1650480962,home-timeline-service,4
1650480963,home-timeline-service,4
1650480963,home-timeline-service,4
1650480964,home-timeline-service,4
1650480964,home-timeline-service,4
1650480965,home-timeline-service,4
1650480965,home-timeline-service,4
1650480966,home-timeline-service,4
1650480967,home-timeline-service,4
1650480967,home-timeline-service,4
1650480968,home-timeline-service,4
1650480969,home-timeline-service,4
1650480970,home-timeline-service,4
1650480970,home-timeline-service,4
1650480971,home-timeline-service,4
1650480971,home-timeline-service,4
1650480972,home-timeline-service,4
1650480973,home-timeline-service,4
1650480973,home-timeline-service,4
1650480973,home-timeline-service,4
1650480974,home-timeline-service,4
1650480975,home-timeline-service,4
1650480975,home-timeline-service,4
1650480976,home-timeline-service,4
1650480976,home-timeline-service,4
1650480977,home-timeline-service,4
1650480978,home-timeline-service,4
1650480979,home-timeline-service,4
1650480980,home-timeline-service,4
1650480981,home-timeline-service,4
1650480981,home-timeline-service,4
1650480981,home-timeline-service,4
1650480982,home-timeline-service,4
1650480982,home-timeline-service,4
1650480983,home-timeline-service,4
1650480984,home-timeline-service,4
1650480984,home-timeline-service,4
1650480985,home-timeline-service,4
1650480986,home-timeline-service,4
1650480986,home-timeline-service,4
1650480987,home-timeline-service,4
1650480987,home-timeline-service,4
1650480988,home-timeline-service,4
1650480988,home-timeline-service,4
1650480989,home-timeline-service,4
1650480989,home-timeline-service,4
1650480990,home-timeline-service,4
1650480991,home-timeline-service,4
1650480991,home-timeline-service,4
1650480991,home-timeline-service,4
1650480992,home-timeline-service,4
1650480992,home-timeline-service,4
1650480993,home-timeline-service,4
1650480993,home-timeline-service,4
1650480994,home-timeline-service,4
1650480994,home-timeline-service,4
1650480994,home-timeline-service,4
1650480995,home-timeline-service,4
1650480996,home-timeline-service,4
1650480997,home-timeline-service,4
1650480997,home-timeline-service,4
1650480997,home-timeline-service,4
1650480997,home-timeline-service,4
1650480998,home-timeline-service,4
1650480998,home-timeline-service,4
1650480999,home-timeline-service,4
1650481000,home-timeline-service,4
1650481001,home-timeline-service,4
1650481001,home-timeline-service,4
1650481002,home-timeline-service,4
1650481002,home-timeline-service,4
1650481003,home-timeline-service,4
1650481004,home-timeline-service,4
1650481004,home-timeline-service,4
1650481005,home-timeline-service,4
1650481006,home-timeline-service,4
1650481007,home-timeline-service,4
1650481007,home-timeline-service,4
1650481007,home-timeline-service,4
1650481008,home-timeline-service,4
1650481008,home-timeline-service,4
1650481009,home-timeline-service,4
1650481010,home-timeline-service,4
1650481010,home-timeline-service,4
1650481010,home-timeline-service,4
1650481010,home-timeline-service,4
1650481011,home-timeline-service,4
1650481011,home-timeline-service,4
1650481012,home-timeline-service,4
1650481012,home-timeline-service,4
1650481013,home-timeline-service,4
1650481013,home-timeline-service,4
1650481013,home-timeline-service,4
1650481014,home-timeline-service,4
1650481014,home-timeline-service,4
1650481015,home-timeline-service,4
1650481016,home-timeline-service,4
1650481016,home-timeline-service,4
1650481017,home-timeline-service,4
1650481018,home-timeline-service,4
1650481019,home-timeline-service,4
1650481019,home-timeline-service,4
1650481020,home-timeline-service,4
1650481020,home-timeline-service,4
1650481021,home-timeline-service,4
1650481022,home-timeline-service,4
1650481022,home-timeline-service,4
1650481023,home-timeline-service,4
1650481023,home-timeline-service,4
1650481024,home-timeline-service,4
1650481025,home-timeline-service,4
1650481025,home-timeline-service,4
1650481025,home-timeline-service,4
1650481026,home-timeline-service,4
1650481027,home-timeline-service,4
1650481027,home-timeline-service,4
1650481028,home-timeline-service,4
1650481029,home-timeline-service,4
1650481029,home-timeline-service,4
1650481030,home-timeline-service,4
1650481031,home-timeline-service,4
1650481031,home-timeline-service,4
1650481032,home-timeline-service,4
1650481033,home-timeline-service,4
1650481033,home-timeline-service,4
1650481034,home-timeline-service,4
1650481034,home-timeline-service,4
1650481035,home-timeline-service,4
1650481036,home-timeline-service,4
1650481037,home-timeline-service,4
1650481038,home-timeline-service,4
1650481038,home-timeline-service,4
1650481039,home-timeline-service,4
1650481040,home-timeline-service,4
1650481040,home-timeline-service,4
1650481040,home-timeline-service,4
1650481041,home-timeline-service,4
1650481042,home-timeline-service,4
1650481043,home-timeline-service,4
1650481043,home-timeline-service,4
1650481044,home-timeline-service,4
1650481045,home-timeline-service,4
1650481045,home-timeline-service,4
1650481046,home-timeline-service,4
1650481046,home-timeline-service,4
1650481046,home-timeline-service,4
1650481047,home-timeline-service,4
1650481047,home-timeline-service,4
1650481047,home-timeline-service,4
1650481048,home-timeline-service,4
1650481049,home-timeline-service,4
1650481049,home-timeline-service,4
1650481049,home-timeline-service,4
1650481049,home-timeline-service,4
1650481050,home-timeline-service,4
1650481050,home-timeline-service,4
1650481050,home-timeline-service,4
1650481051,home-timeline-service,4
1650481052,home-timeline-service,4
1650481052,home-timeline-service,4
1650481053,home-timeline-service,4
1650481054,home-timeline-service,4
1650481054,home-timeline-service,4
1650481054,home-timeline-service,4
1650481055,home-timeline-service,4
1650481056,home-timeline-service,4
1650481057,home-timeline-service,4
1650481057,home-timeline-service,4
1650481057,home-timeline-service,4
1650481058,home-timeline-service,4
1650481058,home-timeline-service,4
1650481059,home-timeline-service,4
1650481059,home-timeline-service,4
1650481060,home-timeline-service,4
1650481061,home-timeline-service,4
1650481062,home-timeline-service,4
1650481062,home-timeline-service,4
1650481062,home-timeline-service,4
1650481063,home-timeline-service,4
1650481063,home-timeline-service,4
1650481063,home-timeline-service,4
1650481064,home-timeline-service,4
1650481064,home-timeline-service,4
1650481065,home-timeline-service,4
1650481065,home-timeline-service,4
1650481066,home-timeline-service,4
1650481067,home-timeline-service,4
1650481068,home-timeline-service,4
1650481068,home-timeline-service,4
1650481068,home-timeline-service,4
1650481069,home-timeline-service,4
1650481070,home-timeline-service,4
1650481071,home-timeline-service,4
1650481071,home-timeline-service,4
1650481072,home-timeline-service,4
1650481072,home-timeline-service,4
1650481072,home-timeline-service,4
1650481073,home-timeline-service,4
1650481074,home-timeline-service,4
1650481074,home-timeline-service,4
1650481075,home-timeline-service,4
1650481075,home-timeline-service,4
1650481076,home-timeline-service,4
1650481077,home-timeline-service,4
1650481077,home-timeline-service,4
1650481078,home-timeline-service,4
1650481079,home-timeline-service,4
1650481079,home-timeline-service,4
1650481080,home-timeline-service,4
1650481081,home-timeline-service,4
1650481081,home-timeline-service,4
1650481081,home-timeline-service,4
1650481081,home-timeline-service,4
1650481082,home-timeline-service,4
1650481082,home-timeline-service,4
1650481083,home-timeline-service,4
1650481083,home-timeline-service,4
1650481084,home-timeline-service,4
1650481084,home-timeline-service,4
1650481084,home-timeline-service,4
1650481085,home-timeline-service,4
1650481085,home-timeline-service,4
1650481086,home-timeline-service,4
1650481086,home-timeline-service,4
1650481087,home-timeline-service,4
1650481088,home-timeline-service,4
1650481089,home-timeline-service,4
1650481089,home-timeline-service,4
1650481090,home-timeline-service,4
1650481090,home-timeline-service,4
1650481090,home-timeline-service,4
1650481091,home-timeline-service,4
1650481092,home-timeline-service,4
1650481093,home-timeline-service,4
1650481093,home-timeline-service,4
1650481094,home-timeline-service,4
1650481094,home-timeline-service,4
1650481095,home-timeline-service,4
1650481096,home-timeline-service,4
1650481097,home-timeline-service,4
1650481097,home-timeline-service,4
1650481098,home-timeline-service,4
1650481099,home-timeline-service,4
1650481099,home-timeline-service,4
1650481099,home-timeline-service,4
1650481100,home-timeline-service,4
1650481101,home-timeline-service,4
1650481101,home-timeline-service,4
1650481102,home-timeline-service,4
1650481103,home-timeline-service,4
1650481103,home-timeline-service,4
1650481103,home-timeline-service,4
1650481104,home-timeline-service,4
1650481105,home-timeline-service,4
1650481105,home-timeline-service,4
1650481106,home-timeline-service,4
1650481107,home-timeline-service,4
1650481108,home-timeline-service,4
1650481108,home-timeline-service,4
1650481108,home-timeline-service,4
1650481109,home-timeline-service,4
1650481109,home-timeline-service,4
1650481110,home-timeline-service,4
1650481110,home-timeline-service,4
1650481111,home-timeline-service,4
1650481111,home-timeline-service,4
1650481112,home-timeline-service,4
1650481112,home-timeline-service,4
1650481113,home-timeline-service,4
1650481113,home-timeline-service,4
1650481114,home-timeline-service,4
1650481114,home-timeline-service,4
1650481114,home-timeline-service,4
1650481115,home-timeline-service,4
1650481116,home-timeline-service,4
1650481116,home-timeline-service,4
1650481116,home-timeline-service,4
1650481117,home-timeline-service,4
1650481118,home-timeline-service,4
1650481118,home-timeline-service,4
1650481119,home-timeline-service,4
1650481119,home-timeline-service,4
1650481120,home-timeline-service,4
1650481120,home-timeline-service,4
1650481121,home-timeline-service,4
1650481121,home-timeline-service,4
1650481122,home-timeline-service,4
1650481123,home-timeline-service,4
1650481123,home-timeline-service,4
1650481123,home-timeline-service,4
1650481124,home-timeline-service,4
1650481125,home-timeline-service,4
1650481125,home-timeline-service,4
1650481126,home-timeline-service,4
1650481127,home-timeline-service,4
1650481127,home-timeline-service,4
1650481128,home-timeline-service,4
1650481129,home-timeline-service,4
1650481129,home-timeline-service,4
1650481130,home-timeline-service,4
1650481130,home-timeline-service,4
1650481131,home-timeline-service,4
1650481131,home-timeline-service,4
1650481132,home-timeline-service,4
1650481132,home-timeline-service,4
1650481132,home-timeline-service,4
1650481132,home-timeline-service,4
1650481133,home-timeline-service,4
1650481134,home-timeline-service,4
1650481134,home-timeline-service,4
1650481134,home-timeline-service,4
1650481134,home-timeline-service,4
1650481135,home-timeline-service,4
1650481136,home-timeline-service,4
1650481137,home-timeline-service,4
1650481137,home-timeline-service,4
1650481138,home-timeline-service,4
1650481139,home-timeline-service,4
1650481139,home-timeline-service,4
1650481140,home-timeline-service,4
1650481141,home-timeline-service,4
1650481141,home-timeline-service,4
1650481142,home-timeline-service,4
1650481143,home-timeline-service,4
1650481143,home-timeline-service,4
1650481143,home-timeline-service,4
1650481144,home-timeline-service,4
1650481145,home-timeline-service,4
1650481145,home-timeline-service,4
1650481146,home-timeline-service,4
1650481146,home-timeline-service,4
1650481147,home-timeline-service,4
1650481147,home-timeline-service,4
1650481148,home-timeline-service,4
1650481149,home-timeline-service,4
1650481149,home-timeline-service,4
1650481150,home-timeline-service,4
1650481151,home-timeline-service,4
1650481151,home-timeline-service,4
1650481152,home-timeline-service,4
1650481152,home-timeline-service,4
1650481153,home-timeline-service,4
1650481153,home-timeline-service,4
1650481153,home-timeline-service,4
1650481154,home-timeline-service,4
1650481154,home-timeline-service,4
1650481154,home-timeline-service,4
1650481155,home-timeline-service,4
1650481155,home-timeline-service,4
1650481156,home-timeline-service,4
1650481156,home-timeline-service,4
1650481157,home-timeline-service,4
1650481158,home-timeline-service,4
1650481158,home-timeline-service,4
1650481159,home-timeline-service,4
1650481160,home-timeline-service,4
1650481161,home-timeline-service,4
1650481161,home-timeline-service,4
1650481162,home-timeline-service,4
1650481162,home-timeline-service,4
1650481163,home-timeline-service,4
1650481163,home-timeline-service,4
1650481164,home-timeline-service,4
1650481164,home-timeline-service,4
1650481164,home-timeline-service,4
1650481165,home-timeline-service,4
1650481165,home-timeline-service,4
1650481165,home-timeline-service,4
1650481166,home-timeline-service,4
1650481167,home-timeline-service,4
1650481167,home-timeline-service,4
1650481168,home-timeline-service,4
1650481169,home-timeline-service,4
1650481169,home-timeline-service,4
1650481170,home-timeline-service,4
1650481170,home-timeline-service,4
1650481170,home-timeline-service,4
1650481171,home-timeline-service,4
1650481172,home-timeline-service,4
1650481172,home-timeline-service,4
1650481172,home-timeline-service,4
1650481173,home-timeline-service,4
1650481174,home-timeline-service,4
1650481175,home-timeline-service,4
1650481175,home-timeline-service,4
1650481176,home-timeline-service,4
1650481177,home-timeline-service,4
1650481178,home-timeline-service,4
1650481178,home-timeline-service,4
1650481179,home-timeline-service,4
1650481180,home-timeline-service,4
1650481181,home-timeline-service,4
1650481181,home-timeline-service,4
1650481182,home-timeline-service,4
1650481183,home-timeline-service,4
1650481183,home-timeline-service,4
1650481184,home-timeline-service,4
1650481185,home-timeline-service,4
1650481186,home-timeline-service,4
1650481186,home-timeline-service,4
1650481187,home-timeline-service,4
1650481187,home-timeline-service,4
1650481188,home-timeline-service,4
1650481189,home-timeline-service,4
1650481189,home-timeline-service,4
1650481190,home-timeline-service,4
1650481190,home-timeline-service,4
1650481191,home-timeline-service,4
1650481192,home-timeline-service,4
1650481192,home-timeline-service,4
1650481193,home-timeline-service,4
1650481193,home-timeline-service,4
1650481194,home-timeline-service,4
1650481194,home-timeline-service,4
1650481195,home-timeline-service,4
1650481195,home-timeline-service,4
1650481196,home-timeline-service,4
1650481196,home-timeline-service,4
1650481197,home-timeline-service,4
1650481198,home-timeline-service,4
1650481198,home-timeline-service,4
1650481199,home-timeline-service,4
1650481199,home-timeline-service,4
1650481200,home-timeline-service,4
1650481200,home-timeline-service,4
1650481201,home-timeline-service,4
1650481201,home-timeline-service,4
1650481202,home-timeline-service,4
1650481202,home-timeline-service,4
1650481203,home-timeline-service,4
1650481203,home-timeline-service,4
1650481204,home-timeline-service,4
1650481205,home-timeline-service,4
1650481205,home-timeline-service,4
1650481206,home-timeline-service,4
1650481207,home-timeline-service,4
1650481208,home-timeline-service,4
1650481209,home-timeline-service,4
1650481209,home-timeline-service,4
1650481210,home-timeline-service,4
1650481210,home-timeline-service,4
1650481211,home-timeline-service,4
1650481211,home-timeline-service,4
1650481211,home-timeline-service,4
1650481212,home-timeline-service,4
1650481213,home-timeline-service,4
1650481213,home-timeline-service,4
1650481214,home-timeline-service,4
1650481214,home-timeline-service,4
1650481215,home-timeline-service,4
1650481215,home-timeline-service,4
1650481216,home-timeline-service,4
1650481216,home-timeline-service,4
1650481217,home-timeline-service,4
1650481217,home-timeline-service,4
1650481218,home-timeline-service,4
1650481218,home-timeline-service,4
1650481219,home-timeline-service,4
1650481219,home-timeline-service,4
1650481219,home-timeline-service,4
1650481220,home-timeline-service,4
1650481220,home-timeline-service,4
1650481221,home-timeline-service,4
1650481222,home-timeline-service,4
1650481222,home-timeline-service,4
1650481223,home-timeline-service,4
1650481223,home-timeline-service,4
1650481224,home-timeline-service,4
1650481225,home-timeline-service,4
1650481225,home-timeline-service,4
1650481226,home-timeline-service,4
1650481226,home-timeline-service,4
1650481226,home-timeline-service,4
1650481227,home-timeline-service,4
1650481227,home-timeline-service,4
1650481228,home-timeline-service,4
1650481229,home-timeline-service,4
1650481229,home-timeline-service,4
1650481229,home-timeline-service,4
1650481230,home-timeline-service,4
1650481230,home-timeline-service,4
1650481230,home-timeline-service,4
1650481231,home-timeline-service,4
1650481231,home-timeline-service,4
1650481232,home-timeline-service,4
1650481233,home-timeline-service,4
1650481234,home-timeline-service,4
1650481234,home-timeline-service,4
1650481235,home-timeline-service,4
1650481235,home-timeline-service,4
1650481236,home-timeline-service,4
1650481236,home-timeline-service,4
1650481237,home-timeline-service,4
1650481237,home-timeline-service,4
1650481238,home-timeline-service,4
1650481238,home-timeline-service,4
1650481239,home-timeline-service,4
1650481239,home-timeline-service,4
1650481240,home-timeline-service,4
1650481241,home-timeline-service,4
1650481242,home-timeline-service,4
1650481242,home-timeline-service,4
1650481243,home-timeline-service,4
1650481243,home-timeline-service,4
1650481243,home-timeline-service,4
1650481244,home-timeline-service,4
1650481245,home-timeline-service,4
1650481245,home-timeline-service,4
1650481245,home-timeline-service,4
1650481246,home-timeline-service,4
1650481246,home-timeline-service,4
1650481247,home-timeline-service,4
1650481247,home-timeline-service,4
1650481248,home-timeline-service,4
1650481249,home-timeline-service,4
1650481249,home-timeline-service,4
1650481250,home-timeline-service,4
1650481251,home-timeline-service,4
1650481251,home-timeline-service,4
1650481252,home-timeline-service,4
1650481253,home-timeline-service,4
1650481253,home-timeline-service,4
1650481254,home-timeline-service,4
1650481254,home-timeline-service,4
1650481255,home-timeline-service,4
1650481255,home-timeline-service,4
1650481256,home-timeline-service,4
1650481257,home-timeline-service,4
1650481257,home-timeline-service,4
1650481258,home-timeline-service,4
1650481258,home-timeline-service,4
1650481259,home-timeline-service,4
1650481260,home-timeline-service,4
1650481260,home-timeline-service,4
1650481260,home-timeline-service,4
1650481260,home-timeline-service,4
1650481261,home-timeline-service,4
1650481261,home-timeline-service,4
1650481262,home-timeline-service,4
1650481262,home-timeline-service,4
1650481262,home-timeline-service,4
1650481263,home-timeline-service,4
1650481264,home-timeline-service,4
1650481264,home-timeline-service,4
1650481265,home-timeline-service,4
1650481265,home-timeline-service,4
1650481266,home-timeline-service,4
1650481266,home-timeline-service,4
1650481266,home-timeline-service,4
1650481267,home-timeline-service,4
1650481267,home-timeline-service,4
1650481267,home-timeline-service,4
1650481268,home-timeline-service,4
1650481269,home-timeline-service,4
1650481270,home-timeline-service,4
1650481270,home-timeline-service,4
1650481271,home-timeline-service,4
1650481272,home-timeline-service,4
1650481272,home-timeline-service,4
1650481272,home-timeline-service,4
1650481273,home-timeline-service,4
1650481274,home-timeline-service,4
1650481275,home-timeline-service,4
1650481275,home-timeline-service,4
1650481276,home-timeline-service,4
1650481277,home-timeline-service,4
1650481278,home-timeline-service,4
1650481278,home-timeline-service,4
1650481279,home-timeline-service,4
1650481279,home-timeline-service,4
1650481279,home-timeline-service,4
1650481279,home-timeline-service,4
1650481280,home-timeline-service,4
1650481281,home-timeline-service,4
1650481282,home-timeline-service,4
1650481282,home-timeline-service,4
1650481283,home-timeline-service,4
1650481283,home-timeline-service,4
1650481284,home-timeline-service,4
1650481285,home-timeline-service,4
1650481285,home-timeline-service,4
1650481286,home-timeline-service,4
1650481286,home-timeline-service,4
1650481287,home-timeline-service,4
1650481288,home-timeline-service,4
1650481288,home-timeline-service,4
1650481289,home-timeline-service,4
1650481290,home-timeline-service,4
1650481291,home-timeline-service,4
1650481291,home-timeline-service,4
1650481292,home-timeline-service,4
1650481292,home-timeline-service,4
1650481293,home-timeline-service,4
1650481293,home-timeline-service,4
1650481294,home-timeline-service,4
1650481295,home-timeline-service,4
1650481295,home-timeline-service,4
1650481295,home-timeline-service,4
1650481295,home-timeline-service,4
1650481296,home-timeline-service,4
1650481296,home-timeline-service,4
1650481296,home-timeline-service,4
1650481296,home-timeline-service,4
1650481297,home-timeline-service,4
1650481298,home-timeline-service,4
1650481299,home-timeline-service,4
1650481300,home-timeline-service,4
1650481300,home-timeline-service,4
1650481300,home-timeline-service,4
1650481300,home-timeline-service,4
1650481301,home-timeline-service,4
1650481301,home-timeline-service,4
1650481302,home-timeline-service,4
1650481302,home-timeline-service,4
1650481302,home-timeline-service,4
1650481303,home-timeline-service,4
1650481303,home-timeline-service,4
1650481304,home-timeline-service,4
1650481304,home-timeline-service,4
1650481305,home-timeline-service,4
1650481305,home-timeline-service,4
1650481306,home-timeline-service,4
1650481307,home-timeline-service,4
1650481307,home-timeline-service,4
1650481308,home-timeline-service,4
1650481309,home-timeline-service,4
1650481309,home-timeline-service,4
1650481309,home-timeline-service,4
1650481310,home-timeline-service,4
1650481311,home-timeline-service,4
1650481311,home-timeline-service,4
1650481312,home-timeline-service,4
1650481313,home-timeline-service,4
1650481313,home-timeline-service,4
1650481314,home-timeline-service,4
1650481315,home-timeline-service,4
1650481316,home-timeline-service,4
1650481316,home-timeline-service,4
1650481317,home-timeline-service,4
1650481317,home-timeline-service,4
1650481318,home-timeline-service,4
1650481319,home-timeline-service,4
1650481320,home-timeline-service,4
1650481320,home-timeline-service,4
1650481321,home-timeline-service,4
1650481321,home-timeline-service,4
1650481322,home-timeline-service,4
1650481322,home-timeline-service,4
1650481322,home-timeline-service,4
1650481323,home-timeline-service,4
1650481324,home-timeline-service,4
1650481324,home-timeline-service,4
1650481325,home-timeline-service,4
1650481325,home-timeline-service,4
1650481326,home-timeline-service,4
1650481326,home-timeline-service,4
1650481327,home-timeline-service,4
1650481327,home-timeline-service,4
1650481328,home-timeline-service,4
1650481329,home-timeline-service,4
1650481329,home-timeline-service,4
1650481330,home-timeline-service,4
1650481331,home-timeline-service,4
1650481332,home-timeline-service,4
1650481332,home-timeline-service,4
1650481332,home-timeline-service,4
1650481333,home-timeline-service,4
1650481333,home-timeline-service,4
1650481333,home-timeline-service,4
1650481334,home-timeline-service,4
1650481334,home-timeline-service,4
1650481335,home-timeline-service,4
1650481335,home-timeline-service,4
1650481336,home-timeline-service,4
1650481337,home-timeline-service,4
1650481337,home-timeline-service,4
1650481338,home-timeline-service,4
1650481338,home-timeline-service,4
1650481338,home-timeline-service,4
1650481339,home-timeline-service,4
1650481340,home-timeline-service,4
1650481340,home-timeline-service,4
1650481340,home-timeline-service,4
1650481340,home-timeline-service,4
1650481341,home-timeline-service,4
1650481342,home-timeline-service,4
1650481343,home-timeline-service,4
1650481344,home-timeline-service,4
1650481344,home-timeline-service,4
1650481344,home-timeline-service,4
1650481344,home-timeline-service,4
1650481345,home-timeline-service,4
1650481345,home-timeline-service,4
1650481346,home-timeline-service,4
1650481347,home-timeline-service,4
1650481348,home-timeline-service,4
1650481349,home-timeline-service,4
1650481349,home-timeline-service,4
1650481350,home-timeline-service,4
1650481350,home-timeline-service,4
1650481351,home-timeline-service,4
1650481352,home-timeline-service,4
1650481353,home-timeline-service,4
1650481353,home-timeline-service,4
1650481354,home-timeline-service,4
1650481354,home-timeline-service,4
1650481354,home-timeline-service,4
1650481354,home-timeline-service,4
1650481355,home-timeline-service,4
1650481355,home-timeline-service,4
1650481356,home-timeline-service,4
1650481357,home-timeline-service,4
1650481357,home-timeline-service,4
1650481357,home-timeline-service,4
1650481358,home-timeline-service,4
1650481358,home-timeline-service,4
1650481359,home-timeline-service,4
1650481360,home-timeline-service,4
1650481360,home-timeline-service,4
1650481361,home-timeline-service,4
1650481361,home-timeline-service,4
1650481362,home-timeline-service,4
1650481362,home-timeline-service,4
1650481363,home-timeline-service,4
1650481363,home-timeline-service,4
1650481364,home-timeline-service,4
1650481365,home-timeline-service,4
1650481365,home-timeline-service,4
1650481366,home-timeline-service,4
1650481367,home-timeline-service,4
1650481367,home-timeline-service,4
1650481368,home-timeline-service,4
1650481368,home-timeline-service,4
1650481369,home-timeline-service,4
1650481370,home-timeline-service,4
1650481371,home-timeline-service,4
1650481371,home-timeline-service,4
1650481371,home-timeline-service,4
1650481371,home-timeline-service,4
1650481372,home-timeline-service,4
1650481373,home-timeline-service,4
1650481373,home-timeline-service,4
1650481374,home-timeline-service,4
1650481374,home-timeline-service,4
1650481374,home-timeline-service,4
1650481375,home-timeline-service,4
1650481375,home-timeline-service,4
1650481376,home-timeline-service,4
1650481377,home-timeline-service,4
1650481378,home-timeline-service,4
1650481378,home-timeline-service,4
1650481379,home-timeline-service,4
1650481379,home-timeline-service,4
1650481380,home-timeline-service,4
1650481380,home-timeline-service,4
1650481381,home-timeline-service,4
1650481381,home-timeline-service,4
1650481382,home-timeline-service,4
1650481382,home-timeline-service,4
1650481383,home-timeline-service,4
1650481383,home-timeline-service,4
1650481383,home-timeline-service,4
1650481384,home-timeline-service,4
1650481385,home-timeline-service,4
1650481386,home-timeline-service,4
1650481386,home-timeline-service,4
1650481387,home-timeline-service,4
1650481388,home-timeline-service,4
1650481389,home-timeline-service,4
1650481389,home-timeline-service,4
1650481389,home-timeline-service,4
1650481390,home-timeline-service,4
1650481390,home-timeline-service,4
1650481391,home-timeline-service,4
1650481391,home-timeline-service,4
1650481392,home-timeline-service,4
1650481393,home-timeline-service,4
1650481393,home-timeline-service,4
1650481394,home-timeline-service,4
1650481394,home-timeline-service,4
1650481394,home-timeline-service,4
1650481395,home-timeline-service,4
1650481396,home-timeline-service,4
1650481396,home-timeline-service,4
1650481397,home-timeline-service,4
1650481398,home-timeline-service,4
1650481398,home-timeline-service,4
1650481399,home-timeline-service,4
1650481399,home-timeline-service,4
1650481400,home-timeline-service,4
1650481401,home-timeline-service,4
1650481401,home-timeline-service,4
1650481402,home-timeline-service,4
1650481403,home-timeline-service,4
1650481403,home-timeline-service,4
1650481403,home-timeline-service,4
1650481404,home-timeline-service,4
1650481405,home-timeline-service,4
1650481406,home-timeline-service,4
1650481407,home-timeline-service,4
1650481408,home-timeline-service,4
1650481408,home-timeline-service,4
1650481409,home-timeline-service,4
1650481410,home-timeline-service,4
1650481410,home-timeline-service,4
1650481411,home-timeline-service,4
1650481411,home-timeline-service,4
1650481412,home-timeline-service,4
1650481412,home-timeline-service,4
1650481412,home-timeline-service,4
1650481412,home-timeline-service,4
1650481413,home-timeline-service,4
1650481414,home-timeline-service,4
1650481414,home-timeline-service,4
1650481415,home-timeline-service,4
1650481415,home-timeline-service,4
1650481416,home-timeline-service,4
1650481416,home-timeline-service,4
1650481416,home-timeline-service,4
1650481417,home-timeline-service,4
1650481417,home-timeline-service,4
1650481417,home-timeline-service,4
1650481418,home-timeline-service,4
1650481418,home-timeline-service,4
1650481419,home-timeline-service,4
1650481419,home-timeline-service,4
1650481419,home-timeline-service,4
1650481420,home-timeline-service,4
1650481421,home-timeline-service,4
1650481422,home-timeline-service,4
1650481422,home-timeline-service,4
1650481423,home-timeline-service,4
1650481424,home-timeline-service,4
1650481424,home-timeline-service,4
1650481424,home-timeline-service,4
1650481425,home-timeline-service,4
1650481425,home-timeline-service,4
1650481426,home-timeline-service,4
1650481426,home-timeline-service,4
1650481426,home-timeline-service,4
1650481427,home-timeline-service,4
1650481427,home-timeline-service,4
1650481428,home-timeline-service,4
1650481429,home-timeline-service,4
1650481429,home-timeline-service,4
1650481429,home-timeline-service,4
1650481430,home-timeline-service,4
1650481430,home-timeline-service,4
1650481431,home-timeline-service,4
1650481431,home-timeline-service,4
1650481432,home-timeline-service,4
1650481433,home-timeline-service,4
1650481434,home-timeline-service,4
1650481434,home-timeline-service,4
1650481435,home-timeline-service,4
1650481435,home-timeline-service,4
1650481436,home-timeline-service,4
1650481437,home-timeline-service,4
1650481438,home-timeline-service,4
1650481438,home-timeline-service,4
1650481439,home-timeline-service,4
1650481440,home-timeline-service,4
1650481440,home-timeline-service,4
1650481441,home-timeline-service,4
1650481441,home-timeline-service,4
1650481442,home-timeline-service,4
1650481443,home-timeline-service,4
1650481443,home-timeline-service,4
1650481443,home-timeline-service,4
1650481444,home-timeline-service,4
1650481444,home-timeline-service,4
1650481445,home-timeline-service,4
1650481446,home-timeline-service,4
1650481447,home-timeline-service,4
1650481447,home-timeline-service,4
1650481447,home-timeline-service,4
1650481448,home-timeline-service,4
1650481449,home-timeline-service,4
1650481449,home-timeline-service,4
1650481450,home-timeline-service,4
1650481451,home-timeline-service,4
1650481452,home-timeline-service,4
1650481452,home-timeline-service,4
1650481453,home-timeline-service,4
1650481454,home-timeline-service,4
1650481455,home-timeline-service,4
1650481455,home-timeline-service,4
1650481456,home-timeline-service,4
1650481457,home-timeline-service,4
1650481458,home-timeline-service,4
1650481459,home-timeline-service,4
1650481459,home-timeline-service,4
1650481459,home-timeline-service,4
1650481460,home-timeline-service,4
1650481460,home-timeline-service,4
1650481461,home-timeline-service,4
1650481461,home-timeline-service,4
1650481462,home-timeline-service,4
1650481463,home-timeline-service,4
1650481463,home-timeline-service,4
1650481463,home-timeline-service,4
1650481464,home-timeline-service,4
1650481464,home-timeline-service,4
1650481465,home-timeline-service,4
1650481465,home-timeline-service,4
1650481465,home-timeline-service,4
1650481466,home-timeline-service,4
1650481467,home-timeline-service,4
1650481467,home-timeline-service,4
1650481467,home-timeline-service,4
1650481468,home-timeline-service,4
1650481469,home-timeline-service,4
1650481470,home-timeline-service,4
1650481470,home-timeline-service,4
1650481471,home-timeline-service,4
1650481471,home-timeline-service,4
1650481472,home-timeline-service,4
1650481473,home-timeline-service,4
1650481473,home-timeline-service,4
1650481474,home-timeline-service,4
1650481475,home-timeline-service,4
1650481475,home-timeline-service,4
1650481476,home-timeline-service,4
1650481477,home-timeline-service,4
1650481478,home-timeline-service,4
1650481478,home-timeline-service,4
1650481478,home-timeline-service,4
1650481479,home-timeline-service,4
1650481479,home-timeline-service,4
1650481480,home-timeline-service,4
1650481480,home-timeline-service,4
1650481481,home-timeline-service,4
1650481482,home-timeline-service,4
1650481482,home-timeline-service,4
1650481483,home-timeline-service,4
1650481483,home-timeline-service,4
1650481484,home-timeline-service,4
1650481484,home-timeline-service,4
1650481485,home-timeline-service,4
1650481485,home-timeline-service,4
1650481486,home-timeline-service,4
1650481487,home-timeline-service,4
1650481487,home-timeline-service,4
1650481487,home-timeline-service,4
1650481488,home-timeline-service,4
1650481488,home-timeline-service,4
1650481489,home-timeline-service,4
1650481490,home-timeline-service,4
1650481491,home-timeline-service,4
1650481492,home-timeline-service,4
1650481492,home-timeline-service,4
1650481492,home-timeline-service,4
1650481493,home-timeline-service,4
1650481493,home-timeline-service,4
1650481494,home-timeline-service,4
1650481495,home-timeline-service,4
1650481496,home-timeline-service,4
1650481497,home-timeline-service,4
1650481497,home-timeline-service,4
1650481497,home-timeline-service,4
1650481498,home-timeline-service,4
1650481498,home-timeline-service,4
1650481498,home-timeline-service,4
1650481499,home-timeline-service,4
1650481499,home-timeline-service,4
1650481500,home-timeline-service,4
1650481500,home-timeline-service,4
1650481501,home-timeline-service,4
1650481502,home-timeline-service,4
1650481502,home-timeline-service,4
1650481502,home-timeline-service,4
1650481503,home-timeline-service,4
1650481504,home-timeline-service,4
1650481504,home-timeline-service,4
1650481504,home-timeline-service,4
1650481505,home-timeline-service,4
1650481505,home-timeline-service,4
1650481506,home-timeline-service,4
1650481506,home-timeline-service,4
1650481508,home-timeline-service,4
1650481508,home-timeline-service,4
1650481508,home-timeline-service,4
1650481509,home-timeline-service,4
1650481510,home-timeline-service,4
1650481511,home-timeline-service,4
1650481512,home-timeline-service,4
1650481512,home-timeline-service,4
1650481512,home-timeline-service,4
1650481513,home-timeline-service,4
1650481514,home-timeline-service,4
1650481514,home-timeline-service,4
1650481514,home-timeline-service,4
1650481515,home-timeline-service,4
1650481516,home-timeline-service,4
1650481516,home-timeline-service,4
1650481516,home-timeline-service,4
1650481517,home-timeline-service,4
1650481517,home-timeline-service,4
1650481518,home-timeline-service,4
1650481518,home-timeline-service,4
1650481519,home-timeline-service,4
1650481520,home-timeline-service,4
1650481521,home-timeline-service,4
1650481522,home-timeline-service,4
1650481522,home-timeline-service,4
1650481523,home-timeline-service,4
1650481523,home-timeline-service,4
1650481523,home-timeline-service,4
1650481524,home-timeline-service,4
1650481525,home-timeline-service,4
1650481525,home-timeline-service,4
1650481526,home-timeline-service,4
1650481527,home-timeline-service,4
1650481527,home-timeline-service,4
1650481527,home-timeline-service,4
1650481528,home-timeline-service,4
1650481529,home-timeline-service,4
1650481529,home-timeline-service,4
1650481530,home-timeline-service,4
1650481530,home-timeline-service,4
1650481531,home-timeline-service,4
1650481531,home-timeline-service,4
1650481532,home-timeline-service,4
1650481532,home-timeline-service,4
1650481533,home-timeline-service,4
1650481534,home-timeline-service,4
1650481535,home-timeline-service,4
1650481536,home-timeline-service,4
1650481536,home-timeline-service,4
1650481537,home-timeline-service,4
1650481537,home-timeline-service,4
1650481538,home-timeline-service,4
1650481539,home-timeline-service,4
1650481540,home-timeline-service,4
1650481540,home-timeline-service,4
1650481541,home-timeline-service,4
1650481542,home-timeline-service,4
1650481543,home-timeline-service,4
1650481543,home-timeline-service,4
1650481544,home-timeline-service,4
1650481545,home-timeline-service,4
1650481545,home-timeline-service,4
1650481546,home-timeline-service,4
1650481546,home-timeline-service,4
1650481547,home-timeline-service,4
1650481548,home-timeline-service,4
1650481549,home-timeline-service,4
1650481549,home-timeline-service,4
1650481549,home-timeline-service,4
1650481550,home-timeline-service,4
1650481551,home-timeline-service,4
1650481551,home-timeline-service,4
1650481552,home-timeline-service,4
1650481552,home-timeline-service,4
1650481553,home-timeline-service,4
1650481554,home-timeline-service,4
1650481555,home-timeline-service,4
1650481556,home-timeline-service,4
1650481556,home-timeline-service,4
1650481557,home-timeline-service,4
1650481557,home-timeline-service,4
1650481558,home-timeline-service,4
1650481558,home-timeline-service,4
1650481559,home-timeline-service,4
1650481560,home-timeline-service,4
1650481560,home-timeline-service,4
1650481561,home-timeline-service,4
1650481562,home-timeline-service,4
1650481562,home-timeline-service,4
1650481563,home-timeline-service,4
1650481564,home-timeline-service,4
1650481565,home-timeline-service,4
1650481565,home-timeline-service,4
1650481566,home-timeline-service,4
1650481566,home-timeline-service,4
1650481567,home-timeline-service,4
1650481568,home-timeline-service,4
1650481568,home-timeline-service,4
1650481569,home-timeline-service,4
1650481569,home-timeline-service,4
1650481570,home-timeline-service,4
1650481571,home-timeline-service,4
1650481572,home-timeline-service,4
1650481572,home-timeline-service,4
1650481572,home-timeline-service,4
1650481573,home-timeline-service,4
1650481573,home-timeline-service,4
1650481573,home-timeline-service,4
1650481574,home-timeline-service,4
1650481574,home-timeline-service,4
1650481575,home-timeline-service,4
1650481576,home-timeline-service,4
1650481576,home-timeline-service,4
1650481577,home-timeline-service,4
1650481577,home-timeline-service,4
1650481578,home-timeline-service,4
1650481578,home-timeline-service,4
1650481579,home-timeline-service,4
1650481579,home-timeline-service,4
1650481580,home-timeline-service,4
1650481581,home-timeline-service,4
1650481582,home-timeline-service,4
1650481583,home-timeline-service,4
1650481583,home-timeline-service,4
1650481583,home-timeline-service,4
1650481584,home-timeline-service,4
1650481584,home-timeline-service,4
1650481585,home-timeline-service,4
1650481585,home-timeline-service,4
1650481586,home-timeline-service,4
1650481587,home-timeline-service,4
1650481588,home-timeline-service,4
1650481588,home-timeline-service,4
1650481589,home-timeline-service,4
1650481589,home-timeline-service,4
1650481590,home-timeline-service,4
1650481590,home-timeline-service,4
1650481591,home-timeline-service,4
1650481591,home-timeline-service,4
1650481592,home-timeline-service,4
1650481592,home-timeline-service,4
1650481593,home-timeline-service,4
1650481594,home-timeline-service,4
1650481594,home-timeline-service,4
1650481595,home-timeline-service,4
1650481595,home-timeline-service,4
1650481596,home-timeline-service,4
1650481596,home-timeline-service,4
1650481597,home-timeline-service,4
1650481598,home-timeline-service,4
1650481598,home-timeline-service,4
1650481599,home-timeline-service,4
1650481599,home-timeline-service,4
1650481600,home-timeline-service,4
1650481600,home-timeline-service,4
1650481601,home-timeline-service,4
1650481602,home-timeline-service,4
1650481602,home-timeline-service,4
1650481603,home-timeline-service,4
1650481604,home-timeline-service,4
1650481604,home-timeline-service,4
1650481605,home-timeline-service,4
1650481606,home-timeline-service,4
1650481606,home-timeline-service,4
1650481607,home-timeline-service,4
1650481607,home-timeline-service,4
1650481608,home-timeline-service,4
1650481608,home-timeline-service,4
1650481609,home-timeline-service,4
1650481610,home-timeline-service,4
1650481610,home-timeline-service,4
1650481611,home-timeline-service,4
1650481611,home-timeline-service,4
1650481611,home-timeline-service,4
1650481612,home-timeline-service,4
1650481612,home-timeline-service,4
1650481612,home-timeline-service,4
1650481613,home-timeline-service,4
1650481613,home-timeline-service,4
1650481613,home-timeline-service,4
1650481613,home-timeline-service,4
1650481614,home-timeline-service,4
1650481614,home-timeline-service,4
1650481615,home-timeline-service,4
1650481616,home-timeline-service,4
1650481616,home-timeline-service,4
1650481617,home-timeline-service,4
1650481618,home-timeline-service,4
1650481619,home-timeline-service,4
1650481619,home-timeline-service,4
1650481620,home-timeline-service,4
1650481620,home-timeline-service,4
1650481621,home-timeline-service,4
1650481622,home-timeline-service,4
1650481622,home-timeline-service,4
1650481623,home-timeline-service,4
1650481623,home-timeline-service,4
1650481624,home-timeline-service,4
1650481624,home-timeline-service,4
1650481625,home-timeline-service,4
1650481626,home-timeline-service,4
1650481626,home-timeline-service,4
1650481627,home-timeline-service,4
1650481627,home-timeline-service,4
1650481628,home-timeline-service,4
1650481629,home-timeline-service,4
1650481630,home-timeline-service,4
1650481630,home-timeline-service,4
1650481631,home-timeline-service,4
1650481631,home-timeline-service,4
1650481632,home-timeline-service,4
1650481632,home-timeline-service,4
1650481633,home-timeline-service,4
1650481633,home-timeline-service,4
1650481634,home-timeline-service,4
1650481634,home-timeline-service,4
1650481635,home-timeline-service,4
1650481635,home-timeline-service,4
1650481636,home-timeline-service,4
1650481636,home-timeline-service,4
1650481636,home-timeline-service,4
1650481637,home-timeline-service,4
1650481637,home-timeline-service,4
1650481638,home-timeline-service,4
1650481639,home-timeline-service,4
1650481639,home-timeline-service,4
1650481639,home-timeline-service,4
1650481640,home-timeline-service,4
1650481641,home-timeline-service,4
1650481641,home-timeline-service,4
1650481642,home-timeline-service,4
1650481642,home-timeline-service,4
1650481643,home-timeline-service,4
1650481643,home-timeline-service,4
1650481643,home-timeline-service,4
1650481644,home-timeline-service,4
1650481645,home-timeline-service,4
1650481646,home-timeline-service,4
1650481647,home-timeline-service,4
1650481647,home-timeline-service,4
1650481647,home-timeline-service,4
1650481648,home-timeline-service,4
1650481648,home-timeline-service,4
1650481649,home-timeline-service,4
1650481649,home-timeline-service,4
1650481650,home-timeline-service,4
1650481650,home-timeline-service,4
1650481651,home-timeline-service,4
1650481651,home-timeline-service,4
1650481652,home-timeline-service,4
1650481652,home-timeline-service,4
1650481653,home-timeline-service,4
1650481653,home-timeline-service,4
1650481654,home-timeline-service,4
1650481654,home-timeline-service,4
1650481655,home-timeline-service,4
1650481656,home-timeline-service,4
1650481657,home-timeline-service,4
1650481657,home-timeline-service,4
1650481658,home-timeline-service,4
1650481658,home-timeline-service,4
1650481658,home-timeline-service,4
1650481659,home-timeline-service,4
1650481660,home-timeline-service,4
1650481660,home-timeline-service,4
1650481661,home-timeline-service,4
1650481662,home-timeline-service,4
1650481662,home-timeline-service,4
1650481662,home-timeline-service,4
1650481663,home-timeline-service,4
1650481664,home-timeline-service,4
1650481665,home-timeline-service,4
1650481665,home-timeline-service,4
1650481666,home-timeline-service,4
1650481667,home-timeline-service,4
1650481667,home-timeline-service,4
1650481668,home-timeline-service,4
1650481668,home-timeline-service,4
1650481669,home-timeline-service,4
1650481670,home-timeline-service,4
1650481671,home-timeline-service,4
1650481671,home-timeline-service,4
1650481671,home-timeline-service,4
1650481672,home-timeline-service,4
1650481672,home-timeline-service,4
1650481673,home-timeline-service,4
1650481674,home-timeline-service,4
1650481675,home-timeline-service,4
1650481676,home-timeline-service,4
1650481677,home-timeline-service,4
1650481677,home-timeline-service,4
1650481677,home-timeline-service,4
1650481678,home-timeline-service,4
1650481678,home-timeline-service,4
1650481679,home-timeline-service,4
1650481679,home-timeline-service,4
1650481680,home-timeline-service,4
1650481681,home-timeline-service,4
1650481682,home-timeline-service,4
1650481683,home-timeline-service,4
1650481684,home-timeline-service,4
1650481684,home-timeline-service,4
1650481684,home-timeline-service,4
1650481685,home-timeline-service,4
1650481686,home-timeline-service,4
1650481686,home-timeline-service,4
1650481687,home-timeline-service,4
1650481687,home-timeline-service,4
1650481687,home-timeline-service,4
1650481688,home-timeline-service,4
1650481688,home-timeline-service,4
1650481689,home-timeline-service,4
1650481689,home-timeline-service,4
1650481690,home-timeline-service,4
1650481690,home-timeline-service,4
1650481691,home-timeline-service,4
1650481692,home-timeline-service,4
1650481693,home-timeline-service,4
1650481694,home-timeline-service,4
1650481694,home-timeline-service,4
1650481694,home-timeline-service,4
1650481695,home-timeline-service,4
1650481696,home-timeline-service,4
1650481696,home-timeline-service,4
1650481697,home-timeline-service,4
1650481697,home-timeline-service,4
1650481698,home-timeline-service,4
1650481698,home-timeline-service,4
1650481699,home-timeline-service,4
1650481699,home-timeline-service,4
1650481700,home-timeline-service,4
1650481700,home-timeline-service,4
1650481701,home-timeline-service,4
1650481701,home-timeline-service,4
1650481701,home-timeline-service,4
1650481702,home-timeline-service,4
1650481702,home-timeline-service,4
1650481703,home-timeline-service,4
1650481703,home-timeline-service,4
1650481704,home-timeline-service,4
1650481705,home-timeline-service,4
1650481706,home-timeline-service,4
1650481707,home-timeline-service,4
1650481707,home-timeline-service,4
1650481708,home-timeline-service,4
1650481709,home-timeline-service,4
1650481709,home-timeline-service,4
1650481709,home-timeline-service,4
1650481710,home-timeline-service,4
1650481710,home-timeline-service,4
1650481711,home-timeline-service,4
1650481711,home-timeline-service,4
1650481712,home-timeline-service,4
1650481713,home-timeline-service,4
1650481714,home-timeline-service,4
1650481715,home-timeline-service,4
1650481716,home-timeline-service,4
1650481716,home-timeline-service,4
1650481716,home-timeline-service,4
1650481717,home-timeline-service,4
1650481717,home-timeline-service,4
1650481717,home-timeline-service,4
1650481718,home-timeline-service,4
1650481719,home-timeline-service,4
1650481720,home-timeline-service,4
1650481720,home-timeline-service,4
1650481721,home-timeline-service,4
1650481721,home-timeline-service,4
1650481722,home-timeline-service,4
1650481722,home-timeline-service,4
1650481723,home-timeline-service,4
1650481724,home-timeline-service,4
1650481724,home-timeline-service,4
1650481725,home-timeline-service,4
1650481725,home-timeline-service,4
1650481726,home-timeline-service,4
1650481727,home-timeline-service,4
1650481727,home-timeline-service,4
1650481728,home-timeline-service,4
1650481728,home-timeline-service,4
1650481729,home-timeline-service,4
1650481730,home-timeline-service,4
1650481731,home-timeline-service,4
1650481731,home-timeline-service,4
1650481732,home-timeline-service,4
1650481732,home-timeline-service,4
1650481733,home-timeline-service,4
1650481733,home-timeline-service,4
1650481733,home-timeline-service,4
1650481733,home-timeline-service,4
1650481734,home-timeline-service,4
1650481734,home-timeline-service,4
1650481734,home-timeline-service,4
1650481735,home-timeline-service,4
1650481735,home-timeline-service,4
1650481736,home-timeline-service,4
1650481736,home-timeline-service,4
1650481736,home-timeline-service,4
1650481737,home-timeline-service,4
1650481737,home-timeline-service,4
1650481737,home-timeline-service,4
1650481738,home-timeline-service,4
1650481738,home-timeline-service,4
1650481739,home-timeline-service,4
1650481739,home-timeline-service,4
1650481740,home-timeline-service,4
1650481740,home-timeline-service,4
1650481741,home-timeline-service,4
1650481742,home-timeline-service,4
1650481743,home-timeline-service,4
1650481744,home-timeline-service,4
1650481744,home-timeline-service,4
1650481745,home-timeline-service,4
1650481746,home-timeline-service,4
1650481746,home-timeline-service,4
1650481747,home-timeline-service,4
1650481747,home-timeline-service,4
1650481748,home-timeline-service,4
1650481748,home-timeline-service,4
1650481749,home-timeline-service,4
1650481750,home-timeline-service,4
1650481751,home-timeline-service,4
1650481752,home-timeline-service,4
1650481752,home-timeline-service,4
1650481752,home-timeline-service,4
1650481753,home-timeline-service,4
1650481753,home-timeline-service,4
1650481754,home-timeline-service,4
1650481755,home-timeline-service,4
1650481755,home-timeline-service,4
1650481755,home-timeline-service,4
1650481756,home-timeline-service,4
1650481756,home-timeline-service,4
1650481757,home-timeline-service,4
1650481757,home-timeline-service,4
1650481758,home-timeline-service,4
1650481759,home-timeline-service,4
1650481759,home-timeline-service,4
1650481760,home-timeline-service,4
1650481761,home-timeline-service,4
1650481761,home-timeline-service,4
1650481762,home-timeline-service,4
1650481762,home-timeline-service,4
1650481763,home-timeline-service,4
1650481763,home-timeline-service,4
1650481764,home-timeline-service,4
1650481764,home-timeline-service,4
1650481764,home-timeline-service,4
1650481764,home-timeline-service,4
1650481765,home-timeline-service,4
1650481766,home-timeline-service,4
1650481766,home-timeline-service,4
1650481766,home-timeline-service,4
1650481767,home-timeline-service,4
1650481767,home-timeline-service,4
1650481768,home-timeline-service,4
1650481768,home-timeline-service,4
1650481769,home-timeline-service,4
1650481770,home-timeline-service,4
1650481770,home-timeline-service,4
1650481770,home-timeline-service,4
1650481771,home-timeline-service,4
1650481771,home-timeline-service,4
1650481771,home-timeline-service,4
1650481772,home-timeline-service,4
1650481772,home-timeline-service,4
1650481773,home-timeline-service,4
1650481774,home-timeline-service,4
1650481775,home-timeline-service,4
1650481775,home-timeline-service,4
1650481775,home-timeline-service,4
1650481776,home-timeline-service,4
1650481776,home-timeline-service,4
1650481777,home-timeline-service,4
1650481778,home-timeline-service,4
1650481779,home-timeline-service,4
1650481779,home-timeline-service,4
1650481780,home-timeline-service,4
1650481780,home-timeline-service,4
1650481780,home-timeline-service,4
1650481781,home-timeline-service,4
1650481782,home-timeline-service,4
1650481782,home-timeline-service,4
1650481783,home-timeline-service,4
1650481784,home-timeline-service,4
1650481785,home-timeline-service,4
1650481785,home-timeline-service,4
1650481785,home-timeline-service,4
1650481785,home-timeline-service,4
1650481786,home-timeline-service,4
1650481787,home-timeline-service,4
1650481788,home-timeline-service,4
1650481788,home-timeline-service,4
1650481789,home-timeline-service,4
1650481789,home-timeline-service,4
1650481790,home-timeline-service,4
1650481790,home-timeline-service,4
1650481791,home-timeline-service,4
1650481791,home-timeline-service,4
1650481791,home-timeline-service,4
1650481792,home-timeline-service,4
1650481792,home-timeline-service,4
1650481793,home-timeline-service,4
1650481794,home-timeline-service,4
1650481794,home-timeline-service,4
1650481794,home-timeline-service,4
1650481795,home-timeline-service,4
1650481795,home-timeline-service,4
1650481796,home-timeline-service,4
1650481797,home-timeline-service,4
1650481797,home-timeline-service,4
1650481798,home-timeline-service,4
1650481799,home-timeline-service,4
1650481799,home-timeline-service,4
1650481800,home-timeline-service,4
1650481800,home-timeline-service,4
1650481800,home-timeline-service,4
1650481801,home-timeline-service,4
1650481801,home-timeline-service,4
1650481801,home-timeline-service,4
1650481802,home-timeline-service,4
1650481803,home-timeline-service,4
1650481804,home-timeline-service,4
1650481804,home-timeline-service,4
1650481804,home-timeline-service,4
1650481805,home-timeline-service,4
1650481806,home-timeline-service,4
1650481806,home-timeline-service,4
1650481807,home-timeline-service,4
1650481807,home-timeline-service,4
1650481808,home-timeline-service,4
1650481809,home-timeline-service,4
1650481809,home-timeline-service,4
1650481810,home-timeline-service,4
1650481811,home-timeline-service,4
1650481811,home-timeline-service,4
1650481812,home-timeline-service,4
1650481813,home-timeline-service,4
1650481814,home-timeline-service,4
1650481814,home-timeline-service,4
1650481814,home-timeline-service,4
1650481815,home-timeline-service,4
1650481816,home-timeline-service,4
1650481817,home-timeline-service,4
1650481818,home-timeline-service,4
1650481818,home-timeline-service,4
1650481819,home-timeline-service,4
1650481820,home-timeline-service,4
1650481821,home-timeline-service,4
1650481821,home-timeline-service,4
1650481822,home-timeline-service,4
1650481822,home-timeline-service,4
1650481822,home-timeline-service,4
1650481822,home-timeline-service,4
1650481823,home-timeline-service,4
1650481823,home-timeline-service,4
1650481824,home-timeline-service,4
1650481825,home-timeline-service,4
1650481825,home-timeline-service,4
1650481825,home-timeline-service,4
1650481826,home-timeline-service,4
1650481827,home-timeline-service,4
1650481827,home-timeline-service,4
1650481828,home-timeline-service,4
1650481829,home-timeline-service,4
1650481830,home-timeline-service,4
1650481830,home-timeline-service,4
1650481830,home-timeline-service,4
1650481830,home-timeline-service,4
1650481830,home-timeline-service,4
1650481831,home-timeline-service,4
1650481831,home-timeline-service,4
1650481832,home-timeline-service,4
1650481833,home-timeline-service,4
1650481833,home-timeline-service,4
1650481834,home-timeline-service,4
1650481834,home-timeline-service,4
1650481835,home-timeline-service,4
1650481835,home-timeline-service,4
1650481836,home-timeline-service,4
1650481837,home-timeline-service,4
1650481837,home-timeline-service,4
1650481838,home-timeline-service,4
1650481839,home-timeline-service,4
1650481840,home-timeline-service,4
1650481841,home-timeline-service,4
1650481841,home-timeline-service,4
1650481841,home-timeline-service,4
1650481842,home-timeline-service,4
1650481843,home-timeline-service,4
1650481843,home-timeline-service,4
1650481843,home-timeline-service,4
1650481844,home-timeline-service,4
1650481845,home-timeline-service,4
1650481845,home-timeline-service,4
1650481845,home-timeline-service,4
1650481846,home-timeline-service,4
1650481847,home-timeline-service,4
1650481847,home-timeline-service,4
1650481848,home-timeline-service,4
1650481848,home-timeline-service,4
1650481848,home-timeline-service,4
1650481848,home-timeline-service,4
1650481849,home-timeline-service,4
1650481850,home-timeline-service,4
1650481850,home-timeline-service,4
1650481850,home-timeline-service,4
1650481850,home-timeline-service,4
1650481851,home-timeline-service,4
1650481852,home-timeline-service,4
1650481852,home-timeline-service,4
1650481853,home-timeline-service,4
1650481854,home-timeline-service,4
1650481854,home-timeline-service,4
1650481855,home-timeline-service,4
1650481856,home-timeline-service,4
1650481857,home-timeline-service,4
1650481858,home-timeline-service,4
1650481858,home-timeline-service,4
1650481858,home-timeline-service,4
1650481859,home-timeline-service,4
1650481859,home-timeline-service,4
1650481860,home-timeline-service,4
1650481861,home-timeline-service,4
1650481861,home-timeline-service,4
1650481861,home-timeline-service,4
1650481862,home-timeline-service,4
1650481863,home-timeline-service,4
1650481864,home-timeline-service,4
1650481864,home-timeline-service,4
1650481864,home-timeline-service,4
1650481865,home-timeline-service,4
1650481866,home-timeline-service,4
1650481866,home-timeline-service,4
1650481867,home-timeline-service,4
1650481867,home-timeline-service,4
1650481868,home-timeline-service,4
1650481868,home-timeline-service,4
1650481869,home-timeline-service,4
1650481870,home-timeline-service,4
1650481870,home-timeline-service,4
1650481871,home-timeline-service,4
1650481871,home-timeline-service,4
1650481872,home-timeline-service,4
1650481873,home-timeline-service,4
1650481873,home-timeline-service,4
1650481874,home-timeline-service,4
1650481874,home-timeline-service,4
1650481875,home-timeline-service,4
1650481875,home-timeline-service,4
1650481875,home-timeline-service,4
1650481876,home-timeline-service,4
1650481876,home-timeline-service,4
1650481877,home-timeline-service,4
1650481877,home-timeline-service,4
1650481877,home-timeline-service,4
1650481878,home-timeline-service,4
1650481878,home-timeline-service,4
1650481879,home-timeline-service,4
1650481880,home-timeline-service,4
1650481881,home-timeline-service,4
1650481881,home-timeline-service,4
1650481882,home-timeline-service,4
1650481882,home-timeline-service,4
1650481883,home-timeline-service,4
1650481883,home-timeline-service,4
1650481884,home-timeline-service,4
1650481885,home-timeline-service,4
1650481885,home-timeline-service,4
1650481886,home-timeline-service,4
1650481887,home-timeline-service,4
1650481887,home-timeline-service,4
1650481888,home-timeline-service,4
1650481888,home-timeline-service,4
1650481889,home-timeline-service,4
1650481889,home-timeline-service,4
1650481890,home-timeline-service,4
1650481891,home-timeline-service,4
1650481892,home-timeline-service,4
1650481892,home-timeline-service,4
1650481893,home-timeline-service,4
1650481894,home-timeline-service,4
1650481894,home-timeline-service,4
1650481895,home-timeline-service,4
1650481895,home-timeline-service,4
1650481896,home-timeline-service,4
1650481896,home-timeline-service,4
1650481897,home-timeline-service,4
1650481897,home-timeline-service,4
1650481897,home-timeline-service,4
1650481898,home-timeline-service,4
1650481898,home-timeline-service,4
1650481899,home-timeline-service,4
1650481900,home-timeline-service,4
1650481901,home-timeline-service,4
1650481901,home-timeline-service,4
1650481902,home-timeline-service,4
1650481903,home-timeline-service,4
1650481904,home-timeline-service,4
1650481905,home-timeline-service,4
1650481905,home-timeline-service,4
1650481905,home-timeline-service,4
1650481906,home-timeline-service,4
1650481907,home-timeline-service,4
1650481907,home-timeline-service,4
1650481908,home-timeline-service,4
1650481908,home-timeline-service,4
1650481909,home-timeline-service,4
1650481910,home-timeline-service,4
1650481911,home-timeline-service,4
1650481912,home-timeline-service,4
1650481912,home-timeline-service,4
1650481912,home-timeline-service,4
1650481913,home-timeline-service,4
1650481914,home-timeline-service,4
1650481915,home-timeline-service,4
1650481915,home-timeline-service,4
1650481915,home-timeline-service,4
1650481916,home-timeline-service,4
1650481916,home-timeline-service,4
1650481916,home-timeline-service,4
1650481917,home-timeline-service,4
1650481918,home-timeline-service,4
1650481919,home-timeline-service,4
1650481919,home-timeline-service,4
1650481920,home-timeline-service,4
1650481920,home-timeline-service,4
1650481921,home-timeline-service,4
1650481921,home-timeline-service,4
1650481922,home-timeline-service,4
1650481922,home-timeline-service,4
1650481923,home-timeline-service,4
1650481923,home-timeline-service,4
1650481924,home-timeline-service,4
1650481925,home-timeline-service,4
1650481926,home-timeline-service,4
1650481926,home-timeline-service,4
1650481927,home-timeline-service,4
1650481928,home-timeline-service,4
1650481928,home-timeline-service,4
1650481929,home-timeline-service,4
1650481929,home-timeline-service,4
1650481930,home-timeline-service,4
1650481931,home-timeline-service,4
1650481931,home-timeline-service,4
1650481932,home-timeline-service,4
1650481932,home-timeline-service,4
1650481932,home-timeline-service,4
1650481933,home-timeline-service,4
1650481933,home-timeline-service,4
1650481933,home-timeline-service,4
1650481934,home-timeline-service,4
1650481934,home-timeline-service,4
1650481935,home-timeline-service,4
1650481936,home-timeline-service,4
1650481937,home-timeline-service,4
1650481938,home-timeline-service,4
1650481939,home-timeline-service,4
1650481940,home-timeline-service,4
1650481940,home-timeline-service,4
1650481941,home-timeline-service,4
1650481941,home-timeline-service,4
1650481942,home-timeline-service,4
1650481943,home-timeline-service,4
1650481943,home-timeline-service,4
1650481944,home-timeline-service,4
1650481944,home-timeline-service,4
1650481945,home-timeline-service,4
1650481945,home-timeline-service,4
1650481946,home-timeline-service,4
1650481946,home-timeline-service,4
1650481947,home-timeline-service,4
1650481947,home-timeline-service,4
1650481948,home-timeline-service,4
1650481948,home-timeline-service,4
1650481949,home-timeline-service,4
1650481949,home-timeline-service,4
1650481950,home-timeline-service,4
1650481951,home-timeline-service,4
1650481951,home-timeline-service,4
1650481952,home-timeline-service,4
1650481952,home-timeline-service,4
1650481953,home-timeline-service,4
1650481954,home-timeline-service,4
1650481954,home-timeline-service,4
1650481954,home-timeline-service,4
1650481954,home-timeline-service,4
1650481955,home-timeline-service,4
1650481955,home-timeline-service,4
1650481955,home-timeline-service,4
1650481956,home-timeline-service,4
1650481956,home-timeline-service,4
1650481956,home-timeline-service,4
1650481957,home-timeline-service,4
1650481958,home-timeline-service,4
1650481958,home-timeline-service,4
1650481959,home-timeline-service,4
1650481959,home-timeline-service,4
1650481959,home-timeline-service,4
1650481960,home-timeline-service,4
1650481960,home-timeline-service,4
1650481961,home-timeline-service,4
1650481961,home-timeline-service,4
1650481961,home-timeline-service,4
1650481962,home-timeline-service,4
1650481963,home-timeline-service,4
1650481964,home-timeline-service,4
1650481965,home-timeline-service,4
1650481965,home-timeline-service,4
1650481966,home-timeline-service,4
1650481966,home-timeline-service,4
1650481967,home-timeline-service,4
1650481967,home-timeline-service,4
1650481968,home-timeline-service,4
1650481969,home-timeline-service,4
1650481969,home-timeline-service,4
1650481969,home-timeline-service,4
1650481970,home-timeline-service,4
1650481970,home-timeline-service,4
1650481971,home-timeline-service,4
1650481971,home-timeline-service,4
1650481971,home-timeline-service,4
1650481971,home-timeline-service,4
1650481972,home-timeline-service,4
1650481972,home-timeline-service,4
1650481972,home-timeline-service,4
1650481973,home-timeline-service,4
1650481973,home-timeline-service,4
1650481974,home-timeline-service,4
1650481975,home-timeline-service,4
1650481975,home-timeline-service,4
1650481976,home-timeline-service,4
1650481977,home-timeline-service,4
1650481978,home-timeline-service,4
1650481978,home-timeline-service,4
1650481979,home-timeline-service,4
1650481980,home-timeline-service,4
1650481980,home-timeline-service,4
1650481981,home-timeline-service,4
1650481981,home-timeline-service,4
1650481982,home-timeline-service,4
1650481983,home-timeline-service,4
1650481983,home-timeline-service,4
1650481984,home-timeline-service,4
1650481984,home-timeline-service,4
1650481985,home-timeline-service,4
1650481986,home-timeline-service,4
1650481986,home-timeline-service,4
1650481987,home-timeline-service,4
1650481988,home-timeline-service,4
1650481988,home-timeline-service,4
1650481989,home-timeline-service,4
1650481989,home-timeline-service,4
1650481990,home-timeline-service,4
1650481990,home-timeline-service,4
1650481990,home-timeline-service,4
1650481990,home-timeline-service,4
1650481991,home-timeline-service,4
1650481992,home-timeline-service,4
1650481992,home-timeline-service,4
1650481993,home-timeline-service,4
1650481994,home-timeline-service,4
1650481994,home-timeline-service,4
1650481995,home-timeline-service,4
1650481996,home-timeline-service,4
1650481997,home-timeline-service,4
1650481998,home-timeline-service,4
1650481998,home-timeline-service,4
1650481999,home-timeline-service,4
1650481999,home-timeline-service,4
1650481999,home-timeline-service,4
1650482000,home-timeline-service,4
1650482001,home-timeline-service,4
1650482001,home-timeline-service,4
1650482002,home-timeline-service,4
1650482003,home-timeline-service,4
1650482003,home-timeline-service,4
1650482004,home-timeline-service,4
1650482005,home-timeline-service,4
1650482006,home-timeline-service,4
1650482006,home-timeline-service,4
1650482006,home-timeline-service,4
1650482007,home-timeline-service,4
1650482008,home-timeline-service,4
1650482008,home-timeline-service,4
1650482009,home-timeline-service,4
1650482010,home-timeline-service,4
1650482010,home-timeline-service,4
1650482011,home-timeline-service,4
1650482012,home-timeline-service,4
1650482012,home-timeline-service,4
1650482013,home-timeline-service,4
1650482014,home-timeline-service,4
1650482014,home-timeline-service,4
1650482015,home-timeline-service,4
1650482016,home-timeline-service,4
1650482017,home-timeline-service,4
1650482017,home-timeline-service,4
1650482018,home-timeline-service,4
1650482019,home-timeline-service,4
1650482019,home-timeline-service,4
1650482019,home-timeline-service,4
1650482019,home-timeline-service,4
1650482020,home-timeline-service,4
1650482021,home-timeline-service,4
1650482021,home-timeline-service,4
1650482022,home-timeline-service,4
1650482022,home-timeline-service,4
1650482022,home-timeline-service,4
1650482023,home-timeline-service,4
1650482023,home-timeline-service,4
1650482023,home-timeline-service,4
1650482024,home-timeline-service,4
1650482024,home-timeline-service,4
1650482025,home-timeline-service,4
1650482025,home-timeline-service,4
1650482026,home-timeline-service,4
1650482027,home-timeline-service,4
1650482027,home-timeline-service,4
1650482027,home-timeline-service,4
1650482028,home-timeline-service,4
1650482029,home-timeline-service,4
1650482029,home-timeline-service,4
1650482030,home-timeline-service,4
1650482031,home-timeline-service,4
1650482031,home-timeline-service,4
1650482031,home-timeline-service,4
1650482032,home-timeline-service,4
1650482032,home-timeline-service,4
1650482033,home-timeline-service,4
1650482034,home-timeline-service,4
1650482035,home-timeline-service,4
1650482035,home-timeline-service,4
1650482036,home-timeline-service,4
1650482037,home-timeline-service,4
1650482037,home-timeline-service,4
1650482038,home-timeline-service,4
1650482039,home-timeline-service,4
1650482039,home-timeline-service,4
1650482040,home-timeline-service,4
1650482040,home-timeline-service,4
1650482040,home-timeline-service,4
1650482041,home-timeline-service,4
1650482042,home-timeline-service,4
1650482043,home-timeline-service,4
1650482044,home-timeline-service,4
1650482044,home-timeline-service,4
1650482044,home-timeline-service,4
1650482045,home-timeline-service,4
1650482045,home-timeline-service,4
1650482046,home-timeline-service,4
1650482047,home-timeline-service,4
1650482047,home-timeline-service,4
1650482047,home-timeline-service,4
1650482048,home-timeline-service,4
1650482049,home-timeline-service,4
1650482049,home-timeline-service,4
1650482050,home-timeline-service,4
1650482050,home-timeline-service,4
1650482050,home-timeline-service,4
1650482051,home-timeline-service,4
1650482052,home-timeline-service,4
1650482053,home-timeline-service,4
1650482054,home-timeline-service,4
1650482054,home-timeline-service,4
1650482055,home-timeline-service,4
1650482055,home-timeline-service,4
1650482055,home-timeline-service,4
1650482056,home-timeline-service,4
1650482056,home-timeline-service,4
1650482057,home-timeline-service,4
1650482058,home-timeline-service,4
1650482059,home-timeline-service,4
1650482059,home-timeline-service,4
1650482060,home-timeline-service,4
1650482061,home-timeline-service,4
1650482061,home-timeline-service,4
1650482061,home-timeline-service,4
1650482062,home-timeline-service,4
1650482062,home-timeline-service,4
1650482063,home-timeline-service,4
1650482063,home-timeline-service,4
1650482064,home-timeline-service,4
1650482064,home-timeline-service,4
1650482065,home-timeline-service,4
1650482065,home-timeline-service,4
1650482066,home-timeline-service,4
1650482066,home-timeline-service,4
1650482067,home-timeline-service,4
1650482068,home-timeline-service,4
1650482069,home-timeline-service,4
1650482069,home-timeline-service,4
1650482069,home-timeline-service,4
1650482070,home-timeline-service,4
1650482070,home-timeline-service,4
1650482071,home-timeline-service,4
1650482071,home-timeline-service,4
1650482072,home-timeline-service,4
1650482073,home-timeline-service,4
1650482073,home-timeline-service,4
1650482074,home-timeline-service,4
1650482075,home-timeline-service,4
1650482075,home-timeline-service,4
1650482075,home-timeline-service,4
1650482076,home-timeline-service,4
1650482077,home-timeline-service,4
1650482077,home-timeline-service,4
1650482078,home-timeline-service,4
1650482079,home-timeline-service,4
1650482080,home-timeline-service,4
1650482080,home-timeline-service,4
1650482080,home-timeline-service,4
1650482081,home-timeline-service,4
1650482082,home-timeline-service,4
1650482082,home-timeline-service,4
1650482083,home-timeline-service,4
1650482084,home-timeline-service,4
1650482084,home-timeline-service,4
1650482085,home-timeline-service,4
1650482086,home-timeline-service,4
1650482086,home-timeline-service,4
1650482087,home-timeline-service,4
1650482087,home-timeline-service,4
1650482088,home-timeline-service,4
1650482089,home-timeline-service,4
1650482089,home-timeline-service,4
1650482090,home-timeline-service,4
1650482090,home-timeline-service,4
1650482091,home-timeline-service,4
1650482091,home-timeline-service,4
1650482092,home-timeline-service,4
1650482093,home-timeline-service,4
1650482094,home-timeline-service,4
1650482094,home-timeline-service,4
1650482095,home-timeline-service,4
1650482095,home-timeline-service,4
1650482096,home-timeline-service,4
1650482097,home-timeline-service,4
1650482097,home-timeline-service,4
1650482098,home-timeline-service,4
1650482098,home-timeline-service,4
1650482099,home-timeline-service,4
1650482100,home-timeline-service,4
1650482100,home-timeline-service,4
1650482101,home-timeline-service,4
1650482101,home-timeline-service,4
1650482102,home-timeline-service,4
1650482102,home-timeline-service,4
1650482102,home-timeline-service,4
1650482103,home-timeline-service,4
1650482104,home-timeline-service,4
1650482105,home-timeline-service,4
1650482105,home-timeline-service,4
1650482106,home-timeline-service,4
1650482107,home-timeline-service,4
1650482108,home-timeline-service,4
1650482108,home-timeline-service,4
1650482108,home-timeline-service,4
1650482108,home-timeline-service,4
1650482109,home-timeline-service,4
1650482110,home-timeline-service,4
1650482111,home-timeline-service,4
1650482111,home-timeline-service,4
1650482112,home-timeline-service,4
1650482112,home-timeline-service,4
1650482113,home-timeline-service,4
1650482114,home-timeline-service,4
1650482114,home-timeline-service,4
1650482114,home-timeline-service,4
1650482115,home-timeline-service,4
1650482116,home-timeline-service,4
1650482117,home-timeline-service,4
1650482117,home-timeline-service,4
1650482117,home-timeline-service,4
1650482117,home-timeline-service,4
1650482117,home-timeline-service,4
1650482118,home-timeline-service,4
1650482118,home-timeline-service,4
1650482119,home-timeline-service,4
1650482119,home-timeline-service,4
1650482120,home-timeline-service,4
1650482120,home-timeline-service,4
1650482121,home-timeline-service,4
1650482121,home-timeline-service,4
1650482122,home-timeline-service,4
1650482122,home-timeline-service,4
1650482123,home-timeline-service,4
1650482123,home-timeline-service,4
1650482123,home-timeline-service,4
1650482124,home-timeline-service,4
1650482124,home-timeline-service,4
1650482125,home-timeline-service,4
1650482126,home-timeline-service,4
1650482127,home-timeline-service,4
1650482127,home-timeline-service,4
1650482128,home-timeline-service,4
1650482128,home-timeline-service,4
1650482129,home-timeline-service,4
1650482129,home-timeline-service,4
1650482130,home-timeline-service,4
1650482131,home-timeline-service,4
1650482132,home-timeline-service,4
1650482132,home-timeline-service,4
1650482132,home-timeline-service,4
1650482133,home-timeline-service,4
1650482133,home-timeline-service,4
1650482134,home-timeline-service,4
1650482135,home-timeline-service,4
1650482136,home-timeline-service,4
1650482136,home-timeline-service,4
1650482136,home-timeline-service,4
1650482137,home-timeline-service,4
1650482138,home-timeline-service,4
1650482138,home-timeline-service,4
1650482139,home-timeline-service,4
1650482140,home-timeline-service,4
1650482141,home-timeline-service,4
1650482142,home-timeline-service,4
1650482142,home-timeline-service,4
1650482142,home-timeline-service,4
1650482142,home-timeline-service,4
1650482143,home-timeline-service,4
1650482143,home-timeline-service,4
1650482144,home-timeline-service,4
1650482145,home-timeline-service,4
1650482146,home-timeline-service,4
1650482147,home-timeline-service,4
1650482147,home-timeline-service,4
1650482148,home-timeline-service,4
1650482148,home-timeline-service,4
1650482148,home-timeline-service,4
1650482149,home-timeline-service,4
1650482150,home-timeline-service,4
1650482151,home-timeline-service,4
1650482151,home-timeline-service,4
1650482152,home-timeline-service,4
1650482152,home-timeline-service,4
1650482152,home-timeline-service,4
1650482152,home-timeline-service,4
1650482153,home-timeline-service,4
1650482153,home-timeline-service,4
1650482154,home-timeline-service,4
1650482155,home-timeline-service,4
1650482156,home-timeline-service,4
1650482156,home-timeline-service,4
1650482156,home-timeline-service,4
1650482157,home-timeline-service,4
1650482157,home-timeline-service,4
1650482157,home-timeline-service,4
1650482158,home-timeline-service,4
1650482158,home-timeline-service,4
1650482159,home-timeline-service,4
1650482159,home-timeline-service,4
1650482159,home-timeline-service,4
1650482160,home-timeline-service,4
1650482160,home-timeline-service,4
1650482161,home-timeline-service,4
1650482161,home-timeline-service,4
1650482162,home-timeline-service,4
1650482162,home-timeline-service,4
1650482163,home-timeline-service,4
1650482164,home-timeline-service,4
1650482164,home-timeline-service,4
1650482165,home-timeline-service,4
1650482165,home-timeline-service,4
1650482165,home-timeline-service,4
1650482166,home-timeline-service,4
1650482167,home-timeline-service,4
1650482168,home-timeline-service,4
1650482169,home-timeline-service,4
1650482169,home-timeline-service,4
1650482170,home-timeline-service,4
1650482171,home-timeline-service,4
1650482171,home-timeline-service,4
1650482172,home-timeline-service,4
1650482173,home-timeline-service,4
1650482173,home-timeline-service,4
1650482173,home-timeline-service,4
1650482174,home-timeline-service,4
1650482175,home-timeline-service,4
1650482175,home-timeline-service,4
1650482176,home-timeline-service,4
1650482176,home-timeline-service,4
1650482176,home-timeline-service,4
1650482177,home-timeline-service,4
1650482177,home-timeline-service,4
1650482178,home-timeline-service,4
1650482179,home-timeline-service,4
1650482179,home-timeline-service,4
1650482180,home-timeline-service,4
1650482180,home-timeline-service,4
1650482181,home-timeline-service,4
1650482181,home-timeline-service,4
1650482182,home-timeline-service,4
1650482182,home-timeline-service,4
1650482183,home-timeline-service,4
1650482184,home-timeline-service,4
1650482184,home-timeline-service,4
1650482185,home-timeline-service,4
1650482186,home-timeline-service,4
1650482186,home-timeline-service,4
1650482186,home-timeline-service,4
1650482186,home-timeline-service,4
1650482186,home-timeline-service,4
1650482187,home-timeline-service,4
1650482188,home-timeline-service,4
1650482189,home-timeline-service,4
1650482189,home-timeline-service,4
1650482190,home-timeline-service,4
1650482190,home-timeline-service,4
1650482191,home-timeline-service,4
1650482191,home-timeline-service,4
1650482192,home-timeline-service,4
1650482193,home-timeline-service,4
1650482193,home-timeline-service,4
1650482194,home-timeline-service,4
1650482194,home-timeline-service,4
1650482194,home-timeline-service,4
1650482195,home-timeline-service,4
1650482196,home-timeline-service,4
1650482197,home-timeline-service,4
1650482197,home-timeline-service,4
1650482197,home-timeline-service,4
1650482197,home-timeline-service,4
1650482198,home-timeline-service,4
1650482199,home-timeline-service,4
1650482199,home-timeline-service,4
1650482200,home-timeline-service,4
1650482201,home-timeline-service,4
1650482202,home-timeline-service,4
1650482202,home-timeline-service,4
1650482202,home-timeline-service,4
1650482203,home-timeline-service,4
1650482203,home-timeline-service,4
1650482203,home-timeline-service,4
1650482204,home-timeline-service,4
1650482204,home-timeline-service,4
1650482205,home-timeline-service,4
1650482205,home-timeline-service,4
1650482206,home-timeline-service,4
1650482207,home-timeline-service,4
1650482207,home-timeline-service,4
1650482207,home-timeline-service,4
1650482208,home-timeline-service,4
1650482209,home-timeline-service,4
1650482210,home-timeline-service,4
1650482211,home-timeline-service,4
