timestamp,cpu_usage_system,cpu_usage_total,cpu_usage_user,memory_usage,memory_working_set,rx_bytes,tx_bytes
1650163049,1.1133333333333333,2.8073453661666665,1.67,8.049607276916504e-05,8.031725883483887e-05,1127.5,1118.6666666666667
1650163050,1.1133333333333333,2.8073453661666665,1.67,8.049607276916504e-05,8.031725883483887e-05,1127.5,1118.6666666666667
1650163051,1.1133333333333333,2.8073453661666665,1.67,8.049607276916504e-05,8.031725883483887e-05,1127.5,1118.6666666666667
1650163052,1.1133333333333333,2.8073453661666665,1.67,8.049607276916504e-05,8.031725883483887e-05,1127.5,1118.6666666666667
1650163053,1.1133333333333333,2.8073453661666665,1.67,8.049607276916504e-05,8.031725883483887e-05,1127.5,1118.6666666666667
1650163054,1.1133333333333333,2.8073453661666665,1.67,8.049607276916504e-05,8.031725883483887e-05,1127.5,1118.6666666666667
1650163055,1.1133333333333333,2.8073453661666665,1.67,8.049607276916504e-05,8.031725883483887e-05,1127.5,1118.6666666666667
1650163056,2.39,5.9719690795,3.535,8.112192153930664e-05,8.094310760498047e-05,1094.5,964.5
1650163057,2.39,5.9719690795,3.535,8.112192153930664e-05,8.094310760498047e-05,1094.5,964.5
1650163058,2.355,5.58979051,3.195,8.115172386169434e-05,8.097290992736816e-05,730.0,643.0
1650163059,2.82,6.723123974,3.85,8.13901424407959e-05,8.121132850646973e-05,2748.0,2293.0
1650163060,4.39,11.090470369,6.57,8.115172386169434e-05,8.097290992736816e-05,1724.0,1286.0
1650163061,4.39,11.090470369,6.57,8.115172386169434e-05,8.097290992736816e-05,1724.0,1286.0
1650163062,2.1,5.0806345735,2.94,8.171796798706055e-05,8.153915405273438e-05,870.0,849.0
1650163063,2.1,5.0806345735,2.94,8.171796798706055e-05,8.153915405273438e-05,870.0,849.0
1650163064,2.52,6.2542400225,3.625,8.219480514526367e-05,8.20159912109375e-05,1824.5,2037.5
1650163065,2.52,6.2542400225,3.625,8.219480514526367e-05,8.20159912109375e-05,1824.5,2037.5
1650163066,2.595,6.413869912,3.755,8.270144462585449e-05,8.252263069152832e-05,730.0,643.0
1650163067,2.595,6.413869912,3.755,8.270144462585449e-05,8.252263069152832e-05,730.0,643.0
1650163068,2.655,6.4267613765,3.795,8.279085159301758e-05,8.26120376586914e-05,1459.5,1286.0
1650163069,2.9,7.399144182,4.38,8.293986320495605e-05,8.276104927062988e-05,2574.0,2119.0
1650163070,2.9,7.399144182,4.38,8.293986320495605e-05,8.276104927062988e-05,2574.0,2119.0
1650163071,2.595,6.11621742,3.47,8.296966552734375e-05,8.279085159301758e-05,1093.5,964.5
1650163072,2.595,6.11621742,3.47,8.296966552734375e-05,8.279085159301758e-05,1093.5,964.5
1650163073,2.82,6.7173382845,3.85,8.311867713928223e-05,8.293986320495605e-05,1731.0,1492.0
1650163074,3.82,9.49911358,5.65,8.314847946166992e-05,8.296966552734375e-05,1460.0,3018.0
1650163075,4.14,10.325697799,6.09,8.32974910736084e-05,8.311867713928223e-05,1460.0,1286.0
1650163076,4.14,10.325697799,6.09,8.32974910736084e-05,8.311867713928223e-05,1460.0,1286.0
1650163077,2.65,6.4863566385,3.805,8.442997932434082e-05,8.425116539001465e-05,1094.5,964.5
1650163078,2.61,6.475368977,3.79,8.383393287658691e-05,8.365511894226074e-05,730.0,643.0
1650163079,2.61,6.475368977,3.79,8.383393287658691e-05,8.365511894226074e-05,730.0,643.0
1650163080,2.485,6.0801495165,3.55,8.398294448852539e-05,8.380413055419922e-05,1287.0,1059.5
1650163081,3.05,7.204044893,4.12,8.398294448852539e-05,8.380413055419922e-05,1458.0,1286.0
1650163082,3.45,8.36690594,4.64,8.383393287658691e-05,8.365511894226074e-05,1864.0,1426.0
1650163083,3.45,8.36690594,4.64,8.383393287658691e-05,8.365511894226074e-05,1864.0,1426.0
1650163084,2.465,5.9671523195,3.42,8.413195610046387e-05,8.39531421661377e-05,799.5,1326.5
1650163085,2.465,5.9671523195,3.42,8.413195610046387e-05,8.39531421661377e-05,799.5,1326.5
1650163086,2.49,6.303676068,3.7,8.428096771240234e-05,8.410215377807617e-05,1460.0,1385.0
1650163087,2.49,6.303676068,3.7,8.428096771240234e-05,8.410215377807617e-05,1460.0,1385.0
1650163088,2.125,5.384707345,3.225,8.428096771240234e-05,8.410215377807617e-05,730.0,643.0
1650163089,4.92,11.92235849,6.8,8.45491886138916e-05,8.437037467956543e-05,1886.0,1518.0
1650163090,4.92,11.92235849,6.8,8.45491886138916e-05,8.437037467956543e-05,1886.0,1518.0
1650163091,1.67,4.172935263,2.49,8.45491886138916e-05,8.437037467956543e-05,365.0,321.5
1650163092,4.03,9.695309009,5.59,8.472800254821777e-05,8.45491886138916e-05,2189.0,1929.0
1650163093,4.03,9.695309009,5.59,8.472800254821777e-05,8.45491886138916e-05,2189.0,1929.0
1650163094,2.505,5.9865214775,3.41,8.472800254821777e-05,8.45491886138916e-05,1364.5,1498.0
1650163095,2.505,5.9865214775,3.41,8.472800254821777e-05,8.45491886138916e-05,1364.5,1498.0
1650163096,2.52,6.309977334,3.725,8.490681648254395e-05,8.472800254821777e-05,1094.0,1129.5
1650163097,5.01,12.139363244,6.98,8.493661880493164e-05,8.475780487060547e-05,2187.0,1929.0
1650163098,5.01,12.139363244,6.98,8.493661880493164e-05,8.475780487060547e-05,2187.0,1929.0
1650163099,1.84,4.706614589,2.835,8.52346420288086e-05,8.505582809448242e-05,1287.5,1059.5
1650163100,3.07,6.895520178,3.8,8.52346420288086e-05,8.505582809448242e-05,1460.0,1286.0
1650163101,3.64,9.185949578,5.45,8.550286293029785e-05,8.532404899597168e-05,2189.0,1929.0
1650163102,3.64,9.185949578,5.45,8.550286293029785e-05,8.532404899597168e-05,2189.0,1929.0
1650163103,2.27,5.4131794135,3.065,8.550286293029785e-05,8.532404899597168e-05,730.0,643.0
1650163104,2.93,7.24076597,4.25,8.535385131835938e-05,8.51750373840332e-05,862.0,2001.0
1650163105,4.4,10.521862186,6.11,8.571147918701172e-05,8.553266525268555e-05,3590.0,3348.0
1650163106,4.4,10.521862186,6.11,8.571147918701172e-05,8.553266525268555e-05,3590.0,3348.0
1650163107,2.175,5.3530321195,3.085,8.589029312133789e-05,8.571147918701172e-05,1330.5,1236.0
1650163108,2.175,5.3530321195,3.085,8.589029312133789e-05,8.571147918701172e-05,1330.5,1236.0
1650163109,2.435,5.8806765335,3.415,8.589029312133789e-05,8.571147918701172e-05,1287.0,1059.5
1650163110,4.33,10.756838633,6.3,8.603930473327637e-05,8.58604907989502e-05,1716.0,1386.0
1650163111,2.88,6.862208102,3.97,8.603930473327637e-05,8.58604907989502e-05,1930.0,1829.0
1650163112,2.99,7.431723668,4.38,8.606910705566406e-05,8.589029312133789e-05,729.0,643.0
1650163113,2.99,7.431723668,4.38,8.606910705566406e-05,8.589029312133789e-05,729.0,643.0
1650163114,2.08,5.152195273,3.025,8.630752563476562e-05,8.612871170043945e-05,365.0,785.5
1650163115,3.77,9.172068516,5.34,8.633732795715332e-05,8.615851402282715e-05,2732.0,2209.0
1650163116,3.77,9.172068516,5.34,8.633732795715332e-05,8.615851402282715e-05,2732.0,2209.0
1650163117,2.41,5.627655966,3.175,8.651614189147949e-05,8.633732795715332e-05,1094.5,1162.5
1650163118,3.85,9.176080365,5.27,8.654594421386719e-05,8.636713027954102e-05,2187.0,1929.0
1650163119,3.85,9.176080365,5.27,8.654594421386719e-05,8.636713027954102e-05,2187.0,1929.0
1650163120,1.97,4.81813414,2.81,8.669495582580566e-05,8.651614189147949e-05,1673.0,1402.0
1650163121,5.14,11.963940794,6.75,8.672475814819336e-05,8.654594421386719e-05,1459.0,1286.0
1650163122,5.14,11.963940794,6.75,8.672475814819336e-05,8.654594421386719e-05,1459.0,1286.0
1650163123,2.695,6.716519638,3.975,8.71419906616211e-05,8.696317672729492e-05,1094.5,964.5
1650163124,2.695,6.716519638,3.975,8.71419906616211e-05,8.696317672729492e-05,1094.5,964.5
1650163125,2.54,6.134413685,3.51,8.723139762878418e-05,8.705258369445801e-05,1289.5,1813.5
1650163126,3.35,8.324097844,4.91,8.735060691833496e-05,8.717179298400879e-05,2343.0,2241.0
1650163127,3.35,8.324097844,4.91,8.735060691833496e-05,8.717179298400879e-05,2343.0,2241.0
1650163128,2.13,5.2210477295,3.03,8.738040924072266e-05,8.720159530639648e-05,729.5,775.0
1650163129,2.13,5.2210477295,3.03,8.738040924072266e-05,8.720159530639648e-05,729.5,775.0
1650163130,2.715,6.6048809505,3.82,8.755922317504883e-05,8.738040924072266e-05,1652.5,1381.0
1650163131,4.24,10.225034207,5.93,8.77678394317627e-05,8.758902549743652e-05,2190.0,1929.0
1650163132,4.24,10.225034207,5.93,8.77678394317627e-05,8.758902549743652e-05,2190.0,1929.0
1650163133,2.2,5.205992388,2.99,8.77678394317627e-05,8.758902549743652e-05,1458.5,1286.0
1650163134,4.7,11.025992606,6.29,8.794665336608887e-05,8.77678394317627e-05,1458.0,2095.0
1650163135,4.7,11.025992606,6.29,8.794665336608887e-05,8.77678394317627e-05,1458.0,2095.0
1650163136,2.245,5.5071048605,3.23,8.794665336608887e-05,8.77678394317627e-05,1095.0,964.5
1650163137,2.94,6.956805802,3.93,8.893013000488281e-05,8.875131607055664e-05,2003.0,1566.0
1650163138,2.94,6.956805802,3.93,8.893013000488281e-05,8.875131607055664e-05,2003.0,1566.0
1650163139,2.15,5.0306505875,2.86,8.815526962280273e-05,8.797645568847656e-05,1287.0,1257.5
1650163140,4.54,11.174241028,6.55,8.913874626159668e-05,8.895993232727051e-05,2190.0,1929.0
1650163141,4.54,11.174241028,6.55,8.913874626159668e-05,8.895993232727051e-05,2190.0,1929.0
1650163142,1.835,4.7394302545,2.765,8.83638858795166e-05,8.818507194519043e-05,1094.0,964.5
1650163143,3.89,9.50496238,5.42,8.83936882019043e-05,8.821487426757812e-05,1459.0,1286.0
1650163144,3.39,8.471469974,5.03,8.854269981384277e-05,8.83638858795166e-05,2189.0,3642.0
1650163145,3.39,8.471469974,5.03,8.854269981384277e-05,8.83638858795166e-05,2189.0,3642.0
1650163146,2.455,5.7304788095,3.23,8.857250213623047e-05,8.83936882019043e-05,1094.5,964.5
1650163147,3.42,8.164884426,4.7,8.875131607055664e-05,8.857250213623047e-05,729.0,643.0
1650163148,3.42,8.164884426,4.7,8.875131607055664e-05,8.857250213623047e-05,729.0,643.0
1650163149,2.575,6.2259557395,3.59,8.878111839294434e-05,8.860230445861816e-05,1945.0,1674.0
1650163150,2.575,6.2259557395,3.59,8.878111839294434e-05,8.860230445861816e-05,1945.0,1674.0
1650163151,2.775,6.630963859,3.81,8.895993232727051e-05,8.878111839294434e-05,730.0,709.0
1650163152,2.775,6.630963859,3.81,8.895993232727051e-05,8.878111839294434e-05,730.0,709.0
1650163153,2.535,6.251863417,3.665,8.913874626159668e-05,8.895993232727051e-05,1459.5,1286.0
1650163154,4.66,11.49593314,6.77,8.916854858398438e-05,8.89897346496582e-05,730.0,2436.0
1650163155,4.66,11.49593314,6.77,8.916854858398438e-05,8.89897346496582e-05,730.0,2436.0
1650163156,2.78,6.768446837,3.915,8.949637413024902e-05,8.931756019592285e-05,2189.5,1929.0
1650163157,2.78,6.768446837,3.915,8.949637413024902e-05,8.931756019592285e-05,2189.5,1929.0
1650163158,2.445,5.8408382865,3.36,8.952617645263672e-05,8.934736251831055e-05,365.0,321.5
1650163159,4.04,9.494774217,5.42,8.937716484069824e-05,8.919835090637207e-05,2839.0,2119.0
1650163160,4.04,9.494774217,5.42,8.937716484069824e-05,8.919835090637207e-05,2839.0,2119.0
1650163161,2.53,6.3519280975,3.77,8.994340896606445e-05,8.976459503173828e-05,870.0,849.0
1650163162,2.95,7.396159502,4.36,8.994340896606445e-05,8.976459503173828e-05,730.0,775.0
1650163163,2.89,7.206393542,4.2,8.997321128845215e-05,8.979439735412598e-05,729.0,775.0
1650163164,2.75,6.800251976,3.95,9.012222290039062e-05,8.994340896606445e-05,2919.0,3492.0
1650163165,2.75,6.800251976,3.95,9.012222290039062e-05,8.994340896606445e-05,2919.0,3492.0
1650163166,2.485,6.138183494,3.585,9.107589721679688e-05,9.08970832824707e-05,1459.0,1286.0
1650163167,2.485,6.138183494,3.585,9.107589721679688e-05,9.08970832824707e-05,1459.0,1286.0
1650163168,2.425,5.929670552,3.46,9.03010368347168e-05,9.012222290039062e-05,1458.5,1286.0
1650163169,4.15,9.406398128,5.13,9.033083915710448e-05,9.015202522277832e-05,2572.0,2119.0
1650163170,4.15,9.406398128,5.13,9.033083915710448e-05,9.015202522277832e-05,2572.0,2119.0
1650163171,2.01,5.0693202395,3.02,9.053945541381836e-05,9.03606414794922e-05,1496.5,1253.5
1650163172,4.18,10.593209264,6.23,9.056925773620604e-05,9.039044380187988e-05,2660.0,2670.0
1650163173,3.17,8.370029516,5.1,0.0005083680152893,0.0004937350749969,1460.0,2997.0
1650163174,3.17,8.370029516,5.1,0.0005083680152893,0.0004937350749969,1460.0,2997.0
1650163175,0.01,0.0049830675,0.0,2.1845102310180664e-05,2.166628837585449e-05,730.0,643.0
1650163176,0.0,0.000973429,0.0,2.1845102310180664e-05,2.166628837585449e-05,1459.0,1286.0
1650163177,0.0,0.000973429,0.0,2.1845102310180664e-05,2.166628837585449e-05,1459.0,1286.0
1650163178,0.0,0.000803668,0.0,2.1845102310180664e-05,2.166628837585449e-05,1094.0,964.5
1650163179,0.0,0.002137307,0.0,2.1845102310180664e-05,2.166628837585449e-05,3345.0,2804.0
1650163180,0.0,0.001776841,0.0,2.148747444152832e-05,2.130866050720215e-05,2454.0,1929.0
1650163181,0.0,0.00185626,0.0,2.1845102310180664e-05,2.166628837585449e-05,2468.0,2473.0
1650163182,0.0,0.00185626,0.0,2.1845102310180664e-05,2.166628837585449e-05,2468.0,2473.0
1650163183,0.0,0.0005536775,0.0,2.1845102310180664e-05,2.166628837585449e-05,729.5,709.0
1650163184,0.0,0.0005536775,0.0,2.1845102310180664e-05,2.166628837585449e-05,729.5,709.0
1650163185,0.005,0.0020034505,0.005,2.1845102310180664e-05,2.166628837585449e-05,2555.0,2822.0
1650163186,0.0,0.001048785,0.0,2.1845102310180664e-05,2.166628837585449e-05,1460.0,1286.0
1650163187,0.0,0.001239386,0.0,2.1845102310180664e-05,2.166628837585449e-05,1456.0,1286.0
1650163188,0.0,0.001239386,0.0,2.1845102310180664e-05,2.166628837585449e-05,1456.0,1286.0
1650163189,0.0,0.001285392,0.0,2.1845102310180664e-05,2.166628837585449e-05,1652.0,1381.0
1650163190,0.0,0.001285392,0.0,2.1845102310180664e-05,2.166628837585449e-05,1652.0,1381.0
1650163191,0.0,0.0010837975,0.0,2.148747444152832e-05,2.130866050720215e-05,1591.5,1286.0
1650163192,0.0,0.000738339,0.0,2.1845102310180664e-05,2.166628837585449e-05,1010.0,923.0
1650163193,0.0,0.000738339,0.0,2.1845102310180664e-05,2.166628837585449e-05,1010.0,923.0
1650163194,0.0,0.000597779,0.0,2.1845102310180664e-05,2.166628837585449e-05,729.5,1796.0
1650163195,0.0,0.000977974,0.0,2.1845102310180664e-05,2.166628837585449e-05,1460.0,1418.0
1650163196,0.0,0.00056507,0.0,2.1845102310180664e-05,2.166628837585449e-05,1309.0,643.0
1650163197,0.0,0.00056507,0.0,2.1845102310180664e-05,2.166628837585449e-05,1309.0,643.0
1650163198,0.0,0.0,0.0,2.1845102310180664e-05,2.166628837585449e-05,230.0,0.0
1650163199,0.0,0.000149376,0.0,2.1845102310180664e-05,2.166628837585449e-05,140.0,178.0
1650163200,0.0,0.000221797,0.0,2.1845102310180664e-05,2.166628837585449e-05,193.0,156.0
1650163201,0.0,0.000221797,0.0,2.1845102310180664e-05,2.166628837585449e-05,193.0,156.0
1650163202,0.0,0.0002505235,0.0,2.202391624450684e-05,2.1845102310180664e-05,873.5,212.0
1650163203,0.0,0.000164742,0.0,2.1845102310180664e-05,2.166628837585449e-05,1042.0,166.0
1650163204,0.0,0.000164742,0.0,2.1845102310180664e-05,2.166628837585449e-05,1042.0,166.0
1650163205,0.0,0.000139768,0.0,2.1845102310180664e-05,2.166628837585449e-05,189.5,155.0
1650163206,0.0,0.000302718,0.0,2.202391624450684e-05,2.1845102310180664e-05,399.0,456.0
1650163207,0.0,0.0,0.0,2.202391624450684e-05,2.1845102310180664e-05,140.0,525.0
1650163208,0.0,0.0,0.0,2.202391624450684e-05,2.1845102310180664e-05,140.0,525.0
1650163209,0.0,5.61e-05,0.0,2.202391624450684e-05,2.1845102310180664e-05,129.5,83.0
1650163210,0.0,0.000497282,0.0,2.2202730178833008e-05,2.202391624450684e-05,518.0,222.0
1650163211,0.0,0.000200045,0.0,2.202391624450684e-05,2.1845102310180664e-05,252.0,166.0
1650163212,0.0,0.000257825,0.0,2.202391624450684e-05,2.1845102310180664e-05,367.0,208.0
1650163213,0.0,0.000257825,0.0,2.202391624450684e-05,2.1845102310180664e-05,367.0,208.0
1650163214,0.0,0.000115857,0.0,2.1845102310180664e-05,2.166628837585449e-05,205.0,125.0
1650163215,0.0,0.000115857,0.0,2.1845102310180664e-05,2.166628837585449e-05,205.0,125.0
1650163216,0.0,7.5916e-05,0.0,2.1845102310180664e-05,2.166628837585449e-05,488.0,145.0
1650163217,0.0,0.000451228,0.0,2.2798776626586917e-05,2.2619962692260746e-05,452.0,74.0
1650163218,0.0,0.0,0.0,2.202391624450684e-05,2.1845102310180664e-05,140.0,292.0
1650163219,0.0,0.0,0.0,2.202391624450684e-05,2.1845102310180664e-05,140.0,292.0
1650163220,0.0,0.000101776,0.0,2.1845102310180664e-05,2.166628837585449e-05,169.0,166.0
1650163221,0.0,0.000490362,0.0,2.202391624450684e-05,2.1845102310180664e-05,452.0,74.0
1650163222,0.0,0.000490362,0.0,2.202391624450684e-05,2.1845102310180664e-05,452.0,74.0
1650163223,0.0,0.0,0.0,2.202391624450684e-05,2.1845102310180664e-05,70.0,74.0
1650163224,0.0,0.0,0.0,2.202391624450684e-05,2.1845102310180664e-05,70.0,74.0
1650163225,0.0,0.0001455175,0.0,2.202391624450684e-05,2.1845102310180664e-05,232.5,166.0
1650163226,0.0,0.00046934,0.0,2.2202730178833008e-05,2.202391624450684e-05,518.0,222.0
1650163227,0.0,0.00046934,0.0,2.2202730178833008e-05,2.202391624450684e-05,518.0,222.0
1650163228,0.0,0.0001627455,0.0,2.202391624450684e-05,2.1845102310180664e-05,291.5,145.0
1650163229,0.0,0.000138114,0.0,2.202391624450684e-05,2.1845102310180664e-05,643.0,166.0
1650163230,0.0,0.000138114,0.0,2.202391624450684e-05,2.1845102310180664e-05,643.0,166.0
1650163231,0.0,0.0001111965,0.0,2.1845102310180664e-05,2.166628837585449e-05,136.0,116.0
1650163232,0.0,0.0,0.0,2.1845102310180664e-05,2.166628837585449e-05,140.0,166.0
1650163233,0.0,0.0,0.0,2.1845102310180664e-05,2.166628837585449e-05,140.0,166.0
1650163234,0.0,0.000228816,0.0,2.202391624450684e-05,2.1845102310180664e-05,226.0,76.0
1650163235,0.0,0.0,0.0,2.202391624450684e-05,2.1845102310180664e-05,140.0,148.0
1650163236,0.0,0.000175089,0.0,2.1845102310180664e-05,2.166628837585449e-05,392.0,332.0
1650163237,0.0,0.000175089,0.0,2.1845102310180664e-05,2.166628837585449e-05,392.0,332.0
1650163238,0.0,0.0003723085,0.0,2.202391624450684e-05,2.1845102310180664e-05,225.0,37.0
1650163239,0.0,0.0,0.0,2.202391624450684e-05,2.1845102310180664e-05,140.0,148.0
1650163240,0.0,0.0,0.0,2.202391624450684e-05,2.1845102310180664e-05,140.0,148.0
1650163241,0.0,0.0001001855,0.0,2.202391624450684e-05,2.1845102310180664e-05,425.0,228.0
1650163242,0.0,0.0001001855,0.0,2.202391624450684e-05,2.1845102310180664e-05,425.0,228.0
1650163243,0.0,0.0002198245,0.0,2.2202730178833008e-05,2.202391624450684e-05,259.0,111.0
1650163244,0.0,0.000305037,0.0,2.202391624450684e-05,2.1845102310180664e-05,637.0,232.0
1650163245,0.0,0.000305037,0.0,2.202391624450684e-05,2.1845102310180664e-05,637.0,232.0
1650163246,0.0,0.0001970735,0.0,2.1845102310180664e-05,2.166628837585449e-05,228.0,205.0
1650163247,0.0,0.0001970735,0.0,2.1845102310180664e-05,2.166628837585449e-05,228.0,205.0
1650163248,0.0,0.0,0.0,2.1845102310180664e-05,2.166628837585449e-05,107.0,223.0
1650163249,0.0,0.000103995,0.0,2.1845102310180664e-05,2.166628837585449e-05,192.0,0.0
1650163250,0.0,0.000356509,0.0,2.202391624450684e-05,2.1845102310180664e-05,259.0,74.0
1650163251,0.0,0.000118864,0.0,2.202391624450684e-05,2.1845102310180664e-05,140.0,148.0
1650163252,0.0,0.000180219,0.0,2.1845102310180664e-05,2.166628837585449e-05,314.0,208.0
1650163253,0.0,0.000180219,0.0,2.1845102310180664e-05,2.166628837585449e-05,314.0,208.0
1650163254,0.0,0.0003136795,0.0,2.2798776626586917e-05,2.2619962692260746e-05,526.5,224.0
1650163255,0.0,0.0003136795,0.0,2.2798776626586917e-05,2.2619962692260746e-05,526.5,224.0
1650163256,0.0,0.0,0.0,2.202391624450684e-05,2.1845102310180664e-05,70.0,74.0
1650163257,0.0,0.000132433,0.0,2.202391624450684e-05,2.1845102310180664e-05,850.0,398.0
1650163258,0.0,0.000132433,0.0,2.202391624450684e-05,2.1845102310180664e-05,850.0,398.0
1650163259,0.0,0.0003039105,0.0,2.2202730178833008e-05,2.202391624450684e-05,258.0,111.0
1650163260,0.0,0.0003039105,0.0,2.2202730178833008e-05,2.202391624450684e-05,258.0,111.0
1650163261,0.0,9.0553e-05,0.0,2.202391624450684e-05,2.1845102310180664e-05,126.0,122.0
1650163262,0.0,0.000351236,0.0,2.202391624450684e-05,2.1845102310180664e-05,457.0,332.0
1650163263,0.0,0.0,0.0,2.1845102310180664e-05,2.166628837585449e-05,74.0,0.0
1650163264,0.0,0.0,0.0,2.1845102310180664e-05,2.166628837585449e-05,74.0,0.0
1650163265,0.0,0.0001148,0.0,2.1845102310180664e-05,2.166628837585449e-05,70.0,83.0
1650163266,0.0,0.000475068,0.0,2.2798776626586917e-05,2.2619962692260746e-05,452.0,353.0
1650163267,0.0,0.000475068,0.0,2.2798776626586917e-05,2.2619962692260746e-05,452.0,353.0
1650163268,0.0,0.000198228,0.0,2.1845102310180664e-05,2.166628837585449e-05,398.5,219.0
1650163269,0.0,0.000198228,0.0,2.1845102310180664e-05,2.166628837585449e-05,398.5,219.0
1650163270,0.0,0.000253028,0.0,2.202391624450684e-05,2.1845102310180664e-05,292.0,153.0
1650163271,0.0,0.0,0.0,2.202391624450684e-05,2.1845102310180664e-05,140.0,148.0
1650163272,0.0,0.0,0.0,2.202391624450684e-05,2.1845102310180664e-05,140.0,148.0
1650163273,0.0,0.0,0.0,2.202391624450684e-05,2.1845102310180664e-05,103.0,83.0
1650163274,0.0,0.000531805,0.0,2.297759056091309e-05,2.2798776626586917e-05,584.0,240.0
1650163275,0.0,0.000531805,0.0,2.297759056091309e-05,2.2798776626586917e-05,584.0,240.0
1650163276,0.0,0.000204435,0.0,2.2202730178833008e-05,2.202391624450684e-05,228.0,157.0
1650163277,0.0,0.000296203,0.0,2.202391624450684e-05,2.1845102310180664e-05,325.0,166.0
1650163278,0.0,0.000296203,0.0,2.202391624450684e-05,2.1845102310180664e-05,325.0,166.0
1650163279,0.0,9.08335e-05,0.0,2.1845102310180664e-05,2.166628837585449e-05,99.0,83.0
1650163280,0.0,9.08335e-05,0.0,2.1845102310180664e-05,2.166628837585449e-05,99.0,83.0
1650163281,0.0,4.7043e-05,0.0,2.1845102310180664e-05,2.166628837585449e-05,332.5,145.0
1650163282,0.0,0.000184627,0.0,2.1845102310180664e-05,2.166628837585449e-05,193.0,0.0
1650163283,0.0,0.000184627,0.0,2.1845102310180664e-05,2.166628837585449e-05,193.0,0.0
1650163284,0.005,0.00025972,0.0,2.202391624450684e-05,2.1845102310180664e-05,199.0,144.0
1650163285,0.005,0.00025972,0.0,2.202391624450684e-05,2.1845102310180664e-05,199.0,144.0
1650163286,0.0,0.0001450085,0.0,2.1845102310180664e-05,2.166628837585449e-05,298.5,166.0
1650163287,0.0,0.000359566,0.0,2.202391624450684e-05,2.1845102310180664e-05,259.0,573.0
1650163288,0.0,0.000359566,0.0,2.202391624450684e-05,2.1845102310180664e-05,259.0,573.0
1650163289,0.0,0.0,0.0,2.202391624450684e-05,2.1845102310180664e-05,140.0,157.0
1650163290,0.0,0.0,0.0,2.202391624450684e-05,2.1845102310180664e-05,140.0,157.0
1650163291,0.0,0.0002972805,0.0,2.2202730178833008e-05,2.202391624450684e-05,258.5,120.0
1650163292,0.0,0.000199797,0.0,2.2202730178833008e-05,2.202391624450684e-05,300.0,190.0
1650163293,0.0,0.000199797,0.0,2.2202730178833008e-05,2.202391624450684e-05,300.0,190.0
1650163294,0.0,0.0003027045,0.0,2.202391624450684e-05,2.1845102310180664e-05,462.5,270.0
1650163295,0.0,0.0003027045,0.0,2.202391624450684e-05,2.1845102310180664e-05,462.5,270.0
1650163296,0.0,8.97865e-05,0.0,2.1845102310180664e-05,2.166628837585449e-05,126.0,116.0
1650163297,0.0,0.0,0.0,2.1845102310180664e-05,2.166628837585449e-05,280.0,445.0
1650163298,0.0,0.0,0.0,2.1845102310180664e-05,2.166628837585449e-05,280.0,445.0
1650163299,0.0,0.0003052945,0.0,2.202391624450684e-05,2.1845102310180664e-05,226.0,37.0
1650163300,0.0,0.0,0.0,2.202391624450684e-05,2.1845102310180664e-05,140.0,148.0
1650163301,0.0,0.0,0.0,2.202391624450684e-05,2.1845102310180664e-05,140.0,148.0
1650163302,0.0,0.0001730705,0.0,2.1845102310180664e-05,2.166628837585449e-05,298.5,166.0
1650163303,0.0,0.0001730705,0.0,2.1845102310180664e-05,2.166628837585449e-05,298.5,166.0
1650163304,0.0,0.000321248,0.0,2.202391624450684e-05,2.1845102310180664e-05,199.5,111.0
1650163305,0.0,0.0,0.0,2.202391624450684e-05,2.1845102310180664e-05,140.0,166.0
1650163306,0.0,0.000266315,0.0,2.202391624450684e-05,2.1845102310180664e-05,710.0,679.0
1650163307,0.0,0.000266315,0.0,2.202391624450684e-05,2.1845102310180664e-05,710.0,679.0
1650163308,0.0,0.0002997645,0.0,2.2202730178833008e-05,2.202391624450684e-05,258.5,111.0
1650163309,0.0,0.000217446,0.0,2.202391624450684e-05,2.1845102310180664e-05,198.0,232.0
1650163310,0.0,0.000217446,0.0,2.202391624450684e-05,2.1845102310180664e-05,198.0,232.0
1650163311,0.0,0.0001801975,0.0,2.1845102310180664e-05,2.166628837585449e-05,261.5,166.0
1650163312,0.0,0.0,0.0,2.1845102310180664e-05,2.166628837585449e-05,74.0,0.0
1650163313,0.0,0.0,0.0,2.1845102310180664e-05,2.166628837585449e-05,140.0,166.0
1650163314,0.0,0.000228128,0.0,2.1845102310180664e-05,2.166628837585449e-05,193.0,0.0
1650163315,0.0,0.000228128,0.0,2.1845102310180664e-05,2.166628837585449e-05,193.0,0.0
1650163316,0.0,0.000282217,0.0,2.202391624450684e-05,2.1845102310180664e-05,129.5,37.0
1650163317,0.0,0.0,0.0,2.202391624450684e-05,2.1845102310180664e-05,140.0,427.0
1650163318,0.0,0.000365559,0.01,2.1845102310180664e-05,2.166628837585449e-05,585.0,332.0
1650163319,0.0,0.000365559,0.01,2.1845102310180664e-05,2.166628837585449e-05,585.0,332.0
1650163320,0.0,0.000292011,0.0,2.202391624450684e-05,2.1845102310180664e-05,322.0,99.0
1650163321,0.0,0.0,0.0,2.202391624450684e-05,2.1845102310180664e-05,140.0,148.0
1650163322,0.0,0.0,0.0,2.202391624450684e-05,2.1845102310180664e-05,206.0,232.0
1650163323,0.0,0.0,0.0,2.202391624450684e-05,2.1845102310180664e-05,206.0,232.0
1650163324,0.0,0.000288964,0.0,2.2202730178833008e-05,2.202391624450684e-05,292.0,120.0
1650163325,0.0,0.000112017,0.0,2.2202730178833008e-05,2.202391624450684e-05,259.0,148.0
1650163326,0.0,0.000193407,0.0,2.202391624450684e-05,2.1845102310180664e-05,252.0,166.0
1650163327,0.0,0.000194178,0.0,2.202391624450684e-05,2.1845102310180664e-05,258.0,166.0
1650163328,0.0,0.000767801,0.0,2.202391624450684e-05,2.1845102310180664e-05,1002.0,783.0
1650163329,0.0,0.000767801,0.0,2.202391624450684e-05,2.1845102310180664e-05,1002.0,783.0
1650163330,0.0,0.0004673025,0.0,2.2202730178833008e-05,2.202391624450684e-05,627.5,519.5
1650163331,0.0,0.002864872,0.0,2.202391624450684e-05,2.1845102310180664e-05,4040.0,3723.0
1650163332,0.0,0.00056753,0.0,2.202391624450684e-05,2.1845102310180664e-05,729.0,643.0
1650163333,0.0,0.000892139,0.0,2.1845102310180664e-05,2.166628837585449e-05,1119.0,821.0
1650163334,0.0,0.000892139,0.0,2.1845102310180664e-05,2.166628837585449e-05,1119.0,821.0
1650163335,0.0,0.00058882,0.0,2.1845102310180664e-05,2.166628837585449e-05,729.5,1260.5
1650163336,0.0,0.0021953,0.0,2.1845102310180664e-05,2.166628837585449e-05,2917.0,2572.0
1650163337,0.0,0.0021953,0.0,2.1845102310180664e-05,2.166628837585449e-05,2917.0,2572.0
1650163338,0.0,0.0008171855,0.0,2.1845102310180664e-05,2.166628837585449e-05,1094.5,964.5
1650163339,0.0,0.0008171855,0.0,2.1845102310180664e-05,2.166628837585449e-05,1094.5,964.5
1650163340,0.0,0.001184744,0.0,2.166628837585449e-05,2.148747444152832e-05,1489.0,1162.5
1650163341,0.0,0.001174858,0.0,2.1845102310180664e-05,2.166628837585449e-05,1598.0,1624.0
1650163342,0.0,0.001174858,0.0,2.1845102310180664e-05,2.166628837585449e-05,1598.0,1624.0
1650163343,0.0,0.0006196465,0.0,2.1845102310180664e-05,2.166628837585449e-05,729.5,709.0
1650163344,0.0,0.001155436,0.0,2.1845102310180664e-05,2.166628837585449e-05,1460.0,2543.0
1650163345,0.0,0.001155436,0.0,2.1845102310180664e-05,2.166628837585449e-05,1460.0,2543.0
1650163346,0.0,0.000858429,0.0,2.1845102310180664e-05,2.166628837585449e-05,1095.0,964.5
1650163347,0.0,0.000979459,0.0,2.1845102310180664e-05,2.166628837585449e-05,1460.0,1286.0
1650163348,0.0,0.000657043,0.0,2.1845102310180664e-05,2.166628837585449e-05,730.0,643.0
1650163349,0.0,0.001079201,0.0,2.1845102310180664e-05,2.166628837585449e-05,1548.0,975.0
1650163350,0.0,0.002445621,0.0,2.166628837585449e-05,2.148747444152832e-05,3190.0,2910.0
1650163351,0.0,0.002445621,0.0,2.166628837585449e-05,2.148747444152832e-05,3190.0,2910.0
1650163352,0.0,0.000492631,0.0,2.1845102310180664e-05,2.166628837585449e-05,670.5,696.0
1650163353,0.0,0.000657968,0.0,2.1845102310180664e-05,2.166628837585449e-05,861.0,841.0
1650163354,0.0,0.000640326,0.0,2.1845102310180664e-05,2.166628837585449e-05,730.0,2064.0
1650163355,0.0,0.001567277,0.01,2.1845102310180664e-05,2.166628837585449e-05,2190.0,1929.0
1650163356,0.0,0.001567277,0.01,2.1845102310180664e-05,2.166628837585449e-05,2190.0,1929.0
1650163357,0.0,0.0005404735,0.0,2.1845102310180664e-05,2.166628837585449e-05,730.0,643.0
1650163358,0.0,0.000520131,0.0,2.1845102310180664e-05,2.166628837585449e-05,730.0,643.0
1650163359,0.0,0.000520131,0.0,2.1845102310180664e-05,2.166628837585449e-05,730.0,643.0
1650163360,0.0,0.000404218,0.0,2.1845102310180664e-05,2.166628837585449e-05,570.5,399.5
1650163361,0.0,0.000404218,0.0,2.1845102310180664e-05,2.166628837585449e-05,570.5,399.5
1650163362,0.0,0.0005451645,0.0,2.166628837585449e-05,2.148747444152832e-05,830.0,463.5
1650163363,0.01,0.000605643,0.0,2.1845102310180664e-05,2.166628837585449e-05,677.0,717.0
1650163364,0.01,0.000605643,0.0,2.1845102310180664e-05,2.166628837585449e-05,677.0,717.0
1650163365,0.0,0.0002229325,0.0,2.1845102310180664e-05,2.166628837585449e-05,717.5,83.0
1650163366,0.0,0.000104033,0.0,2.1845102310180664e-05,2.166628837585449e-05,678.0,156.0
1650163367,0.0,0.000628055,0.0,2.2798776626586917e-05,2.2619962692260746e-05,685.0,559.0
1650163368,0.0,0.000628055,0.0,2.2798776626586917e-05,2.2619962692260746e-05,685.0,559.0
1650163369,0.0,0.0006396855,0.0,2.2202730178833008e-05,2.202391624450684e-05,820.0,456.5
1650163370,0.0,0.000349507,0.0,2.312660217285156e-05,2.294778823852539e-05,1650.0,586.0
1650163371,0.0,0.000410668,0.0,2.202391624450684e-05,2.1845102310180664e-05,1720.0,695.0
1650163372,0.0,0.000410668,0.0,2.202391624450684e-05,2.1845102310180664e-05,1720.0,695.0
1650163373,0.0,0.000223432,0.0,2.2202730178833008e-05,2.202391624450684e-05,304.5,83.0
1650163374,0.0,0.000703345,0.0,2.238154411315918e-05,2.2202730178833008e-05,872.0,695.0
1650163375,0.0,0.000703345,0.0,2.238154411315918e-05,2.2202730178833008e-05,872.0,695.0
1650163376,0.0,0.0002616325,0.0,2.238154411315918e-05,2.2202730178833008e-05,509.0,354.5
1650163377,0.0,0.0,0.0,2.238154411315918e-05,2.2202730178833008e-05,74.0,0.0
1650163378,0.0,0.0,0.0,2.238154411315918e-05,2.2202730178833008e-05,74.0,0.0
1650163379,0.0,0.000440942,0.0,2.2530555725097656e-05,2.2351741790771484e-05,660.5,298.0
1650163380,0.0,0.00081879,0.0,2.256035804748535e-05,2.238154411315918e-05,1063.0,608.0
1650163381,0.0,0.00081879,0.0,2.256035804748535e-05,2.238154411315918e-05,1063.0,608.0
1650163382,0.0,0.000142937,0.0,2.2530555725097656e-05,2.2351741790771484e-05,1200.0,496.0
1650163383,0.0,0.001144968,0.0,2.232193946838379e-05,2.2143125534057617e-05,1702.0,1111.0
1650163384,0.0,0.001144968,0.0,2.232193946838379e-05,2.2143125534057617e-05,1702.0,1111.0
1650163385,0.0,0.0006548445,0.0,2.2143125534057617e-05,2.1964311599731445e-05,1137.5,782.5
1650163386,0.0,0.00079742,0.0,2.2143125534057617e-05,2.1964311599731445e-05,1211.0,801.0
1650163387,0.0,0.000974733,0.0,2.1964311599731445e-05,2.1785497665405277e-05,1619.0,1364.0
1650163388,0.0,0.000339418,0.0,2.2143125534057617e-05,2.1964311599731445e-05,444.0,218.0
1650163389,0.0,0.000339418,0.0,2.2143125534057617e-05,2.1964311599731445e-05,444.0,218.0
1650163390,0.0,0.000436628,0.0,2.2143125534057617e-05,2.1964311599731445e-05,1112.0,422.5
1650163391,0.0,0.000436628,0.0,2.2143125534057617e-05,2.1964311599731445e-05,1112.0,422.5
1650163392,0.0,0.0003848495,0.005,2.2232532501220703e-05,2.205371856689453e-05,435.0,219.0
1650163393,0.0,0.0003848495,0.005,2.2232532501220703e-05,2.205371856689453e-05,435.0,219.0
1650163394,0.0,0.000404001,0.0,2.2411346435546875e-05,2.2232532501220703e-05,581.5,397.5
1650163395,0.0,0.000313077,0.0,2.2411346435546875e-05,2.2232532501220703e-05,690.0,529.0
1650163396,0.0,0.000313077,0.0,2.2411346435546875e-05,2.2232532501220703e-05,690.0,529.0
1650163397,0.0,0.000102516,0.0,2.2232532501220703e-05,2.205371856689453e-05,136.0,46.0
1650163398,0.0,0.000402311,0.0,2.2232532501220703e-05,2.205371856689453e-05,843.0,608.0
1650163399,0.0,0.000402311,0.0,2.2232532501220703e-05,2.205371856689453e-05,843.0,608.0
1650163400,0.0,0.0003800265,0.0,2.205371856689453e-05,2.187490463256836e-05,1200.0,381.5
1650163401,0.0,0.0,0.0,2.205371856689453e-05,2.187490463256836e-05,185.0,78.0
1650163402,0.0,0.000747812,0.0,2.2232532501220703e-05,2.205371856689453e-05,1640.0,881.0
1650163403,0.0,0.000917555,0.0,2.3186206817626957e-05,2.300739288330078e-05,1807.0,1039.0
1650163404,0.0,0.000917555,0.0,2.3186206817626957e-05,2.300739288330078e-05,1807.0,1039.0
1650163405,0.0,0.000710409,0.0,2.2351741790771484e-05,2.2172927856445312e-05,1090.5,873.0
1650163406,0.0,0.000354132,0.0,2.2172927856445312e-05,2.199411392211914e-05,845.0,244.0
1650163407,0.0,0.000354132,0.0,2.2172927856445312e-05,2.199411392211914e-05,845.0,244.0
1650163408,0.0,0.000172676,0.0,2.2172927856445312e-05,2.199411392211914e-05,384.0,310.5
1650163409,0.0,0.000343639,0.0,2.2172927856445312e-05,2.199411392211914e-05,537.0,709.0
1650163410,0.0,0.000343639,0.0,2.2172927856445312e-05,2.199411392211914e-05,537.0,709.0
1650163411,0.0,0.000469705,0.0,2.2172927856445312e-05,2.199411392211914e-05,844.0,482.5
1650163412,0.0,0.000469705,0.0,2.2172927856445312e-05,2.199411392211914e-05,844.0,482.5
1650163413,0.0,0.0004654145,0.0,2.199411392211914e-05,2.181529998779297e-05,807.5,416.5
1650163414,0.0,0.0004654145,0.0,2.199411392211914e-05,2.181529998779297e-05,807.5,416.5
1650163415,0.0,0.000160485,0.0,2.199411392211914e-05,2.181529998779297e-05,390.0,72.0
1650163416,0.0,0.0,0.0,2.199411392211914e-05,2.181529998779297e-05,0.0,0.0
1650163417,0.0,0.0,0.0,2.199411392211914e-05,2.181529998779297e-05,0.0,0.0
1650163418,0.0,0.0,0.0,2.199411392211914e-05,2.181529998779297e-05,0.0,0.0
1650163419,0.0,0.0001596796666666,0.0,2.16364860534668e-05,2.1457672119140625e-05,280.0,218.33333333333331
1650163420,0.0,0.000654749,0.0,2.181529998779297e-05,2.16364860534668e-05,751.0,691.0
1650163421,0.0,0.000323994,0.0,2.199411392211914e-05,2.181529998779297e-05,481.0,74.0
1650163422,0.0,0.000323994,0.0,2.199411392211914e-05,2.181529998779297e-05,481.0,74.0
1650163423,0.0,0.000271295,0.0,2.199411392211914e-05,2.181529998779297e-05,502.0,195.0
1650163424,0.0,0.000271295,0.0,2.199411392211914e-05,2.181529998779297e-05,502.0,195.0
1650163425,0.0,0.0006159305,0.0,2.2172927856445312e-05,2.199411392211914e-05,652.5,667.0
1650163426,0.0,0.000836654,0.0,2.2172927856445312e-05,2.199411392211914e-05,1281.0,809.0
1650163427,0.0,0.000280275,0.0,2.199411392211914e-05,2.181529998779297e-05,597.0,655.0
1650163428,0.0,0.000280275,0.0,2.199411392211914e-05,2.181529998779297e-05,597.0,655.0
1650163429,0.0,0.0003741335,0.0,2.199411392211914e-05,2.181529998779297e-05,362.0,120.0
1650163430,0.0,0.0003741335,0.0,2.199411392211914e-05,2.181529998779297e-05,362.0,120.0
1650163431,0.0,8.19795e-05,0.0,2.181529998779297e-05,2.16364860534668e-05,173.0,50.0
1650163432,0.0,0.000922003,0.0,2.181529998779297e-05,2.16364860534668e-05,1260.0,711.0
1650163433,0.0,0.000922003,0.0,2.181529998779297e-05,2.16364860534668e-05,1260.0,711.0
1650163434,0.0,0.000394553,0.0,2.199411392211914e-05,2.181529998779297e-05,709.0,175.0
1650163435,0.0,0.000413592,0.0,2.2172927856445312e-05,2.199411392211914e-05,687.0,787.0
1650163436,0.0,0.000413592,0.0,2.2172927856445312e-05,2.199411392211914e-05,687.0,787.0
1650163437,0.0,0.0003023165,0.0,2.2351741790771484e-05,2.2172927856445312e-05,296.0,87.0
1650163438,0.0,0.0003023165,0.0,2.2351741790771484e-05,2.2172927856445312e-05,296.0,87.0
1650163439,0.0,0.000381843,0.0,2.2351741790771484e-05,2.2172927856445312e-05,577.5,487.5
1650163440,0.0,0.000666893,0.0,2.2172927856445312e-05,2.199411392211914e-05,1084.0,721.0
1650163441,0.0,0.000666893,0.0,2.2172927856445312e-05,2.199411392211914e-05,1084.0,721.0
1650163442,0.0,0.0004919065,0.0,2.199411392211914e-05,2.181529998779297e-05,740.5,682.0
1650163443,0.0,0.000972806,0.0,2.2172927856445312e-05,2.199411392211914e-05,996.0,741.0
1650163444,0.0,0.000972806,0.0,2.2172927856445312e-05,2.199411392211914e-05,996.0,741.0
1650163445,0.0,0.0001144445,0.0,2.2172927856445312e-05,2.199411392211914e-05,289.0,39.0
1650163446,0.0,0.000564476,0.0,2.199411392211914e-05,2.181529998779297e-05,862.0,643.0
1650163447,0.0,0.000696124,0.0,2.2172927856445312e-05,2.199411392211914e-05,1507.0,873.0
1650163448,0.0,0.000696124,0.0,2.2172927856445312e-05,2.199411392211914e-05,1507.0,873.0
1650163449,0.0,0.000315051,0.0,2.2172927856445312e-05,2.199411392211914e-05,516.0,327.5
1650163450,0.0,0.000315051,0.0,2.2172927856445312e-05,2.199411392211914e-05,516.0,327.5
1650163451,0.0,0.0004014325,0.0,2.199411392211914e-05,2.181529998779297e-05,731.5,458.5
1650163452,0.0,0.0,0.0,2.199411392211914e-05,2.181529998779297e-05,573.0,0.0
1650163453,0.0,0.0,0.0,2.199411392211914e-05,2.181529998779297e-05,573.0,0.0
1650163454,0.0,0.0002484725,0.0,2.199411392211914e-05,2.181529998779297e-05,362.0,235.5
1650163455,0.0,0.0002484725,0.0,2.199411392211914e-05,2.181529998779297e-05,362.0,235.5
1650163456,0.0,0.000273977,0.0,2.2172927856445312e-05,2.199411392211914e-05,420.5,87.0
1650163457,0.0,0.000444197,0.0,2.199411392211914e-05,2.181529998779297e-05,1055.0,655.0
1650163458,0.0,0.000444197,0.0,2.199411392211914e-05,2.181529998779297e-05,1055.0,655.0
1650163459,0.0,0.000355981,0.0,2.2172927856445312e-05,2.199411392211914e-05,345.5,74.0
1650163460,0.0,0.000694723,0.0,2.2351741790771484e-05,2.2172927856445312e-05,798.0,651.0
1650163461,0.0,0.000694723,0.0,2.2351741790771484e-05,2.2172927856445312e-05,798.0,651.0
1650163462,0.0,0.000241021,0.0,2.2351741790771484e-05,2.2172927856445312e-05,538.5,392.5
1650163463,0.0,0.000257578,0.0,2.2351741790771484e-05,2.2172927856445312e-05,451.0,290.0
1650163464,0.0,0.000257578,0.0,2.2351741790771484e-05,2.2172927856445312e-05,451.0,290.0
1650163465,0.0,0.0005061645,0.0,2.2172927856445312e-05,2.199411392211914e-05,728.5,207.0
1650163466,0.0,0.000779681,0.0,2.199411392211914e-05,2.181529998779297e-05,1261.0,1120.0
1650163467,0.0,0.000779681,0.0,2.199411392211914e-05,2.181529998779297e-05,1261.0,1120.0
1650163468,0.0,0.0002383115,0.0,2.2172927856445312e-05,2.199411392211914e-05,549.0,126.0
1650163469,0.0,0.0002383115,0.0,2.2172927856445312e-05,2.199411392211914e-05,549.0,126.0
1650163470,0.0,0.0001317795,0.0,2.199411392211914e-05,2.181529998779297e-05,509.0,135.0
1650163471,0.0,0.001315118,0.0,2.2172927856445312e-05,2.199411392211914e-05,1719.0,1192.0
1650163472,0.0,0.001315118,0.0,2.2172927856445312e-05,2.199411392211914e-05,1719.0,1192.0
1650163473,0.0,0.0002404625,0.0,2.2172927856445312e-05,2.199411392211914e-05,457.5,327.5
1650163474,0.0,0.0002404625,0.0,2.2172927856445312e-05,2.199411392211914e-05,457.5,327.5
1650163475,0.0,9.04245e-05,0.0,2.2172927856445312e-05,2.199411392211914e-05,262.5,141.0
1650163476,0.0,0.000728519,0.0,2.199411392211914e-05,2.181529998779297e-05,862.0,709.0
1650163477,0.0,0.000728519,0.0,2.199411392211914e-05,2.181529998779297e-05,862.0,709.0
1650163478,0.0,0.0005533065,0.0,2.2172927856445312e-05,2.199411392211914e-05,692.5,623.0
1650163479,0.0,0.000717935,0.0,2.199411392211914e-05,2.181529998779297e-05,1348.0,799.0
1650163480,0.0,0.000717935,0.0,2.199411392211914e-05,2.181529998779297e-05,1348.0,799.0
1650163481,0.0,0.000709828,0.0,2.199411392211914e-05,2.181529998779297e-05,1051.0,765.0
1650163482,0.0,0.000709828,0.0,2.199411392211914e-05,2.181529998779297e-05,1051.0,765.0
1650163483,0.0,0.0004389325,0.0,2.181529998779297e-05,2.16364860534668e-05,956.5,449.5
1650163484,0.0,0.000599614,0.0,2.199411392211914e-05,2.181529998779297e-05,500.0,817.0
1650163485,0.0,0.000599614,0.0,2.199411392211914e-05,2.181529998779297e-05,500.0,817.0
1650163486,0.0,0.000298514,0.0,2.199411392211914e-05,2.181529998779297e-05,737.0,333.5
1650163487,0.0,0.000361372,0.0,2.199411392211914e-05,2.181529998779297e-05,648.0,787.0
1650163488,0.0,0.000361372,0.0,2.199411392211914e-05,2.181529998779297e-05,648.0,787.0
1650163489,0.0,0.000256321,0.0,2.199411392211914e-05,2.181529998779297e-05,475.0,360.5
1650163490,0.0,0.000256321,0.0,2.199411392211914e-05,2.181529998779297e-05,475.0,360.5
1650163491,0.0,0.000329344,0.0,2.181529998779297e-05,2.16364860534668e-05,430.0,387.5
1650163492,0.0,0.001813662,0.0,2.199411392211914e-05,2.181529998779297e-05,2330.0,2333.0
1650163493,0.0,0.001813662,0.0,2.199411392211914e-05,2.181529998779297e-05,2330.0,2333.0
1650163494,0.0,0.0013178535,0.0,2.199411392211914e-05,2.181529998779297e-05,1594.5,1635.0
1650163495,0.0,0.001188603,0.0,2.199411392211914e-05,2.181529998779297e-05,1845.0,1608.0
1650163496,0.0,0.001691915,0.01,2.199411392211914e-05,2.181529998779297e-05,2189.0,1995.0
1650163497,0.0,0.001691915,0.01,2.199411392211914e-05,2.181529998779297e-05,2189.0,1995.0
1650163498,0.0,0.001658969,0.0,2.199411392211914e-05,2.181529998779297e-05,2188.0,1929.0
1650163499,0.0,0.000527014,0.0,2.199411392211914e-05,2.181529998779297e-05,772.0,685.0
1650163500,0.0,0.000527014,0.0,2.199411392211914e-05,2.181529998779297e-05,772.0,685.0
1650163501,0.0,0.000535854,0.0,2.199411392211914e-05,2.181529998779297e-05,730.0,643.0
1650163502,0.01,0.002089327,0.0,2.199411392211914e-05,2.181529998779297e-05,2461.0,2069.0
1650163503,0.0,0.001063683,0.0,2.199411392211914e-05,2.181529998779297e-05,1460.0,1418.0
1650163504,0.0,0.001063683,0.0,2.199411392211914e-05,2.181529998779297e-05,1460.0,1418.0
1650163505,0.0,0.0019377285,0.0,2.199411392211914e-05,2.181529998779297e-05,2151.5,2641.5
1650163506,0.0,0.001086921,0.0,2.199411392211914e-05,2.181529998779297e-05,1459.0,1418.0
1650163507,0.0,0.001086921,0.0,2.199411392211914e-05,2.181529998779297e-05,1459.0,1418.0
1650163508,0.0,0.001110815,0.0,2.199411392211914e-05,2.181529998779297e-05,1459.5,1286.0
1650163509,0.0,0.001110815,0.0,2.199411392211914e-05,2.181529998779297e-05,1459.5,1286.0
1650163510,0.0,0.0007857415,0.005,2.199411392211914e-05,2.181529998779297e-05,1094.5,964.5
1650163511,0.0,0.001966528,0.0,2.199411392211914e-05,2.181529998779297e-05,2919.0,2572.0
1650163512,0.01,0.001914652,0.0,2.199411392211914e-05,2.181529998779297e-05,2461.0,2069.0
1650163513,0.01,0.001914652,0.0,2.199411392211914e-05,2.181529998779297e-05,2461.0,2069.0
1650163514,0.0,0.0007808645,0.0,2.199411392211914e-05,2.181529998779297e-05,1095.0,1792.5
1650163515,0.0,0.0007808645,0.0,2.199411392211914e-05,2.181529998779297e-05,1095.0,1792.5
1650163516,0.0,0.001044647,0.0,2.199411392211914e-05,2.181529998779297e-05,1423.5,1162.5
1650163517,0.0,0.001044647,0.0,2.199411392211914e-05,2.181529998779297e-05,1423.5,1162.5
1650163518,0.0,0.0012403725,0.0,2.199411392211914e-05,2.181529998779297e-05,1823.5,1673.5
1650163519,0.0,0.001100533,0.0,2.199411392211914e-05,2.181529998779297e-05,1460.0,1286.0
1650163520,0.0,0.001100533,0.0,2.199411392211914e-05,2.181529998779297e-05,1460.0,1286.0
1650163521,0.0,0.000812917,0.0,2.199411392211914e-05,2.181529998779297e-05,1094.5,964.5
1650163522,0.0,0.000812917,0.0,2.199411392211914e-05,2.181529998779297e-05,1094.5,964.5
1650163523,0.0,0.00097032,0.0,2.199411392211914e-05,2.181529998779297e-05,1460.0,1286.0
1650163524,0.0,0.003011652,0.01,2.199411392211914e-05,2.181529998779297e-05,4650.0,4804.0
1650163525,0.0,0.001566511,0.0,2.181529998779297e-05,2.16364860534668e-05,2705.0,2119.0
1650163526,0.0,0.001566511,0.0,2.181529998779297e-05,2.16364860534668e-05,2705.0,2119.0
1650163527,0.0,0.000731644,0.0,2.199411392211914e-05,2.181529998779297e-05,1165.0,1100.5
1650163528,0.0,0.000932716,0.0,2.199411392211914e-05,2.181529998779297e-05,1458.0,1352.0
1650163529,0.0,0.000719563,0.0,2.199411392211914e-05,2.181529998779297e-05,1460.0,1286.0
1650163530,0.0,0.000719563,0.0,2.199411392211914e-05,2.181529998779297e-05,1460.0,1286.0
1650163531,0.0,0.0001864675,0.0,2.199411392211914e-05,2.181529998779297e-05,365.0,321.5
1650163532,0.0,0.001280675,0.0,2.199411392211914e-05,2.181529998779297e-05,2188.0,1929.0
1650163533,0.0,0.001280675,0.0,2.199411392211914e-05,2.181529998779297e-05,2188.0,1929.0
1650163534,0.0,0.001340973,0.0,2.199411392211914e-05,2.181529998779297e-05,1959.5,2651.5
1650163535,0.0,0.000993065,0.0,2.199411392211914e-05,2.181529998779297e-05,1845.0,1542.0
1650163536,0.0,0.000746168,0.0,2.199411392211914e-05,2.181529998779297e-05,1459.0,1286.0
1650163537,0.0,0.000746168,0.0,2.199411392211914e-05,2.181529998779297e-05,1459.0,1286.0
1650163538,0.0,0.001079156,0.0,2.199411392211914e-05,2.181529998779297e-05,1961.0,1776.5
1650163539,0.0,0.000897599,0.0,2.199411392211914e-05,2.181529998779297e-05,1460.0,1286.0
1650163540,0.0,0.000737278,0.0,2.199411392211914e-05,2.181529998779297e-05,1460.0,1286.0
1650163541,0.01,0.000928025,0.0,2.199411392211914e-05,2.181529998779297e-05,1460.0,1286.0
1650163542,0.01,0.000928025,0.0,2.199411392211914e-05,2.181529998779297e-05,1460.0,1286.0
1650163543,0.0,0.000291309,0.005,2.199411392211914e-05,2.181529998779297e-05,364.5,321.5
1650163544,0.0,0.00105405,0.0,2.181529998779297e-05,2.16364860534668e-05,1592.0,2640.0
1650163545,0.0,0.000732086,0.0,2.199411392211914e-05,2.181529998779297e-05,1255.0,973.0
1650163546,0.0,0.000732086,0.0,2.199411392211914e-05,2.181529998779297e-05,1255.0,973.0
1650163547,0.0,0.00064394,0.0,2.199411392211914e-05,2.181529998779297e-05,1094.5,1063.5
1650163548,0.0,0.001105281,0.0,2.199411392211914e-05,2.181529998779297e-05,1732.0,1426.0
1650163549,0.0,0.001105281,0.0,2.199411392211914e-05,2.181529998779297e-05,1732.0,1426.0
1650163550,0.0,0.000236296,0.0,2.199411392211914e-05,2.181529998779297e-05,386.0,375.5
1650163551,0.0,0.000801956,0.0,2.199411392211914e-05,2.181529998779297e-05,1460.0,1418.0
1650163552,0.0,0.000801956,0.0,2.199411392211914e-05,2.181529998779297e-05,1460.0,1418.0
1650163553,0.0,0.00102133,0.0,2.199411392211914e-05,2.181529998779297e-05,1824.5,1607.5
1650163554,0.0,0.001120511,0.0,2.199411392211914e-05,2.181529998779297e-05,1459.0,2310.0
1650163555,0.0,0.001120511,0.0,2.199411392211914e-05,2.181529998779297e-05,1459.0,2310.0
1650163556,0.0,0.0008488015,0.0,2.199411392211914e-05,2.181529998779297e-05,1422.5,1129.5
1650163557,0.0,0.001347213,0.0,2.199411392211914e-05,2.181529998779297e-05,2189.0,2127.0
1650163558,0.0,0.001347213,0.0,2.199411392211914e-05,2.181529998779297e-05,2189.0,2127.0
1650163559,0.0,0.00026104,0.0,2.199411392211914e-05,2.181529998779297e-05,364.5,321.5
1650163560,0.0,0.00026104,0.0,2.199411392211914e-05,2.181529998779297e-05,364.5,321.5
1650163561,0.0,0.000609294,0.0,2.199411392211914e-05,2.181529998779297e-05,864.0,713.0
1650163562,0.0,0.000430416,0.0,2.199411392211914e-05,2.181529998779297e-05,729.0,709.0
1650163563,0.01,0.001800325,0.0,2.199411392211914e-05,2.181529998779297e-05,1459.0,1418.0
1650163564,0.0,0.000647876,0.0,2.199411392211914e-05,2.181529998779297e-05,730.0,1886.0
1650163565,0.0,0.000647876,0.0,2.199411392211914e-05,2.181529998779297e-05,730.0,1886.0
1650163566,0.0,0.0005795275,0.0,2.181529998779297e-05,2.16364860534668e-05,988.5,738.0
1650163567,0.0,0.0005795275,0.0,2.181529998779297e-05,2.16364860534668e-05,988.5,738.0
1650163568,0.0,0.001224631,0.0,2.199411392211914e-05,2.181529998779297e-05,1895.0,1776.5
1650163569,0.0,0.000841225,0.0,2.199411392211914e-05,2.181529998779297e-05,1459.0,1286.0
1650163570,0.0,0.000841225,0.0,2.199411392211914e-05,2.181529998779297e-05,1459.0,1286.0
1650163571,0.0,0.0011458135,0.0,2.199411392211914e-05,2.181529998779297e-05,1960.0,1677.5
1650163572,0.0,0.001034252,0.0,2.199411392211914e-05,2.181529998779297e-05,1459.0,1418.0
1650163573,0.0,0.001330181,0.0,2.199411392211914e-05,2.181529998779297e-05,2188.0,2818.0
1650163574,0.0,0.001330181,0.0,2.199411392211914e-05,2.181529998779297e-05,2188.0,2818.0
1650163575,0.0,0.000537283,0.0,2.199411392211914e-05,2.181529998779297e-05,922.5,738.0
1650163576,0.0,0.000834278,0.0,2.199411392211914e-05,2.181529998779297e-05,1459.0,1286.0
1650163577,0.0,0.000834278,0.0,2.199411392211914e-05,2.181529998779297e-05,1459.0,1286.0
1650163578,0.0,0.0004653505,0.0,2.199411392211914e-05,2.181529998779297e-05,866.0,713.0
1650163579,0.0,0.001691299,0.0,2.199411392211914e-05,2.181529998779297e-05,2919.0,2770.0
1650163580,0.0,0.001691299,0.0,2.199411392211914e-05,2.181529998779297e-05,2919.0,2770.0
1650163581,0.0,0.000693523,0.0,2.199411392211914e-05,2.181529998779297e-05,1094.5,964.5
1650163582,0.0,0.001595455,0.0,2.199411392211914e-05,2.181529998779297e-05,2459.0,2069.0
1650163583,0.0,0.001595455,0.0,2.199411392211914e-05,2.181529998779297e-05,2459.0,2069.0
1650163584,0.0,0.0006964965,0.0,2.1964311599731445e-05,2.1785497665405277e-05,1094.5,1734.0
1650163585,0.0,0.001194912,0.0,2.1964311599731445e-05,2.1785497665405277e-05,1843.0,1476.0
1650163586,0.0,0.001194912,0.0,2.1964311599731445e-05,2.1785497665405277e-05,1843.0,1476.0
1650163587,0.0,0.000431589,0.0,2.1964311599731445e-05,2.1785497665405277e-05,729.0,643.0
1650163588,0.0,0.000431589,0.0,2.1964311599731445e-05,2.1785497665405277e-05,729.0,643.0
1650163589,0.0,0.000537235,0.0,2.1964311599731445e-05,2.1785497665405277e-05,866.0,713.0
1650163590,0.0,0.000507462,0.0,2.1964311599731445e-05,2.1785497665405277e-05,728.0,709.0
1650163591,0.0,0.001376967,0.01,2.1964311599731445e-05,2.1785497665405277e-05,2187.0,2061.0
1650163592,0.0,0.001019007,0.0,2.1785497665405277e-05,2.16066837310791e-05,1590.0,1286.0
1650163593,0.0,0.001019007,0.0,2.1785497665405277e-05,2.16066837310791e-05,1590.0,1286.0
1650163594,0.0,0.0010369705,0.0,2.1964311599731445e-05,2.1785497665405277e-05,1529.5,2467.0
1650163595,0.0,0.0010369705,0.0,2.1964311599731445e-05,2.1785497665405277e-05,1529.5,2467.0
1650163596,0.0,0.0006947125,0.0,2.1964311599731445e-05,2.1785497665405277e-05,1287.0,1059.5
1650163597,0.0,0.0006947125,0.0,2.1964311599731445e-05,2.1785497665405277e-05,1287.0,1059.5
1650163598,0.0,0.000391891,0.0,2.1964311599731445e-05,2.1785497665405277e-05,729.0,643.0
1650163599,0.0,0.001595089,0.0,2.1964311599731445e-05,2.1785497665405277e-05,2502.0,2111.0
1650163600,0.0,0.001020958,0.0,2.1964311599731445e-05,2.1785497665405277e-05,1460.0,1418.0
1650163601,0.0,0.001020958,0.0,2.1964311599731445e-05,2.1785497665405277e-05,1460.0,1418.0
1650163602,0.0,0.0009122675,0.005,2.1964311599731445e-05,2.1785497665405277e-05,1459.5,1319.0
1650163603,0.0,0.000956887,0.0,2.1785497665405277e-05,2.16066837310791e-05,1588.0,1286.0
1650163604,0.0,0.000956887,0.0,2.1785497665405277e-05,2.16066837310791e-05,1588.0,1286.0
1650163605,0.0,0.000936882,0.0,2.1964311599731445e-05,2.1785497665405277e-05,1357.0,1863.5
1650163606,0.0,0.000407438,0.0,2.1964311599731445e-05,2.1785497665405277e-05,730.0,709.0
1650163607,0.0,0.000407438,0.0,2.1964311599731445e-05,2.1785497665405277e-05,730.0,709.0
1650163608,0.0,0.000377546,0.0,2.1964311599731445e-05,2.1785497665405277e-05,730.0,643.0
1650163609,0.0,0.001739778,0.0,2.1964311599731445e-05,2.1785497665405277e-05,2460.0,2069.0
1650163610,0.0,0.001739778,0.0,2.1964311599731445e-05,2.1785497665405277e-05,2460.0,2069.0
1650163611,0.0,0.000644274,0.0,2.1964311599731445e-05,2.1785497665405277e-05,1094.5,1063.5
1650163612,0.0,0.000784188,0.0,2.1964311599731445e-05,2.1785497665405277e-05,1460.0,1286.0
1650163613,0.0,0.000784188,0.0,2.1964311599731445e-05,2.1785497665405277e-05,1460.0,1286.0
1650163614,0.0,0.000517952,0.0,2.1785497665405277e-05,2.16066837310791e-05,796.0,1048.5
1650163615,0.0,0.000517952,0.0,2.1785497665405277e-05,2.16066837310791e-05,796.0,1048.5
1650163616,0.005,0.000682199,0.0,2.1964311599731445e-05,2.1785497665405277e-05,992.0,841.0
1650163617,0.0,0.00037905,0.0,2.1964311599731445e-05,2.1785497665405277e-05,730.0,709.0
1650163618,0.0,0.00037905,0.0,2.1964311599731445e-05,2.1785497665405277e-05,730.0,709.0
1650163619,0.0,0.000665363,0.0,2.1964311599731445e-05,2.1785497665405277e-05,1094.5,997.5
1650163620,0.0,0.000665363,0.0,2.1964311599731445e-05,2.1785497665405277e-05,1094.5,997.5
1650163621,0.0,0.0008155805,0.0,2.1964311599731445e-05,2.1785497665405277e-05,1230.5,1067.5
1650163622,0.0,0.000964908,0.0,2.1964311599731445e-05,2.1785497665405277e-05,1459.0,1418.0
1650163623,0.0,0.000964908,0.0,2.1964311599731445e-05,2.1785497665405277e-05,1459.0,1418.0
1650163624,0.0,0.000722514,0.0,2.1964311599731445e-05,2.1785497665405277e-05,1094.0,1535.0
1650163625,0.0,0.000722514,0.0,2.1964311599731445e-05,2.1785497665405277e-05,1094.0,1535.0
1650163626,0.0,0.0007526315,0.0,2.1785497665405277e-05,2.16066837310791e-05,1353.5,1059.5
1650163627,0.0,0.001031198,0.0,2.1964311599731445e-05,2.1785497665405277e-05,1600.0,1492.0
1650163628,0.0,0.001031198,0.0,2.1964311599731445e-05,2.1785497665405277e-05,1600.0,1492.0
1650163629,0.0,0.000432213,0.0,2.1964311599731445e-05,2.1785497665405277e-05,730.0,709.0
1650163630,0.0,0.000432213,0.0,2.1964311599731445e-05,2.1785497665405277e-05,730.0,709.0
1650163631,0.0,0.000714065,0.0,2.1964311599731445e-05,2.1785497665405277e-05,1230.5,1034.5
1650163632,0.0,0.000714065,0.0,2.1964311599731445e-05,2.1785497665405277e-05,1230.5,1034.5
1650163633,0.0,0.0006044125,0.0,2.1964311599731445e-05,2.1785497665405277e-05,1094.0,1063.5
1650163634,0.0,0.00168647,0.0,2.1964311599731445e-05,2.1785497665405277e-05,2920.0,3176.0
1650163635,0.0,0.00168647,0.0,2.1964311599731445e-05,2.1785497665405277e-05,2920.0,3176.0
1650163636,0.0,0.0004892125,0.0,2.1964311599731445e-05,2.1785497665405277e-05,922.5,738.0
1650163637,0.0,0.0004892125,0.0,2.1964311599731445e-05,2.1785497665405277e-05,922.5,738.0
1650163638,0.0,0.0007310005,0.0,2.1964311599731445e-05,2.1785497665405277e-05,1230.0,1067.5
1650163639,0.0,0.000456173,0.0,2.1964311599731445e-05,2.1785497665405277e-05,730.0,709.0
1650163640,0.0,0.001323496,0.0,2.1964311599731445e-05,2.1785497665405277e-05,2188.0,1995.0
1650163641,0.0,0.000354891,0.0,2.1964311599731445e-05,2.1785497665405277e-05,730.0,643.0
1650163642,0.0,0.002111095,0.0,2.1964311599731445e-05,2.1785497665405277e-05,3190.0,2844.0
1650163643,0.0,0.002111095,0.0,2.1964311599731445e-05,2.1785497665405277e-05,3190.0,2844.0
1650163644,0.0,0.000696304,0.0,2.1964311599731445e-05,2.1785497665405277e-05,1093.5,1406.0
1650163645,0.0,0.000753665,0.0,2.1964311599731445e-05,2.1785497665405277e-05,1115.0,833.0
1650163646,0.0,0.000753665,0.0,2.1964311599731445e-05,2.1785497665405277e-05,1115.0,833.0
1650163647,0.0,0.0005783635,0.0,2.1964311599731445e-05,2.1785497665405277e-05,729.0,643.0
1650163648,0.0,0.002421466,0.0,2.1785497665405277e-05,2.16066837310791e-05,3051.0,2572.0
1650163649,0.01,0.001314576,0.0,2.1964311599731445e-05,2.1785497665405277e-05,1642.0,1534.0
1650163650,0.01,0.001314576,0.0,2.1964311599731445e-05,2.1785497665405277e-05,1642.0,1534.0
1650163651,0.0,0.0011080745,0.0,2.1964311599731445e-05,2.1785497665405277e-05,1493.0,1379.0
1650163652,0.0,0.0011080745,0.0,2.1964311599731445e-05,2.1785497665405277e-05,1493.0,1379.0
1650163653,0.0,0.0012068175,0.005,2.1964311599731445e-05,2.1785497665405277e-05,1596.0,1422.0
1650163654,0.0,0.0012068175,0.005,2.1964311599731445e-05,2.1785497665405277e-05,1596.0,1422.0
1650163655,0.0,0.001214921,0.0,2.1964311599731445e-05,2.1785497665405277e-05,1652.0,2379.0
1650163656,0.0,0.001070898,0.0,2.1964311599731445e-05,2.1785497665405277e-05,1459.0,1286.0
1650163657,0.0,0.001070898,0.0,2.1964311599731445e-05,2.1785497665405277e-05,1459.0,1286.0
1650163658,0.0,0.0005109575,0.0,2.1964311599731445e-05,2.1785497665405277e-05,730.0,643.0
1650163659,0.0,0.0005109575,0.0,2.1964311599731445e-05,2.1785497665405277e-05,730.0,643.0
1650163660,0.0,0.000617117,0.0,2.1964311599731445e-05,2.1785497665405277e-05,865.5,713.0
1650163661,0.0,0.001968707,0.0,2.1964311599731445e-05,2.1785497665405277e-05,2919.0,2770.0
1650163662,0.0,0.001968707,0.0,2.1964311599731445e-05,2.1785497665405277e-05,2919.0,2770.0
1650163663,0.0,0.000585748,0.0,2.1785497665405277e-05,2.16066837310791e-05,796.0,643.0
1650163664,0.0,0.001983483,0.0,2.1964311599731445e-05,2.1785497665405277e-05,2328.0,3014.0
1650163665,0.0,0.001983483,0.0,2.1964311599731445e-05,2.1785497665405277e-05,2328.0,3014.0
1650163666,0.0,0.0001541165,0.0,2.1964311599731445e-05,2.1785497665405277e-05,192.5,95.0
1650163667,0.0,0.0001541165,0.0,2.1964311599731445e-05,2.1785497665405277e-05,192.5,95.0
1650163668,0.0,0.0,0.0,2.1964311599731445e-05,2.1785497665405277e-05,0.0,0.0
1650163669,0.0,0.0,0.0,2.1964311599731445e-05,2.1785497665405277e-05,0.0,0.0
1650163670,0.0,0.0,0.0,2.1964311599731445e-05,2.1785497665405277e-05,0.0,0.0
1650163671,0.0,0.0,0.0,2.1964311599731445e-05,2.1785497665405277e-05,0.0,0.0
1650163672,0.0,0.0,0.0,2.1964311599731445e-05,2.1785497665405277e-05,0.0,0.0
1650163673,0.0,0.0,0.0,2.1964311599731445e-05,2.1785497665405277e-05,0.0,0.0
1650163674,0.0,0.0,0.0,2.1964311599731445e-05,2.1785497665405277e-05,0.0,0.0
1650163675,0.0,0.0,0.0,2.1964311599731445e-05,2.1785497665405277e-05,0.0,0.0
1650163676,0.0,0.0,0.0,2.1964311599731445e-05,2.1785497665405277e-05,0.0,0.0
1650163677,0.0,0.0,0.0,2.1964311599731445e-05,2.1785497665405277e-05,0.0,0.0
1650163678,0.0,5.307285714285714e-05,0.0,2.1964311599731445e-05,2.1785497665405277e-05,55.0,81.85714285714286
1650163679,0.0,0.0,0.0,2.1964311599731445e-05,2.1785497665405277e-05,0.0,0.0
1650163680,0.0,0.0,0.0,2.1964311599731445e-05,2.1785497665405277e-05,0.0,0.0
1650163681,0.0,0.0,0.0,2.1964311599731445e-05,2.1785497665405277e-05,0.0,0.0
1650163682,0.0,0.0,0.0,2.1964311599731445e-05,2.1785497665405277e-05,0.0,0.0
1650163683,0.0,0.0,0.0,2.1964311599731445e-05,2.1785497665405277e-05,0.0,0.0
1650163684,0.0,0.0,0.0,2.1964311599731445e-05,2.1785497665405277e-05,0.0,0.0
1650163685,0.0,0.0,0.0,2.1964311599731445e-05,2.1785497665405277e-05,0.0,0.0
1650163686,0.0,0.0,0.0,2.1964311599731445e-05,2.1785497665405277e-05,0.0,0.0
1650163687,0.0,0.0,0.0,2.1964311599731445e-05,2.1785497665405277e-05,0.0,0.0
1650163688,0.0,0.0,0.0,2.1964311599731445e-05,2.1785497665405277e-05,0.0,0.0
1650163689,0.0,4.507871428571428e-05,0.0,2.1964311599731445e-05,2.1785497665405277e-05,55.0,27.142857142857142
1650163690,0.0,4.507871428571428e-05,0.0,2.1964311599731445e-05,2.1785497665405277e-05,55.0,27.142857142857142
1650163691,0.0,0.0,0.0,2.1964311599731445e-05,2.1785497665405277e-05,0.0,0.0
1650163692,0.0,0.0,0.0,2.1964311599731445e-05,2.1785497665405277e-05,0.0,0.0
1650163693,0.0,0.0,0.0,2.1964311599731445e-05,2.1785497665405277e-05,0.0,0.0
1650163694,0.0,0.0,0.0,2.1964311599731445e-05,2.1785497665405277e-05,0.0,0.0
1650163695,0.0,0.0,0.0,2.1964311599731445e-05,2.1785497665405277e-05,0.0,0.0
1650163696,0.0,0.0,0.0,2.1964311599731445e-05,2.1785497665405277e-05,0.0,0.0
1650163697,0.0,0.0,0.0,2.1964311599731445e-05,2.1785497665405277e-05,0.0,0.0
1650163698,0.0,0.0,0.0,2.1964311599731445e-05,2.1785497665405277e-05,0.0,0.0
1650163699,0.0,0.0,0.0,2.1964311599731445e-05,2.1785497665405277e-05,0.0,0.0
1650163700,0.0,4.140814285714286e-05,0.0,2.1964311599731445e-05,2.1785497665405277e-05,73.85714285714286,46.0
1650163701,0.0,0.0,0.0,2.1964311599731445e-05,2.1785497665405277e-05,0.0,0.0
1650163702,0.0,0.0,0.0,2.1964311599731445e-05,2.1785497665405277e-05,0.0,0.0
1650163703,0.0,0.0,0.0,2.1964311599731445e-05,2.1785497665405277e-05,0.0,0.0
1650163704,0.0,0.0,0.0,2.1964311599731445e-05,2.1785497665405277e-05,0.0,0.0
1650163705,0.0,0.0,0.0,2.1964311599731445e-05,2.1785497665405277e-05,0.0,0.0
1650163706,0.0,0.0,0.0,2.1964311599731445e-05,2.1785497665405277e-05,0.0,0.0
1650163707,0.0,0.0,0.0,2.1964311599731445e-05,2.1785497665405277e-05,0.0,0.0
1650163708,0.0,0.0,0.0,2.1964311599731445e-05,2.1785497665405277e-05,0.0,0.0
1650163709,0.0,4.9664166666666665e-05,0.0,2.1964311599731445e-05,2.1785497665405277e-05,64.16666666666667,31.666666666666668
1650163710,0.0,0.0,0.0,2.1964311599731445e-05,2.1785497665405277e-05,0.0,0.0
1650163711,0.0,0.0,0.0,2.1964311599731445e-05,2.1785497665405277e-05,0.0,0.0
1650163712,0.0,0.0,0.0,2.1964311599731445e-05,2.1785497665405277e-05,0.0,0.0
1650163713,0.0,0.0,0.0,2.1964311599731445e-05,2.1785497665405277e-05,0.0,0.0
1650163714,0.0,0.0,0.0,2.1964311599731445e-05,2.1785497665405277e-05,0.0,0.0
1650163715,0.0,0.0,0.0,2.1964311599731445e-05,2.1785497665405277e-05,0.0,0.0
1650163716,0.0,0.0,0.0,2.1964311599731445e-05,2.1785497665405277e-05,0.0,0.0
1650163717,0.0,0.0,0.0,2.1964311599731445e-05,2.1785497665405277e-05,0.0,0.0
1650163718,0.0,0.0,0.0,2.1964311599731445e-05,2.1785497665405277e-05,0.0,0.0
1650163719,0.0,0.0,0.0,2.1964311599731445e-05,2.1785497665405277e-05,0.0,0.0
1650163720,0.0,5.287185714285715e-05,0.0,2.1964311599731445e-05,2.1785497665405277e-05,55.0,27.142857142857142
1650163721,0.0,0.0,0.0,2.1964311599731445e-05,2.1785497665405277e-05,0.0,0.0
1650163722,0.0,0.0,0.0,2.1964311599731445e-05,2.1785497665405277e-05,0.0,0.0
1650163723,0.0,0.0,0.0,2.1964311599731445e-05,2.1785497665405277e-05,0.0,0.0
1650163724,0.0,0.0,0.0,2.1964311599731445e-05,2.1785497665405277e-05,0.0,0.0
1650163725,0.0,0.0,0.0,2.1964311599731445e-05,2.1785497665405277e-05,0.0,0.0
1650163726,0.0,0.0,0.0,2.1964311599731445e-05,2.1785497665405277e-05,0.0,0.0
1650163727,0.0,0.0,0.0,2.1964311599731445e-05,2.1785497665405277e-05,0.0,0.0
1650163728,0.0,0.0,0.0,2.1964311599731445e-05,2.1785497665405277e-05,0.0,0.0
1650163729,0.0,3.95295e-05,0.0,2.1964311599731445e-05,2.1785497665405277e-05,64.16666666666667,31.666666666666668
1650163730,0.0,0.0,0.0,2.1964311599731445e-05,2.1785497665405277e-05,0.0,0.0
1650163731,0.0,0.0,0.0,2.1964311599731445e-05,2.1785497665405277e-05,0.0,0.0
1650163732,0.0,0.0,0.0,2.1964311599731445e-05,2.1785497665405277e-05,0.0,0.0
1650163733,0.0,0.0,0.0,2.1964311599731445e-05,2.1785497665405277e-05,0.0,0.0
1650163734,0.0,0.0,0.0,2.1964311599731445e-05,2.1785497665405277e-05,0.0,0.0
1650163735,0.0,0.0,0.0,2.1964311599731445e-05,2.1785497665405277e-05,0.0,0.0
1650163736,0.0,0.0,0.0,2.1964311599731445e-05,2.1785497665405277e-05,0.0,0.0
1650163737,0.0,0.0,0.0,2.1964311599731445e-05,2.1785497665405277e-05,0.0,0.0
1650163738,0.0,0.0,0.0,2.1964311599731445e-05,2.1785497665405277e-05,0.0,0.0
1650163739,0.0,4.207071428571429e-05,0.0,2.1964311599731445e-05,2.1785497665405277e-05,55.0,27.142857142857142
1650163740,0.0,4.207071428571429e-05,0.0,2.1964311599731445e-05,2.1785497665405277e-05,55.0,27.142857142857142
1650163741,0.0,0.0,0.0,2.1964311599731445e-05,2.1785497665405277e-05,0.0,0.0
1650163742,0.0,0.0,0.0,2.1964311599731445e-05,2.1785497665405277e-05,0.0,0.0
1650163743,0.0,0.0,0.0,2.1964311599731445e-05,2.1785497665405277e-05,0.0,0.0
1650163744,0.0,0.0,0.0,2.1964311599731445e-05,2.1785497665405277e-05,0.0,0.0
1650163745,0.0,0.0,0.0,2.1964311599731445e-05,2.1785497665405277e-05,0.0,0.0
1650163746,0.0,0.0,0.0,2.1964311599731445e-05,2.1785497665405277e-05,0.0,0.0
1650163747,0.0,0.0,0.0,2.1964311599731445e-05,2.1785497665405277e-05,0.0,0.0
1650163748,0.0,0.0,0.0,2.1964311599731445e-05,2.1785497665405277e-05,0.0,0.0
1650163749,0.0,0.0,0.0,2.1964311599731445e-05,2.1785497665405277e-05,0.0,0.0
1650163750,0.0,4.306142857142857e-05,0.0,2.1964311599731445e-05,2.1785497665405277e-05,55.0,27.142857142857142
1650163751,0.0,4.306142857142857e-05,0.0,2.1964311599731445e-05,2.1785497665405277e-05,55.0,27.142857142857142
1650163752,0.0,0.0,0.0,2.1964311599731445e-05,2.1785497665405277e-05,0.0,0.0
1650163753,0.0,0.0,0.0,2.1964311599731445e-05,2.1785497665405277e-05,0.0,0.0
1650163754,0.0,2.1509e-05,0.0,2.1964311599731445e-05,2.1785497665405277e-05,0.0,0.0
1650163755,0.0,0.0002772,0.0,2.1964311599731445e-05,2.1785497665405277e-05,385.0,190.0
1650163756,0.0,0.0002772,0.0,2.1964311599731445e-05,2.1785497665405277e-05,385.0,190.0
1650163757,0.0,0.0,0.0,2.1964311599731445e-05,2.1785497665405277e-05,0.0,0.0
1650163758,0.0,0.0,0.0,2.1964311599731445e-05,2.1785497665405277e-05,0.0,0.0
1650163759,0.0,0.0,0.0,2.1964311599731445e-05,2.1785497665405277e-05,0.0,0.0
1650163760,0.0,0.0,0.0,2.1964311599731445e-05,2.1785497665405277e-05,0.0,0.0
1650163761,0.0,0.0,0.0,2.1964311599731445e-05,2.1785497665405277e-05,0.0,0.0
1650163762,0.0,0.0,0.0,2.1964311599731445e-05,2.1785497665405277e-05,0.0,0.0
1650163763,0.0,0.0,0.0,2.1964311599731445e-05,2.1785497665405277e-05,0.0,0.0
1650163764,0.0,0.0,0.0,2.1964311599731445e-05,2.1785497665405277e-05,0.0,0.0
1650163765,0.0,8.6576e-06,0.0,2.1964311599731445e-05,2.1785497665405277e-05,0.0,0.0
1650163766,0.0,8.6576e-06,0.0,2.1964311599731445e-05,2.1785497665405277e-05,0.0,0.0
1650163767,0.0,0.00014645,0.0,2.1964311599731445e-05,2.1785497665405277e-05,192.5,95.0
1650163768,0.0,0.0,0.0,2.1964311599731445e-05,2.1785497665405277e-05,0.0,0.0
1650163769,0.0,0.0,0.0,2.1964311599731445e-05,2.1785497665405277e-05,0.0,0.0
1650163770,0.0,0.0,0.0,2.1964311599731445e-05,2.1785497665405277e-05,0.0,0.0
1650163771,0.0,0.0,0.0,2.1964311599731445e-05,2.1785497665405277e-05,0.0,0.0
1650163772,0.0,0.0,0.0,2.1964311599731445e-05,2.1785497665405277e-05,0.0,0.0
1650163773,0.0,0.0,0.0,2.1964311599731445e-05,2.1785497665405277e-05,0.0,0.0
1650163774,0.0,0.0,0.0,2.1964311599731445e-05,2.1785497665405277e-05,0.0,0.0
1650163775,0.0,0.0,0.0,2.1964311599731445e-05,2.1785497665405277e-05,0.0,0.0
1650163776,0.0,0.0,0.0,2.1964311599731445e-05,2.1785497665405277e-05,0.0,0.0
1650163777,0.0,0.0,0.0,2.1964311599731445e-05,2.1785497665405277e-05,0.0,0.0
1650163778,0.0,0.0,0.0,2.1964311599731445e-05,2.1785497665405277e-05,0.0,0.0
1650163779,0.0,4.639042857142857e-05,0.0,2.1964311599731445e-05,2.1785497665405277e-05,73.85714285714286,46.0
1650163780,0.0,0.0,0.0,2.1964311599731445e-05,2.1785497665405277e-05,0.0,0.0
1650163781,0.0,0.0,0.0,2.1964311599731445e-05,2.1785497665405277e-05,0.0,0.0
1650163782,0.0,0.0,0.0,2.1964311599731445e-05,2.1785497665405277e-05,0.0,0.0
1650163783,0.0,0.0,0.0,2.1964311599731445e-05,2.1785497665405277e-05,0.0,0.0
1650163784,0.0,0.0,0.0,2.1964311599731445e-05,2.1785497665405277e-05,0.0,0.0
1650163785,0.0,0.0,0.0,2.1964311599731445e-05,2.1785497665405277e-05,0.0,0.0
1650163786,0.0,0.0,0.0,2.1964311599731445e-05,2.1785497665405277e-05,0.0,0.0
1650163787,0.0,7.3915e-05,0.0,2.1964311599731445e-05,2.1785497665405277e-05,96.25,47.5
1650163788,0.0,0.0,0.0,2.1964311599731445e-05,2.1785497665405277e-05,0.0,0.0
1650163789,0.0,0.0,0.0,2.1964311599731445e-05,2.1785497665405277e-05,0.0,0.0
1650163790,0.0,0.0,0.0,2.1964311599731445e-05,2.1785497665405277e-05,0.0,0.0
1650163791,0.0,0.0,0.0,2.1964311599731445e-05,2.1785497665405277e-05,0.0,0.0
1650163792,0.0,0.0,0.0,2.1964311599731445e-05,2.1785497665405277e-05,0.0,0.0
1650163793,0.0,0.0,0.0,2.1964311599731445e-05,2.1785497665405277e-05,0.0,0.0
1650163794,0.0,0.0,0.0,2.1964311599731445e-05,2.1785497665405277e-05,0.0,0.0
1650163795,0.0,0.0,0.0,2.1964311599731445e-05,2.1785497665405277e-05,0.0,0.0
1650163796,0.0,0.0,0.0,2.1964311599731445e-05,2.1785497665405277e-05,0.0,0.0
1650163797,0.0,0.000164258,0.0,2.1696090698242188e-05,2.1517276763916016e-05,229.83333333333331,149.83333333333334
1650163798,0.0,0.000164258,0.0,2.1696090698242188e-05,2.1517276763916016e-05,229.83333333333331,149.83333333333334
1650163799,0.0,0.001089269,0.0,2.1964311599731445e-05,2.1785497665405277e-05,1600.0,1624.0
1650163800,0.0,0.001089269,0.0,2.1964311599731445e-05,2.1785497665405277e-05,1600.0,1624.0
1650163801,0.0,0.0008676545,0.005,2.1964311599731445e-05,2.1785497665405277e-05,1093.5,964.5
1650163802,0.0,0.0024214,0.0,2.1964311599731445e-05,2.1785497665405277e-05,2918.0,2572.0
1650163803,0.0,0.0024214,0.0,2.1964311599731445e-05,2.1785497665405277e-05,2918.0,2572.0
1650163804,0.0,0.001165828,0.0,2.1964311599731445e-05,2.1785497665405277e-05,1459.5,1699.0
1650163805,0.0,0.001165828,0.0,2.1964311599731445e-05,2.1785497665405277e-05,1459.5,1699.0
1650163806,0.0,0.00090155,0.0,2.1964311599731445e-05,2.1785497665405277e-05,1287.5,1059.5
1650163807,0.0,0.00090155,0.0,2.1964311599731445e-05,2.1785497665405277e-05,1287.5,1059.5
1650163808,0.0,0.001191808,0.0,2.16066837310791e-05,2.142786979675293e-05,1591.0,1286.0
1650163809,0.0,0.001434133,0.0,2.1964311599731445e-05,2.1785497665405277e-05,1782.0,1740.0
1650163810,0.0,0.001434133,0.0,2.1964311599731445e-05,2.1785497665405277e-05,1782.0,1740.0
1650163811,0.0,0.0008756,0.0,2.1964311599731445e-05,2.1785497665405277e-05,1094.5,1096.5
1650163812,0.0,0.0008756,0.0,2.1964311599731445e-05,2.1785497665405277e-05,1094.5,1096.5
1650163813,0.0,0.0005213565,0.0,2.1964311599731445e-05,2.1785497665405277e-05,730.0,643.0
1650163814,0.0,0.001799549,0.0,2.1964311599731445e-05,2.1785497665405277e-05,2187.0,3626.0
1650163815,0.0,0.001799549,0.0,2.1964311599731445e-05,2.1785497665405277e-05,2187.0,3626.0
1650163816,0.0,0.0007149895,0.0,2.1964311599731445e-05,2.1785497665405277e-05,922.0,738.0
1650163817,0.0,0.00138314,0.0,2.1964311599731445e-05,2.1785497665405277e-05,1458.0,1286.0
1650163818,0.0,0.00166777,0.0,2.1725893020629883e-05,2.154707908630371e-05,2454.0,1929.0
1650163819,0.0,0.00166777,0.0,2.1725893020629883e-05,2.154707908630371e-05,2454.0,1929.0
1650163820,0.0,0.00097115,0.0,2.1964311599731445e-05,2.1785497665405277e-05,1234.5,1236.5
1650163821,0.0,0.000602336,0.0,2.1964311599731445e-05,2.1785497665405277e-05,729.0,775.0
1650163822,0.0,0.000907054,0.0,2.1964311599731445e-05,2.1785497665405277e-05,1457.0,1286.0
1650163823,0.0,0.000907054,0.0,2.1964311599731445e-05,2.1785497665405277e-05,1457.0,1286.0
1650163824,0.0,0.0008631095,0.005,2.1964311599731445e-05,2.1785497665405277e-05,1094.0,1696.5
1650163825,0.0,0.0008631095,0.005,2.1964311599731445e-05,2.1785497665405277e-05,1094.0,1696.5
1650163826,0.0,0.000717821,0.0,2.1964311599731445e-05,2.1785497665405277e-05,922.5,738.0
1650163827,0.01,0.001556916,0.0,2.1964311599731445e-05,2.1785497665405277e-05,2190.0,1929.0
1650163828,0.01,0.001556916,0.0,2.1964311599731445e-05,2.1785497665405277e-05,2190.0,1929.0
1650163829,0.0,0.0002274155,0.0,2.1964311599731445e-05,2.1785497665405277e-05,365.0,321.5
1650163830,0.0,0.0,0.0,2.1964311599731445e-05,2.1785497665405277e-05,0.0,0.0
1650163831,0.0,0.0,0.0,2.1964311599731445e-05,2.1785497665405277e-05,0.0,0.0
1650163832,0.0,0.0,0.0,2.1964311599731445e-05,2.1785497665405277e-05,0.0,0.0
1650163833,0.0,0.0,0.0,2.1964311599731445e-05,2.1785497665405277e-05,0.0,0.0
1650163834,0.0,3.349975e-05,0.0,2.1964311599731445e-05,2.1785497665405277e-05,10.5,97.5
1650163835,0.0,0.000187978,0.0,2.1964311599731445e-05,2.1785497665405277e-05,385.0,190.0
1650163836,0.0,0.0,0.0,2.1964311599731445e-05,2.1785497665405277e-05,0.0,0.0
1650163837,0.0,0.0,0.0,2.1964311599731445e-05,2.1785497665405277e-05,0.0,0.0
1650163838,0.0,0.0,0.0,2.1964311599731445e-05,2.1785497665405277e-05,0.0,0.0
1650163839,0.0,0.0,0.0,2.1964311599731445e-05,2.1785497665405277e-05,0.0,0.0
1650163840,0.0,0.0,0.0,2.1964311599731445e-05,2.1785497665405277e-05,0.0,0.0
1650163841,0.0,0.0,0.0,2.1964311599731445e-05,2.1785497665405277e-05,0.0,0.0
1650163842,0.0,0.0,0.0,2.1964311599731445e-05,2.1785497665405277e-05,0.0,0.0
1650163843,0.0,0.0,0.0,2.1964311599731445e-05,2.1785497665405277e-05,0.0,0.0
1650163844,0.0,0.0,0.0,2.1964311599731445e-05,2.1785497665405277e-05,0.0,0.0
1650163845,0.0,3.893128571428572e-05,0.0,2.1964311599731445e-05,2.1785497665405277e-05,55.0,27.142857142857142
1650163846,0.0,0.0,0.0,2.1964311599731445e-05,2.1785497665405277e-05,0.0,0.0
1650163847,0.0,0.0,0.0,2.1964311599731445e-05,2.1785497665405277e-05,0.0,0.0
1650163848,0.0,0.0,0.0,2.1964311599731445e-05,2.1785497665405277e-05,0.0,0.0
1650163849,0.0,0.0,0.0,2.1964311599731445e-05,2.1785497665405277e-05,0.0,0.0
1650163850,0.0,0.0,0.0,2.1964311599731445e-05,2.1785497665405277e-05,0.0,0.0
1650163851,0.0,0.0,0.0,2.1964311599731445e-05,2.1785497665405277e-05,0.0,0.0
1650163852,0.0,0.0,0.0,2.1964311599731445e-05,2.1785497665405277e-05,0.0,0.0
1650163853,0.0,0.0,0.0,2.1964311599731445e-05,2.1785497665405277e-05,0.0,0.0
1650163854,0.0,0.0,0.0,2.1964311599731445e-05,2.1785497665405277e-05,0.0,0.0
1650163855,0.0,0.0,0.0,2.1964311599731445e-05,2.1785497665405277e-05,0.0,0.0
1650163856,0.0,5.167233333333334e-05,0.0,2.1964311599731445e-05,2.1785497665405277e-05,64.16666666666667,31.666666666666668
1650163857,0.0,5.167233333333334e-05,0.0,2.1964311599731445e-05,2.1785497665405277e-05,64.16666666666667,31.666666666666668
1650163858,0.0,0.0,0.0,2.1964311599731445e-05,2.1785497665405277e-05,0.0,0.0
1650163859,0.0,0.0,0.0,2.1964311599731445e-05,2.1785497665405277e-05,0.0,0.0
1650163860,0.0,0.0,0.0,2.1964311599731445e-05,2.1785497665405277e-05,0.0,0.0
1650163861,0.0,0.0,0.0,2.1964311599731445e-05,2.1785497665405277e-05,0.0,0.0
1650163862,0.0,0.0,0.0,2.1964311599731445e-05,2.1785497665405277e-05,0.0,0.0
1650163863,0.0,0.0,0.0,2.1964311599731445e-05,2.1785497665405277e-05,0.0,0.0
1650163864,0.0,0.0,0.0,2.1964311599731445e-05,2.1785497665405277e-05,0.0,0.0
1650163865,0.0,0.0,0.0,2.1964311599731445e-05,2.1785497665405277e-05,0.0,0.0
1650163866,0.0,7.21242e-05,0.0,2.1964311599731445e-05,2.1785497665405277e-05,77.0,38.0
1650163867,0.0,0.0,0.0,2.1964311599731445e-05,2.1785497665405277e-05,0.0,0.0
1650163868,0.0,0.0,0.0,2.1964311599731445e-05,2.1785497665405277e-05,0.0,0.0
1650163869,0.0,0.0,0.0,2.1964311599731445e-05,2.1785497665405277e-05,0.0,0.0
1650163870,0.0,0.0,0.0,2.1964311599731445e-05,2.1785497665405277e-05,0.0,0.0
1650163871,0.0,0.0,0.0,2.1964311599731445e-05,2.1785497665405277e-05,0.0,0.0
1650163872,0.0,0.0,0.0,2.1964311599731445e-05,2.1785497665405277e-05,0.0,0.0
1650163873,0.0,0.0,0.0,2.1964311599731445e-05,2.1785497665405277e-05,0.0,0.0
1650163874,0.0,0.0,0.0,2.1964311599731445e-05,2.1785497665405277e-05,0.0,0.0
1650163875,0.0,0.0,0.0,2.1964311599731445e-05,2.1785497665405277e-05,0.0,0.0
1650163876,0.0,0.0,0.0,2.1964311599731445e-05,2.1785497665405277e-05,0.0,0.0
1650163877,0.0,4.926983333333333e-05,0.0,2.1964311599731445e-05,2.1785497665405277e-05,64.16666666666667,31.666666666666668
1650163878,0.0,0.0,0.0,2.1964311599731445e-05,2.1785497665405277e-05,0.0,0.0
1650163879,0.0,0.0,0.0,2.1964311599731445e-05,2.1785497665405277e-05,0.0,0.0
1650163880,0.0,0.0,0.0,2.1964311599731445e-05,2.1785497665405277e-05,0.0,0.0
1650163881,0.0,0.0,0.0,2.1964311599731445e-05,2.1785497665405277e-05,0.0,0.0
1650163882,0.0,0.0,0.0,2.1964311599731445e-05,2.1785497665405277e-05,0.0,0.0
1650163883,0.0,0.0,0.0,2.1964311599731445e-05,2.1785497665405277e-05,0.0,0.0
1650163884,0.0,0.0,0.0,2.1964311599731445e-05,2.1785497665405277e-05,0.0,0.0
1650163885,0.0,0.0,0.0,2.1964311599731445e-05,2.1785497665405277e-05,0.0,0.0
1650163886,0.0,0.0,0.0,2.1964311599731445e-05,2.1785497665405277e-05,0.0,0.0
1650163887,0.0,5.525366666666666e-05,0.0,2.1964311599731445e-05,2.1785497665405277e-05,64.16666666666667,31.666666666666668
1650163888,0.0,5.525366666666666e-05,0.0,2.1964311599731445e-05,2.1785497665405277e-05,64.16666666666667,31.666666666666668
1650163889,0.0,0.0,0.0,2.1964311599731445e-05,2.1785497665405277e-05,0.0,0.0
1650163890,0.0,0.0,0.0,2.1964311599731445e-05,2.1785497665405277e-05,0.0,0.0
1650163891,0.0,0.0,0.0,2.1964311599731445e-05,2.1785497665405277e-05,0.0,0.0
1650163892,0.0,0.0,0.0,2.1964311599731445e-05,2.1785497665405277e-05,0.0,0.0
1650163893,0.0,0.0,0.0,2.1964311599731445e-05,2.1785497665405277e-05,0.0,0.0
1650163894,0.0,0.0,0.0,2.1964311599731445e-05,2.1785497665405277e-05,0.0,0.0
1650163895,0.0,0.0,0.0,2.1964311599731445e-05,2.1785497665405277e-05,0.0,0.0
1650163896,0.0,0.0,0.0,2.1964311599731445e-05,2.1785497665405277e-05,0.0,0.0
1650163897,0.0,8.30345e-05,0.0,2.1964311599731445e-05,2.1785497665405277e-05,96.25,47.5
1650163898,0.0,0.0,0.0,2.1964311599731445e-05,2.1785497665405277e-05,0.0,0.0
1650163899,0.0,0.0,0.0,2.1964311599731445e-05,2.1785497665405277e-05,0.0,0.0
1650163900,0.0,0.0,0.0,2.1964311599731445e-05,2.1785497665405277e-05,0.0,0.0
1650163901,0.0,0.0,0.0,2.1964311599731445e-05,2.1785497665405277e-05,0.0,0.0
1650163902,0.0,0.0,0.0,2.1964311599731445e-05,2.1785497665405277e-05,0.0,0.0
1650163903,0.0,0.0,0.0,2.1964311599731445e-05,2.1785497665405277e-05,0.0,0.0
1650163904,0.0,0.0,0.0,2.1964311599731445e-05,2.1785497665405277e-05,0.0,0.0
1650163905,0.0,0.0,0.0,2.1964311599731445e-05,2.1785497665405277e-05,0.0,0.0
1650163906,0.0,0.0,0.0,2.1964311599731445e-05,2.1785497665405277e-05,0.0,0.0
1650163907,0.0,0.0,0.0,2.1964311599731445e-05,2.1785497665405277e-05,0.0,0.0
1650163908,0.0,0.0,0.0,2.1964311599731445e-05,2.1785497665405277e-05,0.0,0.0
1650163909,0.0,4.513057142857143e-05,0.0,2.1964311599731445e-05,2.1785497665405277e-05,55.0,27.142857142857142
1650163910,0.0,0.0,0.0,2.1964311599731445e-05,2.1785497665405277e-05,0.0,0.0
1650163911,0.0,0.0,0.0,2.1964311599731445e-05,2.1785497665405277e-05,0.0,0.0
1650163912,0.0,0.0,0.0,2.1964311599731445e-05,2.1785497665405277e-05,0.0,0.0
1650163913,0.0,0.0,0.0,2.1964311599731445e-05,2.1785497665405277e-05,0.0,0.0
1650163914,0.0,0.0,0.0,2.1964311599731445e-05,2.1785497665405277e-05,0.0,0.0
1650163915,0.0,0.0,0.0,2.1964311599731445e-05,2.1785497665405277e-05,0.0,0.0
1650163916,0.0,0.0,0.0,2.1964311599731445e-05,2.1785497665405277e-05,0.0,0.0
1650163917,0.0,0.0,0.0,2.1964311599731445e-05,2.1785497665405277e-05,0.0,0.0
1650163918,0.0,0.0,0.0,2.1964311599731445e-05,2.1785497665405277e-05,0.0,0.0
1650163919,0.0,0.0,0.0,2.1964311599731445e-05,2.1785497665405277e-05,0.0,0.0
1650163920,0.0,4.9759714285714285e-05,0.0,2.1964311599731445e-05,2.1785497665405277e-05,55.0,27.142857142857142
1650163921,0.0,0.0,0.0,2.1964311599731445e-05,2.1785497665405277e-05,0.0,0.0
1650163922,0.0,0.0,0.0,2.1964311599731445e-05,2.1785497665405277e-05,0.0,0.0
1650163923,0.0,0.0,0.0,2.1964311599731445e-05,2.1785497665405277e-05,0.0,0.0
1650163924,0.0,1.2685333333333334e-05,0.0,2.1964311599731445e-05,2.1785497665405277e-05,0.0,0.0
1650163925,0.0,1.2685333333333334e-05,0.0,2.1964311599731445e-05,2.1785497665405277e-05,0.0,0.0
1650163926,0.0,0.0001120005,0.0,2.1964311599731445e-05,2.1785497665405277e-05,213.5,95.0
1650163927,0.0,0.0001120005,0.0,2.1964311599731445e-05,2.1785497665405277e-05,213.5,95.0
1650163928,0.0,0.0,0.0,2.1964311599731445e-05,2.1785497665405277e-05,0.0,0.0
1650163929,0.0,0.0,0.0,2.1964311599731445e-05,2.1785497665405277e-05,0.0,0.0
1650163930,0.0,0.0,0.0,2.1964311599731445e-05,2.1785497665405277e-05,0.0,0.0
1650163931,0.0,0.0,0.0,2.1964311599731445e-05,2.1785497665405277e-05,0.0,0.0
1650163932,0.0,0.0,0.0,2.1964311599731445e-05,2.1785497665405277e-05,0.0,0.0
1650163933,0.0,0.0,0.0,2.1964311599731445e-05,2.1785497665405277e-05,0.0,0.0
1650163934,0.0,0.0,0.0,2.1964311599731445e-05,2.1785497665405277e-05,0.0,0.0
1650163935,0.0,7.700125e-05,0.0,2.1964311599731445e-05,2.1785497665405277e-05,96.25,47.5
1650163936,0.0,0.0,0.0,2.1964311599731445e-05,2.1785497665405277e-05,0.0,0.0
1650163937,0.0,0.0,0.0,2.1964311599731445e-05,2.1785497665405277e-05,0.0,0.0
1650163938,0.0,0.0,0.0,2.1964311599731445e-05,2.1785497665405277e-05,0.0,0.0
1650163939,0.0,0.0002458483333333,0.0,2.16066837310791e-05,2.142786979675293e-05,331.3333333333333,214.33333333333331
1650163940,0.0,0.0002458483333333,0.0,2.16066837310791e-05,2.142786979675293e-05,331.3333333333333,214.33333333333331
1650163941,0.0,0.0,0.0,2.16066837310791e-05,2.142786979675293e-05,0.0,0.0
1650163942,0.0,0.0,0.0,2.16066837310791e-05,2.142786979675293e-05,0.0,0.0
1650163943,0.0,0.0,0.0,2.16066837310791e-05,2.142786979675293e-05,0.0,0.0
1650163944,0.0,8.5912e-05,0.0,2.16066837310791e-05,2.142786979675293e-05,56.0,149.33333333333334
1650163945,0.0,8.5912e-05,0.0,2.16066837310791e-05,2.142786979675293e-05,56.0,149.33333333333334
1650163946,0.0,0.000127941,0.0,2.16066837310791e-05,2.142786979675293e-05,192.5,95.0
1650163947,0.0,0.0,0.0,2.16066837310791e-05,2.142786979675293e-05,0.0,0.0
1650163948,0.0,0.0,0.0,2.16066837310791e-05,2.142786979675293e-05,0.0,0.0
1650163949,0.0,0.0,0.0,2.16066837310791e-05,2.142786979675293e-05,0.0,0.0
1650163950,0.0,0.0,0.0,2.16066837310791e-05,2.142786979675293e-05,14.0,14.0
1650163951,0.0,0.0,0.0,2.16066837310791e-05,2.142786979675293e-05,14.0,14.0
1650163952,0.0,0.0,0.0,2.16066837310791e-05,2.142786979675293e-05,0.0,0.0
1650163953,0.0,0.0,0.0,2.16066837310791e-05,2.142786979675293e-05,0.0,0.0
1650163954,0.0,0.0,0.0,2.16066837310791e-05,2.142786979675293e-05,0.0,0.0
1650163955,0.0,0.000111817,0.0,2.16066837310791e-05,2.142786979675293e-05,128.33333333333334,63.333333333333336
1650163956,0.0,0.000111817,0.0,2.16066837310791e-05,2.142786979675293e-05,128.33333333333334,63.333333333333336
1650163957,0.0,0.0,0.0,2.16066837310791e-05,2.142786979675293e-05,0.0,0.0
1650163958,0.0,0.0,0.0,2.16066837310791e-05,2.142786979675293e-05,0.0,0.0
1650163959,0.0,0.0,0.0,2.16066837310791e-05,2.142786979675293e-05,0.0,0.0
1650163960,0.0,0.00029684,0.0,2.1964311599731445e-05,2.1785497665405277e-05,336.3333333333333,307.6666666666667
1650163961,0.0,0.00029684,0.0,2.1964311599731445e-05,2.1785497665405277e-05,336.3333333333333,307.6666666666667
1650163962,0.0,0.00081353,0.0,2.1964311599731445e-05,2.1785497665405277e-05,1095.0,1162.5
1650163963,0.0,0.001742857,0.01,2.1964311599731445e-05,2.1785497665405277e-05,2186.0,1929.0
1650163964,0.0,0.00127559,0.0,2.1964311599731445e-05,2.1785497665405277e-05,1459.0,2208.0
1650163965,0.0,0.000264908,0.0,2.1964311599731445e-05,2.1785497665405277e-05,385.0,190.0
1650163966,0.0,0.000264908,0.0,2.1964311599731445e-05,2.1785497665405277e-05,385.0,190.0
1650163967,0.0,0.000763152,0.0,2.1964311599731445e-05,2.1785497665405277e-05,1095.0,964.5
1650163968,0.01,0.001484308,0.0,2.1964311599731445e-05,2.1785497665405277e-05,2189.0,1929.0
1650163969,0.01,0.001484308,0.0,2.1964311599731445e-05,2.1785497665405277e-05,2189.0,1929.0
1650163970,0.0,0.0010416595,0.0,2.1964311599731445e-05,2.1785497665405277e-05,1460.0,1286.0
1650163971,0.0,0.0010416595,0.0,2.1964311599731445e-05,2.1785497665405277e-05,1460.0,1286.0
1650163972,0.0,0.0011160855,0.0,2.1964311599731445e-05,2.1785497665405277e-05,1365.5,1170.5
1650163973,0.0,0.0011160855,0.0,2.1964311599731445e-05,2.1785497665405277e-05,1365.5,1170.5
1650163974,0.0,0.0011585325,0.0,2.1964311599731445e-05,2.1785497665405277e-05,1459.5,1983.5
1650163975,0.0,0.000796077,0.0,2.1964311599731445e-05,2.1785497665405277e-05,1115.0,833.0
1650163976,0.01,0.001045848,0.0,2.1964311599731445e-05,2.1785497665405277e-05,1460.0,1286.0
1650163977,0.01,0.001045848,0.0,2.1964311599731445e-05,2.1785497665405277e-05,1460.0,1286.0
1650163978,0.0,0.0009416815,0.0,2.1964311599731445e-05,2.1785497665405277e-05,1094.0,964.5
1650163979,0.0,0.000575768,0.0,2.1964311599731445e-05,2.1785497665405277e-05,729.0,643.0
1650163980,0.0,0.000992831,0.0,2.1964311599731445e-05,2.1785497665405277e-05,1459.0,1286.0
1650163981,0.0,0.000992831,0.0,2.1964311599731445e-05,2.1785497665405277e-05,1459.0,1286.0
1650163982,0.005,0.000954184,0.0,2.16066837310791e-05,2.142786979675293e-05,1226.5,964.5
1650163983,0.005,0.000954184,0.0,2.16066837310791e-05,2.142786979675293e-05,1226.5,964.5
1650163984,0.0,0.0010800795,0.0,2.1964311599731445e-05,2.1785497665405277e-05,1234.0,2145.0
1650163985,0.0,0.001721913,0.0,2.1964311599731445e-05,2.1785497665405277e-05,2575.0,2251.0
1650163986,0.0,0.001721913,0.0,2.1964311599731445e-05,2.1785497665405277e-05,2575.0,2251.0
1650163987,0.0,0.0004777655,0.0,2.1964311599731445e-05,2.1785497665405277e-05,730.0,643.0
1650163988,0.0,0.001017183,0.0,2.1964311599731445e-05,2.1785497665405277e-05,1460.0,1286.0
1650163989,0.0,0.001017183,0.0,2.1964311599731445e-05,2.1785497665405277e-05,1460.0,1286.0
1650163990,0.0,0.000779424,0.0,2.1964311599731445e-05,2.1785497665405277e-05,1116.0,985.5
1650163991,0.0,0.000947675,0.0,2.1964311599731445e-05,2.1785497665405277e-05,1459.0,1286.0
1650163992,0.0,0.000947675,0.0,2.1964311599731445e-05,2.1785497665405277e-05,1459.0,1286.0
1650163993,0.0,0.000959556,0.0,2.1725893020629883e-05,2.154707908630371e-05,1592.0,1286.0
1650163994,0.0,0.000959556,0.0,2.1725893020629883e-05,2.154707908630371e-05,1592.0,1286.0
1650163995,0.0,0.001069623,0.0,2.1964311599731445e-05,2.1785497665405277e-05,1426.5,1579.0
1650163996,0.0,0.001069623,0.0,2.1964311599731445e-05,2.1785497665405277e-05,1426.5,1579.0
1650163997,0.0,0.000875532,0.0,2.1964311599731445e-05,2.1785497665405277e-05,1457.5,1352.0
1650163998,0.0,0.000720461,0.0,2.1964311599731445e-05,2.1785497665405277e-05,1460.0,1286.0
1650163999,0.0,0.000720461,0.0,2.1964311599731445e-05,2.1785497665405277e-05,1460.0,1286.0
1650164000,0.0,0.001268598,0.005,2.1964311599731445e-05,2.1785497665405277e-05,2189.5,1929.0
1650164001,0.0,0.000840516,0.0,2.1964311599731445e-05,2.1785497665405277e-05,1460.0,1286.0
1650164002,0.0,0.000840516,0.0,2.1964311599731445e-05,2.1785497665405277e-05,1460.0,1286.0
1650164003,0.0,0.000590298,0.0,2.1964311599731445e-05,2.1785497665405277e-05,1095.0,964.5
1650164004,0.0,0.000590298,0.0,2.1964311599731445e-05,2.1785497665405277e-05,1095.0,964.5
1650164005,0.0,0.000440371,0.0,2.16066837310791e-05,2.142786979675293e-05,497.0,1222.5
1650164006,0.0,0.000440371,0.0,2.16066837310791e-05,2.142786979675293e-05,497.0,1222.5
1650164007,0.005,0.0013305025,0.0,2.1964311599731445e-05,2.1785497665405277e-05,2156.5,2040.5
1650164008,0.0,0.000769575,0.0,2.1964311599731445e-05,2.1785497665405277e-05,1460.0,1286.0
1650164009,0.0,0.000846033,0.0,2.1964311599731445e-05,2.1785497665405277e-05,1591.0,1418.0
1650164010,0.01,0.000901939,0.0,2.1964311599731445e-05,2.1785497665405277e-05,1460.0,1286.0
1650164011,0.01,0.000901939,0.0,2.1964311599731445e-05,2.1785497665405277e-05,1460.0,1286.0
1650164012,0.0,0.0010762105,0.0,2.1964311599731445e-05,2.1785497665405277e-05,1824.0,1607.5
1650164013,0.0,0.000758813,0.0,2.1964311599731445e-05,2.1785497665405277e-05,1460.0,1286.0
1650164014,0.0,0.000758813,0.0,2.1964311599731445e-05,2.1785497665405277e-05,1460.0,1286.0
1650164015,0.0,0.001335409,0.0,2.1964311599731445e-05,2.1785497665405277e-05,1924.5,2250.0
1650164016,0.0,0.001335409,0.0,2.1964311599731445e-05,2.1785497665405277e-05,1924.5,2250.0
1650164017,0.0,0.0007270435,0.005,2.1964311599731445e-05,2.1785497665405277e-05,1093.5,1162.5
1650164018,0.01,0.000916382,0.0,2.1964311599731445e-05,2.1785497665405277e-05,1460.0,1286.0
1650164019,0.0,0.000720967,0.0,2.1964311599731445e-05,2.1785497665405277e-05,1460.0,1286.0
1650164020,0.0,0.000380811,0.0,2.1964311599731445e-05,2.1785497665405277e-05,730.0,643.0
1650164021,0.0,0.000380811,0.0,2.1964311599731445e-05,2.1785497665405277e-05,730.0,643.0
1650164022,0.0,0.0006221765,0.0,2.1964311599731445e-05,2.1785497665405277e-05,1094.5,964.5
1650164023,0.0,0.001547819,0.0,2.1964311599731445e-05,2.1785497665405277e-05,2917.0,2572.0
1650164024,0.0,0.001547819,0.0,2.1964311599731445e-05,2.1785497665405277e-05,2917.0,2572.0
1650164025,0.0,0.0010246535,0.0,2.1964311599731445e-05,2.1785497665405277e-05,1652.0,1953.5
1650164026,0.0,0.000512125,0.0,2.16066837310791e-05,2.142786979675293e-05,994.0,643.0
1650164027,0.0,0.000512125,0.0,2.16066837310791e-05,2.142786979675293e-05,994.0,643.0
1650164028,0.0,0.0010386525,0.0,2.1964311599731445e-05,2.1785497665405277e-05,1599.0,1624.0
1650164029,0.0,0.0010386525,0.0,2.1964311599731445e-05,2.1785497665405277e-05,1599.0,1624.0
1650164030,0.0,0.0008891655,0.0,2.1964311599731445e-05,2.1785497665405277e-05,1479.5,1307.0
1650164031,0.0,0.0008891655,0.0,2.1964311599731445e-05,2.1785497665405277e-05,1479.5,1307.0
1650164032,0.0,0.000849264,0.0,2.1964311599731445e-05,2.1785497665405277e-05,1458.5,1286.0
1650164033,0.0,0.001195258,0.0,2.1964311599731445e-05,2.1785497665405277e-05,2189.0,1929.0
1650164034,0.0,0.00061055,0.0,2.1964311599731445e-05,2.1785497665405277e-05,730.0,2790.0
1650164035,0.0,0.001099392,0.0,2.1964311599731445e-05,2.1785497665405277e-05,1845.0,1476.0
1650164036,0.0,0.001046897,0.0,2.16364860534668e-05,2.1457672119140625e-05,1724.0,1286.0
1650164037,0.0,0.001046897,0.0,2.16364860534668e-05,2.1457672119140625e-05,1724.0,1286.0
1650164038,0.0,0.000658951,0.005,2.1964311599731445e-05,2.1785497665405277e-05,870.0,849.0
1650164039,0.0,0.001742462,0.0,2.1964311599731445e-05,2.1785497665405277e-05,2915.0,2836.0
1650164040,0.0,0.000789469,0.0,2.1964311599731445e-05,2.1785497665405277e-05,1458.0,1286.0
1650164041,0.0,0.000985111,0.0,2.1964311599731445e-05,2.1785497665405277e-05,1457.0,1286.0
1650164042,0.0,0.000985111,0.0,2.1964311599731445e-05,2.1785497665405277e-05,1457.0,1286.0
1650164043,0.0,0.000698659,0.005,2.1964311599731445e-05,2.1785497665405277e-05,1095.0,964.5
1650164044,0.01,0.001047906,0.0,2.1964311599731445e-05,2.1785497665405277e-05,1460.0,3105.0
1650164045,0.01,0.001047906,0.0,2.1964311599731445e-05,2.1785497665405277e-05,1460.0,3105.0
1650164046,0.0,0.000806265,0.0,2.1964311599731445e-05,2.1785497665405277e-05,1287.5,1059.5
1650164047,0.0,0.000409642,0.0,2.1964311599731445e-05,2.1785497665405277e-05,729.0,643.0
1650164048,0.0,0.000409642,0.0,2.1964311599731445e-05,2.1785497665405277e-05,729.0,643.0
1650164049,0.0,0.0006163295,0.0,2.1964311599731445e-05,2.1785497665405277e-05,1002.0,783.0
1650164050,0.0,0.001794891,0.0,2.1964311599731445e-05,2.1785497665405277e-05,2914.0,2968.0
1650164051,0.0,0.001794891,0.0,2.1964311599731445e-05,2.1785497665405277e-05,2914.0,2968.0
1650164052,0.0,0.00055934,0.0,2.1964311599731445e-05,2.1785497665405277e-05,1095.0,964.5
1650164053,0.0,0.001775843,0.0,2.1964311599731445e-05,2.1785497665405277e-05,2920.0,3813.0
1650164054,0.0,0.001775843,0.0,2.1964311599731445e-05,2.1785497665405277e-05,2920.0,3813.0
1650164055,0.0,0.000797185,0.0,2.1964311599731445e-05,2.1785497665405277e-05,1287.0,1059.5
1650164056,0.0,0.000827366,0.0,2.1964311599731445e-05,2.1785497665405277e-05,1459.0,1286.0
1650164057,0.0,0.000827366,0.0,2.1964311599731445e-05,2.1785497665405277e-05,1459.0,1286.0
1650164058,0.0,0.000671794,0.0,2.1964311599731445e-05,2.1785497665405277e-05,1094.0,964.5
1650164059,0.0,0.000671794,0.0,2.1964311599731445e-05,2.1785497665405277e-05,1094.0,964.5
1650164060,0.0,0.000519678,0.0,2.16066837310791e-05,2.142786979675293e-05,861.0,643.0
1650164061,0.0,0.001123308,0.0,2.1964311599731445e-05,2.1785497665405277e-05,1739.0,1698.0
1650164062,0.0,0.001123308,0.0,2.1964311599731445e-05,2.1785497665405277e-05,1739.0,1698.0
1650164063,0.0,0.000600236,0.0,2.1964311599731445e-05,2.1785497665405277e-05,1094.5,1096.5
1650164064,0.0,0.000600236,0.0,2.1964311599731445e-05,2.1785497665405277e-05,1094.5,1096.5
1650164065,0.0,0.000487729,0.0,2.1964311599731445e-05,2.1785497665405277e-05,730.0,996.5
1650164066,0.0,0.001710282,0.0,2.1964311599731445e-05,2.1785497665405277e-05,2573.0,2119.0
1650164067,0.0,0.001710282,0.0,2.1964311599731445e-05,2.1785497665405277e-05,2573.0,2119.0
1650164068,0.0,0.0003952405,0.0,2.1964311599731445e-05,2.1785497665405277e-05,729.5,643.0
1650164069,0.0,0.0003952405,0.0,2.1964311599731445e-05,2.1785497665405277e-05,729.5,643.0
1650164070,0.0,0.000432684,0.0,2.1964311599731445e-05,2.1785497665405277e-05,749.5,664.0
1650164071,0.0,0.000432684,0.0,2.1964311599731445e-05,2.1785497665405277e-05,749.5,664.0
1650164072,0.0,0.0011532045,0.0,2.1964311599731445e-05,2.1785497665405277e-05,1730.5,1558.0
1650164073,0.0,0.001139159,0.0,2.1964311599731445e-05,2.1785497665405277e-05,2190.0,2061.0
1650164074,0.0,0.000932723,0.0,2.1964311599731445e-05,2.1785497665405277e-05,1460.0,2535.0
1650164075,0.0,0.000932723,0.0,2.1964311599731445e-05,2.1785497665405277e-05,1460.0,2535.0
1650164076,0.0,0.0004081175,0.0,2.1964311599731445e-05,2.1785497665405277e-05,556.5,416.5
1650164077,0.0,0.001301194,0.01,2.1964311599731445e-05,2.1785497665405277e-05,2190.0,1929.0
1650164078,0.0,0.001301194,0.01,2.1964311599731445e-05,2.1785497665405277e-05,2190.0,1929.0
1650164079,0.0,0.0006247095,0.0,2.1964311599731445e-05,2.1785497665405277e-05,1094.5,964.5
1650164080,0.0,0.00173389,0.0,2.16066837310791e-05,2.142786979675293e-05,3181.0,2572.0
1650164081,0.0,0.00173389,0.0,2.16066837310791e-05,2.142786979675293e-05,3181.0,2572.0
1650164082,0.0,0.000567816,0.0,2.1964311599731445e-05,2.1785497665405277e-05,869.0,849.0
1650164083,0.0,0.000567816,0.0,2.1964311599731445e-05,2.1785497665405277e-05,869.0,849.0
1650164084,0.0,0.000450162,0.0,2.1964311599731445e-05,2.1785497665405277e-05,730.0,1338.5
1650164085,0.01,0.001943601,0.0,2.1964311599731445e-05,2.1785497665405277e-05,3303.0,2762.0
1650164086,0.01,0.001943601,0.0,2.1964311599731445e-05,2.1785497665405277e-05,3303.0,2762.0
1650164087,0.0,0.001116324,0.0,2.1964311599731445e-05,2.1785497665405277e-05,1823.0,1607.5
1650164088,0.0,0.001116324,0.0,2.1964311599731445e-05,2.1785497665405277e-05,1823.0,1607.5
1650164089,0.005,0.000637662,0.0,2.1964311599731445e-05,2.1785497665405277e-05,1094.0,964.5
1650164090,0.005,0.000637662,0.0,2.1964311599731445e-05,2.1785497665405277e-05,1094.0,964.5
1650164091,0.0,0.000459212,0.005,2.1964311599731445e-05,2.1785497665405277e-05,796.0,709.0
1650164092,0.0,0.001366457,0.0,2.1964311599731445e-05,2.1785497665405277e-05,2004.0,1566.0
1650164093,0.0,0.001366457,0.0,2.1964311599731445e-05,2.1785497665405277e-05,2004.0,1566.0
1650164094,0.0,0.0005252975,0.0,2.1964311599731445e-05,2.1785497665405277e-05,730.0,1341.5
1650164095,0.0,0.001114383,0.0,2.1964311599731445e-05,2.1785497665405277e-05,1844.0,1608.0
1650164096,0.0,0.001673016,0.0,2.1964311599731445e-05,2.1785497665405277e-05,2919.0,2572.0
1650164097,0.0,0.001819887,0.0,2.1964311599731445e-05,2.1785497665405277e-05,2916.0,2572.0
1650164098,0.0,0.001819887,0.0,2.1964311599731445e-05,2.1785497665405277e-05,2916.0,2572.0
1650164099,0.0,0.000608133,0.0,2.1964311599731445e-05,2.1785497665405277e-05,1094.5,964.5
1650164100,0.0,0.000862026,0.0,2.1964311599731445e-05,2.1785497665405277e-05,1460.0,1286.0
1650164101,0.0,0.000862026,0.0,2.1964311599731445e-05,2.1785497665405277e-05,1460.0,1286.0
1650164102,0.0,0.00068934,0.0,2.1964311599731445e-05,2.1785497665405277e-05,1094.0,964.5
1650164103,0.0,0.00068934,0.0,2.1964311599731445e-05,2.1785497665405277e-05,1094.0,964.5
1650164104,0.0,0.001059883,0.0,2.1964311599731445e-05,2.1785497665405277e-05,1367.0,2021.5
1650164105,0.0,0.001059883,0.0,2.1964311599731445e-05,2.1785497665405277e-05,1367.0,2021.5
1650164106,0.0,0.000879507,0.0,2.1964311599731445e-05,2.1785497665405277e-05,1286.5,1191.5
1650164107,0.0,0.001107953,0.0,2.1964311599731445e-05,2.1785497665405277e-05,2188.0,1929.0
1650164108,0.0,0.001351185,0.0,2.1964311599731445e-05,2.1785497665405277e-05,2189.0,1929.0
1650164109,0.0,0.001276801,0.0,2.1964311599731445e-05,2.1785497665405277e-05,2232.0,1971.0
1650164110,0.0,0.001276801,0.0,2.1964311599731445e-05,2.1785497665405277e-05,2232.0,1971.0
1650164111,0.0,0.000625703,0.0,2.1964311599731445e-05,2.1785497665405277e-05,1095.0,964.5
1650164112,0.0,0.000580062,0.0,2.1964311599731445e-05,2.1785497665405277e-05,730.0,643.0
1650164113,0.0,0.000580062,0.0,2.1964311599731445e-05,2.1785497665405277e-05,730.0,643.0
1650164114,0.0,0.0015600775,0.0,2.1964311599731445e-05,2.1785497665405277e-05,2097.0,2661.0
1650164115,0.0,0.0015600775,0.0,2.1964311599731445e-05,2.1785497665405277e-05,2097.0,2661.0
1650164116,0.0,0.0006099915,0.0,2.1964311599731445e-05,2.1785497665405277e-05,922.0,870.0
1650164117,0.0,0.001097053,0.0,2.1964311599731445e-05,2.1785497665405277e-05,1458.0,1286.0
1650164118,0.0,0.001097053,0.0,2.1964311599731445e-05,2.1785497665405277e-05,1458.0,1286.0
1650164119,0.0,0.0011346505,0.0,2.1964311599731445e-05,2.1785497665405277e-05,1460.0,1286.0
1650164120,0.0,0.001556239,0.0,2.1964311599731445e-05,2.1785497665405277e-05,2189.0,1929.0
1650164121,0.0,0.001556239,0.0,2.1964311599731445e-05,2.1785497665405277e-05,2189.0,1929.0
1650164122,0.0,0.001091585,0.0,2.1964311599731445e-05,2.1785497665405277e-05,1459.5,1286.0
1650164123,0.0,0.001098551,0.0,2.1964311599731445e-05,2.1785497665405277e-05,1459.0,1286.0
1650164124,0.0,0.001098551,0.0,2.1964311599731445e-05,2.1785497665405277e-05,1459.0,1286.0
1650164125,0.0,0.000594389,0.0,2.16066837310791e-05,2.142786979675293e-05,689.0,1594.0
1650164126,0.0,0.001683886,0.0,2.1964311599731445e-05,2.1785497665405277e-05,2469.0,2473.0
1650164127,0.0,0.001683886,0.0,2.1964311599731445e-05,2.1785497665405277e-05,2469.0,2473.0
1650164128,0.0,0.001331134,0.0,2.1964311599731445e-05,2.1785497665405277e-05,1824.0,1673.5
1650164129,0.0,0.000590438,0.0,2.1964311599731445e-05,2.1785497665405277e-05,730.0,643.0
1650164130,0.0,0.000590438,0.0,2.1964311599731445e-05,2.1785497665405277e-05,730.0,643.0
1650164131,0.0,0.000498349,0.0,2.1964311599731445e-05,2.1785497665405277e-05,730.0,643.0
1650164132,0.01,0.002029655,0.0,2.1964311599731445e-05,2.1785497665405277e-05,2917.0,2572.0
1650164133,0.01,0.002029655,0.0,2.1964311599731445e-05,2.1785497665405277e-05,2917.0,2572.0
1650164134,0.0,0.001168655,0.0,2.1964311599731445e-05,2.1785497665405277e-05,1459.5,1854.5
1650164135,0.0,0.001168655,0.0,2.1964311599731445e-05,2.1785497665405277e-05,1459.5,1854.5
1650164136,0.0,0.0007480495,0.0,2.1785497665405277e-05,2.16066837310791e-05,1116.5,788.0
1650164137,0.0,0.0,0.0,2.1785497665405277e-05,2.16066837310791e-05,0.0,0.0
1650164138,0.0,0.0,0.0,2.1785497665405277e-05,2.16066837310791e-05,0.0,0.0
1650164139,0.0,0.0004310145,0.0,2.1785497665405277e-05,2.16066837310791e-05,501.0,391.5
1650164140,0.0,0.000193386,0.0,2.1785497665405277e-05,2.16066837310791e-05,259.0,166.0
1650164141,0.0,0.00016553,0.0,2.1785497665405277e-05,2.16066837310791e-05,259.0,166.0
1650164142,0.0,0.0,0.0,2.1785497665405277e-05,2.16066837310791e-05,0.0,0.0
1650164143,0.0,0.0,0.0,2.1785497665405277e-05,2.16066837310791e-05,0.0,0.0
1650164144,0.0,0.0,0.0,2.1785497665405277e-05,2.16066837310791e-05,0.0,0.0
1650164145,0.0,0.0,0.0,2.1785497665405277e-05,2.16066837310791e-05,0.0,0.0
1650164146,0.0,0.00042082925,0.0,2.1964311599731445e-05,2.1785497665405277e-05,496.25,437.0
1650164147,0.0,0.001128362,0.0,2.1785497665405277e-05,2.16066837310791e-05,1333.0,1318.0
1650164148,0.0,0.001128362,0.0,2.1785497665405277e-05,2.16066837310791e-05,1333.0,1318.0
1650164149,0.0,0.0002217795,0.0,2.1785497665405277e-05,2.16066837310791e-05,235.5,271.5
1650164150,0.0,0.0002217795,0.0,2.1785497665405277e-05,2.16066837310791e-05,235.5,271.5
1650164151,0.0,0.000374788,0.0,2.1964311599731445e-05,2.1785497665405277e-05,434.5,391.5
1650164152,0.0,0.000374788,0.0,2.1964311599731445e-05,2.1785497665405277e-05,434.5,391.5
1650164153,0.0,0.000292884,0.0,2.1964311599731445e-05,2.1785497665405277e-05,365.0,354.5
1650164154,0.0,0.000430936,0.0,2.1964311599731445e-05,2.1785497665405277e-05,259.0,658.0
1650164155,0.0,0.000430936,0.0,2.1964311599731445e-05,2.1785497665405277e-05,259.0,658.0
1650164156,0.0,0.0005097065,0.0,2.1785497665405277e-05,2.16066837310791e-05,658.5,449.5
1650164157,0.0,0.0005097065,0.0,2.1785497665405277e-05,2.16066837310791e-05,658.5,449.5
1650164158,0.0,8.73165e-05,0.0,2.1785497665405277e-05,2.16066837310791e-05,128.5,50.0
1650164159,0.0,8.73165e-05,0.0,2.1785497665405277e-05,2.16066837310791e-05,128.5,50.0
1650164160,0.0,0.0002535895,0.0,2.1964311599731445e-05,2.1785497665405277e-05,326.5,362.5
1650164161,0.0,0.000287963,0.0,2.1785497665405277e-05,2.16066837310791e-05,391.0,100.0
1650164162,0.0,0.000886273,0.0,2.1964311599731445e-05,2.1785497665405277e-05,870.0,849.0
1650164163,0.0,0.000394362,0.0,2.1964311599731445e-05,2.1785497665405277e-05,471.0,609.0
1650164164,0.0,0.000829639,0.0,2.1964311599731445e-05,2.1785497665405277e-05,727.0,1378.0
1650164165,0.0,0.000829639,0.0,2.1964311599731445e-05,2.1785497665405277e-05,727.0,1378.0
1650164166,0.0,0.000412926,0.0,2.1964311599731445e-05,2.1785497665405277e-05,557.5,449.5
1650164167,0.0,0.000412926,0.0,2.1964311599731445e-05,2.1785497665405277e-05,557.5,449.5
1650164168,0.0,0.0001910145,0.0,2.1964311599731445e-05,2.1785497665405277e-05,235.0,271.5
1650164169,0.0,0.000626942,0.0,2.1964311599731445e-05,2.1785497665405277e-05,730.0,709.0
1650164170,0.0,0.000626942,0.0,2.1964311599731445e-05,2.1785497665405277e-05,730.0,709.0
1650164171,0.0,0.000334277,0.0,2.1785497665405277e-05,2.16066837310791e-05,431.0,321.5
1650164172,0.0,0.000287263,0.0,2.16066837310791e-05,2.142786979675293e-05,391.0,100.0
1650164173,0.0,0.000287263,0.0,2.16066837310791e-05,2.142786979675293e-05,391.0,100.0
1650164174,0.0,0.0002776025,0.0,2.1785497665405277e-05,2.16066837310791e-05,199.5,259.5
1650164175,0.0,0.000260071,0.0,2.1785497665405277e-05,2.16066837310791e-05,385.0,190.0
1650164176,0.0,0.000260071,0.0,2.1785497665405277e-05,2.16066837310791e-05,385.0,190.0
1650164177,0.0,0.0003461465,0.0,2.1964311599731445e-05,2.1785497665405277e-05,435.0,424.5
1650164178,0.0,0.0,0.0,2.1964311599731445e-05,2.1785497665405277e-05,0.0,0.0
1650164179,0.0,0.0,0.0,2.1964311599731445e-05,2.1785497665405277e-05,0.0,0.0
1650164180,0.0,0.0,0.0,2.1964311599731445e-05,2.1785497665405277e-05,0.0,0.0
1650164181,0.0,0.000559796,0.0,2.1964311599731445e-05,2.1785497665405277e-05,643.6666666666666,719.6666666666666
1650164182,0.0,0.000570445,0.0,2.1964311599731445e-05,2.1785497665405277e-05,730.0,643.0
1650164183,0.0,0.000570445,0.0,2.1964311599731445e-05,2.1785497665405277e-05,730.0,643.0
1650164184,0.0,0.000271518,0.0,2.1964311599731445e-05,2.1785497665405277e-05,235.5,516.5
1650164185,0.0,0.000571294,0.0,2.1785497665405277e-05,2.16066837310791e-05,776.0,290.0
1650164186,0.0,0.000571294,0.0,2.1785497665405277e-05,2.16066837310791e-05,776.0,290.0
1650164187,0.0,0.0004064525,0.005,2.1964311599731445e-05,2.1785497665405277e-05,434.5,391.5
1650164188,0.0,0.000697491,0.0,2.1785497665405277e-05,2.16066837310791e-05,861.0,709.0
1650164189,0.0,0.000697491,0.0,2.1785497665405277e-05,2.16066837310791e-05,861.0,709.0
1650164190,0.0,0.0,0.0,2.1785497665405277e-05,2.16066837310791e-05,0.0,0.0
1650164191,0.0,0.0,0.0,2.1785497665405277e-05,2.16066837310791e-05,0.0,0.0
1650164192,0.0,0.0,0.0,2.1785497665405277e-05,2.16066837310791e-05,0.0,0.0
1650164193,0.0,0.0003086296666666,0.0,2.1964311599731445e-05,2.1785497665405277e-05,376.3333333333333,338.3333333333333
1650164194,0.0,0.000513973,0.0,2.1964311599731445e-05,2.1785497665405277e-05,471.0,989.0
1650164195,0.0,0.000513973,0.0,2.1964311599731445e-05,2.1785497665405277e-05,471.0,989.0
1650164196,0.0,0.000415581,0.0,2.1964311599731445e-05,2.1785497665405277e-05,557.5,449.5
1650164197,0.0,0.001103604,0.0,2.1785497665405277e-05,2.16066837310791e-05,1333.0,1252.0
1650164198,0.0,0.001103604,0.0,2.1785497665405277e-05,2.16066837310791e-05,1333.0,1252.0
1650164199,0.0,0.0001547055,0.0,2.1964311599731445e-05,2.1785497665405277e-05,220.5,141.0
1650164200,0.0,0.000378743,0.0,2.1964311599731445e-05,2.1785497665405277e-05,469.0,543.0
1650164201,0.0,0.000378743,0.0,2.1964311599731445e-05,2.1785497665405277e-05,469.0,543.0
1650164202,0.0,0.000338187,0.005,2.1964311599731445e-05,2.1785497665405277e-05,365.0,354.5
1650164203,0.0,0.000338187,0.005,2.1964311599731445e-05,2.1785497665405277e-05,365.0,354.5
1650164204,0.0,0.000461933,0.0,2.1785497665405277e-05,2.16066837310791e-05,431.0,494.0
1650164205,0.0,0.000466912,0.0,2.1785497665405277e-05,2.16066837310791e-05,644.0,356.0
1650164206,0.0,0.000466912,0.0,2.1785497665405277e-05,2.16066837310791e-05,644.0,356.0
1650164207,0.0,7.68095e-05,0.0,2.1785497665405277e-05,2.16066837310791e-05,129.5,50.0
1650164208,0.0,0.0,0.0,2.1785497665405277e-05,2.16066837310791e-05,0.0,0.0
1650164209,0.0,0.0,0.0,2.1785497665405277e-05,2.16066837310791e-05,0.0,0.0
1650164210,0.0,0.0,0.0,2.1785497665405277e-05,2.16066837310791e-05,0.0,0.0
1650164211,0.0033333333333333,0.000595768,0.0,2.1964311599731445e-05,2.1785497665405277e-05,623.6666666666666,544.0
1650164212,0.0033333333333333,0.000595768,0.0,2.1964311599731445e-05,2.1785497665405277e-05,623.6666666666666,544.0
1650164213,0.0,0.0004523565,0.0,2.1964311599731445e-05,2.1785497665405277e-05,600.5,692.0
1650164214,0.0,0.0004523565,0.0,2.1964311599731445e-05,2.1785497665405277e-05,600.5,692.0
1650164215,0.0,0.000526605,0.0,2.1964311599731445e-05,2.1785497665405277e-05,557.0,907.5
1650164216,0.0,0.000388809,0.0,2.1964311599731445e-05,2.1785497665405277e-05,471.0,543.0
1650164217,0.0,0.000286162,0.0,2.1964311599731445e-05,2.1785497665405277e-05,259.0,166.0
1650164218,0.0,0.000286162,0.0,2.1964311599731445e-05,2.1785497665405277e-05,259.0,166.0
1650164219,0.0,0.0003031665,0.0,2.1964311599731445e-05,2.1785497665405277e-05,364.5,321.5
1650164220,0.0,0.000551522,0.0,2.1785497665405277e-05,2.16066837310791e-05,603.0,543.0
1650164221,0.0,0.000551522,0.0,2.1785497665405277e-05,2.16066837310791e-05,603.0,543.0
1650164222,0.0,0.0001398555,0.0,2.16066837310791e-05,2.142786979675293e-05,195.5,50.0
1650164223,0.0,0.0,0.0,2.16066837310791e-05,2.142786979675293e-05,0.0,0.0
1650164224,0.0,0.0,0.0,2.16066837310791e-05,2.142786979675293e-05,0.0,0.0
1650164225,0.0,0.0,0.0,2.16066837310791e-05,2.142786979675293e-05,0.0,0.0
1650164226,0.0,0.000521067,0.0,2.1964311599731445e-05,2.1785497665405277e-05,551.3333333333334,519.3333333333334
1650164227,0.0,0.0,0.0,2.1964311599731445e-05,2.1785497665405277e-05,0.0,0.0
1650164228,0.0,0.0,0.0,2.1964311599731445e-05,2.1785497665405277e-05,0.0,0.0
1650164229,0.0,0.0,0.0,2.1964311599731445e-05,2.1785497665405277e-05,0.0,0.0
1650164230,0.0,0.0005103926666666,0.0,2.1964311599731445e-05,2.1785497665405277e-05,643.3333333333334,719.6666666666666
1650164231,0.0,0.0005103926666666,0.0,2.1964311599731445e-05,2.1785497665405277e-05,643.3333333333334,719.6666666666666
1650164232,0.0,0.000315633,0.005,2.1964311599731445e-05,2.1785497665405277e-05,365.0,321.5
1650164233,0.0,0.000842668,0.0,2.1845102310180664e-05,2.166628837585449e-05,862.0,643.0
1650164234,0.0,0.000842668,0.0,2.1845102310180664e-05,2.166628837585449e-05,862.0,643.0
1650164235,0.0,0.0004080435,0.0,2.1785497665405277e-05,2.16066837310791e-05,428.0,558.5
1650164236,0.0,0.000343839,0.0,2.1964311599731445e-05,2.1785497665405277e-05,398.0,240.0
1650164237,0.0,0.00067417,0.0,2.1785497665405277e-05,2.16066837310791e-05,862.0,709.0
1650164238,0.0,0.00067417,0.0,2.1785497665405277e-05,2.16066837310791e-05,862.0,709.0
1650164239,0.0,0.0,0.0,2.1785497665405277e-05,2.16066837310791e-05,0.0,0.0
1650164240,0.0,0.0,0.0,2.1785497665405277e-05,2.16066837310791e-05,0.0,0.0
1650164241,0.0,0.0003484885,0.0,2.1964311599731445e-05,2.1785497665405277e-05,455.5,445.5
1650164242,0.0,0.0003484885,0.0,2.1964311599731445e-05,2.1785497665405277e-05,455.5,445.5
1650164243,0.0,7.75925e-05,0.0,2.1964311599731445e-05,2.1785497665405277e-05,129.5,83.0
1650164244,0.0,0.001267393,0.0,2.1964311599731445e-05,2.1785497665405277e-05,1201.0,1596.0
1650164245,0.0,0.001267393,0.0,2.1964311599731445e-05,2.1785497665405277e-05,1201.0,1596.0
1650164246,0.0,0.0005967875,0.0,2.1785497665405277e-05,2.16066837310791e-05,623.0,449.5
1650164247,0.0,0.0005967875,0.0,2.1785497665405277e-05,2.16066837310791e-05,623.0,449.5
1650164248,0.0,0.000352926,0.0,2.1964311599731445e-05,2.1785497665405277e-05,434.5,391.5
1650164249,0.0,0.000352926,0.0,2.1964311599731445e-05,2.1785497665405277e-05,434.5,391.5
1650164250,0.0,0.0002903475,0.005,2.1964311599731445e-05,2.1785497665405277e-05,364.0,354.5
1650164251,0.0,0.000465851,0.0,2.1964311599731445e-05,2.1785497665405277e-05,471.0,543.0
1650164252,0.0,0.000151314,0.0,2.1964311599731445e-05,2.1785497665405277e-05,259.0,166.0
1650164253,0.0,0.000151314,0.0,2.1964311599731445e-05,2.1785497665405277e-05,259.0,166.0
1650164254,0.0,0.000415621,0.0,2.1785497665405277e-05,2.16066837310791e-05,431.0,760.5
1650164255,0.0,0.000415621,0.0,2.1785497665405277e-05,2.16066837310791e-05,431.0,760.5
1650164256,0.0,0.000248908,0.0,2.1785497665405277e-05,2.16066837310791e-05,322.0,145.0
1650164257,0.0,0.0,0.0,2.1785497665405277e-05,2.16066837310791e-05,0.0,0.0
1650164258,0.0,0.0,0.0,2.1785497665405277e-05,2.16066837310791e-05,0.0,0.0
1650164259,0.0,0.0,0.0,2.1785497665405277e-05,2.16066837310791e-05,0.0,0.0
1650164260,0.0,0.0005542506666666,0.0,2.1964311599731445e-05,2.1785497665405277e-05,624.0,544.0
1650164261,0.0,0.000469033,0.0,2.1964311599731445e-05,2.1785497665405277e-05,471.0,609.0
1650164262,0.0,0.000469033,0.0,2.1964311599731445e-05,2.1785497665405277e-05,471.0,609.0
1650164263,0.0,0.0002748855,0.0,2.1964311599731445e-05,2.1785497665405277e-05,364.5,387.5
1650164264,0.0,0.000770919,0.0,2.1964311599731445e-05,2.1785497665405277e-05,730.0,1093.0
1650164265,0.0,0.000770919,0.0,2.1964311599731445e-05,2.1785497665405277e-05,730.0,1093.0
1650164266,0.0,0.000433944,0.0,2.1964311599731445e-05,2.1785497665405277e-05,557.5,449.5
1650164267,0.0,0.0,0.0,2.1964311599731445e-05,2.1785497665405277e-05,0.0,0.0
1650164268,0.0,0.0,0.0,2.1964311599731445e-05,2.1785497665405277e-05,0.0,0.0
1650164269,0.0,0.0,0.0,2.1964311599731445e-05,2.1785497665405277e-05,0.0,0.0
1650164270,0.0,0.0,0.0,2.1964311599731445e-05,2.1785497665405277e-05,0.0,0.0
1650164271,0.0,0.000848363,0.0,2.1785497665405277e-05,2.16066837310791e-05,1141.5,1034.5
1650164272,0.0,0.00218725,0.0,2.1964311599731445e-05,2.1785497665405277e-05,3058.0,2910.0
1650164273,0.0,0.001511302,0.0,2.1964311599731445e-05,2.1785497665405277e-05,1930.0,1829.0
1650164274,0.0,0.001321439,0.0,2.1964311599731445e-05,2.1785497665405277e-05,1460.0,2886.0
1650164275,0.0,0.001326447,0.0,2.1964311599731445e-05,2.1785497665405277e-05,1843.0,1476.0
1650164276,0.0,0.001326447,0.0,2.1964311599731445e-05,2.1785497665405277e-05,1843.0,1476.0
1650164277,0.0,0.000820705,0.0,2.1964311599731445e-05,2.1785497665405277e-05,1093.5,964.5
1650164278,0.0,0.002572578,0.0,2.1785497665405277e-05,2.16066837310791e-05,3780.0,3215.0
1650164279,0.0,0.002572578,0.0,2.1785497665405277e-05,2.16066837310791e-05,3780.0,3215.0
1650164280,0.0,0.000324424,0.0,2.1964311599731445e-05,2.1785497665405277e-05,434.5,391.5
1650164281,0.0,0.000940764,0.0,2.1964311599731445e-05,2.1785497665405277e-05,1460.0,1418.0
1650164282,0.0,0.000940764,0.0,2.1964311599731445e-05,2.1785497665405277e-05,1460.0,1418.0
1650164283,0.0,0.0006880395,0.0,2.1964311599731445e-05,2.1785497665405277e-05,865.5,746.0
1650164284,0.0,0.00117873,0.01,2.1964311599731445e-05,2.1785497665405277e-05,1459.0,2334.0
1650164285,0.0,0.001371437,0.0,2.1964311599731445e-05,2.1785497665405277e-05,1843.0,1542.0
1650164286,0.0,0.00215775,0.0,2.1964311599731445e-05,2.1785497665405277e-05,2920.0,2572.0
1650164287,0.0,0.00215775,0.0,2.1964311599731445e-05,2.1785497665405277e-05,2920.0,2572.0
1650164288,0.0,0.000921443,0.0,2.1964311599731445e-05,2.1785497665405277e-05,1094.5,964.5
1650164289,0.0,0.001635125,0.0,2.1964311599731445e-05,2.1785497665405277e-05,2188.0,1929.0
1650164290,0.0,0.001635125,0.0,2.1964311599731445e-05,2.1785497665405277e-05,2188.0,1929.0
1650164291,0.0,0.0007062995,0.0,2.1964311599731445e-05,2.1785497665405277e-05,866.0,713.0
1650164292,0.0,0.001973822,0.0,2.1785497665405277e-05,2.16066837310791e-05,2318.0,2127.0
1650164293,0.0,0.001106195,0.0,2.1964311599731445e-05,2.1785497665405277e-05,1599.0,1492.0
1650164294,0.0,0.001106195,0.0,2.1964311599731445e-05,2.1785497665405277e-05,1599.0,1492.0
1650164295,0.0,0.0010276055,0.0,2.1964311599731445e-05,2.1785497665405277e-05,1286.5,2199.0
1650164296,0.0,0.000975927,0.0,2.1964311599731445e-05,2.1785497665405277e-05,1460.0,1286.0
1650164297,0.0,0.000975927,0.0,2.1964311599731445e-05,2.1785497665405277e-05,1460.0,1286.0
1650164298,0.0,0.0002208685,0.0,2.1964311599731445e-05,2.1785497665405277e-05,365.0,321.5
1650164299,0.0,0.000693567,0.01,2.1964311599731445e-05,2.1785497665405277e-05,1031.0,785.0
1650164300,0.0,0.000693567,0.01,2.1964311599731445e-05,2.1785497665405277e-05,1031.0,785.0
1650164301,0.0,0.0004787465,0.0,2.1785497665405277e-05,2.16066837310791e-05,665.5,593.0
1650164302,0.0,0.0004787465,0.0,2.1785497665405277e-05,2.16066837310791e-05,665.5,593.0
1650164303,0.0,0.000521684,0.0,2.1964311599731445e-05,2.1785497665405277e-05,564.0,441.5
1650164304,0.0,0.000860985,0.0,2.1845102310180664e-05,2.166628837585449e-05,862.0,1209.0
1650164305,0.0,0.000860985,0.0,2.1845102310180664e-05,2.166628837585449e-05,862.0,1209.0
1650164306,0.0,0.000717524,0.0,2.1964311599731445e-05,2.1785497665405277e-05,863.0,824.0
1650164307,0.0,0.001853951,0.0,2.1964311599731445e-05,2.1785497665405277e-05,2188.0,2127.0
1650164308,0.0,0.001853951,0.0,2.1964311599731445e-05,2.1785497665405277e-05,2188.0,2127.0
1650164309,0.0,0.000360825,0.0,2.1964311599731445e-05,2.1785497665405277e-05,494.5,371.5
1650164310,0.0,0.000530187,0.0,2.1964311599731445e-05,2.1785497665405277e-05,730.0,643.0
1650164311,0.0,0.000530187,0.0,2.1964311599731445e-05,2.1785497665405277e-05,730.0,643.0
1650164312,0.0,0.000602659,0.0,2.1964311599731445e-05,2.1785497665405277e-05,729.0,643.0
1650164313,0.0,0.000602659,0.0,2.1964311599731445e-05,2.1785497665405277e-05,729.0,643.0
1650164314,0.0,0.000172286,0.0,2.1964311599731445e-05,2.1785497665405277e-05,129.5,512.0
1650164315,0.0,0.001428347,0.0,2.1964311599731445e-05,2.1785497665405277e-05,1599.0,1416.0
1650164316,0.0,0.002062479,0.0,2.1964311599731445e-05,2.1785497665405277e-05,2461.0,2267.0
1650164317,0.0,0.002062479,0.0,2.1964311599731445e-05,2.1785497665405277e-05,2461.0,2267.0
1650164318,0.0,7.29685e-05,0.0,2.1964311599731445e-05,2.1785497665405277e-05,129.5,83.0
1650164319,0.0,7.29685e-05,0.0,2.1964311599731445e-05,2.1785497665405277e-05,129.5,83.0
1650164320,0.0,0.000336639,0.0,2.1964311599731445e-05,2.1785497665405277e-05,560.0,503.5
1650164321,0.0,0.001004796,0.0,2.1964311599731445e-05,2.1785497665405277e-05,1201.0,1186.0
1650164322,0.0,0.00096988,0.0,2.1964311599731445e-05,2.1785497665405277e-05,1460.0,1286.0
1650164323,0.0,0.00096988,0.0,2.1964311599731445e-05,2.1785497665405277e-05,1460.0,1286.0
1650164324,0.0,0.0004417595,0.0,2.1964311599731445e-05,2.1785497665405277e-05,494.5,666.5
1650164325,0.0,0.001269687,0.0,2.1785497665405277e-05,2.16066837310791e-05,1718.0,1376.0
1650164326,0.0,0.001269687,0.0,2.1785497665405277e-05,2.16066837310791e-05,1718.0,1376.0
1650164327,0.0,0.00068718,0.0,2.1964311599731445e-05,2.1785497665405277e-05,957.0,816.0
1650164328,0.0,0.000905384,0.0,2.1964311599731445e-05,2.1785497665405277e-05,988.0,941.0
1650164329,0.0,0.000965535,0.0,2.1964311599731445e-05,2.1785497665405277e-05,1243.0,1360.0
1650164330,0.0,0.000965535,0.0,2.1964311599731445e-05,2.1785497665405277e-05,1243.0,1360.0
1650164331,0.0,0.0006695435,0.0,2.1964311599731445e-05,2.1785497665405277e-05,859.0,693.0
1650164332,0.0,0.0006695435,0.0,2.1964311599731445e-05,2.1785497665405277e-05,859.0,693.0
1650164333,0.0,0.000642965,0.0,2.1964311599731445e-05,2.1785497665405277e-05,730.0,643.0
1650164334,0.0,0.000642965,0.0,2.1964311599731445e-05,2.1785497665405277e-05,730.0,643.0
1650164335,0.0,0.0004733205,0.0,2.1964311599731445e-05,2.1785497665405277e-05,557.5,824.5
1650164336,0.01,0.001847005,0.0,2.1785497665405277e-05,2.16066837310791e-05,2063.0,1829.0
1650164337,0.01,0.001847005,0.0,2.1785497665405277e-05,2.16066837310791e-05,2063.0,1829.0
1650164338,0.0,0.0011958345,0.0,2.1964311599731445e-05,2.1785497665405277e-05,1429.0,1253.5
1650164339,0.0,0.001552567,0.0,2.1964311599731445e-05,2.1785497665405277e-05,1930.0,2027.0
1650164340,0.0,0.001552567,0.0,2.1964311599731445e-05,2.1785497665405277e-05,1930.0,2027.0
1650164341,0.0,0.00109776,0.0,2.1964311599731445e-05,2.1785497665405277e-05,1223.5,1014.5
1650164342,0.0,0.00109776,0.0,2.1964311599731445e-05,2.1785497665405277e-05,1223.5,1014.5
1650164343,0.0,0.000338425,0.0,2.1964311599731445e-05,2.1785497665405277e-05,365.0,321.5
1650164344,0.0,0.000631811,0.0,2.1964311599731445e-05,2.1785497665405277e-05,471.0,2140.0
1650164345,0.0,0.000631811,0.0,2.1964311599731445e-05,2.1785497665405277e-05,471.0,2140.0
1650164346,0.0,0.000790833,0.0,2.1964311599731445e-05,2.1785497665405277e-05,1052.0,788.0
1650164347,0.0,0.000492692,0.0,2.1785497665405277e-05,2.16066837310791e-05,603.0,543.0
1650164348,0.0,0.001728575,0.01,2.1964311599731445e-05,2.1785497665405277e-05,1871.0,1632.0
1650164349,0.0,0.001728575,0.01,2.1964311599731445e-05,2.1785497665405277e-05,1871.0,1632.0
1650164350,0.0,0.0005628665,0.0,2.1964311599731445e-05,2.1785497665405277e-05,729.5,775.0
1650164351,0.0,0.000258578,0.0,2.1964311599731445e-05,2.1785497665405277e-05,259.0,166.0
1650164352,0.0,0.000258578,0.0,2.1964311599731445e-05,2.1785497665405277e-05,259.0,166.0
1650164353,0.0,0.0005143,0.0,2.1964311599731445e-05,2.1785497665405277e-05,730.0,643.0
1650164354,0.0,0.000824098,0.0,2.1964311599731445e-05,2.1785497665405277e-05,729.0,1577.0
1650164355,0.0,0.000824098,0.0,2.1964311599731445e-05,2.1785497665405277e-05,729.0,1577.0
1650164356,0.0,0.0006723555,0.0,2.1964311599731445e-05,2.1785497665405277e-05,921.0,738.0
1650164357,0.0,0.0006723555,0.0,2.1964311599731445e-05,2.1785497665405277e-05,921.0,738.0
1650164358,0.0,0.0007358955,0.0,2.1964311599731445e-05,2.1785497665405277e-05,965.0,914.5
1650164359,0.0,0.0007358955,0.0,2.1964311599731445e-05,2.1785497665405277e-05,965.0,914.5
1650164360,0.0,0.00110436,0.0,2.1964311599731445e-05,2.1785497665405277e-05,1387.0,1191.5
1650164361,0.0,0.00110436,0.0,2.1964311599731445e-05,2.1785497665405277e-05,1387.0,1191.5
1650164362,0.0,0.0004903275,0.0,2.1964311599731445e-05,2.1785497665405277e-05,729.5,775.0
1650164363,0.0,0.0004903275,0.0,2.1964311599731445e-05,2.1785497665405277e-05,729.5,775.0
1650164364,0.005,0.000671969,0.0,2.1964311599731445e-05,2.1785497665405277e-05,729.5,1157.0
1650164365,0.0,0.001894151,0.0,2.1964311599731445e-05,2.1785497665405277e-05,2573.0,2119.0
1650164366,0.0,0.001894151,0.0,2.1964311599731445e-05,2.1785497665405277e-05,2573.0,2119.0
1650164367,0.0,0.0003471625,0.0,2.1964311599731445e-05,2.1785497665405277e-05,494.5,371.5
1650164368,0.0,0.000555367,0.0,2.1964311599731445e-05,2.1785497665405277e-05,730.0,643.0
1650164369,0.0,0.001404622,0.0,2.16066837310791e-05,2.142786979675293e-05,1724.0,1286.0
1650164370,0.0,0.0,0.0,2.16066837310791e-05,2.142786979675293e-05,0.0,0.0
1650164371,0.0,0.0,0.0,2.16066837310791e-05,2.142786979675293e-05,0.0,0.0
1650164372,0.0,0.0,0.0,2.16066837310791e-05,2.142786979675293e-05,0.0,0.0
1650164373,0.0,0.00055927,0.0,2.1964311599731445e-05,2.1785497665405277e-05,665.3333333333334,621.3333333333334
1650164374,0.0,0.00055927,0.0,2.1964311599731445e-05,2.1785497665405277e-05,665.3333333333334,621.3333333333334
1650164375,0.0,0.000551597,0.0,2.1964311599731445e-05,2.1785497665405277e-05,557.5,836.5
1650164376,0.0,0.000551597,0.0,2.1964311599731445e-05,2.1785497665405277e-05,557.5,836.5
1650164377,0.0,0.00048957,0.0,2.1964311599731445e-05,2.1785497665405277e-05,600.5,626.0
1650164378,0.0,0.00048957,0.0,2.1964311599731445e-05,2.1785497665405277e-05,600.5,626.0
1650164379,0.0,0.000540398,0.0,2.1964311599731445e-05,2.1785497665405277e-05,730.0,643.0
1650164380,0.0,0.001569207,0.0,2.1964311599731445e-05,2.1785497665405277e-05,2188.0,1929.0
1650164381,0.0,0.001569207,0.0,2.1964311599731445e-05,2.1785497665405277e-05,2188.0,1929.0
1650164382,0.0,0.0004290775,0.0,2.1785497665405277e-05,2.16066837310791e-05,430.0,321.5
1650164383,0.0,0.000238953,0.0,2.16066837310791e-05,2.142786979675293e-05,391.0,100.0
1650164384,0.0,0.000238953,0.0,2.16066837310791e-05,2.142786979675293e-05,391.0,100.0
1650164385,0.0,0.000370277,0.0,2.1785497665405277e-05,2.16066837310791e-05,305.5,801.0
1650164386,0.0,0.001907624,0.0,2.1964311599731445e-05,2.1785497665405277e-05,2714.0,2589.0
1650164387,0.0,0.001907624,0.0,2.1964311599731445e-05,2.1785497665405277e-05,2714.0,2589.0
1650164388,0.0,0.000636335,0.0,2.1964311599731445e-05,2.1785497665405277e-05,729.0,676.0
1650164389,0.0,0.000636335,0.0,2.1964311599731445e-05,2.1785497665405277e-05,729.0,676.0
1650164390,0.005,0.000536221,0.0,2.1964311599731445e-05,2.1785497665405277e-05,751.0,664.0
1650164391,0.0,0.001135865,0.0,2.1964311599731445e-05,2.1785497665405277e-05,1460.0,1286.0
1650164392,0.0,0.001135865,0.0,2.1964311599731445e-05,2.1785497665405277e-05,1460.0,1286.0
1650164393,0.0,9.7895e-05,0.0,2.1964311599731445e-05,2.1785497665405277e-05,129.5,50.0
1650164394,0.0,0.000667036,0.0,2.1964311599731445e-05,2.1785497665405277e-05,772.0,1782.0
1650164395,0.0,0.000481299,0.0,2.1964311599731445e-05,2.1785497665405277e-05,643.0,290.0
1650164396,0.0,0.001240168,0.0,2.1964311599731445e-05,2.1785497665405277e-05,1212.0,1226.0
1650164397,0.0,0.001240168,0.0,2.1964311599731445e-05,2.1785497665405277e-05,1212.0,1226.0
1650164398,0.0,0.000504439,0.0,2.1785497665405277e-05,2.16066837310791e-05,666.5,659.0
1650164399,0.0,0.000504439,0.0,2.1785497665405277e-05,2.16066837310791e-05,666.5,659.0
1650164400,0.0,0.0005781115,0.0,2.1964311599731445e-05,2.1785497665405277e-05,799.0,779.0
1650164401,0.0,0.001155954,0.0,2.1964311599731445e-05,2.1785497665405277e-05,1460.0,1418.0
1650164402,0.0,0.001155954,0.0,2.1964311599731445e-05,2.1785497665405277e-05,1460.0,1418.0
1650164403,0.0,0.0008450455,0.0,2.1964311599731445e-05,2.1785497665405277e-05,1161.0,1030.5
1650164404,0.0,0.0008450455,0.0,2.1964311599731445e-05,2.1785497665405277e-05,1161.0,1030.5
1650164405,0.0,0.001325467,0.0,2.1964311599731445e-05,2.1785497665405277e-05,1589.0,1743.0
1650164406,0.0,0.001325467,0.0,2.1964311599731445e-05,2.1785497665405277e-05,1589.0,1743.0
1650164407,0.0,0.0002004925,0.0,2.1964311599731445e-05,2.1785497665405277e-05,322.0,145.0
1650164408,0.0,0.0,0.0,2.1964311599731445e-05,2.1785497665405277e-05,0.0,0.0
1650164409,0.0,0.0,0.0,2.1964311599731445e-05,2.1785497665405277e-05,0.0,0.0
1650164410,0.0,0.0,0.0,2.1964311599731445e-05,2.1785497665405277e-05,0.0,0.0
1650164411,0.0,0.0003516353333333,0.0,2.1785497665405277e-05,2.16066837310791e-05,464.3333333333333,294.3333333333333
1650164412,0.0,0.00159462,0.0,2.1964311599731445e-05,2.1785497665405277e-05,1812.0,2067.0
1650164413,0.0,0.00159462,0.0,2.1964311599731445e-05,2.1785497665405277e-05,1812.0,2067.0
1650164414,0.0,0.0006023435,0.0,2.1964311599731445e-05,2.1785497665405277e-05,730.0,1037.0
1650164415,0.0,0.001364972,0.0,2.1964311599731445e-05,2.1785497665405277e-05,1845.0,1476.0
1650164416,0.0,0.001364972,0.0,2.1964311599731445e-05,2.1785497665405277e-05,1845.0,1476.0
1650164417,0.0,0.000462612,0.0,2.1964311599731445e-05,2.1785497665405277e-05,730.0,643.0
1650164418,0.0,0.000480938,0.0,2.1964311599731445e-05,2.1785497665405277e-05,730.0,643.0
1650164419,0.0,0.001535487,0.0,2.1964311599731445e-05,2.1785497665405277e-05,1973.0,1871.0
1650164420,0.0,0.001535487,0.0,2.1964311599731445e-05,2.1785497665405277e-05,1973.0,1871.0
1650164421,0.0,0.000354019,0.0,2.1964311599731445e-05,2.1785497665405277e-05,494.5,371.5
1650164422,0.0,0.001607198,0.0,2.1964311599731445e-05,2.1785497665405277e-05,2002.0,1566.0
1650164423,0.0,0.0,0.0,2.1964311599731445e-05,2.1785497665405277e-05,0.0,0.0
1650164424,0.0,0.0,0.0,2.1964311599731445e-05,2.1785497665405277e-05,0.0,0.0
1650164425,0.0,0.0,0.0,2.1964311599731445e-05,2.1785497665405277e-05,0.0,0.0
1650164426,0.0,0.0008586396666666,0.0,2.1964311599731445e-05,2.1785497665405277e-05,1015.3333333333334,1148.6666666666667
1650164427,0.0,0.0008586396666666,0.0,2.1964311599731445e-05,2.1785497665405277e-05,1015.3333333333334,1148.6666666666667
1650164428,0.0,0.0008629655,0.0,2.1964311599731445e-05,2.1785497665405277e-05,1094.5,964.5
1650164429,0.0,0.0008629655,0.0,2.1964311599731445e-05,2.1785497665405277e-05,1094.5,964.5
1650164430,0.0,0.0002950145,0.0,2.1964311599731445e-05,2.1785497665405277e-05,365.0,321.5
1650164431,0.0,0.0002950145,0.0,2.1964311599731445e-05,2.1785497665405277e-05,365.0,321.5
1650164432,0.0,0.00125285,0.005,2.1964311599731445e-05,2.1785497665405277e-05,1824.5,1607.5
1650164433,0.0,0.00125285,0.005,2.1964311599731445e-05,2.1785497665405277e-05,1824.5,1607.5
1650164434,0.0,0.001161488,0.0,2.1964311599731445e-05,2.1785497665405277e-05,1365.5,1733.0
1650164435,0.0,0.000752228,0.0,2.1964311599731445e-05,2.1785497665405277e-05,1115.0,965.0
1650164436,0.0,0.000752228,0.0,2.1964311599731445e-05,2.1785497665405277e-05,1115.0,965.0
1650164437,0.0,0.0007430605,0.0,2.1964311599731445e-05,2.1785497665405277e-05,1094.0,1030.5
1650164438,0.0,0.0007430605,0.0,2.1964311599731445e-05,2.1785497665405277e-05,1094.0,1030.5
1650164439,0.0,0.0010484005,0.0,2.1964311599731445e-05,2.1785497665405277e-05,1459.5,1286.0
1650164440,0.0,0.000654838,0.01,2.1964311599731445e-05,2.1785497665405277e-05,728.0,643.0
1650164441,0.0,0.00108385,0.0,2.1964311599731445e-05,2.1785497665405277e-05,1458.0,1286.0
1650164442,0.0,0.001135276,0.0,2.1964311599731445e-05,2.1785497665405277e-05,1458.0,1286.0
1650164443,0.0,0.001135276,0.0,2.1964311599731445e-05,2.1785497665405277e-05,1458.0,1286.0
1650164444,0.0,0.0010105185,0.0,2.1964311599731445e-05,2.1785497665405277e-05,1367.0,1619.5
1650164445,0.0,0.001327956,0.0,2.1964311599731445e-05,2.1785497665405277e-05,1845.0,1740.0
1650164446,0.0,0.000510754,0.0,2.1964311599731445e-05,2.1785497665405277e-05,730.0,775.0
1650164447,0.0,0.000510754,0.0,2.1964311599731445e-05,2.1785497665405277e-05,730.0,775.0
1650164448,0.0,0.001007731,0.0,2.1964311599731445e-05,2.1785497665405277e-05,1460.0,1286.0
1650164449,0.0,0.001050014,0.0,2.1964311599731445e-05,2.1785497665405277e-05,1502.0,1328.0
1650164450,0.0,0.001050014,0.0,2.1964311599731445e-05,2.1785497665405277e-05,1502.0,1328.0
1650164451,0.0,0.0002377625,0.0,2.1964311599731445e-05,2.1785497665405277e-05,365.0,321.5
1650164452,0.0,0.0002377625,0.0,2.1964311599731445e-05,2.1785497665405277e-05,365.0,321.5
1650164453,0.005,0.0018960685,0.0,2.1964311599731445e-05,2.1785497665405277e-05,2919.0,2572.0
1650164454,0.0,0.001704626,0.0,2.16066837310791e-05,2.142786979675293e-05,2454.0,2522.0
1650164455,0.0,0.001704626,0.0,2.16066837310791e-05,2.142786979675293e-05,2454.0,2522.0
1650164456,0.0,0.000827355,0.0,2.1964311599731445e-05,2.1785497665405277e-05,1061.5,944.0
1650164457,0.0,0.00102848,0.0,2.1964311599731445e-05,2.1785497665405277e-05,1458.0,1550.0
1650164458,0.0,0.002437759,0.0,2.1964311599731445e-05,2.1785497665405277e-05,3648.0,3215.0
1650164459,0.0,0.002437759,0.0,2.1964311599731445e-05,2.1785497665405277e-05,3648.0,3215.0
