timestamp,cpu_usage_system,cpu_usage_total,cpu_usage_user,memory_usage,memory_working_set,rx_bytes,tx_bytes
1650163049,0.005,0.000544256,0.0,1.9788742065429688e-05,1.963973045349121e-05,653.0,384.0
1650163050,0.005,0.000544256,0.0,1.9788742065429688e-05,1.963973045349121e-05,653.0,384.0
1650163051,0.005,0.000544256,0.0,1.996755599975586e-05,1.9818544387817383e-05,653.0,384.0
1650163052,0.005,0.000544256,0.0,1.996755599975586e-05,1.9818544387817383e-05,653.0,384.0
1650163053,0.0,7.25295e-05,0.0,1.996755599975586e-05,1.9818544387817383e-05,130.5,84.0
1650163054,0.0,7.25295e-05,0.0,1.996755599975586e-05,1.9818544387817383e-05,130.5,84.0
1650163055,0.0,0.0003798725,0.0,1.996755599975586e-05,1.9818544387817383e-05,522.0,387.0
1650163056,0.0,0.000254336,0.0,1.996755599975586e-05,1.9818544387817383e-05,522.0,204.0
1650163057,0.0,0.000112637,0.0,1.996755599975586e-05,1.9818544387817383e-05,261.0,102.0
1650163058,0.0,0.000112637,0.0,1.996755599975586e-05,1.9818544387817383e-05,261.0,102.0
1650163059,0.0,0.000184369,0.0,1.996755599975586e-05,1.9818544387817383e-05,412.0,174.0
1650163060,0.0,0.00050049,0.0,1.9788742065429688e-05,1.963973045349121e-05,914.0,306.0
1650163061,0.0,0.00050049,0.0,1.9788742065429688e-05,1.963973045349121e-05,914.0,306.0
1650163062,0.0,0.000314483,0.0,1.996755599975586e-05,1.9818544387817383e-05,523.5,300.0
1650163063,0.0,0.000283327,0.0,1.996755599975586e-05,1.9818544387817383e-05,521.0,336.0
1650163064,0.0,0.000283327,0.0,1.996755599975586e-05,1.9818544387817383e-05,521.0,336.0
1650163065,0.005,0.0004079785,0.0,1.996755599975586e-05,1.9818544387817383e-05,521.5,337.0
1650163066,0.0,0.000114428,0.0,1.996755599975586e-05,1.9818544387817383e-05,260.0,102.0
1650163067,0.0,0.000114428,0.0,1.996755599975586e-05,1.9818544387817383e-05,260.0,102.0
1650163068,0.0,0.000290507,0.0,1.996755599975586e-05,1.9818544387817383e-05,521.5,204.0
1650163069,0.0,0.00054688,0.0,1.996755599975586e-05,1.9818544387817383e-05,1044.0,408.0
1650163070,0.0,0.000263809,0.0,1.996755599975586e-05,1.9818544387817383e-05,522.0,204.0
1650163071,0.0,0.000263809,0.0,1.996755599975586e-05,1.9818544387817383e-05,522.0,204.0
1650163072,0.0,0.000474381,0.0,1.996755599975586e-05,1.9818544387817383e-05,719.5,318.0
1650163073,0.0,0.000474381,0.0,1.996755599975586e-05,1.9818544387817383e-05,719.5,318.0
1650163074,0.0,0.0003016025,0.0,1.996755599975586e-05,1.9818544387817383e-05,390.5,484.0
1650163075,0.0,0.000260936,0.0,1.996755599975586e-05,1.9818544387817383e-05,654.0,336.0
1650163076,0.0,0.000260936,0.0,1.996755599975586e-05,1.9818544387817383e-05,654.0,336.0
1650163077,0.0,0.000183821,0.005,1.996755599975586e-05,1.9818544387817383e-05,260.5,102.0
1650163078,0.0,0.000302003,0.0,1.996755599975586e-05,1.9818544387817383e-05,522.0,204.0
1650163079,0.0,0.000302003,0.0,1.996755599975586e-05,1.9818544387817383e-05,522.0,204.0
1650163080,0.0,0.000212556,0.0,1.996755599975586e-05,1.9818544387817383e-05,391.5,153.0
1650163081,0.0,0.000212556,0.0,1.996755599975586e-05,1.9818544387817383e-05,391.5,153.0
1650163082,0.0,0.000310998,0.0,1.996755599975586e-05,1.9818544387817383e-05,583.5,248.0
1650163083,0.0,0.000878766,0.0,1.996755599975586e-05,1.9818544387817383e-05,1054.0,979.0
1650163084,0.0,0.000878766,0.0,1.996755599975586e-05,1.9818544387817383e-05,1054.0,979.0
1650163085,0.0,0.0002225845,0.0,1.996755599975586e-05,1.9818544387817383e-05,391.0,219.0
1650163086,0.0,0.000146077,0.0,1.996755599975586e-05,1.9818544387817383e-05,261.0,102.0
1650163087,0.0,0.000146077,0.0,1.996755599975586e-05,1.9818544387817383e-05,261.0,102.0
1650163088,0.0,0.0002284255,0.0,1.996755599975586e-05,1.9818544387817383e-05,391.5,153.0
1650163089,0.0,0.0002284255,0.0,1.996755599975586e-05,1.9818544387817383e-05,391.5,153.0
1650163090,0.0,0.0001673445,0.0,1.996755599975586e-05,1.9818544387817383e-05,282.0,123.0
1650163091,0.0,0.0001673445,0.0,1.996755599975586e-05,1.9818544387817383e-05,282.0,123.0
1650163092,0.0,0.000259707,0.0,1.996755599975586e-05,1.9818544387817383e-05,453.5,197.0
1650163093,0.0,0.000553158,0.0,1.9788742065429688e-05,1.963973045349121e-05,915.0,306.0
1650163094,0.0,0.000553158,0.0,1.9788742065429688e-05,1.963973045349121e-05,915.0,306.0
1650163095,0.0,0.0002896445,0.0,1.996755599975586e-05,1.9818544387817383e-05,461.5,289.0
1650163096,0.0,0.000207744,0.0,1.996755599975586e-05,1.9818544387817383e-05,260.0,168.0
1650163097,0.0,0.000504608,0.0,1.996755599975586e-05,1.9818544387817383e-05,782.0,306.0
1650163098,0.0,0.000504608,0.0,1.996755599975586e-05,1.9818544387817383e-05,782.0,306.0
1650163099,0.0,0.0003563795,0.0,1.996755599975586e-05,1.9818544387817383e-05,390.5,153.0
1650163100,0.0,0.0003563795,0.0,1.996755599975586e-05,1.9818544387817383e-05,390.5,153.0
1650163101,0.005,0.0002084145,0.0,1.996755599975586e-05,1.9818544387817383e-05,391.5,153.0
1650163102,0.0,0.00066291,0.0,1.996755599975586e-05,1.9818544387817383e-05,1167.0,496.0
1650163103,0.0,0.000106941,0.0,1.996755599975586e-05,1.9818544387817383e-05,261.0,102.0
1650163104,0.0,0.000481383,0.0,1.9788742065429688e-05,1.963973045349121e-05,654.0,672.0
1650163105,0.0,0.000481383,0.0,1.9788742065429688e-05,1.963973045349121e-05,654.0,672.0
1650163106,0.0,0.000443929,0.0,1.996755599975586e-05,1.9818544387817383e-05,722.5,424.0
1650163107,0.0,0.000443929,0.0,1.996755599975586e-05,1.9818544387817383e-05,722.5,424.0
1650163108,0.0,0.000216088,0.0,1.996755599975586e-05,1.9818544387817383e-05,391.5,153.0
1650163109,0.0,0.000374602,0.0,1.996755599975586e-05,1.9818544387817383e-05,782.0,306.0
1650163110,0.0,0.00014374,0.0,1.996755599975586e-05,1.9818544387817383e-05,261.0,102.0
1650163111,0.0,0.00014374,0.0,1.996755599975586e-05,1.9818544387817383e-05,261.0,102.0
1650163112,0.0,0.0003292365,0.0,1.996755599975586e-05,1.9818544387817383e-05,584.0,248.0
1650163113,0.0,0.00011009,0.0,1.996755599975586e-05,1.9818544387817383e-05,260.0,102.0
1650163114,0.0,0.000402673,0.0,1.996755599975586e-05,1.9818544387817383e-05,522.0,573.0
1650163115,0.0,0.000599636,0.0,1.996755599975586e-05,1.9818544387817383e-05,793.0,344.0
1650163116,0.0,0.000599636,0.0,1.996755599975586e-05,1.9818544387817383e-05,793.0,344.0
1650163117,0.0,0.000294343,0.0,1.996755599975586e-05,1.9818544387817383e-05,391.0,252.0
1650163118,0.0,0.000272564,0.0,1.996755599975586e-05,1.9818544387817383e-05,522.0,204.0
1650163119,0.0,0.000383641,0.0,1.996755599975586e-05,1.9818544387817383e-05,824.0,348.0
1650163120,0.0,0.000383641,0.0,1.996755599975586e-05,1.9818544387817383e-05,824.0,348.0
1650163121,0.0,0.0003449445,0.0,1.996755599975586e-05,1.9818544387817383e-05,584.0,248.0
1650163122,0.0,0.000297181,0.0,1.996755599975586e-05,1.9818544387817383e-05,522.0,204.0
1650163123,0.0,0.000297181,0.0,1.996755599975586e-05,1.9818544387817383e-05,522.0,204.0
1650163124,0.0,0.0002784045,0.0,1.996755599975586e-05,1.9818544387817383e-05,391.5,385.5
1650163125,0.0,0.0002784045,0.0,1.996755599975586e-05,1.9818544387817383e-05,391.5,385.5
1650163126,0.0,0.0002566365,0.0,1.9788742065429688e-05,1.963973045349121e-05,457.0,153.0
1650163127,0.0,0.000480751,0.0,1.996755599975586e-05,1.9818544387817383e-05,661.0,410.0
1650163128,0.0,0.000480751,0.0,1.996755599975586e-05,1.9818544387817383e-05,661.0,410.0
1650163129,0.0,0.000327774,0.0,1.996755599975586e-05,1.9818544387817383e-05,521.0,270.0
1650163130,0.0,0.000315343,0.0,1.996755599975586e-05,1.9818544387817383e-05,521.0,204.0
1650163131,0.0,0.000531361,0.01,1.996755599975586e-05,1.9818544387817383e-05,907.0,394.0
1650163132,0.0,0.000531361,0.01,1.996755599975586e-05,1.9818544387817383e-05,907.0,394.0
1650163133,0.005,0.000283522,0.0,1.996755599975586e-05,1.9818544387817383e-05,521.0,204.0
1650163134,0.0,0.000642601,0.0,1.996755599975586e-05,1.9818544387817383e-05,781.0,868.0
1650163135,0.0,0.000642601,0.0,1.996755599975586e-05,1.9818544387817383e-05,781.0,868.0
1650163136,0.0,0.0002695215,0.0,1.9788742065429688e-05,1.963973045349121e-05,588.0,204.0
1650163137,0.0,0.0002695215,0.0,1.9788742065429688e-05,1.963973045349121e-05,588.0,204.0
1650163138,0.0,0.000328119,0.0,1.996755599975586e-05,1.9818544387817383e-05,461.5,289.0
1650163139,0.0,0.000255516,0.0,1.996755599975586e-05,1.9818544387817383e-05,522.0,270.0
1650163140,0.0,0.000301828,0.0,1.996755599975586e-05,1.9818544387817383e-05,522.0,204.0
1650163141,0.0,0.000301828,0.0,1.996755599975586e-05,1.9818544387817383e-05,522.0,204.0
1650163142,0.0,0.0004198715,0.0,1.996755599975586e-05,1.9818544387817383e-05,583.5,248.0
1650163143,0.0,0.000438881,0.0,1.996755599975586e-05,1.9818544387817383e-05,783.0,306.0
1650163144,0.0,0.000438881,0.0,1.996755599975586e-05,1.9818544387817383e-05,783.0,306.0
1650163145,0.0,0.000329447,0.0,1.996755599975586e-05,1.9818544387817383e-05,391.5,435.5
1650163146,0.0,0.000303894,0.0,1.996755599975586e-05,1.9818544387817383e-05,520.0,204.0
1650163147,0.0,0.000399631,0.0,1.9788742065429688e-05,1.963973045349121e-05,653.0,204.0
1650163148,0.0,0.000399631,0.0,1.9788742065429688e-05,1.963973045349121e-05,653.0,204.0
1650163149,0.0,0.000328017,0.0,1.996755599975586e-05,1.9818544387817383e-05,482.5,310.0
1650163150,0.0,0.000246905,0.0,1.996755599975586e-05,1.9818544387817383e-05,522.0,270.0
1650163151,0.0,0.000246905,0.0,1.996755599975586e-05,1.9818544387817383e-05,522.0,270.0
1650163152,0.0,0.000352056,0.0,1.996755599975586e-05,1.9818544387817383e-05,583.5,248.0
1650163153,0.0,0.000352056,0.0,1.996755599975586e-05,1.9818544387817383e-05,583.5,248.0
1650163154,0.0,0.000272357,0.0,1.996755599975586e-05,1.9818544387817383e-05,260.5,433.5
1650163155,0.0,0.000298937,0.0,1.996755599975586e-05,1.9818544387817383e-05,522.0,204.0
1650163156,0.0,0.000298937,0.0,1.996755599975586e-05,1.9818544387817383e-05,522.0,204.0
1650163157,0.0,0.000316235,0.0,1.996755599975586e-05,1.9818544387817383e-05,522.0,204.0
1650163158,0.0,0.000393561,0.0,1.996755599975586e-05,1.9818544387817383e-05,783.0,306.0
1650163159,0.0,0.000393561,0.0,1.996755599975586e-05,1.9818544387817383e-05,783.0,306.0
1650163160,0.0,0.0002512935,0.0,1.996755599975586e-05,1.9818544387817383e-05,397.0,172.0
1650163161,0.0,0.0002512935,0.0,1.996755599975586e-05,1.9818544387817383e-05,397.0,172.0
1650163162,0.0,0.00022563,0.0,1.996755599975586e-05,1.9818544387817383e-05,453.5,263.0
1650163163,0.0,0.000173571,0.0,1.996755599975586e-05,1.9818544387817383e-05,260.0,168.0
1650163164,0.0,0.000173571,0.0,1.996755599975586e-05,1.9818544387817383e-05,260.0,168.0
1650163165,0.0,0.000426698,0.0,1.996755599975586e-05,1.9818544387817383e-05,652.0,488.0
1650163166,0.0,0.000443137,0.0,1.996755599975586e-05,1.9818544387817383e-05,783.0,306.0
1650163167,0.0,0.000443137,0.0,1.996755599975586e-05,1.9818544387817383e-05,783.0,306.0
1650163168,0.0,0.00030877,0.0,1.996755599975586e-05,1.9818544387817383e-05,522.0,204.0
1650163169,0.0,0.000313217,0.0,1.996755599975586e-05,1.9818544387817383e-05,521.0,204.0
1650163170,0.0,0.000728627,0.0,1.996755599975586e-05,1.9818544387817383e-05,1316.0,614.0
1650163171,0.0,0.000728627,0.0,1.996755599975586e-05,1.9818544387817383e-05,1316.0,614.0
1650163172,0.0,0.000345121,0.0,1.996755599975586e-05,1.9818544387817383e-05,714.0,365.0
1650163173,0.0,0.000345121,0.0,1.996755599975586e-05,1.9818544387817383e-05,714.0,365.0
1650163174,0.005,0.00037339,0.0,1.996755599975586e-05,1.9818544387817383e-05,391.5,436.0
1650163175,0.005,0.00037339,0.0,1.996755599975586e-05,1.9818544387817383e-05,391.5,436.0
1650163176,0.0,0.0002330585,0.0,1.996755599975586e-05,1.9818544387817383e-05,391.5,153.0
1650163177,0.0,0.000552696,0.0,1.996755599975586e-05,1.9818544387817383e-05,780.0,306.0
1650163178,0.0,0.000552696,0.0,1.996755599975586e-05,1.9818544387817383e-05,780.0,306.0
1650163179,0.0,0.0003390375,0.0,1.996755599975586e-05,1.9818544387817383e-05,542.5,225.0
1650163180,0.0,0.0003390375,0.0,1.996755599975586e-05,1.9818544387817383e-05,542.5,225.0
1650163181,0.0,0.000624358,0.0,1.996755599975586e-05,1.9818544387817383e-05,849.5,369.0
1650163182,0.0,0.000288751,0.0,1.996755599975586e-05,1.9818544387817383e-05,522.0,336.0
1650163183,0.0,0.000305985,0.0,1.996755599975586e-05,1.9818544387817383e-05,522.0,270.0
1650163184,0.0,0.000305985,0.0,1.996755599975586e-05,1.9818544387817383e-05,522.0,270.0
1650163185,0.0,0.0006231725,0.0,1.996755599975586e-05,1.9818544387817383e-05,911.0,537.5
1650163186,0.0,0.000538626,0.01,1.996755599975586e-05,1.9818544387817383e-05,782.0,306.0
1650163187,0.0,0.000538626,0.01,1.996755599975586e-05,1.9818544387817383e-05,782.0,306.0
1650163188,0.0,0.0004786125,0.0,1.996755599975586e-05,1.9818544387817383e-05,652.0,255.0
1650163189,0.0,0.0004786125,0.0,1.996755599975586e-05,1.9818544387817383e-05,652.0,255.0
1650163190,0.0,0.000229376,0.0,1.996755599975586e-05,1.9818544387817383e-05,390.5,153.0
1650163191,0.0,0.000770855,0.0,1.996755599975586e-05,1.9818544387817383e-05,1179.0,534.0
1650163192,0.0,0.000770855,0.0,1.996755599975586e-05,1.9818544387817383e-05,1179.0,534.0
1650163193,0.0,7.8863e-05,0.0,1.996755599975586e-05,1.9818544387817383e-05,130.5,84.0
1650163194,0.0,0.000492913,0.0,1.996755599975586e-05,1.9818544387817383e-05,522.0,998.0
1650163195,0.0,0.000492913,0.0,1.996755599975586e-05,1.9818544387817383e-05,522.0,998.0
1650163196,0.0,0.000151235,0.0,1.996755599975586e-05,1.9818544387817383e-05,260.5,102.0
1650163197,0.0,0.0,0.0,1.996755599975586e-05,1.9818544387817383e-05,0.0,0.0
1650163198,0.0,0.0,0.0,1.996755599975586e-05,1.9818544387817383e-05,0.0,0.0
1650163199,0.0,0.0,0.0,1.996755599975586e-05,1.9818544387817383e-05,0.0,0.0
1650163200,0.0,0.0,0.0,1.996755599975586e-05,1.9818544387817383e-05,0.0,0.0
1650163201,0.0,0.0,0.0,1.996755599975586e-05,1.9818544387817383e-05,0.0,0.0
1650163202,0.0,0.0,0.0,1.996755599975586e-05,1.9818544387817383e-05,0.0,0.0
1650163203,0.0,0.0,0.0,1.996755599975586e-05,1.9818544387817383e-05,0.0,0.0
1650163204,0.0,0.0,0.0,1.996755599975586e-05,1.9818544387817383e-05,0.0,0.0
1650163205,0.0,0.0,0.0,1.996755599975586e-05,1.9818544387817383e-05,0.0,0.0
1650163206,0.0,0.0,0.0,1.996755599975586e-05,1.9818544387817383e-05,0.0,0.0
1650163207,0.0,0.0,0.0,1.996755599975586e-05,1.9818544387817383e-05,0.0,0.0
1650163208,0.0,4.162628571428572e-05,0.0,1.996755599975586e-05,1.9818544387817383e-05,55.0,27.142857142857142
1650163209,0.0,4.162628571428572e-05,0.0,1.996755599975586e-05,1.9818544387817383e-05,55.0,27.142857142857142
1650163210,0.0,0.0,0.0,1.996755599975586e-05,1.9818544387817383e-05,0.0,0.0
1650163211,0.0,0.0,0.0,1.996755599975586e-05,1.9818544387817383e-05,0.0,0.0
1650163212,0.0,0.0,0.0,1.996755599975586e-05,1.9818544387817383e-05,0.0,0.0
1650163213,0.0,0.000117277,0.0,1.996755599975586e-05,1.9818544387817383e-05,128.33333333333334,63.333333333333336
1650163214,0.0,0.000117277,0.0,1.996755599975586e-05,1.9818544387817383e-05,128.33333333333334,63.333333333333336
1650163215,0.0,0.0,0.0,1.996755599975586e-05,1.9818544387817383e-05,0.0,0.0
1650163216,0.0,0.0,0.0,1.996755599975586e-05,1.9818544387817383e-05,0.0,0.0
1650163217,0.0,0.0,0.0,1.996755599975586e-05,1.9818544387817383e-05,0.0,0.0
1650163218,0.0,0.0,0.0,1.996755599975586e-05,1.9818544387817383e-05,0.0,0.0
1650163219,0.0,0.0,0.0,1.996755599975586e-05,1.9818544387817383e-05,0.0,0.0
1650163220,0.0,0.0,0.0,1.996755599975586e-05,1.9818544387817383e-05,0.0,0.0
1650163221,0.0,0.0,0.0,1.996755599975586e-05,1.9818544387817383e-05,0.0,0.0
1650163222,0.0,0.0,0.0,1.996755599975586e-05,1.9818544387817383e-05,0.0,0.0
1650163223,0.0,0.0,0.0,1.996755599975586e-05,1.9818544387817383e-05,0.0,0.0
1650163224,0.0,6.42668e-05,0.0,1.996755599975586e-05,1.9818544387817383e-05,77.0,38.0
1650163225,0.0,6.42668e-05,0.0,1.996755599975586e-05,1.9818544387817383e-05,77.0,38.0
1650163226,0.0,0.0,0.0,1.996755599975586e-05,1.9818544387817383e-05,0.0,0.0
1650163227,0.0,0.0,0.0,1.996755599975586e-05,1.9818544387817383e-05,0.0,0.0
1650163228,0.0,0.0,0.0,1.996755599975586e-05,1.9818544387817383e-05,0.0,0.0
1650163229,0.0,0.0,0.0,1.996755599975586e-05,1.9818544387817383e-05,0.0,0.0
1650163230,0.0,0.0,0.0,1.996755599975586e-05,1.9818544387817383e-05,0.0,0.0
1650163231,0.0,0.0,0.0,1.996755599975586e-05,1.9818544387817383e-05,0.0,0.0
1650163232,0.0,0.0,0.0,1.996755599975586e-05,1.9818544387817383e-05,0.0,0.0
1650163233,0.0,6.5673e-05,0.0,1.996755599975586e-05,1.9818544387817383e-05,77.0,38.0
1650163234,0.0,6.5673e-05,0.0,1.996755599975586e-05,1.9818544387817383e-05,77.0,38.0
1650163235,0.0,0.0,0.0,1.996755599975586e-05,1.9818544387817383e-05,0.0,0.0
1650163236,0.0,0.0,0.0,1.996755599975586e-05,1.9818544387817383e-05,0.0,0.0
1650163237,0.0,0.0,0.0,1.996755599975586e-05,1.9818544387817383e-05,0.0,0.0
1650163238,0.0,0.0,0.0,1.996755599975586e-05,1.9818544387817383e-05,0.0,0.0
1650163239,0.0,0.0,0.0,1.996755599975586e-05,1.9818544387817383e-05,0.0,0.0
1650163240,0.0,0.0,0.0,1.996755599975586e-05,1.9818544387817383e-05,0.0,0.0
1650163241,0.0,0.0,0.0,1.996755599975586e-05,1.9818544387817383e-05,0.0,0.0
1650163242,0.0,0.0,0.0,1.996755599975586e-05,1.9818544387817383e-05,0.0,0.0
1650163243,0.0,0.0,0.0,1.996755599975586e-05,1.9818544387817383e-05,0.0,0.0
1650163244,0.0,0.0,0.0,1.996755599975586e-05,1.9818544387817383e-05,0.0,0.0
1650163245,0.0,0.0,0.0,1.996755599975586e-05,1.9818544387817383e-05,0.0,0.0
1650163246,0.0,4.2075428571428576e-05,0.0,1.996755599975586e-05,1.9818544387817383e-05,55.0,27.142857142857142
1650163247,0.0,4.2075428571428576e-05,0.0,1.996755599975586e-05,1.9818544387817383e-05,55.0,27.142857142857142
1650163248,0.0,0.0,0.0,1.996755599975586e-05,1.9818544387817383e-05,0.0,0.0
1650163249,0.0,0.0,0.0,1.996755599975586e-05,1.9818544387817383e-05,0.0,0.0
1650163250,0.0,0.0,0.0,1.996755599975586e-05,1.9818544387817383e-05,0.0,0.0
1650163251,0.0,5.737066666666666e-05,0.0,1.996755599975586e-05,1.9818544387817383e-05,128.33333333333334,63.333333333333336
1650163252,0.0,0.0,0.0,1.996755599975586e-05,1.9818544387817383e-05,0.0,0.0
1650163253,0.0,0.0,0.0,1.996755599975586e-05,1.9818544387817383e-05,0.0,0.0
1650163254,0.0,0.0,0.0,1.996755599975586e-05,1.9818544387817383e-05,0.0,0.0
1650163255,0.0,0.0,0.0,1.996755599975586e-05,1.9818544387817383e-05,0.0,0.0
1650163256,0.0,8.39775e-06,0.0,1.996755599975586e-05,1.9818544387817383e-05,0.0,0.0
1650163257,0.0,8.39775e-06,0.0,1.996755599975586e-05,1.9818544387817383e-05,0.0,0.0
1650163258,0.0,0.0,0.0,1.996755599975586e-05,1.9818544387817383e-05,0.0,0.0
1650163259,0.0,0.0,0.0,1.996755599975586e-05,1.9818544387817383e-05,0.0,0.0
1650163260,0.0,0.0,0.0,1.996755599975586e-05,1.9818544387817383e-05,0.0,0.0
1650163261,0.0,0.000103792,0.0,1.996755599975586e-05,1.9818544387817383e-05,128.33333333333334,63.333333333333336
1650163262,0.0,0.0,0.0,1.996755599975586e-05,1.9818544387817383e-05,0.0,0.0
1650163263,0.0,0.0,0.0,1.996755599975586e-05,1.9818544387817383e-05,0.0,0.0
1650163264,0.0,0.0,0.0,1.996755599975586e-05,1.9818544387817383e-05,0.0,0.0
1650163265,0.0,1.176e-05,0.0,1.996755599975586e-05,1.9818544387817383e-05,0.0,0.0
1650163266,0.0,0.0,0.0,1.996755599975586e-05,1.9818544387817383e-05,0.0,0.0
1650163267,0.0,0.0,0.0,1.996755599975586e-05,1.9818544387817383e-05,0.0,0.0
1650163268,0.0,0.0,0.0,1.996755599975586e-05,1.9818544387817383e-05,0.0,0.0
1650163269,0.0,0.0,0.0,1.996755599975586e-05,1.9818544387817383e-05,0.0,0.0
1650163270,0.0,0.0,0.0,1.996755599975586e-05,1.9818544387817383e-05,0.0,0.0
1650163271,0.0,0.0,0.0,1.996755599975586e-05,1.9818544387817383e-05,0.0,0.0
1650163272,0.0,0.0,0.0,1.996755599975586e-05,1.9818544387817383e-05,0.0,0.0
1650163273,0.0,4.66678e-05,0.0,1.996755599975586e-05,1.9818544387817383e-05,77.0,38.0
1650163274,0.0,4.66678e-05,0.0,1.996755599975586e-05,1.9818544387817383e-05,77.0,38.0
1650163275,0.0,2.9707e-05,0.0,1.996755599975586e-05,1.9818544387817383e-05,0.0,0.0
1650163276,0.0,2.9707e-05,0.0,1.996755599975586e-05,1.9818544387817383e-05,0.0,0.0
1650163277,0.0,0.0,0.0,1.996755599975586e-05,1.9818544387817383e-05,0.0,0.0
1650163278,0.0,0.0,0.0,1.996755599975586e-05,1.9818544387817383e-05,0.0,0.0
1650163279,0.0,0.0,0.0,1.996755599975586e-05,1.9818544387817383e-05,0.0,0.0
1650163280,0.0,0.0,0.0,1.996755599975586e-05,1.9818544387817383e-05,0.0,0.0
1650163281,0.0,0.0,0.0,1.996755599975586e-05,1.9818544387817383e-05,0.0,0.0
1650163282,0.0,0.0,0.0,1.996755599975586e-05,1.9818544387817383e-05,0.0,0.0
1650163283,0.0,8.581175e-05,0.0,1.996755599975586e-05,1.9818544387817383e-05,96.25,47.5
1650163284,0.0,8.581175e-05,0.0,1.996755599975586e-05,1.9818544387817383e-05,96.25,47.5
1650163285,0.0,0.0,0.0,1.996755599975586e-05,1.9818544387817383e-05,0.0,0.0
1650163286,0.0,0.0,0.0,1.996755599975586e-05,1.9818544387817383e-05,0.0,0.0
1650163287,0.0,0.0,0.0,1.996755599975586e-05,1.9818544387817383e-05,0.0,0.0
1650163288,0.0,0.0,0.0,1.996755599975586e-05,1.9818544387817383e-05,0.0,0.0
1650163289,0.0,0.0,0.0,1.996755599975586e-05,1.9818544387817383e-05,0.0,0.0
1650163290,0.0,0.0,0.0,1.996755599975586e-05,1.9818544387817383e-05,0.0,0.0
1650163291,0.0,0.0,0.0,1.996755599975586e-05,1.9818544387817383e-05,0.0,0.0
1650163292,0.0,7.266739999999999e-05,0.0,1.996755599975586e-05,1.9818544387817383e-05,77.0,38.0
1650163293,0.0,0.0,0.0,1.996755599975586e-05,1.9818544387817383e-05,0.0,0.0
1650163294,0.0,0.0,0.0,1.996755599975586e-05,1.9818544387817383e-05,0.0,0.0
1650163295,0.0,1.7647e-05,0.0,1.996755599975586e-05,1.9818544387817383e-05,0.0,0.0
1650163296,0.0,1.7647e-05,0.0,1.996755599975586e-05,1.9818544387817383e-05,0.0,0.0
1650163297,0.0,0.0,0.0,1.996755599975586e-05,1.9818544387817383e-05,0.0,0.0
1650163298,0.0,0.0,0.0,1.996755599975586e-05,1.9818544387817383e-05,0.0,0.0
1650163299,0.0,0.0,0.0,1.996755599975586e-05,1.9818544387817383e-05,0.0,0.0
1650163300,0.0,0.0,0.0,1.996755599975586e-05,1.9818544387817383e-05,0.0,0.0
1650163301,0.0,0.0,0.0,1.996755599975586e-05,1.9818544387817383e-05,0.0,0.0
1650163302,0.0,0.0,0.0,1.996755599975586e-05,1.9818544387817383e-05,0.0,0.0
1650163303,0.0,7.541925e-05,0.0,1.996755599975586e-05,1.9818544387817383e-05,96.25,47.5
1650163304,0.0,7.541925e-05,0.0,1.996755599975586e-05,1.9818544387817383e-05,96.25,47.5
1650163305,0.0,2.08135e-05,0.0,1.996755599975586e-05,1.9818544387817383e-05,0.0,0.0
1650163306,0.0,2.08135e-05,0.0,1.996755599975586e-05,1.9818544387817383e-05,0.0,0.0
1650163307,0.0,0.0,0.0,1.996755599975586e-05,1.9818544387817383e-05,0.0,0.0
1650163308,0.0,0.0,0.0,1.996755599975586e-05,1.9818544387817383e-05,0.0,0.0
1650163309,0.0,0.0,0.0,1.996755599975586e-05,1.9818544387817383e-05,0.0,0.0
1650163310,0.0,0.0,0.0,1.996755599975586e-05,1.9818544387817383e-05,0.0,0.0
1650163311,0.0,0.0,0.0,1.996755599975586e-05,1.9818544387817383e-05,0.0,0.0
1650163312,0.0,0.0,0.0,1.996755599975586e-05,1.9818544387817383e-05,0.0,0.0
1650163313,0.0,0.0,0.0,1.996755599975586e-05,1.9818544387817383e-05,0.0,0.0
1650163314,0.0,0.0,0.0,1.996755599975586e-05,1.9818544387817383e-05,0.0,0.0
1650163315,0.0,0.0,0.0,1.996755599975586e-05,1.9818544387817383e-05,0.0,0.0
1650163316,0.0,0.0,0.0,1.996755599975586e-05,1.9818544387817383e-05,0.0,0.0
1650163317,0.0,3.8517875e-05,0.0,1.996755599975586e-05,1.9818544387817383e-05,48.125,23.75
1650163318,0.0,3.8517875e-05,0.0,1.996755599975586e-05,1.9818544387817383e-05,48.125,23.75
1650163319,0.0,0.0,0.0,1.996755599975586e-05,1.9818544387817383e-05,0.0,0.0
1650163320,0.0,0.0,0.0,1.996755599975586e-05,1.9818544387817383e-05,0.0,0.0
1650163321,0.0,0.000150024,0.0,1.996755599975586e-05,1.9818544387817383e-05,192.5,95.0
1650163322,0.0,0.000150024,0.0,1.996755599975586e-05,1.9818544387817383e-05,192.5,95.0
1650163323,0.0,0.0,0.0,1.996755599975586e-05,1.9818544387817383e-05,0.0,0.0
1650163324,0.0,0.0,0.0,1.996755599975586e-05,1.9818544387817383e-05,0.0,0.0
1650163325,0.0,0.0,0.0,1.996755599975586e-05,1.9818544387817383e-05,0.0,0.0
1650163326,0.0,1.2162666666666666e-05,0.0,1.996755599975586e-05,1.9818544387817383e-05,0.0,0.0
1650163327,0.0,1.2162666666666666e-05,0.0,1.996755599975586e-05,1.9818544387817383e-05,0.0,0.0
1650163328,0.0,0.0001531245,0.0,1.9788742065429688e-05,1.963973045349121e-05,196.5,51.0
1650163329,0.0,0.0001531245,0.0,1.9788742065429688e-05,1.963973045349121e-05,196.5,51.0
1650163330,0.0,0.0005580295,0.0,1.996755599975586e-05,1.9818544387817383e-05,722.0,424.0
1650163331,0.0,0.0005580295,0.0,1.996755599975586e-05,1.9818544387817383e-05,722.0,424.0
1650163332,0.0,0.000227687,0.0,1.996755599975586e-05,1.9818544387817383e-05,323.0,146.0
1650163333,0.0,0.000461046,0.0,1.996755599975586e-05,1.9818544387817383e-05,519.0,204.0
1650163334,0.0,0.000461046,0.0,1.996755599975586e-05,1.9818544387817383e-05,519.0,204.0
1650163335,0.0,0.0004158435,0.0,1.996755599975586e-05,1.9818544387817383e-05,522.0,486.5
1650163336,0.0,0.000443558,0.0,1.996755599975586e-05,1.9818544387817383e-05,783.0,306.0
1650163337,0.0,0.000158656,0.0,1.996755599975586e-05,1.9818544387817383e-05,261.0,102.0
1650163338,0.0,0.000294649,0.0,1.996755599975586e-05,1.9818544387817383e-05,522.0,204.0
1650163339,0.0,0.000294649,0.0,1.996755599975586e-05,1.9818544387817383e-05,522.0,204.0
1650163340,0.0,0.0002562215,0.0,1.9788742065429688e-05,1.963973045349121e-05,347.0,123.0
1650163341,0.0,0.0002562215,0.0,1.9788742065429688e-05,1.963973045349121e-05,347.0,123.0
1650163342,0.0,0.000426054,0.0,1.996755599975586e-05,1.9818544387817383e-05,523.5,300.0
1650163343,0.0,0.000634236,0.0,1.996755599975586e-05,1.9818544387817383e-05,782.0,804.0
1650163344,0.0,0.000634236,0.0,1.996755599975586e-05,1.9818544387817383e-05,782.0,804.0
1650163345,0.0,0.0002694535,0.0,1.996755599975586e-05,1.9818544387817383e-05,391.5,153.0
1650163346,0.0,0.0002694535,0.0,1.996755599975586e-05,1.9818544387817383e-05,391.5,153.0
1650163347,0.0,7.2564e-05,0.0,1.996755599975586e-05,1.9818544387817383e-05,130.5,51.0
1650163348,0.0,7.2564e-05,0.0,1.996755599975586e-05,1.9818544387817383e-05,130.5,51.0
1650163349,0.0,0.0003446995,0.0,1.996755599975586e-05,1.9818544387817383e-05,522.0,204.0
1650163350,0.0,0.000760057,0.0,1.9788742065429688e-05,1.963973045349121e-05,1174.0,408.0
1650163351,0.0,0.000760057,0.0,1.9788742065429688e-05,1.963973045349121e-05,1174.0,408.0
1650163352,0.0,0.000388601,0.0,1.996755599975586e-05,1.9818544387817383e-05,523.5,300.0
1650163353,0.0,0.000249915,0.0,1.996755599975586e-05,1.9818544387817383e-05,260.0,168.0
1650163354,0.0,0.000469565,0.0,1.996755599975586e-05,1.9818544387817383e-05,522.0,735.0
1650163355,0.0,0.000469565,0.0,1.996755599975586e-05,1.9818544387817383e-05,522.0,735.0
1650163356,0.0,0.0001733945,0.0,1.996755599975586e-05,1.9818544387817383e-05,261.0,102.0
1650163357,0.0,0.000370592,0.0,1.996755599975586e-05,1.9818544387817383e-05,522.0,204.0
1650163358,0.0,0.000408919,0.0,1.996755599975586e-05,1.9818544387817383e-05,520.0,204.0
1650163359,0.0,0.000408919,0.0,1.996755599975586e-05,1.9818544387817383e-05,520.0,204.0
1650163360,0.0,0.0,0.0,1.996755599975586e-05,1.9818544387817383e-05,0.0,0.0
1650163361,0.0,0.0,0.0,1.996755599975586e-05,1.9818544387817383e-05,0.0,0.0
1650163362,0.0,0.0002617155,0.0,1.9788742065429688e-05,1.963973045349121e-05,389.0,146.0
1650163363,0.0,0.0002617155,0.0,1.9788742065429688e-05,1.963973045349121e-05,389.0,146.0
1650163364,0.0,0.000338233,0.0,1.996755599975586e-05,1.9818544387817383e-05,331.0,438.5
1650163365,0.0,0.0,0.0,1.996755599975586e-05,1.9818544387817383e-05,0.0,0.0
1650163366,0.0,0.0,0.0,1.996755599975586e-05,1.9818544387817383e-05,0.0,0.0
1650163367,0.0,7.2708e-05,0.0,1.996755599975586e-05,1.9818544387817383e-05,130.5,84.0
1650163368,0.0,7.2708e-05,0.0,1.996755599975586e-05,1.9818544387817383e-05,130.5,84.0
1650163369,0.0,7.3429e-05,0.0,1.996755599975586e-05,1.9818544387817383e-05,130.5,84.0
1650163370,0.0,7.3429e-05,0.0,1.996755599975586e-05,1.9818544387817383e-05,130.5,84.0
1650163371,0.0,0.0002170915,0.0,1.996755599975586e-05,1.9818544387817383e-05,323.0,146.0
1650163372,0.0,0.0,0.0,1.996755599975586e-05,1.9818544387817383e-05,0.0,0.0
1650163373,0.0,0.0,0.0,1.996755599975586e-05,1.9818544387817383e-05,0.0,0.0
1650163374,0.0,0.0,0.0,1.996755599975586e-05,1.9818544387817383e-05,0.0,0.0
1650163375,0.0,9.595133333333332e-05,0.0,1.9788742065429688e-05,1.963973045349121e-05,131.0,34.0
1650163376,0.0,0.0,0.0,1.9788742065429688e-05,1.963973045349121e-05,0.0,0.0
1650163377,0.0,0.0,0.0,1.9788742065429688e-05,1.963973045349121e-05,0.0,0.0
1650163378,0.0,0.0,0.0,1.9788742065429688e-05,1.963973045349121e-05,0.0,0.0
1650163379,0.0,0.0,0.0,1.9788742065429688e-05,1.963973045349121e-05,0.0,0.0
1650163380,0.0,8.5561e-05,0.0,1.996755599975586e-05,1.9818544387817383e-05,100.25,60.5
1650163381,0.0,0.000369579,0.0,1.996755599975586e-05,1.9818544387817383e-05,646.0,358.0
1650163382,0.0,0.0,0.0,1.996755599975586e-05,1.9818544387817383e-05,0.0,0.0
1650163383,0.0,0.0,0.0,1.996755599975586e-05,1.9818544387817383e-05,0.0,0.0
1650163384,0.0,0.0,0.0,1.996755599975586e-05,1.9818544387817383e-05,0.0,0.0
1650163385,0.0,0.0,0.0,1.996755599975586e-05,1.9818544387817383e-05,0.0,0.0
1650163386,0.0,0.00023170825,0.0,1.996755599975586e-05,1.9818544387817383e-05,358.75,193.5
1650163387,0.0,0.000157768,0.0,1.996755599975586e-05,1.9818544387817383e-05,261.0,102.0
1650163388,0.0,0.0,0.0,1.996755599975586e-05,1.9818544387817383e-05,0.0,0.0
1650163389,0.0,0.0,0.0,1.996755599975586e-05,1.9818544387817383e-05,0.0,0.0
1650163390,0.0,0.0,0.0,1.996755599975586e-05,1.9818544387817383e-05,0.0,0.0
1650163391,0.0,0.0,0.0,1.996755599975586e-05,1.9818544387817383e-05,0.0,0.0
1650163392,0.0,0.00024676575,0.0,1.996755599975586e-05,1.9818544387817383e-05,294.75,133.5
1650163393,0.0,0.000146282,0.0,1.996755599975586e-05,1.9818544387817383e-05,260.0,168.0
1650163394,0.0,0.000146282,0.0,1.996755599975586e-05,1.9818544387817383e-05,260.0,168.0
1650163395,0.0,9.2757e-05,0.0,1.996755599975586e-05,1.9818544387817383e-05,0.0,132.5
1650163396,0.0,0.0,0.0,1.996755599975586e-05,1.9818544387817383e-05,0.0,0.0
1650163397,0.0,0.0,0.0,1.996755599975586e-05,1.9818544387817383e-05,0.0,0.0
1650163398,0.0,0.0,0.0,1.996755599975586e-05,1.9818544387817383e-05,0.0,0.0
1650163399,0.0,0.0,0.0,1.996755599975586e-05,1.9818544387817383e-05,0.0,0.0
1650163400,0.0,5.688125e-05,0.0,1.996755599975586e-05,1.9818544387817383e-05,75.75,52.5
1650163401,0.0,0.000263523,0.0,1.996755599975586e-05,1.9818544387817383e-05,385.0,190.0
1650163402,0.0,0.000263523,0.0,1.996755599975586e-05,1.9818544387817383e-05,385.0,190.0
1650163403,0.0,0.0003124025,0.0,1.996755599975586e-05,1.9818544387817383e-05,397.0,205.0
1650163404,0.0,0.000164067,0.0,1.996755599975586e-05,1.9818544387817383e-05,0.0,267.0
1650163405,0.0,0.000164067,0.0,1.996755599975586e-05,1.9818544387817383e-05,0.0,267.0
1650163406,0.0,8.34865e-05,0.0,1.996755599975586e-05,1.9818544387817383e-05,130.5,84.0
1650163407,0.0,0.000177555,0.0,1.996755599975586e-05,1.9818544387817383e-05,261.0,168.0
1650163408,0.0,0.000177555,0.0,1.996755599975586e-05,1.9818544387817383e-05,261.0,168.0
1650163409,0.0,7.4017e-05,0.0,1.996755599975586e-05,1.9818544387817383e-05,130.5,84.0
1650163410,0.0,7.4017e-05,0.0,1.996755599975586e-05,1.9818544387817383e-05,130.5,84.0
1650163411,0.0,7.13385e-05,0.0,1.996755599975586e-05,1.9818544387817383e-05,130.5,51.0
1650163412,0.0,0.000449222,0.0,1.996755599975586e-05,1.9818544387817383e-05,646.0,292.0
1650163413,0.0,0.000257123,0.0,1.9788742065429688e-05,1.963973045349121e-05,393.0,102.0
1650163414,0.0,3.6818e-05,0.0,1.9788742065429688e-05,1.963973045349121e-05,0.0,0.0
1650163415,0.0,3.6818e-05,0.0,1.9788742065429688e-05,1.963973045349121e-05,0.0,0.0
1650163416,0.0,0.0,0.0,1.9788742065429688e-05,1.963973045349121e-05,0.0,0.0
1650163417,0.0,0.0,0.0,1.9788742065429688e-05,1.963973045349121e-05,0.0,0.0
1650163418,0.0,0.0,0.0,1.9788742065429688e-05,1.963973045349121e-05,0.0,0.0
1650163419,0.0,0.0,0.0,1.9788742065429688e-05,1.963973045349121e-05,0.0,0.0
1650163420,0.0,8.800775e-05,0.0,1.996755599975586e-05,1.9818544387817383e-05,100.25,60.5
1650163421,0.0,0.000264993,0.0,1.996755599975586e-05,1.9818544387817383e-05,385.0,190.0
1650163422,0.0,0.000264993,0.0,1.996755599975586e-05,1.9818544387817383e-05,385.0,190.0
1650163423,0.0,7.90195e-05,0.0,1.996755599975586e-05,1.9818544387817383e-05,130.5,84.0
1650163424,0.0,0.000192322,0.0,1.996755599975586e-05,1.9818544387817383e-05,260.0,168.0
1650163425,0.0,0.000192322,0.0,1.996755599975586e-05,1.9818544387817383e-05,260.0,168.0
1650163426,0.0,0.000144391,0.0,1.996755599975586e-05,1.9818544387817383e-05,261.0,135.0
1650163427,0.0,0.0,0.0,1.996755599975586e-05,1.9818544387817383e-05,0.0,0.0
1650163428,0.0,0.0,0.0,1.996755599975586e-05,1.9818544387817383e-05,0.0,0.0
1650163429,0.0,0.0,0.0,1.996755599975586e-05,1.9818544387817383e-05,0.0,0.0
1650163430,0.0,0.0,0.0,1.996755599975586e-05,1.9818544387817383e-05,0.0,0.0
1650163431,0.0,6.2132e-05,0.0,1.9788742065429688e-05,1.963973045349121e-05,98.25,25.5
1650163432,0.01,0.000574649,0.0,1.996755599975586e-05,1.9818544387817383e-05,786.0,432.0
1650163433,0.01,0.000574649,0.0,1.996755599975586e-05,1.9818544387817383e-05,786.0,432.0
1650163434,0.0,2.09075e-05,0.0,1.996755599975586e-05,1.9818544387817383e-05,0.0,0.0
1650163435,0.0,2.09075e-05,0.0,1.996755599975586e-05,1.9818544387817383e-05,0.0,0.0
1650163436,0.0,0.0,0.0,1.996755599975586e-05,1.9818544387817383e-05,0.0,0.0
1650163437,0.0,0.0,0.0,1.996755599975586e-05,1.9818544387817383e-05,0.0,0.0
1650163438,0.0,0.0,0.0,1.996755599975586e-05,1.9818544387817383e-05,0.0,0.0
1650163439,0.0,0.0,0.0,1.996755599975586e-05,1.9818544387817383e-05,0.0,0.0
1650163440,0.0,7.388425e-05,0.0,1.996755599975586e-05,1.9818544387817383e-05,130.25,84.0
1650163441,0.0,7.388425e-05,0.0,1.996755599975586e-05,1.9818544387817383e-05,130.25,84.0
1650163442,0.0,0.0004070475,0.0,1.9788742065429688e-05,1.963973045349121e-05,519.5,230.0
1650163443,0.0,0.000544001,0.0,1.996755599975586e-05,1.9818544387817383e-05,401.0,509.0
1650163444,0.0,0.000544001,0.0,1.996755599975586e-05,1.9818544387817383e-05,401.0,509.0
1650163445,0.0,0.0,0.0,1.996755599975586e-05,1.9818544387817383e-05,0.0,0.0
1650163446,0.0,0.0,0.0,1.996755599975586e-05,1.9818544387817383e-05,0.0,0.0
1650163447,0.0,0.0,0.0,1.996755599975586e-05,1.9818544387817383e-05,0.0,0.0
1650163448,0.0,0.000157149,0.0,1.996755599975586e-05,1.9818544387817383e-05,275.0,182.0
1650163449,0.0,0.000157149,0.0,1.996755599975586e-05,1.9818544387817383e-05,275.0,182.0
1650163450,0.0,6.3513e-05,0.0,1.996755599975586e-05,1.9818544387817383e-05,130.5,51.0
1650163451,0.0,6.3513e-05,0.0,1.996755599975586e-05,1.9818544387817383e-05,130.5,51.0
1650163452,0.0,0.0001365095,0.0,1.996755599975586e-05,1.9818544387817383e-05,192.5,95.0
1650163453,0.0,0.0,0.0,1.996755599975586e-05,1.9818544387817383e-05,0.0,0.0
1650163454,0.0,0.0,0.0,1.996755599975586e-05,1.9818544387817383e-05,0.0,0.0
1650163455,0.0,2.1572e-05,0.0,1.996755599975586e-05,1.9818544387817383e-05,0.0,0.0
1650163456,0.0,2.1572e-05,0.0,1.996755599975586e-05,1.9818544387817383e-05,0.0,0.0
1650163457,0.0,0.0003308745,0.0,1.996755599975586e-05,1.9818544387817383e-05,397.0,172.0
1650163458,0.0,0.0,0.0,1.996755599975586e-05,1.9818544387817383e-05,0.0,0.0
1650163459,0.0,0.0,0.0,1.996755599975586e-05,1.9818544387817383e-05,0.0,0.0
1650163460,0.0,0.0,0.0,1.996755599975586e-05,1.9818544387817383e-05,0.0,0.0
1650163461,0.0,0.0,0.0,1.996755599975586e-05,1.9818544387817383e-05,0.0,0.0
1650163462,0.0,0.0,0.0,1.996755599975586e-05,1.9818544387817383e-05,0.0,0.0
1650163463,0.0,0.0,0.0,1.996755599975586e-05,1.9818544387817383e-05,0.0,0.0
1650163464,0.0,0.0,0.0,1.996755599975586e-05,1.9818544387817383e-05,0.0,0.0
1650163465,0.0,0.0,0.0,1.996755599975586e-05,1.9818544387817383e-05,0.0,0.0
1650163466,0.0,0.0002681268,0.0,1.9788742065429688e-05,1.963973045349121e-05,312.0,212.2
1650163467,0.0,0.0002681268,0.0,1.9788742065429688e-05,1.963973045349121e-05,312.0,212.2
1650163468,0.0,0.0,0.0,1.9788742065429688e-05,1.963973045349121e-05,0.0,0.0
1650163469,0.0,0.0,0.0,1.9788742065429688e-05,1.963973045349121e-05,0.0,0.0
1650163470,0.0,0.0,0.0,1.9788742065429688e-05,1.963973045349121e-05,0.0,0.0
1650163471,0.0,0.0002329953333333,0.0,1.996755599975586e-05,1.9818544387817383e-05,349.0,200.0
1650163472,0.0,0.0002329953333333,0.0,1.996755599975586e-05,1.9818544387817383e-05,349.0,200.0
1650163473,0.0,0.0,0.0,1.996755599975586e-05,1.9818544387817383e-05,0.0,0.0
1650163474,0.0,0.0,0.0,1.996755599975586e-05,1.9818544387817383e-05,0.0,0.0
1650163475,0.0,0.0001323705,0.0,1.996755599975586e-05,1.9818544387817383e-05,130.5,266.5
1650163476,0.0,0.0001323705,0.0,1.996755599975586e-05,1.9818544387817383e-05,130.5,266.5
1650163477,0.0,0.000163089,0.0,1.996755599975586e-05,1.9818544387817383e-05,261.0,135.0
1650163478,0.0,0.0,0.0,1.996755599975586e-05,1.9818544387817383e-05,0.0,0.0
1650163479,0.0,0.0,0.0,1.996755599975586e-05,1.9818544387817383e-05,0.0,0.0
1650163480,0.0,0.0,0.0,1.996755599975586e-05,1.9818544387817383e-05,0.0,0.0
1650163481,0.0,0.0003467896666666,0.0,1.996755599975586e-05,1.9818544387817383e-05,480.0,212.0
1650163482,0.0,0.0003467896666666,0.0,1.996755599975586e-05,1.9818544387817383e-05,480.0,212.0
1650163483,0.0,0.000141402,0.0,1.996755599975586e-05,1.9818544387817383e-05,261.0,168.0
1650163484,0.0,0.000140943,0.0,1.996755599975586e-05,1.9818544387817383e-05,0.0,265.0
1650163485,0.0,0.000140943,0.0,1.996755599975586e-05,1.9818544387817383e-05,0.0,265.0
1650163486,0.0,0.0,0.0,1.996755599975586e-05,1.9818544387817383e-05,0.0,0.0
1650163487,0.0,0.0,0.0,1.996755599975586e-05,1.9818544387817383e-05,0.0,0.0
1650163488,0.0,7.53145e-05,0.0,1.996755599975586e-05,1.9818544387817383e-05,130.5,84.0
1650163489,0.0,0.000183466,0.0,1.996755599975586e-05,1.9818544387817383e-05,303.0,144.0
1650163490,0.0,0.000183466,0.0,1.996755599975586e-05,1.9818544387817383e-05,303.0,144.0
1650163491,0.0,0.0002875805,0.0,1.996755599975586e-05,1.9818544387817383e-05,453.0,197.0
1650163492,0.0,0.0002875805,0.0,1.996755599975586e-05,1.9818544387817383e-05,453.0,197.0
1650163493,0.0,0.0003498905,0.0,1.996755599975586e-05,1.9818544387817383e-05,527.5,256.0
1650163494,0.0,0.000742309,0.0,1.996755599975586e-05,1.9818544387817383e-05,782.0,706.0
1650163495,0.0,0.000613971,0.0,1.996755599975586e-05,1.9818544387817383e-05,1043.0,408.0
1650163496,0.0,0.000613971,0.0,1.996755599975586e-05,1.9818544387817383e-05,1043.0,408.0
1650163497,0.0,0.000266815,0.0,1.996755599975586e-05,1.9818544387817383e-05,391.0,153.0
1650163498,0.0,0.000678663,0.0,1.996755599975586e-05,1.9818544387817383e-05,1043.0,408.0
1650163499,0.0,0.000678663,0.0,1.996755599975586e-05,1.9818544387817383e-05,1043.0,408.0
1650163500,0.0,0.000150766,0.0,1.996755599975586e-05,1.9818544387817383e-05,261.0,102.0
1650163501,0.0,0.000574838,0.0,1.996755599975586e-05,1.9818544387817383e-05,907.0,394.0
1650163502,0.0,0.000574838,0.0,1.996755599975586e-05,1.9818544387817383e-05,907.0,394.0
1650163503,0.0,0.0003036465,0.0,1.9788742065429688e-05,1.963973045349121e-05,457.5,153.0
1650163504,0.0,0.001036982,0.0,1.996755599975586e-05,1.9818544387817383e-05,1183.0,1214.0
1650163505,0.0,0.001036982,0.0,1.996755599975586e-05,1.9818544387817383e-05,1183.0,1214.0
1650163506,0.0,0.0001995935,0.0,1.996755599975586e-05,1.9818544387817383e-05,260.5,102.0
1650163507,0.0,0.000578132,0.0,1.996755599975586e-05,1.9818544387817383e-05,1044.0,408.0
1650163508,0.0,0.000315425,0.0,1.996755599975586e-05,1.9818544387817383e-05,522.0,204.0
1650163509,0.0,0.000459322,0.0,1.996755599975586e-05,1.9818544387817383e-05,783.0,306.0
1650163510,0.0,0.000459322,0.0,1.996755599975586e-05,1.9818544387817383e-05,783.0,306.0
1650163511,0.0,0.0001444755,0.0,1.996755599975586e-05,1.9818544387817383e-05,261.0,102.0
1650163512,0.0,0.000831256,0.0,1.996755599975586e-05,1.9818544387817383e-05,1168.0,496.0
1650163513,0.0,0.000831256,0.0,1.996755599975586e-05,1.9818544387817383e-05,1168.0,496.0
1650163514,0.0,0.0006028035,0.0,1.996755599975586e-05,1.9818544387817383e-05,788.5,608.5
1650163515,0.0,0.000440791,0.0,1.996755599975586e-05,1.9818544387817383e-05,782.0,504.0
1650163516,0.0,0.000440791,0.0,1.996755599975586e-05,1.9818544387817383e-05,782.0,504.0
1650163517,0.0,0.000343419,0.0,1.996755599975586e-05,1.9818544387817383e-05,522.0,204.0
1650163518,0.0,0.000343419,0.0,1.996755599975586e-05,1.9818544387817383e-05,522.0,204.0
1650163519,0.0,0.000195821,0.0,1.996755599975586e-05,1.9818544387817383e-05,260.5,102.0
1650163520,0.0,0.000195821,0.0,1.996755599975586e-05,1.9818544387817383e-05,260.5,102.0
1650163521,0.0,0.0003089065,0.0,1.996755599975586e-05,1.9818544387817383e-05,652.5,255.0
1650163522,0.0,0.000783275,0.0,1.996755599975586e-05,1.9818544387817383e-05,1168.0,496.0
1650163523,0.0,0.000783275,0.0,1.996755599975586e-05,1.9818544387817383e-05,1168.0,496.0
1650163524,0.0,0.000537906,0.0,1.996755599975586e-05,1.9818544387817383e-05,788.5,458.5
1650163525,0.0,0.000595583,0.0,1.996755599975586e-05,1.9818544387817383e-05,1044.0,606.0
1650163526,0.0,0.000595583,0.0,1.996755599975586e-05,1.9818544387817383e-05,1044.0,606.0
1650163527,0.0,0.000172705,0.0,1.996755599975586e-05,1.9818544387817383e-05,261.0,102.0
1650163528,0.0,0.000172705,0.0,1.996755599975586e-05,1.9818544387817383e-05,261.0,102.0
1650163529,0.0,0.0002965735,0.0,1.996755599975586e-05,1.9818544387817383e-05,542.5,225.0
1650163530,0.0,0.000163277,0.0,1.996755599975586e-05,1.9818544387817383e-05,261.0,102.0
1650163531,0.0,0.000567683,0.0,1.996755599975586e-05,1.9818544387817383e-05,907.0,394.0
1650163532,0.0,0.000567683,0.0,1.996755599975586e-05,1.9818544387817383e-05,907.0,394.0
1650163533,0.0,0.0002370655,0.0,1.996755599975586e-05,1.9818544387817383e-05,391.0,153.0
1650163534,0.0,0.000784239,0.0,1.996755599975586e-05,1.9818544387817383e-05,1040.0,1069.0
1650163535,0.0,0.000784239,0.0,1.996755599975586e-05,1.9818544387817383e-05,1040.0,1069.0
1650163536,0.0,0.000378483,0.0,1.996755599975586e-05,1.9818544387817383e-05,658.0,340.0
1650163537,0.0,0.000378483,0.0,1.996755599975586e-05,1.9818544387817383e-05,658.0,340.0
1650163538,0.0,0.00035429,0.0,1.996755599975586e-05,1.9818544387817383e-05,652.0,288.0
1650163539,0.0,0.000223915,0.0,1.996755599975586e-05,1.9818544387817383e-05,261.0,102.0
1650163540,0.0,0.000223915,0.0,1.996755599975586e-05,1.9818544387817383e-05,261.0,102.0
1650163541,0.0,0.0002070895,0.0,1.996755599975586e-05,1.9818544387817383e-05,391.5,153.0
1650163542,0.0,0.000483609,0.0,1.996755599975586e-05,1.9818544387817383e-05,907.0,394.0
1650163543,0.0,0.00024193,0.0,1.996755599975586e-05,1.9818544387817383e-05,260.0,102.0
1650163544,0.0,0.000547757,0.0,1.996755599975586e-05,1.9818544387817383e-05,522.0,768.0
1650163545,0.0,0.000547757,0.0,1.996755599975586e-05,1.9818544387817383e-05,522.0,768.0
1650163546,0.0,0.0003337815,0.0,1.996755599975586e-05,1.9818544387817383e-05,527.0,223.0
1650163547,0.0,0.0003337815,0.0,1.996755599975586e-05,1.9818544387817383e-05,527.0,223.0
1650163548,0.0,0.0001449875,0.0,1.996755599975586e-05,1.9818544387817383e-05,259.5,168.0
1650163549,0.0,0.000289247,0.0,1.996755599975586e-05,1.9818544387817383e-05,522.0,270.0
1650163550,0.0,0.000289247,0.0,1.996755599975586e-05,1.9818544387817383e-05,522.0,270.0
1650163551,0.0,0.000331877,0.0,1.996755599975586e-05,1.9818544387817383e-05,584.0,248.0
1650163552,0.0,0.000331877,0.0,1.996755599975586e-05,1.9818544387817383e-05,584.0,248.0
1650163553,0.0,0.0002784605,0.0,1.996755599975586e-05,1.9818544387817383e-05,522.0,204.0
1650163554,0.0,0.000703186,0.0,1.996755599975586e-05,1.9818544387817383e-05,782.0,767.0
1650163555,0.0,0.000703186,0.0,1.996755599975586e-05,1.9818544387817383e-05,782.0,767.0
1650163556,0.0,0.0001156425,0.0,1.996755599975586e-05,1.9818544387817383e-05,260.5,102.0
1650163557,0.0,0.000775629,0.0,1.996755599975586e-05,1.9818544387817383e-05,1054.0,512.0
1650163558,0.0,0.000775629,0.0,1.996755599975586e-05,1.9818544387817383e-05,1054.0,512.0
1650163559,0.0,7.08135e-05,0.0,1.996755599975586e-05,1.9818544387817383e-05,130.0,84.0
1650163560,0.0,0.000285717,0.0,1.996755599975586e-05,1.9818544387817383e-05,520.0,270.0
1650163561,0.0,0.000285717,0.0,1.996755599975586e-05,1.9818544387817383e-05,520.0,270.0
1650163562,0.0,0.0002469485,0.0,1.996755599975586e-05,1.9818544387817383e-05,453.5,197.0
1650163563,0.0,0.000112274,0.0,1.996755599975586e-05,1.9818544387817383e-05,261.0,102.0
1650163564,0.0,0.000112274,0.0,1.996755599975586e-05,1.9818544387817383e-05,261.0,102.0
1650163565,0.0,0.000210598,0.0,1.996755599975586e-05,1.9818544387817383e-05,260.5,384.5
1650163566,0.0,0.000154288,0.0,1.996755599975586e-05,1.9818544387817383e-05,260.0,102.0
1650163567,0.0,0.000376568,0.0,1.9788742065429688e-05,1.963973045349121e-05,654.0,204.0
1650163568,0.0,0.000544631,0.0,1.996755599975586e-05,1.9818544387817383e-05,964.0,620.0
1650163569,0.0,0.000544631,0.0,1.996755599975586e-05,1.9818544387817383e-05,964.0,620.0
1650163570,0.005,0.0003566745,0.0,1.996755599975586e-05,1.9818544387817383e-05,652.0,288.0
1650163571,0.005,0.0003566745,0.0,1.996755599975586e-05,1.9818544387817383e-05,652.0,288.0
1650163572,0.0,0.000372192,0.0,1.996755599975586e-05,1.9818544387817383e-05,714.0,299.0
1650163573,0.0,0.000372192,0.0,1.996755599975586e-05,1.9818544387817383e-05,714.0,299.0
1650163574,0.0,0.0002788,0.0,1.996755599975586e-05,1.9818544387817383e-05,391.5,286.0
1650163575,0.0,0.00030589,0.0,1.996755599975586e-05,1.9818544387817383e-05,521.0,204.0
1650163576,0.0,0.00030589,0.0,1.996755599975586e-05,1.9818544387817383e-05,521.0,204.0
1650163577,0.0,0.0002428385,0.0,1.996755599975586e-05,1.9818544387817383e-05,391.5,153.0
1650163578,0.0,0.0002428385,0.0,1.996755599975586e-05,1.9818544387817383e-05,391.5,153.0
1650163579,0.0,0.000452707,0.0,1.996755599975586e-05,1.9818544387817383e-05,658.0,340.0
1650163580,0.0,0.000424066,0.0,1.996755599975586e-05,1.9818544387817383e-05,783.0,372.0
1650163581,0.0,0.000424066,0.0,1.996755599975586e-05,1.9818544387817383e-05,783.0,372.0
1650163582,0.0,0.000249536,0.0,1.996755599975586e-05,1.9818544387817383e-05,584.0,248.0
1650163583,0.0,0.000342556,0.0,1.996755599975586e-05,1.9818544387817383e-05,520.0,204.0
1650163584,0.0,0.000342556,0.0,1.996755599975586e-05,1.9818544387817383e-05,520.0,204.0
1650163585,0.0,0.00032468,0.0,1.996755599975586e-05,1.9818544387817383e-05,391.0,434.5
1650163586,0.0,0.00048073,0.0,1.996755599975586e-05,1.9818544387817383e-05,520.0,204.0
1650163587,0.0,0.000148682,0.0,1.996755599975586e-05,1.9818544387817383e-05,261.0,102.0
1650163588,0.0,0.000148682,0.0,1.996755599975586e-05,1.9818544387817383e-05,261.0,102.0
1650163589,0.0,0.0001481895,0.0,1.9788742065429688e-05,1.963973045349121e-05,327.0,102.0
1650163590,0.0,0.000467328,0.01,1.996755599975586e-05,1.9818544387817383e-05,661.0,410.0
1650163591,0.0,0.000722346,0.0,1.996755599975586e-05,1.9818544387817383e-05,1166.0,628.0
1650163592,0.0,0.000152328,0.0,1.996755599975586e-05,1.9818544387817383e-05,261.0,102.0
1650163593,0.0,0.000152328,0.0,1.996755599975586e-05,1.9818544387817383e-05,261.0,102.0
1650163594,0.0,0.0003938805,0.0,1.996755599975586e-05,1.9818544387817383e-05,522.0,635.5
1650163595,0.0,0.000396795,0.0,1.996755599975586e-05,1.9818544387817383e-05,783.0,306.0
1650163596,0.0,0.000153241,0.0,1.996755599975586e-05,1.9818544387817383e-05,261.0,102.0
1650163597,0.0,0.000153241,0.0,1.996755599975586e-05,1.9818544387817383e-05,261.0,102.0
1650163598,0.0,7.3926e-05,0.0,1.996755599975586e-05,1.9818544387817383e-05,130.5,51.0
1650163599,0.0,0.000750067,0.0,1.996755599975586e-05,1.9818544387817383e-05,1043.0,408.0
1650163600,0.0,0.00026634,0.0,1.9788742065429688e-05,1.963973045349121e-05,393.0,102.0
1650163601,0.0,0.00026634,0.0,1.9788742065429688e-05,1.963973045349121e-05,393.0,102.0
1650163602,0.0,0.0004174255,0.0,1.996755599975586e-05,1.9818544387817383e-05,654.0,384.0
1650163603,0.0,0.00062671,0.0,1.996755599975586e-05,1.9818544387817383e-05,781.0,372.0
1650163604,0.0,0.00062671,0.0,1.996755599975586e-05,1.9818544387817383e-05,781.0,372.0
1650163605,0.0,0.000283312,0.0,1.996755599975586e-05,1.9818544387817383e-05,391.0,485.0
1650163606,0.0,0.000108232,0.0,1.996755599975586e-05,1.9818544387817383e-05,261.0,102.0
1650163607,0.0,0.000236301,0.0,1.996755599975586e-05,1.9818544387817383e-05,522.0,204.0
1650163608,0.0,0.000236301,0.0,1.996755599975586e-05,1.9818544387817383e-05,522.0,204.0
1650163609,0.0,0.000257898,0.0,1.996755599975586e-05,1.9818544387817383e-05,412.0,174.0
1650163610,0.0,0.000257898,0.0,1.996755599975586e-05,1.9818544387817383e-05,412.0,174.0
1650163611,0.0,0.0001993455,0.0,1.9788742065429688e-05,1.963973045349121e-05,327.0,102.0
1650163612,0.0,0.000590947,0.0,1.996755599975586e-05,1.9818544387817383e-05,786.0,432.0
1650163613,0.0,0.000368758,0.0,1.996755599975586e-05,1.9818544387817383e-05,783.0,869.0
1650163614,0.0,0.00037433,0.0,1.996755599975586e-05,1.9818544387817383e-05,261.0,102.0
1650163615,0.0,0.00037433,0.0,1.996755599975586e-05,1.9818544387817383e-05,261.0,102.0
1650163616,0.0,0.0001287235,0.0,1.996755599975586e-05,1.9818544387817383e-05,260.5,102.0
1650163617,0.0,0.0001287235,0.0,1.996755599975586e-05,1.9818544387817383e-05,260.5,102.0
1650163618,0.0,0.000148736,0.0,1.996755599975586e-05,1.9818544387817383e-05,261.0,102.0
1650163619,0.0,0.000505496,0.0,1.996755599975586e-05,1.9818544387817383e-05,782.0,306.0
1650163620,0.0,0.000505496,0.0,1.996755599975586e-05,1.9818544387817383e-05,782.0,306.0
1650163621,0.0,0.000249889,0.0,1.996755599975586e-05,1.9818544387817383e-05,453.5,197.0
1650163622,0.0,0.000249889,0.0,1.996755599975586e-05,1.9818544387817383e-05,453.5,197.0
1650163623,0.0,0.000383929,0.0,1.996755599975586e-05,1.9818544387817383e-05,526.5,256.0
1650163624,0.0,0.000539291,0.0,1.996755599975586e-05,1.9818544387817383e-05,521.0,800.0
1650163625,0.0,0.000436525,0.0,1.996755599975586e-05,1.9818544387817383e-05,783.0,306.0
1650163626,0.0,0.000436525,0.0,1.996755599975586e-05,1.9818544387817383e-05,783.0,306.0
1650163627,0.0,0.0001324165,0.0,1.996755599975586e-05,1.9818544387817383e-05,261.0,102.0
1650163628,0.0,0.000125158,0.0,1.996755599975586e-05,1.9818544387817383e-05,261.0,102.0
1650163629,0.0,0.000125158,0.0,1.996755599975586e-05,1.9818544387817383e-05,261.0,102.0
1650163630,0.0,0.000114545,0.0,1.996755599975586e-05,1.9818544387817383e-05,261.0,102.0
1650163631,0.0,0.00051468,0.0,1.996755599975586e-05,1.9818544387817383e-05,907.0,394.0
1650163632,0.0,0.00051468,0.0,1.996755599975586e-05,1.9818544387817383e-05,907.0,394.0
1650163633,0.0,0.0002374515,0.0,1.9788742065429688e-05,1.963973045349121e-05,457.0,153.0
1650163634,0.0,0.000964832,0.01,1.996755599975586e-05,1.9818544387817383e-05,1184.0,1012.0
1650163635,0.0,0.000145007,0.0,1.996755599975586e-05,1.9818544387817383e-05,261.0,102.0
1650163636,0.0,0.000145007,0.0,1.996755599975586e-05,1.9818544387817383e-05,261.0,102.0
1650163637,0.0,0.0001356585,0.0,1.996755599975586e-05,1.9818544387817383e-05,261.0,102.0
1650163638,0.0,0.000433832,0.0,1.996755599975586e-05,1.9818544387817383e-05,783.0,306.0
1650163639,0.0,0.000433832,0.0,1.996755599975586e-05,1.9818544387817383e-05,783.0,306.0
1650163640,0.0,0.000236109,0.0,1.996755599975586e-05,1.9818544387817383e-05,390.5,153.0
1650163641,0.0,0.000145296,0.0,1.996755599975586e-05,1.9818544387817383e-05,261.0,102.0
1650163642,0.0,0.000861275,0.0,1.996755599975586e-05,1.9818544387817383e-05,1429.0,598.0
1650163643,0.0,0.000861275,0.0,1.996755599975586e-05,1.9818544387817383e-05,1429.0,598.0
1650163644,0.0,0.0002333325,0.0,1.9788742065429688e-05,1.963973045349121e-05,327.0,285.0
1650163645,0.0,0.0002333325,0.0,1.9788742065429688e-05,1.963973045349121e-05,327.0,285.0
1650163646,0.0,0.000328514,0.0,1.996755599975586e-05,1.9818544387817383e-05,461.0,289.0
1650163647,0.0,0.000328514,0.0,1.996755599975586e-05,1.9818544387817383e-05,461.0,289.0
1650163648,0.0,0.000445788,0.0,1.996755599975586e-05,1.9818544387817383e-05,652.5,288.0
1650163649,0.0,0.000183845,0.0,1.996755599975586e-05,1.9818544387817383e-05,303.0,144.0
1650163650,0.0,0.000498426,0.0,1.996755599975586e-05,1.9818544387817383e-05,783.0,306.0
1650163651,0.0,0.000498426,0.0,1.996755599975586e-05,1.9818544387817383e-05,783.0,306.0
1650163652,0.0,0.0003124135,0.0,1.996755599975586e-05,1.9818544387817383e-05,453.0,197.0
1650163653,0.0,0.001026249,0.0,1.996755599975586e-05,1.9818544387817383e-05,1566.0,612.0
1650163654,0.0,0.001026249,0.0,1.996755599975586e-05,1.9818544387817383e-05,1566.0,612.0
1650163655,0.0,0.000398531,0.0,1.996755599975586e-05,1.9818544387817383e-05,527.0,555.0
1650163656,0.0,0.00043377,0.0,1.996755599975586e-05,1.9818544387817383e-05,520.0,336.0
1650163657,0.0,0.00043377,0.0,1.996755599975586e-05,1.9818544387817383e-05,520.0,336.0
1650163658,0.0,9.4806e-05,0.0,1.996755599975586e-05,1.9818544387817383e-05,130.0,84.0
1650163659,0.0,9.4806e-05,0.0,1.996755599975586e-05,1.9818544387817383e-05,130.0,84.0
1650163660,0.0,0.0003376515,0.0,1.996755599975586e-05,1.9818544387817383e-05,522.0,204.0
1650163661,0.0,0.000711243,0.0,1.996755599975586e-05,1.9818544387817383e-05,906.0,394.0
1650163662,0.0,0.000711243,0.0,1.996755599975586e-05,1.9818544387817383e-05,906.0,394.0
1650163663,0.0,8.6731e-05,0.0,1.996755599975586e-05,1.9818544387817383e-05,130.5,51.0
1650163664,0.0,0.000675436,0.0,1.996755599975586e-05,1.9818544387817383e-05,781.0,670.0
1650163665,0.0,0.000158201,0.0,1.996755599975586e-05,1.9818544387817383e-05,261.0,102.0
1650163666,0.0,0.000158201,0.0,1.996755599975586e-05,1.9818544387817383e-05,261.0,102.0
1650163667,0.0,0.0,0.0,1.996755599975586e-05,1.9818544387817383e-05,0.0,0.0
1650163668,0.0,0.0,0.0,1.996755599975586e-05,1.9818544387817383e-05,0.0,0.0
1650163669,0.0,0.0,0.0,1.996755599975586e-05,1.9818544387817383e-05,0.0,0.0
1650163670,0.0,0.0,0.0,1.996755599975586e-05,1.9818544387817383e-05,0.0,0.0
1650163671,0.0,0.0,0.0,1.996755599975586e-05,1.9818544387817383e-05,0.0,0.0
1650163672,0.0,0.0,0.0,1.996755599975586e-05,1.9818544387817383e-05,0.0,0.0
1650163673,0.0,5.94725e-05,0.0,1.996755599975586e-05,1.9818544387817383e-05,96.25,47.5
1650163674,0.0,5.94725e-05,0.0,1.996755599975586e-05,1.9818544387817383e-05,96.25,47.5
1650163675,0.0,5.9567e-05,0.0,1.996755599975586e-05,1.9818544387817383e-05,0.0,134.0
1650163676,0.0,5.9567e-05,0.0,1.996755599975586e-05,1.9818544387817383e-05,0.0,134.0
1650163677,0.0,0.0,0.0,1.996755599975586e-05,1.9818544387817383e-05,0.0,0.0
1650163678,0.0,0.0,0.0,1.996755599975586e-05,1.9818544387817383e-05,0.0,0.0
1650163679,0.0,0.0,0.0,1.996755599975586e-05,1.9818544387817383e-05,0.0,0.0
1650163680,0.0,0.0,0.0,1.996755599975586e-05,1.9818544387817383e-05,0.0,0.0
1650163681,0.0,0.0,0.0,1.996755599975586e-05,1.9818544387817383e-05,0.0,0.0
1650163682,0.0,0.0,0.0,1.996755599975586e-05,1.9818544387817383e-05,0.0,0.0
1650163683,0.0,0.0,0.0,1.996755599975586e-05,1.9818544387817383e-05,0.0,0.0
1650163684,0.0,0.0,0.0,1.996755599975586e-05,1.9818544387817383e-05,0.0,0.0
1650163685,0.0,5.4784e-05,0.0,1.996755599975586e-05,1.9818544387817383e-05,64.16666666666667,31.666666666666668
1650163686,0.0,0.0,0.0,1.996755599975586e-05,1.9818544387817383e-05,0.0,0.0
1650163687,0.0,0.0,0.0,1.996755599975586e-05,1.9818544387817383e-05,0.0,0.0
1650163688,0.0,0.0,0.0,1.996755599975586e-05,1.9818544387817383e-05,0.0,0.0
1650163689,0.0,0.0,0.0,1.996755599975586e-05,1.9818544387817383e-05,0.0,0.0
1650163690,0.0,0.0,0.0,1.996755599975586e-05,1.9818544387817383e-05,0.0,0.0
1650163691,0.0,0.0,0.0,1.996755599975586e-05,1.9818544387817383e-05,0.0,0.0
1650163692,0.0,0.0,0.0,1.996755599975586e-05,1.9818544387817383e-05,0.0,0.0
1650163693,0.0,0.0,0.0,1.996755599975586e-05,1.9818544387817383e-05,0.0,0.0
1650163694,0.0,0.0,0.0,1.996755599975586e-05,1.9818544387817383e-05,0.0,0.0
1650163695,0.0,0.0,0.0,1.996755599975586e-05,1.9818544387817383e-05,0.0,0.0
1650163696,0.0,4.00425e-05,0.0,1.996755599975586e-05,1.9818544387817383e-05,48.125,23.75
1650163697,0.0,4.00425e-05,0.0,1.996755599975586e-05,1.9818544387817383e-05,48.125,23.75
1650163698,0.0,0.0,0.0,1.996755599975586e-05,1.9818544387817383e-05,66.0,66.0
1650163699,0.0,0.0,0.0,1.996755599975586e-05,1.9818544387817383e-05,0.0,0.0
1650163700,0.0,0.0,0.0,1.996755599975586e-05,1.9818544387817383e-05,0.0,0.0
1650163701,0.0,0.0,0.0,1.996755599975586e-05,1.9818544387817383e-05,0.0,0.0
1650163702,0.0,8.606733333333334e-05,0.0,1.996755599975586e-05,1.9818544387817383e-05,128.33333333333334,63.333333333333336
1650163703,0.0,0.0,0.0,1.996755599975586e-05,1.9818544387817383e-05,0.0,0.0
1650163704,0.0,0.0,0.0,1.996755599975586e-05,1.9818544387817383e-05,0.0,0.0
1650163705,0.0,0.0,0.0,1.996755599975586e-05,1.9818544387817383e-05,0.0,0.0
1650163706,0.0,1.6776e-05,0.0,1.996755599975586e-05,1.9818544387817383e-05,0.0,0.0
1650163707,0.0,1.6776e-05,0.0,1.996755599975586e-05,1.9818544387817383e-05,0.0,0.0
1650163708,0.0,0.0,0.0,1.996755599975586e-05,1.9818544387817383e-05,0.0,0.0
1650163709,0.0,0.0,0.0,1.996755599975586e-05,1.9818544387817383e-05,0.0,0.0
1650163710,0.0,0.0,0.0,1.996755599975586e-05,1.9818544387817383e-05,0.0,0.0
1650163711,0.0,0.0,0.0,1.996755599975586e-05,1.9818544387817383e-05,0.0,0.0
1650163712,0.0,0.0,0.0,1.996755599975586e-05,1.9818544387817383e-05,0.0,0.0
1650163713,0.0,0.0,0.0,1.996755599975586e-05,1.9818544387817383e-05,0.0,0.0
1650163714,0.0,0.0,0.0,1.996755599975586e-05,1.9818544387817383e-05,0.0,0.0
1650163715,0.0,0.0,0.0,1.996755599975586e-05,1.9818544387817383e-05,0.0,0.0
1650163716,0.0,0.0,0.0,1.996755599975586e-05,1.9818544387817383e-05,0.0,0.0
1650163717,0.0,0.0,0.0,1.996755599975586e-05,1.9818544387817383e-05,0.0,0.0
1650163718,0.0,0.0,0.0,1.996755599975586e-05,1.9818544387817383e-05,0.0,0.0
1650163719,0.0,4.19215e-05,0.0,1.996755599975586e-05,1.9818544387817383e-05,48.125,23.75
1650163720,0.0,4.19215e-05,0.0,1.996755599975586e-05,1.9818544387817383e-05,48.125,23.75
1650163721,0.0,0.0,0.0,1.996755599975586e-05,1.9818544387817383e-05,0.0,0.0
1650163722,0.0,0.0,0.0,1.996755599975586e-05,1.9818544387817383e-05,0.0,0.0
1650163723,0.0,0.0,0.0,1.996755599975586e-05,1.9818544387817383e-05,0.0,0.0
1650163724,0.0,0.0001094373333333,0.0,1.996755599975586e-05,1.9818544387817383e-05,128.33333333333334,63.333333333333336
1650163725,0.0,0.0,0.0,1.996755599975586e-05,1.9818544387817383e-05,0.0,0.0
1650163726,0.0,0.0,0.0,1.996755599975586e-05,1.9818544387817383e-05,0.0,0.0
1650163727,0.0,0.0,0.0,1.996755599975586e-05,1.9818544387817383e-05,0.0,0.0
1650163728,0.0,0.0,0.0,1.996755599975586e-05,1.9818544387817383e-05,0.0,0.0
1650163729,0.0,0.0,0.0,1.996755599975586e-05,1.9818544387817383e-05,0.0,0.0
1650163730,0.0,0.0,0.0,1.996755599975586e-05,1.9818544387817383e-05,0.0,0.0
1650163731,0.0,0.0,0.0,1.996755599975586e-05,1.9818544387817383e-05,0.0,0.0
1650163732,0.0,0.0,0.0,1.996755599975586e-05,1.9818544387817383e-05,0.0,0.0
1650163733,0.0,0.0,0.0,1.996755599975586e-05,1.9818544387817383e-05,0.0,0.0
1650163734,0.0,8.022839999999999e-05,0.0,1.996755599975586e-05,1.9818544387817383e-05,77.0,38.0
1650163735,0.0,8.022839999999999e-05,0.0,1.996755599975586e-05,1.9818544387817383e-05,77.0,38.0
1650163736,0.0,0.0,0.0,1.996755599975586e-05,1.9818544387817383e-05,0.0,0.0
1650163737,0.0,0.0,0.0,1.996755599975586e-05,1.9818544387817383e-05,0.0,0.0
1650163738,0.0,0.0,0.0,1.996755599975586e-05,1.9818544387817383e-05,0.0,0.0
1650163739,0.0,0.0,0.0,1.996755599975586e-05,1.9818544387817383e-05,0.0,0.0
1650163740,0.0,0.0,0.0,1.996755599975586e-05,1.9818544387817383e-05,0.0,0.0
1650163741,0.0,0.0,0.0,1.996755599975586e-05,1.9818544387817383e-05,0.0,0.0
1650163742,0.0,0.0,0.0,1.996755599975586e-05,1.9818544387817383e-05,0.0,0.0
1650163743,0.0,0.0,0.0,1.996755599975586e-05,1.9818544387817383e-05,0.0,0.0
1650163744,0.0,5.0347666666666666e-05,0.0,1.996755599975586e-05,1.9818544387817383e-05,64.16666666666667,31.666666666666668
1650163745,0.0,5.0347666666666666e-05,0.0,1.996755599975586e-05,1.9818544387817383e-05,64.16666666666667,31.666666666666668
1650163746,0.0,0.0,0.0,1.996755599975586e-05,1.9818544387817383e-05,0.0,0.0
1650163747,0.0,0.0,0.0,1.996755599975586e-05,1.9818544387817383e-05,0.0,0.0
1650163748,0.0,0.0,0.0,1.996755599975586e-05,1.9818544387817383e-05,0.0,0.0
1650163749,0.0,0.0,0.0,1.996755599975586e-05,1.9818544387817383e-05,0.0,0.0
1650163750,0.0,0.0,0.0,1.996755599975586e-05,1.9818544387817383e-05,0.0,0.0
1650163751,0.0,0.0,0.0,1.996755599975586e-05,1.9818544387817383e-05,0.0,0.0
1650163752,0.0,0.0,0.0,1.996755599975586e-05,1.9818544387817383e-05,0.0,0.0
1650163753,0.0,0.0,0.0,1.996755599975586e-05,1.9818544387817383e-05,0.0,0.0
1650163754,0.0,5.09452e-05,0.0,1.996755599975586e-05,1.9818544387817383e-05,77.0,38.0
1650163755,0.0,0.0,0.0,1.996755599975586e-05,1.9818544387817383e-05,0.0,0.0
1650163756,0.0,0.0,0.0,1.996755599975586e-05,1.9818544387817383e-05,0.0,0.0
1650163757,0.0,0.0,0.0,1.996755599975586e-05,1.9818544387817383e-05,0.0,0.0
1650163758,0.0,0.0,0.0,1.996755599975586e-05,1.9818544387817383e-05,0.0,0.0
1650163759,0.0,0.0,0.0,1.996755599975586e-05,1.9818544387817383e-05,0.0,0.0
1650163760,0.0,0.0,0.0,1.996755599975586e-05,1.9818544387817383e-05,0.0,0.0
1650163761,0.0,0.0,0.0,1.996755599975586e-05,1.9818544387817383e-05,0.0,0.0
1650163762,0.0,0.0,0.0,1.996755599975586e-05,1.9818544387817383e-05,0.0,0.0
1650163763,0.0,0.0,0.0,1.996755599975586e-05,1.9818544387817383e-05,0.0,0.0
1650163764,0.0,0.0,0.0,1.996755599975586e-05,1.9818544387817383e-05,0.0,0.0
1650163765,0.0,4.390914285714285e-05,0.0,1.996755599975586e-05,1.9818544387817383e-05,55.0,27.142857142857142
1650163766,0.0,0.0,0.0,1.996755599975586e-05,1.9818544387817383e-05,0.0,0.0
1650163767,0.0,0.0,0.0,1.996755599975586e-05,1.9818544387817383e-05,0.0,0.0
1650163768,0.0,0.0,0.0,1.996755599975586e-05,1.9818544387817383e-05,0.0,0.0
1650163769,0.0,0.0,0.0,1.996755599975586e-05,1.9818544387817383e-05,0.0,0.0
1650163770,0.0,0.0,0.0,1.996755599975586e-05,1.9818544387817383e-05,0.0,0.0
1650163771,0.0,0.0,0.0,1.996755599975586e-05,1.9818544387817383e-05,0.0,0.0
1650163772,0.0,0.0,0.0,1.996755599975586e-05,1.9818544387817383e-05,0.0,0.0
1650163773,0.0,0.0,0.0,1.996755599975586e-05,1.9818544387817383e-05,0.0,0.0
1650163774,0.0,7.12388e-05,0.0,1.996755599975586e-05,1.9818544387817383e-05,77.0,38.0
1650163775,0.0,0.0,0.0,1.996755599975586e-05,1.9818544387817383e-05,0.0,0.0
1650163776,0.0,0.0,0.0,1.996755599975586e-05,1.9818544387817383e-05,0.0,0.0
1650163777,0.0,0.0,0.0,1.996755599975586e-05,1.9818544387817383e-05,0.0,0.0
1650163778,0.0,0.0,0.0,1.996755599975586e-05,1.9818544387817383e-05,0.0,0.0
1650163779,0.0,0.0,0.0,1.996755599975586e-05,1.9818544387817383e-05,0.0,0.0
1650163780,0.0,0.0,0.0,1.996755599975586e-05,1.9818544387817383e-05,0.0,0.0
1650163781,0.0,0.0,0.0,1.996755599975586e-05,1.9818544387817383e-05,0.0,0.0
1650163782,0.0,0.0,0.0,1.996755599975586e-05,1.9818544387817383e-05,0.0,0.0
1650163783,0.0,0.0,0.0,1.996755599975586e-05,1.9818544387817383e-05,0.0,0.0
1650163784,0.0,0.0,0.0,1.996755599975586e-05,1.9818544387817383e-05,0.0,0.0
1650163785,0.0,0.0,0.0,1.996755599975586e-05,1.9818544387817383e-05,0.0,0.0
1650163786,0.0,5.079042857142857e-05,0.0,1.996755599975586e-05,1.9818544387817383e-05,55.0,27.142857142857142
1650163787,0.0,5.079042857142857e-05,0.0,1.996755599975586e-05,1.9818544387817383e-05,55.0,27.142857142857142
1650163788,0.0,0.0,0.0,1.996755599975586e-05,1.9818544387817383e-05,0.0,0.0
1650163789,0.0,0.0,0.0,1.996755599975586e-05,1.9818544387817383e-05,0.0,0.0
1650163790,0.0,0.0,0.0,1.996755599975586e-05,1.9818544387817383e-05,0.0,0.0
1650163791,0.0,0.0,0.0,1.996755599975586e-05,1.9818544387817383e-05,0.0,0.0
1650163792,0.0,6.3602e-05,0.0,1.996755599975586e-05,1.9818544387817383e-05,96.25,47.5
1650163793,0.0,4.0622e-05,0.0,1.996755599975586e-05,1.9818544387817383e-05,0.0,0.0
1650163794,0.0,4.0622e-05,0.0,1.996755599975586e-05,1.9818544387817383e-05,0.0,0.0
1650163795,0.0,0.0,0.0,1.996755599975586e-05,1.9818544387817383e-05,0.0,0.0
1650163796,0.0,0.0,0.0,1.996755599975586e-05,1.9818544387817383e-05,0.0,0.0
1650163797,0.0,0.0,0.0,1.996755599975586e-05,1.9818544387817383e-05,0.0,0.0
1650163798,0.0,0.0,0.0,1.996755599975586e-05,1.9818544387817383e-05,0.0,0.0
1650163799,0.0,0.0,0.0,1.996755599975586e-05,1.9818544387817383e-05,0.0,0.0
1650163800,0.0,0.0,0.0,1.996755599975586e-05,1.9818544387817383e-05,0.0,0.0
1650163801,0.0,0.0,0.0,1.996755599975586e-05,1.9818544387817383e-05,0.0,0.0
1650163802,0.0,0.0004913504,0.0,1.996755599975586e-05,1.9818544387817383e-05,757.6,350.4
1650163803,0.0,0.0004913504,0.0,1.996755599975586e-05,1.9818544387817383e-05,757.6,350.4
1650163804,0.0,0.0002639495,0.0,1.996755599975586e-05,1.9818544387817383e-05,261.0,235.5
1650163805,0.0,0.00030954,0.0,1.996755599975586e-05,1.9818544387817383e-05,522.0,204.0
1650163806,0.0,0.00030954,0.0,1.996755599975586e-05,1.9818544387817383e-05,522.0,204.0
1650163807,0.0,0.0003769905,0.0,1.996755599975586e-05,1.9818544387817383e-05,522.0,204.0
1650163808,0.0,0.000748901,0.0,1.9788742065429688e-05,1.963973045349121e-05,914.0,306.0
1650163809,0.0,0.000456425,0.0,1.996755599975586e-05,1.9818544387817383e-05,704.0,452.0
1650163810,0.0,0.000456425,0.0,1.996755599975586e-05,1.9818544387817383e-05,704.0,452.0
1650163811,0.0,0.0001078795,0.0,1.996755599975586e-05,1.9818544387817383e-05,130.0,84.0
1650163812,0.0,0.000794513,0.0,1.996755599975586e-05,1.9818544387817383e-05,1168.0,562.0
1650163813,0.0,0.000794513,0.0,1.996755599975586e-05,1.9818544387817383e-05,1168.0,562.0
1650163814,0.0,0.0003571735,0.0,1.996755599975586e-05,1.9818544387817383e-05,390.5,535.0
1650163815,0.0,0.0003571735,0.0,1.996755599975586e-05,1.9818544387817383e-05,390.5,535.0
1650163816,0.0,0.000271577,0.0,1.996755599975586e-05,1.9818544387817383e-05,391.5,153.0
1650163817,0.0,0.000557559,0.0,1.996755599975586e-05,1.9818544387817383e-05,782.0,306.0
1650163818,0.0,0.000557559,0.0,1.996755599975586e-05,1.9818544387817383e-05,782.0,306.0
1650163819,0.0,0.000396502,0.0,1.996755599975586e-05,1.9818544387817383e-05,527.0,223.0
1650163820,0.0,0.000344682,0.0,1.996755599975586e-05,1.9818544387817383e-05,521.0,336.0
1650163821,0.0,0.000562106,0.0,1.996755599975586e-05,1.9818544387817383e-05,906.0,460.0
1650163822,0.0,0.000562106,0.0,1.996755599975586e-05,1.9818544387817383e-05,906.0,460.0
1650163823,0.0,0.0002474795,0.0,1.996755599975586e-05,1.9818544387817383e-05,391.5,153.0
1650163824,0.0,0.0002474795,0.0,1.996755599975586e-05,1.9818544387817383e-05,391.5,153.0
1650163825,0.0,0.0002267045,0.0,1.996755599975586e-05,1.9818544387817383e-05,261.0,335.5
1650163826,0.0,0.000311453,0.0,1.996755599975586e-05,1.9818544387817383e-05,522.0,204.0
1650163827,0.0,0.000311453,0.0,1.996755599975586e-05,1.9818544387817383e-05,522.0,204.0
1650163828,0.0,0.0002349745,0.0,1.996755599975586e-05,1.9818544387817383e-05,391.0,153.0
1650163829,0.0,0.0,0.0,1.996755599975586e-05,1.9818544387817383e-05,0.0,0.0
1650163830,0.0,0.0,0.0,1.996755599975586e-05,1.9818544387817383e-05,0.0,0.0
1650163831,0.0,0.0,0.0,1.996755599975586e-05,1.9818544387817383e-05,0.0,0.0
1650163832,0.0,8.791133333333333e-05,0.0,1.996755599975586e-05,1.9818544387817383e-05,128.33333333333334,63.333333333333336
1650163833,0.0,8.791133333333333e-05,0.0,1.996755599975586e-05,1.9818544387817383e-05,128.33333333333334,63.333333333333336
1650163834,0.0,2.16675e-05,0.0,1.996755599975586e-05,1.9818544387817383e-05,21.0,0.0
1650163835,0.0,0.0,0.0,1.996755599975586e-05,1.9818544387817383e-05,0.0,0.0
1650163836,0.0,0.0,0.0,1.996755599975586e-05,1.9818544387817383e-05,0.0,0.0
1650163837,0.0,0.0,0.0,1.996755599975586e-05,1.9818544387817383e-05,0.0,0.0
1650163838,0.0,0.0,0.0,1.996755599975586e-05,1.9818544387817383e-05,0.0,0.0
1650163839,0.0,0.0,0.0,1.996755599975586e-05,1.9818544387817383e-05,0.0,0.0
1650163840,0.0,0.0,0.0,1.996755599975586e-05,1.9818544387817383e-05,0.0,0.0
1650163841,0.0,0.0,0.0,1.996755599975586e-05,1.9818544387817383e-05,0.0,0.0
1650163842,0.0,0.0,0.0,1.996755599975586e-05,1.9818544387817383e-05,0.0,0.0
1650163843,0.0,6.351575e-05,0.0,1.996755599975586e-05,1.9818544387817383e-05,96.25,47.5
1650163844,0.0,6.351575e-05,0.0,1.996755599975586e-05,1.9818544387817383e-05,96.25,47.5
1650163845,0.0,1.71175e-05,0.0,1.996755599975586e-05,1.9818544387817383e-05,0.0,0.0
1650163846,0.0,0.0,0.0,1.996755599975586e-05,1.9818544387817383e-05,0.0,0.0
1650163847,0.0,0.0,0.0,1.996755599975586e-05,1.9818544387817383e-05,0.0,0.0
1650163848,0.0,0.0,0.0,1.996755599975586e-05,1.9818544387817383e-05,0.0,0.0
1650163849,0.0,0.0,0.0,1.996755599975586e-05,1.9818544387817383e-05,0.0,0.0
1650163850,0.0,0.0,0.0,1.996755599975586e-05,1.9818544387817383e-05,0.0,0.0
1650163851,0.0,0.0,0.0,1.996755599975586e-05,1.9818544387817383e-05,0.0,0.0
1650163852,0.0,0.0,0.0,1.996755599975586e-05,1.9818544387817383e-05,0.0,0.0
1650163853,0.0,0.0,0.0,1.996755599975586e-05,1.9818544387817383e-05,0.0,0.0
1650163854,0.0,7.1256e-05,0.0,1.996755599975586e-05,1.9818544387817383e-05,77.0,38.0
1650163855,0.0,0.0,0.0,1.996755599975586e-05,1.9818544387817383e-05,0.0,0.0
1650163856,0.0,0.0,0.0,1.996755599975586e-05,1.9818544387817383e-05,0.0,0.0
1650163857,0.0,0.0,0.0,1.996755599975586e-05,1.9818544387817383e-05,0.0,0.0
1650163858,0.0,0.0,0.0,1.996755599975586e-05,1.9818544387817383e-05,0.0,0.0
1650163859,0.0,0.0,0.0,1.996755599975586e-05,1.9818544387817383e-05,0.0,0.0
1650163860,0.0,0.0,0.0,1.996755599975586e-05,1.9818544387817383e-05,0.0,0.0
1650163861,0.0,0.0,0.0,1.996755599975586e-05,1.9818544387817383e-05,0.0,0.0
1650163862,0.0,0.0,0.0,1.996755599975586e-05,1.9818544387817383e-05,0.0,0.0
1650163863,0.0,5.2131166666666666e-05,0.0,1.996755599975586e-05,1.9818544387817383e-05,64.16666666666667,31.666666666666668
1650163864,0.0,3.89e-05,0.0,1.996755599975586e-05,1.9818544387817383e-05,0.0,0.0
1650163865,0.0,3.89e-05,0.0,1.996755599975586e-05,1.9818544387817383e-05,0.0,0.0
1650163866,0.0,0.0,0.0,1.996755599975586e-05,1.9818544387817383e-05,0.0,0.0
1650163867,0.0,0.0,0.0,1.996755599975586e-05,1.9818544387817383e-05,0.0,0.0
1650163868,0.0,0.0,0.0,1.996755599975586e-05,1.9818544387817383e-05,0.0,0.0
1650163869,0.0,0.0,0.0,1.996755599975586e-05,1.9818544387817383e-05,0.0,0.0
1650163870,0.0,0.0,0.0,1.996755599975586e-05,1.9818544387817383e-05,0.0,0.0
1650163871,0.0,0.0,0.0,1.996755599975586e-05,1.9818544387817383e-05,0.0,0.0
1650163872,0.0,0.0,0.0,1.996755599975586e-05,1.9818544387817383e-05,0.0,0.0
1650163873,0.0,0.0,0.0,1.996755599975586e-05,1.9818544387817383e-05,0.0,0.0
1650163874,0.0,0.0,0.0,1.996755599975586e-05,1.9818544387817383e-05,0.0,0.0
1650163875,0.0,5.25545e-05,0.0,1.996755599975586e-05,1.9818544387817383e-05,64.16666666666667,31.666666666666668
1650163876,0.0,0.0,0.0,1.996755599975586e-05,1.9818544387817383e-05,0.0,0.0
1650163877,0.0,0.0,0.0,1.996755599975586e-05,1.9818544387817383e-05,0.0,0.0
1650163878,0.0,0.0,0.0,1.996755599975586e-05,1.9818544387817383e-05,0.0,0.0
1650163879,0.0,0.0,0.0,1.996755599975586e-05,1.9818544387817383e-05,0.0,0.0
1650163880,0.0,0.0,0.0,1.996755599975586e-05,1.9818544387817383e-05,0.0,0.0
1650163881,0.0,0.0,0.0,1.996755599975586e-05,1.9818544387817383e-05,0.0,0.0
1650163882,0.0,0.0,0.0,1.996755599975586e-05,1.9818544387817383e-05,0.0,0.0
1650163883,0.0,0.0,0.0,1.996755599975586e-05,1.9818544387817383e-05,0.0,0.0
1650163884,0.0,0.0,0.0,1.996755599975586e-05,1.9818544387817383e-05,0.0,0.0
1650163885,0.0,0.0,0.0,1.996755599975586e-05,1.9818544387817383e-05,0.0,0.0
1650163886,0.0,0.0,0.0,1.996755599975586e-05,1.9818544387817383e-05,0.0,0.0
1650163887,0.0,4.3570375e-05,0.0,1.996755599975586e-05,1.9818544387817383e-05,48.125,23.75
1650163888,0.0,0.0,0.0,1.996755599975586e-05,1.9818544387817383e-05,0.0,0.0
1650163889,0.0,0.0,0.0,1.996755599975586e-05,1.9818544387817383e-05,0.0,0.0
1650163890,0.0,0.0,0.0,1.996755599975586e-05,1.9818544387817383e-05,0.0,0.0
1650163891,0.0,7.614533333333333e-05,0.0,1.996755599975586e-05,1.9818544387817383e-05,128.33333333333334,63.333333333333336
1650163892,0.0,7.614533333333333e-05,0.0,1.996755599975586e-05,1.9818544387817383e-05,128.33333333333334,63.333333333333336
1650163893,0.0,0.0,0.0,1.996755599975586e-05,1.9818544387817383e-05,0.0,0.0
1650163894,0.0,0.0,0.0,1.996755599975586e-05,1.9818544387817383e-05,0.0,0.0
1650163895,0.0,1.91205e-05,0.0,1.996755599975586e-05,1.9818544387817383e-05,0.0,0.0
1650163896,0.0,1.91205e-05,0.0,1.996755599975586e-05,1.9818544387817383e-05,0.0,0.0
1650163897,0.0,0.0,0.0,1.996755599975586e-05,1.9818544387817383e-05,0.0,0.0
1650163898,0.0,0.0,0.0,1.996755599975586e-05,1.9818544387817383e-05,0.0,0.0
1650163899,0.0,0.0,0.0,1.996755599975586e-05,1.9818544387817383e-05,0.0,0.0
1650163900,0.0,0.0,0.0,1.996755599975586e-05,1.9818544387817383e-05,0.0,0.0
1650163901,0.0,0.0,0.0,1.996755599975586e-05,1.9818544387817383e-05,0.0,0.0
1650163902,0.0,0.0,0.0,1.996755599975586e-05,1.9818544387817383e-05,0.0,0.0
1650163903,0.0,0.0,0.0,1.996755599975586e-05,1.9818544387817383e-05,0.0,0.0
1650163904,0.0,0.0,0.0,1.996755599975586e-05,1.9818544387817383e-05,0.0,0.0
1650163905,0.0,5.51014e-05,0.0,1.996755599975586e-05,1.9818544387817383e-05,77.0,38.0
1650163906,0.0,5.51014e-05,0.0,1.996755599975586e-05,1.9818544387817383e-05,77.0,38.0
1650163907,0.0,0.0,0.0,1.996755599975586e-05,1.9818544387817383e-05,0.0,0.0
1650163908,0.0,0.0,0.0,1.996755599975586e-05,1.9818544387817383e-05,0.0,0.0
1650163909,0.0,0.0,0.0,1.996755599975586e-05,1.9818544387817383e-05,0.0,0.0
1650163910,0.0,0.0,0.0,1.996755599975586e-05,1.9818544387817383e-05,0.0,0.0
1650163911,0.0,0.0,0.0,1.996755599975586e-05,1.9818544387817383e-05,0.0,0.0
1650163912,0.0,0.0,0.0,1.996755599975586e-05,1.9818544387817383e-05,0.0,0.0
1650163913,0.0,0.0,0.0,1.996755599975586e-05,1.9818544387817383e-05,0.0,0.0
1650163914,0.0,7.5424e-05,0.0,1.996755599975586e-05,1.9818544387817383e-05,96.25,47.5
1650163915,0.0,0.0,0.0,1.996755599975586e-05,1.9818544387817383e-05,0.0,0.0
1650163916,0.0,0.0,0.0,1.996755599975586e-05,1.9818544387817383e-05,0.0,0.0
1650163917,0.0,0.0,0.0,1.996755599975586e-05,1.9818544387817383e-05,0.0,0.0
1650163918,0.0,0.0,0.0,1.996755599975586e-05,1.9818544387817383e-05,0.0,0.0
1650163919,0.0,0.0,0.0,1.996755599975586e-05,1.9818544387817383e-05,0.0,0.0
1650163920,0.0,0.0,0.0,1.996755599975586e-05,1.9818544387817383e-05,0.0,0.0
1650163921,0.0,0.0,0.0,1.996755599975586e-05,1.9818544387817383e-05,0.0,0.0
1650163922,0.0,0.0,0.0,1.996755599975586e-05,1.9818544387817383e-05,0.0,0.0
1650163923,0.0,0.0,0.0,1.996755599975586e-05,1.9818544387817383e-05,0.0,0.0
1650163924,0.0,0.0,0.0,1.996755599975586e-05,1.9818544387817383e-05,0.0,0.0
1650163925,0.0,0.0,0.0,1.996755599975586e-05,1.9818544387817383e-05,0.0,0.0
1650163926,0.0,4.0619428571428575e-05,0.0,1.996755599975586e-05,1.9818544387817383e-05,61.0,27.142857142857142
1650163927,0.0,4.0619428571428575e-05,0.0,1.996755599975586e-05,1.9818544387817383e-05,61.0,27.142857142857142
1650163928,0.0,0.0,0.0,1.996755599975586e-05,1.9818544387817383e-05,0.0,0.0
1650163929,0.0,0.0,0.0,1.996755599975586e-05,1.9818544387817383e-05,0.0,0.0
1650163930,0.0,0.0,0.0,1.996755599975586e-05,1.9818544387817383e-05,0.0,0.0
1650163931,0.0,0.0,0.0,1.996755599975586e-05,1.9818544387817383e-05,0.0,0.0
1650163932,0.0,0.0,0.0,1.996755599975586e-05,1.9818544387817383e-05,0.0,0.0
1650163933,0.0,0.0,0.0,1.996755599975586e-05,1.9818544387817383e-05,0.0,0.0
1650163934,0.0,0.0,0.0,1.996755599975586e-05,1.9818544387817383e-05,0.0,0.0
1650163935,0.0,0.0,0.0,1.996755599975586e-05,1.9818544387817383e-05,0.0,0.0
1650163936,0.0,5.293916666666666e-05,0.0,1.996755599975586e-05,1.9818544387817383e-05,64.16666666666667,31.666666666666668
1650163937,0.0,0.000247992,0.0,1.984834671020508e-05,1.96993350982666e-05,393.0,102.0
1650163938,0.0,0.000247992,0.0,1.984834671020508e-05,1.96993350982666e-05,393.0,102.0
1650163939,0.0,0.0,0.0,1.9788742065429688e-05,1.963973045349121e-05,0.0,0.0
1650163940,0.0,0.0,0.0,1.9788742065429688e-05,1.963973045349121e-05,0.0,0.0
1650163941,0.0,0.0,0.0,1.9788742065429688e-05,1.963973045349121e-05,0.0,0.0
1650163942,0.0,0.0,0.0,1.9788742065429688e-05,1.963973045349121e-05,0.0,0.0
1650163943,0.0,0.0001140756666666,0.0,1.9788742065429688e-05,1.963973045349121e-05,156.33333333333334,91.33333333333331
1650163944,0.0,4.9156e-05,0.0,1.9788742065429688e-05,1.963973045349121e-05,0.0,0.0
1650163945,0.0,0.0,0.0,1.9788742065429688e-05,1.963973045349121e-05,0.0,0.0
1650163946,0.0,0.0,0.0,1.9788742065429688e-05,1.963973045349121e-05,0.0,0.0
1650163947,0.0,0.0,0.0,1.9788742065429688e-05,1.963973045349121e-05,0.0,0.0
1650163948,0.0,0.0,0.0,1.9788742065429688e-05,1.963973045349121e-05,0.0,0.0
1650163949,0.0,0.0,0.0,1.9788742065429688e-05,1.963973045349121e-05,0.0,0.0
1650163950,0.0,0.0,0.0,1.9788742065429688e-05,1.963973045349121e-05,0.0,0.0
1650163951,0.0,0.0,0.0,1.9788742065429688e-05,1.963973045349121e-05,0.0,0.0
1650163952,0.0,0.0,0.0,1.9788742065429688e-05,1.963973045349121e-05,0.0,0.0
1650163953,0.0,0.0,0.0,1.9788742065429688e-05,1.963973045349121e-05,0.0,0.0
1650163954,0.0,5.0276666666666666e-05,0.0,1.9788742065429688e-05,1.963973045349121e-05,64.16666666666667,31.666666666666668
1650163955,0.0,0.0,0.0,1.9788742065429688e-05,1.963973045349121e-05,0.0,0.0
1650163956,0.0,0.0,0.0,1.9788742065429688e-05,1.963973045349121e-05,0.0,0.0
1650163957,0.0,0.0,0.0,1.9788742065429688e-05,1.963973045349121e-05,0.0,0.0
1650163958,0.0,0.0,0.0,1.9788742065429688e-05,1.963973045349121e-05,0.0,0.0
1650163959,0.0,0.0,0.0,1.9788742065429688e-05,1.963973045349121e-05,0.0,0.0
1650163960,0.0,0.0,0.0,1.9788742065429688e-05,1.963973045349121e-05,0.0,0.0
1650163961,0.0,0.0,0.0,1.9788742065429688e-05,1.963973045349121e-05,0.0,0.0
1650163962,0.0,0.0,0.0,1.9788742065429688e-05,1.963973045349121e-05,0.0,0.0
1650163963,0.0,0.0,0.0,1.9788742065429688e-05,1.963973045349121e-05,0.0,0.0
1650163964,0.0,0.0,0.0,1.9788742065429688e-05,1.963973045349121e-05,0.0,0.0
1650163965,0.0,0.000292735875,0.0,1.996755599975586e-05,1.9818544387817383e-05,359.0,239.25
1650163966,0.0,0.000292735875,0.0,1.996755599975586e-05,1.9818544387817383e-05,359.0,239.25
1650163967,0.0,0.0002382935,0.0,1.996755599975586e-05,1.9818544387817383e-05,391.5,153.0
1650163968,0.0,0.000304447,0.0,1.996755599975586e-05,1.9818544387817383e-05,522.0,204.0
1650163969,0.0,0.000295867,0.0,1.996755599975586e-05,1.9818544387817383e-05,563.0,246.0
1650163970,0.0,0.000690507,0.0,1.9788742065429688e-05,1.963973045349121e-05,1175.0,408.0
1650163971,0.0,0.000690507,0.0,1.9788742065429688e-05,1.963973045349121e-05,1175.0,408.0
1650163972,0.0,0.0004609945,0.0,1.996755599975586e-05,1.9818544387817383e-05,523.5,300.0
1650163973,0.0,0.000532824,0.0,1.996755599975586e-05,1.9818544387817383e-05,783.0,438.0
1650163974,0.0,0.000566238,0.0,1.996755599975586e-05,1.9818544387817383e-05,522.0,767.0
1650163975,0.0,0.000566238,0.0,1.996755599975586e-05,1.9818544387817383e-05,522.0,767.0
1650163976,0.0,0.0001607845,0.0,1.996755599975586e-05,1.9818544387817383e-05,261.0,102.0
1650163977,0.0,0.0001607845,0.0,1.996755599975586e-05,1.9818544387817383e-05,261.0,102.0
1650163978,0.0,0.0002654865,0.0,1.996755599975586e-05,1.9818544387817383e-05,389.5,153.0
1650163979,0.0,0.000386075,0.0,1.996755599975586e-05,1.9818544387817383e-05,520.0,204.0
1650163980,0.0,0.000386075,0.0,1.996755599975586e-05,1.9818544387817383e-05,520.0,204.0
1650163981,0.0,0.000405264,0.0,1.996755599975586e-05,1.9818544387817383e-05,584.0,248.0
1650163982,0.0,0.000405264,0.0,1.996755599975586e-05,1.9818544387817383e-05,584.0,248.0
1650163983,0.0,0.000411071,0.0,1.996755599975586e-05,1.9818544387817383e-05,526.0,256.0
1650163984,0.0,0.000313615,0.0,1.996755599975586e-05,1.9818544387817383e-05,261.0,830.0
1650163985,0.0,0.000313615,0.0,1.996755599975586e-05,1.9818544387817383e-05,261.0,830.0
1650163986,0.0,0.00031789,0.0,1.996755599975586e-05,1.9818544387817383e-05,522.0,237.0
1650163987,0.0,0.00031789,0.0,1.996755599975586e-05,1.9818544387817383e-05,522.0,237.0
1650163988,0.0,0.0001576875,0.0,1.996755599975586e-05,1.9818544387817383e-05,261.0,102.0
1650163989,0.0,0.000597179,0.01,1.996755599975586e-05,1.9818544387817383e-05,782.0,306.0
1650163990,0.0,0.000597179,0.01,1.996755599975586e-05,1.9818544387817383e-05,782.0,306.0
1650163991,0.01,0.093415752,0.08,0.000169813632965,0.0001696646213531,391.5,153.0
1650163992,0.04,0.693532648,0.68,0.0006598234176635,0.0006546676158905,907.0,394.0
1650163993,0.04,0.693532648,0.68,0.0006598234176635,0.0006546676158905,907.0,394.0
1650163994,2.31,5.567218167,3.22,7.88271427154541e-05,7.867813110351562e-05,527.5,357.0
1650163995,3.19,7.362877894,4.08,7.88271427154541e-05,7.867813110351562e-05,521.0,336.0
1650163996,3.19,7.362877894,4.08,7.88271427154541e-05,7.867813110351562e-05,521.0,336.0
1650163997,2.555,6.129577742,3.53,7.954239845275879e-05,7.939338684082031e-05,521.5,237.0
1650163998,2.79,7.044084005,4.2,7.960200309753418e-05,7.94529914855957e-05,521.0,204.0
1650163999,4.27,10.377885428,6.03,8.040666580200195e-05,8.025765419006348e-05,1346.0,552.0
1650164000,4.27,10.377885428,6.03,8.040666580200195e-05,8.025765419006348e-05,1346.0,552.0
1650164001,2.3,5.600002691,3.275,8.040666580200195e-05,8.025765419006348e-05,584.0,248.0
1650164002,3.67,9.396711651,5.62,8.106231689453125e-05,8.091330528259277e-05,521.0,204.0
1650164003,3.67,9.396711651,5.62,8.106231689453125e-05,8.091330528259277e-05,521.0,204.0
1650164004,2.335,5.5716080115,3.19,8.088350296020508e-05,8.07344913482666e-05,327.0,482.5
1650164005,3.25,7.769690946,4.51,8.13603401184082e-05,8.121132850646973e-05,662.0,410.0
1650164006,3.25,7.769690946,4.51,8.13603401184082e-05,8.121132850646973e-05,662.0,410.0
1650164007,2.265,5.58213255,3.29,8.13603401184082e-05,8.121132850646973e-05,521.5,270.0
1650164008,3.92,9.19137827,5.15,8.165836334228516e-05,8.150935173034668e-05,654.0,336.0
1650164009,3.92,9.19137827,5.15,8.165836334228516e-05,8.150935173034668e-05,654.0,336.0
1650164010,2.435,5.7494810075,3.275,8.165836334228516e-05,8.150935173034668e-05,261.0,102.0
1650164011,3.19,7.634653448,4.36,8.171796798706055e-05,8.156895637512207e-05,1168.0,496.0
1650164012,3.19,7.634653448,4.36,8.171796798706055e-05,8.156895637512207e-05,1168.0,496.0
1650164013,2.735,6.6604258405,3.835,8.210539817810059e-05,8.195638656616211e-05,652.5,255.0
1650164014,3.84,8.777819447,4.87,8.228421211242676e-05,8.213520050048828e-05,522.0,769.0
1650164015,3.84,8.777819447,4.87,8.228421211242676e-05,8.213520050048828e-05,522.0,769.0
1650164016,1.565,3.7465823605,2.14,8.228421211242676e-05,8.213520050048828e-05,397.0,172.0
1650164017,3.07,7.379753346,4.22,8.231401443481445e-05,8.216500282287598e-05,521.0,336.0
1650164018,4.83,11.619959932,6.69,8.246302604675293e-05,8.231401443481445e-05,783.0,372.0
1650164019,4.83,11.619959932,6.69,8.246302604675293e-05,8.231401443481445e-05,783.0,372.0
1650164020,1.96,4.788014142,2.76,8.249282836914062e-05,8.234381675720215e-05,261.0,102.0
1650164021,1.96,4.788014142,2.76,8.249282836914062e-05,8.234381675720215e-05,261.0,102.0
1650164022,2.71,6.4774888575,3.755,8.270144462585449e-05,8.255243301391602e-05,713.5,299.0
1650164023,3.47,8.411785379,4.88,8.273124694824219e-05,8.258223533630371e-05,783.0,306.0
1650164024,4.07,10.083805008,5.95,8.285045623779297e-05,8.270144462585449e-05,1042.0,772.0
1650164025,4.07,10.083805008,5.95,8.285045623779297e-05,8.270144462585449e-05,1042.0,772.0
1650164026,2.28,5.5884235075,3.255,8.288025856018066e-05,8.273124694824219e-05,527.5,223.0
1650164027,3.48,8.510916389,4.98,8.305907249450684e-05,8.291006088256836e-05,261.0,168.0
1650164028,3.48,8.510916389,4.98,8.305907249450684e-05,8.291006088256836e-05,261.0,168.0
1650164029,2.73,6.544216366,3.76,8.323788642883301e-05,8.308887481689453e-05,673.5,342.0
1650164030,2.73,6.544216366,3.76,8.323788642883301e-05,8.308887481689453e-05,673.5,342.0
1650164031,1.84,4.5159054705,2.645,8.323788642883301e-05,8.308887481689453e-05,261.0,102.0
1650164032,4.66,11.207893383,6.45,8.422136306762695e-05,8.407235145568848e-05,1428.0,598.0
1650164033,4.66,11.207893383,6.45,8.422136306762695e-05,8.407235145568848e-05,1428.0,598.0
1650164034,2.67,6.4284186075,3.69,8.356571197509766e-05,8.341670036315918e-05,391.5,536.0
1650164035,2.67,6.4284186075,3.69,8.356571197509766e-05,8.341670036315918e-05,391.5,536.0
1650164036,2.865,6.8645085755,3.955,8.377432823181152e-05,8.362531661987305e-05,391.5,153.0
1650164037,3.18,7.503788629,4.23,8.380413055419922e-05,8.365511894226074e-05,793.0,344.0
1650164038,3.18,7.503788629,4.23,8.380413055419922e-05,8.365511894226074e-05,793.0,344.0
1650164039,2.14,5.1169703035,2.975,8.401274681091309e-05,8.386373519897461e-05,651.5,354.0
1650164040,2.14,5.1169703035,2.975,8.401274681091309e-05,8.386373519897461e-05,651.5,354.0
1650164041,2.325,5.805848063,3.455,8.404254913330078e-05,8.38935375213623e-05,391.0,153.0
1650164042,4.35,11.375959797,6.23,8.416175842285156e-05,8.401274681091309e-05,1167.0,496.0
1650164043,4.35,11.375959797,6.23,8.416175842285156e-05,8.401274681091309e-05,1167.0,496.0
1650164044,1.895,4.6901212535,2.755,8.422136306762695e-05,8.407235145568848e-05,261.0,433.5
1650164045,4.42,10.584574868,6.11,8.442997932434082e-05,8.428096771240234e-05,522.0,204.0
1650164046,4.42,10.584574868,6.11,8.442997932434082e-05,8.428096771240234e-05,522.0,204.0
1650164047,2.23,5.548598195,3.235,8.445978164672852e-05,8.431077003479004e-05,391.5,153.0
1650164048,2.23,5.548598195,3.235,8.445978164672852e-05,8.431077003479004e-05,391.5,153.0
1650164049,2.775,6.863100812,4.005,8.466839790344238e-05,8.45193862915039e-05,397.0,172.0
1650164050,2.8,6.901862064,4.03,8.469820022583008e-05,8.45491886138916e-05,782.0,504.0
1650164051,4.05,9.943325732,5.81,8.493661880493164e-05,8.478760719299316e-05,906.0,394.0
1650164052,4.05,9.943325732,5.81,8.493661880493164e-05,8.478760719299316e-05,906.0,394.0
1650164053,2.485,6.140601764,3.56,8.496642112731934e-05,8.481740951538086e-05,521.5,204.0
1650164054,2.485,6.140601764,3.56,8.496642112731934e-05,8.481740951538086e-05,521.5,204.0
1650164055,2.68,6.65846115,3.895,8.514523506164551e-05,8.499622344970703e-05,652.5,537.5
1650164056,3.34,8.415663532,4.95,8.532404899597168e-05,8.51750373840332e-05,261.0,102.0
1650164057,3.34,8.415663532,4.95,8.532404899597168e-05,8.51750373840332e-05,261.0,102.0
1650164058,2.45,6.009917308,3.505,8.532404899597168e-05,8.51750373840332e-05,521.5,204.0
1650164059,3.81,9.482158921,5.55,8.532404899597168e-05,8.51750373840332e-05,695.0,246.0
1650164060,3.81,9.482158921,5.55,8.532404899597168e-05,8.51750373840332e-05,695.0,246.0
1650164061,2.5,6.1464558045,3.6,8.64565372467041e-05,8.630752563476562e-05,523.5,300.0
1650164062,2.5,6.1464558045,3.6,8.64565372467041e-05,8.630752563476562e-05,523.5,300.0
1650164063,2.8,6.691215023,3.815,8.58604907989502e-05,8.571147918701172e-05,391.0,219.0
1650164064,2.8,6.691215023,3.815,8.58604907989502e-05,8.571147918701172e-05,391.0,219.0
1650164065,2.755,6.697069815,3.84,8.592009544372559e-05,8.577108383178711e-05,391.5,337.5
1650164066,2.755,6.697069815,3.84,8.592009544372559e-05,8.577108383178711e-05,391.5,337.5
1650164067,2.42,5.648560882,3.19,8.609890937805176e-05,8.594989776611328e-05,391.5,153.0
1650164068,4.61,11.427759628,6.69,8.627772331237793e-05,8.612871170043945e-05,522.0,204.0
1650164069,4.61,11.427759628,6.69,8.627772331237793e-05,8.612871170043945e-05,522.0,204.0
1650164070,1.825,4.6565309645,2.78,8.627772331237793e-05,8.612871170043945e-05,130.5,51.0
1650164071,3.82,8.831017186,4.88,8.630752563476562e-05,8.615851402282715e-05,1699.0,870.0
1650164072,3.82,8.831017186,4.88,8.630752563476562e-05,8.615851402282715e-05,1699.0,870.0
1650164073,2.16,5.0938059455,2.855,8.64565372467041e-05,8.630752563476562e-05,260.5,135.0
1650164074,3.82,9.581013255,5.65,8.64863395690918e-05,8.633732795715332e-05,522.0,670.0
1650164075,3.82,9.581013255,5.65,8.64863395690918e-05,8.633732795715332e-05,522.0,670.0
1650164076,2.61,6.2471516655,3.57,8.663535118103027e-05,8.64863395690918e-05,390.5,153.0
1650164077,2.61,6.2471516655,3.57,8.663535118103027e-05,8.64863395690918e-05,390.5,153.0
1650164078,2.39,6.118098137,3.65,8.690357208251953e-05,8.675456047058105e-05,391.5,153.0
1650164079,2.99,7.574369484,4.45,8.690357208251953e-05,8.675456047058105e-05,521.0,204.0
1650164080,4.92,12.144990878,7.04,8.7738037109375e-05,8.758902549743652e-05,1176.0,408.0
1650164081,4.92,12.144990878,7.04,8.7738037109375e-05,8.758902549743652e-05,1176.0,408.0
1650164082,1.48,3.791674923,2.24,8.71419906616211e-05,8.699297904968262e-05,523.0,300.0
1650164083,1.48,3.791674923,2.24,8.71419906616211e-05,8.699297904968262e-05,523.0,300.0
1650164084,2.815,6.758517511,3.885,8.735060691833496e-05,8.720159530639648e-05,261.0,450.0
1650164085,4.85,11.986003994,7.02,8.741021156311035e-05,8.726119995117188e-05,1044.0,408.0
1650164086,4.85,11.986003994,7.02,8.741021156311035e-05,8.726119995117188e-05,1044.0,408.0
1650164087,1.71,4.3931139155,2.64,8.755922317504883e-05,8.741021156311035e-05,390.5,153.0
1650164088,4.39,10.665141165,6.14,8.755922317504883e-05,8.741021156311035e-05,783.0,306.0
1650164089,3.69,8.635528496,4.89,8.854269981384277e-05,8.83936882019043e-05,564.0,246.0
1650164090,3.69,8.635528496,4.89,8.854269981384277e-05,8.83936882019043e-05,564.0,246.0
1650164091,2.13,5.0309864915,2.815,8.7738037109375e-05,8.758902549743652e-05,453.5,197.0
1650164092,2.13,5.0309864915,2.815,8.7738037109375e-05,8.758902549743652e-05,453.5,197.0
1650164093,2.88,6.880006353,3.935,8.791685104370117e-05,8.77678394317627e-05,527.0,256.0
1650164094,3.69,9.168828195,5.39,8.791685104370117e-05,8.77678394317627e-05,520.0,798.0
1650164095,3.69,9.168828195,5.39,8.791685104370117e-05,8.77678394317627e-05,520.0,798.0
1650164096,2.615,6.579450402,3.905,8.812546730041504e-05,8.797645568847656e-05,521.0,204.0
1650164097,2.615,6.579450402,3.905,8.812546730041504e-05,8.797645568847656e-05,521.0,204.0
1650164098,2.02,4.9363801035,2.85,8.815526962280273e-05,8.800625801086426e-05,652.0,255.0
1650164099,5.03,11.511351028,6.42,8.83340835571289e-05,8.818507194519043e-05,1044.0,408.0
1650164100,5.03,11.511351028,6.42,8.83340835571289e-05,8.818507194519043e-05,1044.0,408.0
1650164101,2.265,5.5742231035,3.24,8.83638858795166e-05,8.821487426757812e-05,261.0,102.0
1650164102,4.19,10.352243928,5.65,8.83638858795166e-05,8.821487426757812e-05,1299.0,496.0
1650164103,4.19,10.352243928,5.65,8.83638858795166e-05,8.821487426757812e-05,1299.0,496.0
1650164104,2.635,6.503639209,3.785,8.946657180786133e-05,8.931756019592285e-05,461.5,620.5
1650164105,2.635,6.503639209,3.785,8.946657180786133e-05,8.931756019592285e-05,461.5,620.5
1650164106,2.045,5.1461947715,3.0,8.863210678100586e-05,8.848309516906738e-05,260.5,135.0
1650164107,2.045,5.1461947715,3.0,8.863210678100586e-05,8.848309516906738e-05,260.5,135.0
1650164108,2.77,6.5943655675,3.725,8.884072303771973e-05,8.869171142578125e-05,651.5,255.0
1650164109,3.06,7.496631834,4.3,8.884072303771973e-05,8.869171142578125e-05,780.0,306.0
1650164110,4.12,9.792413578,5.59,8.982419967651367e-05,8.96751880645752e-05,783.0,306.0
1650164111,3.22,7.940223931,4.61,8.910894393920898e-05,8.895993232727051e-05,644.0,292.0
1650164112,3.22,7.940223931,4.61,8.910894393920898e-05,8.895993232727051e-05,644.0,292.0
1650164113,2.43,6.1351864835,3.65,0.000429630279541,0.000429481267929,587.5,204.0
1650164114,2.43,6.1351864835,3.65,0.000429630279541,0.000429481267929,587.5,204.0
1650164115,0.66,1.792848743,1.12,2.014636993408203e-05,1.9997358322143555e-05,461.0,669.5
1650164116,0.66,1.792848743,1.12,2.014636993408203e-05,1.9997358322143555e-05,461.0,669.5
1650164117,0.005,0.0002497335,0.0,2.014636993408203e-05,1.9997358322143555e-05,391.5,186.0
1650164118,0.0,0.000742356,0.01,2.014636993408203e-05,1.9997358322143555e-05,782.0,306.0
1650164119,0.0,0.000514927,0.0,2.014636993408203e-05,1.9997358322143555e-05,824.0,348.0
1650164120,0.0,0.000303161,0.0,2.014636993408203e-05,1.9997358322143555e-05,521.0,204.0
1650164121,0.0,0.000303161,0.0,2.014636993408203e-05,1.9997358322143555e-05,521.0,204.0
1650164122,0.0,0.000278283,0.0,2.014636993408203e-05,1.9997358322143555e-05,453.5,197.0
1650164123,0.0,0.000845272,0.0,2.014636993408203e-05,1.9997358322143555e-05,783.0,1269.0
1650164124,0.0,0.000845272,0.0,2.014636993408203e-05,1.9997358322143555e-05,783.0,1269.0
1650164125,0.0,0.0001506265,0.0,1.996755599975586e-05,1.9818544387817383e-05,196.5,51.0
1650164126,0.0,0.000573226,0.0,2.014636993408203e-05,1.9997358322143555e-05,923.0,578.0
1650164127,0.0,0.000573226,0.0,2.014636993408203e-05,1.9997358322143555e-05,923.0,578.0
1650164128,0.0,0.0003882555,0.0,2.014636993408203e-05,1.9997358322143555e-05,521.5,237.0
1650164129,0.0,0.0003882555,0.0,2.014636993408203e-05,1.9997358322143555e-05,521.5,237.0
1650164130,0.0,0.000294243,0.0,2.014636993408203e-05,1.9997358322143555e-05,391.5,153.0
1650164131,0.0,0.000191048,0.0,2.014636993408203e-05,1.9997358322143555e-05,261.0,102.0
1650164132,0.0,0.000191048,0.0,2.014636993408203e-05,1.9997358322143555e-05,261.0,102.0
1650164133,0.0,0.0005383575,0.0,2.014636993408203e-05,1.9997358322143555e-05,845.0,350.0
1650164134,0.0,0.000629718,0.0,2.014636993408203e-05,1.9997358322143555e-05,782.0,771.0
1650164135,0.0,0.000303459,0.0,2.014636993408203e-05,1.9997358322143555e-05,522.0,204.0
1650164136,0.0,0.000110882,0.0,2.014636993408203e-05,1.9997358322143555e-05,582.0,0.0
1650164137,0.0,0.000110882,0.0,2.014636993408203e-05,1.9997358322143555e-05,582.0,0.0
1650164138,0.0,0.0,0.0,2.014636993408203e-05,1.9997358322143555e-05,231.0,0.0
1650164139,0.0,0.0,0.0,2.014636993408203e-05,1.9997358322143555e-05,231.0,0.0
1650164140,0.0,7.91645e-05,0.0,1.996755599975586e-05,1.9818544387817383e-05,254.0,168.0
1650164141,0.0,0.000520042,0.0,2.014636993408203e-05,1.9997358322143555e-05,388.0,152.0
1650164142,0.0,0.000393136,0.0,2.0325183868408203e-05,2.0176172256469727e-05,475.0,222.0
1650164143,0.0,0.000393136,0.0,2.0325183868408203e-05,2.0176172256469727e-05,475.0,222.0
1650164144,0.0,0.0001292465,0.0,2.0325183868408203e-05,2.0176172256469727e-05,389.0,220.0
1650164145,0.0,0.000424239,0.0,2.050399780273437e-05,2.03549861907959e-05,1416.0,74.0
1650164146,0.0,0.000111329,0.0,2.050399780273437e-05,2.03549861907959e-05,712.0,316.0
1650164147,0.0,0.000111329,0.0,2.050399780273437e-05,2.03549861907959e-05,712.0,316.0
1650164148,0.0,5.62915e-05,0.0,2.050399780273437e-05,2.03549861907959e-05,196.5,318.0
1650164149,0.0,5.62915e-05,0.0,2.050399780273437e-05,2.03549861907959e-05,196.5,318.0
1650164150,0.0,5.70065e-05,0.0,2.050399780273437e-05,2.03549861907959e-05,163.5,123.0
1650164151,0.0,0.000184654,0.0,2.0325183868408203e-05,2.0176172256469727e-05,198.0,168.0
1650164152,0.0,0.000184654,0.0,2.0325183868408203e-05,2.0176172256469727e-05,198.0,168.0
1650164153,0.0,0.000118181,0.0,2.014636993408203e-05,1.9997358322143555e-05,223.0,84.0
1650164154,0.0,0.000118181,0.0,2.014636993408203e-05,1.9997358322143555e-05,223.0,84.0
1650164155,0.0,0.000213051,0.0,1.996755599975586e-05,1.9818544387817383e-05,200.0,84.0
1650164156,0.0,0.0,0.0,1.996755599975586e-05,1.9818544387817383e-05,74.0,0.0
1650164157,0.0,0.0,0.0,1.996755599975586e-05,1.9818544387817383e-05,74.0,0.0
1650164158,0.0,0.0002332935,0.0,2.014636993408203e-05,1.9997358322143555e-05,429.5,306.5
1650164159,0.0,0.000456455,0.0,2.0325183868408203e-05,2.0176172256469727e-05,720.0,74.0
1650164160,0.0,0.000456455,0.0,2.0325183868408203e-05,2.0176172256469727e-05,720.0,74.0
1650164161,0.0,0.000236914,0.0,2.050399780273437e-05,2.03549861907959e-05,294.0,228.0
1650164162,0.0,0.000159625,0.0,2.050399780273437e-05,2.03549861907959e-05,435.0,436.0
1650164163,0.0,0.000159625,0.0,2.050399780273437e-05,2.03549861907959e-05,435.0,436.0
1650164164,0.0,4.83765e-05,0.0,2.050399780273437e-05,2.03549861907959e-05,108.0,126.0
1650164165,0.0,0.000126542,0.0,2.050399780273437e-05,2.03549861907959e-05,327.0,336.0
1650164166,0.0,0.000126542,0.0,2.050399780273437e-05,2.03549861907959e-05,327.0,336.0
1650164167,0.0,5.5751e-05,0.0,2.050399780273437e-05,2.03549861907959e-05,97.0,133.5
1650164168,0.0,0.000450618,0.0,2.0325183868408203e-05,2.0176172256469727e-05,393.0,168.0
1650164169,0.0,0.000450618,0.0,2.0325183868408203e-05,2.0176172256469727e-05,393.0,168.0
1650164170,0.0,8.5225e-05,0.0,2.014636993408203e-05,1.9997358322143555e-05,99.0,84.0
1650164171,0.0,8.5225e-05,0.0,2.014636993408203e-05,1.9997358322143555e-05,99.0,84.0
1650164172,0.0,0.0001564435,0.0,1.996755599975586e-05,1.9818544387817383e-05,585.0,146.0
1650164173,0.0,0.000376853,0.0,2.0951032638549805e-05,2.0802021026611328e-05,409.0,140.0
1650164174,0.0,4.0653e-05,0.0,2.014636993408203e-05,1.9997358322143555e-05,140.0,148.0
1650164175,0.0,4.0653e-05,0.0,2.014636993408203e-05,1.9997358322143555e-05,140.0,148.0
1650164176,0.0,0.0002136515,0.0,2.0325183868408203e-05,2.0176172256469727e-05,200.5,160.0
1650164177,0.0,0.0002136515,0.0,2.0325183868408203e-05,2.0176172256469727e-05,200.5,160.0
1650164178,0.0,0.0003325545,0.005,2.050399780273437e-05,2.03549861907959e-05,260.5,111.0
1650164179,0.0,0.000107085,0.0,2.050399780273437e-05,2.03549861907959e-05,393.0,316.0
1650164180,0.0,0.000254425,0.0,2.050399780273437e-05,2.03549861907959e-05,393.0,336.0
1650164181,0.0,0.000254425,0.0,2.050399780273437e-05,2.03549861907959e-05,393.0,336.0
1650164182,0.0,0.0,0.0,2.050399780273437e-05,2.03549861907959e-05,33.0,84.0
1650164183,0.0,0.000354723,0.0,2.050399780273437e-05,2.03549861907959e-05,580.0,124.0
1650164184,0.0,0.000354723,0.0,2.050399780273437e-05,2.03549861907959e-05,580.0,124.0
1650164185,0.0,0.0001936515,0.0,2.0325183868408203e-05,2.0176172256469727e-05,223.5,84.0
1650164186,0.0,0.000193275,0.0,2.014636993408203e-05,1.9997358322143555e-05,711.0,234.0
1650164187,0.0,0.000193275,0.0,2.014636993408203e-05,1.9997358322143555e-05,711.0,234.0
1650164188,0.0,9.2033e-05,0.0,1.996755599975586e-05,1.9818544387817383e-05,200.0,307.0
1650164189,0.0,9.2033e-05,0.0,1.996755599975586e-05,1.9818544387817383e-05,200.0,307.0
1650164190,0.0,0.0001629585,0.0,2.014636993408203e-05,1.9997358322143555e-05,200.5,74.0
1650164191,0.0,0.0001629585,0.0,2.014636993408203e-05,1.9997358322143555e-05,200.5,74.0
1650164192,0.0,0.0001581065,0.0,2.0325183868408203e-05,2.0176172256469727e-05,225.5,95.0
1650164193,0.0,0.0001581065,0.0,2.0325183868408203e-05,2.0176172256469727e-05,225.5,95.0
1650164194,0.0,0.00032536,0.0,2.050399780273437e-05,2.03549861907959e-05,335.5,237.0
1650164195,0.0,0.000145643,0.0,2.050399780273437e-05,2.03549861907959e-05,327.0,316.0
1650164196,0.0,0.000145643,0.0,2.050399780273437e-05,2.03549861907959e-05,327.0,316.0
1650164197,0.0,0.000123103,0.0,2.050399780273437e-05,2.03549861907959e-05,389.0,230.0
1650164198,0.0,0.000123103,0.0,2.050399780273437e-05,2.03549861907959e-05,389.0,230.0
1650164199,0.0,5.6309e-05,0.0,2.050399780273437e-05,2.03549861907959e-05,163.5,84.0
1650164200,0.0,0.000167176,0.0,2.0325183868408203e-05,2.0176172256469727e-05,583.0,234.0
1650164201,0.0,0.000356012,0.0,2.014636993408203e-05,1.9997358322143555e-05,447.0,168.0
1650164202,0.0,0.000356012,0.0,2.014636993408203e-05,1.9997358322143555e-05,447.0,168.0
1650164203,0.0,0.000134382,0.0,2.002716064453125e-05,1.9878149032592773e-05,136.0,90.0
1650164204,0.0,0.000134382,0.0,2.002716064453125e-05,1.9878149032592773e-05,136.0,90.0
1650164205,0.0,0.0,0.0,1.996755599975586e-05,1.9818544387817383e-05,101.0,33.0
1650164206,0.0,0.000606155,0.0,2.014636993408203e-05,1.9997358322143555e-05,334.0,342.0
1650164207,0.0,0.000606155,0.0,2.014636993408203e-05,1.9997358322143555e-05,334.0,342.0
1650164208,0.0,0.000226377,0.0,2.0325183868408203e-05,2.0176172256469727e-05,237.5,111.0
1650164209,0.0,0.000226377,0.0,2.0325183868408203e-05,2.0176172256469727e-05,237.5,111.0
1650164210,0.0,0.0002852135,0.0,2.1278858184814453e-05,2.1129846572875977e-05,485.5,257.0
1650164211,0.0,0.0002852135,0.0,2.1278858184814453e-05,2.1129846572875977e-05,485.5,257.0
1650164212,0.0,5.5996e-05,0.0,2.050399780273437e-05,2.03549861907959e-05,229.5,242.0
1650164213,0.0,0.000117063,0.0,2.050399780273437e-05,2.03549861907959e-05,261.0,234.0
1650164214,0.0,0.000117063,0.0,2.050399780273437e-05,2.03549861907959e-05,261.0,234.0
1650164215,0.0,0.0001025015,0.0,2.050399780273437e-05,2.03549861907959e-05,130.5,84.0
1650164216,0.0,0.000176986,0.0,2.0325183868408203e-05,2.0176172256469727e-05,252.0,531.0
1650164217,0.0,0.000176986,0.0,2.0325183868408203e-05,2.0176172256469727e-05,252.0,531.0
1650164218,0.0,0.0001492015,0.0,2.014636993408203e-05,1.9997358322143555e-05,223.5,84.0
1650164219,0.0,0.000108554,0.0,2.014636993408203e-05,1.9997358322143555e-05,74.0,0.0
1650164220,0.0,0.000187538,0.0,1.996755599975586e-05,1.9818544387817383e-05,338.0,168.0
1650164221,0.0,0.000187538,0.0,1.996755599975586e-05,1.9818544387817383e-05,338.0,168.0
1650164222,0.0,0.0,0.0,1.996755599975586e-05,1.9818544387817383e-05,37.0,0.0
1650164223,0.0,0.000473473,0.0,2.014636993408203e-05,1.9997358322143555e-05,860.0,346.0
1650164224,0.0,0.000473473,0.0,2.014636993408203e-05,1.9997358322143555e-05,860.0,346.0
1650164225,0.0,0.000227815,0.0,2.0325183868408203e-05,2.0176172256469727e-05,167.0,37.0
1650164226,0.0,0.000417082,0.0,2.050399780273437e-05,2.03549861907959e-05,588.0,456.0
1650164227,0.0,0.000417082,0.0,2.050399780273437e-05,2.03549861907959e-05,588.0,456.0
1650164228,0.0,6.16475e-05,0.0,2.050399780273437e-05,2.03549861907959e-05,196.5,158.0
1650164229,0.0,6.16475e-05,0.0,2.050399780273437e-05,2.03549861907959e-05,196.5,158.0
1650164230,0.0,9.13135e-05,0.0,2.050399780273437e-05,2.03549861907959e-05,229.5,168.0
1650164231,0.0,0.0,0.0,2.050399780273437e-05,2.03549861907959e-05,66.0,168.0
1650164232,0.0,0.0,0.0,2.050399780273437e-05,2.03549861907959e-05,66.0,168.0
1650164233,0.0,0.0001994195,0.0,2.0325183868408203e-05,2.0176172256469727e-05,196.5,84.0
1650164234,0.0,0.0001994195,0.0,2.0325183868408203e-05,2.0176172256469727e-05,196.5,84.0
1650164235,0.0,0.0001783015,0.0,2.014636993408203e-05,1.9997358322143555e-05,223.5,84.0
1650164236,0.0,0.000274652,0.0,2.002716064453125e-05,1.9878149032592773e-05,711.0,292.0
1650164237,0.0,0.000274652,0.0,2.002716064453125e-05,1.9878149032592773e-05,711.0,292.0
1650164238,0.0,0.0,0.0,1.996755599975586e-05,1.9818544387817383e-05,74.0,134.0
1650164239,0.0,0.00037539,0.0,2.014636993408203e-05,1.9997358322143555e-05,475.0,288.0
1650164240,0.0,0.000350128,0.0,2.0325183868408203e-05,2.0176172256469727e-05,335.0,74.0
1650164241,0.0,0.000350128,0.0,2.0325183868408203e-05,2.0176172256469727e-05,335.0,74.0
1650164242,0.0,5.4782e-05,0.0,2.0325183868408203e-05,2.0176172256469727e-05,196.5,158.0
1650164243,0.0,5.4782e-05,0.0,2.0325183868408203e-05,2.0176172256469727e-05,196.5,158.0
1650164244,0.0,0.000360928,0.0,2.050399780273437e-05,2.03549861907959e-05,293.5,195.0
1650164245,0.0,0.000114475,0.0,2.050399780273437e-05,2.03549861907959e-05,132.0,336.0
1650164246,0.0,0.000114475,0.0,2.050399780273437e-05,2.03549861907959e-05,132.0,336.0
1650164247,0.0,5.5961e-05,0.0,2.050399780273437e-05,2.03549861907959e-05,130.5,217.5
1650164248,0.01,0.000436827,0.0,2.0325183868408203e-05,2.0176172256469727e-05,778.0,292.0
1650164249,0.01,0.000436827,0.0,2.0325183868408203e-05,2.0176172256469727e-05,778.0,292.0
1650164250,0.0,0.000186446,0.0,2.0205974578857425e-05,2.0056962966918945e-05,196.0,84.0
1650164251,0.0,0.000186446,0.0,2.0205974578857425e-05,2.0056962966918945e-05,196.0,84.0
1650164252,0.0,0.0,0.0,2.014636993408203e-05,1.9997358322143555e-05,58.0,54.0
1650164253,0.0,0.000271865,0.0,1.996755599975586e-05,1.9818544387817383e-05,314.0,210.0
1650164254,0.0,0.000271865,0.0,1.996755599975586e-05,1.9818544387817383e-05,314.0,210.0
1650164255,0.0,0.0002294345,0.0,2.014636993408203e-05,1.9997358322143555e-05,225.5,58.0
1650164256,0.0,0.0,0.0,2.014636993408203e-05,1.9997358322143555e-05,140.0,413.0
1650164257,0.0,0.0,0.0,2.014636993408203e-05,1.9997358322143555e-05,140.0,413.0
1650164258,0.0,0.000307548,0.0,2.0325183868408203e-05,2.0176172256469727e-05,364.0,195.0
1650164259,0.0,0.000363831,0.0,2.050399780273437e-05,2.03549861907959e-05,261.0,74.0
1650164260,0.0,0.000363831,0.0,2.050399780273437e-05,2.03549861907959e-05,261.0,74.0
1650164261,0.0,5.95575e-05,0.0,2.050399780273437e-05,2.03549861907959e-05,163.5,158.0
1650164262,0.0,0.000140309,0.0,2.050399780273437e-05,2.03549861907959e-05,583.0,460.0
1650164263,0.0,0.000108833,0.0,2.050399780273437e-05,2.03549861907959e-05,327.0,168.0
1650164264,0.0,0.000108833,0.0,2.050399780273437e-05,2.03549861907959e-05,327.0,168.0
1650164265,0.0,0.0002374855,0.0,2.0325183868408203e-05,2.0176172256469727e-05,196.5,117.0
1650164266,0.0,0.000110429,0.0,2.0325183868408203e-05,2.0176172256469727e-05,195.0,0.0
1650164267,0.0,0.000110429,0.0,2.0325183868408203e-05,2.0176172256469727e-05,195.0,0.0
1650164268,0.0,0.0,0.0,2.0325183868408203e-05,2.0176172256469727e-05,0.0,132.5
1650164269,0.0,0.000486452,0.0,2.050399780273437e-05,2.03549861907959e-05,662.0,410.0
1650164270,0.0,0.000705007,0.0,2.0325183868408203e-05,2.0176172256469727e-05,1175.0,618.0
1650164271,0.0,0.000705007,0.0,2.0325183868408203e-05,2.0176172256469727e-05,1175.0,618.0
1650164272,0.0,0.0004398935,0.0,2.0325183868408203e-05,2.0176172256469727e-05,714.5,299.0
1650164273,0.0,0.000535418,0.0,2.014636993408203e-05,1.9997358322143555e-05,914.0,384.0
1650164274,0.0,0.000535418,0.0,2.014636993408203e-05,1.9997358322143555e-05,914.0,384.0
1650164275,0.0,0.0002527955,0.0,2.014636993408203e-05,1.9997358322143555e-05,260.5,383.5
1650164276,0.0,0.000518466,0.0,2.014636993408203e-05,1.9997358322143555e-05,782.0,306.0
1650164277,0.0,0.000518466,0.0,2.014636993408203e-05,1.9997358322143555e-05,782.0,306.0
1650164278,0.0,0.000441182,0.0,2.014636993408203e-05,1.9997358322143555e-05,652.0,255.0
1650164279,0.0,0.000441182,0.0,2.014636993408203e-05,1.9997358322143555e-05,652.0,255.0
1650164280,0.0,0.00036122,0.0,2.014636993408203e-05,1.9997358322143555e-05,527.5,256.0
1650164281,0.0,0.000182203,0.0,2.014636993408203e-05,1.9997358322143555e-05,261.0,168.0
1650164282,0.0,0.000702602,0.0,2.014636993408203e-05,1.9997358322143555e-05,907.0,460.0
1650164283,0.0,0.000702602,0.0,2.014636993408203e-05,1.9997358322143555e-05,907.0,460.0
1650164284,0.0,0.00026335,0.0,2.014636993408203e-05,1.9997358322143555e-05,260.5,335.0
1650164285,0.0,0.000739121,0.0,2.014636993408203e-05,1.9997358322143555e-05,1305.0,510.0
1650164286,0.0,0.000739121,0.0,2.014636993408203e-05,1.9997358322143555e-05,1305.0,510.0
1650164287,0.0,0.000405167,0.0,2.014636993408203e-05,1.9997358322143555e-05,522.0,204.0
1650164288,0.0,0.000405167,0.0,2.014636993408203e-05,1.9997358322143555e-05,522.0,204.0
1650164289,0.0,0.0002767065,0.0,1.996755599975586e-05,1.9818544387817383e-05,457.0,153.0
1650164290,0.0,0.0002767065,0.0,1.996755599975586e-05,1.9818544387817383e-05,457.0,153.0
1650164291,0.0,0.0003845375,0.0,2.014636993408203e-05,1.9997358322143555e-05,461.5,289.0
1650164292,0.0,0.000892346,0.0,2.014636993408203e-05,1.9997358322143555e-05,1166.0,562.0
1650164293,0.0,0.000892346,0.0,2.014636993408203e-05,1.9997358322143555e-05,1166.0,562.0
1650164294,0.0,0.000285955,0.0,2.014636993408203e-05,1.9997358322143555e-05,391.5,484.0
1650164295,0.0,0.000298853,0.0,2.014636993408203e-05,1.9997358322143555e-05,521.0,204.0
1650164296,0.0,0.000298853,0.0,2.014636993408203e-05,1.9997358322143555e-05,521.0,204.0
1650164297,0.0,0.000218239,0.0,2.014636993408203e-05,1.9997358322143555e-05,391.0,153.0
1650164298,0.0,0.00015731,0.0,2.014636993408203e-05,1.9997358322143555e-05,261.0,102.0
1650164299,0.0,0.00015731,0.0,2.014636993408203e-05,1.9997358322143555e-05,261.0,102.0
1650164300,0.0,5.8274e-05,0.0,2.014636993408203e-05,1.9997358322143555e-05,292.5,0.0
1650164301,0.0,0.000481364,0.0,2.014636993408203e-05,1.9997358322143555e-05,794.0,422.0
1650164302,0.0,0.000481364,0.0,2.014636993408203e-05,1.9997358322143555e-05,794.0,422.0
1650164303,0.0,0.000174308,0.0,2.014636993408203e-05,1.9997358322143555e-05,618.0,129.0
1650164304,0.0,4.0136e-05,0.0,2.014636993408203e-05,1.9997358322143555e-05,66.0,102.0
1650164305,0.0,0.000233973,0.0,2.014636993408203e-05,1.9997358322143555e-05,846.0,180.0
1650164306,0.0,0.000233973,0.0,2.014636993408203e-05,1.9997358322143555e-05,846.0,180.0
1650164307,0.0,0.0002638805,0.0,2.014636993408203e-05,1.9997358322143555e-05,521.5,204.0
1650164308,0.0,0.000168423,0.0,2.014636993408203e-05,1.9997358322143555e-05,261.0,102.0
1650164309,0.0,0.000168423,0.0,2.014636993408203e-05,1.9997358322143555e-05,261.0,102.0
1650164310,0.0,0.0001524445,0.0,2.014636993408203e-05,1.9997358322143555e-05,422.5,84.0
1650164311,0.0,0.001075511,0.0,2.0176172256469727e-05,2.002716064453125e-05,989.0,356.0
1650164312,0.0,0.001075511,0.0,2.0176172256469727e-05,2.002716064453125e-05,989.0,356.0
1650164313,0.0,0.0,0.0,2.0176172256469727e-05,2.002716064453125e-05,37.0,0.0
1650164314,0.0,0.0,0.0,2.0176172256469727e-05,2.002716064453125e-05,37.0,0.0
1650164315,0.0,0.00026431,0.0,2.03549861907959e-05,2.0205974578857425e-05,233.5,172.0
1650164316,0.0,0.000620537,0.0,2.03549861907959e-05,2.0205974578857425e-05,783.0,438.0
1650164317,0.0,0.000209179,0.0,2.03549861907959e-05,2.0205974578857425e-05,194.0,0.0
1650164318,0.0,0.000209179,0.0,2.03549861907959e-05,2.0205974578857425e-05,194.0,0.0
1650164319,0.0,6.19685e-05,0.0,2.03549861907959e-05,2.0205974578857425e-05,194.5,72.0
1650164320,0.0,6.19685e-05,0.0,2.03549861907959e-05,2.0205974578857425e-05,194.5,72.0
1650164321,0.0,0.0003715195,0.0,2.014636993408203e-05,1.9997358322143555e-05,817.0,360.0
1650164322,0.0,0.0003715195,0.0,2.014636993408203e-05,1.9997358322143555e-05,817.0,360.0
1650164323,0.0,0.0,0.0,2.014636993408203e-05,1.9997358322143555e-05,70.0,33.0
1650164324,0.0,0.000661923,0.0,2.0325183868408203e-05,2.0176172256469727e-05,660.0,316.0
1650164325,0.0,0.000154171,0.0,2.0325183868408203e-05,2.0176172256469727e-05,369.0,204.0
1650164326,0.0,0.000154171,0.0,2.0325183868408203e-05,2.0176172256469727e-05,369.0,204.0
1650164327,0.0,0.000215813,0.0,2.0325183868408203e-05,2.0176172256469727e-05,454.5,195.0
1650164328,0.0,0.000215813,0.0,2.0325183868408203e-05,2.0176172256469727e-05,454.5,195.0
1650164329,0.0,5.6617e-05,0.0,2.0325183868408203e-05,2.0176172256469727e-05,130.5,51.0
1650164330,0.0,0.000222549,0.0,2.0325183868408203e-05,2.0176172256469727e-05,456.0,102.0
1650164331,0.0,0.000766066,0.0,2.03549861907959e-05,2.0205974578857425e-05,522.0,204.0
1650164332,0.0,0.000766066,0.0,2.03549861907959e-05,2.0205974578857425e-05,522.0,204.0
1650164333,0.0,0.0001455685,0.0,2.0176172256469727e-05,2.002716064453125e-05,266.5,102.0
1650164334,0.0,0.000248496,0.0,2.0176172256469727e-05,2.002716064453125e-05,599.0,576.0
1650164335,0.0,0.000490201,0.0,2.03549861907959e-05,2.0205974578857425e-05,595.0,308.0
1650164336,0.0,0.000490201,0.0,2.03549861907959e-05,2.0205974578857425e-05,595.0,308.0
1650164337,0.0,0.0004838555,0.0,2.053380012512207e-05,2.0384788513183597e-05,657.5,329.0
1650164338,0.0,0.000231318,0.0,2.053380012512207e-05,2.0384788513183597e-05,843.0,246.0
1650164339,0.0,0.000292825,0.0,2.053380012512207e-05,2.0384788513183597e-05,588.0,372.0
1650164340,0.0,0.000292825,0.0,2.053380012512207e-05,2.0384788513183597e-05,588.0,372.0
1650164341,0.0,0.0002346995,0.0,2.053380012512207e-05,2.0384788513183597e-05,488.0,153.0
1650164342,0.0,0.000111481,0.0,2.053380012512207e-05,2.0384788513183597e-05,261.0,168.0
1650164343,0.0,0.000111481,0.0,2.053380012512207e-05,2.0384788513183597e-05,261.0,168.0
1650164344,0.0,0.00028559,0.0,2.03549861907959e-05,2.0205974578857425e-05,196.0,333.0
1650164345,0.0,0.000578463,0.0,2.0176172256469727e-05,2.002716064453125e-05,1490.0,394.0
1650164346,0.0,0.0,0.0,2.0176172256469727e-05,2.002716064453125e-05,459.0,78.0
1650164347,0.0,0.0,0.0,2.0176172256469727e-05,2.002716064453125e-05,459.0,78.0
1650164348,0.0,0.000247585,0.0,2.03549861907959e-05,2.0205974578857425e-05,331.0,139.0
1650164349,0.0,0.00033917,0.0,2.03549861907959e-05,2.0205974578857425e-05,717.0,270.0
1650164350,0.0,0.000124617,0.0,2.03549861907959e-05,2.0205974578857425e-05,261.0,102.0
1650164351,0.0,0.000124617,0.0,2.03549861907959e-05,2.0205974578857425e-05,261.0,102.0
1650164352,0.0,0.0,0.0,2.03549861907959e-05,2.0205974578857425e-05,97.5,39.0
1650164353,0.0,0.0,0.0,2.03549861907959e-05,2.0205974578857425e-05,97.5,39.0
1650164354,0.0,0.0003921105,0.005,2.053380012512207e-05,2.0384788513183597e-05,428.5,338.5
1650164355,0.0,0.000541988,0.0,2.053380012512207e-05,2.0384788513183597e-05,973.0,460.0
1650164356,0.0,0.0,0.0,2.053380012512207e-05,2.0384788513183597e-05,456.0,180.0
1650164357,0.0,0.000555832,0.0,2.03549861907959e-05,2.0205974578857425e-05,719.0,438.0
1650164358,0.0,0.000555832,0.0,2.03549861907959e-05,2.0205974578857425e-05,719.0,438.0
1650164359,0.0,0.0001866285,0.0,2.03549861907959e-05,2.0205974578857425e-05,358.5,141.0
1650164360,0.0,0.0001866285,0.0,2.03549861907959e-05,2.0205974578857425e-05,358.5,141.0
1650164361,0.0,0.000104914,0.0,2.03549861907959e-05,2.0205974578857425e-05,261.0,135.0
1650164362,0.0,0.000104914,0.0,2.03549861907959e-05,2.0205974578857425e-05,261.0,135.0
1650164363,0.0,0.0002471565,0.0,2.0176172256469727e-05,2.002716064453125e-05,326.5,102.0
1650164364,0.0,0.000763612,0.0,2.03549861907959e-05,2.0205974578857425e-05,923.0,446.0
1650164365,0.0,0.000763612,0.0,2.03549861907959e-05,2.0205974578857425e-05,923.0,446.0
1650164366,0.0,0.0002482075,0.0,2.03549861907959e-05,2.0205974578857425e-05,486.5,197.0
1650164367,0.0,0.000137605,0.0,2.03549861907959e-05,2.0205974578857425e-05,456.0,180.0
1650164368,0.0,0.000137605,0.0,2.03549861907959e-05,2.0205974578857425e-05,456.0,180.0
1650164369,0.0,0.0001182215,0.0,2.03549861907959e-05,2.0205974578857425e-05,325.5,51.0
1650164370,0.0,0.0001182215,0.0,2.03549861907959e-05,2.0205974578857425e-05,325.5,51.0
1650164371,0.0,0.000104154,0.0,2.03549861907959e-05,2.0205974578857425e-05,227.0,51.0
1650164372,0.0,0.000508189,0.0,2.053380012512207e-05,2.0384788513183597e-05,789.0,176.0
1650164373,0.0,0.000508189,0.0,2.053380012512207e-05,2.0384788513183597e-05,789.0,176.0
1650164374,0.0,0.0001409955,0.0,2.053380012512207e-05,2.0384788513183597e-05,227.5,123.0
1650164375,0.0,0.0001409955,0.0,2.053380012512207e-05,2.0384788513183597e-05,227.5,123.0
1650164376,0.0,0.000184866,0.0,2.053380012512207e-05,2.0384788513183597e-05,550.5,203.0
1650164377,0.0,0.000111083,0.0,2.053380012512207e-05,2.0384788513183597e-05,1226.0,102.0
1650164378,0.0,0.000269555,0.0,2.053380012512207e-05,2.0384788513183597e-05,907.0,336.0
1650164379,0.0,0.000269555,0.0,2.053380012512207e-05,2.0384788513183597e-05,907.0,336.0
1650164380,0.0,0.00015567,0.0,2.053380012512207e-05,2.0384788513183597e-05,261.0,102.0
1650164381,0.0,0.00015567,0.0,2.053380012512207e-05,2.0384788513183597e-05,261.0,102.0
1650164382,0.0,0.0003016995,0.0,2.03549861907959e-05,2.0205974578857425e-05,712.0,141.0
1650164383,0.0,0.0003016995,0.0,2.03549861907959e-05,2.0205974578857425e-05,712.0,141.0
1650164384,0.0,0.0001988165,0.0,2.053380012512207e-05,2.0384788513183597e-05,204.5,37.0
1650164385,0.0,0.0,0.0,2.053380012512207e-05,2.0384788513183597e-05,66.0,102.0
1650164386,0.0,0.000712349,0.0,2.053380012512207e-05,2.0384788513183597e-05,783.0,306.0
1650164387,0.0,0.000712349,0.0,2.053380012512207e-05,2.0384788513183597e-05,783.0,306.0
1650164388,0.0,7.97705e-05,0.0,2.053380012512207e-05,2.0384788513183597e-05,130.5,51.0
1650164389,0.0,0.000458439,0.0,2.053380012512207e-05,2.0384788513183597e-05,906.0,328.0
1650164390,0.0,0.000458439,0.0,2.053380012512207e-05,2.0384788513183597e-05,906.0,328.0
1650164391,0.0,0.000155514,0.0,2.053380012512207e-05,2.0384788513183597e-05,453.5,141.0
1650164392,0.0,0.000155514,0.0,2.053380012512207e-05,2.0384788513183597e-05,453.5,141.0
1650164393,0.0,0.0002180235,0.0,2.053380012512207e-05,2.0384788513183597e-05,324.5,51.0
1650164394,0.0,0.0002180235,0.0,2.053380012512207e-05,2.0384788513183597e-05,324.5,51.0
1650164395,0.0,0.0003889805,0.0,2.09808349609375e-05,2.0831823348999023e-05,415.5,109.0
1650164396,0.0,0.000323029,0.0,2.059340476989746e-05,2.0444393157958984e-05,1047.0,384.0
1650164397,0.0,0.000323029,0.0,2.059340476989746e-05,2.0444393157958984e-05,1047.0,384.0
1650164398,0.0,0.0001671865,0.0,2.059340476989746e-05,2.0444393157958984e-05,261.0,102.0
1650164399,0.0,0.000379565,0.0,2.059340476989746e-05,2.0444393157958984e-05,1031.0,226.0
1650164400,0.0,0.000379565,0.0,2.059340476989746e-05,2.0444393157958984e-05,1031.0,226.0
1650164401,0.0,0.000154658,0.0,2.059340476989746e-05,2.0444393157958984e-05,612.5,90.0
1650164402,0.0,0.000154658,0.0,2.059340476989746e-05,2.0444393157958984e-05,612.5,90.0
1650164403,0.0,0.0001432565,0.0,2.059340476989746e-05,2.0444393157958984e-05,391.0,186.0
1650164404,0.0,0.001078693,0.0,2.041459083557129e-05,2.026557922363281e-05,1632.0,510.0
1650164405,0.0,0.000364825,0.0,2.1398067474365234e-05,2.124905586242676e-05,409.0,74.0
1650164406,0.0,0.000364825,0.0,2.1398067474365234e-05,2.124905586242676e-05,409.0,74.0
1650164407,0.0,0.0,0.0,2.059340476989746e-05,2.0444393157958984e-05,37.0,0.0
1650164408,0.0,0.0,0.0,2.059340476989746e-05,2.0444393157958984e-05,37.0,0.0
1650164409,0.0,5.5846e-05,0.0,2.059340476989746e-05,2.0444393157958984e-05,171.5,0.0
1650164410,0.0,0.000414163,0.0,2.0772218704223636e-05,2.062320709228516e-05,859.0,338.0
1650164411,0.0,0.000393295,0.0,2.0772218704223636e-05,2.062320709228516e-05,782.0,306.0
1650164412,0.0,0.000393295,0.0,2.0772218704223636e-05,2.062320709228516e-05,782.0,306.0
1650164413,0.0,0.000255582,0.0,2.092123031616211e-05,2.0772218704223636e-05,523.0,261.0
1650164414,0.0,0.000342152,0.0,2.092123031616211e-05,2.0772218704223636e-05,456.0,168.0
1650164415,0.0,0.000342152,0.0,2.092123031616211e-05,2.0772218704223636e-05,456.0,168.0
1650164416,0.0,7.80105e-05,0.0,2.092123031616211e-05,2.0772218704223636e-05,163.5,102.0
1650164417,0.0,0.000568738,0.0,2.0802021026611328e-05,2.065300941467285e-05,914.0,306.0
1650164418,0.0,0.000568738,0.0,2.0802021026611328e-05,2.065300941467285e-05,914.0,306.0
1650164419,0.0,0.00030753,0.0,2.0742416381835938e-05,2.059340476989746e-05,461.5,88.0
1650164420,0.0,0.000416843,0.0,2.059340476989746e-05,2.0444393157958984e-05,1300.0,652.0
1650164421,0.0,0.000117243,0.0,2.059340476989746e-05,2.0444393157958984e-05,261.0,102.0
1650164422,0.0,0.000117243,0.0,2.059340476989746e-05,2.0444393157958984e-05,261.0,102.0
1650164423,0.0,0.0002453155,0.0,2.059340476989746e-05,2.0444393157958984e-05,422.0,51.0
1650164424,0.0,0.0002453155,0.0,2.059340476989746e-05,2.0444393157958984e-05,422.0,51.0
1650164425,0.0,0.0001429835,0.0,2.0742416381835938e-05,2.059340476989746e-05,395.5,166.0
1650164426,0.0,0.000253836,0.0,2.0742416381835938e-05,2.059340476989746e-05,588.0,438.0
1650164427,0.0,0.000253836,0.0,2.0742416381835938e-05,2.059340476989746e-05,588.0,438.0
1650164428,0.0,0.000240236,0.0,2.0742416381835938e-05,2.059340476989746e-05,391.5,186.0
1650164429,0.0,0.000240236,0.0,2.0742416381835938e-05,2.059340476989746e-05,391.5,186.0
1650164430,0.0,0.000202512,0.0,2.0742416381835938e-05,2.059340476989746e-05,485.0,134.0
1650164431,0.0,0.000554503,0.0,2.059340476989746e-05,2.0444393157958984e-05,981.0,606.0
1650164432,0.0,0.000554503,0.0,2.059340476989746e-05,2.0444393157958984e-05,981.0,606.0
1650164433,0.0,0.000264698,0.0,2.059340476989746e-05,2.0444393157958984e-05,391.5,186.0
1650164434,0.0,0.000636245,0.0,2.059340476989746e-05,2.0444393157958984e-05,519.0,671.0
1650164435,0.0,0.000249383,0.0,2.041459083557129e-05,2.026557922363281e-05,393.0,102.0
1650164436,0.0,0.000337133,0.0,2.059340476989746e-05,2.0444393157958984e-05,401.0,242.0
1650164437,0.0,0.000337133,0.0,2.059340476989746e-05,2.0444393157958984e-05,401.0,242.0
1650164438,0.0,0.0003515105,0.0,2.059340476989746e-05,2.0444393157958984e-05,522.0,303.0
1650164439,0.0,0.000294963,0.0,2.059340476989746e-05,2.0444393157958984e-05,522.0,204.0
1650164440,0.0,0.000294963,0.0,2.059340476989746e-05,2.0444393157958984e-05,522.0,204.0
1650164441,0.0,0.000339133,0.0,2.059340476989746e-05,2.0444393157958984e-05,453.0,197.0
1650164442,0.0,0.000299356,0.0,2.059340476989746e-05,2.0444393157958984e-05,522.0,204.0
1650164443,0.0,0.000299356,0.0,2.059340476989746e-05,2.0444393157958984e-05,522.0,204.0
1650164444,0.0,0.0003059785,0.0,2.059340476989746e-05,2.0444393157958984e-05,391.5,387.5
1650164445,0.0,0.0003059785,0.0,2.059340476989746e-05,2.0444393157958984e-05,391.5,387.5
1650164446,0.0,0.0002386055,0.0,2.059340476989746e-05,2.0444393157958984e-05,391.5,153.0
1650164447,0.0,0.000924469,0.0,2.059340476989746e-05,2.0444393157958984e-05,1316.0,680.0
1650164448,0.0,0.000924469,0.0,2.059340476989746e-05,2.0444393157958984e-05,1316.0,680.0
1650164449,0.0,0.0003240475,0.005,2.059340476989746e-05,2.0444393157958984e-05,412.5,207.0
1650164450,0.0,0.0003240475,0.005,2.059340476989746e-05,2.0444393157958984e-05,412.5,207.0
1650164451,0.0,0.000550576,0.0,2.059340476989746e-05,2.0444393157958984e-05,844.5,350.0
1650164452,0.0,0.000550576,0.0,2.059340476989746e-05,2.0444393157958984e-05,844.5,350.0
1650164453,0.0,0.0002931065,0.0,2.059340476989746e-05,2.0444393157958984e-05,522.0,204.0
1650164454,0.0,0.000459768,0.0,2.059340476989746e-05,2.0444393157958984e-05,521.0,570.0
1650164455,0.0,0.000303537,0.0,2.059340476989746e-05,2.0444393157958984e-05,520.0,204.0
1650164456,0.0,0.000303537,0.0,2.059340476989746e-05,2.0444393157958984e-05,520.0,204.0
1650164457,0.0,0.00047129,0.0,2.059340476989746e-05,2.0444393157958984e-05,657.5,274.0
1650164458,0.0,0.000442262,0.0,2.059340476989746e-05,2.0444393157958984e-05,783.0,504.0
1650164459,0.0,0.000442262,0.0,2.059340476989746e-05,2.0444393157958984e-05,783.0,504.0
