timestamp,cpu_usage_system,cpu_usage_total,cpu_usage_user,memory_usage,memory_working_set,rx_bytes,tx_bytes
1650163049,0.0,0.004074509,0.0,8.624792098999023e-05,8.624792098999023e-05,2419112.0,3994.0
1650163050,0.0,0.004074509,0.0,8.624792098999023e-05,8.624792098999023e-05,2419112.0,3994.0
1650163051,0.0,0.004074509,0.0,8.624792098999023e-05,8.624792098999023e-05,2419112.0,3994.0
1650163052,0.005,0.001622627,0.0,8.627772331237793e-05,8.627772331237793e-05,1209084.0,1560.0
1650163053,0.0,0.006415976,0.0,8.627772331237793e-05,8.627772331237793e-05,3628436.0,6712.0
1650163054,0.0,0.006415976,0.0,8.627772331237793e-05,8.627772331237793e-05,3628436.0,6712.0
1650163055,0.0,0.0023930545,0.0,8.627772331237793e-05,8.627772331237793e-05,1814401.5,2752.5
1650163056,0.0,0.0023930545,0.0,8.627772331237793e-05,8.627772331237793e-05,1814401.5,2752.5
1650163057,0.005,0.0026873205,0.0,6.955862045288086e-05,6.955862045288086e-05,1209924.0,1919.0
1650163058,0.01,0.00562782,0.0,8.627772331237793e-05,8.627772331237793e-05,2419524.0,3516.0
1650163059,0.01,0.00562782,0.0,8.627772331237793e-05,8.627772331237793e-05,2419524.0,3516.0
1650163060,0.0,0.003858632,0.005,8.600950241088867e-05,8.600950241088867e-05,2419898.0,3636.0
1650163061,0.0,0.003858632,0.005,8.600950241088867e-05,8.600950241088867e-05,2419898.0,3636.0
1650163062,0.0,0.0015931745,0.0,8.624792098999023e-05,8.624792098999023e-05,1210054.0,1663.0
1650163063,0.01,0.004726875,0.0,8.624792098999023e-05,8.624792098999023e-05,2420226.0,3516.0
1650163064,0.01,0.004726875,0.0,8.624792098999023e-05,8.624792098999023e-05,2420226.0,3516.0
1650163065,0.0,0.0032353725,0.005,8.624792098999023e-05,8.624792098999023e-05,2420348.5,3186.0
1650163066,0.0,0.0032353725,0.005,8.624792098999023e-05,8.624792098999023e-05,2420348.5,3186.0
1650163067,0.005,0.0017256435,0.0,8.624792098999023e-05,8.624792098999023e-05,1210791.5,1985.0
1650163068,0.0,0.009892721,0.0,8.627772331237793e-05,8.627772331237793e-05,7264350.0,11340.0
1650163069,0.0,0.009892721,0.0,8.627772331237793e-05,8.627772331237793e-05,7264350.0,11340.0
1650163070,0.0,0.002365263,0.0,8.627772331237793e-05,8.627772331237793e-05,1815948.5,2389.5
1650163071,0.0,0.002365263,0.0,8.627772331237793e-05,8.627772331237793e-05,1815948.5,2389.5
1650163072,0.005,0.003219852,0.0,8.627772331237793e-05,8.627772331237793e-05,1816631.0,2657.5
1650163073,0.0,0.003529469,0.0,8.627772331237793e-05,8.627772331237793e-05,2422606.0,5719.0
1650163074,0.0,0.003529469,0.0,8.627772331237793e-05,8.627772331237793e-05,2422606.0,5719.0
1650163075,0.005,0.001861489,0.0,8.633732795715332e-05,8.633732795715332e-05,1211433.0,2055.0
1650163076,0.0,0.003889248,0.0,8.633732795715332e-05,8.633732795715332e-05,2423443.0,4300.0
1650163077,0.0,0.003824772,0.01,8.633732795715332e-05,8.633732795715332e-05,2423117.0,3912.0
1650163078,0.0,0.003824772,0.01,8.633732795715332e-05,8.633732795715332e-05,2423117.0,3912.0
1650163079,0.0,0.0009601305,0.0,6.955862045288086e-05,6.955862045288086e-05,605914.5,994.5
1650163080,0.0,0.006935191,0.01,6.955862045288086e-05,6.955862045288086e-05,3635379.0,6033.0
1650163081,0.01,0.00810251,0.0,6.937980651855469e-05,6.937980651855469e-05,3635612.0,5241.0
1650163082,0.01,0.00810251,0.0,6.937980651855469e-05,6.937980651855469e-05,3635612.0,5241.0
1650163083,0.0,0.0015818225,0.0,8.633732795715332e-05,8.633732795715332e-05,606020.0,1031.5
1650163084,0.0,0.005438785,0.0,8.633732795715332e-05,8.633732795715332e-05,3635659.0,6313.0
1650163085,0.0,0.005438785,0.0,8.633732795715332e-05,8.633732795715332e-05,3635659.0,6313.0
1650163086,0.0,0.001808287,0.0,8.633732795715332e-05,8.633732795715332e-05,1212243.5,2018.0
1650163087,0.0,0.001808287,0.0,8.633732795715332e-05,8.633732795715332e-05,1212243.5,2018.0
1650163088,0.0,0.0026762055,0.005,6.958842277526855e-05,6.958842277526855e-05,1818487.5,2917.5
1650163089,0.0,0.003029434,0.0,6.958842277526855e-05,6.958842277526855e-05,1212465.0,2055.0
1650163090,0.01,0.004627603,0.0,6.958842277526855e-05,6.958842277526855e-05,2424612.0,3384.0
1650163091,0.01,0.004627603,0.0,6.958842277526855e-05,6.958842277526855e-05,2424612.0,3384.0
1650163092,0.0,0.0030840525,0.005,6.958842277526855e-05,6.958842277526855e-05,1212765.0,2022.0
1650163093,0.0,0.005824847,0.0,6.93202018737793e-05,6.93202018737793e-05,2424863.0,3578.0
1650163094,0.01,0.0088079,0.0,8.633732795715332e-05,8.633732795715332e-05,3638093.0,5843.0
1650163095,0.01,0.0088079,0.0,8.633732795715332e-05,8.633732795715332e-05,3638093.0,5843.0
1650163096,0.0,0.0027419625,0.0,6.958842277526855e-05,6.958842277526855e-05,1213062.5,2150.0
1650163097,0.0,0.007875693,0.0,6.955862045288086e-05,6.955862045288086e-05,3638605.0,5307.0
1650163098,0.0,0.007875693,0.0,6.955862045288086e-05,6.955862045288086e-05,3638605.0,5307.0
1650163099,0.01,0.007115845,0.005,6.955862045288086e-05,6.955862045288086e-05,1819863.5,3052.5
1650163100,0.01,0.007115845,0.005,6.955862045288086e-05,6.955862045288086e-05,1819863.5,3052.5
1650163101,0.005,0.0036252995,0.0,8.633732795715332e-05,8.633732795715332e-05,1819688.5,2617.5
1650163102,0.005,0.0036252995,0.0,8.633732795715332e-05,8.633732795715332e-05,1819688.5,2617.5
1650163103,0.0,0.005245448,0.005,6.955862045288086e-05,6.955862045288086e-05,2426891.5,3747.0
1650163104,0.01,0.008841557,0.0,6.955862045288086e-05,6.955862045288086e-05,3640487.0,6275.0
1650163105,0.01,0.008841557,0.0,6.955862045288086e-05,6.955862045288086e-05,3640487.0,6275.0
1650163106,0.005,0.006081052,0.0,6.955862045288086e-05,6.955862045288086e-05,2427690.5,4007.0
1650163107,0.005,0.006081052,0.0,6.955862045288086e-05,6.955862045288086e-05,2427690.5,4007.0
1650163108,0.005,0.004089041,0.0,8.633732795715332e-05,8.633732795715332e-05,1820809.5,2587.5
1650163109,0.0,0.007543218,0.0,7.048249244689941e-05,7.048249244689941e-05,3642225.0,5943.0
1650163110,0.0,0.007543218,0.0,7.048249244689941e-05,7.048249244689941e-05,3642225.0,5943.0
1650163111,0.005,0.004193074,0.005,6.955862045288086e-05,6.955862045288086e-05,1821307.5,2587.5
1650163112,0.0,0.005872329,0.01,6.955862045288086e-05,6.955862045288086e-05,2428253.0,3318.0
1650163113,0.0,0.002996582,0.0,6.955862045288086e-05,6.955862045288086e-05,1214397.0,2604.0
1650163114,0.0,0.002996582,0.0,6.955862045288086e-05,6.955862045288086e-05,1214397.0,2604.0
1650163115,0.0,0.0030693385,0.0,6.935000419616699e-05,6.935000419616699e-05,1214535.0,1923.0
1650163116,0.0,0.009087906,0.01,6.955862045288086e-05,6.955862045288086e-05,3644223.0,5901.0
1650163117,0.01,0.004700617,0.0,8.633732795715332e-05,8.633732795715332e-05,2428692.0,3054.0
1650163118,0.01,0.004700617,0.0,8.633732795715332e-05,8.633732795715332e-05,2428692.0,3054.0
1650163119,0.0,0.003301692,0.0,6.955862045288086e-05,6.955862045288086e-05,1821781.0,2389.5
1650163120,0.0,0.008459032,0.01,6.955862045288086e-05,6.955862045288086e-05,3644919.0,5637.0
1650163121,0.0,0.008459032,0.01,6.955862045288086e-05,6.955862045288086e-05,3644919.0,5637.0
1650163122,0.005,0.0029391285,0.0,6.955862045288086e-05,6.955862045288086e-05,1214894.5,1593.0
1650163123,0.01,0.0093863,0.0,8.732080459594727e-05,8.732080459594727e-05,4861013.0,8655.0
1650163124,0.01,0.0093863,0.0,8.732080459594727e-05,8.732080459594727e-05,4861013.0,8655.0
1650163125,0.0,0.002478422,0.0,6.961822509765625e-05,6.961822509765625e-05,1215381.0,1956.0
1650163126,0.0,0.003000959,0.0,6.935000419616699e-05,6.935000419616699e-05,1215838.0,1783.0
1650163127,0.0,0.003000959,0.0,6.935000419616699e-05,6.935000419616699e-05,1215838.0,1783.0
1650163128,0.01,0.0043744155,0.0,6.961822509765625e-05,6.961822509765625e-05,1823393.0,2921.5
1650163129,0.01,0.01198964,0.0,6.961822509765625e-05,6.961822509765625e-05,4862802.0,7428.0
1650163130,0.01,0.01198964,0.0,6.961822509765625e-05,6.961822509765625e-05,4862802.0,7428.0
1650163131,0.005,0.0030831135,0.0,6.958842277526855e-05,6.958842277526855e-05,1215860.5,1857.0
1650163132,0.0,0.009214638,0.0,7.05420970916748e-05,7.05420970916748e-05,3647943.0,5769.0
1650163133,0.01,0.009449268,0.0,6.958842277526855e-05,6.958842277526855e-05,3648441.0,7310.0
1650163134,0.01,0.009449268,0.0,6.958842277526855e-05,6.958842277526855e-05,3648441.0,7310.0
1650163135,0.0,0.0046679965,0.005,6.958842277526855e-05,6.958842277526855e-05,1824303.5,2521.5
1650163136,0.01,0.006129091,0.0,6.958842277526855e-05,6.958842277526855e-05,2433031.0,3640.0
1650163137,0.0,0.003179901,0.0,6.935000419616699e-05,6.935000419616699e-05,1216593.0,1923.0
1650163138,0.01,0.012118871,0.0,6.958842277526855e-05,6.958842277526855e-05,4865405.0,6182.0
1650163139,0.01,0.012118871,0.0,6.958842277526855e-05,6.958842277526855e-05,4865405.0,6182.0
1650163140,0.0,0.0044812825,0.005,6.958842277526855e-05,6.958842277526855e-05,1825057.5,2653.5
1650163141,0.0,0.0044812825,0.005,6.958842277526855e-05,6.958842277526855e-05,1825057.5,2653.5
1650163142,0.0,0.0052621385,0.0,6.961822509765625e-05,6.961822509765625e-05,1824514.0,1927.5
1650163143,0.0,0.0052621385,0.0,6.961822509765625e-05,6.961822509765625e-05,1824514.0,1927.5
1650163144,0.005,0.006291111,0.005,6.958842277526855e-05,6.958842277526855e-05,2434056.0,4326.5
1650163145,0.0,0.006372229,0.0,6.958842277526855e-05,6.958842277526855e-05,2434278.0,3648.0
1650163146,0.0,0.006372229,0.0,6.958842277526855e-05,6.958842277526855e-05,2434278.0,3648.0
1650163147,0.005,0.00483747,0.0,6.958842277526855e-05,6.958842277526855e-05,1826212.5,2946.5
1650163148,0.005,0.00483747,0.0,6.958842277526855e-05,6.958842277526855e-05,1826212.5,2946.5
1650163149,0.005,0.004812136,0.005,6.958842277526855e-05,6.958842277526855e-05,1826207.0,2739.5
1650163150,0.01,0.006355423,0.01,6.958842277526855e-05,6.958842277526855e-05,2435244.0,3880.0
1650163151,0.01,0.006355423,0.01,6.958842277526855e-05,6.958842277526855e-05,2435244.0,3880.0
1650163152,0.005,0.0061926555,0.0,6.961822509765625e-05,6.961822509765625e-05,2435433.0,3714.0
1650163153,0.0,0.003379529,0.0,6.958842277526855e-05,6.958842277526855e-05,1218051.0,4304.0
1650163154,0.01,0.00345582,0.0,6.958842277526855e-05,6.958842277526855e-05,1218099.0,1989.0
1650163155,0.01,0.009651558,0.0,6.958842277526855e-05,6.958842277526855e-05,3653858.0,5637.0
1650163156,0.01,0.009651558,0.0,6.958842277526855e-05,6.958842277526855e-05,3653858.0,5637.0
1650163157,0.005,0.0064142475,0.005,6.958842277526855e-05,6.958842277526855e-05,2436522.0,3677.0
1650163158,0.005,0.0064142475,0.005,6.958842277526855e-05,6.958842277526855e-05,2436522.0,3677.0
1650163159,0.005,0.004761264,0.0,6.935000419616699e-05,6.935000419616699e-05,1827619.0,2806.5
1650163160,0.0,0.003423777,0.0,6.958842277526855e-05,6.958842277526855e-05,1218635.0,2129.0
1650163161,0.0,0.003423777,0.0,6.958842277526855e-05,6.958842277526855e-05,1218635.0,2129.0
1650163162,0.005,0.003342479,0.0,6.958842277526855e-05,6.958842277526855e-05,1218600.0,2022.0
1650163163,0.01,0.006127488,0.0,6.958842277526855e-05,6.958842277526855e-05,2437260.0,4805.0
1650163164,0.01,0.006127488,0.0,6.958842277526855e-05,6.958842277526855e-05,2437260.0,4805.0
1650163165,0.005,0.0073395585,0.005,6.958842277526855e-05,6.958842277526855e-05,3046747.0,4312.5
1650163166,0.005,0.0073395585,0.005,6.958842277526855e-05,6.958842277526855e-05,3046747.0,4312.5
1650163167,0.005,0.004442695,0.0,6.958842277526855e-05,6.958842277526855e-05,1828627.5,2649.5
1650163168,0.0,0.012345931,0.0,6.958842277526855e-05,6.958842277526855e-05,4876367.0,6900.0
1650163169,0.0,0.012345931,0.0,6.958842277526855e-05,6.958842277526855e-05,4876367.0,6900.0
1650163170,0.01,0.007300378,0.005,6.961822509765625e-05,6.961822509765625e-05,3048356.0,4580.5
1650163171,0.0,0.00576289,0.0,6.961822509765625e-05,6.961822509765625e-05,2438885.0,3714.0
1650163172,0.0,0.00576289,0.0,6.961822509765625e-05,6.961822509765625e-05,2438885.0,3714.0
1650163173,0.0,0.0044289805,0.0,6.961822509765625e-05,6.961822509765625e-05,1829410.5,2818.5
1650163174,0.0,0.0044289805,0.0,6.961822509765625e-05,6.961822509765625e-05,1829410.5,2818.5
1650163175,0.0,0.0042782615,0.005,6.961822509765625e-05,6.961822509765625e-05,1829494.5,3359.5
1650163176,0.01,0.005984164,0.0,6.961822509765625e-05,6.961822509765625e-05,2439841.0,3508.0
1650163177,0.01,0.005984164,0.0,6.961822509765625e-05,6.961822509765625e-05,2439841.0,3508.0
1650163178,0.0,0.004388012,0.0,6.961822509765625e-05,6.961822509765625e-05,1829886.5,2554.5
1650163179,0.01,0.008471556,0.0,6.961822509765625e-05,6.961822509765625e-05,3660273.0,4977.0
1650163180,0.0,0.014626224,0.01,6.961822509765625e-05,6.961822509765625e-05,6101948.0,9227.0
1650163181,0.0,0.014626224,0.01,6.961822509765625e-05,6.961822509765625e-05,6101948.0,9227.0
1650163182,0.005,0.004366692,0.005,6.961822509765625e-05,6.961822509765625e-05,1830481.5,2422.5
1650163183,0.01,0.008713645,0.0,6.961822509765625e-05,6.961822509765625e-05,3661593.0,5515.0
1650163184,0.01,0.008713645,0.0,6.961822509765625e-05,6.961822509765625e-05,3661593.0,5515.0
1650163185,0.01,0.0088403455,0.005,6.961822509765625e-05,6.961822509765625e-05,3662571.0,5043.0
1650163186,0.01,0.0088403455,0.005,6.961822509765625e-05,6.961822509765625e-05,3662571.0,5043.0
1650163187,0.0,0.00342398,0.0,6.964802742004395e-05,6.964802742004395e-05,1831767.5,2715.5
1650163188,0.0,0.00342398,0.0,6.964802742004395e-05,6.964802742004395e-05,1831767.5,2715.5
1650163189,0.005,0.005875465,0.0,6.961822509765625e-05,6.961822509765625e-05,2442339.0,3384.0
1650163190,0.0,0.00863693,0.01,8.651614189147949e-05,8.651614189147949e-05,3664029.0,4977.0
1650163191,0.0,0.00863693,0.01,8.651614189147949e-05,8.651614189147949e-05,3664029.0,4977.0
1650163192,0.0,0.002533278,0.0,8.654594421386719e-05,8.654594421386719e-05,1832168.5,2492.5
1650163193,0.01,0.001935585,0.0,8.654594421386719e-05,8.654594421386719e-05,1221693.0,3813.0
1650163194,0.01,0.001935585,0.0,8.654594421386719e-05,8.654594421386719e-05,1221693.0,3813.0
1650163195,0.0,0.0023834195,0.0,8.654594421386719e-05,8.654594421386719e-05,1832683.5,2686.5
1650163196,0.0,0.000348391,0.0,8.654594421386719e-05,8.654594421386719e-05,385.0,190.0
1650163197,0.0,0.000348391,0.0,8.654594421386719e-05,8.654594421386719e-05,385.0,190.0
1650163198,0.0,0.0,0.0,8.654594421386719e-05,8.654594421386719e-05,0.0,0.0
1650163199,0.0,0.0,0.0,8.654594421386719e-05,8.654594421386719e-05,0.0,0.0
1650163200,0.0,0.0,0.0,8.654594421386719e-05,8.654594421386719e-05,0.0,0.0
1650163201,0.0,0.0,0.0,8.654594421386719e-05,8.654594421386719e-05,0.0,0.0
1650163202,0.0,0.0,0.0,8.654594421386719e-05,8.654594421386719e-05,0.0,0.0
1650163203,0.0,0.0,0.0,8.654594421386719e-05,8.654594421386719e-05,0.0,0.0
1650163204,0.0,0.0,0.0,8.654594421386719e-05,8.654594421386719e-05,0.0,0.0
1650163205,0.0,8.508e-06,0.0,8.654594421386719e-05,8.654594421386719e-05,0.0,0.0
1650163206,0.0,0.000261384,0.0,8.654594421386719e-05,8.654594421386719e-05,385.0,190.0
1650163207,0.0,0.000261384,0.0,8.654594421386719e-05,8.654594421386719e-05,385.0,190.0
1650163208,0.0,0.0,0.0,8.654594421386719e-05,8.654594421386719e-05,0.0,0.0
1650163209,0.0,0.0,0.0,8.654594421386719e-05,8.654594421386719e-05,0.0,0.0
1650163210,0.0,0.0,0.0,8.654594421386719e-05,8.654594421386719e-05,0.0,0.0
1650163211,0.0,0.0,0.0,8.654594421386719e-05,8.654594421386719e-05,0.0,0.0
1650163212,0.0,0.0,0.0,8.654594421386719e-05,8.654594421386719e-05,0.0,0.0
1650163213,0.0,0.0,0.0,8.654594421386719e-05,8.654594421386719e-05,0.0,0.0
1650163214,0.0,0.0,0.0,8.654594421386719e-05,8.654594421386719e-05,0.0,0.0
1650163215,0.0,0.0,0.0,8.654594421386719e-05,8.654594421386719e-05,0.0,0.0
1650163216,0.0,6.1486e-05,0.0,8.654594421386719e-05,8.654594421386719e-05,77.0,38.0
1650163217,0.0,6.1486e-05,0.0,8.654594421386719e-05,8.654594421386719e-05,77.0,38.0
1650163218,0.0,0.0,0.0,8.654594421386719e-05,8.654594421386719e-05,0.0,0.0
1650163219,0.0,0.0,0.0,8.654594421386719e-05,8.654594421386719e-05,0.0,0.0
1650163220,0.0,0.0,0.0,8.654594421386719e-05,8.654594421386719e-05,0.0,0.0
1650163221,0.0,0.0,0.0,8.654594421386719e-05,8.654594421386719e-05,0.0,0.0
1650163222,0.0,0.0,0.0,8.654594421386719e-05,8.654594421386719e-05,0.0,0.0
1650163223,0.0,0.0,0.0,8.654594421386719e-05,8.654594421386719e-05,0.0,0.0
1650163224,0.0,0.0,0.0,8.654594421386719e-05,8.654594421386719e-05,0.0,0.0
1650163225,0.0,0.0,0.0,8.654594421386719e-05,8.654594421386719e-05,0.0,0.0
1650163226,0.0,0.0,0.0,8.654594421386719e-05,8.654594421386719e-05,0.0,0.0
1650163227,0.0,0.0,0.0,8.654594421386719e-05,8.654594421386719e-05,0.0,0.0
1650163228,0.0,0.0,0.0,8.654594421386719e-05,8.654594421386719e-05,0.0,0.0
1650163229,0.0,4.36595e-05,0.0,8.654594421386719e-05,8.654594421386719e-05,48.125,23.75
1650163230,0.0,0.0,0.0,8.654594421386719e-05,8.654594421386719e-05,0.0,0.0
1650163231,0.0,0.0,0.0,8.654594421386719e-05,8.654594421386719e-05,0.0,0.0
1650163232,0.0,0.0,0.0,8.654594421386719e-05,8.654594421386719e-05,0.0,0.0
1650163233,0.0,0.0,0.0,8.654594421386719e-05,8.654594421386719e-05,0.0,0.0
1650163234,0.0,0.0,0.0,8.654594421386719e-05,8.654594421386719e-05,0.0,0.0
1650163235,0.0,0.0,0.0,8.654594421386719e-05,8.654594421386719e-05,0.0,0.0
1650163236,0.0,0.0,0.0,8.654594421386719e-05,8.654594421386719e-05,0.0,0.0
1650163237,0.0,0.0,0.0,8.654594421386719e-05,8.654594421386719e-05,0.0,0.0
1650163238,0.0,0.0,0.0,8.654594421386719e-05,8.654594421386719e-05,0.0,0.0
1650163239,0.0,0.0,0.0,8.654594421386719e-05,8.654594421386719e-05,0.0,0.0
1650163240,0.0,4.480828571428572e-05,0.0,8.654594421386719e-05,8.654594421386719e-05,55.0,27.142857142857142
1650163241,0.0,4.480828571428572e-05,0.0,8.654594421386719e-05,8.654594421386719e-05,55.0,27.142857142857142
1650163242,0.0,0.0,0.0,8.654594421386719e-05,8.654594421386719e-05,0.0,0.0
1650163243,0.0,0.0,0.0,8.654594421386719e-05,8.654594421386719e-05,0.0,0.0
1650163244,0.0,2.0372e-05,0.0,8.654594421386719e-05,8.654594421386719e-05,0.0,0.0
1650163245,0.0,2.0372e-05,0.0,8.654594421386719e-05,8.654594421386719e-05,0.0,0.0
1650163246,0.0,0.0001557275,0.0,8.654594421386719e-05,8.654594421386719e-05,192.5,95.0
1650163247,0.0,0.0001557275,0.0,8.654594421386719e-05,8.654594421386719e-05,192.5,95.0
1650163248,0.0,0.0,0.0,8.654594421386719e-05,8.654594421386719e-05,0.0,0.0
1650163249,0.0,0.0,0.0,8.654594421386719e-05,8.654594421386719e-05,0.0,0.0
1650163250,0.0,0.0,0.0,8.654594421386719e-05,8.654594421386719e-05,0.0,0.0
1650163251,0.0,0.0,0.0,8.654594421386719e-05,8.654594421386719e-05,0.0,0.0
1650163252,0.0,0.0,0.0,8.654594421386719e-05,8.654594421386719e-05,0.0,0.0
1650163253,0.0,0.0,0.0,8.654594421386719e-05,8.654594421386719e-05,0.0,0.0
1650163254,0.0,0.0,0.0,8.654594421386719e-05,8.654594421386719e-05,0.0,0.0
1650163255,0.0,0.0,0.0,8.654594421386719e-05,8.654594421386719e-05,0.0,0.0
1650163256,0.0,6.652160000000001e-05,0.0,8.654594421386719e-05,8.654594421386719e-05,77.0,38.0
1650163257,0.0,6.652160000000001e-05,0.0,8.654594421386719e-05,8.654594421386719e-05,77.0,38.0
1650163258,0.0,0.0,0.0,8.654594421386719e-05,8.654594421386719e-05,0.0,0.0
1650163259,0.0,0.0,0.0,8.654594421386719e-05,8.654594421386719e-05,0.0,0.0
1650163260,0.0,0.0,0.0,8.654594421386719e-05,8.654594421386719e-05,0.0,0.0
1650163261,0.0,0.0,0.0,8.654594421386719e-05,8.654594421386719e-05,0.0,0.0
1650163262,0.0,0.0,0.0,8.654594421386719e-05,8.654594421386719e-05,0.0,0.0
1650163263,0.0,0.0,0.0,8.654594421386719e-05,8.654594421386719e-05,0.0,0.0
1650163264,0.0,0.0,0.0,8.654594421386719e-05,8.654594421386719e-05,0.0,0.0
1650163265,0.0,0.0,0.0,8.654594421386719e-05,8.654594421386719e-05,0.0,0.0
1650163266,0.0,7.6442e-05,0.0,8.654594421386719e-05,8.654594421386719e-05,96.25,47.5
1650163267,0.0,7.6442e-05,0.0,8.654594421386719e-05,8.654594421386719e-05,96.25,47.5
1650163268,0.0,0.0,0.0,8.654594421386719e-05,8.654594421386719e-05,0.0,0.0
1650163269,0.0,0.0,0.0,8.654594421386719e-05,8.654594421386719e-05,0.0,0.0
1650163270,0.0,0.0,0.0,8.654594421386719e-05,8.654594421386719e-05,0.0,0.0
1650163271,0.0,0.0,0.0,8.654594421386719e-05,8.654594421386719e-05,0.0,0.0
1650163272,0.0,0.0,0.0,8.654594421386719e-05,8.654594421386719e-05,0.0,0.0
1650163273,0.0,0.0,0.0,8.654594421386719e-05,8.654594421386719e-05,0.0,0.0
1650163274,0.0,0.0,0.0,8.654594421386719e-05,8.654594421386719e-05,0.0,0.0
1650163275,0.0,0.0,0.0,8.654594421386719e-05,8.654594421386719e-05,0.0,0.0
1650163276,0.0,0.0,0.0,8.654594421386719e-05,8.654594421386719e-05,0.0,0.0
1650163277,0.0,5.3687e-05,0.0,8.654594421386719e-05,8.654594421386719e-05,64.16666666666667,31.666666666666668
1650163278,0.0,0.0,0.0,8.654594421386719e-05,8.654594421386719e-05,0.0,0.0
1650163279,0.0,0.0,0.0,8.654594421386719e-05,8.654594421386719e-05,0.0,0.0
1650163280,0.0,0.0,0.0,8.654594421386719e-05,8.654594421386719e-05,0.0,0.0
1650163281,0.0,0.0,0.0,8.654594421386719e-05,8.654594421386719e-05,0.0,0.0
1650163282,0.0,0.0,0.0,8.654594421386719e-05,8.654594421386719e-05,0.0,0.0
1650163283,0.0,0.0,0.0,8.654594421386719e-05,8.654594421386719e-05,0.0,0.0
1650163284,0.0,0.0,0.0,8.654594421386719e-05,8.654594421386719e-05,0.0,0.0
1650163285,0.0,0.0,0.0,8.654594421386719e-05,8.654594421386719e-05,0.0,0.0
1650163286,0.0,7.9608e-06,0.0,8.654594421386719e-05,8.654594421386719e-05,0.0,0.0
1650163287,0.0,0.000308045,0.0,8.654594421386719e-05,8.654594421386719e-05,385.0,190.0
1650163288,0.0,0.0,0.0,8.654594421386719e-05,8.654594421386719e-05,0.0,0.0
1650163289,0.0,0.0,0.0,8.654594421386719e-05,8.654594421386719e-05,0.0,0.0
1650163290,0.0,0.0,0.0,8.654594421386719e-05,8.654594421386719e-05,0.0,0.0
1650163291,0.0,0.0,0.0,8.654594421386719e-05,8.654594421386719e-05,0.0,0.0
1650163292,0.0,0.0,0.0,8.654594421386719e-05,8.654594421386719e-05,0.0,0.0
1650163293,0.0,0.0,0.0,8.654594421386719e-05,8.654594421386719e-05,0.0,0.0
1650163294,0.0,0.0,0.0,8.654594421386719e-05,8.654594421386719e-05,0.0,0.0
1650163295,0.0,0.0,0.0,8.654594421386719e-05,8.654594421386719e-05,0.0,0.0
1650163296,0.0,4.15042e-05,0.0,8.654594421386719e-05,8.654594421386719e-05,77.0,38.0
1650163297,0.0,0.0,0.0,8.654594421386719e-05,8.654594421386719e-05,0.0,0.0
1650163298,0.0,0.0,0.0,8.654594421386719e-05,8.654594421386719e-05,0.0,0.0
1650163299,0.0,0.0,0.0,8.654594421386719e-05,8.654594421386719e-05,0.0,0.0
1650163300,0.0,0.0,0.0,8.654594421386719e-05,8.654594421386719e-05,0.0,0.0
1650163301,0.0,0.0,0.0,8.654594421386719e-05,8.654594421386719e-05,0.0,0.0
1650163302,0.0,0.0,0.0,8.654594421386719e-05,8.654594421386719e-05,0.0,0.0
1650163303,0.0,0.0,0.0,8.654594421386719e-05,8.654594421386719e-05,0.0,0.0
1650163304,0.0,0.0,0.0,8.654594421386719e-05,8.654594421386719e-05,0.0,0.0
1650163305,0.0,0.0,0.0,8.654594421386719e-05,8.654594421386719e-05,0.0,0.0
1650163306,0.0,0.0,0.0,8.654594421386719e-05,8.654594421386719e-05,0.0,0.0
1650163307,0.0,0.0,0.0,8.654594421386719e-05,8.654594421386719e-05,0.0,0.0
1650163308,0.0,3.983042857142857e-05,0.0,8.654594421386719e-05,8.654594421386719e-05,55.0,27.142857142857142
1650163309,0.0,0.0,0.0,8.654594421386719e-05,8.654594421386719e-05,0.0,0.0
1650163310,0.0,0.0,0.0,8.654594421386719e-05,8.654594421386719e-05,0.0,0.0
1650163311,0.0,0.0,0.0,8.654594421386719e-05,8.654594421386719e-05,0.0,0.0
1650163312,0.0,0.0,0.0,8.654594421386719e-05,8.654594421386719e-05,0.0,0.0
1650163313,0.0,0.0,0.0,8.654594421386719e-05,8.654594421386719e-05,0.0,0.0
1650163314,0.0,0.0,0.0,8.654594421386719e-05,8.654594421386719e-05,0.0,0.0
1650163315,0.0,0.0,0.0,8.654594421386719e-05,8.654594421386719e-05,0.0,0.0
1650163316,0.0,0.0,0.0,8.654594421386719e-05,8.654594421386719e-05,0.0,0.0
1650163317,0.0,0.0,0.0,8.654594421386719e-05,8.654594421386719e-05,0.0,0.0
1650163318,0.0,5.5472e-05,0.0,8.654594421386719e-05,8.654594421386719e-05,64.16666666666667,31.666666666666668
1650163319,0.0,0.0,0.0,8.654594421386719e-05,8.654594421386719e-05,0.0,0.0
1650163320,0.0,0.0,0.0,8.654594421386719e-05,8.654594421386719e-05,0.0,0.0
1650163321,0.0,0.0,0.0,8.654594421386719e-05,8.654594421386719e-05,0.0,0.0
1650163322,0.0,0.0,0.0,8.654594421386719e-05,8.654594421386719e-05,0.0,0.0
1650163323,0.0,0.0,0.0,8.654594421386719e-05,8.654594421386719e-05,0.0,0.0
1650163324,0.0,0.0,0.0,8.654594421386719e-05,8.654594421386719e-05,0.0,0.0
1650163325,0.0,0.0,0.0,8.654594421386719e-05,8.654594421386719e-05,0.0,0.0
1650163326,0.0,0.0,0.0,8.654594421386719e-05,8.654594421386719e-05,0.0,0.0
1650163327,0.0,0.0,0.0,8.654594421386719e-05,8.654594421386719e-05,0.0,0.0
1650163328,0.0,0.0004562701666666,0.0,6.937980651855469e-05,6.937980651855469e-05,203735.0,342.5
1650163329,0.0,0.0004562701666666,0.0,6.937980651855469e-05,6.937980651855469e-05,203735.0,342.5
1650163330,0.0,0.0049659765,0.0,8.654594421386719e-05,8.654594421386719e-05,3055241.5,4745.5
1650163331,0.0,0.0049659765,0.0,8.654594421386719e-05,8.654594421386719e-05,3055241.5,4745.5
1650163332,0.005,0.0023801165,0.0,8.654594421386719e-05,8.654594421386719e-05,1222163.5,1890.0
1650163333,0.005,0.0023801165,0.0,8.654594421386719e-05,8.654594421386719e-05,1222163.5,1890.0
1650163334,0.0,0.0017449415,0.0,8.654594421386719e-05,8.654594421386719e-05,1222160.5,2561.0
1650163335,0.01,0.004917137,0.0,8.654594421386719e-05,8.654594421386719e-05,3667041.0,5307.0
1650163336,0.0,0.005149532,0.0,8.654594421386719e-05,8.654594421386719e-05,3667924.0,5827.0
1650163337,0.0,0.005149532,0.0,8.654594421386719e-05,8.654594421386719e-05,3667924.0,5827.0
1650163338,0.0,0.001776417,0.005,6.964802742004395e-05,6.964802742004395e-05,1222544.5,1626.0
1650163339,0.0,0.003103326,0.0,6.964802742004395e-05,6.964802742004395e-05,1222395.0,1437.0
1650163340,0.0,0.00476669,0.0,8.627772331237793e-05,8.627772331237793e-05,2445245.0,3318.0
1650163341,0.01,0.003570029,0.0,8.651614189147949e-05,8.651614189147949e-05,2445578.0,3590.0
1650163342,0.01,0.003570029,0.0,8.651614189147949e-05,8.651614189147949e-05,2445578.0,3590.0
1650163343,0.005,0.0024216475,0.0,8.651614189147949e-05,8.651614189147949e-05,1222782.0,1994.0
1650163344,0.0,0.004798137,0.0,6.961822509765625e-05,6.961822509765625e-05,2445954.0,3252.0
1650163345,0.0,0.00458711,0.0,8.651614189147949e-05,8.651614189147949e-05,2446211.0,3384.0
1650163346,0.0,0.00458711,0.0,8.651614189147949e-05,8.651614189147949e-05,2446211.0,3384.0
1650163347,0.0,0.0009323745,0.0,8.651614189147949e-05,8.651614189147949e-05,611831.0,1023.5
1650163348,0.01,0.004928719,0.01,8.657574653625488e-05,8.657574653625488e-05,3669591.0,5043.0
1650163349,0.01,0.004928719,0.01,8.657574653625488e-05,8.657574653625488e-05,3669591.0,5043.0
1650163350,0.0,0.0024560875,0.0,6.967782974243164e-05,6.967782974243164e-05,1223097.0,1329.0
1650163351,0.01,0.00955097,0.0,8.660554885864258e-05,8.660554885864258e-05,4894752.0,6842.0
1650163352,0.0,0.001641657,0.0,8.660554885864258e-05,8.660554885864258e-05,1223427.0,1527.0
1650163353,0.0,0.001641657,0.0,8.660554885864258e-05,8.660554885864258e-05,1223427.0,1527.0
1650163354,0.005,0.0041412175,0.0,6.964802742004395e-05,6.964802742004395e-05,1835449.0,3033.0
1650163355,0.005,0.0041412175,0.0,6.964802742004395e-05,6.964802742004395e-05,1835449.0,3033.0
1650163356,0.0,0.003236252,0.0,6.964802742004395e-05,6.964802742004395e-05,1224212.5,2054.0
1650163357,0.0,0.003236252,0.0,6.964802742004395e-05,6.964802742004395e-05,1224212.5,2054.0
1650163358,0.005,0.0043188925,0.0,6.964802742004395e-05,6.964802742004395e-05,1835729.5,2188.5
1650163359,0.0,0.003292301,0.0,6.964802742004395e-05,6.964802742004395e-05,1223922.0,1593.0
1650163360,0.0,0.003292301,0.0,6.964802742004395e-05,6.964802742004395e-05,1223922.0,1593.0
1650163361,0.0,0.001481863,0.0,8.636713027954102e-05,8.636713027954102e-05,612019.5,697.5
1650163362,0.0,0.0,0.0,8.636713027954102e-05,8.636713027954102e-05,0.0,0.0
1650163363,0.0,0.0,0.0,8.636713027954102e-05,8.636713027954102e-05,0.0,0.0
1650163364,0.0,0.0018958435,0.0,8.660554885864258e-05,8.660554885864258e-05,1224082.0,2167.0
1650163365,0.0,0.0,0.0,8.660554885864258e-05,8.660554885864258e-05,0.0,0.0
1650163366,0.0,0.0,0.0,8.660554885864258e-05,8.660554885864258e-05,0.0,0.0
1650163367,0.0,0.0,0.0,8.660554885864258e-05,8.660554885864258e-05,0.0,0.0
1650163368,0.0,0.000642817,0.0,8.660554885864258e-05,8.660554885864258e-05,408255.3333333333,660.3333333333334
1650163369,0.0,0.001668833,0.0,8.660554885864258e-05,8.660554885864258e-05,1223967.0,1329.0
1650163370,0.0,0.0,0.0,8.660554885864258e-05,8.660554885864258e-05,0.0,0.0
1650163371,0.0,0.0,0.0,8.660554885864258e-05,8.660554885864258e-05,0.0,0.0
1650163372,0.0,0.0,0.0,8.660554885864258e-05,8.660554885864258e-05,0.0,0.0
1650163373,0.0,0.0006733856666666,0.0,6.964802742004395e-05,6.964802742004395e-05,408114.6666666667,509.0
1650163374,0.0,0.0006733856666666,0.0,6.964802742004395e-05,6.964802742004395e-05,408114.6666666667,509.0
1650163375,0.0,0.0015792025,0.0,8.636713027954102e-05,8.636713027954102e-05,612196.5,959.0
1650163376,0.0,0.00031855,0.0,8.636713027954102e-05,8.636713027954102e-05,385.0,190.0
1650163377,0.0,0.0,0.0,8.636713027954102e-05,8.636713027954102e-05,0.0,0.0
1650163378,0.0,0.0,0.0,8.636713027954102e-05,8.636713027954102e-05,0.0,0.0
1650163379,0.0,0.0,0.0,8.636713027954102e-05,8.636713027954102e-05,0.0,0.0
1650163380,0.0,0.0,0.0,8.636713027954102e-05,8.636713027954102e-05,0.0,0.0
1650163381,0.0,0.00090287925,0.0,8.660554885864258e-05,8.660554885864258e-05,612251.0,798.5
1650163382,0.0,0.0,0.0,8.660554885864258e-05,8.660554885864258e-05,0.0,0.0
1650163383,0.0,0.0,0.0,8.660554885864258e-05,8.660554885864258e-05,0.0,0.0
1650163384,0.0,0.0018091105,0.0,6.964802742004395e-05,6.964802742004395e-05,1224594.0,1593.0
1650163385,0.0,0.0018091105,0.0,6.964802742004395e-05,6.964802742004395e-05,1224594.0,1593.0
1650163386,0.0,0.002318533,0.0,8.660554885864258e-05,8.660554885864258e-05,1224717.5,1622.0
1650163387,0.0,0.004713716,0.01,8.663535118103027e-05,8.663535118103027e-05,2449044.0,2856.0
1650163388,0.0,0.0,0.0,8.663535118103027e-05,8.663535118103027e-05,0.0,0.0
1650163389,0.0,0.0,0.0,8.663535118103027e-05,8.663535118103027e-05,0.0,0.0
1650163390,0.0,0.0009149855,0.0,8.636713027954102e-05,8.636713027954102e-05,612478.5,763.5
1650163391,0.0,0.002601688,0.0,6.964802742004395e-05,6.964802742004395e-05,1224815.0,1535.0
1650163392,0.0,0.002601688,0.0,6.964802742004395e-05,6.964802742004395e-05,1224815.0,1535.0
1650163393,0.0,0.0,0.0,6.964802742004395e-05,6.964802742004395e-05,0.0,0.0
1650163394,0.0,0.0,0.0,6.964802742004395e-05,6.964802742004395e-05,0.0,0.0
1650163395,0.0,0.0,0.0,6.964802742004395e-05,6.964802742004395e-05,0.0,0.0
1650163396,0.0,0.0,0.0,6.964802742004395e-05,6.964802742004395e-05,0.0,0.0
1650163397,0.0,0.00088737775,0.0,6.964802742004395e-05,6.964802742004395e-05,306260.5,559.75
1650163398,0.0,0.0,0.0,6.964802742004395e-05,6.964802742004395e-05,42.0,42.0
1650163399,0.0,0.0,0.0,6.964802742004395e-05,6.964802742004395e-05,42.0,42.0
1650163400,0.0,0.00155521,0.0,8.660554885864258e-05,8.660554885864258e-05,612451.5,763.5
1650163401,0.0,0.0,0.0,8.660554885864258e-05,8.660554885864258e-05,0.0,0.0
1650163402,0.0,0.0,0.0,8.660554885864258e-05,8.660554885864258e-05,0.0,0.0
1650163403,0.0,0.0,0.0,8.660554885864258e-05,8.660554885864258e-05,0.0,0.0
1650163404,0.0,0.0,0.0,8.660554885864258e-05,8.660554885864258e-05,0.0,0.0
1650163405,0.0,0.00099171225,0.0,6.964802742004395e-05,6.964802742004395e-05,612605.0,1044.0
1650163406,0.0,0.00099171225,0.0,6.964802742004395e-05,6.964802742004395e-05,612605.0,1044.0
1650163407,0.0,0.002524994,0.0,6.964802742004395e-05,6.964802742004395e-05,1225230.5,1655.0
1650163408,0.0,0.0,0.0,6.964802742004395e-05,6.964802742004395e-05,0.0,0.0
1650163409,0.0,0.0,0.0,6.964802742004395e-05,6.964802742004395e-05,0.0,0.0
1650163410,0.0,0.0,0.0,6.964802742004395e-05,6.964802742004395e-05,0.0,0.0
1650163411,0.0,0.0,0.0,6.964802742004395e-05,6.964802742004395e-05,0.0,0.0
1650163412,0.0,0.001989096,0.0,6.964802742004395e-05,6.964802742004395e-05,918975.75,1260.75
1650163413,0.0,0.00313467,0.01,6.940960884094238e-05,6.940960884094238e-05,1225287.0,1461.0
1650163414,0.0,3.7474e-05,0.0,6.940960884094238e-05,6.940960884094238e-05,0.0,0.0
1650163415,0.0,3.7474e-05,0.0,6.940960884094238e-05,6.940960884094238e-05,0.0,0.0
1650163416,0.0,0.0,0.0,6.940960884094238e-05,6.940960884094238e-05,0.0,0.0
1650163417,0.0,0.0,0.0,6.940960884094238e-05,6.940960884094238e-05,0.0,0.0
1650163418,0.0,0.0,0.0,6.940960884094238e-05,6.940960884094238e-05,0.0,0.0
1650163419,0.0,0.001188472,0.0,6.964802742004395e-05,6.964802742004395e-05,408576.0,597.0
1650163420,0.0,0.0,0.0,6.964802742004395e-05,6.964802742004395e-05,0.0,0.0
1650163421,0.0,0.0,0.0,6.964802742004395e-05,6.964802742004395e-05,0.0,0.0
1650163422,0.0,0.0,0.0,6.964802742004395e-05,6.964802742004395e-05,0.0,0.0
1650163423,0.0,0.0,0.0,6.964802742004395e-05,6.964802742004395e-05,0.0,0.0
1650163424,0.0,0.001175872,0.0,6.964802742004395e-05,6.964802742004395e-05,612769.5,862.5
1650163425,0.0,0.001175872,0.0,6.964802742004395e-05,6.964802742004395e-05,612769.5,862.5
1650163426,0.005,0.00310966,0.0,6.964802742004395e-05,6.964802742004395e-05,1225596.5,1688.0
1650163427,0.005,0.00310966,0.0,6.964802742004395e-05,6.964802742004395e-05,1225596.5,1688.0
1650163428,0.0,0.0,0.0,6.964802742004395e-05,6.964802742004395e-05,0.0,0.0
1650163429,0.0,0.0,0.0,6.964802742004395e-05,6.964802742004395e-05,0.0,0.0
1650163430,0.0,0.00150476,0.0,6.940960884094238e-05,6.940960884094238e-05,612886.5,763.5
1650163431,0.0,0.00150476,0.0,6.940960884094238e-05,6.940960884094238e-05,612886.5,763.5
1650163432,0.0,0.001597592,0.0,6.964802742004395e-05,6.964802742004395e-05,613013.5,899.5
1650163433,0.0,4.1874e-05,0.0,6.964802742004395e-05,6.964802742004395e-05,0.0,0.0
1650163434,0.0,4.1874e-05,0.0,6.964802742004395e-05,6.964802742004395e-05,0.0,0.0
1650163435,0.0,0.0,0.0,6.964802742004395e-05,6.964802742004395e-05,0.0,0.0
1650163436,0.0,0.0,0.0,6.964802742004395e-05,6.964802742004395e-05,0.0,0.0
1650163437,0.0,0.0016097995,0.0,6.964802742004395e-05,6.964802742004395e-05,613193.0,1023.5
1650163438,0.0,0.0016097995,0.0,6.964802742004395e-05,6.964802742004395e-05,613193.0,1023.5
1650163439,0.0,0.0015070765,0.0,6.988644599914551e-05,6.988644599914551e-05,612793.0,796.5
1650163440,0.01,0.003163986,0.0,6.964802742004395e-05,6.964802742004395e-05,1225832.0,1593.0
1650163441,0.01,0.003163986,0.0,6.964802742004395e-05,6.964802742004395e-05,1225832.0,1593.0
1650163442,0.0,0.003195824,0.0,6.964802742004395e-05,6.964802742004395e-05,1226107.0,1762.0
1650163443,0.0,0.003195824,0.0,6.964802742004395e-05,6.964802742004395e-05,1226107.0,1762.0
1650163444,0.0,7.80715e-05,0.0,6.964802742004395e-05,6.964802742004395e-05,0.0,259.5
1650163445,0.0,7.80715e-05,0.0,6.964802742004395e-05,6.964802742004395e-05,0.0,259.5
1650163446,0.0,0.0015764435,0.0,6.964802742004395e-05,6.964802742004395e-05,613049.0,825.5
1650163447,0.0,0.0015764435,0.0,6.964802742004395e-05,6.964802742004395e-05,613049.0,825.5
1650163448,0.0,0.0014854055,0.0,6.964802742004395e-05,6.964802742004395e-05,612880.5,697.5
1650163449,0.0,0.0014854055,0.0,6.964802742004395e-05,6.964802742004395e-05,612880.5,697.5
1650163450,0.0,0.0029830855,0.0,6.964802742004395e-05,6.964802742004395e-05,1225788.0,1416.0
1650163451,0.0,0.0,0.0,6.964802742004395e-05,6.964802742004395e-05,0.0,0.0
1650163452,0.0,0.0,0.0,6.964802742004395e-05,6.964802742004395e-05,0.0,0.0
1650163453,0.0,0.0,0.0,6.964802742004395e-05,6.964802742004395e-05,0.0,0.0
1650163454,0.0,0.0,0.0,6.964802742004395e-05,6.964802742004395e-05,0.0,0.0
1650163455,0.0,9.63025e-06,0.0,6.964802742004395e-05,6.964802742004395e-05,0.0,0.0
1650163456,0.0,9.63025e-06,0.0,6.964802742004395e-05,6.964802742004395e-05,0.0,0.0
1650163457,0.0,0.0035018065,0.0,6.964802742004395e-05,6.964802742004395e-05,1226323.5,1692.0
1650163458,0.0,0.0035018065,0.0,6.964802742004395e-05,6.964802742004395e-05,1226323.5,1692.0
1650163459,0.0,0.0,0.0,6.964802742004395e-05,6.964802742004395e-05,0.0,0.0
1650163460,0.0,0.0,0.0,6.964802742004395e-05,6.964802742004395e-05,0.0,0.0
1650163461,0.0,0.0,0.0,6.964802742004395e-05,6.964802742004395e-05,0.0,0.0
1650163462,0.0,0.0009926503333333,0.0,6.964802742004395e-05,6.964802742004395e-05,408711.0,509.0
1650163463,0.0,0.000114992,0.0,6.964802742004395e-05,6.964802742004395e-05,0.0,520.0
1650163464,0.0,0.000114992,0.0,6.964802742004395e-05,6.964802742004395e-05,0.0,520.0
1650163465,0.0,0.0030770945,0.0,6.988644599914551e-05,6.988644599914551e-05,1226502.0,1758.0
1650163466,0.01,0.003627281,0.0,6.985664367675781e-05,6.985664367675781e-05,1226794.0,1585.0
1650163467,0.01,0.003627281,0.0,6.985664367675781e-05,6.985664367675781e-05,1226794.0,1585.0
1650163468,0.0,0.0,0.0,6.940960884094238e-05,6.940960884094238e-05,0.0,0.0
1650163469,0.0,0.003237763,0.0,8.660554885864258e-05,8.660554885864258e-05,1226795.0,1865.0
1650163470,0.0,0.003237763,0.0,8.660554885864258e-05,8.660554885864258e-05,1226795.0,1865.0
1650163471,0.0,0.0,0.0,8.660554885864258e-05,8.660554885864258e-05,0.0,0.0
1650163472,0.0,0.0,0.0,8.660554885864258e-05,8.660554885864258e-05,0.0,0.0
1650163473,0.0,0.0,0.0,8.660554885864258e-05,8.660554885864258e-05,0.0,0.0
1650163474,0.0,0.0,0.0,8.660554885864258e-05,8.660554885864258e-05,0.0,0.0
1650163475,0.0,0.000902008,0.0,6.964802742004395e-05,6.964802742004395e-05,613297.5,1063.75
1650163476,0.0,0.006077511,0.0,6.964802742004395e-05,6.964802742004395e-05,2453699.0,3442.0
1650163477,0.0,0.0,0.0,6.964802742004395e-05,6.964802742004395e-05,0.0,0.0
1650163478,0.0,0.0,0.0,6.964802742004395e-05,6.964802742004395e-05,0.0,0.0
1650163479,0.0,0.0,0.0,6.964802742004395e-05,6.964802742004395e-05,0.0,0.0
1650163480,0.0,0.0,0.0,6.964802742004395e-05,6.964802742004395e-05,0.0,0.0
1650163481,0.0,0.00204772225,0.0025,6.964802742004395e-05,6.964802742004395e-05,920060.75,1196.75
1650163482,0.0,0.00204772225,0.0025,6.964802742004395e-05,6.964802742004395e-05,920060.75,1196.75
1650163483,0.0,0.001567486,0.0,6.964802742004395e-05,6.964802742004395e-05,613519.5,1125.0
1650163484,0.0,0.003020753,0.0,6.964802742004395e-05,6.964802742004395e-05,1226823.0,1461.0
1650163485,0.0,0.003020753,0.0,6.964802742004395e-05,6.964802742004395e-05,1226823.0,1461.0
1650163486,0.0,0.0016264775,0.0,6.964802742004395e-05,6.964802742004395e-05,613594.5,792.5
1650163487,0.0,0.0016264775,0.0,6.964802742004395e-05,6.964802742004395e-05,613594.5,792.5
1650163488,0.0,0.0,0.0,6.964802742004395e-05,6.964802742004395e-05,0.0,0.0
1650163489,0.0,0.0,0.0,6.964802742004395e-05,6.964802742004395e-05,0.0,0.0
1650163490,0.0,0.0,0.0,6.964802742004395e-05,6.964802742004395e-05,0.0,0.0
1650163491,0.0,0.0040001456666666,0.0,6.982684135437012e-05,6.982684135437012e-05,1636210.0,2236.6666666666665
1650163492,0.0,0.0040001456666666,0.0,6.982684135437012e-05,6.982684135437012e-05,1636210.0,2236.6666666666665
1650163493,0.005,0.0021775045,0.0,8.660554885864258e-05,8.660554885864258e-05,1227234.0,1890.0
1650163494,0.01,0.006449354,0.0,8.663535118103027e-05,8.663535118103027e-05,3682093.0,5497.0
1650163495,0.01,0.006449354,0.0,8.663535118103027e-05,8.663535118103027e-05,3682093.0,5497.0
1650163496,0.005,0.005168864,0.0,6.967782974243164e-05,6.967782974243164e-05,2455143.0,3582.0
1650163497,0.01,0.013385414,0.0,6.970763206481934e-05,6.970763206481934e-05,6139173.0,9145.0
1650163498,0.01,0.013385414,0.0,6.970763206481934e-05,6.970763206481934e-05,6139173.0,9145.0
1650163499,0.005,0.0023289705,0.005,8.669495582580566e-05,8.669495582580566e-05,1227959.5,1779.0
1650163500,0.005,0.0023289705,0.005,8.669495582580566e-05,8.669495582580566e-05,1227959.5,1779.0
1650163501,0.0,0.003178077,0.0,8.669495582580566e-05,8.669495582580566e-05,2455970.0,3219.0
1650163502,0.01,0.003675275,0.0,8.666515350341797e-05,8.666515350341797e-05,2456527.0,3458.0
1650163503,0.0,0.003356399,0.0,8.666515350341797e-05,8.666515350341797e-05,2456382.0,4274.0
1650163504,0.0,0.005108999,0.0,8.666515350341797e-05,8.666515350341797e-05,3685423.0,5643.0
1650163505,0.0,0.005108999,0.0,8.666515350341797e-05,8.666515350341797e-05,3685423.0,5643.0
1650163506,0.0,0.0025892095,0.0,8.666515350341797e-05,8.666515350341797e-05,1842827.5,2349.5
1650163507,0.0,0.0025892095,0.0,8.666515350341797e-05,8.666515350341797e-05,1842827.5,2349.5
1650163508,0.0,0.0039819175,0.005,8.666515350341797e-05,8.666515350341797e-05,3072013.0,4609.5
1650163509,0.0,0.004767393,0.01,8.666515350341797e-05,8.666515350341797e-05,3687108.0,5571.0
1650163510,0.0,0.004767393,0.01,8.666515350341797e-05,8.666515350341797e-05,3687108.0,5571.0
1650163511,0.0,0.001629215,0.0,8.666515350341797e-05,8.666515350341797e-05,1229190.0,1791.0
1650163512,0.01,0.005009737,0.0,8.666515350341797e-05,8.666515350341797e-05,3687500.0,5307.0
1650163513,0.01,0.005361605,0.0,8.666515350341797e-05,8.666515350341797e-05,3688535.0,7326.0
1650163514,0.01,0.005361605,0.0,8.666515350341797e-05,8.666515350341797e-05,3688535.0,7326.0
1650163515,0.0,0.0023185875,0.005,8.666515350341797e-05,8.666515350341797e-05,1843984.5,2290.5
1650163516,0.0,0.003329218,0.0,8.666515350341797e-05,8.666515350341797e-05,2459557.0,3574.0
1650163517,0.0,0.003185361,0.0,8.666515350341797e-05,8.666515350341797e-05,2459430.0,3582.0
1650163518,0.0,0.006515343,0.01,8.666515350341797e-05,8.666515350341797e-05,4918378.0,6240.0
1650163519,0.0,0.006515343,0.01,8.666515350341797e-05,8.666515350341797e-05,4918378.0,6240.0
1650163520,0.0,0.002354642,0.0,8.666515350341797e-05,8.666515350341797e-05,1844941.5,2554.5
1650163521,0.01,0.006412103,0.0,8.666515350341797e-05,8.666515350341797e-05,4920912.0,7362.0
1650163522,0.01,0.006412103,0.0,8.666515350341797e-05,8.666515350341797e-05,4920912.0,7362.0
1650163523,0.0,0.0007784175,0.0,8.666515350341797e-05,8.666515350341797e-05,615124.5,928.5
1650163524,0.01,0.007207667,0.0,8.666515350341797e-05,8.666515350341797e-05,4922208.0,8157.0
1650163525,0.01,0.007088824,0.0,8.672475814819336e-05,8.672475814819336e-05,4922772.0,7626.0
1650163526,0.0,0.00190868,0.01,8.672475814819336e-05,8.672475814819336e-05,1231132.0,2047.0
1650163527,0.0,0.004911696,0.0,8.672475814819336e-05,8.672475814819336e-05,3692594.0,5241.0
1650163528,0.01,0.003234422,0.0,8.672475814819336e-05,8.672475814819336e-05,2462058.0,3846.0
1650163529,0.01,0.003234422,0.0,8.672475814819336e-05,8.672475814819336e-05,2462058.0,3846.0
1650163530,0.0,0.001674386,0.005,8.672475814819336e-05,8.672475814819336e-05,1231091.5,1857.0
1650163531,0.0,0.001914597,0.0,8.672475814819336e-05,8.672475814819336e-05,1231263.0,1989.0
1650163532,0.0,0.005120019,0.0,8.672475814819336e-05,8.672475814819336e-05,3693972.0,5775.0
1650163533,0.0,0.005120019,0.0,8.672475814819336e-05,8.672475814819336e-05,3693972.0,5775.0
1650163534,0.005,0.0046683945,0.0,8.672475814819336e-05,8.672475814819336e-05,3078734.0,5541.0
1650163535,0.005,0.0046683945,0.0,8.672475814819336e-05,8.672475814819336e-05,3078734.0,5541.0
1650163536,0.0,0.003547887,0.005,8.675456047058105e-05,8.675456047058105e-05,2463594.5,3875.0
1650163537,0.0,0.003547887,0.005,8.675456047058105e-05,8.675456047058105e-05,2463594.5,3875.0
1650163538,0.005,0.0044604445,0.0,8.675456047058105e-05,8.675456047058105e-05,3079792.0,4840.5
1650163539,0.005,0.0044604445,0.0,8.675456047058105e-05,8.675456047058105e-05,3079792.0,4840.5
1650163540,0.0,0.0023357915,0.005,8.675456047058105e-05,8.675456047058105e-05,1848064.5,2620.5
1650163541,0.0,0.001534934,0.0,8.675456047058105e-05,8.675456047058105e-05,1231875.0,1461.0
1650163542,0.01,0.004819239,0.0,8.675456047058105e-05,8.675456047058105e-05,3696572.0,5241.0
1650163543,0.01,0.004819239,0.0,8.675456047058105e-05,8.675456047058105e-05,3696572.0,5241.0
1650163544,0.0,0.0009151185,0.0,8.675456047058105e-05,8.675456047058105e-05,616231.5,1979.0
1650163545,0.01,0.003693884,0.0,8.675456047058105e-05,8.675456047058105e-05,2465144.0,3986.0
1650163546,0.01,0.003693884,0.0,8.675456047058105e-05,8.675456047058105e-05,2465144.0,3986.0
1650163547,0.0,0.0028102185,0.005,8.675456047058105e-05,8.675456047058105e-05,1849208.0,3111.5
1650163548,0.0,0.0028102185,0.005,8.675456047058105e-05,8.675456047058105e-05,1849208.0,3111.5
1650163549,0.0,0.001720546,0.0,8.675456047058105e-05,8.675456047058105e-05,1232796.0,1977.0
1650163550,0.0,0.00329904,0.0,8.675456047058105e-05,8.675456047058105e-05,2465808.0,3978.0
1650163551,0.0,0.00329904,0.0,8.675456047058105e-05,8.675456047058105e-05,2465808.0,3978.0
1650163552,0.005,0.004177299,0.005,8.675456047058105e-05,8.675456047058105e-05,3082299.5,4708.5
1650163553,0.0,0.003709877,0.0,8.675456047058105e-05,8.675456047058105e-05,2466612.0,5269.0
1650163554,0.0,0.003709877,0.0,8.675456047058105e-05,8.675456047058105e-05,2466612.0,5269.0
1650163555,0.0,0.002634464,0.0,8.651614189147949e-05,8.651614189147949e-05,1850089.0,2950.5
1650163556,0.0,0.002634464,0.0,8.651614189147949e-05,8.651614189147949e-05,1850089.0,2950.5
1650163557,0.005,0.003808907,0.0,8.675456047058105e-05,8.675456047058105e-05,2467351.0,4209.0
1650163558,0.005,0.003808907,0.0,8.675456047058105e-05,8.675456047058105e-05,2467351.0,4209.0
1650163559,0.0,0.0007988015,0.0,8.675456047058105e-05,8.675456047058105e-05,616642.5,730.5
1650163560,0.0,0.0007988015,0.0,8.675456047058105e-05,8.675456047058105e-05,616642.5,730.5
1650163561,0.0,0.001815888,0.005,8.675456047058105e-05,8.675456047058105e-05,1233520.5,1659.0
1650163562,0.0,0.001815888,0.005,8.675456047058105e-05,8.675456047058105e-05,1233520.5,1659.0
1650163563,0.005,0.0022872235,0.0,8.675456047058105e-05,8.675456047058105e-05,1233386.5,1527.0
1650163564,0.01,0.003641531,0.0,8.675456047058105e-05,8.675456047058105e-05,2468022.0,5660.0
1650163565,0.01,0.003641531,0.0,8.675456047058105e-05,8.675456047058105e-05,2468022.0,5660.0
1650163566,0.0,0.001703655,0.0,8.657574653625488e-05,8.657574653625488e-05,1234299.5,2051.0
1650163567,0.0,0.001703655,0.0,8.657574653625488e-05,8.657574653625488e-05,1234299.5,2051.0
1650163568,0.0,0.004350528,0.005,8.681416511535645e-05,8.681416511535645e-05,3084668.5,4184.5
1650163569,0.0,0.001814057,0.0,8.681416511535645e-05,8.681416511535645e-05,1234418.0,2055.0
1650163570,0.0,0.001814057,0.0,8.681416511535645e-05,8.681416511535645e-05,1234418.0,2055.0
1650163571,0.0,0.0044153265,0.005,8.681416511535645e-05,8.681416511535645e-05,3085450.0,4213.5
1650163572,0.0,0.0044153265,0.005,8.681416511535645e-05,8.681416511535645e-05,3085450.0,4213.5
1650163573,0.0,0.0033515795,0.0,8.681416511535645e-05,8.681416511535645e-05,2469062.5,3582.0
1650163574,0.0,0.003418507,0.0,8.681416511535645e-05,8.681416511535645e-05,2469450.0,4299.0
1650163575,0.0,0.003498444,0.0,8.681416511535645e-05,8.681416511535645e-05,2469378.0,3450.0
1650163576,0.0,0.003498444,0.0,8.681416511535645e-05,8.681416511535645e-05,2469378.0,3450.0
1650163577,0.0,0.00261674,0.005,8.657574653625488e-05,8.657574653625488e-05,1852603.5,2847.5
1650163578,0.0,0.00261674,0.005,8.657574653625488e-05,8.657574653625488e-05,1852603.5,2847.5
1650163579,0.005,0.0034076775,0.0,8.681416511535645e-05,8.681416511535645e-05,2470057.0,3685.0
1650163580,0.0,0.005607051,0.0,8.681416511535645e-05,8.681416511535645e-05,3705897.0,5769.0
1650163581,0.0,0.005607051,0.0,8.681416511535645e-05,8.681416511535645e-05,3705897.0,5769.0
1650163582,0.005,0.003304848,0.0,8.681416511535645e-05,8.681416511535645e-05,2470790.0,3747.0
1650163583,0.005,0.003304848,0.0,8.681416511535645e-05,8.681416511535645e-05,2470790.0,3747.0
1650163584,0.0,0.0026232435,0.005,8.681416511535645e-05,8.681416511535645e-05,1853254.0,3488.0
1650163585,0.0,0.003530537,0.0,8.684396743774414e-05,8.684396743774414e-05,2471663.0,4044.0
1650163586,0.0,0.001980113,0.0,8.684396743774414e-05,8.684396743774414e-05,1236057.0,1783.0
1650163587,0.0,0.001980113,0.0,8.684396743774414e-05,8.684396743774414e-05,1236057.0,1783.0
1650163588,0.005,0.0009300205,0.0,8.684396743774414e-05,8.684396743774414e-05,617992.5,994.5
1650163589,0.0,0.003936466,0.0,8.684396743774414e-05,8.684396743774414e-05,2472650.0,4316.0
1650163590,0.0,0.003682682,0.0,8.684396743774414e-05,8.684396743774414e-05,2472369.0,4176.0
1650163591,0.0,0.005562552,0.0,8.684396743774414e-05,8.684396743774414e-05,3708092.0,5241.0
1650163592,0.0,0.005562552,0.0,8.684396743774414e-05,8.684396743774414e-05,3708092.0,5241.0
1650163593,0.0,0.000936099,0.005,8.684396743774414e-05,8.684396743774414e-05,618184.5,994.5
1650163594,0.0,0.007212754,0.01,8.684396743774414e-05,8.684396743774414e-05,4945692.0,10287.0
1650163595,0.0,0.003077312,0.0,8.684396743774414e-05,8.684396743774414e-05,2472870.0,3714.0
1650163596,0.0,0.003077312,0.0,8.684396743774414e-05,8.684396743774414e-05,2472870.0,3714.0
1650163597,0.0,0.0018186515,0.0,8.684396743774414e-05,8.684396743774414e-05,1236755.5,1820.0
1650163598,0.0,0.001558384,0.01,8.684396743774414e-05,8.684396743774414e-05,1236273.0,1329.0
1650163599,0.01,0.007302278,0.0,8.684396743774414e-05,8.684396743774414e-05,4947401.0,7940.0
1650163600,0.0,0.001657515,0.0,8.684396743774414e-05,8.684396743774414e-05,1236975.0,2055.0
1650163601,0.0,0.001657515,0.0,8.684396743774414e-05,8.684396743774414e-05,1236975.0,2055.0
1650163602,0.0,0.002326546,0.005,8.684396743774414e-05,8.684396743774414e-05,1855441.5,2752.5
1650163603,0.0,0.003727669,0.0,8.684396743774414e-05,8.684396743774414e-05,2474314.0,3582.0
1650163604,0.0,0.005071267,0.01,8.684396743774414e-05,8.684396743774414e-05,3711603.0,7338.0
1650163605,0.0,0.005071267,0.01,8.684396743774414e-05,8.684396743774414e-05,3711603.0,7338.0
1650163606,0.0,0.0018061245,0.0,8.684396743774414e-05,8.684396743774414e-05,1237458.5,1787.0
1650163607,0.0,0.003366155,0.01,8.684396743774414e-05,8.684396743774414e-05,2474790.0,3384.0
1650163608,0.0,0.001961195,0.0,8.684396743774414e-05,8.684396743774414e-05,1237599.0,1989.0
1650163609,0.0,0.001961195,0.0,8.684396743774414e-05,8.684396743774414e-05,1237599.0,1989.0
1650163610,0.005,0.002975631,0.0,8.690357208251953e-05,8.690357208251953e-05,1856842.5,3185.5
1650163611,0.0,0.003317878,0.0,8.690357208251953e-05,8.690357208251953e-05,2475168.0,3516.0
1650163612,0.0,0.003317878,0.0,8.690357208251953e-05,8.690357208251953e-05,2475168.0,3516.0
1650163613,0.0,0.002839009,0.005,8.690357208251953e-05,8.690357208251953e-05,1856836.5,3253.5
1650163614,0.0,0.002839009,0.005,8.690357208251953e-05,8.690357208251953e-05,1856836.5,3253.5
1650163615,0.0,0.001612615,0.005,8.690357208251953e-05,8.690357208251953e-05,1237692.0,1527.0
1650163616,0.0,0.001612615,0.005,8.690357208251953e-05,8.690357208251953e-05,1237692.0,1527.0
1650163617,0.0,0.0018318505,0.0,8.690357208251953e-05,8.690357208251953e-05,1238343.5,1886.0
1650163618,0.01,0.005521823,0.0,8.690357208251953e-05,8.690357208251953e-05,3714219.0,5175.0
1650163619,0.01,0.005521823,0.0,8.690357208251953e-05,8.690357208251953e-05,3714219.0,5175.0
1650163620,0.0,0.0009404845,0.0,8.666515350341797e-05,8.666515350341797e-05,619183.0,928.5
1650163621,0.0,0.0009404845,0.0,8.666515350341797e-05,8.666515350341797e-05,619183.0,928.5
1650163622,0.0,0.002487497,0.0,8.690357208251953e-05,8.690357208251953e-05,1857302.0,2327.5
1650163623,0.01,0.006153333,0.0,8.690357208251953e-05,8.690357208251953e-05,3714763.0,6002.0
1650163624,0.01,0.006153333,0.0,8.690357208251953e-05,8.690357208251953e-05,3714763.0,6002.0
1650163625,0.005,0.0026199885,0.0,8.690357208251953e-05,8.690357208251953e-05,1858093.5,2917.5
1650163626,0.0,0.003459492,0.0,8.690357208251953e-05,8.690357208251953e-05,2477467.0,3376.0
1650163627,0.0,0.001576426,0.01,8.690357208251953e-05,8.690357208251953e-05,1238877.0,1857.0
1650163628,0.01,0.001830004,0.0,8.690357208251953e-05,8.690357208251953e-05,1239123.0,2055.0
1650163629,0.01,0.001830004,0.0,8.690357208251953e-05,8.690357208251953e-05,1239123.0,2055.0
1650163630,0.0,0.0017567835,0.0,8.690357208251953e-05,8.690357208251953e-05,1239162.0,2055.0
1650163631,0.0,0.003330088,0.0,8.690357208251953e-05,8.690357208251953e-05,2478194.0,3458.0
1650163632,0.0,0.003076084,0.0,8.690357208251953e-05,8.690357208251953e-05,2478444.0,3846.0
1650163633,0.0,0.003076084,0.0,8.690357208251953e-05,8.690357208251953e-05,2478444.0,3846.0
1650163634,0.0,0.0035700965,0.005,8.690357208251953e-05,8.690357208251953e-05,2478566.5,4039.0
1650163635,0.0,0.003434478,0.0,8.690357208251953e-05,8.690357208251953e-05,2478954.0,3582.0
1650163636,0.0,0.003434478,0.0,8.690357208251953e-05,8.690357208251953e-05,2478954.0,3582.0
1650163637,0.005,0.0017612585,0.0,8.690357208251953e-05,8.690357208251953e-05,1239666.5,1787.0
1650163638,0.0,0.003371755,0.0,8.690357208251953e-05,8.690357208251953e-05,2479140.0,3714.0
1650163639,0.0,0.003371755,0.0,8.690357208251953e-05,8.690357208251953e-05,2479140.0,3714.0
1650163640,0.0,0.0034059375,0.0,8.693337440490723e-05,8.693337440490723e-05,2479361.5,3516.0
1650163641,0.0,0.001765322,0.0,8.693337440490723e-05,8.693337440490723e-05,1240263.0,2121.0
1650163642,0.0,0.006972855,0.01,8.693337440490723e-05,8.693337440490723e-05,4960153.0,7370.0
1650163643,0.0,0.001854039,0.0,8.693337440490723e-05,8.693337440490723e-05,1240173.0,2859.0
1650163644,0.0,0.004974168,0.0,8.693337440490723e-05,8.693337440490723e-05,3720278.0,4977.0
1650163645,0.0,0.004974168,0.0,8.693337440490723e-05,8.693337440490723e-05,3720278.0,4977.0
1650163646,0.0,0.0017189995,0.0,8.693337440490723e-05,8.693337440490723e-05,1240350.5,1589.0
1650163647,0.0,0.0017189995,0.0,8.693337440490723e-05,8.693337440490723e-05,1240350.5,1589.0
1650163648,0.0,0.003427982,0.0,8.693337440490723e-05,8.693337440490723e-05,2481001.5,3639.0
1650163649,0.0,0.003427982,0.0,8.693337440490723e-05,8.693337440490723e-05,2481001.5,3639.0
1650163650,0.0,0.0030785805,0.0,8.693337440490723e-05,8.693337440490723e-05,2481007.0,3216.0
1650163651,0.0,0.0030785805,0.0,8.693337440490723e-05,8.693337440490723e-05,2481007.0,3216.0
1650163652,0.005,0.002561561,0.005,8.675456047058105e-05,8.675456047058105e-05,1861240.5,2719.5
1650163653,0.0,0.008183658,0.0,8.693337440490723e-05,8.693337440490723e-05,6205565.0,11438.0
1650163654,0.0,0.003238024,0.0,8.693337440490723e-05,8.693337440490723e-05,2482175.0,3516.0
1650163655,0.0,0.003238024,0.0,8.693337440490723e-05,8.693337440490723e-05,2482175.0,3516.0
1650163656,0.005,0.002652249,0.0,8.693337440490723e-05,8.693337440490723e-05,1862021.0,2682.5
1650163657,0.005,0.002652249,0.0,8.693337440490723e-05,8.693337440490723e-05,1862021.0,2682.5
1650163658,0.0,0.000788057,0.0,8.693337440490723e-05,8.693337440490723e-05,620569.5,664.5
1650163659,0.01,0.003246676,0.0,8.693337440490723e-05,8.693337440490723e-05,2483015.0,3780.0
1650163660,0.01,0.003246676,0.0,8.693337440490723e-05,8.693337440490723e-05,2483015.0,3780.0
1650163661,0.0,0.0033050905,0.0,8.693337440490723e-05,8.693337440490723e-05,2483237.5,3516.0
1650163662,0.0,0.001539993,0.0,8.693337440490723e-05,8.693337440490723e-05,1241607.0,1527.0
1650163663,0.0,0.001539993,0.0,8.693337440490723e-05,8.693337440490723e-05,1241607.0,1527.0
1650163664,0.0,0.0025876915,0.0,8.693337440490723e-05,8.693337440490723e-05,1862920.5,3292.5
1650163665,0.0,0.00177826,0.01,8.693337440490723e-05,8.693337440490723e-05,1241997.0,1989.0
1650163666,0.0,0.00177826,0.01,8.693337440490723e-05,8.693337440490723e-05,1241997.0,1989.0
1650163667,0.0,0.000148701,0.0,8.693337440490723e-05,8.693337440490723e-05,192.5,95.0
1650163668,0.0,0.000148701,0.0,8.693337440490723e-05,8.693337440490723e-05,192.5,95.0
1650163669,0.0,0.0,0.0,8.693337440490723e-05,8.693337440490723e-05,0.0,0.0
1650163670,0.0,0.0,0.0,8.693337440490723e-05,8.693337440490723e-05,0.0,0.0
1650163671,0.0,0.0,0.0,8.693337440490723e-05,8.693337440490723e-05,0.0,0.0
1650163672,0.0,0.0,0.0,8.693337440490723e-05,8.693337440490723e-05,0.0,0.0
1650163673,0.0,0.0,0.0,8.693337440490723e-05,8.693337440490723e-05,0.0,0.0
1650163674,0.0,0.0,0.0,8.693337440490723e-05,8.693337440490723e-05,0.0,0.0
1650163675,0.0,0.0,0.0,8.693337440490723e-05,8.693337440490723e-05,0.0,0.0
1650163676,0.0,9.3204e-05,0.0,8.693337440490723e-05,8.693337440490723e-05,96.25,178.5
1650163677,0.0,9.3204e-05,0.0,8.693337440490723e-05,8.693337440490723e-05,96.25,178.5
1650163678,0.0,0.0,0.0,8.693337440490723e-05,8.693337440490723e-05,0.0,0.0
1650163679,0.0,0.0,0.0,8.693337440490723e-05,8.693337440490723e-05,0.0,0.0
1650163680,0.0,0.0,0.0,8.693337440490723e-05,8.693337440490723e-05,0.0,0.0
1650163681,0.0,0.0,0.0,8.693337440490723e-05,8.693337440490723e-05,0.0,0.0
1650163682,0.0,0.0,0.0,8.693337440490723e-05,8.693337440490723e-05,0.0,0.0
1650163683,0.0,0.0,0.0,8.693337440490723e-05,8.693337440490723e-05,0.0,0.0
1650163684,0.0,0.0,0.0,8.693337440490723e-05,8.693337440490723e-05,0.0,0.0
1650163685,0.0,0.0,0.0,8.693337440490723e-05,8.693337440490723e-05,0.0,0.0
1650163686,0.0,0.0,0.0,8.693337440490723e-05,8.693337440490723e-05,0.0,0.0
1650163687,0.0,0.0,0.0,8.693337440490723e-05,8.693337440490723e-05,0.0,0.0
1650163688,0.0,4.531542857142857e-05,0.0,8.693337440490723e-05,8.693337440490723e-05,55.0,27.142857142857142
1650163689,0.0,4.531542857142857e-05,0.0,8.693337440490723e-05,8.693337440490723e-05,55.0,27.142857142857142
1650163690,0.0,0.0,0.0,8.693337440490723e-05,8.693337440490723e-05,0.0,0.0
1650163691,0.0,0.0,0.0,8.693337440490723e-05,8.693337440490723e-05,0.0,0.0
1650163692,0.0,0.0,0.0,8.693337440490723e-05,8.693337440490723e-05,0.0,0.0
1650163693,0.0,0.0,0.0,8.693337440490723e-05,8.693337440490723e-05,0.0,0.0
1650163694,0.0,0.0,0.0,8.693337440490723e-05,8.693337440490723e-05,0.0,0.0
1650163695,0.0,0.0,0.0,8.693337440490723e-05,8.693337440490723e-05,0.0,0.0
1650163696,0.0,0.0,0.0,8.693337440490723e-05,8.693337440490723e-05,0.0,0.0
1650163697,0.0,0.0,0.0,8.693337440490723e-05,8.693337440490723e-05,0.0,0.0
1650163698,0.0,0.0,0.0,8.693337440490723e-05,8.693337440490723e-05,0.0,0.0
1650163699,0.0,0.0,0.0,8.693337440490723e-05,8.693337440490723e-05,0.0,0.0
1650163700,0.0,4.6462e-05,0.0,8.693337440490723e-05,8.693337440490723e-05,55.0,27.142857142857142
1650163701,0.0,4.6462e-05,0.0,8.693337440490723e-05,8.693337440490723e-05,55.0,27.142857142857142
1650163702,0.0,0.0,0.0,8.693337440490723e-05,8.693337440490723e-05,0.0,0.0
1650163703,0.0,0.0,0.0,8.693337440490723e-05,8.693337440490723e-05,0.0,0.0
1650163704,0.0,0.0,0.0,8.693337440490723e-05,8.693337440490723e-05,0.0,0.0
1650163705,0.0,1.2426e-05,0.0,8.693337440490723e-05,8.693337440490723e-05,0.0,0.0
1650163706,0.0,0.000262432,0.0,8.693337440490723e-05,8.693337440490723e-05,385.0,190.0
1650163707,0.0,0.000262432,0.0,8.693337440490723e-05,8.693337440490723e-05,385.0,190.0
1650163708,0.0,0.0,0.0,8.693337440490723e-05,8.693337440490723e-05,0.0,0.0
1650163709,0.0,0.0,0.0,8.693337440490723e-05,8.693337440490723e-05,0.0,0.0
1650163710,0.0,0.0,0.0,8.693337440490723e-05,8.693337440490723e-05,0.0,0.0
1650163711,0.0,0.0,0.0,8.693337440490723e-05,8.693337440490723e-05,0.0,0.0
1650163712,0.0,0.0,0.0,8.693337440490723e-05,8.693337440490723e-05,0.0,0.0
1650163713,0.0,0.0,0.0,8.693337440490723e-05,8.693337440490723e-05,0.0,0.0
1650163714,0.0,0.0,0.0,8.693337440490723e-05,8.693337440490723e-05,0.0,0.0
1650163715,0.0,0.0,0.0,8.693337440490723e-05,8.693337440490723e-05,0.0,0.0
1650163716,0.0,0.0,0.0,8.693337440490723e-05,8.693337440490723e-05,0.0,0.0
1650163717,0.0,0.0,0.0,8.693337440490723e-05,8.693337440490723e-05,0.0,0.0
1650163718,0.0,0.0,0.0,8.693337440490723e-05,8.693337440490723e-05,0.0,0.0
1650163719,0.0,3.5899375e-05,0.0,8.693337440490723e-05,8.693337440490723e-05,64.625,40.25
1650163720,0.0,0.0,0.0,8.693337440490723e-05,8.693337440490723e-05,0.0,0.0
1650163721,0.0,0.0,0.0,8.693337440490723e-05,8.693337440490723e-05,0.0,0.0
1650163722,0.0,0.0,0.0,8.693337440490723e-05,8.693337440490723e-05,0.0,0.0
1650163723,0.0,0.0,0.0,8.693337440490723e-05,8.693337440490723e-05,0.0,0.0
1650163724,0.0,0.0,0.0,8.693337440490723e-05,8.693337440490723e-05,0.0,0.0
1650163725,0.0,0.0,0.0,8.693337440490723e-05,8.693337440490723e-05,0.0,0.0
1650163726,0.0,0.0,0.0,8.693337440490723e-05,8.693337440490723e-05,0.0,0.0
1650163727,0.0,0.0,0.0,8.693337440490723e-05,8.693337440490723e-05,0.0,0.0
1650163728,0.0,6.23284e-05,0.0,8.693337440490723e-05,8.693337440490723e-05,77.0,38.0
1650163729,0.0,0.0,0.0,8.693337440490723e-05,8.693337440490723e-05,0.0,0.0
1650163730,0.0,0.0,0.0,8.693337440490723e-05,8.693337440490723e-05,0.0,0.0
1650163731,0.0,0.0,0.0,8.693337440490723e-05,8.693337440490723e-05,0.0,0.0
1650163732,0.0,0.0,0.0,8.693337440490723e-05,8.693337440490723e-05,0.0,0.0
1650163733,0.0,0.0,0.0,8.693337440490723e-05,8.693337440490723e-05,0.0,0.0
1650163734,0.0,0.0,0.0,8.693337440490723e-05,8.693337440490723e-05,0.0,0.0
1650163735,0.0,0.0,0.0,8.693337440490723e-05,8.693337440490723e-05,0.0,0.0
1650163736,0.0,0.0,0.0,8.693337440490723e-05,8.693337440490723e-05,0.0,0.0
1650163737,0.0,0.0,0.0,8.693337440490723e-05,8.693337440490723e-05,0.0,0.0
1650163738,0.0,4.392171428571429e-05,0.0,8.693337440490723e-05,8.693337440490723e-05,55.0,27.142857142857142
1650163739,0.0,4.392171428571429e-05,0.0,8.693337440490723e-05,8.693337440490723e-05,55.0,27.142857142857142
1650163740,0.0,0.0,0.0,8.693337440490723e-05,8.693337440490723e-05,0.0,0.0
1650163741,0.0,0.0,0.0,8.693337440490723e-05,8.693337440490723e-05,0.0,0.0
1650163742,0.0,0.0,0.0,8.693337440490723e-05,8.693337440490723e-05,0.0,0.0
1650163743,0.0,0.0,0.0,8.693337440490723e-05,8.693337440490723e-05,0.0,0.0
1650163744,0.0,0.0,0.0,8.693337440490723e-05,8.693337440490723e-05,0.0,0.0
1650163745,0.0,0.0,0.0,8.693337440490723e-05,8.693337440490723e-05,0.0,0.0
1650163746,0.0,0.0,0.0,8.693337440490723e-05,8.693337440490723e-05,0.0,0.0
1650163747,0.0,0.0,0.0,8.693337440490723e-05,8.693337440490723e-05,0.0,0.0
1650163748,0.0,0.0,0.0,8.693337440490723e-05,8.693337440490723e-05,0.0,0.0
1650163749,0.0,5.118414285714285e-05,0.0,8.693337440490723e-05,8.693337440490723e-05,55.0,27.142857142857142
1650163750,0.0,0.0,0.0,8.693337440490723e-05,8.693337440490723e-05,0.0,0.0
1650163751,0.0,0.0,0.0,8.693337440490723e-05,8.693337440490723e-05,0.0,0.0
1650163752,0.0,0.0,0.0,8.693337440490723e-05,8.693337440490723e-05,0.0,0.0
1650163753,0.0,0.0,0.0,8.693337440490723e-05,8.693337440490723e-05,0.0,0.0
1650163754,0.0,1.1484e-05,0.0,8.693337440490723e-05,8.693337440490723e-05,0.0,0.0
1650163755,0.0,0.0,0.0,8.693337440490723e-05,8.693337440490723e-05,0.0,0.0
1650163756,0.0,0.0,0.0,8.693337440490723e-05,8.693337440490723e-05,0.0,0.0
1650163757,0.0,0.0,0.0,8.693337440490723e-05,8.693337440490723e-05,0.0,0.0
1650163758,0.0,0.0,0.0,8.693337440490723e-05,8.693337440490723e-05,0.0,0.0
1650163759,0.0,6.12505e-05,0.0,8.693337440490723e-05,8.693337440490723e-05,96.25,47.5
1650163760,0.0,6.12505e-05,0.0,8.693337440490723e-05,8.693337440490723e-05,96.25,47.5
1650163761,0.0,0.0,0.0,8.693337440490723e-05,8.693337440490723e-05,0.0,0.0
1650163762,0.0,0.0,0.0,8.693337440490723e-05,8.693337440490723e-05,0.0,0.0
1650163763,0.0,0.0,0.0,8.693337440490723e-05,8.693337440490723e-05,0.0,0.0
1650163764,0.0,1.5573e-05,0.0,8.693337440490723e-05,8.693337440490723e-05,0.0,0.0
1650163765,0.0,0.0,0.0,8.693337440490723e-05,8.693337440490723e-05,0.0,0.0
1650163766,0.0,0.0,0.0,8.693337440490723e-05,8.693337440490723e-05,0.0,0.0
1650163767,0.0,0.0,0.0,8.693337440490723e-05,8.693337440490723e-05,0.0,0.0
1650163768,0.0,0.0,0.0,8.693337440490723e-05,8.693337440490723e-05,0.0,0.0
1650163769,0.0,6.1709e-05,0.0,8.693337440490723e-05,8.693337440490723e-05,96.25,47.5
1650163770,0.0,6.1709e-05,0.0,8.693337440490723e-05,8.693337440490723e-05,96.25,47.5
1650163771,0.0,0.0,0.0,8.693337440490723e-05,8.693337440490723e-05,0.0,0.0
1650163772,0.0,0.0,0.0,8.693337440490723e-05,8.693337440490723e-05,0.0,0.0
1650163773,0.0,0.0,0.0,8.693337440490723e-05,8.693337440490723e-05,0.0,0.0
1650163774,0.0,0.0,0.0,8.693337440490723e-05,8.693337440490723e-05,0.0,0.0
1650163775,0.0,0.0,0.0,8.693337440490723e-05,8.693337440490723e-05,0.0,0.0
1650163776,0.0,0.0,0.0,8.693337440490723e-05,8.693337440490723e-05,0.0,0.0
1650163777,0.0,0.0,0.0,8.693337440490723e-05,8.693337440490723e-05,0.0,0.0
1650163778,0.0,0.0,0.0,8.693337440490723e-05,8.693337440490723e-05,0.0,0.0
1650163779,0.0,5.764266666666666e-05,0.0,8.693337440490723e-05,8.693337440490723e-05,64.16666666666667,31.666666666666668
1650163780,0.0,0.0,0.0,8.693337440490723e-05,8.693337440490723e-05,0.0,0.0
1650163781,0.0,0.0,0.0,8.693337440490723e-05,8.693337440490723e-05,0.0,0.0
1650163782,0.0,0.0,0.0,8.693337440490723e-05,8.693337440490723e-05,0.0,0.0
1650163783,0.0,0.0,0.0,8.693337440490723e-05,8.693337440490723e-05,0.0,0.0
1650163784,0.0,0.0,0.0,8.693337440490723e-05,8.693337440490723e-05,0.0,0.0
1650163785,0.0,0.0,0.0,8.693337440490723e-05,8.693337440490723e-05,0.0,0.0
1650163786,0.0,0.0,0.0,8.693337440490723e-05,8.693337440490723e-05,0.0,0.0
1650163787,0.0,5.72714e-05,0.0,8.693337440490723e-05,8.693337440490723e-05,77.0,38.0
1650163788,0.0,0.0,0.0,8.693337440490723e-05,8.693337440490723e-05,0.0,0.0
1650163789,0.0,0.0,0.0,8.693337440490723e-05,8.693337440490723e-05,0.0,0.0
1650163790,0.0,0.0,0.0,8.693337440490723e-05,8.693337440490723e-05,0.0,0.0
1650163791,0.0,0.0,0.0,8.693337440490723e-05,8.693337440490723e-05,0.0,0.0
1650163792,0.0,0.0,0.0,8.693337440490723e-05,8.693337440490723e-05,0.0,0.0
1650163793,0.0,0.0,0.0,8.693337440490723e-05,8.693337440490723e-05,0.0,0.0
1650163794,0.0,0.0,0.0,8.693337440490723e-05,8.693337440490723e-05,0.0,0.0
1650163795,0.0,0.0,0.0,8.693337440490723e-05,8.693337440490723e-05,0.0,0.0
1650163796,0.0,0.0,0.0,8.693337440490723e-05,8.693337440490723e-05,0.0,0.0
1650163797,0.0,0.0,0.0,8.693337440490723e-05,8.693337440490723e-05,0.0,0.0
1650163798,0.0,0.0,0.0,8.693337440490723e-05,8.693337440490723e-05,0.0,0.0
1650163799,0.00125,0.001080174625,0.0,8.699297904968262e-05,8.699297904968262e-05,621158.125,970.75
1650163800,0.0,0.004814571,0.0,8.699297904968262e-05,8.699297904968262e-05,3726723.0,5571.0
1650163801,0.0,0.004814571,0.0,8.699297904968262e-05,8.699297904968262e-05,3726723.0,5571.0
1650163802,0.0,0.0016399265,0.0,8.699297904968262e-05,8.699297904968262e-05,1242306.0,1692.0
1650163803,0.0,0.00675728,0.0,8.699297904968262e-05,8.699297904968262e-05,4969931.0,6768.0
1650163804,0.0,0.00675728,0.0,8.699297904968262e-05,8.699297904968262e-05,4969931.0,6768.0
1650163805,0.0,0.0026028835,0.0,6.979703903198242e-05,6.979703903198242e-05,1863943.0,2653.5
1650163806,0.0,0.0026028835,0.0,6.979703903198242e-05,6.979703903198242e-05,1863943.0,2653.5
1650163807,0.005,0.0048867655,0.005,8.699297904968262e-05,8.699297904968262e-05,2485467.5,3182.0
1650163808,0.005,0.0048867655,0.005,8.699297904968262e-05,8.699297904968262e-05,2485467.5,3182.0
1650163809,0.0,0.003573081,0.0,8.696317672729492e-05,8.696317672729492e-05,2486157.5,3553.0
1650163810,0.0,0.003454496,0.0,8.696317672729492e-05,8.696317672729492e-05,2485978.0,3318.0
1650163811,0.0,0.003454496,0.0,8.696317672729492e-05,8.696317672729492e-05,2485978.0,3318.0
1650163812,0.0,0.003578934,0.005,6.976723670959473e-05,6.976723670959473e-05,2486235.0,3054.0
1650163813,0.0,0.003578934,0.005,6.976723670959473e-05,6.976723670959473e-05,2486235.0,3054.0
1650163814,0.0,0.002367317,0.0,8.699297904968262e-05,8.699297904968262e-05,1243343.5,2862.0
1650163815,0.0,0.002367317,0.0,8.699297904968262e-05,8.699297904968262e-05,1243343.5,2862.0
1650163816,0.0,0.0037218105,0.0,6.979703903198242e-05,6.979703903198242e-05,2487167.5,3380.0
1650163817,0.01,0.004823541,0.0,6.979703903198242e-05,6.979703903198242e-05,2487198.0,2790.0
1650163818,0.0,0.002944558,0.01,8.699297904968262e-05,8.699297904968262e-05,1243713.0,1767.0
1650163819,0.0,0.002944558,0.01,8.699297904968262e-05,8.699297904968262e-05,1243713.0,1767.0
1650163820,0.005,0.004326608,0.0,6.979703903198242e-05,6.979703903198242e-05,2487784.0,3487.0
1650163821,0.0,0.00445612,0.0,8.705258369445801e-05,8.705258369445801e-05,2487804.0,3318.0
1650163822,0.0,0.00445612,0.0,8.705258369445801e-05,8.705258369445801e-05,2487804.0,3318.0
1650163823,0.005,0.002419685,0.0,8.705258369445801e-05,8.705258369445801e-05,1866147.5,2488.5
1650163824,0.01,0.00328204,0.0,8.705258369445801e-05,8.705258369445801e-05,2488350.0,4474.0
1650163825,0.01,0.00328204,0.0,8.705258369445801e-05,8.705258369445801e-05,2488350.0,4474.0
1650163826,0.0,0.0017042015,0.0,8.705258369445801e-05,8.705258369445801e-05,1244397.5,1589.0
1650163827,0.0,0.003209036,0.0,8.705258369445801e-05,8.705258369445801e-05,2489130.0,3582.0
1650163828,0.0,0.003209036,0.0,8.705258369445801e-05,8.705258369445801e-05,2489130.0,3582.0
1650163829,0.0,0.0009221735,0.0,6.979703903198242e-05,6.979703903198242e-05,622285.5,895.5
1650163830,0.0,0.0009221735,0.0,6.979703903198242e-05,6.979703903198242e-05,622285.5,895.5
1650163831,0.0,0.0,0.0,6.979703903198242e-05,6.979703903198242e-05,0.0,0.0
1650163832,0.0,0.0,0.0,6.979703903198242e-05,6.979703903198242e-05,0.0,0.0
1650163833,0.0,2.06865e-05,0.0,6.979703903198242e-05,6.979703903198242e-05,0.0,0.0
1650163834,0.0,0.0,0.0,6.979703903198242e-05,6.979703903198242e-05,42.0,0.0
1650163835,0.0,0.0,0.0,6.979703903198242e-05,6.979703903198242e-05,42.0,0.0
1650163836,0.0,0.00012597,0.0,6.979703903198242e-05,6.979703903198242e-05,192.5,95.0
1650163837,0.0,0.00012597,0.0,6.979703903198242e-05,6.979703903198242e-05,192.5,95.0
1650163838,0.0,0.0,0.0,6.979703903198242e-05,6.979703903198242e-05,0.0,0.0
1650163839,0.0,0.0,0.0,6.979703903198242e-05,6.979703903198242e-05,0.0,0.0
1650163840,0.0,0.0,0.0,6.979703903198242e-05,6.979703903198242e-05,0.0,0.0
1650163841,0.0,0.0,0.0,6.979703903198242e-05,6.979703903198242e-05,0.0,0.0
1650163842,0.0,0.0,0.0,6.979703903198242e-05,6.979703903198242e-05,0.0,0.0
1650163843,0.0,0.0,0.0,6.979703903198242e-05,6.979703903198242e-05,0.0,0.0
1650163844,0.0,0.0,0.0,6.979703903198242e-05,6.979703903198242e-05,0.0,0.0
1650163845,0.0,0.0,0.0,6.979703903198242e-05,6.979703903198242e-05,0.0,0.0
1650163846,0.0,0.0,0.0,6.979703903198242e-05,6.979703903198242e-05,0.0,0.0
1650163847,0.0,0.0,0.0,6.979703903198242e-05,6.979703903198242e-05,0.0,0.0
1650163848,0.0,0.0,0.0,6.979703903198242e-05,6.979703903198242e-05,0.0,0.0
1650163849,0.0,4.7430571428571424e-05,0.0,6.979703903198242e-05,6.979703903198242e-05,55.0,27.142857142857142
1650163850,0.0,4.7430571428571424e-05,0.0,6.979703903198242e-05,6.979703903198242e-05,55.0,27.142857142857142
1650163851,0.0,0.0,0.0,6.979703903198242e-05,6.979703903198242e-05,0.0,0.0
1650163852,0.0,0.0,0.0,6.979703903198242e-05,6.979703903198242e-05,0.0,0.0
1650163853,0.0,1.8401e-05,0.0,6.979703903198242e-05,6.979703903198242e-05,0.0,0.0
1650163854,0.0,0.0,0.0,6.979703903198242e-05,6.979703903198242e-05,0.0,0.0
1650163855,0.0,0.0,0.0,6.979703903198242e-05,6.979703903198242e-05,0.0,0.0
1650163856,0.0,0.0,0.0,6.979703903198242e-05,6.979703903198242e-05,0.0,0.0
1650163857,0.0,0.0,0.0,6.979703903198242e-05,6.979703903198242e-05,0.0,0.0
1650163858,0.0,6.856175e-05,0.0,6.979703903198242e-05,6.979703903198242e-05,96.25,47.5
1650163859,0.0,6.856175e-05,0.0,6.979703903198242e-05,6.979703903198242e-05,96.25,47.5
1650163860,0.0,0.0,0.0,6.979703903198242e-05,6.979703903198242e-05,0.0,0.0
1650163861,0.0,0.0,0.0,6.979703903198242e-05,6.979703903198242e-05,0.0,0.0
1650163862,0.0,0.0,0.0,6.979703903198242e-05,6.979703903198242e-05,0.0,0.0
1650163863,0.0,0.0,0.0,6.979703903198242e-05,6.979703903198242e-05,0.0,0.0
1650163864,0.0,0.0,0.0,6.979703903198242e-05,6.979703903198242e-05,0.0,0.0
1650163865,0.0,0.0,0.0,6.979703903198242e-05,6.979703903198242e-05,0.0,0.0
1650163866,0.0,0.0,0.0,6.979703903198242e-05,6.979703903198242e-05,0.0,0.0
1650163867,0.0,0.0,0.0,6.979703903198242e-05,6.979703903198242e-05,0.0,0.0
1650163868,0.0,6.62776e-05,0.0,6.979703903198242e-05,6.979703903198242e-05,77.0,38.0
1650163869,0.0,6.62776e-05,0.0,6.979703903198242e-05,6.979703903198242e-05,77.0,38.0
1650163870,0.0,0.0,0.0,6.979703903198242e-05,6.979703903198242e-05,0.0,0.0
1650163871,0.0,0.0,0.0,6.979703903198242e-05,6.979703903198242e-05,0.0,0.0
1650163872,0.0,0.0,0.0,6.979703903198242e-05,6.979703903198242e-05,0.0,0.0
1650163873,0.0,0.0,0.0,6.979703903198242e-05,6.979703903198242e-05,0.0,0.0
1650163874,0.0,0.0,0.0,6.979703903198242e-05,6.979703903198242e-05,0.0,0.0
1650163875,0.0,0.0,0.0,6.979703903198242e-05,6.979703903198242e-05,0.0,0.0
1650163876,0.0,8.1664e-05,0.0,6.979703903198242e-05,6.979703903198242e-05,96.25,47.5
1650163877,0.0,8.1664e-05,0.0,6.979703903198242e-05,6.979703903198242e-05,96.25,47.5
1650163878,0.0,0.0,0.0,6.979703903198242e-05,6.979703903198242e-05,0.0,0.0
1650163879,0.0,0.0,0.0,6.979703903198242e-05,6.979703903198242e-05,0.0,0.0
1650163880,0.0,0.0,0.0,6.979703903198242e-05,6.979703903198242e-05,0.0,0.0
1650163881,0.0,0.0,0.0,6.979703903198242e-05,6.979703903198242e-05,0.0,0.0
1650163882,0.0,0.0,0.0,6.979703903198242e-05,6.979703903198242e-05,0.0,0.0
1650163883,0.0,0.0,0.0,6.979703903198242e-05,6.979703903198242e-05,0.0,0.0
1650163884,0.0,0.0,0.0,6.979703903198242e-05,6.979703903198242e-05,0.0,0.0
1650163885,0.0,0.0,0.0,6.979703903198242e-05,6.979703903198242e-05,0.0,0.0
1650163886,0.0,5.85045e-05,0.0,6.979703903198242e-05,6.979703903198242e-05,64.16666666666667,31.666666666666668
1650163887,0.0,5.85045e-05,0.0,6.979703903198242e-05,6.979703903198242e-05,64.16666666666667,31.666666666666668
1650163888,0.0,0.0,0.0,6.979703903198242e-05,6.979703903198242e-05,0.0,0.0
1650163889,0.0,0.0,0.0,6.979703903198242e-05,6.979703903198242e-05,0.0,0.0
1650163890,0.0,0.0,0.0,6.979703903198242e-05,6.979703903198242e-05,0.0,0.0
1650163891,0.0,0.0,0.0,6.979703903198242e-05,6.979703903198242e-05,0.0,0.0
1650163892,0.0,0.0,0.0,6.979703903198242e-05,6.979703903198242e-05,0.0,0.0
1650163893,0.0,0.0,0.0,6.979703903198242e-05,6.979703903198242e-05,0.0,0.0
1650163894,0.0,0.0,0.0,6.979703903198242e-05,6.979703903198242e-05,0.0,0.0
1650163895,0.0,0.0,0.0,6.979703903198242e-05,6.979703903198242e-05,0.0,0.0
1650163896,0.0,9.5724e-06,0.0,6.979703903198242e-05,6.979703903198242e-05,0.0,0.0
1650163897,0.0,0.000264978,0.0,6.979703903198242e-05,6.979703903198242e-05,385.0,190.0
1650163898,0.0,0.000264978,0.0,6.979703903198242e-05,6.979703903198242e-05,385.0,190.0
1650163899,0.0,0.0,0.0,6.979703903198242e-05,6.979703903198242e-05,0.0,0.0
1650163900,0.0,0.0,0.0,6.979703903198242e-05,6.979703903198242e-05,0.0,0.0
1650163901,0.0,0.0,0.0,6.979703903198242e-05,6.979703903198242e-05,0.0,0.0
1650163902,0.0,0.0,0.0,6.979703903198242e-05,6.979703903198242e-05,0.0,0.0
1650163903,0.0,0.0,0.0,6.979703903198242e-05,6.979703903198242e-05,0.0,0.0
1650163904,0.0,0.0,0.0,6.979703903198242e-05,6.979703903198242e-05,0.0,0.0
1650163905,0.0,0.0,0.0,6.979703903198242e-05,6.979703903198242e-05,0.0,0.0
1650163906,0.0,0.0,0.0,6.979703903198242e-05,6.979703903198242e-05,0.0,0.0
1650163907,0.0,0.0,0.0,6.979703903198242e-05,6.979703903198242e-05,0.0,0.0
1650163908,0.0,0.0,0.0,6.979703903198242e-05,6.979703903198242e-05,0.0,0.0
1650163909,0.0,4.326185714285714e-05,0.0,6.979703903198242e-05,6.979703903198242e-05,55.0,27.142857142857142
1650163910,0.0,0.0,0.0,6.979703903198242e-05,6.979703903198242e-05,0.0,0.0
1650163911,0.0,0.0,0.0,6.979703903198242e-05,6.979703903198242e-05,0.0,0.0
1650163912,0.0,0.0,0.0,6.979703903198242e-05,6.979703903198242e-05,0.0,0.0
1650163913,0.0,0.0,0.0,6.979703903198242e-05,6.979703903198242e-05,0.0,0.0
1650163914,0.0,0.0,0.0,6.979703903198242e-05,6.979703903198242e-05,0.0,0.0
1650163915,0.0,0.0,0.0,6.979703903198242e-05,6.979703903198242e-05,0.0,0.0
1650163916,0.0,0.0,0.0,6.979703903198242e-05,6.979703903198242e-05,0.0,0.0
1650163917,0.0,0.0,0.0,6.979703903198242e-05,6.979703903198242e-05,0.0,0.0
1650163918,0.0,0.0,0.0,6.979703903198242e-05,6.979703903198242e-05,0.0,0.0
1650163919,0.0,0.0,0.0,6.979703903198242e-05,6.979703903198242e-05,0.0,0.0
1650163920,0.0,0.0,0.0,6.979703903198242e-05,6.979703903198242e-05,0.0,0.0
1650163921,0.0,3.675175e-05,0.0,6.979703903198242e-05,6.979703903198242e-05,48.125,23.75
1650163922,0.0,0.0,0.0,6.979703903198242e-05,6.979703903198242e-05,0.0,0.0
1650163923,0.0,0.0,0.0,6.979703903198242e-05,6.979703903198242e-05,0.0,0.0
1650163924,0.0,0.0,0.0,6.979703903198242e-05,6.979703903198242e-05,0.0,0.0
1650163925,0.0,1.2164666666666666e-05,0.0,6.979703903198242e-05,6.979703903198242e-05,0.0,0.0
1650163926,0.0,0.000307118,0.0,6.979703903198242e-05,6.979703903198242e-05,427.0,190.0
1650163927,0.0,0.0,0.0,6.979703903198242e-05,6.979703903198242e-05,0.0,0.0
1650163928,0.0,0.0,0.0,6.979703903198242e-05,6.979703903198242e-05,0.0,0.0
1650163929,0.0,0.0,0.0,6.979703903198242e-05,6.979703903198242e-05,0.0,0.0
1650163930,0.0,0.0,0.0,6.979703903198242e-05,6.979703903198242e-05,0.0,0.0
1650163931,0.0,0.0,0.0,6.979703903198242e-05,6.979703903198242e-05,0.0,0.0
1650163932,0.0,0.0,0.0,6.979703903198242e-05,6.979703903198242e-05,0.0,0.0
1650163933,0.0,0.0,0.0,6.979703903198242e-05,6.979703903198242e-05,0.0,0.0
1650163934,0.0,9.68775e-06,0.0,6.979703903198242e-05,6.979703903198242e-05,0.0,0.0
1650163935,0.0,9.68775e-06,0.0,6.979703903198242e-05,6.979703903198242e-05,0.0,0.0
1650163936,0.0,0.000137513,0.0,6.979703903198242e-05,6.979703903198242e-05,192.5,95.0
1650163937,0.0,0.000137513,0.0,6.979703903198242e-05,6.979703903198242e-05,192.5,95.0
1650163938,0.0,0.001672796,0.0,8.681416511535645e-05,8.681416511535645e-05,622346.5,833.5
1650163939,0.0,0.0,0.0,8.681416511535645e-05,8.681416511535645e-05,0.0,0.0
1650163940,0.0,0.0,0.0,8.681416511535645e-05,8.681416511535645e-05,0.0,0.0
1650163941,0.0,0.0,0.0,8.681416511535645e-05,8.681416511535645e-05,0.0,0.0
1650163942,0.0,0.0,0.0,8.681416511535645e-05,8.681416511535645e-05,0.0,0.0
1650163943,0.0,1.259425e-05,0.0,8.681416511535645e-05,8.681416511535645e-05,42.0,42.0
1650163944,0.0,1.259425e-05,0.0,8.681416511535645e-05,8.681416511535645e-05,42.0,42.0
1650163945,0.0,0.0,0.0,8.681416511535645e-05,8.681416511535645e-05,0.0,0.0
1650163946,0.0,0.0,0.0,8.681416511535645e-05,8.681416511535645e-05,0.0,0.0
1650163947,0.0,0.0,0.0,8.681416511535645e-05,8.681416511535645e-05,0.0,0.0
1650163948,0.0,0.0,0.0,8.681416511535645e-05,8.681416511535645e-05,0.0,0.0
1650163949,0.0,6.3465e-05,0.0,8.681416511535645e-05,8.681416511535645e-05,96.25,47.5
1650163950,0.0,0.0,0.0,8.681416511535645e-05,8.681416511535645e-05,0.0,0.0
1650163951,0.0,0.0,0.0,8.681416511535645e-05,8.681416511535645e-05,0.0,0.0
1650163952,0.0,0.0,0.0,8.681416511535645e-05,8.681416511535645e-05,0.0,0.0
1650163953,0.0,0.0,0.0,8.681416511535645e-05,8.681416511535645e-05,0.0,0.0
1650163954,0.0,9.722e-06,0.0,8.681416511535645e-05,8.681416511535645e-05,0.0,0.0
1650163955,0.0,0.0,0.0,8.681416511535645e-05,8.681416511535645e-05,0.0,0.0
1650163956,0.0,0.0,0.0,8.681416511535645e-05,8.681416511535645e-05,0.0,0.0
1650163957,0.0,0.0,0.0,8.681416511535645e-05,8.681416511535645e-05,0.0,0.0
1650163958,0.0,0.0,0.0,8.681416511535645e-05,8.681416511535645e-05,0.0,0.0
1650163959,0.0,5.829175e-05,0.0,8.681416511535645e-05,8.681416511535645e-05,96.25,47.5
1650163960,0.0,5.829175e-05,0.0,8.681416511535645e-05,8.681416511535645e-05,96.25,47.5
1650163961,0.0,0.0022637115,0.005,6.982684135437012e-05,6.982684135437012e-05,1244863.5,1865.0
1650163962,0.01,0.00786584,0.0,8.70823860168457e-05,8.70823860168457e-05,4979734.0,7362.0
1650163963,0.01,0.00786584,0.0,8.70823860168457e-05,8.70823860168457e-05,4979734.0,7362.0
1650163964,0.0,0.001661745,0.0,8.70823860168457e-05,8.70823860168457e-05,1244847.0,2203.5
1650163965,0.0,0.001794764,0.0,8.70823860168457e-05,8.70823860168457e-05,1244721.0,1395.0
1650163966,0.0,0.001794764,0.0,8.70823860168457e-05,8.70823860168457e-05,1244721.0,1395.0
1650163967,0.0,0.002571624,0.0,8.70823860168457e-05,8.70823860168457e-05,1867583.0,2286.5
1650163968,0.0,0.00328552,0.01,8.70823860168457e-05,8.70823860168457e-05,2490468.0,3516.0
1650163969,0.0,0.003604205,0.0,6.982684135437012e-05,6.982684135437012e-05,2490240.0,3096.0
1650163970,0.0,0.003604205,0.0,6.982684135437012e-05,6.982684135437012e-05,2490240.0,3096.0
1650163971,0.005,0.0041534205,0.0,6.955862045288086e-05,6.955862045288086e-05,2491212.0,3549.0
1650163972,0.0,0.006357935,0.01,8.705258369445801e-05,8.705258369445801e-05,2491046.0,3260.0
1650163973,0.0,0.005151088,0.01,8.705258369445801e-05,8.705258369445801e-05,3737576.0,7446.0
1650163974,0.0,0.005151088,0.01,8.705258369445801e-05,8.705258369445801e-05,3737576.0,7446.0
1650163975,0.0,0.0016891735,0.0,8.705258369445801e-05,8.705258369445801e-05,1245726.0,1659.0
1650163976,0.0,0.0016891735,0.0,8.705258369445801e-05,8.705258369445801e-05,1245726.0,1659.0
1650163977,0.01,0.0034004565,0.0,8.70823860168457e-05,8.70823860168457e-05,2492196.5,3446.0
1650163978,0.01,0.0034004565,0.0,8.70823860168457e-05,8.70823860168457e-05,2492196.5,3446.0
1650163979,0.0,0.001676483,0.0,8.70823860168457e-05,8.70823860168457e-05,1246145.5,1692.0
1650163980,0.0,0.001676483,0.0,8.70823860168457e-05,8.70823860168457e-05,1246145.5,1692.0
1650163981,0.0,0.003397039,0.0,6.982684135437012e-05,6.982684135437012e-05,1869415.5,2587.5
1650163982,0.0,0.005871062,0.0,8.681416511535645e-05,8.681416511535645e-05,2491848.0,2394.0
1650163983,0.01,0.005278621,0.0,6.979703903198242e-05,6.979703903198242e-05,2493036.0,5414.0
1650163984,0.01,0.005278621,0.0,6.979703903198242e-05,6.979703903198242e-05,2493036.0,5414.0
1650163985,0.0,0.0029755275,0.0,8.705258369445801e-05,8.705258369445801e-05,1246379.5,1593.0
1650163986,0.0,0.003145789,0.0,8.705258369445801e-05,8.705258369445801e-05,2493545.0,3582.0
1650163987,0.0,0.003600547,0.01,8.705258369445801e-05,8.705258369445801e-05,2494057.0,3904.0
1650163988,0.0,0.003600547,0.01,8.705258369445801e-05,8.705258369445801e-05,2494057.0,3904.0
1650163989,0.005,0.00495427,0.0,8.705258369445801e-05,8.705258369445801e-05,2493630.0,3219.0
1650163990,0.005,0.00495427,0.0,8.705258369445801e-05,8.705258369445801e-05,2493630.0,3219.0
1650163991,0.0,0.0024126035,0.0,8.705258369445801e-05,8.705258369445801e-05,1870738.5,2752.5
1650163992,0.01,0.001614647,0.0,8.705258369445801e-05,8.705258369445801e-05,1246947.0,1395.0
1650163993,0.0,0.006602282,0.01,8.681416511535645e-05,8.681416511535645e-05,3742251.0,5956.0
1650163994,0.0,0.006602282,0.01,8.681416511535645e-05,8.681416511535645e-05,3742251.0,5956.0
1650163995,0.005,0.003583872,0.0,6.979703903198242e-05,6.979703903198242e-05,1871378.0,3053.5
1650163996,0.005,0.003583872,0.0,6.979703903198242e-05,6.979703903198242e-05,1871378.0,3053.5
1650163997,0.0,0.006033941,0.005,6.982684135437012e-05,6.982684135437012e-05,2495627.5,5822.0
1650163998,0.01,0.010005425,0.0,6.982684135437012e-05,6.982684135437012e-05,3744086.0,8541.0
1650163999,0.01,0.012809987,0.01,8.71121883392334e-05,8.71121883392334e-05,4992546.0,9738.0
1650164000,0.01,0.012809987,0.01,8.71121883392334e-05,8.71121883392334e-05,4992546.0,9738.0
1650164001,0.0,0.002708901,0.0,6.985664367675781e-05,6.985664367675781e-05,1248297.0,2385.0
1650164002,0.02,0.00904756,0.01,8.717179298400879e-05,8.717179298400879e-05,3745251.0,7419.0
1650164003,0.02,0.00904756,0.01,8.717179298400879e-05,8.717179298400879e-05,3745251.0,7419.0
1650164004,0.0,0.001964609,0.0,6.958842277526855e-05,6.958842277526855e-05,1248735.0,3574.5
1650164005,0.0,0.006397974,0.0,8.71419906616211e-05,8.71419906616211e-05,2497604.0,6032.0
1650164006,0.0,0.006397974,0.0,8.71419906616211e-05,8.71419906616211e-05,2497604.0,6032.0
1650164007,0.005,0.0042518825,0.0,8.71419906616211e-05,8.71419906616211e-05,1873321.0,3903.5
1650164008,0.01,0.005303514,0.0,6.982684135437012e-05,6.982684135437012e-05,2497878.0,5760.0
1650164009,0.0,0.006330367,0.0,6.985664367675781e-05,6.985664367675781e-05,2498004.0,5100.0
1650164010,0.0,0.006330367,0.0,6.985664367675781e-05,6.985664367675781e-05,2498004.0,5100.0
1650164011,0.0,0.004525787,0.0,6.982684135437012e-05,6.982684135437012e-05,1873666.0,3181.5
1650164012,0.0,0.011945487,0.0,6.985664367675781e-05,6.985664367675781e-05,4997027.0,11256.0
1650164013,0.01,0.007222145,0.01,6.982684135437012e-05,6.982684135437012e-05,2499132.0,8352.0
1650164014,0.0,0.006418225,0.0,8.71419906616211e-05,8.71419906616211e-05,2499522.0,6222.0
1650164015,0.0,0.005656959,0.0,8.71419906616211e-05,8.71419906616211e-05,2499458.0,6362.0
1650164016,0.0,0.005656959,0.0,8.71419906616211e-05,8.71419906616211e-05,2499458.0,6362.0
1650164017,0.0,0.004861007,0.005,6.982684135437012e-05,6.982684135437012e-05,2499699.0,5855.0
1650164018,0.0,0.004861007,0.005,6.982684135437012e-05,6.982684135437012e-05,2499699.0,5855.0
1650164019,0.005,0.0034103435,0.0,6.982684135437012e-05,6.982684135437012e-05,1250133.0,3363.0
1650164020,0.0,0.00661146,0.0,6.982684135437012e-05,6.982684135437012e-05,2499954.0,5694.0
1650164021,0.0,0.00661146,0.0,6.982684135437012e-05,6.982684135437012e-05,2499954.0,5694.0
1650164022,0.005,0.004112918,0.005,6.982684135437012e-05,6.982684135437012e-05,1875178.0,4006.5
1650164023,0.005,0.004112918,0.005,6.982684135437012e-05,6.982684135437012e-05,1875178.0,4006.5
1650164024,0.01,0.0093715555,0.0,8.71419906616211e-05,8.71419906616211e-05,3750939.0,8218.0
1650164025,0.01,0.005484368,0.0,6.982684135437012e-05,6.982684135437012e-05,2501207.0,5298.0
1650164026,0.01,0.005484368,0.0,6.982684135437012e-05,6.982684135437012e-05,2501207.0,5298.0
1650164027,0.0,0.003964358,0.0,6.988644599914551e-05,6.988644599914551e-05,1874931.5,4203.0
1650164028,0.0,0.003964358,0.0,6.988644599914551e-05,6.988644599914551e-05,1874931.5,4203.0
1650164029,0.01,0.007885191,0.0,6.985664367675781e-05,6.985664367675781e-05,2503250.0,6520.5
1650164030,0.0,0.009089136,0.0,6.985664367675781e-05,6.985664367675781e-05,3753080.0,7221.0
1650164031,0.0,0.009089136,0.0,6.985664367675781e-05,6.985664367675781e-05,3753080.0,7221.0
1650164032,0.005,0.0047138845,0.005,6.985664367675781e-05,6.985664367675781e-05,1876690.0,3247.5
1650164033,0.01,0.009639745,0.0,6.985664367675781e-05,6.985664367675781e-05,3753812.0,10133.0
1650164034,0.0,0.003321071,0.0,6.985664367675781e-05,6.985664367675781e-05,1251411.0,3309.0
1650164035,0.0,0.003321071,0.0,6.985664367675781e-05,6.985664367675781e-05,1251411.0,3309.0
1650164036,0.01,0.0050756325,0.0,6.985664367675781e-05,6.985664367675781e-05,1877519.0,4233.5
1650164037,0.01,0.0050756325,0.0,6.985664367675781e-05,6.985664367675781e-05,1877519.0,4233.5
1650164038,0.0,0.004751368,0.0,6.982684135437012e-05,6.982684135437012e-05,1877612.5,3812.5
1650164039,0.0,0.004751368,0.0,6.982684135437012e-05,6.982684135437012e-05,1877612.5,3812.5
1650164040,0.01,0.006633327,0.005,6.985664367675781e-05,6.985664367675781e-05,2503505.0,5529.0
1650164041,0.0,0.012748072,0.0,6.982684135437012e-05,6.982684135437012e-05,5007845.0,11520.0
1650164042,0.0,0.012748072,0.0,6.982684135437012e-05,6.982684135437012e-05,5007845.0,11520.0
1650164043,0.0,0.005464878,0.005,6.982684135437012e-05,6.982684135437012e-05,1878070.5,3346.5
1650164044,0.01,0.006557524,0.0,6.985664367675781e-05,6.985664367675781e-05,2504730.0,7837.0
1650164045,0.01,0.006557524,0.0,6.985664367675781e-05,6.985664367675781e-05,2504730.0,7837.0
1650164046,0.0,0.004752326,0.0,6.985664367675781e-05,6.985664367675781e-05,1878755.0,4266.5
1650164047,0.0,0.003351064,0.0,6.988644599914551e-05,6.988644599914551e-05,1252713.0,3243.0
1650164048,0.01,0.003122512,0.0,6.961822509765625e-05,6.961822509765625e-05,1252827.0,2583.0
1650164049,0.01,0.003122512,0.0,6.961822509765625e-05,6.961822509765625e-05,1252827.0,2583.0
1650164050,0.005,0.0064376385,0.005,6.985664367675781e-05,6.985664367675781e-05,2505402.0,5269.0
1650164051,0.005,0.0064376385,0.005,6.985664367675781e-05,6.985664367675781e-05,2505402.0,5269.0
1650164052,0.005,0.004572632,0.0,6.985664367675781e-05,6.985664367675781e-05,1879342.0,3940.5
1650164053,0.01,0.015586526,0.01,6.985664367675781e-05,6.985664367675781e-05,6265017.0,13932.0
1650164054,0.01,0.015586526,0.01,6.985664367675781e-05,6.985664367675781e-05,6265017.0,13932.0
1650164055,0.005,0.0047742255,0.0,6.985664367675781e-05,6.985664367675781e-05,1879753.0,4270.5
1650164056,0.005,0.0047742255,0.0,6.985664367675781e-05,6.985664367675781e-05,1879753.0,4270.5
1650164057,0.005,0.0031395615,0.0,6.985664367675781e-05,6.985664367675781e-05,1253580.5,2744.0
1650164058,0.01,0.012832271,0.0,6.988644599914551e-05,6.988644599914551e-05,5013862.0,9936.0
1650164059,0.01,0.003361738,0.0,6.961822509765625e-05,6.961822509765625e-05,1253685.0,2781.0
1650164060,0.01,0.003361738,0.0,6.961822509765625e-05,6.961822509765625e-05,1253685.0,2781.0
1650164061,0.0,0.001665439,0.0,6.985664367675781e-05,6.985664367675781e-05,627002.5,1361.5
1650164062,0.02,0.013097075,0.0,6.985664367675781e-05,6.985664367675781e-05,5014949.0,10068.0
1650164063,0.02,0.013097075,0.0,6.985664367675781e-05,6.985664367675781e-05,5014949.0,10068.0
1650164064,0.0,0.0017359525,0.0,6.985664367675781e-05,6.985664367675781e-05,627052.5,2186.5
1650164065,0.01,0.006437194,0.0,6.985664367675781e-05,6.985664367675781e-05,2508154.0,6156.0
1650164066,0.01,0.006437194,0.0,6.985664367675781e-05,6.985664367675781e-05,2508154.0,6156.0
1650164067,0.005,0.0047696565,0.0,6.985664367675781e-05,6.985664367675781e-05,1881307.5,4233.5
1650164068,0.005,0.0047696565,0.0,6.985664367675781e-05,6.985664367675781e-05,1881307.5,4233.5
1650164069,0.005,0.00318371,0.0,6.988644599914551e-05,6.988644599914551e-05,1254371.5,3099.0
1650164070,0.0,0.006259076,0.0,7.05718994140625e-05,7.05718994140625e-05,2508696.0,5034.0
1650164071,0.01,0.00722876,0.0,6.985664367675781e-05,6.985664367675781e-05,2509186.0,5840.0
1650164072,0.01,0.00722876,0.0,6.985664367675781e-05,6.985664367675781e-05,2509186.0,5840.0
1650164073,0.0,0.006154108,0.0,6.985664367675781e-05,6.985664367675781e-05,2508997.0,5295.0
1650164074,0.01,0.005915139,0.0,6.985664367675781e-05,6.985664367675781e-05,2509332.0,6189.0
1650164075,0.01,0.005915139,0.0,6.985664367675781e-05,6.985664367675781e-05,2509332.0,6189.0
1650164076,0.005,0.003173827,0.0,6.985664367675781e-05,6.985664367675781e-05,1255020.0,2645.0
1650164077,0.005,0.003173827,0.0,6.985664367675781e-05,6.985664367675781e-05,1255020.0,2645.0
1650164078,0.0,0.006277282,0.005,6.988644599914551e-05,6.988644599914551e-05,2509779.0,5298.0
1650164079,0.0,0.003259611,0.0,6.985664367675781e-05,6.985664367675781e-05,1255059.0,3309.0
1650164080,0.01,0.009063946,0.01,6.985664367675781e-05,6.985664367675781e-05,3765691.0,7689.0
1650164081,0.01,0.009063946,0.01,6.985664367675781e-05,6.985664367675781e-05,3765691.0,7689.0
1650164082,0.0,0.0049267905,0.0,6.985664367675781e-05,6.985664367675781e-05,1883003.0,4436.5
1650164083,0.01,0.006421283,0.0,6.985664367675781e-05,6.985664367675781e-05,2511036.0,7821.0
1650164084,0.01,0.006421283,0.0,6.985664367675781e-05,6.985664367675781e-05,2511036.0,7821.0
1650164085,0.005,0.006294574,0.0,6.985664367675781e-05,6.985664367675781e-05,2510994.0,5001.0
1650164086,0.005,0.006294574,0.0,6.985664367675781e-05,6.985664367675781e-05,2510994.0,5001.0
1650164087,0.0,0.0045908135,0.0,6.985664367675781e-05,6.985664367675781e-05,1883689.0,3672.5
1650164088,0.01,0.009107835,0.0,6.985664367675781e-05,6.985664367675781e-05,3767757.0,7155.0
1650164089,0.01,0.009107835,0.0,6.985664367675781e-05,6.985664367675781e-05,3767757.0,7155.0
1650164090,0.005,0.0048175405,0.0,6.985664367675781e-05,6.985664367675781e-05,1884061.5,4303.5
1650164091,0.0,0.00329738,0.0,6.985664367675781e-05,6.985664367675781e-05,1256313.0,2649.0
1650164092,0.0,0.009297229,0.0,6.988644599914551e-05,6.988644599914551e-05,3768839.0,7955.0
1650164093,0.0,0.009297229,0.0,6.988644599914551e-05,6.988644599914551e-05,3768839.0,7955.0
1650164094,0.0,0.00173633,0.005,6.985664367675781e-05,6.985664367675781e-05,628285.5,2432.0
1650164095,0.01,0.006661907,0.0,6.988644599914551e-05,6.988644599914551e-05,2512757.0,5166.0
1650164096,0.01,0.006661907,0.0,6.988644599914551e-05,6.988644599914551e-05,2512757.0,5166.0
1650164097,0.01,0.0110132335,0.005,6.988644599914551e-05,6.988644599914551e-05,4398109.5,9960.5
1650164098,0.01,0.0110132335,0.005,6.988644599914551e-05,6.988644599914551e-05,4398109.5,9960.5
1650164099,0.005,0.006494012,0.0,6.988644599914551e-05,6.988644599914551e-05,2513750.0,5298.0
1650164100,0.0,0.006337407,0.0,6.988644599914551e-05,6.988644599914551e-05,2514006.0,5034.0
1650164101,0.0,0.006337407,0.0,6.988644599914551e-05,6.988644599914551e-05,2514006.0,5034.0
1650164102,0.005,0.005369647,0.005,8.824467658996582e-05,8.824467658996582e-05,1885716.5,4369.5
1650164103,0.0,0.003833059,0.0,8.729100227355957e-05,8.729100227355957e-05,2514230.0,5306.0
1650164104,0.0,0.004134768,0.0,8.729100227355957e-05,8.729100227355957e-05,2514744.0,8772.0
1650164105,0.0,0.004057342,0.0,8.729100227355957e-05,8.729100227355957e-05,2515067.0,6882.0
1650164106,0.0,0.004057342,0.0,8.729100227355957e-05,8.729100227355957e-05,2515067.0,6882.0
1650164107,0.005,0.0044969635,0.005,8.729100227355957e-05,8.729100227355957e-05,3144166.0,6420.5
1650164108,0.005,0.0044969635,0.005,8.729100227355957e-05,8.729100227355957e-05,3144166.0,6420.5
1650164109,0.0,0.003378986,0.0,8.729100227355957e-05,8.729100227355957e-05,2515506.0,4902.0
1650164110,0.0,0.003378986,0.0,8.729100227355957e-05,8.729100227355957e-05,2515506.0,4902.0
1650164111,0.0,0.002918836,0.005,8.729100227355957e-05,8.729100227355957e-05,1886947.5,4633.5
1650164112,0.0,0.001812102,0.0,8.729100227355957e-05,8.729100227355957e-05,1258347.0,2583.0
1650164113,0.0,0.001812102,0.0,8.729100227355957e-05,8.729100227355957e-05,1258347.0,2583.0
1650164114,0.0,0.002867859,0.005,8.705258369445801e-05,8.705258369445801e-05,1887334.5,4653.5
1650164115,0.01,0.005529675,0.0,8.729100227355957e-05,8.729100227355957e-05,3774911.0,6701.0
1650164116,0.01,0.005529675,0.0,8.729100227355957e-05,8.729100227355957e-05,3774911.0,6701.0
1650164117,0.0,0.0017751285,0.005,8.729100227355957e-05,8.729100227355957e-05,1258668.5,2744.0
1650164118,0.0,0.008901561,0.01,8.735060691833496e-05,8.735060691833496e-05,6292767.0,11175.0
1650164119,0.0,0.008901561,0.01,8.735060691833496e-05,8.735060691833496e-05,6292767.0,11175.0
1650164120,0.0,0.002524508,0.0,8.735060691833496e-05,8.735060691833496e-05,1888105.0,3412.5
1650164121,0.0,0.003334354,0.0,8.735060691833496e-05,8.735060691833496e-05,2517714.0,5100.0
1650164122,0.0,0.005384547,0.0,8.735060691833496e-05,8.735060691833496e-05,3776997.0,7683.0
1650164123,0.01,0.001950094,0.0,8.735060691833496e-05,8.735060691833496e-05,1259271.0,5609.0
1650164124,0.01,0.001950094,0.0,8.735060691833496e-05,8.735060691833496e-05,1259271.0,5609.0
1650164125,0.0,0.0018722705,0.0,8.735060691833496e-05,8.735060691833496e-05,1259346.0,2488.0
1650164126,0.0,0.0018722705,0.0,8.735060691833496e-05,8.735060691833496e-05,1259346.0,2488.0
1650164127,0.0,0.003529831,0.0,8.735060691833496e-05,8.735060691833496e-05,2518769.5,4700.0
1650164128,0.0,0.003482735,0.0,8.735060691833496e-05,8.735060691833496e-05,2518866.0,4770.0
1650164129,0.0,0.003583611,0.0,8.735060691833496e-05,8.735060691833496e-05,2519058.0,4308.0
1650164130,0.01,0.003418731,0.0,8.735060691833496e-05,8.735060691833496e-05,2519448.0,5100.0
1650164131,0.01,0.003418731,0.0,8.735060691833496e-05,8.735060691833496e-05,2519448.0,5100.0
1650164132,0.0,0.0041873105,0.0,8.735060691833496e-05,8.735060691833496e-05,3149482.5,5434.5
1650164133,0.0,0.0041873105,0.0,8.735060691833496e-05,8.735060691833496e-05,3149482.5,5434.5
1650164134,0.0,0.0025826875,0.005,8.735060691833496e-05,8.735060691833496e-05,1889977.5,4478.5
1650164135,0.01,0.003471951,0.0,8.735060691833496e-05,8.735060691833496e-05,2520209.0,4968.0
1650164136,0.01,0.003471951,0.0,8.735060691833496e-05,8.735060691833496e-05,2520209.0,4968.0
1650164137,0.0,0.000156472,0.0,8.735060691833496e-05,8.735060691833496e-05,192.5,95.0
1650164138,0.0,0.001769892,0.0,8.717179298400879e-05,8.717179298400879e-05,1260639.0,2781.0
1650164139,0.0,0.001769892,0.0,8.717179298400879e-05,8.717179298400879e-05,1260639.0,2781.0
1650164140,0.0,0.0,0.0,8.71121883392334e-05,8.71121883392334e-05,0.0,0.0
1650164141,0.0,0.0,0.0,8.71121883392334e-05,8.71121883392334e-05,0.0,0.0
1650164142,0.0,0.0,0.0,8.71121883392334e-05,8.71121883392334e-05,0.0,0.0
1650164143,0.0,0.0,0.0,8.71121883392334e-05,8.71121883392334e-05,0.0,0.0
1650164144,0.0,0.0,0.0,8.71121883392334e-05,8.71121883392334e-05,0.0,0.0
1650164145,0.0,0.0006673106666666,0.0,8.735060691833496e-05,8.735060691833496e-05,420209.6666666667,995.6666666666666
1650164146,0.0,0.001937977,0.0,8.735060691833496e-05,8.735060691833496e-05,1260988.0,2905.0
1650164147,0.0,0.001937977,0.0,8.735060691833496e-05,8.735060691833496e-05,1260988.0,2905.0
1650164148,0.0,0.00180718,0.0,8.735060691833496e-05,8.735060691833496e-05,1260543.0,2583.0
1650164149,0.0,0.00180718,0.0,8.735060691833496e-05,8.735060691833496e-05,1260543.0,2583.0
1650164150,0.0,0.0008828775,0.0,8.738040924072266e-05,8.738040924072266e-05,630340.5,1357.5
1650164151,0.0,0.001727865,0.0,8.738040924072266e-05,8.738040924072266e-05,1260795.0,2847.0
1650164152,0.0,0.0,0.0,8.738040924072266e-05,8.738040924072266e-05,0.0,0.0
1650164153,0.0,0.0,0.0,8.738040924072266e-05,8.738040924072266e-05,0.0,0.0
1650164154,0.0,0.0,0.0,8.738040924072266e-05,8.738040924072266e-05,0.0,0.0
1650164155,0.0,0.0,0.0,8.738040924072266e-05,8.738040924072266e-05,0.0,0.0
1650164156,0.0,0.00094182125,0.0,8.71419906616211e-05,8.71419906616211e-05,630450.0,1472.5
1650164157,0.0,0.000219338,0.0,8.71419906616211e-05,8.71419906616211e-05,385.0,190.0
1650164158,0.0,0.000219338,0.0,8.71419906616211e-05,8.71419906616211e-05,385.0,190.0
1650164159,0.0,0.0,0.0,8.71419906616211e-05,8.71419906616211e-05,0.0,0.0
1650164160,0.0,0.0,0.0,8.71419906616211e-05,8.71419906616211e-05,0.0,0.0
1650164161,0.0,0.0,0.0,8.71419906616211e-05,8.71419906616211e-05,0.0,0.0
1650164162,0.0,0.0012856936666666,0.0033333333333333,8.738040924072266e-05,8.738040924072266e-05,840644.6666666666,1790.6666666666667
1650164163,0.0,0.0012856936666666,0.0033333333333333,8.738040924072266e-05,8.738040924072266e-05,840644.6666666666,1790.6666666666667
1650164164,0.0,0.0018112595,0.0,8.738040924072266e-05,8.738040924072266e-05,1260927.0,2976.0
1650164165,0.0,0.001694336,0.0,8.738040924072266e-05,8.738040924072266e-05,1261131.0,2649.0
1650164166,0.0,0.000284104,0.0,8.738040924072266e-05,8.738040924072266e-05,385.0,190.0
1650164167,0.0,0.000284104,0.0,8.738040924072266e-05,8.738040924072266e-05,385.0,190.0
1650164168,0.0,0.0008507935,0.0,8.738040924072266e-05,8.738040924072266e-05,630556.0,1357.5
1650164169,0.0,0.001752305,0.0,8.738040924072266e-05,8.738040924072266e-05,1261269.0,2757.0
1650164170,0.0,0.001752305,0.0,8.738040924072266e-05,8.738040924072266e-05,1261269.0,2757.0
1650164171,0.0,0.0,0.0,8.738040924072266e-05,8.738040924072266e-05,0.0,0.0
1650164172,0.0,0.0,0.0,8.738040924072266e-05,8.738040924072266e-05,0.0,0.0
1650164173,0.0,0.000952327,0.0,8.71419906616211e-05,8.71419906616211e-05,630703.5,1291.5
1650164174,0.0,0.0,0.0,8.71419906616211e-05,8.71419906616211e-05,0.0,0.0
1650164175,0.0,0.0,0.0,8.71419906616211e-05,8.71419906616211e-05,0.0,0.0
1650164176,0.0,0.0,0.0,8.71419906616211e-05,8.71419906616211e-05,0.0,0.0
1650164177,0.0,0.0006964216666666,0.0,8.738040924072266e-05,8.738040924072266e-05,420616.0,1059.0
1650164178,0.0,0.0006964216666666,0.0,8.738040924072266e-05,8.738040924072266e-05,420616.0,1059.0
1650164179,0.005,0.0008676805,0.0,8.738040924072266e-05,8.738040924072266e-05,630652.5,1324.5
1650164180,0.0,0.003544553,0.0,8.738040924072266e-05,8.738040924072266e-05,2522556.0,5496.0
1650164181,0.0,0.003544553,0.0,8.738040924072266e-05,8.738040924072266e-05,2522556.0,5496.0
1650164182,0.0,0.000858836,0.0,8.738040924072266e-05,8.738040924072266e-05,630691.5,1225.5
1650164183,0.0,0.000858836,0.0,8.738040924072266e-05,8.738040924072266e-05,630691.5,1225.5
1650164184,0.0,0.000881709,0.0,8.738040924072266e-05,8.738040924072266e-05,630715.5,1552.0
1650164185,0.0,0.001893914,0.01,8.738040924072266e-05,8.738040924072266e-05,1261611.0,2715.0
1650164186,0.0,0.001893914,0.01,8.738040924072266e-05,8.738040924072266e-05,1261611.0,2715.0
1650164187,0.0,0.0001423405,0.0,8.738040924072266e-05,8.738040924072266e-05,192.5,95.0
1650164188,0.0,0.001909374,0.0,8.71419906616211e-05,8.71419906616211e-05,1261725.0,2715.0
1650164189,0.0,0.001909374,0.0,8.71419906616211e-05,8.71419906616211e-05,1261725.0,2715.0
1650164190,0.0,0.0,0.0,8.71419906616211e-05,8.71419906616211e-05,0.0,0.0
1650164191,0.0,0.0,0.0,8.71419906616211e-05,8.71419906616211e-05,0.0,0.0
1650164192,0.0,0.0,0.0,8.71419906616211e-05,8.71419906616211e-05,0.0,0.0
1650164193,0.0,0.0006727333333333,0.0,8.738040924072266e-05,8.738040924072266e-05,420593.6666666667,1126.3333333333333
1650164194,0.0,0.0006727333333333,0.0,8.738040924072266e-05,8.738040924072266e-05,420593.6666666667,1126.3333333333333
1650164195,0.0,0.000852401,0.0,8.738040924072266e-05,8.738040924072266e-05,630844.5,1357.5
1650164196,0.0,0.000852401,0.0,8.738040924072266e-05,8.738040924072266e-05,630844.5,1357.5
1650164197,0.0,0.0018446375,0.0,8.738040924072266e-05,8.738040924072266e-05,1261887.5,2744.0
1650164198,0.0,0.001715589,0.0,8.738040924072266e-05,8.738040924072266e-05,1261965.0,2649.0
1650164199,0.0,0.001715589,0.0,8.738040924072266e-05,8.738040924072266e-05,1261965.0,2649.0
1650164200,0.0,0.000836521,0.0,8.738040924072266e-05,8.738040924072266e-05,630973.0,1291.5
1650164201,0.01,0.001716596,0.0,8.738040924072266e-05,8.738040924072266e-05,1261995.0,2649.0
1650164202,0.01,0.001716596,0.0,8.738040924072266e-05,8.738040924072266e-05,1261995.0,2649.0
1650164203,0.0,1.98165e-05,0.0,8.738040924072266e-05,8.738040924072266e-05,0.0,0.0
1650164204,0.0,1.98165e-05,0.0,8.738040924072266e-05,8.738040924072266e-05,0.0,0.0
1650164205,0.0,0.001015041,0.0,8.71419906616211e-05,8.71419906616211e-05,631054.0,1291.5
1650164206,0.0,0.001015041,0.0,8.71419906616211e-05,8.71419906616211e-05,631054.0,1291.5
1650164207,0.0,0.000126272,0.0,8.71419906616211e-05,8.71419906616211e-05,192.5,95.0
1650164208,0.0,0.000126272,0.0,8.71419906616211e-05,8.71419906616211e-05,192.5,95.0
1650164209,0.0,0.0010549485,0.0,8.738040924072266e-05,8.738040924072266e-05,631082.0,1460.5
1650164210,0.0,0.0,0.0,8.738040924072266e-05,8.738040924072266e-05,0.0,0.0
1650164211,0.0,0.0,0.0,8.738040924072266e-05,8.738040924072266e-05,0.0,0.0
1650164212,0.0,0.0,0.0,8.738040924072266e-05,8.738040924072266e-05,0.0,0.0
1650164213,0.0033333333333333,0.0018017373333333,0.0033333333333333,8.738040924072266e-05,8.738040924072266e-05,1262099.0,3188.6666666666665
1650164214,0.0033333333333333,0.0018017373333333,0.0033333333333333,8.738040924072266e-05,8.738040924072266e-05,1262099.0,3188.6666666666665
1650164215,0.0,0.0008615295,0.0,8.738040924072266e-05,8.738040924072266e-05,631174.0,1390.5
1650164216,0.0,0.0008615295,0.0,8.738040924072266e-05,8.738040924072266e-05,631174.0,1390.5
1650164217,0.0,0.0010013665,0.0,8.738040924072266e-05,8.738040924072266e-05,631325.0,1386.5
1650164218,0.0,0.0,0.0,8.738040924072266e-05,8.738040924072266e-05,0.0,0.0
1650164219,0.0,0.0,0.0,8.738040924072266e-05,8.738040924072266e-05,0.0,0.0
1650164220,0.0,0.0,0.0,8.738040924072266e-05,8.738040924072266e-05,0.0,0.0
1650164221,0.0,0.0011517086666666,0.0,8.71419906616211e-05,8.71419906616211e-05,841638.0,1758.0
1650164222,0.0,0.0011517086666666,0.0,8.71419906616211e-05,8.71419906616211e-05,841638.0,1758.0
1650164223,0.0,0.0,0.0,8.71419906616211e-05,8.71419906616211e-05,0.0,0.0
1650164224,0.0,0.0,0.0,8.71419906616211e-05,8.71419906616211e-05,0.0,0.0
1650164225,0.0,0.0,0.0,8.71419906616211e-05,8.71419906616211e-05,0.0,0.0
1650164226,0.0,0.0007232193333333,0.0033333333333333,8.738040924072266e-05,8.738040924072266e-05,421000.0,1015.0
1650164227,0.0,0.0007232193333333,0.0033333333333333,8.738040924072266e-05,8.738040924072266e-05,421000.0,1015.0
1650164228,0.0,0.00083483,0.0,8.738040924072266e-05,8.738040924072266e-05,631228.5,1390.5
1650164229,0.0,0.00083483,0.0,8.738040924072266e-05,8.738040924072266e-05,631228.5,1390.5
1650164230,0.0,0.0017223835,0.0,8.738040924072266e-05,8.738040924072266e-05,1262495.5,2748.0
1650164231,0.0,0.001814195,0.01,8.738040924072266e-05,8.738040924072266e-05,1262535.0,2583.0
1650164232,0.0,0.001814195,0.01,8.738040924072266e-05,8.738040924072266e-05,1262535.0,2583.0
1650164233,0.005,0.000945121,0.0,8.738040924072266e-05,8.738040924072266e-05,631291.5,1423.5
1650164234,0.005,0.000945121,0.0,8.738040924072266e-05,8.738040924072266e-05,631291.5,1423.5
1650164235,0.0,0.000931942,0.0,8.738040924072266e-05,8.738040924072266e-05,631381.5,1619.5
1650164236,0.0,0.002095269,0.0,8.71419906616211e-05,8.71419906616211e-05,1263328.0,2839.0
1650164237,0.0,0.002095269,0.0,8.71419906616211e-05,8.71419906616211e-05,1263328.0,2839.0
1650164238,0.0,0.0,0.0,8.71419906616211e-05,8.71419906616211e-05,0.0,0.0
1650164239,0.0,0.0,0.0,8.71419906616211e-05,8.71419906616211e-05,0.0,0.0
1650164240,0.0,0.0,0.0,8.71419906616211e-05,8.71419906616211e-05,0.0,0.0
1650164241,0.0,0.0006451316666666,0.0,8.738040924072266e-05,8.738040924072266e-05,420977.6666666667,907.6666666666666
1650164242,0.0,0.0006451316666666,0.0,8.738040924072266e-05,8.738040924072266e-05,420977.6666666667,907.6666666666666
1650164243,0.0,0.0,0.0,8.738040924072266e-05,8.738040924072266e-05,0.0,0.0
1650164244,0.0,0.0,0.0,8.738040924072266e-05,8.738040924072266e-05,0.0,0.0
1650164245,0.0,0.0,0.0,8.738040924072266e-05,8.738040924072266e-05,0.0,0.0
1650164246,0.0,0.0,0.0,8.738040924072266e-05,8.738040924072266e-05,0.0,0.0
1650164247,0.0,0.00191035775,0.0,8.738040924072266e-05,8.738040924072266e-05,1262992.5,2696.5
1650164248,0.0,0.0,0.0,8.738040924072266e-05,8.738040924072266e-05,0.0,0.0
1650164249,0.0,0.0,0.0,8.738040924072266e-05,8.738040924072266e-05,0.0,0.0
1650164250,0.0,0.0,0.0,8.738040924072266e-05,8.738040924072266e-05,0.0,0.0
1650164251,0.0,0.001142446,0.0,8.744001388549805e-05,8.744001388549805e-05,842038.0,1810.0
1650164252,0.0,0.0,0.0,8.744001388549805e-05,8.744001388549805e-05,0.0,0.0
1650164253,0.0,0.0,0.0,8.744001388549805e-05,8.744001388549805e-05,0.0,0.0
1650164254,0.0,0.0,0.0,8.744001388549805e-05,8.744001388549805e-05,0.0,0.0
1650164255,0.0,0.0,0.0,8.744001388549805e-05,8.744001388549805e-05,0.0,0.0
1650164256,0.0,0.0005255015,0.0,8.720159530639648e-05,8.720159530639648e-05,315831.75,945.75
1650164257,0.0,0.00025896,0.0,8.720159530639648e-05,8.720159530639648e-05,385.0,190.0
1650164258,0.0,0.00025896,0.0,8.720159530639648e-05,8.720159530639648e-05,385.0,190.0
1650164259,0.0,0.0009969835,0.0,8.744001388549805e-05,8.744001388549805e-05,631658.0,1427.5
1650164260,0.0,0.0009969835,0.0,8.744001388549805e-05,8.744001388549805e-05,631658.0,1427.5
1650164261,0.005,0.0017438585,0.0,8.744001388549805e-05,8.744001388549805e-05,1263315.0,2715.0
1650164262,0.0,0.001708711,0.0,8.744001388549805e-05,8.744001388549805e-05,1263189.0,2583.0
1650164263,0.0,0.001708711,0.0,8.744001388549805e-05,8.744001388549805e-05,1263189.0,2583.0
1650164264,0.0,0.000966358,0.0,8.744001388549805e-05,8.744001388549805e-05,631717.5,1649.5
1650164265,0.0,0.000966358,0.0,8.744001388549805e-05,8.744001388549805e-05,631717.5,1649.5
1650164266,0.0,0.0009824445,0.005,8.744001388549805e-05,8.744001388549805e-05,631934.0,1518.5
1650164267,0.0,0.0009824445,0.005,8.744001388549805e-05,8.744001388549805e-05,631934.0,1518.5
1650164268,0.0,0.0,0.0,8.744001388549805e-05,8.744001388549805e-05,0.0,0.0
1650164269,0.0,0.0,0.0,8.744001388549805e-05,8.744001388549805e-05,0.0,0.0
1650164270,0.005,0.0053503235,0.0,8.744001388549805e-05,8.744001388549805e-05,3790284.5,7246.0
1650164271,0.0,0.003258244,0.0,8.744001388549805e-05,8.744001388549805e-05,2527025.0,4770.0
1650164272,0.0,0.003258244,0.0,8.744001388549805e-05,8.744001388549805e-05,2527025.0,4770.0
1650164273,0.0,0.0042459105,0.0,8.744001388549805e-05,8.744001388549805e-05,3159201.5,5896.5
1650164274,0.0,0.003466683,0.0,8.744001388549805e-05,8.744001388549805e-05,2527698.0,6305.0
1650164275,0.0,0.003512163,0.0,8.744001388549805e-05,8.744001388549805e-05,2528154.0,5628.0
1650164276,0.0,0.003512163,0.0,8.744001388549805e-05,8.744001388549805e-05,2528154.0,5628.0
1650164277,0.005,0.0035120455,0.005,8.744001388549805e-05,8.744001388549805e-05,2528469.0,4964.0
1650164278,0.0,0.005019922,0.0,8.744001388549805e-05,8.744001388549805e-05,3792770.0,6759.0
1650164279,0.0,0.005019922,0.0,8.744001388549805e-05,8.744001388549805e-05,3792770.0,6759.0
1650164280,0.0,0.001838283,0.0,8.744001388549805e-05,8.744001388549805e-05,1264546.0,2620.0
1650164281,0.01,0.003441177,0.0,8.746981620788574e-05,8.746981620788574e-05,2529276.0,5298.0
1650164282,0.0,0.003642784,0.01,8.746981620788574e-05,8.746981620788574e-05,2529402.0,5166.0
1650164283,0.0,0.001795171,0.0,8.746981620788574e-05,8.746981620788574e-05,1264971.0,3870.0
1650164284,0.0,0.001795171,0.0,8.746981620788574e-05,8.746981620788574e-05,1264971.0,3870.0
1650164285,0.0,0.0025612285,0.0,8.746981620788574e-05,8.746981620788574e-05,1897137.5,3445.5
1650164286,0.0,0.006922016,0.0,8.746981620788574e-05,8.746981620788574e-05,5060137.0,9268.0
1650164287,0.0,0.006922016,0.0,8.746981620788574e-05,8.746981620788574e-05,5060137.0,9268.0
1650164288,0.005,0.0026261475,0.0,8.746981620788574e-05,8.746981620788574e-05,1897609.0,3643.5
1650164289,0.0,0.003270661,0.0,8.746981620788574e-05,8.746981620788574e-05,2530452.0,4176.0
1650164290,0.0,0.005337519,0.01,8.746981620788574e-05,8.746981620788574e-05,3796211.0,7427.0
1650164291,0.0,0.005337519,0.01,8.746981620788574e-05,8.746981620788574e-05,3796211.0,7427.0
1650164292,0.0,0.000893164,0.0,8.746981620788574e-05,8.746981620788574e-05,632737.0,1324.5
1650164293,0.0,0.007022054,0.0,8.746981620788574e-05,8.746981620788574e-05,5062313.0,11836.0
1650164294,0.0,0.007022054,0.0,8.746981620788574e-05,8.746981620788574e-05,5062313.0,11836.0
1650164295,0.005,0.0025364955,0.0,8.746981620788574e-05,8.746981620788574e-05,1898545.0,3709.5
1650164296,0.005,0.0025364955,0.0,8.746981620788574e-05,8.746981620788574e-05,1898545.0,3709.5
1650164297,0.0,0.001786603,0.0,8.746981620788574e-05,8.746981620788574e-05,1266174.5,2678.0
1650164298,0.0,0.003404131,0.0,8.746981620788574e-05,8.746981620788574e-05,2532354.0,5430.0
1650164299,0.0,0.0,0.0,8.746981620788574e-05,8.746981620788574e-05,0.0,0.0
1650164300,0.0,0.0,0.0,8.746981620788574e-05,8.746981620788574e-05,0.0,0.0
1650164301,0.0,0.0,0.0,8.746981620788574e-05,8.746981620788574e-05,0.0,0.0
1650164302,0.0,0.0,0.0,8.746981620788574e-05,8.746981620788574e-05,0.0,0.0
1650164303,0.0025,0.001321855,0.0,8.746981620788574e-05,8.746981620788574e-05,949757.5,2021.75
1650164304,0.0,0.00349301,0.0,8.746981620788574e-05,8.746981620788574e-05,2532834.0,5694.0
1650164305,0.0,0.00349301,0.0,8.746981620788574e-05,8.746981620788574e-05,2532834.0,5694.0
1650164306,0.005,0.0026785795,0.0,8.746981620788574e-05,8.746981620788574e-05,1899799.5,3639.5
1650164307,0.005,0.0026785795,0.0,8.746981620788574e-05,8.746981620788574e-05,1899799.5,3639.5
1650164308,0.0,0.001709517,0.0,8.746981620788574e-05,8.746981620788574e-05,1266459.0,2517.0
1650164309,0.0,0.0,0.0,8.746981620788574e-05,8.746981620788574e-05,0.0,0.0
1650164310,0.0,0.0,0.0,8.746981620788574e-05,8.746981620788574e-05,0.0,0.0
1650164311,0.0,0.0,0.0,8.746981620788574e-05,8.746981620788574e-05,0.0,0.0
1650164312,0.0033333333333333,0.0017802313333333,0.0033333333333333,8.746981620788574e-05,8.746981620788574e-05,1266689.0,2627.0
1650164313,0.0033333333333333,0.0017802313333333,0.0033333333333333,8.746981620788574e-05,8.746981620788574e-05,1266689.0,2627.0
1650164314,0.0,5.78395e-05,0.0,8.746981620788574e-05,8.746981620788574e-05,0.0,437.0
1650164315,0.0,0.003715658,0.0,8.746981620788574e-05,8.746981620788574e-05,2533802.0,4646.0
1650164316,0.01,0.005661531,0.0,8.752942085266113e-05,8.752942085266113e-05,3800776.0,7015.0
1650164317,0.01,0.005661531,0.0,8.752942085266113e-05,8.752942085266113e-05,3800776.0,7015.0
1650164318,0.0,0.0,0.0,8.752942085266113e-05,8.752942085266113e-05,21.0,21.0
1650164319,0.0,0.0,0.0,8.752942085266113e-05,8.752942085266113e-05,21.0,21.0
1650164320,0.0,0.000911446,0.0,8.752942085266113e-05,8.752942085266113e-05,633556.5,1390.5
1650164321,0.0,0.000911446,0.0,8.752942085266113e-05,8.752942085266113e-05,633556.5,1390.5
1650164322,0.005,0.003392741,0.0,8.752942085266113e-05,8.752942085266113e-05,2533938.0,4704.0
1650164323,0.005,0.003392741,0.0,8.752942085266113e-05,8.752942085266113e-05,2533938.0,4704.0
1650164324,0.0,0.000919738,0.0,8.752942085266113e-05,8.752942085266113e-05,633643.5,1761.0
1650164325,0.01,0.003544422,0.0,8.729100227355957e-05,8.729100227355957e-05,2534982.0,5364.0
1650164326,0.01,0.003544422,0.0,8.729100227355957e-05,8.729100227355957e-05,2534982.0,5364.0
1650164327,0.0,0.002767931,0.0,8.752942085266113e-05,8.752942085266113e-05,1901304.0,4039.5
1650164328,0.0,0.002767931,0.0,8.752942085266113e-05,8.752942085266113e-05,1901304.0,4039.5
1650164329,0.005,0.000862765,0.0,8.752942085266113e-05,8.752942085266113e-05,633853.5,1423.5
1650164330,0.01,0.003477899,0.0,8.752942085266113e-05,8.752942085266113e-05,2535162.0,5166.0
1650164331,0.01,0.003477899,0.0,8.752942085266113e-05,8.752942085266113e-05,2535162.0,5166.0
1650164332,0.0,0.001917556,0.0,8.752942085266113e-05,8.752942085266113e-05,1267545.0,2517.0
1650164333,0.01,0.001790383,0.0,8.752942085266113e-05,8.752942085266113e-05,1267749.0,3527.0
1650164334,0.0,0.000206633,0.0,8.752942085266113e-05,8.752942085266113e-05,226.0,336.0
1650164335,0.0,0.000206633,0.0,8.752942085266113e-05,8.752942085266113e-05,226.0,336.0
1650164336,0.005,0.003623763,0.0,8.735060691833496e-05,8.735060691833496e-05,2535949.5,5093.0
1650164337,0.0,0.005318041,0.0,8.752942085266113e-05,8.752942085266113e-05,3803854.0,7163.0
1650164338,0.0,0.005318041,0.0,8.752942085266113e-05,8.752942085266113e-05,3803854.0,7163.0
1650164339,0.0,0.0025617465,0.0,8.752942085266113e-05,8.752942085266113e-05,1902238.5,3808.5
1650164340,0.0,0.0025617465,0.0,8.752942085266113e-05,8.752942085266113e-05,1902238.5,3808.5
1650164341,0.005,0.002629149,0.0,8.752942085266113e-05,8.752942085266113e-05,1902322.0,3742.5
1650164342,0.0,0.001767524,0.01,8.752942085266113e-05,8.752942085266113e-05,1268553.0,2649.0
1650164343,0.0,0.0,0.0,8.752942085266113e-05,8.752942085266113e-05,0.0,0.0
1650164344,0.0,0.0,0.0,8.752942085266113e-05,8.752942085266113e-05,0.0,0.0
1650164345,0.0,0.0,0.0,8.752942085266113e-05,8.752942085266113e-05,0.0,0.0
1650164346,0.0033333333333333,0.001835682,0.0,8.752942085266113e-05,8.752942085266113e-05,1268601.3333333333,3159.0
1650164347,0.0033333333333333,0.001835682,0.0,8.752942085266113e-05,8.752942085266113e-05,1268601.3333333333,3159.0
1650164348,0.0,0.0018776295,0.0,8.752942085266113e-05,8.752942085266113e-05,1268806.0,2719.0
1650164349,0.0,0.003413834,0.0,8.755922317504883e-05,8.755922317504883e-05,2537202.0,5232.0
1650164350,0.0,0.003413834,0.0,8.755922317504883e-05,8.755922317504883e-05,2537202.0,5232.0
1650164351,0.0,0.000873743,0.0,8.755922317504883e-05,8.755922317504883e-05,634402.5,1324.5
1650164352,0.0,0.001727107,0.0,8.755922317504883e-05,8.755922317504883e-05,1268985.0,2781.0
1650164353,0.0,0.001727107,0.0,8.755922317504883e-05,8.755922317504883e-05,1268985.0,2781.0
1650164354,0.0,0.000903221,0.0,8.755922317504883e-05,8.755922317504883e-05,634384.5,1451.5
1650164355,0.01,0.003603688,0.0,8.755922317504883e-05,8.755922317504883e-05,2538012.0,5298.0
1650164356,0.01,0.003603688,0.0,8.755922317504883e-05,8.755922317504883e-05,2538012.0,5298.0
1650164357,0.0,0.0027756545,0.0,8.755922317504883e-05,8.755922317504883e-05,1903799.0,3771.5
1650164358,0.0,0.001615225,0.0,8.755922317504883e-05,8.755922317504883e-05,1269057.0,2385.0
1650164359,0.0,0.001615225,0.0,8.755922317504883e-05,8.755922317504883e-05,1269057.0,2385.0
1650164360,0.0,0.0019201185,0.0,8.755922317504883e-05,8.755922317504883e-05,1269364.0,2686.0
1650164361,0.0,0.0019201185,0.0,8.755922317504883e-05,8.755922317504883e-05,1269364.0,2686.0
1650164362,0.005,0.0024958265,0.0,8.755922317504883e-05,8.755922317504883e-05,1904137.0,3973.5
1650164363,0.0,0.003561267,0.01,8.755922317504883e-05,8.755922317504883e-05,2538738.0,6255.0
1650164364,0.0,0.003561267,0.01,8.755922317504883e-05,8.755922317504883e-05,2538738.0,6255.0
1650164365,0.0,0.0017645195,0.0,8.755922317504883e-05,8.755922317504883e-05,1269530.5,2550.0
1650164366,0.0,0.0017645195,0.0,8.755922317504883e-05,8.755922317504883e-05,1269530.5,2550.0
1650164367,0.005,0.0018332435,0.0,8.755922317504883e-05,8.755922317504883e-05,1269753.0,2480.0
1650164368,0.0,0.003476055,0.0,8.755922317504883e-05,8.755922317504883e-05,2539776.0,5496.0
1650164369,0.0,0.003476055,0.0,8.755922317504883e-05,8.755922317504883e-05,2539776.0,5496.0
1650164370,0.005,0.000920846,0.0,8.732080459594727e-05,8.732080459594727e-05,635050.5,1378.5
1650164371,0.0,0.0,0.0,8.732080459594727e-05,8.732080459594727e-05,0.0,0.0
1650164372,0.0,0.0,0.0,8.732080459594727e-05,8.732080459594727e-05,0.0,0.0
1650164373,0.0,0.0,0.0,8.732080459594727e-05,8.732080459594727e-05,0.0,0.0
1650164374,0.0,0.0,0.0,8.732080459594727e-05,8.732080459594727e-05,0.0,0.0
1650164375,0.0,0.00098002825,0.0,8.755922317504883e-05,8.755922317504883e-05,635067.25,1625.0
1650164376,0.0,0.003972219,0.0,8.755922317504883e-05,8.755922317504883e-05,2540509.0,5554.0
1650164377,0.0,0.003972219,0.0,8.755922317504883e-05,8.755922317504883e-05,2540509.0,5554.0
1650164378,0.005,0.0008596285,0.0,8.755922317504883e-05,8.755922317504883e-05,635149.5,1357.5
1650164379,0.005,0.0008596285,0.0,8.755922317504883e-05,8.755922317504883e-05,635149.5,1357.5
1650164380,0.0,0.003398063,0.005,8.755922317504883e-05,8.755922317504883e-05,2540375.5,4737.0
1650164381,0.0,0.003398063,0.005,8.755922317504883e-05,8.755922317504883e-05,2540375.5,4737.0
1650164382,0.005,0.0019272805,0.005,8.732080459594727e-05,8.732080459594727e-05,1270463.0,2649.0
1650164383,0.0,0.0,0.0,8.732080459594727e-05,8.732080459594727e-05,0.0,0.0
1650164384,0.0,0.0,0.0,8.732080459594727e-05,8.732080459594727e-05,0.0,0.0
1650164385,0.0,0.0,0.0,8.732080459594727e-05,8.732080459594727e-05,0.0,0.0
1650164386,0.0033333333333333,0.0019544296666666,0.0,8.755922317504883e-05,8.755922317504883e-05,1270638.0,3101.6666666666665
1650164387,0.0,0.003307187,0.0,8.755922317504883e-05,8.755922317504883e-05,2541210.0,5232.0
1650164388,0.0,0.003307187,0.0,8.755922317504883e-05,8.755922317504883e-05,2541210.0,5232.0
1650164389,0.0,0.001912689,0.0,8.755922317504883e-05,8.755922317504883e-05,1270667.0,2583.0
1650164390,0.0,0.001912689,0.0,8.755922317504883e-05,8.755922317504883e-05,1270667.0,2583.0
1650164391,0.005,0.0017353045,0.0,8.755922317504883e-05,8.755922317504883e-05,1270698.0,2451.0
1650164392,0.0,0.001839084,0.0,8.755922317504883e-05,8.755922317504883e-05,1270868.0,2649.0
1650164393,0.0,0.00012199,0.0,8.755922317504883e-05,8.755922317504883e-05,0.0,1220.0
1650164394,0.0,0.00168708,0.0,8.755922317504883e-05,8.755922317504883e-05,1271091.0,2649.0
1650164395,0.0,0.00168708,0.0,8.755922317504883e-05,8.755922317504883e-05,1271091.0,2649.0
1650164396,0.0,0.000965738,0.0,8.732080459594727e-05,8.732080459594727e-05,635647.0,1291.5
1650164397,0.0,0.00400793,0.0,8.761882781982422e-05,8.761882781982422e-05,2542334.0,5232.0
1650164398,0.0,0.001636668,0.0,8.761882781982422e-05,8.761882781982422e-05,1271109.0,2649.0
1650164399,0.0,0.003351495,0.0,8.761882781982422e-05,8.761882781982422e-05,2542230.0,5100.0
1650164400,0.0,0.001659958,0.0,8.761882781982422e-05,8.761882781982422e-05,1271451.0,2517.0
1650164401,0.01,0.00179287,0.0,8.761882781982422e-05,8.761882781982422e-05,1271499.0,2583.0
1650164402,0.0,0.003567653,0.01,8.761882781982422e-05,8.761882781982422e-05,2542482.0,4704.0
1650164403,0.0,0.003567653,0.01,8.761882781982422e-05,8.761882781982422e-05,2542482.0,4704.0
1650164404,0.0,0.00338465,0.0,8.761882781982422e-05,8.761882781982422e-05,2542869.0,4775.5
1650164405,0.0,0.00185473,0.0,8.761882781982422e-05,8.761882781982422e-05,1271505.0,2385.0
1650164406,0.0,0.00185473,0.0,8.761882781982422e-05,8.761882781982422e-05,1271505.0,2385.0
1650164407,0.0,0.00013916,0.0,8.761882781982422e-05,8.761882781982422e-05,192.5,95.0
1650164408,0.0,0.0,0.0,8.761882781982422e-05,8.761882781982422e-05,0.0,0.0
1650164409,0.0,0.0,0.0,8.761882781982422e-05,8.761882781982422e-05,0.0,0.0
1650164410,0.0,0.0,0.0,8.761882781982422e-05,8.761882781982422e-05,0.0,0.0
1650164411,0.0,0.0,0.0,8.761882781982422e-05,8.761882781982422e-05,0.0,0.0
1650164412,0.0025,0.00181355275,0.0,8.761882781982422e-05,8.761882781982422e-05,1271792.0,2585.0
1650164413,0.0025,0.00181355275,0.0,8.761882781982422e-05,8.761882781982422e-05,1271792.0,2585.0
1650164414,0.0,0.001793811,0.0,8.761882781982422e-05,8.761882781982422e-05,1271901.0,3154.0
1650164415,0.01,0.001782901,0.0,8.761882781982422e-05,8.761882781982422e-05,1272171.0,2583.0
1650164416,0.01,0.001782901,0.0,8.761882781982422e-05,8.761882781982422e-05,1272171.0,2583.0
1650164417,0.0,0.0026974565,0.0,8.761882781982422e-05,8.761882781982422e-05,1908197.0,3903.5
1650164418,0.0,0.001720475,0.01,8.761882781982422e-05,8.761882781982422e-05,1272206.0,2493.0
1650164419,0.0,0.005017241,0.0,8.761882781982422e-05,8.761882781982422e-05,3816651.0,7485.0
1650164420,0.0,0.005017241,0.0,8.761882781982422e-05,8.761882781982422e-05,3816651.0,7485.0
1650164421,0.0,0.00086427,0.0,8.761882781982422e-05,8.761882781982422e-05,636112.5,1192.5
1650164422,0.01,0.003656128,0.0,8.761882781982422e-05,8.761882781982422e-05,2544998.0,5438.0
1650164423,0.0,3.9012e-05,0.0,8.761882781982422e-05,8.761882781982422e-05,0.0,0.0
1650164424,0.0,3.9012e-05,0.0,8.761882781982422e-05,8.761882781982422e-05,0.0,0.0
1650164425,0.0,0.0016388075,0.0,8.761882781982422e-05,8.761882781982422e-05,1272525.0,2319.0
1650164426,0.0,0.0016388075,0.0,8.761882781982422e-05,8.761882781982422e-05,1272525.0,2319.0
1650164427,0.005,0.00192295,0.0,8.761882781982422e-05,8.761882781982422e-05,1272714.5,2678.0
1650164428,0.01,0.003533469,0.0,8.761882781982422e-05,8.761882781982422e-05,2545433.0,4704.0
1650164429,0.01,0.003533469,0.0,8.761882781982422e-05,8.761882781982422e-05,2545433.0,4704.0
1650164430,0.0,0.000820783,0.0,8.761882781982422e-05,8.761882781982422e-05,636328.5,1225.5
1650164431,0.01,0.006684702,0.01,8.764863014221191e-05,8.764863014221191e-05,5091372.0,8814.0
1650164432,0.01,0.006684702,0.01,8.764863014221191e-05,8.764863014221191e-05,5091372.0,8814.0
1650164433,0.0,0.002664082,0.0,8.741021156311035e-05,8.741021156311035e-05,1909483.0,3643.5
1650164434,0.0,0.002664082,0.0,8.741021156311035e-05,8.741021156311035e-05,1909483.0,3643.5
1650164435,0.0,0.002787785,0.005,8.764863014221191e-05,8.764863014221191e-05,1909736.0,4682.5
1650164436,0.0,0.003551878,0.0,8.764863014221191e-05,8.764863014221191e-05,2547066.0,5620.0
1650164437,0.0,0.003551878,0.0,8.764863014221191e-05,8.764863014221191e-05,2547066.0,5620.0
1650164438,0.005,0.0033528975,0.0,8.764863014221191e-05,8.764863014221191e-05,2546771.5,4506.0
1650164439,0.005,0.0033528975,0.0,8.764863014221191e-05,8.764863014221191e-05,2546771.5,4506.0
1650164440,0.0,0.0018152175,0.0,8.764863014221191e-05,8.764863014221191e-05,1273694.5,2616.0
1650164441,0.0,0.003356186,0.0,8.764863014221191e-05,8.764863014221191e-05,2547185.0,5034.0
1650164442,0.0,0.003356186,0.0,8.764863014221191e-05,8.764863014221191e-05,2547185.0,5034.0
1650164443,0.005,0.002538073,0.0,8.764863014221191e-05,8.764863014221191e-05,1910667.5,3610.5
1650164444,0.0,0.003689349,0.0,8.764863014221191e-05,8.764863014221191e-05,2547938.0,6403.0
1650164445,0.0,0.00317829,0.0,8.764863014221191e-05,8.764863014221191e-05,2547858.0,4902.0
1650164446,0.0,0.001817755,0.0,8.764863014221191e-05,8.764863014221191e-05,1274386.0,2641.0
1650164447,0.0,0.001817755,0.0,8.764863014221191e-05,8.764863014221191e-05,1274386.0,2641.0
1650164448,0.0,0.003378139,0.0,8.764863014221191e-05,8.764863014221191e-05,2548242.0,4506.0
1650164449,0.0,0.003541336,0.0,8.764863014221191e-05,8.764863014221191e-05,2548728.0,5298.0
1650164450,0.0,0.001726311,0.0,8.764863014221191e-05,8.764863014221191e-05,1274402.0,2319.0
1650164451,0.0,0.001726311,0.0,8.764863014221191e-05,8.764863014221191e-05,1274402.0,2319.0
1650164452,0.005,0.004907576,0.0,8.764863014221191e-05,8.764863014221191e-05,3823580.5,6297.0
1650164453,0.01,0.003480628,0.0,8.764863014221191e-05,8.764863014221191e-05,2549394.0,5969.0
1650164454,0.01,0.003480628,0.0,8.764863014221191e-05,8.764863014221191e-05,2549394.0,5969.0
1650164455,0.0,0.002730991,0.005,8.764863014221191e-05,8.764863014221191e-05,1912507.0,3848.5
1650164456,0.0,0.005273494,0.0,8.77082347869873e-05,8.77082347869873e-05,3825107.0,7603.0
1650164457,0.0,0.005273494,0.0,8.77082347869873e-05,8.77082347869873e-05,3825107.0,7603.0
1650164458,0.0,0.0034118035,0.0,8.77082347869873e-05,8.77082347869873e-05,2550371.0,4971.0
1650164459,0.0,0.0034118035,0.0,8.77082347869873e-05,8.77082347869873e-05,2550371.0,4971.0
