timestamp,cpu_usage_system,cpu_usage_total,cpu_usage_user,memory_usage,memory_working_set,rx_bytes,tx_bytes
1650497582,0.0,0.001088772,0.0,1.7464160919189453e-05,1.722574234008789e-05,1262.0,924.0
1650497583,0.0,0.001088772,0.0,1.7464160919189453e-05,1.722574234008789e-05,1262.0,924.0
1650497584,0.0,0.0011563115,0.0,1.767277717590332e-05,1.7434358596801758e-05,757.0,903.0
1650497585,0.0,0.002392068,0.0,1.7702579498291016e-05,1.7464160919189453e-05,1707.0,2108.0
1650497586,0.0,0.002392068,0.0,1.7702579498291016e-05,1.7464160919189453e-05,1707.0,2108.0
1650497587,0.0,0.0008915535,0.0,1.7702579498291016e-05,1.7464160919189453e-05,1748.5,660.0
1650497588,0.0,0.0008915535,0.0,1.7702579498291016e-05,1.7464160919189453e-05,1748.5,660.0
1650497589,0.0,0.001414928,0.0,1.7762184143066406e-05,1.7523765563964844e-05,13023.0,989.0
1650497590,0.01,0.001913388,0.01,1.767277717590332e-05,1.7434358596801758e-05,961.0,1318.0
1650497591,0.01,0.001913388,0.01,1.767277717590332e-05,1.7434358596801758e-05,961.0,1318.0
1650497592,0.0,0.0013552535,0.0,1.767277717590332e-05,1.7434358596801758e-05,721.5,989.0
1650497593,0.0,0.0013552535,0.0,1.767277717590332e-05,1.7434358596801758e-05,721.5,989.0
1650497594,0.0,0.00213448,0.0,1.767277717590332e-05,1.7434358596801758e-05,1258.5,1660.5
1650497595,0.01,0.00168404,0.0,1.767277717590332e-05,1.7434358596801758e-05,1226.0,1452.0
1650497596,0.01,0.00168404,0.0,1.767277717590332e-05,1.7434358596801758e-05,1226.0,1452.0
1650497597,0.0,0.001257923,0.0,1.767277717590332e-05,1.7434358596801758e-05,787.0,1021.5
1650497598,0.0,0.001790775,0.0,1.767277717590332e-05,1.7434358596801758e-05,962.0,3682.0
1650497599,0.0,0.000837424,0.0,1.767277717590332e-05,1.7434358596801758e-05,481.0,660.0
1650497600,0.0,0.000837424,0.0,1.767277717590332e-05,1.7434358596801758e-05,481.0,660.0
1650497601,0.0,0.0023912565,0.0,1.767277717590332e-05,1.7434358596801758e-05,1442.0,1980.0
1650497602,0.0,0.00235723,0.01,1.767277717590332e-05,1.7434358596801758e-05,1485.0,2022.0
1650497603,0.0,0.00235723,0.01,1.767277717590332e-05,1.7434358596801758e-05,1485.0,2022.0
1650497604,0.005,0.000434551,0.0,1.767277717590332e-05,1.7434358596801758e-05,240.0,330.0
1650497605,0.0,0.003495858,0.0,1.767277717590332e-05,1.7434358596801758e-05,2125.0,2730.0
1650497606,0.0,0.003495858,0.0,1.767277717590332e-05,1.7434358596801758e-05,2125.0,2730.0
1650497607,0.0,0.0008360705,0.0,1.767277717590332e-05,1.7434358596801758e-05,612.5,725.5
1650497608,0.01,0.001824061,0.0,1.767277717590332e-05,1.7434358596801758e-05,962.0,1787.0
1650497609,0.01,0.001824061,0.0,1.767277717590332e-05,1.7434358596801758e-05,962.0,1787.0
1650497610,0.0,0.0008477085,0.0,1.767277717590332e-05,1.7434358596801758e-05,481.0,659.0
1650497611,0.0,0.002331724,0.0,1.7702579498291016e-05,1.7464160919189453e-05,1443.0,1980.0
1650497612,0.0,0.00164746,0.0,1.767277717590332e-05,1.7434358596801758e-05,960.0,1320.0
1650497613,0.0,0.00164746,0.0,1.767277717590332e-05,1.7434358596801758e-05,960.0,1320.0
1650497614,0.0,0.0013182205,0.0,1.767277717590332e-05,1.7434358596801758e-05,721.5,989.5
1650497615,0.0,0.0013182205,0.0,1.767277717590332e-05,1.7434358596801758e-05,721.5,989.5
1650497616,0.01,0.0023734315,0.0,1.862645149230957e-05,1.8388032913208008e-05,1370.0,1727.0
1650497617,0.01,0.0023734315,0.0,1.862645149230957e-05,1.8388032913208008e-05,1370.0,1727.0
1650497618,0.0,0.0017048725,0.005,1.7702579498291016e-05,1.7464160919189453e-05,1028.0,1896.0
1650497619,0.0,0.0017048725,0.005,1.7702579498291016e-05,1.7464160919189453e-05,1028.0,1896.0
1650497620,0.0,0.0016716495,0.0,1.767277717590332e-05,1.7434358596801758e-05,961.5,1319.5
1650497621,0.0,0.001656721,0.0,1.767277717590332e-05,1.7434358596801758e-05,961.0,1318.0
1650497622,0.0,0.001656721,0.0,1.767277717590332e-05,1.7434358596801758e-05,961.0,1318.0
1650497623,0.0,0.0008133475,0.0,1.767277717590332e-05,1.7434358596801758e-05,480.5,659.0
1650497624,0.0,0.002516441,0.0,1.767277717590332e-05,1.7434358596801758e-05,1441.0,1976.0
1650497625,0.0,0.002516441,0.0,1.767277717590332e-05,1.7434358596801758e-05,1441.0,1976.0
1650497626,0.0,0.001812248,0.0,1.7702579498291016e-05,1.7464160919189453e-05,997.0,1332.0
1650497627,0.0,0.001873012,0.0,1.767277717590332e-05,1.7434358596801758e-05,1226.0,2542.0
1650497628,0.0,0.002513402,0.01,1.767277717590332e-05,1.7434358596801758e-05,1575.0,2046.0
1650497629,0.0,0.001636636,0.0,1.767277717590332e-05,1.7434358596801758e-05,961.0,1320.0
1650497630,0.0,0.001636636,0.0,1.767277717590332e-05,1.7434358596801758e-05,961.0,1320.0
1650497631,0.0,0.0012677695,0.0,1.767277717590332e-05,1.7434358596801758e-05,721.5,988.5
1650497632,0.0,0.000798765,0.0,1.767277717590332e-05,1.7434358596801758e-05,481.0,660.0
1650497633,0.0,0.000798765,0.0,1.767277717590332e-05,1.7434358596801758e-05,481.0,660.0
1650497634,0.0,0.0012565505,0.0,1.7762184143066406e-05,1.7523765563964844e-05,721.0,990.0
1650497635,0.0,0.000856633,0.0,1.7702579498291016e-05,1.7464160919189453e-05,480.0,660.0
1650497636,0.0,0.000856633,0.0,1.7702579498291016e-05,1.7464160919189453e-05,480.0,660.0
1650497637,0.0,0.001808034,0.0,1.7702579498291016e-05,1.7464160919189453e-05,996.5,1713.0
1650497638,0.0,0.002780852,0.0,1.767277717590332e-05,1.7434358596801758e-05,1839.0,2178.0
1650497639,0.0,0.002780852,0.0,1.767277717590332e-05,1.7434358596801758e-05,1839.0,2178.0
1650497640,0.0,0.0009952515,0.0,1.7702579498291016e-05,1.7464160919189453e-05,481.0,660.0
1650497641,0.0,0.0009952515,0.0,1.7702579498291016e-05,1.7464160919189453e-05,481.0,660.0
1650497642,0.0,0.001682051,0.0,1.773238182067871e-05,1.749396324157715e-05,983.0,1341.0
1650497643,0.0,0.001883607,0.0,1.7702579498291016e-05,1.7464160919189453e-05,962.0,1316.0
1650497644,0.01,0.002356067,0.01,1.767277717590332e-05,1.7434358596801758e-05,1443.0,1980.0
1650497645,0.01,0.002356067,0.01,1.767277717590332e-05,1.7434358596801758e-05,1443.0,1980.0
1650497646,0.0,0.000956639,0.0,1.767277717590332e-05,1.7434358596801758e-05,481.0,660.0
1650497647,0.0,0.002025746,0.0,1.749396324157715e-05,1.7255544662475586e-05,1094.0,2984.0
1650497648,0.0,0.001508605,0.0,1.767277717590332e-05,1.7434358596801758e-05,901.0,1080.0
1650497649,0.0,0.001508605,0.0,1.767277717590332e-05,1.7434358596801758e-05,901.0,1080.0
1650497650,0.0,0.0013447475,0.0,1.773238182067871e-05,1.749396324157715e-05,919.0,1088.0
1650497651,0.0,0.000845953,0.0,1.7702579498291016e-05,1.7464160919189453e-05,481.0,658.0
1650497652,0.0,0.002443812,0.01,1.767277717590332e-05,1.7434358596801758e-05,1443.0,1979.0
1650497653,0.0,0.002465137,0.01,1.7702579498291016e-05,1.7464160919189453e-05,1443.0,1979.0
1650497654,0.0,0.002465137,0.01,1.7702579498291016e-05,1.7464160919189453e-05,1443.0,1979.0
1650497655,0.0,0.0017843105,0.0,1.773238182067871e-05,1.749396324157715e-05,961.5,1318.5
1650497656,0.0,0.0017843105,0.0,1.773238182067871e-05,1.749396324157715e-05,961.5,1318.5
1650497657,0.0,0.0005544995,0.0,1.767277717590332e-05,1.7434358596801758e-05,240.0,1028.0
1650497658,0.0,0.0005544995,0.0,1.767277717590332e-05,1.7434358596801758e-05,240.0,1028.0
1650497659,0.0,0.0030209735,0.005,1.767277717590332e-05,1.7434358596801758e-05,1851.0,2387.5
1650497660,0.0,0.0030209735,0.005,1.767277717590332e-05,1.7434358596801758e-05,1851.0,2387.5
1650497661,0.0,0.0012009985,0.0,1.767277717590332e-05,1.7434358596801758e-05,787.5,1022.5
1650497662,0.0,0.001781548,0.0,1.767277717590332e-05,1.7434358596801758e-05,962.0,1320.0
1650497663,0.0,0.003357228,0.01,1.7702579498291016e-05,1.7464160919189453e-05,1922.0,2636.0
1650497664,0.0,0.000789117,0.0,1.767277717590332e-05,1.7434358596801758e-05,481.0,660.0
1650497665,0.0,0.00077532,0.0,1.7702579498291016e-05,1.7464160919189453e-05,481.0,660.0
1650497666,0.0,0.00077532,0.0,1.7702579498291016e-05,1.7464160919189453e-05,481.0,660.0
1650497667,0.0,0.00137233,0.0,1.7702579498291016e-05,1.7464160919189453e-05,721.5,1862.5
1650497668,0.0,0.004198113,0.0,1.767277717590332e-05,1.7434358596801758e-05,2476.0,3323.0
1650497669,0.0,0.004198113,0.0,1.767277717590332e-05,1.7434358596801758e-05,2476.0,3323.0
1650497670,0.005,0.000411426,0.0,1.767277717590332e-05,1.7434358596801758e-05,306.5,363.0
1650497671,0.005,0.000411426,0.0,1.767277717590332e-05,1.7434358596801758e-05,306.5,363.0
1650497672,0.0,0.000849065,0.0,1.7702579498291016e-05,1.7464160919189453e-05,613.0,725.0
1650497673,0.01,0.001630453,0.0,1.767277717590332e-05,1.7434358596801758e-05,962.0,1320.0
1650497674,0.01,0.001630453,0.0,1.767277717590332e-05,1.7434358596801758e-05,962.0,1320.0
1650497675,0.0,0.0008831205,0.0,1.767277717590332e-05,1.7434358596801758e-05,481.0,660.0
1650497676,0.0,0.0008831205,0.0,1.767277717590332e-05,1.7434358596801758e-05,481.0,660.0
1650497677,0.0,0.0013716,0.0,1.773238182067871e-05,1.749396324157715e-05,721.5,1377.0
1650497678,0.0,0.001883534,0.01,1.7464160919189453e-05,1.722574234008789e-05,1094.0,1584.0
1650497679,0.0,0.001883534,0.01,1.7464160919189453e-05,1.722574234008789e-05,1094.0,1584.0
1650497680,0.0,0.002485101,0.0,1.767277717590332e-05,1.7434358596801758e-05,1610.0,1959.0
1650497681,0.0,0.002485101,0.0,1.767277717590332e-05,1.7434358596801758e-05,1610.0,1959.0
1650497682,0.0,0.000909953,0.0,1.767277717590332e-05,1.7434358596801758e-05,480.5,659.0
1650497683,0.01,0.002567569,0.0,1.767277717590332e-05,1.7434358596801758e-05,1485.0,2022.0
1650497684,0.01,0.002567569,0.0,1.767277717590332e-05,1.7434358596801758e-05,1485.0,2022.0
1650497685,0.0,0.0012614645,0.0,1.767277717590332e-05,1.7434358596801758e-05,721.5,989.5
1650497686,0.0,0.003417228,0.0,1.7702579498291016e-05,1.7464160919189453e-05,1923.0,2639.0
1650497687,0.0,0.003417228,0.0,1.7702579498291016e-05,1.7464160919189453e-05,1923.0,2639.0
1650497688,0.0,0.0004606685,0.0,1.767277717590332e-05,1.7434358596801758e-05,240.0,1027.0
1650497689,0.0,0.002826243,0.0,1.7464160919189453e-05,1.722574234008789e-05,1575.0,2244.0
1650497690,0.0,0.002826243,0.0,1.7464160919189453e-05,1.722574234008789e-05,1575.0,2244.0
1650497691,0.0,0.0015601085,0.0,1.767277717590332e-05,1.7434358596801758e-05,1063.5,1264.5
1650497692,0.0,0.001785094,0.0,1.767277717590332e-05,1.7434358596801758e-05,1094.0,1386.0
1650497693,0.0,0.001785094,0.0,1.767277717590332e-05,1.7434358596801758e-05,1094.0,1386.0
1650497694,0.0,0.0015977195,0.0,1.7702579498291016e-05,1.7464160919189453e-05,961.0,1320.0
1650497695,0.01,0.002460461,0.0,1.773238182067871e-05,1.749396324157715e-05,1443.0,1980.0
1650497696,0.01,0.002460461,0.0,1.773238182067871e-05,1.749396324157715e-05,1443.0,1980.0
1650497697,0.0,0.0012524435,0.0,1.767277717590332e-05,1.7434358596801758e-05,721.5,1220.0
1650497698,0.0,0.0012524435,0.0,1.767277717590332e-05,1.7434358596801758e-05,721.5,1220.0
1650497699,0.0,0.001636234,0.0,1.767277717590332e-05,1.7434358596801758e-05,960.0,1319.0
1650497700,0.0,0.000818871,0.0,1.767277717590332e-05,1.7434358596801758e-05,481.0,660.0
1650497701,0.0,0.000818871,0.0,1.767277717590332e-05,1.7434358596801758e-05,481.0,660.0
1650497702,0.0,0.002090488,0.0,1.767277717590332e-05,1.7434358596801758e-05,1370.0,1728.0
1650497703,0.01,0.001637144,0.01,1.767277717590332e-05,1.7434358596801758e-05,1094.0,1386.0
1650497704,0.0,0.002454289,0.0,1.773238182067871e-05,1.749396324157715e-05,1442.0,1980.0
1650497705,0.0,0.002454289,0.0,1.773238182067871e-05,1.749396324157715e-05,1442.0,1980.0
1650497706,0.0,0.0008248815,0.0,1.767277717590332e-05,1.7434358596801758e-05,481.0,660.0
1650497707,0.0,0.002664519,0.0,1.767277717590332e-05,1.7434358596801758e-05,1443.0,1980.0
1650497708,0.0,0.002664519,0.0,1.767277717590332e-05,1.7434358596801758e-05,1443.0,1980.0
1650497709,0.0,0.000787433,0.0,1.767277717590332e-05,1.7434358596801758e-05,481.0,660.0
1650497710,0.0,0.000787433,0.0,1.767277717590332e-05,1.7434358596801758e-05,481.0,660.0
1650497711,0.0,0.001718262,0.0,1.7702579498291016e-05,1.7464160919189453e-05,961.5,1318.5
1650497712,0.0,0.00365685,0.0,1.7702579498291016e-05,1.7464160919189453e-05,1994.0,2662.0
1650497713,0.0,0.00365685,0.0,1.7702579498291016e-05,1.7464160919189453e-05,1994.0,2662.0
1650497714,0.0,0.0009223735,0.0,1.767277717590332e-05,1.7434358596801758e-05,612.5,725.0
1650497715,0.01,0.000847845,0.01,1.7702579498291016e-05,1.7464160919189453e-05,613.0,726.0
1650497716,0.01,0.000847845,0.01,1.7702579498291016e-05,1.7464160919189453e-05,613.0,726.0
1650497717,0.0,0.001296549,0.0,1.767277717590332e-05,1.7434358596801758e-05,721.0,990.0
1650497718,0.0,0.002438661,0.0,1.7702579498291016e-05,1.7464160919189453e-05,1443.0,3374.0
1650497719,0.0,0.002438661,0.0,1.7702579498291016e-05,1.7464160919189453e-05,1443.0,3374.0
1650497720,0.0,0.0008219825,0.0,1.767277717590332e-05,1.7434358596801758e-05,481.0,659.0
1650497721,0.0,0.0008219825,0.0,1.767277717590332e-05,1.7434358596801758e-05,481.0,659.0
1650497722,0.0,0.000791548,0.0,1.767277717590332e-05,1.7434358596801758e-05,481.0,660.0
1650497723,0.0,0.003336102,0.0,1.767277717590332e-05,1.7434358596801758e-05,2036.0,2706.0
1650497724,0.0,0.003336102,0.0,1.767277717590332e-05,1.7434358596801758e-05,2036.0,2706.0
1650497725,0.005,0.000807268,0.0,1.767277717590332e-05,1.7434358596801758e-05,613.0,726.0
1650497726,0.005,0.000807268,0.0,1.767277717590332e-05,1.7434358596801758e-05,613.0,726.0
1650497727,0.0,0.0013619735,0.0,1.767277717590332e-05,1.7434358596801758e-05,787.5,1023.0
1650497728,0.0,0.000939459,0.0,1.767277717590332e-05,1.7434358596801758e-05,481.0,1123.0
1650497729,0.0,0.001537861,0.0,1.7702579498291016e-05,1.7464160919189453e-05,962.0,1320.0
1650497730,0.0,0.001537861,0.0,1.7702579498291016e-05,1.7464160919189453e-05,962.0,1320.0
1650497731,0.0,0.001717527,0.0,1.767277717590332e-05,1.7434358596801758e-05,961.5,1320.0
1650497732,0.0,0.001717527,0.0,1.767277717590332e-05,1.7434358596801758e-05,961.5,1320.0
1650497733,0.0,0.0007914595,0.0,1.767277717590332e-05,1.7434358596801758e-05,481.0,660.0
1650497734,0.0,0.0007914595,0.0,1.767277717590332e-05,1.7434358596801758e-05,481.0,660.0
1650497735,0.0,0.002574325,0.0,1.7702579498291016e-05,1.7464160919189453e-05,1610.0,2056.0
1650497736,0.0,0.001725036,0.0,1.767277717590332e-05,1.7434358596801758e-05,1093.0,1384.0
1650497737,0.0,0.001725036,0.0,1.767277717590332e-05,1.7434358596801758e-05,1093.0,1384.0
1650497738,0.0,0.001769922,0.0,1.7821788787841797e-05,1.7583370208740234e-05,962.0,1861.0
1650497739,0.0,0.001769922,0.0,1.7821788787841797e-05,1.7583370208740234e-05,962.0,1861.0
1650497740,0.005,0.001696222,0.005,1.767277717590332e-05,1.7434358596801758e-05,961.5,1320.0
1650497741,0.005,0.001696222,0.005,1.767277717590332e-05,1.7434358596801758e-05,961.5,1320.0
1650497742,0.0,0.000937183,0.0,1.767277717590332e-05,1.7434358596801758e-05,480.5,659.0
1650497743,0.0,0.000937183,0.0,1.767277717590332e-05,1.7434358596801758e-05,480.5,659.0
1650497744,0.0,0.001740891,0.005,1.7702579498291016e-05,1.7464160919189453e-05,962.0,1319.5
1650497745,0.0,0.002551551,0.0,1.767277717590332e-05,1.7434358596801758e-05,1514.0,2004.0
1650497746,0.0,0.001676819,0.0,1.767277717590332e-05,1.7434358596801758e-05,1226.0,1452.0
1650497747,0.0,0.001676819,0.0,1.767277717590332e-05,1.7434358596801758e-05,1226.0,1452.0
1650497748,0.005,0.0013346305,0.005,1.767277717590332e-05,1.7434358596801758e-05,787.5,1564.0
1650497749,0.005,0.0013346305,0.005,1.767277717590332e-05,1.7434358596801758e-05,787.5,1564.0
1650497750,0.0,0.0016040005,0.0,1.767277717590332e-05,1.7434358596801758e-05,962.0,1320.0
1650497751,0.0,0.003487386,0.0,1.767277717590332e-05,1.7434358596801758e-05,1924.0,2639.0
1650497752,0.0,0.003487386,0.0,1.767277717590332e-05,1.7434358596801758e-05,1924.0,2639.0
1650497753,0.0,0.0011899415,0.0,1.773238182067871e-05,1.749396324157715e-05,721.5,990.0
1650497754,0.0,0.0011899415,0.0,1.773238182067871e-05,1.749396324157715e-05,721.5,990.0
1650497755,0.0,0.0016008175,0.0,1.767277717590332e-05,1.7434358596801758e-05,962.0,1320.0
1650497756,0.0,0.0016008175,0.0,1.767277717590332e-05,1.7434358596801758e-05,962.0,1320.0
1650497757,0.0,0.001786338,0.0,1.767277717590332e-05,1.7434358596801758e-05,1063.5,1364.0
1650497758,0.0,0.001786338,0.0,1.767277717590332e-05,1.7434358596801758e-05,1063.5,1364.0
1650497759,0.0,0.001350622,0.0,1.767277717590332e-05,1.7434358596801758e-05,853.5,1600.0
1650497760,0.01,0.001916244,0.0,1.7881393432617188e-05,1.7642974853515625e-05,962.0,1319.0
1650497761,0.0,0.001767732,0.01,1.773238182067871e-05,1.749396324157715e-05,962.0,1320.0
1650497762,0.0,0.001767732,0.01,1.773238182067871e-05,1.749396324157715e-05,962.0,1320.0
1650497763,0.0,0.000472749,0.0,1.767277717590332e-05,1.7434358596801758e-05,261.0,350.0
1650497764,0.0,0.001919028,0.0,1.767277717590332e-05,1.7434358596801758e-05,962.0,1320.0
1650497765,0.0,0.001639747,0.0,1.7702579498291016e-05,1.7464160919189453e-05,962.0,1320.0
1650497766,0.0,0.001639747,0.0,1.7702579498291016e-05,1.7464160919189453e-05,962.0,1320.0
1650497767,0.0,0.00181947,0.0,1.767277717590332e-05,1.7434358596801758e-05,997.5,2206.0
1650497768,0.0,0.001890991,0.0,1.767277717590332e-05,1.7434358596801758e-05,1226.0,1452.0
1650497769,0.0,0.001890991,0.0,1.767277717590332e-05,1.7434358596801758e-05,1226.0,1452.0
1650497770,0.0,0.000814841,0.0,1.767277717590332e-05,1.7434358596801758e-05,547.0,692.5
1650497771,0.0,0.003419875,0.0,1.767277717590332e-05,1.7434358596801758e-05,1923.0,2638.0
1650497772,0.0,0.003419875,0.0,1.767277717590332e-05,1.7434358596801758e-05,1923.0,2638.0
1650497773,0.0,0.0016253505,0.0,1.767277717590332e-05,1.7434358596801758e-05,962.0,1319.5
1650497774,0.0,0.002602812,0.01,1.767277717590332e-05,1.7434358596801758e-05,1443.0,1980.0
1650497775,0.0,0.002602812,0.01,1.767277717590332e-05,1.7434358596801758e-05,1443.0,1980.0
1650497776,0.005,0.001277119,0.0,1.7702579498291016e-05,1.7464160919189453e-05,721.5,989.5
1650497777,0.005,0.001277119,0.0,1.7702579498291016e-05,1.7464160919189453e-05,721.5,989.5
1650497778,0.0,0.0013802045,0.0,1.7702579498291016e-05,1.7464160919189453e-05,756.0,1546.0
1650497779,0.0,0.00164054,0.0,1.767277717590332e-05,1.7434358596801758e-05,1226.0,1452.0
1650497780,0.0,0.00164054,0.0,1.767277717590332e-05,1.7434358596801758e-05,1226.0,1452.0
1650497781,0.0,0.0012183715,0.0,1.767277717590332e-05,1.7434358596801758e-05,787.0,1022.5
1650497782,0.0,0.002451558,0.0,1.767277717590332e-05,1.7434358596801758e-05,1442.0,1980.0
1650497783,0.0,0.002451558,0.0,1.767277717590332e-05,1.7434358596801758e-05,1442.0,1980.0
1650497784,0.0,0.001258496,0.0,1.767277717590332e-05,1.7434358596801758e-05,721.5,990.0
1650497785,0.0,0.001258496,0.0,1.767277717590332e-05,1.7434358596801758e-05,721.5,990.0
1650497786,0.0,0.0012406455,0.0,1.767277717590332e-05,1.7434358596801758e-05,721.5,990.0
1650497787,0.0,0.0012406455,0.0,1.767277717590332e-05,1.7434358596801758e-05,721.5,990.0
1650497788,0.0,0.001419258,0.0,1.7523765563964844e-05,1.728534698486328e-05,787.0,1350.0
1650497789,0.0,0.002450733,0.0,1.767277717590332e-05,1.7434358596801758e-05,1514.0,1806.0
1650497790,0.0,0.002450733,0.0,1.767277717590332e-05,1.7434358596801758e-05,1514.0,1806.0
1650497791,0.0,0.0021477725,0.0,1.767277717590332e-05,1.7434358596801758e-05,1334.0,1715.0
1650497792,0.0,0.0021477725,0.0,1.767277717590332e-05,1.7434358596801758e-05,1334.0,1715.0
1650497793,0.0,0.001177774,0.0,1.773238182067871e-05,1.749396324157715e-05,721.0,990.0
1650497794,0.0,0.001904014,0.0,1.767277717590332e-05,1.7434358596801758e-05,962.0,1318.0
1650497795,0.0,0.000821176,0.0,1.773238182067871e-05,1.749396324157715e-05,481.0,660.0
1650497796,0.0,0.001654491,0.0,1.767277717590332e-05,1.7434358596801758e-05,962.0,1319.0
1650497797,0.0,0.001654491,0.0,1.767277717590332e-05,1.7434358596801758e-05,962.0,1319.0
1650497798,0.0,0.000894715,0.0,1.767277717590332e-05,1.7434358596801758e-05,481.0,1350.5
1650497799,0.0,0.002768829,0.0,1.767277717590332e-05,1.7434358596801758e-05,1513.0,2001.0
1650497800,0.0,0.002768829,0.0,1.767277717590332e-05,1.7434358596801758e-05,1513.0,2001.0
1650497801,0.0,0.001606233,0.0,1.8417835235595703e-05,1.817941665649414e-05,1160.0,1419.0
1650497802,0.0,0.001606233,0.0,1.8417835235595703e-05,1.817941665649414e-05,1160.0,1419.0
1650497803,0.0,0.00091464,0.0,1.767277717590332e-05,1.7434358596801758e-05,501.5,679.0
1650497804,0.0,0.00091464,0.0,1.767277717590332e-05,1.7434358596801758e-05,501.5,679.0
1650497805,0.0,0.0012403905,0.0,1.7702579498291016e-05,1.7464160919189453e-05,721.5,989.0
1650497806,0.0,0.004719523,0.0,1.7762184143066406e-05,1.7523765563964844e-05,2404.0,3298.0
1650497807,0.0,0.004719523,0.0,1.7762184143066406e-05,1.7523765563964844e-05,2404.0,3298.0
1650497808,0.0,0.0004816255,0.0,1.767277717590332e-05,1.7434358596801758e-05,240.5,1357.5
1650497809,0.0,0.001638427,0.0,1.767277717590332e-05,1.7434358596801758e-05,961.0,1320.0
1650497810,0.0,0.00198307,0.0,1.7523765563964844e-05,1.728534698486328e-05,1094.0,1584.0
1650497811,0.0,0.002259981,0.0,1.767277717590332e-05,1.7434358596801758e-05,1514.0,1806.0
1650497812,0.0,0.002259981,0.0,1.767277717590332e-05,1.7434358596801758e-05,1514.0,1806.0
1650497813,0.005,0.00226622,0.0,1.767277717590332e-05,1.7434358596801758e-05,1334.5,1714.0
1650497814,0.0,0.001603654,0.0,1.767277717590332e-05,1.7434358596801758e-05,962.0,1320.0
1650497815,0.0,0.001603654,0.0,1.767277717590332e-05,1.7434358596801758e-05,962.0,1320.0
1650497816,0.0,0.001316179,0.0,1.7702579498291016e-05,1.7464160919189453e-05,720.5,989.0
1650497817,0.0,0.001316179,0.0,1.7702579498291016e-05,1.7464160919189453e-05,720.5,989.0
1650497818,0.0,0.001296238,0.0,1.7881393432617188e-05,1.7642974853515625e-05,721.5,1531.5
1650497819,0.0,0.00170946,0.0,1.7702579498291016e-05,1.7464160919189453e-05,962.0,1320.0
1650497820,0.0,0.001805256,0.0,1.7464160919189453e-05,1.722574234008789e-05,1094.0,1584.0
1650497821,0.0,0.001805256,0.0,1.7464160919189453e-05,1.722574234008789e-05,1094.0,1584.0
1650497822,0.0,0.0020745015,0.005,1.767277717590332e-05,1.7434358596801758e-05,1369.5,1629.0
1650497823,0.0,0.000883334,0.0,1.7702579498291016e-05,1.7464160919189453e-05,481.0,660.0
1650497824,0.0,0.000883334,0.0,1.7702579498291016e-05,1.7464160919189453e-05,481.0,660.0
1650497825,0.0,0.000813663,0.0,1.767277717590332e-05,1.7434358596801758e-05,480.5,659.0
1650497826,0.01,0.003392485,0.0,1.767277717590332e-05,1.7434358596801758e-05,1924.0,2640.0
1650497827,0.0,0.001718251,0.0,1.767277717590332e-05,1.7434358596801758e-05,961.0,1777.0
1650497828,0.0,0.001718251,0.0,1.767277717590332e-05,1.7434358596801758e-05,961.0,1777.0
1650497829,0.0,0.0008274625,0.005,1.767277717590332e-05,1.7434358596801758e-05,481.0,657.5
1650497830,0.0,0.001702353,0.0,1.767277717590332e-05,1.7434358596801758e-05,960.0,1318.0
1650497831,0.0,0.001702353,0.0,1.767277717590332e-05,1.7434358596801758e-05,960.0,1318.0
1650497832,0.0,0.0021065355,0.0,1.767277717590332e-05,1.7434358596801758e-05,1238.0,1661.5
1650497833,0.0,0.0021065355,0.0,1.767277717590332e-05,1.7434358596801758e-05,1238.0,1661.5
1650497834,0.005,0.0017191105,0.0,1.767277717590332e-05,1.7434358596801758e-05,1159.5,1419.0
1650497835,0.0,0.000734308,0.0,1.767277717590332e-05,1.7434358596801758e-05,481.0,660.0
1650497836,0.0,0.000734308,0.0,1.767277717590332e-05,1.7434358596801758e-05,481.0,660.0
1650497837,0.0,0.001712785,0.0,1.767277717590332e-05,1.7434358596801758e-05,961.0,1317.5
1650497838,0.0,0.000988285,0.0,1.767277717590332e-05,1.7434358596801758e-05,480.0,1739.0
1650497839,0.0,0.000988285,0.0,1.767277717590332e-05,1.7434358596801758e-05,480.0,1739.0
1650497840,0.0,0.0012431585,0.0,1.767277717590332e-05,1.7434358596801758e-05,721.5,988.0
1650497841,0.0,0.002593963,0.0,1.7762184143066406e-05,1.7523765563964844e-05,1443.0,1980.0
1650497842,0.0,0.002593963,0.0,1.7762184143066406e-05,1.7523765563964844e-05,1443.0,1980.0
1650497843,0.0,0.0016559175,0.0,1.767277717590332e-05,1.7434358596801758e-05,996.5,1332.0
1650497844,0.0,0.002383107,0.0,1.767277717590332e-05,1.7434358596801758e-05,1838.0,2178.0
1650497845,0.0,0.002383107,0.0,1.767277717590332e-05,1.7434358596801758e-05,1838.0,2178.0
1650497846,0.0,0.0011871495,0.0,1.767277717590332e-05,1.7434358596801758e-05,721.5,990.0
1650497847,0.0,0.000908185,0.0,1.767277717590332e-05,1.7434358596801758e-05,481.0,1119.0
1650497848,0.0,0.000908185,0.0,1.767277717590332e-05,1.7434358596801758e-05,481.0,1119.0
1650497849,0.0,0.0012217445,0.0,1.767277717590332e-05,1.7434358596801758e-05,721.0,990.0
1650497850,0.0,0.00262016,0.0,1.7702579498291016e-05,1.7464160919189453e-05,1443.0,1978.0
1650497851,0.0,0.00262016,0.0,1.7702579498291016e-05,1.7464160919189453e-05,1443.0,1978.0
1650497852,0.0,0.0012330635,0.0,1.7702579498291016e-05,1.7464160919189453e-05,721.0,989.5
1650497853,0.0,0.001163063,0.01,1.7464160919189453e-05,1.722574234008789e-05,655.0,966.0
1650497854,0.0,0.002805262,0.0,1.773238182067871e-05,1.749396324157715e-05,1514.0,1806.0
1650497855,0.0,0.002805262,0.0,1.773238182067871e-05,1.749396324157715e-05,1514.0,1806.0
1650497856,0.0,0.0008771895,0.0,1.767277717590332e-05,1.7434358596801758e-05,613.0,726.0
1650497857,0.0,0.0008771895,0.0,1.767277717590332e-05,1.7434358596801758e-05,613.0,726.0
1650497858,0.005,0.0014192515,0.0,1.7702579498291016e-05,1.7464160919189453e-05,721.0,1687.5
1650497859,0.0,0.003177207,0.0,1.767277717590332e-05,1.7434358596801758e-05,1924.0,2640.0
1650497860,0.0,0.003177207,0.0,1.767277717590332e-05,1.7434358596801758e-05,1924.0,2640.0
1650497861,0.0,0.0007972655,0.0,1.7702579498291016e-05,1.7464160919189453e-05,481.0,659.0
1650497862,0.0,0.002815304,0.0,1.767277717590332e-05,1.7434358596801758e-05,1441.0,1978.0
1650497863,0.0,0.002815304,0.0,1.767277717590332e-05,1.7434358596801758e-05,1441.0,1978.0
1650497864,0.0,0.001046327,0.0,1.7464160919189453e-05,1.722574234008789e-05,547.0,792.0
1650497865,0.01,0.003241499,0.0,1.773238182067871e-05,1.749396324157715e-05,2125.0,2529.0
1650497866,0.01,0.003241499,0.0,1.773238182067871e-05,1.749396324157715e-05,2125.0,2529.0
1650497867,0.0,0.001319543,0.0,1.767277717590332e-05,1.7434358596801758e-05,787.5,1719.0
1650497868,0.01,0.00247126,0.01,1.767277717590332e-05,1.7434358596801758e-05,1443.0,1980.0
1650497869,0.01,0.00247126,0.01,1.767277717590332e-05,1.7434358596801758e-05,1443.0,1980.0
1650497870,0.0,0.001309074,0.0,1.7702579498291016e-05,1.7464160919189453e-05,721.5,989.5
1650497871,0.0,0.002479834,0.0,1.767277717590332e-05,1.7434358596801758e-05,1443.0,1979.0
1650497872,0.0,0.002479834,0.0,1.767277717590332e-05,1.7434358596801758e-05,1443.0,1979.0
1650497873,0.0,0.000391088,0.0,1.767277717590332e-05,1.7434358596801758e-05,240.5,329.5
1650497874,0.0,0.003689482,0.0,1.767277717590332e-05,1.7434358596801758e-05,1922.0,2640.0
1650497875,0.0,0.003689482,0.0,1.767277717590332e-05,1.7434358596801758e-05,1922.0,2640.0
1650497876,0.0,0.002110691,0.0,1.773238182067871e-05,1.749396324157715e-05,1370.0,1728.0
1650497877,0.0,0.0009229,0.01,1.767277717590332e-05,1.7434358596801758e-05,613.0,1818.0
1650497878,0.0,0.001674577,0.0,1.767277717590332e-05,1.7434358596801758e-05,962.0,1320.0
1650497879,0.0,0.000917905,0.0,1.767277717590332e-05,1.7434358596801758e-05,481.0,660.0
1650497880,0.0,0.000917905,0.0,1.767277717590332e-05,1.7434358596801758e-05,481.0,660.0
1650497881,0.0,0.00085779,0.0,1.7702579498291016e-05,1.7464160919189453e-05,480.5,659.5
1650497882,0.0,0.00085779,0.0,1.7702579498291016e-05,1.7464160919189453e-05,480.5,659.5
1650497883,0.0,0.0012354825,0.0,1.7702579498291016e-05,1.7464160919189453e-05,720.5,990.0
1650497884,0.0,0.001845787,0.0,1.767277717590332e-05,1.7434358596801758e-05,962.0,1320.0
1650497885,0.0,0.001845787,0.0,1.767277717590332e-05,1.7434358596801758e-05,962.0,1320.0
1650497886,0.0,0.0010144845,0.0,1.7464160919189453e-05,1.722574234008789e-05,546.5,791.0
1650497887,0.0,0.003258409,0.0,1.767277717590332e-05,1.7434358596801758e-05,2127.0,3620.0
1650497888,0.0,0.002429992,0.01,1.7702579498291016e-05,1.7464160919189453e-05,1575.0,2044.0
1650497889,0.0,0.002429992,0.01,1.7702579498291016e-05,1.7464160919189453e-05,1575.0,2044.0
1650497890,0.005,0.0008428525,0.0,1.767277717590332e-05,1.7434358596801758e-05,480.5,659.5
1650497891,0.0,0.002553122,0.0,1.767277717590332e-05,1.7434358596801758e-05,1442.0,1980.0
1650497892,0.0,0.000802985,0.0,1.767277717590332e-05,1.7434358596801758e-05,481.0,659.0
1650497893,0.0,0.000802985,0.0,1.767277717590332e-05,1.7434358596801758e-05,481.0,659.0
1650497894,0.0,0.002141285,0.0,1.7702579498291016e-05,1.7464160919189453e-05,1202.5,1650.0
1650497895,0.0,0.000938271,0.0,1.767277717590332e-05,1.7434358596801758e-05,481.0,660.0
1650497896,0.0,0.000938271,0.0,1.767277717590332e-05,1.7434358596801758e-05,481.0,660.0
1650497897,0.0,0.00103689,0.0,1.7464160919189453e-05,1.722574234008789e-05,546.5,1331.0
1650497898,0.0,0.00103689,0.0,1.7464160919189453e-05,1.722574234008789e-05,546.5,1331.0
1650497899,0.0,0.0015978,0.0,1.767277717590332e-05,1.7434358596801758e-05,1063.0,1266.0
1650497900,0.0,0.000752932,0.0,1.767277717590332e-05,1.7434358596801758e-05,613.0,724.0
1650497901,0.0,0.000752932,0.0,1.767277717590332e-05,1.7434358596801758e-05,613.0,724.0
1650497902,0.0,0.0009214965,0.0,1.767277717590332e-05,1.7434358596801758e-05,481.0,659.5
1650497903,0.0,0.002463557,0.0,1.7762184143066406e-05,1.7523765563964844e-05,1484.0,2022.0
1650497904,0.0,0.002641911,0.0,1.767277717590332e-05,1.7434358596801758e-05,1442.0,1978.0
1650497905,0.0,0.002641911,0.0,1.767277717590332e-05,1.7434358596801758e-05,1442.0,1978.0
1650497906,0.005,0.001326894,0.0,1.773238182067871e-05,1.749396324157715e-05,721.5,989.0
1650497907,0.0,0.001806525,0.01,1.773238182067871e-05,1.749396324157715e-05,962.0,2705.0
1650497908,0.0,0.001806525,0.01,1.773238182067871e-05,1.749396324157715e-05,962.0,2705.0
1650497909,0.005,0.0021483835,0.0,1.7762184143066406e-05,1.7523765563964844e-05,1369.0,1726.5
1650497910,0.0,0.001599348,0.0,1.773238182067871e-05,1.749396324157715e-05,1094.0,1386.0
1650497911,0.0,0.002423814,0.0,1.767277717590332e-05,1.7434358596801758e-05,1443.0,1980.0
1650497912,0.0,0.002423814,0.0,1.767277717590332e-05,1.7434358596801758e-05,1443.0,1980.0
1650497913,0.0,0.000397143,0.0,1.767277717590332e-05,1.7434358596801758e-05,240.5,330.0
1650497914,0.0,0.001629531,0.0,1.767277717590332e-05,1.7434358596801758e-05,961.0,1319.0
1650497915,0.0,0.000862487,0.0,1.7702579498291016e-05,1.7464160919189453e-05,481.0,660.0
1650497916,0.0,0.002396963,0.0,1.767277717590332e-05,1.7434358596801758e-05,1443.0,1979.0
1650497917,0.0,0.002396963,0.0,1.767277717590332e-05,1.7434358596801758e-05,1443.0,1979.0
1650497918,0.0,0.000957703,0.0,1.767277717590332e-05,1.7434358596801758e-05,481.0,890.0
1650497919,0.0,0.002855067,0.0,1.767277717590332e-05,1.7434358596801758e-05,1512.0,1998.0
1650497920,0.0,0.00266334,0.01,1.767277717590332e-05,1.7434358596801758e-05,1839.0,2178.0
1650497921,0.0,0.00266334,0.01,1.767277717590332e-05,1.7434358596801758e-05,1839.0,2178.0
1650497922,0.0,0.001152415,0.0,1.767277717590332e-05,1.7434358596801758e-05,721.5,990.0
1650497923,0.0,0.002624979,0.0,1.767277717590332e-05,1.7434358596801758e-05,1442.0,1976.0
1650497924,0.0,0.001729206,0.01,1.767277717590332e-05,1.7434358596801758e-05,962.0,1320.0
1650497925,0.0,0.001729206,0.01,1.767277717590332e-05,1.7434358596801758e-05,962.0,1320.0
1650497926,0.005,0.001784927,0.0,1.767277717590332e-05,1.7434358596801758e-05,961.5,1319.0
1650497927,0.0,0.001884083,0.01,1.7702579498291016e-05,1.7464160919189453e-05,962.0,3985.0
1650497928,0.0,0.001732257,0.0,1.767277717590332e-05,1.7434358596801758e-05,961.0,1317.0
1650497929,0.0,0.005168424,0.0,1.7762184143066406e-05,1.7523765563964844e-05,3351.0,4180.0
1650497930,0.0,0.005168424,0.0,1.7762184143066406e-05,1.7523765563964844e-05,3351.0,4180.0
1650497931,0.0,0.00049708,0.0,1.767277717590332e-05,1.7434358596801758e-05,240.5,330.0
1650497932,0.0,0.00049708,0.0,1.767277717590332e-05,1.7434358596801758e-05,240.5,330.0
1650497933,0.0,0.001198642,0.0,1.767277717590332e-05,1.7434358596801758e-05,721.5,990.0
1650497934,0.0,0.003469635,0.01,1.767277717590332e-05,1.7434358596801758e-05,1923.0,2637.0
1650497935,0.0,0.003469635,0.01,1.767277717590332e-05,1.7434358596801758e-05,1923.0,2637.0
1650497936,0.0,0.0013305765,0.0,1.767277717590332e-05,1.7434358596801758e-05,721.0,989.0
1650497937,0.0,0.0013305765,0.0,1.767277717590332e-05,1.7434358596801758e-05,721.0,989.0
1650497938,0.0,0.0017022485,0.005,1.7762184143066406e-05,1.7523765563964844e-05,961.5,2345.0
1650497939,0.0,0.000837857,0.0,1.767277717590332e-05,1.7434358596801758e-05,481.0,660.0
1650497940,0.0,0.000837857,0.0,1.767277717590332e-05,1.7434358596801758e-05,481.0,660.0
1650497941,0.0,0.001633181,0.0,1.767277717590332e-05,1.7434358596801758e-05,1063.0,1365.0
1650497942,0.0,0.001653925,0.0,1.7702579498291016e-05,1.7464160919189453e-05,1225.0,1452.0
1650497943,0.0,0.001747298,0.0,1.767277717590332e-05,1.7434358596801758e-05,962.0,1320.0
1650497944,0.0,0.001747298,0.0,1.767277717590332e-05,1.7434358596801758e-05,962.0,1320.0
1650497945,0.0,0.001764382,0.0,1.767277717590332e-05,1.7434358596801758e-05,962.0,1320.0
1650497946,0.0,0.001764382,0.0,1.767277717590332e-05,1.7434358596801758e-05,962.0,1320.0
1650497947,0.0,0.0013321755,0.005,1.767277717590332e-05,1.7434358596801758e-05,721.5,1534.5
1650497948,0.0,0.0013321755,0.005,1.767277717590332e-05,1.7434358596801758e-05,721.5,1534.5
1650497949,0.0,0.0004400815,0.0,1.767277717590332e-05,1.7434358596801758e-05,240.5,329.0
1650497950,0.0,0.001916443,0.0,1.7464160919189453e-05,1.722574234008789e-05,1093.0,1583.0
1650497951,0.0,0.001916443,0.0,1.7464160919189453e-05,1.722574234008789e-05,1093.0,1583.0
1650497952,0.005,0.0015428505,0.005,1.767277717590332e-05,1.7434358596801758e-05,1083.5,1286.5
1650497953,0.005,0.0015428505,0.005,1.767277717590332e-05,1.7434358596801758e-05,1083.5,1286.5
1650497954,0.005,0.001791074,0.0,1.767277717590332e-05,1.7434358596801758e-05,1027.0,1353.0
1650497955,0.0,0.001750218,0.0,1.7702579498291016e-05,1.7464160919189453e-05,962.0,1320.0
1650497956,0.0,0.001750218,0.0,1.7702579498291016e-05,1.7464160919189453e-05,962.0,1320.0
1650497957,0.005,0.0016643705,0.0,1.7762184143066406e-05,1.7523765563964844e-05,962.0,1861.5
1650497958,0.005,0.0016643705,0.0,1.7762184143066406e-05,1.7523765563964844e-05,962.0,1861.5
1650497959,0.0,0.001263155,0.0,1.767277717590332e-05,1.7434358596801758e-05,721.0,989.0
1650497960,0.0,0.002533204,0.0,1.767277717590332e-05,1.7434358596801758e-05,1443.0,1980.0
1650497961,0.0,0.002533204,0.0,1.767277717590332e-05,1.7434358596801758e-05,1443.0,1980.0
1650497962,0.005,0.0026934455,0.0,1.767277717590332e-05,1.7434358596801758e-05,1675.5,2090.0
1650497963,0.0,0.000863754,0.0,1.767277717590332e-05,1.7434358596801758e-05,481.0,660.0
1650497964,0.0,0.000863754,0.0,1.767277717590332e-05,1.7434358596801758e-05,481.0,660.0
1650497965,0.0,0.001257593,0.0,1.767277717590332e-05,1.7434358596801758e-05,720.0,986.5
1650497966,0.0,0.003473717,0.0,1.767277717590332e-05,1.7434358596801758e-05,1924.0,2639.0
1650497967,0.0,0.003473717,0.0,1.767277717590332e-05,1.7434358596801758e-05,1924.0,2639.0
1650497968,0.0,0.002593482,0.005,1.767277717590332e-05,1.7434358596801758e-05,1443.0,3005.0
1650497969,0.0,0.002593482,0.005,1.767277717590332e-05,1.7434358596801758e-05,1443.0,3005.0
1650497970,0.0,0.000786395,0.0,1.767277717590332e-05,1.7434358596801758e-05,481.0,660.0
1650497971,0.0,0.001689411,0.0,1.767277717590332e-05,1.7434358596801758e-05,962.0,1320.0
1650497972,0.0,0.001689411,0.0,1.767277717590332e-05,1.7434358596801758e-05,962.0,1320.0
1650497973,0.0,0.0017398845,0.0,1.773238182067871e-05,1.749396324157715e-05,1063.5,1365.0
1650497974,0.0,0.00263244,0.0,1.767277717590332e-05,1.7434358596801758e-05,1706.0,2112.0
1650497975,0.0,0.002462682,0.0,1.767277717590332e-05,1.7434358596801758e-05,1443.0,1979.0
1650497976,0.0,0.002462682,0.0,1.767277717590332e-05,1.7434358596801758e-05,1443.0,1979.0
1650497977,0.0,0.0008498515,0.0,1.7702579498291016e-05,1.7464160919189453e-05,481.0,892.5
1650497978,0.0,0.001865681,0.0,1.767277717590332e-05,1.7434358596801758e-05,962.0,1320.0
1650497979,0.0,0.001865681,0.0,1.767277717590332e-05,1.7434358596801758e-05,962.0,1320.0
1650497980,0.0,0.000857685,0.0,1.767277717590332e-05,1.7434358596801758e-05,480.5,659.0
1650497981,0.0,0.000857685,0.0,1.767277717590332e-05,1.7434358596801758e-05,480.5,659.0
1650497982,0.0,0.0013258625,0.0,1.7702579498291016e-05,1.7464160919189453e-05,721.0,989.0
1650497983,0.0,0.004409077,0.0,1.773238182067871e-05,1.749396324157715e-05,2607.0,3388.0
1650497984,0.0,0.004409077,0.0,1.773238182067871e-05,1.749396324157715e-05,2607.0,3388.0
1650497985,0.0,0.000901302,0.0,1.767277717590332e-05,1.7434358596801758e-05,613.0,726.0
1650497986,0.01,0.002532,0.0,1.773238182067871e-05,1.749396324157715e-05,1441.0,1976.0
1650497987,0.01,0.002532,0.0,1.773238182067871e-05,1.749396324157715e-05,1441.0,1976.0
1650497988,0.0,0.001305105,0.0,1.7702579498291016e-05,1.7464160919189453e-05,721.0,2329.0
1650497989,0.0,0.001305105,0.0,1.7702579498291016e-05,1.7464160919189453e-05,721.0,2329.0
1650497990,0.0,0.0017230745,0.0,1.767277717590332e-05,1.7434358596801758e-05,962.0,1319.5
1650497991,0.0,0.0017230745,0.0,1.767277717590332e-05,1.7434358596801758e-05,962.0,1319.5
1650497992,0.0,0.001635304,0.0,1.767277717590332e-05,1.7434358596801758e-05,962.0,1319.0
1650497993,0.01,0.002995972,0.0,1.749396324157715e-05,1.7255544662475586e-05,1574.0,2242.0
1650497994,0.01,0.002995972,0.0,1.749396324157715e-05,1.7255544662475586e-05,1574.0,2242.0
1650497995,0.0,0.000745791,0.0,1.7702579498291016e-05,1.7464160919189453e-05,450.5,540.0
1650497996,0.0,0.001634291,0.0,1.767277717590332e-05,1.7434358596801758e-05,1226.0,1449.0
1650497997,0.0,0.001634291,0.0,1.767277717590332e-05,1.7434358596801758e-05,1226.0,1449.0
1650497998,0.0,0.0020788225,0.0,1.7702579498291016e-05,1.7464160919189453e-05,1268.5,2073.0
1650497999,0.0,0.0020788225,0.0,1.7702579498291016e-05,1.7464160919189453e-05,1268.5,2073.0
1650498000,0.0,0.000796684,0.0,1.7702579498291016e-05,1.7464160919189453e-05,480.5,659.5
1650498001,0.0,0.001686167,0.0,1.7702579498291016e-05,1.7464160919189453e-05,962.0,1320.0
1650498002,0.0,0.001686167,0.0,1.7702579498291016e-05,1.7464160919189453e-05,962.0,1320.0
1650498003,0.0,0.00083897,0.0,1.767277717590332e-05,1.7434358596801758e-05,502.0,681.0
1650498004,0.0,0.001636185,0.0,1.767277717590332e-05,1.7434358596801758e-05,961.0,1319.0
1650498005,0.0,0.001636185,0.0,1.767277717590332e-05,1.7434358596801758e-05,961.0,1319.0
1650498006,0.0,0.0024765425,0.0,1.767277717590332e-05,1.7434358596801758e-05,1676.0,2090.5
1650498007,0.0,0.0024765425,0.0,1.767277717590332e-05,1.7434358596801758e-05,1676.0,2090.5
1650498008,0.0,0.001213685,0.0,1.767277717590332e-05,1.7434358596801758e-05,721.5,989.0
1650498009,0.0,0.001213685,0.0,1.767277717590332e-05,1.7434358596801758e-05,721.5,989.0
1650498010,0.0,0.0021721765,0.0,1.7702579498291016e-05,1.7464160919189453e-05,1202.5,1649.0
1650498011,0.01,0.001573097,0.0,1.767277717590332e-05,1.7434358596801758e-05,962.0,1320.0
1650498012,0.01,0.001573097,0.0,1.767277717590332e-05,1.7434358596801758e-05,962.0,1320.0
1650498013,0.0,0.0011413625,0.0,1.767277717590332e-05,1.7434358596801758e-05,721.0,989.5
1650498014,0.0,0.0011413625,0.0,1.767277717590332e-05,1.7434358596801758e-05,721.0,989.5
1650498015,0.0,0.000906667,0.0,1.767277717590332e-05,1.7434358596801758e-05,480.0,659.0
1650498016,0.0,0.001946668,0.0,1.7464160919189453e-05,1.722574234008789e-05,1093.0,1580.0
1650498017,0.0,0.002612203,0.0,1.773238182067871e-05,1.749396324157715e-05,1514.0,2265.0
1650498018,0.0,0.002612203,0.0,1.773238182067871e-05,1.749396324157715e-05,1514.0,2265.0
1650498019,0.005,0.00140404,0.005,1.767277717590332e-05,1.7434358596801758e-05,853.5,1055.5
1650498020,0.0,0.000817512,0.0,1.767277717590332e-05,1.7434358596801758e-05,481.0,660.0
1650498021,0.0,0.000817512,0.0,1.767277717590332e-05,1.7434358596801758e-05,481.0,660.0
1650498022,0.0,0.0025934075,0.0,1.767277717590332e-05,1.7434358596801758e-05,1442.0,1979.5
1650498023,0.0,0.003226372,0.0,1.767277717590332e-05,1.7434358596801758e-05,1924.0,2640.0
1650498024,0.0,0.003226372,0.0,1.767277717590332e-05,1.7434358596801758e-05,1924.0,2640.0
1650498025,0.0,0.000822308,0.0,1.7762184143066406e-05,1.7523765563964844e-05,481.0,660.0
1650498026,0.0,0.000822308,0.0,1.7762184143066406e-05,1.7523765563964844e-05,481.0,660.0
1650498027,0.0,0.0008969385,0.0,1.767277717590332e-05,1.7434358596801758e-05,480.0,658.0
1650498028,0.0,0.002921407,0.0,1.767277717590332e-05,1.7434358596801758e-05,1512.0,3395.0
1650498029,0.0,0.001674516,0.01,1.767277717590332e-05,1.7434358596801758e-05,1226.0,1452.0
1650498030,0.0,0.002581439,0.0,1.767277717590332e-05,1.7434358596801758e-05,1575.0,2045.0
1650498031,0.0,0.002581439,0.0,1.767277717590332e-05,1.7434358596801758e-05,1575.0,2045.0
1650498032,0.0,0.0011833775,0.0,1.767277717590332e-05,1.7434358596801758e-05,721.5,990.0
1650498033,0.0,0.0011833775,0.0,1.767277717590332e-05,1.7434358596801758e-05,721.5,990.0
1650498034,0.0,0.0017753165,0.0,1.767277717590332e-05,1.7434358596801758e-05,961.5,1319.5
1650498035,0.01,0.003297448,0.0,1.767277717590332e-05,1.7434358596801758e-05,1923.0,2638.0
1650498036,0.01,0.003297448,0.0,1.767277717590332e-05,1.7434358596801758e-05,1923.0,2638.0
1650498037,0.0,0.001424222,0.0,1.767277717590332e-05,1.7434358596801758e-05,721.5,1863.5
1650498038,0.0,0.001424222,0.0,1.767277717590332e-05,1.7434358596801758e-05,721.5,1863.5
1650498039,0.005,0.001253822,0.0,1.767277717590332e-05,1.7434358596801758e-05,757.0,1002.0
1650498040,0.0,0.004065618,0.0,1.767277717590332e-05,1.7434358596801758e-05,2801.0,3498.0
1650498041,0.0,0.004065618,0.0,1.767277717590332e-05,1.7434358596801758e-05,2801.0,3498.0
1650498042,0.0,0.0007886525,0.0,1.767277717590332e-05,1.7434358596801758e-05,481.0,660.0
1650498043,0.0,0.0007886525,0.0,1.767277717590332e-05,1.7434358596801758e-05,481.0,660.0
1650498044,0.005,0.0016905445,0.0,1.767277717590332e-05,1.7434358596801758e-05,961.0,1319.0
1650498045,0.0,0.000784416,0.0,1.767277717590332e-05,1.7434358596801758e-05,481.0,660.0
1650498046,0.0,0.001581086,0.0,1.767277717590332e-05,1.7434358596801758e-05,961.0,1320.0
1650498047,0.0,0.001581086,0.0,1.767277717590332e-05,1.7434358596801758e-05,961.0,1320.0
1650498048,0.005,0.0013050325,0.0,1.773238182067871e-05,1.749396324157715e-05,721.0,1530.0
1650498049,0.0,0.00344464,0.0,1.767277717590332e-05,1.7434358596801758e-05,1994.0,2664.0
1650498050,0.0,0.00344464,0.0,1.767277717590332e-05,1.7434358596801758e-05,1994.0,2664.0
1650498051,0.0,0.001766612,0.0,1.767277717590332e-05,1.7434358596801758e-05,1160.0,1418.5
1650498052,0.0,0.001589703,0.0,1.767277717590332e-05,1.7434358596801758e-05,1003.0,1362.0
1650498053,0.0,0.001589703,0.0,1.767277717590332e-05,1.7434358596801758e-05,1003.0,1362.0
1650498054,0.0,0.001623459,0.0,1.767277717590332e-05,1.7434358596801758e-05,961.5,1320.0
1650498055,0.0,0.001623459,0.0,1.767277717590332e-05,1.7434358596801758e-05,961.5,1320.0
1650498056,0.0,0.0021381345,0.0,1.767277717590332e-05,1.7434358596801758e-05,1200.5,1645.0
1650498057,0.0,0.002498704,0.0,1.7702579498291016e-05,1.7464160919189453e-05,1443.0,3377.0
1650498058,0.0,0.002498704,0.0,1.7702579498291016e-05,1.7464160919189453e-05,1443.0,3377.0
1650498059,0.0,0.001199829,0.0,1.767277717590332e-05,1.7434358596801758e-05,721.5,990.0
1650498060,0.0,0.001199829,0.0,1.767277717590332e-05,1.7434358596801758e-05,721.5,990.0
1650498061,0.0,0.002124153,0.0,1.767277717590332e-05,1.7434358596801758e-05,1369.5,1727.5
1650498062,0.0,0.00166039,0.0,1.767277717590332e-05,1.7434358596801758e-05,1094.0,1385.0
1650498063,0.0,0.002786842,0.0,1.7762184143066406e-05,1.7523765563964844e-05,1440.0,1977.0
1650498064,0.0,0.002786842,0.0,1.7762184143066406e-05,1.7523765563964844e-05,1440.0,1977.0
1650498065,0.0,0.000877448,0.0,1.767277717590332e-05,1.7434358596801758e-05,480.5,660.0
1650498066,0.0,0.000877448,0.0,1.767277717590332e-05,1.7434358596801758e-05,480.5,660.0
1650498067,0.0,0.001392463,0.0,1.767277717590332e-05,1.7434358596801758e-05,721.5,1692.0
1650498068,0.0,0.000816718,0.0,1.767277717590332e-05,1.7434358596801758e-05,480.0,660.0
1650498069,0.0,0.001645465,0.0,1.767277717590332e-05,1.7434358596801758e-05,962.0,1320.0
1650498070,0.0,0.001908559,0.0,1.7464160919189453e-05,1.722574234008789e-05,1094.0,1583.0
1650498071,0.0,0.001908559,0.0,1.7464160919189453e-05,1.722574234008789e-05,1094.0,1583.0
1650498072,0.0,0.001546653,0.0,1.767277717590332e-05,1.7434358596801758e-05,1063.0,1266.0
1650498073,0.0,0.001546653,0.0,1.767277717590332e-05,1.7434358596801758e-05,1063.0,1266.0
1650498074,0.0,0.0007974025,0.0,1.767277717590332e-05,1.7434358596801758e-05,547.0,693.0
1650498075,0.0,0.0007974025,0.0,1.767277717590332e-05,1.7434358596801758e-05,547.0,693.0
1650498076,0.0,0.001384591,0.0,1.7702579498291016e-05,1.7464160919189453e-05,720.5,987.5
1650498077,0.0,0.00173462,0.0,1.767277717590332e-05,1.7434358596801758e-05,962.0,2097.0
1650498078,0.0,0.00173462,0.0,1.767277717590332e-05,1.7434358596801758e-05,962.0,2097.0
1650498079,0.0,0.001720202,0.005,1.767277717590332e-05,1.7434358596801758e-05,962.0,1320.0
1650498080,0.0,0.000824545,0.0,1.767277717590332e-05,1.7434358596801758e-05,481.0,660.0
1650498081,0.0,0.000824545,0.0,1.767277717590332e-05,1.7434358596801758e-05,481.0,660.0
1650498082,0.005,0.002313621,0.0,1.767277717590332e-05,1.7434358596801758e-05,1237.0,1659.0
1650498083,0.005,0.002313621,0.0,1.767277717590332e-05,1.7434358596801758e-05,1237.0,1659.0
1650498084,0.0,0.0012675845,0.0,1.767277717590332e-05,1.7434358596801758e-05,919.5,1089.0
1650498085,0.0,0.002748123,0.0,1.767277717590332e-05,1.7434358596801758e-05,1442.0,1974.0
1650498086,0.0,0.002748123,0.0,1.767277717590332e-05,1.7434358596801758e-05,1442.0,1974.0
1650498087,0.0,0.000779409,0.0,1.767277717590332e-05,1.7434358596801758e-05,480.5,660.0
1650498088,0.0,0.001752603,0.0,1.767277717590332e-05,1.7434358596801758e-05,962.0,2713.0
1650498089,0.0,0.001752603,0.0,1.767277717590332e-05,1.7434358596801758e-05,962.0,2713.0
1650498090,0.0,0.0013994255,0.0,1.767277717590332e-05,1.7434358596801758e-05,721.0,990.0
1650498091,0.0,0.0013994255,0.0,1.767277717590332e-05,1.7434358596801758e-05,721.0,990.0
1650498092,0.0,0.001186007,0.0,1.767277717590332e-05,1.7434358596801758e-05,721.5,989.0
1650498093,0.0,0.006507606,0.0,1.767277717590332e-05,1.7434358596801758e-05,4312.0,5500.0
1650498094,0.0,0.006507606,0.0,1.767277717590332e-05,1.7434358596801758e-05,4312.0,5500.0
1650498095,0.0,0.001194149,0.0,1.773238182067871e-05,1.749396324157715e-05,721.5,988.0
1650498096,0.0,0.001546801,0.0,1.767277717590332e-05,1.7434358596801758e-05,962.0,1320.0
1650498097,0.0,0.001546801,0.0,1.767277717590332e-05,1.7434358596801758e-05,962.0,1320.0
1650498098,0.0,0.0008344205,0.005,1.767277717590332e-05,1.7434358596801758e-05,481.0,1047.0
1650498099,0.0,0.001642351,0.0,1.767277717590332e-05,1.7434358596801758e-05,962.0,1319.0
1650498100,0.0,0.000779393,0.0,1.767277717590332e-05,1.7434358596801758e-05,480.0,660.0
1650498101,0.0,0.00278932,0.0,1.767277717590332e-05,1.7434358596801758e-05,1443.0,1980.0
1650498102,0.0,0.001983682,0.0,1.7464160919189453e-05,1.722574234008789e-05,1136.0,1626.0
1650498103,0.0,0.001983682,0.0,1.7464160919189453e-05,1.722574234008789e-05,1136.0,1626.0
1650498104,0.0,0.001129686,0.0,1.767277717590332e-05,1.7434358596801758e-05,757.0,902.5
1650498105,0.0,0.001129686,0.0,1.767277717590332e-05,1.7434358596801758e-05,757.0,902.5
1650498106,0.0,0.0016817215,0.0,1.767277717590332e-05,1.7434358596801758e-05,1093.0,1385.0
1650498107,0.0,0.0016817215,0.0,1.767277717590332e-05,1.7434358596801758e-05,1093.0,1385.0
1650498108,0.005,0.00135031,0.0,1.767277717590332e-05,1.7434358596801758e-05,721.5,1527.5
1650498109,0.0,0.003206828,0.0,1.767277717590332e-05,1.7434358596801758e-05,1923.0,2638.0
1650498110,0.0,0.001740694,0.01,1.767277717590332e-05,1.7434358596801758e-05,962.0,1320.0
1650498111,0.0,0.001740694,0.01,1.767277717590332e-05,1.7434358596801758e-05,962.0,1320.0
1650498112,0.0,0.0011799425,0.0,1.773238182067871e-05,1.749396324157715e-05,721.5,989.5
1650498113,0.0,0.001601093,0.0,1.767277717590332e-05,1.7434358596801758e-05,962.0,1318.0
1650498114,0.0,0.001601093,0.0,1.767277717590332e-05,1.7434358596801758e-05,962.0,1318.0
1650498115,0.0,0.0018352405,0.0,1.767277717590332e-05,1.7434358596801758e-05,1063.5,1364.5
1650498116,0.01,0.001875084,0.0,1.773238182067871e-05,1.749396324157715e-05,1225.0,1447.0
1650498117,0.01,0.001875084,0.0,1.773238182067871e-05,1.749396324157715e-05,1225.0,1447.0
1650498118,0.0,0.001723865,0.0,1.767277717590332e-05,1.7434358596801758e-05,961.5,2015.5
1650498119,0.0,0.001723865,0.0,1.767277717590332e-05,1.7434358596801758e-05,961.5,2015.5
1650498120,0.0,0.0013229795,0.0,1.773238182067871e-05,1.749396324157715e-05,721.5,988.5
1650498121,0.0,0.0013229795,0.0,1.773238182067871e-05,1.749396324157715e-05,721.5,988.5
1650498122,0.0,0.0017484195,0.0,1.7762184143066406e-05,1.7523765563964844e-05,962.0,1319.5
1650498123,0.01,0.002423804,0.0,1.767277717590332e-05,1.7434358596801758e-05,1443.0,1978.0
1650498124,0.01,0.002423804,0.0,1.767277717590332e-05,1.7434358596801758e-05,1443.0,1978.0
1650498125,0.0,0.002101556,0.0,1.767277717590332e-05,1.7434358596801758e-05,1304.0,1695.0
1650498126,0.0,0.002375406,0.0,1.767277717590332e-05,1.7434358596801758e-05,1706.0,2112.0
1650498127,0.0,0.002375406,0.0,1.767277717590332e-05,1.7434358596801758e-05,1706.0,2112.0
1650498128,0.0,0.000461919,0.0,1.767277717590332e-05,1.7434358596801758e-05,240.5,1022.0
1650498129,0.0,0.001703869,0.0,1.767277717590332e-05,1.7434358596801758e-05,962.0,1320.0
1650498130,0.0,0.002675363,0.0,1.773238182067871e-05,1.749396324157715e-05,1443.0,1980.0
1650498131,0.0,0.002675363,0.0,1.773238182067871e-05,1.749396324157715e-05,1443.0,1980.0
1650498132,0.0,0.0012771965,0.0,1.767277717590332e-05,1.7434358596801758e-05,721.5,989.5
1650498133,0.0,0.001871988,0.0,1.767277717590332e-05,1.7434358596801758e-05,962.0,1320.0
1650498134,0.0,0.001871988,0.0,1.767277717590332e-05,1.7434358596801758e-05,962.0,1320.0
1650498135,0.0,0.001269502,0.0,1.767277717590332e-05,1.7434358596801758e-05,721.5,989.0
1650498136,0.01,0.004249399,0.01,1.767277717590332e-05,1.7434358596801758e-05,2740.0,3456.0
1650498137,0.01,0.004249399,0.01,1.767277717590332e-05,1.7434358596801758e-05,2740.0,3456.0
1650498138,0.0,0.0015747895,0.0,1.7881393432617188e-05,1.7642974853515625e-05,1028.0,2376.5
1650498139,0.0,0.001060992,0.0,1.767277717590332e-05,1.7434358596801758e-05,480.0,658.0
1650498140,0.0,0.002493359,0.0,1.7702579498291016e-05,1.7464160919189453e-05,1440.0,1980.0
1650498141,0.0,0.000790814,0.0,1.767277717590332e-05,1.7434358596801758e-05,481.0,659.0
1650498142,0.0,0.000790814,0.0,1.767277717590332e-05,1.7434358596801758e-05,481.0,659.0
1650498143,0.0,0.0013053605,0.0,1.767277717590332e-05,1.7434358596801758e-05,721.5,988.5
1650498144,0.0,0.0013053605,0.0,1.767277717590332e-05,1.7434358596801758e-05,721.5,988.5
1650498145,0.0,0.0008441875,0.0,1.767277717590332e-05,1.7434358596801758e-05,481.0,660.0
1650498146,0.0,0.003490064,0.0,1.767277717590332e-05,1.7434358596801758e-05,2127.0,2729.0
1650498147,0.0,0.003490064,0.0,1.767277717590332e-05,1.7434358596801758e-05,2127.0,2729.0
1650498148,0.0,0.0017659685,0.0,1.773238182067871e-05,1.749396324157715e-05,1092.5,1929.5
1650498149,0.0,0.0017659685,0.0,1.773238182067871e-05,1.749396324157715e-05,1092.5,1929.5
1650498150,0.0,0.00127177,0.0,1.767277717590332e-05,1.7434358596801758e-05,721.5,990.0
1650498151,0.0,0.001737068,0.01,1.767277717590332e-05,1.7434358596801758e-05,961.0,1318.0
1650498152,0.0,0.001650157,0.0,1.767277717590332e-05,1.7434358596801758e-05,1004.0,1361.0
1650498153,0.0,0.001650157,0.0,1.767277717590332e-05,1.7434358596801758e-05,1004.0,1361.0
1650498154,0.0,0.001473909,0.0,1.767277717590332e-05,1.7434358596801758e-05,721.5,989.5
1650498155,0.0,0.002396511,0.0,1.767277717590332e-05,1.7434358596801758e-05,1443.0,1980.0
1650498156,0.0,0.002396511,0.0,1.767277717590332e-05,1.7434358596801758e-05,1443.0,1980.0
1650498157,0.0,0.001127805,0.005,1.7464160919189453e-05,1.722574234008789e-05,547.0,791.5
1650498158,0.0,0.001690734,0.0,1.7702579498291016e-05,1.7464160919189453e-05,901.0,3431.0
1650498159,0.0,0.001662809,0.0,1.767277717590332e-05,1.7434358596801758e-05,1226.0,1451.0
1650498160,0.0,0.002475046,0.0,1.767277717590332e-05,1.7434358596801758e-05,1575.0,2044.0
1650498161,0.0,0.003344356,0.0,1.767277717590332e-05,1.7434358596801758e-05,1924.0,2638.0
1650498162,0.0,0.003344356,0.0,1.767277717590332e-05,1.7434358596801758e-05,1924.0,2638.0
1650498163,0.0,0.0021254595,0.0,1.767277717590332e-05,1.7434358596801758e-05,1202.0,1650.0
1650498164,0.0,0.002569885,0.0,1.767277717590332e-05,1.7434358596801758e-05,1442.0,1980.0
1650498165,0.0,0.002569885,0.0,1.767277717590332e-05,1.7434358596801758e-05,1442.0,1980.0
1650498166,0.0,0.0011888855,0.0,1.7702579498291016e-05,1.7464160919189453e-05,721.5,990.0
1650498167,0.0,0.002099572,0.0,1.7464160919189453e-05,1.722574234008789e-05,1094.0,2357.0
1650498168,0.0,0.002099572,0.0,1.7464160919189453e-05,1.722574234008789e-05,1094.0,2357.0
1650498169,0.0,0.0011353565,0.0,1.767277717590332e-05,1.7434358596801758e-05,757.0,903.0
1650498170,0.0,0.001645475,0.01,1.767277717590332e-05,1.7434358596801758e-05,1226.0,1451.0
1650498171,0.0,0.001645475,0.01,1.767277717590332e-05,1.7434358596801758e-05,1226.0,1451.0
1650498172,0.0,0.0013080735,0.0,1.7702579498291016e-05,1.7464160919189453e-05,721.0,988.0
1650498173,0.0,0.0013080735,0.0,1.7702579498291016e-05,1.7464160919189453e-05,721.0,988.0
1650498174,0.0,0.0003720705,0.0,1.767277717590332e-05,1.7434358596801758e-05,240.5,330.0
1650498175,0.0,0.0003720705,0.0,1.767277717590332e-05,1.7434358596801758e-05,240.5,330.0
1650498176,0.0,0.0016539835,0.0,1.767277717590332e-05,1.7434358596801758e-05,961.5,1320.0
1650498177,0.0,0.000829662,0.0,1.767277717590332e-05,1.7434358596801758e-05,481.0,660.0
1650498178,0.0,0.001648559,0.0,1.767277717590332e-05,1.7434358596801758e-05,962.0,1784.0
1650498179,0.0,0.001648559,0.0,1.767277717590332e-05,1.7434358596801758e-05,962.0,1784.0
1650498180,0.005,0.0023440915,0.005,1.767277717590332e-05,1.7434358596801758e-05,1370.0,1726.5
1650498181,0.0,0.000766601,0.0,1.767277717590332e-05,1.7434358596801758e-05,613.0,726.0
1650498182,0.0,0.000766601,0.0,1.767277717590332e-05,1.7434358596801758e-05,613.0,726.0
1650498183,0.0,0.0021213835,0.0,1.767277717590332e-05,1.7434358596801758e-05,1202.0,1647.5
1650498184,0.0,0.001660328,0.0,1.767277717590332e-05,1.7434358596801758e-05,961.0,1320.0
1650498185,0.0,0.001660328,0.0,1.767277717590332e-05,1.7434358596801758e-05,961.0,1320.0
1650498186,0.0,0.0015799795,0.0,1.767277717590332e-05,1.7434358596801758e-05,961.5,1320.0
1650498187,0.0,0.0015799795,0.0,1.767277717590332e-05,1.7434358596801758e-05,961.5,1320.0
1650498188,0.0,0.0021121745,0.005,1.767277717590332e-05,1.7434358596801758e-05,1202.5,2347.0
1650498189,0.0,0.0021121745,0.005,1.767277717590332e-05,1.7434358596801758e-05,1202.5,2347.0
1650498190,0.0,0.0009426725,0.0,1.7464160919189453e-05,1.722574234008789e-05,547.0,792.0
1650498191,0.0,0.003372206,0.0,1.767277717590332e-05,1.7434358596801758e-05,2126.0,2530.0
1650498192,0.0,0.003372206,0.0,1.767277717590332e-05,1.7434358596801758e-05,2126.0,2530.0
1650498193,0.0,0.0009096865,0.0,1.767277717590332e-05,1.7434358596801758e-05,546.0,692.0
1650498194,0.0,0.001572472,0.0,1.767277717590332e-05,1.7434358596801758e-05,962.0,1320.0
1650498195,0.0,0.001572472,0.0,1.767277717590332e-05,1.7434358596801758e-05,962.0,1320.0
1650498196,0.0,0.0013011395,0.0,1.767277717590332e-05,1.7434358596801758e-05,721.0,989.0
1650498197,0.0,0.0013011395,0.0,1.767277717590332e-05,1.7434358596801758e-05,721.0,989.0
1650498198,0.0,0.0016972665,0.005,1.767277717590332e-05,1.7434358596801758e-05,962.0,2192.0
1650498199,0.0,0.00166467,0.0,1.767277717590332e-05,1.7434358596801758e-05,962.0,1319.0
1650498200,0.0,0.001917742,0.0,1.7464160919189453e-05,1.722574234008789e-05,1094.0,1584.0
1650498201,0.0,0.001917742,0.0,1.7464160919189453e-05,1.722574234008789e-05,1094.0,1584.0
1650498202,0.0,0.001182525,0.0,1.767277717590332e-05,1.7434358596801758e-05,757.0,903.0
1650498203,0.01,0.001662275,0.0,1.7702579498291016e-05,1.7464160919189453e-05,1267.0,1494.0
1650498204,0.0,0.003242315,0.0,1.767277717590332e-05,1.7434358596801758e-05,1924.0,2640.0
1650498205,0.0,0.000844113,0.0,1.767277717590332e-05,1.7434358596801758e-05,481.0,660.0
1650498206,0.0,0.001692612,0.0,1.767277717590332e-05,1.7434358596801758e-05,962.0,1320.0
1650498207,0.0,0.001692612,0.0,1.767277717590332e-05,1.7434358596801758e-05,962.0,1320.0
1650498208,0.0,0.0012029545,0.0,1.767277717590332e-05,1.7434358596801758e-05,721.5,1378.0
1650498209,0.0,0.000805045,0.0,1.767277717590332e-05,1.7434358596801758e-05,481.0,660.0
1650498210,0.0,0.001621933,0.01,1.767277717590332e-05,1.7434358596801758e-05,962.0,1320.0
1650498211,0.0,0.001621933,0.01,1.767277717590332e-05,1.7434358596801758e-05,962.0,1320.0
1650498212,0.0,0.0022531035,0.0,1.7464160919189453e-05,1.722574234008789e-05,1268.0,1779.5
1650498213,0.0,0.0022531035,0.0,1.7464160919189453e-05,1.722574234008789e-05,1268.0,1779.5
1650498214,0.0,0.001589347,0.0,1.767277717590332e-05,1.7434358596801758e-05,1063.0,1266.0
1650498215,0.01,0.001693869,0.0,1.767277717590332e-05,1.7434358596801758e-05,1094.0,1386.0
1650498216,0.0,0.001721204,0.0,1.767277717590332e-05,1.7434358596801758e-05,961.0,1320.0
1650498217,0.0,0.001721204,0.0,1.767277717590332e-05,1.7434358596801758e-05,961.0,1320.0
1650498218,0.005,0.0008482005,0.0,1.7702579498291016e-05,1.7464160919189453e-05,481.0,892.5
1650498219,0.0,0.000768866,0.0,1.767277717590332e-05,1.7434358596801758e-05,481.0,660.0
1650498220,0.0,0.000768866,0.0,1.767277717590332e-05,1.7434358596801758e-05,481.0,660.0
1650498221,0.0,0.000868603,0.0,1.767277717590332e-05,1.7434358596801758e-05,480.5,659.0
1650498222,0.0,0.001924444,0.0,1.767277717590332e-05,1.7434358596801758e-05,961.0,1318.0
1650498223,0.0,0.001924444,0.0,1.767277717590332e-05,1.7434358596801758e-05,961.0,1318.0
1650498224,0.0,0.002555973,0.005,1.767277717590332e-05,1.7434358596801758e-05,1478.5,1990.5
1650498225,0.0,0.002555973,0.005,1.767277717590332e-05,1.7434358596801758e-05,1478.5,1990.5
1650498226,0.0,0.0020341355,0.0,1.767277717590332e-05,1.7434358596801758e-05,1399.5,1747.5
1650498227,0.0,0.00184052,0.0,1.7702579498291016e-05,1.7464160919189453e-05,962.0,2401.0
1650498228,0.0,0.001705758,0.0,1.767277717590332e-05,1.7434358596801758e-05,962.0,1320.0
1650498229,0.0,0.001705758,0.0,1.767277717590332e-05,1.7434358596801758e-05,962.0,1320.0
1650498230,0.0,0.000414757,0.0,1.767277717590332e-05,1.7434358596801758e-05,240.5,328.5
1650498231,0.0,0.001690073,0.0,1.767277717590332e-05,1.7434358596801758e-05,961.0,1319.0
1650498232,0.01,0.001858201,0.0,1.7762184143066406e-05,1.7523765563964844e-05,961.0,1318.0
1650498233,0.01,0.001858201,0.0,1.7762184143066406e-05,1.7523765563964844e-05,961.0,1318.0
1650498234,0.0,0.0008920785,0.0,1.767277717590332e-05,1.7434358596801758e-05,480.5,659.0
1650498235,0.01,0.002595985,0.0,1.767277717590332e-05,1.7434358596801758e-05,1512.0,2004.0
1650498236,0.01,0.002595985,0.0,1.767277717590332e-05,1.7434358596801758e-05,1512.0,2004.0
1650498237,0.0,0.000943102,0.0,1.767277717590332e-05,1.7434358596801758e-05,612.5,1592.0
1650498238,0.0,0.002315632,0.0,1.767277717590332e-05,1.7434358596801758e-05,1575.0,2044.0
1650498239,0.0,0.002315632,0.0,1.767277717590332e-05,1.7434358596801758e-05,1575.0,2044.0
1650498240,0.0,0.002522939,0.005,1.767277717590332e-05,1.7434358596801758e-05,1442.5,1979.0
1650498241,0.0,0.002522939,0.005,1.767277717590332e-05,1.7434358596801758e-05,1442.5,1979.0
1650498242,0.0,0.0015756155,0.0,1.767277717590332e-05,1.7434358596801758e-05,961.5,1320.0
1650498243,0.0,0.0015756155,0.0,1.767277717590332e-05,1.7434358596801758e-05,961.5,1320.0
1650498244,0.0,0.0012025285,0.005,1.767277717590332e-05,1.7434358596801758e-05,720.5,989.5
1650498245,0.0,0.004710356,0.0,1.7702579498291016e-05,1.7464160919189453e-05,2475.0,3322.0
1650498246,0.0,0.004710356,0.0,1.7702579498291016e-05,1.7464160919189453e-05,2475.0,3322.0
1650498247,0.005,0.000929169,0.0,1.767277717590332e-05,1.7434358596801758e-05,613.0,1271.0
1650498248,0.0,0.002529052,0.0,1.773238182067871e-05,1.749396324157715e-05,1575.0,2042.0
1650498249,0.0,0.002529052,0.0,1.773238182067871e-05,1.749396324157715e-05,1575.0,2042.0
1650498250,0.0,0.0016343415,0.005,1.767277717590332e-05,1.7434358596801758e-05,960.5,1320.0
1650498251,0.0,0.001743313,0.0,1.767277717590332e-05,1.7434358596801758e-05,960.0,1315.0
1650498252,0.0,0.001743313,0.0,1.767277717590332e-05,1.7434358596801758e-05,960.0,1315.0
1650498253,0.0,0.001288256,0.0,1.767277717590332e-05,1.7434358596801758e-05,742.0,1009.5
1650498254,0.0,0.001288256,0.0,1.767277717590332e-05,1.7434358596801758e-05,742.0,1009.5
1650498255,0.0,0.0008428355,0.0,1.767277717590332e-05,1.7434358596801758e-05,480.5,660.0
1650498256,0.0,0.004355341,0.0,1.767277717590332e-05,1.7434358596801758e-05,2607.0,3388.0
1650498257,0.0,0.004355341,0.0,1.767277717590332e-05,1.7434358596801758e-05,2607.0,3388.0
1650498258,0.0,0.001361378,0.0,1.767277717590332e-05,1.7434358596801758e-05,853.0,1751.0
1650498259,0.0,0.001361378,0.0,1.767277717590332e-05,1.7434358596801758e-05,853.0,1751.0
1650498260,0.0,0.0020682585,0.005,1.7702579498291016e-05,1.7464160919189453e-05,1201.5,1647.5
1650498261,0.0,0.00173277,0.0,1.7702579498291016e-05,1.7464160919189453e-05,962.0,1320.0
1650498262,0.0,0.00173277,0.0,1.7702579498291016e-05,1.7464160919189453e-05,962.0,1320.0
1650498263,0.0,0.001701087,0.0,1.767277717590332e-05,1.7434358596801758e-05,961.5,1319.0
1650498264,0.0,0.002845378,0.0,1.767277717590332e-05,1.7434358596801758e-05,1442.0,1976.0
1650498265,0.0,0.002845378,0.0,1.767277717590332e-05,1.7434358596801758e-05,1442.0,1976.0
1650498266,0.0,0.0004100625,0.0,1.767277717590332e-05,1.7434358596801758e-05,240.5,330.0
1650498267,0.0,0.003531443,0.01,1.7702579498291016e-05,1.7464160919189453e-05,2125.0,4117.0
1650498268,0.0,0.002476941,0.0,1.767277717590332e-05,1.7434358596801758e-05,1706.0,2110.0
1650498269,0.0,0.002476941,0.0,1.767277717590332e-05,1.7434358596801758e-05,1706.0,2110.0
1650498270,0.0,0.0013367055,0.0,1.767277717590332e-05,1.7434358596801758e-05,721.5,990.0
1650498271,0.0,0.0013367055,0.0,1.767277717590332e-05,1.7434358596801758e-05,721.5,990.0
1650498272,0.0,0.001314966,0.0,1.7702579498291016e-05,1.7464160919189453e-05,720.0,989.0
1650498273,0.01,0.00329587,0.0,1.7702579498291016e-05,1.7464160919189453e-05,1923.0,2638.0
1650498274,0.01,0.00329587,0.0,1.7702579498291016e-05,1.7464160919189453e-05,1923.0,2638.0
1650498275,0.0,0.001650622,0.0,1.767277717590332e-05,1.7434358596801758e-05,961.5,1319.5
1650498276,0.0,0.001650622,0.0,1.767277717590332e-05,1.7434358596801758e-05,961.5,1319.5
1650498277,0.0,0.0008486245,0.0,1.767277717590332e-05,1.7434358596801758e-05,481.0,660.0
1650498278,0.01,0.00373048,0.01,1.7702579498291016e-05,1.7464160919189453e-05,2127.0,3814.0
1650498279,0.01,0.00373048,0.01,1.7702579498291016e-05,1.7464160919189453e-05,2127.0,3814.0
1650498280,0.0,0.000953748,0.0,1.767277717590332e-05,1.7434358596801758e-05,612.5,725.0
1650498281,0.0,0.001675041,0.0,1.767277717590332e-05,1.7434358596801758e-05,962.0,1320.0
1650498282,0.0,0.001851984,0.0,1.767277717590332e-05,1.7434358596801758e-05,960.0,1318.0
1650498283,0.0,0.001851984,0.0,1.767277717590332e-05,1.7434358596801758e-05,960.0,1318.0
1650498284,0.0,0.00087923,0.0,1.767277717590332e-05,1.7434358596801758e-05,481.0,660.0
1650498285,0.0,0.0023871,0.0,1.773238182067871e-05,1.749396324157715e-05,1443.0,1980.0
1650498286,0.0,0.0023871,0.0,1.773238182067871e-05,1.749396324157715e-05,1443.0,1980.0
1650498287,0.0,0.0012991235,0.0,1.767277717590332e-05,1.7434358596801758e-05,721.0,1861.0
1650498288,0.0,0.0012991235,0.0,1.767277717590332e-05,1.7434358596801758e-05,721.0,1861.0
1650498289,0.0,0.001259509,0.0,1.767277717590332e-05,1.7434358596801758e-05,756.5,1002.0
1650498290,0.0,0.001814918,0.0,1.773238182067871e-05,1.749396324157715e-05,1226.0,1452.0
1650498291,0.0,0.001814918,0.0,1.773238182067871e-05,1.749396324157715e-05,1226.0,1452.0
1650498292,0.0,0.0008324755,0.0,1.7702579498291016e-05,1.7464160919189453e-05,547.0,693.0
1650498293,0.0,0.0008324755,0.0,1.7702579498291016e-05,1.7464160919189453e-05,547.0,693.0
1650498294,0.005,0.001683127,0.005,1.767277717590332e-05,1.7434358596801758e-05,961.5,1319.0
1650498295,0.005,0.001683127,0.005,1.767277717590332e-05,1.7434358596801758e-05,961.5,1319.0
1650498296,0.0,0.0012464,0.0,1.767277717590332e-05,1.7434358596801758e-05,721.5,990.0
1650498297,0.0,0.001877672,0.0,1.767277717590332e-05,1.7434358596801758e-05,961.0,2090.0
1650498298,0.0,0.001877672,0.0,1.767277717590332e-05,1.7434358596801758e-05,961.0,2090.0
1650498299,0.0,0.0016958345,0.0,1.7881393432617188e-05,1.7642974853515625e-05,997.5,1331.0
1650498300,0.0,0.0016958345,0.0,1.7881393432617188e-05,1.7642974853515625e-05,997.5,1331.0
1650498301,0.0,0.0004325385,0.0,1.7702579498291016e-05,1.7464160919189453e-05,306.5,362.5
1650498302,0.0,0.001746981,0.0,1.767277717590332e-05,1.7434358596801758e-05,1268.0,1494.0
1650498303,0.01,0.001656024,0.0,1.767277717590332e-05,1.7434358596801758e-05,962.0,1320.0
1650498304,0.01,0.001656024,0.0,1.767277717590332e-05,1.7434358596801758e-05,962.0,1320.0
1650498305,0.0,0.0012910745,0.0,1.7702579498291016e-05,1.7464160919189453e-05,721.0,990.0
1650498306,0.0,0.001544955,0.0,1.767277717590332e-05,1.7434358596801758e-05,962.0,1319.0
1650498307,0.0,0.002640393,0.0,1.7702579498291016e-05,1.7464160919189453e-05,1443.0,2750.0
1650498308,0.0,0.000807205,0.0,1.7702579498291016e-05,1.7464160919189453e-05,481.0,658.0
1650498309,0.0,0.000807205,0.0,1.7702579498291016e-05,1.7464160919189453e-05,481.0,658.0
1650498310,0.0,0.0014664285,0.0,1.7464160919189453e-05,1.722574234008789e-05,787.5,1121.5
1650498311,0.0,0.0014664285,0.0,1.7464160919189453e-05,1.722574234008789e-05,787.5,1121.5
1650498312,0.0,0.001592567,0.0,1.767277717590332e-05,1.7434358596801758e-05,1063.5,1265.5
1650498313,0.0,0.002481069,0.0,1.767277717590332e-05,1.7434358596801758e-05,1575.0,2045.0
1650498314,0.0,0.002481069,0.0,1.767277717590332e-05,1.7434358596801758e-05,1575.0,2045.0
1650498315,0.0,0.0008608815,0.0,1.7702579498291016e-05,1.7464160919189453e-05,481.0,660.0
1650498316,0.0,0.0008608815,0.0,1.7702579498291016e-05,1.7464160919189453e-05,481.0,660.0
1650498317,0.005,0.0016665615,0.005,1.7702579498291016e-05,1.7464160919189453e-05,961.5,1320.0
1650498318,0.0,0.001851895,0.0,1.7702579498291016e-05,1.7464160919189453e-05,962.0,2399.0
1650498319,0.0,0.002412839,0.0,1.7702579498291016e-05,1.7464160919189453e-05,1443.0,1980.0
1650498320,0.0,0.002412839,0.0,1.7702579498291016e-05,1.7464160919189453e-05,1443.0,1980.0
1650498321,0.0,0.000962651,0.0,1.7464160919189453e-05,1.722574234008789e-05,546.5,791.5
1650498322,0.0,0.000962651,0.0,1.7464160919189453e-05,1.722574234008789e-05,546.5,791.5
1650498323,0.0,0.0016128335,0.0,1.767277717590332e-05,1.7434358596801758e-05,1063.5,1265.0
1650498324,0.0,0.001071733,0.0,1.767277717590332e-05,1.7434358596801758e-05,612.0,724.0
1650498325,0.0,0.001071733,0.0,1.767277717590332e-05,1.7434358596801758e-05,612.0,724.0
1650498326,0.0,0.001625696,0.0,1.7702579498291016e-05,1.7464160919189453e-05,962.0,1319.5
1650498327,0.0,0.002502991,0.01,1.767277717590332e-05,1.7434358596801758e-05,1443.0,2749.0
1650498328,0.0,0.002502991,0.01,1.767277717590332e-05,1.7434358596801758e-05,1443.0,2749.0
1650498329,0.0,0.0004204035,0.0,1.7702579498291016e-05,1.7464160919189453e-05,240.5,330.0
1650498330,0.0,0.001672873,0.0,1.767277717590332e-05,1.7434358596801758e-05,962.0,1320.0
1650498331,0.0,0.001672873,0.0,1.767277717590332e-05,1.7434358596801758e-05,962.0,1320.0
1650498332,0.005,0.001748485,0.0,1.7762184143066406e-05,1.7523765563964844e-05,997.5,1331.5
1650498333,0.0,0.000859116,0.0,1.773238182067871e-05,1.749396324157715e-05,613.0,726.0
1650498334,0.0,0.001587112,0.0,1.773238182067871e-05,1.749396324157715e-05,1226.0,1450.0
1650498335,0.0,0.001587112,0.0,1.773238182067871e-05,1.749396324157715e-05,1226.0,1450.0
1650498336,0.0,0.001209699,0.0,1.767277717590332e-05,1.7434358596801758e-05,721.0,990.0
1650498337,0.0,0.002556716,0.0,1.767277717590332e-05,1.7434358596801758e-05,1442.0,2758.0
1650498338,0.0,0.002556716,0.0,1.767277717590332e-05,1.7434358596801758e-05,1442.0,2758.0
1650498339,0.0,0.001194806,0.0,1.767277717590332e-05,1.7434358596801758e-05,721.5,988.5
1650498340,0.0,0.001194806,0.0,1.767277717590332e-05,1.7434358596801758e-05,721.5,988.5
1650498341,0.0,0.000791864,0.0,1.767277717590332e-05,1.7434358596801758e-05,481.0,660.0
1650498342,0.0,0.004638309,0.0,1.7702579498291016e-05,1.7464160919189453e-05,2810.0,3783.0
1650498343,0.0,0.004638309,0.0,1.7702579498291016e-05,1.7464160919189453e-05,2810.0,3783.0
1650498344,0.0,0.001559777,0.0,1.767277717590332e-05,1.7434358596801758e-05,992.5,1187.0
1650498345,0.0,0.001559777,0.0,1.767277717590332e-05,1.7434358596801758e-05,992.5,1187.0
1650498346,0.0,0.001217758,0.005,1.767277717590332e-05,1.7434358596801758e-05,721.0,988.5
1650498347,0.0,0.003448129,0.0,1.767277717590332e-05,1.7434358596801758e-05,1923.0,3410.0
1650498348,0.0,0.003448129,0.0,1.767277717590332e-05,1.7434358596801758e-05,1923.0,3410.0
1650498349,0.0,0.000825105,0.0,1.767277717590332e-05,1.7434358596801758e-05,481.0,660.0
1650498350,0.0,0.000825105,0.0,1.767277717590332e-05,1.7434358596801758e-05,481.0,660.0
1650498351,0.005,0.002173529,0.0,1.767277717590332e-05,1.7434358596801758e-05,1202.5,1649.0
1650498352,0.005,0.002173529,0.0,1.767277717590332e-05,1.7434358596801758e-05,1202.5,1649.0
1650498353,0.0,0.001667292,0.0,1.767277717590332e-05,1.7434358596801758e-05,983.0,1340.0
1650498354,0.0,0.002558415,0.0,1.767277717590332e-05,1.7434358596801758e-05,1514.0,2003.0
1650498355,0.01,0.002442065,0.0,1.767277717590332e-05,1.7434358596801758e-05,1839.0,2178.0
1650498356,0.01,0.002442065,0.0,1.767277717590332e-05,1.7434358596801758e-05,1839.0,2178.0
1650498357,0.0,0.000879472,0.0,1.767277717590332e-05,1.7434358596801758e-05,480.5,659.0
1650498358,0.0,0.001764314,0.0,1.773238182067871e-05,1.749396324157715e-05,962.0,2094.0
1650498359,0.0,0.001643073,0.0,1.767277717590332e-05,1.7434358596801758e-05,961.0,1319.0
1650498360,0.0,0.001643073,0.0,1.767277717590332e-05,1.7434358596801758e-05,961.0,1319.0
1650498361,0.0,0.000916341,0.0,1.767277717590332e-05,1.7434358596801758e-05,481.0,659.5
1650498362,0.0,0.000916341,0.0,1.767277717590332e-05,1.7434358596801758e-05,481.0,659.5
1650498363,0.0,0.0011774725,0.0,1.767277717590332e-05,1.7434358596801758e-05,721.5,989.5
1650498364,0.0,0.001762463,0.0,1.7464160919189453e-05,1.722574234008789e-05,1093.0,1583.0
1650498365,0.0,0.002619873,0.0,1.767277717590332e-05,1.7434358596801758e-05,1513.0,1806.0
1650498366,0.0,0.000930906,0.0,1.767277717590332e-05,1.7434358596801758e-05,613.0,726.0
1650498367,0.0,0.000930906,0.0,1.767277717590332e-05,1.7434358596801758e-05,613.0,726.0
1650498368,0.0,0.001696196,0.0,1.767277717590332e-05,1.7434358596801758e-05,1027.5,1897.5
1650498369,0.0,0.001696196,0.0,1.767277717590332e-05,1.7434358596801758e-05,1027.5,1897.5
1650498370,0.0,0.0016548655,0.0,1.767277717590332e-05,1.7434358596801758e-05,960.5,1320.0
1650498371,0.0,0.0016548655,0.0,1.767277717590332e-05,1.7434358596801758e-05,960.5,1320.0
1650498372,0.0,0.001160609,0.0,1.7702579498291016e-05,1.7464160919189453e-05,720.5,990.0
1650498373,0.0,0.000922599,0.0,1.7702579498291016e-05,1.7464160919189453e-05,480.0,658.0
1650498374,0.0,0.000922599,0.0,1.7702579498291016e-05,1.7464160919189453e-05,480.0,658.0
1650498375,0.005,0.0009222775,0.0,1.767277717590332e-05,1.7434358596801758e-05,480.5,659.0
1650498376,0.005,0.0009222775,0.0,1.767277717590332e-05,1.7434358596801758e-05,480.5,659.0
1650498377,0.0,0.0021617625,0.0,1.7702579498291016e-05,1.7464160919189453e-05,1369.5,1727.0
1650498378,0.0,0.002735919,0.01,1.767277717590332e-05,1.7434358596801758e-05,1574.0,3448.0
1650498379,0.0,0.002423011,0.0,1.7702579498291016e-05,1.7464160919189453e-05,1443.0,1980.0
1650498380,0.0,0.002423011,0.0,1.7702579498291016e-05,1.7464160919189453e-05,1443.0,1980.0
1650498381,0.0,0.0016229105,0.0,1.767277717590332e-05,1.7434358596801758e-05,962.0,1319.5
1650498382,0.0,0.000995386,0.0,1.767277717590332e-05,1.7434358596801758e-05,480.0,657.0
1650498383,0.01,0.004008636,0.0,1.767277717590332e-05,1.7434358596801758e-05,2404.0,3297.0
1650498384,0.0,0.001934361,0.0,1.767277717590332e-05,1.7434358596801758e-05,961.0,1318.0
1650498385,0.0,0.001934361,0.0,1.767277717590332e-05,1.7434358596801758e-05,961.0,1318.0
1650498386,0.0,0.0018171725,0.0,1.767277717590332e-05,1.7434358596801758e-05,997.0,1331.0
1650498387,0.0,0.001022689,0.0,1.767277717590332e-05,1.7434358596801758e-05,613.0,2781.0
1650498388,0.0,0.001022689,0.0,1.767277717590332e-05,1.7434358596801758e-05,613.0,2781.0
1650498389,0.0,0.001271507,0.005,1.767277717590332e-05,1.7434358596801758e-05,853.0,1056.0
1650498390,0.0,0.001271507,0.005,1.767277717590332e-05,1.7434358596801758e-05,853.0,1056.0
1650498391,0.0,0.000901711,0.0,1.7702579498291016e-05,1.7464160919189453e-05,480.5,658.5
1650498392,0.0,0.00085333,0.0,1.767277717590332e-05,1.7434358596801758e-05,481.0,660.0
1650498393,0.0,0.00085333,0.0,1.767277717590332e-05,1.7434358596801758e-05,481.0,660.0
1650498394,0.0,0.0008366475,0.0,1.767277717590332e-05,1.7434358596801758e-05,481.0,660.0
1650498395,0.0,0.001615606,0.0,1.767277717590332e-05,1.7434358596801758e-05,961.0,1320.0
1650498396,0.0,0.002037482,0.0,1.7464160919189453e-05,1.722574234008789e-05,1092.0,1582.0
1650498397,0.0,0.002037482,0.0,1.7464160919189453e-05,1.722574234008789e-05,1092.0,1582.0
1650498398,0.0,0.002107837,0.005,1.767277717590332e-05,1.7434358596801758e-05,1370.0,2171.0
1650498399,0.0,0.001667294,0.0,1.7702579498291016e-05,1.7464160919189453e-05,962.0,1320.0
1650498400,0.0,0.001667294,0.0,1.7702579498291016e-05,1.7464160919189453e-05,962.0,1320.0
1650498401,0.0,0.0008583975,0.0,1.767277717590332e-05,1.7434358596801758e-05,481.0,660.0
1650498402,0.0,0.001737458,0.0,1.767277717590332e-05,1.7434358596801758e-05,1004.0,1362.0
1650498403,0.0,0.001737458,0.0,1.767277717590332e-05,1.7434358596801758e-05,1004.0,1362.0
1650498404,0.0,0.0012450505,0.0,1.767277717590332e-05,1.7434358596801758e-05,721.0,989.5
1650498405,0.0,0.0012450505,0.0,1.767277717590332e-05,1.7434358596801758e-05,721.0,989.5
1650498406,0.0,0.0011909005,0.0,1.767277717590332e-05,1.7434358596801758e-05,721.5,990.0
1650498407,0.0,0.001829625,0.0,1.767277717590332e-05,1.7434358596801758e-05,960.0,1320.0
1650498408,0.0,0.001829625,0.0,1.767277717590332e-05,1.7434358596801758e-05,960.0,1320.0
1650498409,0.0,0.0012992635,0.0,1.767277717590332e-05,1.7434358596801758e-05,757.0,1547.0
1650498410,0.0,0.003311821,0.0,1.7762184143066406e-05,1.7523765563964844e-05,2318.0,2836.0
1650498411,0.0,0.001858107,0.0,1.7702579498291016e-05,1.7464160919189453e-05,962.0,1320.0
1650498412,0.0,0.001858107,0.0,1.7702579498291016e-05,1.7464160919189453e-05,962.0,1320.0
1650498413,0.0,0.00079079,0.0,1.767277717590332e-05,1.7434358596801758e-05,481.0,660.0
1650498414,0.0,0.000818789,0.0,1.7702579498291016e-05,1.7464160919189453e-05,481.0,660.0
1650498415,0.0,0.00162092,0.0,1.767277717590332e-05,1.7434358596801758e-05,961.0,1320.0
1650498416,0.0,0.00162092,0.0,1.767277717590332e-05,1.7434358596801758e-05,961.0,1320.0
1650498417,0.0,0.00094126,0.0,1.767277717590332e-05,1.7434358596801758e-05,479.0,1043.0
1650498418,0.01,0.00344358,0.0,1.7821788787841797e-05,1.7583370208740234e-05,1994.0,2660.0
1650498419,0.01,0.00344358,0.0,1.7821788787841797e-05,1.7583370208740234e-05,1994.0,2660.0
1650498420,0.0,0.002100173,0.0,1.767277717590332e-05,1.7434358596801758e-05,1400.0,1748.0
1650498421,0.0,0.002100173,0.0,1.767277717590332e-05,1.7434358596801758e-05,1400.0,1748.0
1650498422,0.0,0.000441918,0.0,1.767277717590332e-05,1.7434358596801758e-05,240.5,329.0
1650498423,0.0,0.003344221,0.0,1.767277717590332e-05,1.7434358596801758e-05,1923.0,2640.0
1650498424,0.0,0.001719608,0.01,1.7702579498291016e-05,1.7464160919189453e-05,961.0,1317.0
1650498425,0.0,0.000868206,0.0,1.7702579498291016e-05,1.7464160919189453e-05,481.0,660.0
1650498426,0.0,0.002562998,0.0,1.767277717590332e-05,1.7434358596801758e-05,1443.0,1980.0
1650498427,0.0,0.002562998,0.0,1.767277717590332e-05,1.7434358596801758e-05,1443.0,1980.0
1650498428,0.005,0.001286379,0.0,1.767277717590332e-05,1.7434358596801758e-05,721.0,1682.5
1650498429,0.005,0.001286379,0.0,1.767277717590332e-05,1.7434358596801758e-05,721.0,1682.5
1650498430,0.0,0.0017468735,0.0,1.767277717590332e-05,1.7434358596801758e-05,1063.5,1365.0
1650498431,0.0,0.00258276,0.0,1.767277717590332e-05,1.7434358596801758e-05,1707.0,2112.0
1650498432,0.0,0.00258276,0.0,1.767277717590332e-05,1.7434358596801758e-05,1707.0,2112.0
1650498433,0.0,0.0013157575,0.0,1.773238182067871e-05,1.749396324157715e-05,721.5,990.0
1650498434,0.0,0.0013157575,0.0,1.773238182067871e-05,1.749396324157715e-05,721.5,990.0
1650498435,0.0,0.0017876695,0.0,1.767277717590332e-05,1.7434358596801758e-05,961.5,1319.5
1650498436,0.0,0.000859661,0.0,1.7702579498291016e-05,1.7464160919189453e-05,481.0,660.0
1650498437,0.0,0.000859661,0.0,1.7702579498291016e-05,1.7464160919189453e-05,481.0,660.0
1650498438,0.0,0.001279927,0.0,1.767277717590332e-05,1.7434358596801758e-05,721.5,1530.5
1650498439,0.0,0.004469583,0.0,1.7702579498291016e-05,1.7464160919189453e-05,2475.0,3320.0
1650498440,0.0,0.004469583,0.0,1.7702579498291016e-05,1.7464160919189453e-05,2475.0,3320.0
1650498441,0.0,0.000840082,0.0,1.767277717590332e-05,1.7434358596801758e-05,613.0,726.0
1650498442,0.0,0.002448066,0.0,1.767277717590332e-05,1.7434358596801758e-05,1574.0,2044.0
1650498443,0.0,0.002448066,0.0,1.767277717590332e-05,1.7434358596801758e-05,1574.0,2044.0
1650498444,0.0,0.00126142,0.0,1.7702579498291016e-05,1.7464160919189453e-05,721.5,989.5
1650498445,0.0,0.000773903,0.0,1.7702579498291016e-05,1.7464160919189453e-05,481.0,660.0
1650498446,0.0,0.000773903,0.0,1.7702579498291016e-05,1.7464160919189453e-05,481.0,660.0
1650498447,0.0,0.000895354,0.0,1.7702579498291016e-05,1.7464160919189453e-05,481.0,1200.0
1650498448,0.0,0.000895354,0.0,1.7702579498291016e-05,1.7464160919189453e-05,481.0,1200.0
1650498449,0.005,0.0012811255,0.005,1.767277717590332e-05,1.7434358596801758e-05,721.0,990.0
1650498450,0.0,0.000931538,0.0,1.767277717590332e-05,1.7434358596801758e-05,480.0,660.0
1650498451,0.01,0.004201081,0.0,1.7702579498291016e-05,1.7464160919189453e-05,2740.0,3453.0
1650498452,0.01,0.003605652,0.0,1.767277717590332e-05,1.7434358596801758e-05,2096.0,2746.0
1650498453,0.0,0.002450056,0.0,1.7702579498291016e-05,1.7464160919189453e-05,1443.0,1980.0
1650498454,0.0,0.002450056,0.0,1.7702579498291016e-05,1.7464160919189453e-05,1443.0,1980.0
1650498455,0.005,0.000885825,0.0,1.773238182067871e-05,1.749396324157715e-05,481.0,659.0
1650498456,0.005,0.000885825,0.0,1.773238182067871e-05,1.749396324157715e-05,481.0,659.0
1650498457,0.0,0.0020714035,0.0,1.773238182067871e-05,1.749396324157715e-05,1202.0,2192.5
1650498458,0.0,0.003490481,0.01,1.773238182067871e-05,1.749396324157715e-05,1923.0,2633.0
1650498459,0.0,0.003490481,0.01,1.773238182067871e-05,1.749396324157715e-05,1923.0,2633.0
1650498460,0.0,0.0013843585,0.0,1.767277717590332e-05,1.7434358596801758e-05,721.0,990.0
1650498461,0.0,0.0013843585,0.0,1.767277717590332e-05,1.7434358596801758e-05,721.0,990.0
1650498462,0.0,0.0017903595,0.0,1.7702579498291016e-05,1.7464160919189453e-05,997.0,1331.0
1650498463,0.0,0.001904276,0.0,1.767277717590332e-05,1.7434358596801758e-05,1225.0,1452.0
1650498464,0.0,0.001904276,0.0,1.767277717590332e-05,1.7434358596801758e-05,1225.0,1452.0
1650498465,0.0,0.001681847,0.0,1.767277717590332e-05,1.7434358596801758e-05,1027.5,1352.0
1650498466,0.0,0.001681847,0.0,1.767277717590332e-05,1.7434358596801758e-05,1027.5,1352.0
1650498467,0.0,0.0008573035,0.0,1.7702579498291016e-05,1.7464160919189453e-05,480.5,659.0
1650498468,0.0,0.0008573035,0.0,1.7702579498291016e-05,1.7464160919189453e-05,480.5,659.0
1650498469,0.0,0.001327227,0.005,1.767277717590332e-05,1.7434358596801758e-05,720.5,2015.0
1650498470,0.0,0.001327227,0.005,1.767277717590332e-05,1.7434358596801758e-05,720.5,2015.0
1650498471,0.0,0.0017005965,0.0,1.773238182067871e-05,1.749396324157715e-05,962.0,1319.0
1650498472,0.0,0.0018309,0.0,1.7464160919189453e-05,1.722574234008789e-05,1094.0,1584.0
1650498473,0.0,0.0018309,0.0,1.7464160919189453e-05,1.722574234008789e-05,1094.0,1584.0
1650498474,0.0,0.002480931,0.0,1.767277717590332e-05,1.7434358596801758e-05,1609.0,1957.0
1650498475,0.0,0.002480931,0.0,1.767277717590332e-05,1.7434358596801758e-05,1609.0,1957.0
1650498476,0.0,0.001252545,0.0,1.767277717590332e-05,1.7434358596801758e-05,721.0,990.0
1650498477,0.0,0.002642739,0.0,1.767277717590332e-05,1.7434358596801758e-05,1443.0,3711.0
1650498478,0.0,0.001954901,0.0,1.767277717590332e-05,1.7434358596801758e-05,961.0,1318.0
1650498479,0.0,0.001954901,0.0,1.767277717590332e-05,1.7434358596801758e-05,961.0,1318.0
1650498480,0.0,0.0013490285,0.0,1.767277717590332e-05,1.7434358596801758e-05,721.5,988.5
1650498481,0.01,0.00329663,0.0,1.7702579498291016e-05,1.7464160919189453e-05,1923.0,2640.0
1650498482,0.0,0.001537365,0.0,1.767277717590332e-05,1.7434358596801758e-05,962.0,1318.0
1650498483,0.0,0.001537365,0.0,1.767277717590332e-05,1.7434358596801758e-05,962.0,1318.0
1650498484,0.0,0.0012858285,0.005,1.767277717590332e-05,1.7434358596801758e-05,757.0,1002.0
1650498485,0.0,0.004310318,0.0,1.7762184143066406e-05,1.7523765563964844e-05,2799.0,3497.0
1650498486,0.0,0.00166919,0.0,1.7762184143066406e-05,1.7523765563964844e-05,962.0,1320.0
1650498487,0.0,0.00166919,0.0,1.7762184143066406e-05,1.7523765563964844e-05,962.0,1320.0
1650498488,0.0,0.000977651,0.0,1.767277717590332e-05,1.7434358596801758e-05,480.5,1202.0
1650498489,0.0,0.002593327,0.0,1.767277717590332e-05,1.7434358596801758e-05,1440.0,1977.0
1650498490,0.0,0.002593327,0.0,1.767277717590332e-05,1.7434358596801758e-05,1440.0,1977.0
1650498491,0.005,0.000849085,0.0,1.767277717590332e-05,1.7434358596801758e-05,481.0,660.0
1650498492,0.005,0.000849085,0.0,1.767277717590332e-05,1.7434358596801758e-05,481.0,660.0
1650498493,0.0,0.000974187,0.0,1.767277717590332e-05,1.7434358596801758e-05,502.0,681.0
1650498494,0.01,0.001947288,0.0,1.7464160919189453e-05,1.722574234008789e-05,1094.0,1584.0
1650498495,0.01,0.001947288,0.0,1.7464160919189453e-05,1.722574234008789e-05,1094.0,1584.0
1650498496,0.0,0.0021976245,0.0,1.767277717590332e-05,1.7434358596801758e-05,1370.0,1628.5
1650498497,0.0,0.001131059,0.0,1.767277717590332e-05,1.7434358596801758e-05,480.0,3019.0
1650498498,0.0,0.00078825,0.0,1.767277717590332e-05,1.7434358596801758e-05,481.0,660.0
1650498499,0.0,0.00078825,0.0,1.767277717590332e-05,1.7434358596801758e-05,481.0,660.0
1650498500,0.0,0.000802929,0.0,1.767277717590332e-05,1.7434358596801758e-05,481.0,660.0
1650498501,0.0,0.001583241,0.0,1.773238182067871e-05,1.749396324157715e-05,962.0,1320.0
1650498502,0.0,0.001641108,0.0,1.767277717590332e-05,1.7434358596801758e-05,961.0,1318.0
1650498503,0.0,0.001641108,0.0,1.767277717590332e-05,1.7434358596801758e-05,961.0,1318.0
1650498504,0.0,0.0004095055,0.0,1.767277717590332e-05,1.7434358596801758e-05,240.5,330.0
1650498505,0.0,0.000791425,0.01,1.7702579498291016e-05,1.7464160919189453e-05,481.0,660.0
1650498506,0.01,0.006561724,0.0,1.767277717590332e-05,1.7434358596801758e-05,3832.0,4840.0
1650498507,0.01,0.006561724,0.0,1.767277717590332e-05,1.7434358596801758e-05,3832.0,4840.0
1650498508,0.0,0.0004282235,0.0,1.767277717590332e-05,1.7434358596801758e-05,240.5,1031.0
1650498509,0.0,0.0004282235,0.0,1.767277717590332e-05,1.7434358596801758e-05,240.5,1031.0
1650498510,0.0,0.000820089,0.0,1.767277717590332e-05,1.7434358596801758e-05,480.5,660.0
1650498511,0.0,0.001655488,0.0,1.767277717590332e-05,1.7434358596801758e-05,960.0,1319.0
1650498512,0.0,0.001635385,0.0,1.767277717590332e-05,1.7434358596801758e-05,961.0,1320.0
1650498513,0.0,0.001793313,0.0,1.767277717590332e-05,1.7434358596801758e-05,962.0,1320.0
1650498514,0.0,0.001793313,0.0,1.767277717590332e-05,1.7434358596801758e-05,962.0,1320.0
1650498515,0.0,0.0008967165,0.0,1.767277717590332e-05,1.7434358596801758e-05,481.0,659.0
1650498516,0.0,0.0008967165,0.0,1.767277717590332e-05,1.7434358596801758e-05,481.0,659.0
1650498517,0.0,0.001288034,0.0,1.77919864654541e-05,1.755356788635254e-05,757.0,1001.0
1650498518,0.01,0.001795581,0.0,1.767277717590332e-05,1.7434358596801758e-05,1226.0,2537.0
1650498519,0.0,0.003408221,0.0,1.767277717590332e-05,1.7434358596801758e-05,2055.0,2704.0
1650498520,0.0,0.003408221,0.0,1.767277717590332e-05,1.7434358596801758e-05,2055.0,2704.0
1650498521,0.0,0.0008172265,0.0,1.767277717590332e-05,1.7434358596801758e-05,480.5,658.0
1650498522,0.0,0.002470628,0.0,1.767277717590332e-05,1.7434358596801758e-05,1443.0,1980.0
1650498523,0.0,0.002470628,0.0,1.767277717590332e-05,1.7434358596801758e-05,1443.0,1980.0
1650498524,0.0,0.001181177,0.0,1.767277717590332e-05,1.7434358596801758e-05,721.5,989.0
1650498525,0.0,0.001181177,0.0,1.767277717590332e-05,1.7434358596801758e-05,721.5,989.0
1650498526,0.0,0.002046446,0.0,1.767277717590332e-05,1.7434358596801758e-05,1202.5,1649.5
1650498527,0.0,0.004515324,0.0,1.767277717590332e-05,1.7434358596801758e-05,2607.0,5129.0
1650498528,0.0,0.004515324,0.0,1.767277717590332e-05,1.7434358596801758e-05,2607.0,5129.0
1650498529,0.0,0.001208638,0.0,1.767277717590332e-05,1.7434358596801758e-05,853.5,1055.5
1650498530,0.0,0.001208638,0.0,1.767277717590332e-05,1.7434358596801758e-05,853.5,1055.5
1650498531,0.0,0.001670674,0.0,1.7762184143066406e-05,1.7523765563964844e-05,961.5,1319.0
1650498532,0.0,0.001656115,0.0,1.767277717590332e-05,1.7434358596801758e-05,1004.0,1362.0
1650498533,0.0,0.001656115,0.0,1.767277717590332e-05,1.7434358596801758e-05,1004.0,1362.0
1650498534,0.0,0.001635708,0.0,1.767277717590332e-05,1.7434358596801758e-05,961.5,1319.0
1650498535,0.0,0.001635708,0.0,1.767277717590332e-05,1.7434358596801758e-05,961.5,1319.0
1650498536,0.0,0.001242846,0.0,1.767277717590332e-05,1.7434358596801758e-05,721.5,989.0
1650498537,0.0,0.001242846,0.0,1.767277717590332e-05,1.7434358596801758e-05,721.5,989.0
1650498538,0.0,0.0026927975,0.0,1.767277717590332e-05,1.7434358596801758e-05,1478.5,2686.5
1650498539,0.0,0.001746751,0.0,1.767277717590332e-05,1.7434358596801758e-05,1225.0,1452.0
1650498540,0.0,0.001746751,0.0,1.767277717590332e-05,1.7434358596801758e-05,1225.0,1452.0
1650498541,0.0,0.0004391955,0.0,1.767277717590332e-05,1.7434358596801758e-05,306.5,363.0
1650498542,0.0,0.001647021,0.0,1.767277717590332e-05,1.7434358596801758e-05,961.0,1319.0
1650498543,0.0,0.002467989,0.0,1.773238182067871e-05,1.749396324157715e-05,1443.0,1979.0
1650498544,0.0,0.002467989,0.0,1.773238182067871e-05,1.749396324157715e-05,1443.0,1979.0
1650498545,0.0,0.0007634245,0.0,1.767277717590332e-05,1.7434358596801758e-05,480.0,660.0
1650498546,0.0,0.002577745,0.01,1.767277717590332e-05,1.7434358596801758e-05,1443.0,1979.0
1650498547,0.0,0.002577745,0.01,1.767277717590332e-05,1.7434358596801758e-05,1443.0,1979.0
1650498548,0.0,0.0008664085,0.0,1.773238182067871e-05,1.749396324157715e-05,481.0,892.5
1650498549,0.0,0.002499893,0.0,1.77919864654541e-05,1.755356788635254e-05,1514.0,2004.0
1650498550,0.0,0.002499893,0.0,1.77919864654541e-05,1.755356788635254e-05,1514.0,2004.0
1650498551,0.0,0.001296007,0.0,1.767277717590332e-05,1.7434358596801758e-05,919.5,1089.0
1650498552,0.0,0.001296007,0.0,1.767277717590332e-05,1.7434358596801758e-05,919.5,1089.0
1650498553,0.0,0.0007901365,0.0,1.767277717590332e-05,1.7434358596801758e-05,481.0,659.5
1650498554,0.0,0.001765618,0.0,1.767277717590332e-05,1.7434358596801758e-05,962.0,1319.0
1650498555,0.0,0.003149073,0.0,1.767277717590332e-05,1.7434358596801758e-05,1924.0,2640.0
1650498556,0.0,0.002769162,0.0,1.767277717590332e-05,1.7434358596801758e-05,1442.0,1977.0
1650498557,0.0,0.002769162,0.0,1.767277717590332e-05,1.7434358596801758e-05,1442.0,1977.0
1650498558,0.005,0.0013172635,0.0,1.767277717590332e-05,1.7434358596801758e-05,721.0,1686.5
1650498559,0.005,0.0013172635,0.0,1.767277717590332e-05,1.7434358596801758e-05,721.0,1686.5
1650498560,0.005,0.002048854,0.005,1.767277717590332e-05,1.7434358596801758e-05,1237.5,1660.0
1650498561,0.0,0.002728336,0.0,1.773238182067871e-05,1.749396324157715e-05,1837.0,2177.0
1650498562,0.0,0.002728336,0.0,1.773238182067871e-05,1.749396324157715e-05,1837.0,2177.0
1650498563,0.0,0.000367388,0.0,1.767277717590332e-05,1.7434358596801758e-05,240.0,329.0
1650498564,0.0,0.001673334,0.0,1.767277717590332e-05,1.7434358596801758e-05,962.0,1320.0
1650498565,0.0,0.001661074,0.0,1.767277717590332e-05,1.7434358596801758e-05,962.0,1318.0
1650498566,0.0,0.001661074,0.0,1.767277717590332e-05,1.7434358596801758e-05,962.0,1318.0
1650498567,0.0,0.0017999925,0.005,1.767277717590332e-05,1.7434358596801758e-05,962.0,2017.0
1650498568,0.0,0.0017999925,0.005,1.767277717590332e-05,1.7434358596801758e-05,962.0,2017.0
1650498569,0.0,0.0003958835,0.0,1.7702579498291016e-05,1.7464160919189453e-05,240.5,329.5
1650498570,0.0,0.003494885,0.0,1.7702579498291016e-05,1.7464160919189453e-05,1995.0,2662.0
1650498571,0.0,0.003494885,0.0,1.7702579498291016e-05,1.7464160919189453e-05,1995.0,2662.0
1650498572,0.0,0.0012805495,0.0,1.7702579498291016e-05,1.7464160919189453e-05,919.0,1087.0
1650498573,0.0,0.0012805495,0.0,1.7702579498291016e-05,1.7464160919189453e-05,919.0,1087.0
1650498574,0.0,0.001270943,0.0,1.767277717590332e-05,1.7434358596801758e-05,742.5,1011.0
1650498575,0.0,0.0027532,0.0,1.7702579498291016e-05,1.7464160919189453e-05,1443.0,1979.0
1650498576,0.0,0.0027532,0.0,1.7702579498291016e-05,1.7464160919189453e-05,1443.0,1979.0
1650498577,0.005,0.0008612475,0.005,1.767277717590332e-05,1.7434358596801758e-05,480.5,1357.5
1650498578,0.005,0.0008612475,0.005,1.767277717590332e-05,1.7434358596801758e-05,480.5,1357.5
1650498579,0.0,0.0013833925,0.0,1.767277717590332e-05,1.7434358596801758e-05,721.5,990.0
1650498580,0.0,0.002622205,0.01,1.7762184143066406e-05,1.7523765563964844e-05,1443.0,1980.0
1650498581,0.0,0.002622205,0.01,1.7762184143066406e-05,1.7523765563964844e-05,1443.0,1980.0
1650498582,0.005,0.001734031,0.0,1.767277717590332e-05,1.7434358596801758e-05,1063.5,1365.0
1650498583,0.005,0.001734031,0.0,1.767277717590332e-05,1.7434358596801758e-05,1063.5,1365.0
1650498584,0.0,0.0021070805,0.0,1.767277717590332e-05,1.7434358596801758e-05,1333.5,1715.5
1650498585,0.0,0.003285473,0.0,1.767277717590332e-05,1.7434358596801758e-05,1924.0,2640.0
1650498586,0.0,0.002365083,0.0,1.767277717590332e-05,1.7434358596801758e-05,1443.0,1979.0
1650498587,0.0,0.002365083,0.0,1.767277717590332e-05,1.7434358596801758e-05,1443.0,1979.0
1650498588,0.005,0.001362051,0.0,1.767277717590332e-05,1.7434358596801758e-05,721.0,1685.5
1650498589,0.0,0.00160591,0.0,1.7762184143066406e-05,1.7523765563964844e-05,962.0,1319.0
1650498590,0.0,0.00160591,0.0,1.7762184143066406e-05,1.7523765563964844e-05,962.0,1319.0
1650498591,0.0,0.0012181275,0.0,1.767277717590332e-05,1.7434358596801758e-05,721.5,989.5
1650498592,0.01,0.003314294,0.0,1.767277717590332e-05,1.7434358596801758e-05,2126.0,2727.0
1650498593,0.0,0.001696547,0.0,1.767277717590332e-05,1.7434358596801758e-05,1225.0,1452.0
1650498594,0.0,0.001696547,0.0,1.767277717590332e-05,1.7434358596801758e-05,1225.0,1452.0
1650498595,0.0,0.0017397815,0.0,1.767277717590332e-05,1.7434358596801758e-05,961.5,1318.5
1650498596,0.0,0.0017397815,0.0,1.767277717590332e-05,1.7434358596801758e-05,961.5,1318.5
1650498597,0.0,0.000783191,0.0,1.767277717590332e-05,1.7434358596801758e-05,480.5,660.0
1650498598,0.0,0.000783191,0.0,1.767277717590332e-05,1.7434358596801758e-05,480.5,660.0
1650498599,0.0,0.001234422,0.0,1.767277717590332e-05,1.7434358596801758e-05,721.5,1533.5
1650498600,0.0,0.001663714,0.0,1.767277717590332e-05,1.7434358596801758e-05,961.0,1320.0
1650498601,0.0,0.001663714,0.0,1.767277717590332e-05,1.7434358596801758e-05,961.0,1320.0
1650498602,0.0,0.0017871445,0.0,1.7464160919189453e-05,1.722574234008789e-05,1026.5,1449.5
1650498603,0.0,0.003938672,0.0,1.767277717590332e-05,1.7434358596801758e-05,2739.0,3257.0
1650498604,0.0,0.003938672,0.0,1.767277717590332e-05,1.7434358596801758e-05,2739.0,3257.0
1650498605,0.0,0.001743745,0.0,1.773238182067871e-05,1.749396324157715e-05,962.0,1319.0
1650498606,0.0,0.00175092,0.0,1.767277717590332e-05,1.7434358596801758e-05,961.0,1318.0
1650498607,0.0,0.00175092,0.0,1.767277717590332e-05,1.7434358596801758e-05,961.0,1318.0
1650498608,0.0,0.0009197685,0.005,1.767277717590332e-05,1.7434358596801758e-05,481.0,1200.0
1650498609,0.0,0.0009197685,0.005,1.767277717590332e-05,1.7434358596801758e-05,481.0,1200.0
1650498610,0.0,0.0008822245,0.0,1.7702579498291016e-05,1.7464160919189453e-05,480.5,659.0
1650498611,0.0,0.003511308,0.0,1.767277717590332e-05,1.7434358596801758e-05,1923.0,2637.0
1650498612,0.0,0.003511308,0.0,1.767277717590332e-05,1.7434358596801758e-05,1923.0,2637.0
1650498613,0.0,0.0017361225,0.0,1.767277717590332e-05,1.7434358596801758e-05,1018.0,1351.5
1650498614,0.0,0.0017361225,0.0,1.767277717590332e-05,1.7434358596801758e-05,1018.0,1351.5
1650498615,0.0,0.0020682925,0.0,1.767277717590332e-05,1.7434358596801758e-05,1400.0,1748.0
1650498616,0.0,0.0020682925,0.0,1.767277717590332e-05,1.7434358596801758e-05,1400.0,1748.0
1650498617,0.0,0.00080091,0.0,1.7702579498291016e-05,1.7464160919189453e-05,480.5,660.0
1650498618,0.0,0.001712862,0.0,1.767277717590332e-05,1.7434358596801758e-05,962.0,2716.0
1650498619,0.0,0.001712862,0.0,1.767277717590332e-05,1.7434358596801758e-05,962.0,2716.0
1650498620,0.005,0.0009094425,0.0,1.767277717590332e-05,1.7434358596801758e-05,480.5,658.0
1650498621,0.01,0.002585019,0.0,1.767277717590332e-05,1.7434358596801758e-05,1442.0,1977.0
1650498622,0.0,0.001626456,0.0,1.767277717590332e-05,1.7434358596801758e-05,962.0,1320.0
1650498623,0.0,0.001626456,0.0,1.767277717590332e-05,1.7434358596801758e-05,962.0,1320.0
1650498624,0.0,0.0030418465,0.0,1.767277717590332e-05,1.7434358596801758e-05,1851.0,2388.0
1650498625,0.0,0.0030418465,0.0,1.767277717590332e-05,1.7434358596801758e-05,1851.0,2388.0
1650498626,0.0,0.001265629,0.0,1.767277717590332e-05,1.7434358596801758e-05,787.0,1023.0
1650498627,0.0,0.001655654,0.0,1.767277717590332e-05,1.7434358596801758e-05,962.0,2403.0
1650498628,0.0,0.001655654,0.0,1.767277717590332e-05,1.7434358596801758e-05,962.0,2403.0
1650498629,0.0,0.000807388,0.0,1.767277717590332e-05,1.7434358596801758e-05,481.0,659.5
1650498630,0.0,0.001747872,0.0,1.767277717590332e-05,1.7434358596801758e-05,960.0,1316.0
1650498631,0.0,0.005188163,0.01,1.767277717590332e-05,1.7434358596801758e-05,2884.0,3958.0
1650498632,0.0,0.005188163,0.01,1.767277717590332e-05,1.7434358596801758e-05,2884.0,3958.0
1650498633,0.0,0.0008983435,0.0,1.767277717590332e-05,1.7434358596801758e-05,480.5,659.0
1650498634,0.0,0.001980266,0.0,1.7464160919189453e-05,1.722574234008789e-05,1094.0,1583.0
1650498635,0.0,0.002391885,0.01,1.767277717590332e-05,1.7434358596801758e-05,1514.0,1805.0
1650498636,0.0,0.002391885,0.01,1.767277717590332e-05,1.7434358596801758e-05,1514.0,1805.0
1650498637,0.0,0.0013437,0.0,1.773238182067871e-05,1.749396324157715e-05,852.0,1751.0
1650498638,0.0,0.001951217,0.0,1.7762184143066406e-05,1.7523765563964844e-05,961.0,1318.0
1650498639,0.0,0.001951217,0.0,1.7762184143066406e-05,1.7523765563964844e-05,961.0,1318.0
1650498640,0.0,0.0007833065,0.0,1.767277717590332e-05,1.7434358596801758e-05,481.0,659.0
1650498641,0.0,0.000810367,0.0,1.773238182067871e-05,1.749396324157715e-05,480.0,660.0
1650498642,0.01,0.001748165,0.0,1.7702579498291016e-05,1.7464160919189453e-05,962.0,1320.0
1650498643,0.01,0.001748165,0.0,1.7702579498291016e-05,1.7464160919189453e-05,962.0,1320.0
1650498644,0.0,0.000818908,0.0,1.767277717590332e-05,1.7434358596801758e-05,481.0,659.5
1650498645,0.0,0.000818908,0.0,1.767277717590332e-05,1.7434358596801758e-05,481.0,659.5
1650498646,0.0,0.001782376,0.0,1.773238182067871e-05,1.749396324157715e-05,997.0,1330.5
1650498647,0.0,0.001782376,0.0,1.773238182067871e-05,1.749396324157715e-05,997.0,1330.5
1650498648,0.0,0.0013692795,0.0,1.767277717590332e-05,1.7434358596801758e-05,919.5,1474.0
1650498649,0.0,0.001764968,0.0,1.767277717590332e-05,1.7434358596801758e-05,960.0,1318.0
1650498650,0.0,0.001764968,0.0,1.767277717590332e-05,1.7434358596801758e-05,960.0,1318.0
1650498651,0.0,0.002101104,0.0,1.7702579498291016e-05,1.7464160919189453e-05,1202.5,1650.0
1650498652,0.01,0.000823068,0.0,1.767277717590332e-05,1.7434358596801758e-05,523.0,702.0
1650498653,0.01,0.000823068,0.0,1.767277717590332e-05,1.7434358596801758e-05,523.0,702.0
1650498654,0.0,0.0007843545,0.0,1.767277717590332e-05,1.7434358596801758e-05,481.0,659.5
1650498655,0.0,0.001657146,0.0,1.767277717590332e-05,1.7434358596801758e-05,961.0,1320.0
1650498656,0.0,0.001657146,0.0,1.767277717590332e-05,1.7434358596801758e-05,961.0,1320.0
1650498657,0.0,0.0017360805,0.0,1.767277717590332e-05,1.7434358596801758e-05,997.0,1718.5
1650498658,0.0,0.001790382,0.0,1.767277717590332e-05,1.7434358596801758e-05,1226.0,1452.0
1650498659,0.0,0.001790382,0.0,1.767277717590332e-05,1.7434358596801758e-05,1226.0,1452.0
1650498660,0.005,0.001686971,0.0,1.767277717590332e-05,1.7434358596801758e-05,1028.0,1353.0
1650498661,0.0,0.002385079,0.01,1.767277717590332e-05,1.7434358596801758e-05,1442.0,1979.0
1650498662,0.0,0.002385079,0.01,1.767277717590332e-05,1.7434358596801758e-05,1442.0,1979.0
1650498663,0.0,0.0008131935,0.0,1.7702579498291016e-05,1.7464160919189453e-05,481.0,660.0
1650498664,0.0,0.00262697,0.0,1.767277717590332e-05,1.7434358596801758e-05,1443.0,1980.0
1650498665,0.0,0.00262697,0.0,1.767277717590332e-05,1.7434358596801758e-05,1443.0,1980.0
1650498666,0.0,0.0017059845,0.0,1.767277717590332e-05,1.7434358596801758e-05,962.0,1318.5
1650498667,0.0,0.001060741,0.0,1.767277717590332e-05,1.7434358596801758e-05,480.0,1433.0
1650498668,0.0,0.001060741,0.0,1.767277717590332e-05,1.7434358596801758e-05,480.0,1433.0
1650498669,0.0,0.0017068015,0.005,1.767277717590332e-05,1.7434358596801758e-05,1063.5,1363.5
1650498670,0.0,0.001845939,0.0,1.7702579498291016e-05,1.7464160919189453e-05,1226.0,1450.0
1650498671,0.01,0.001588386,0.0,1.767277717590332e-05,1.7434358596801758e-05,962.0,1320.0
1650498672,0.01,0.001588386,0.0,1.767277717590332e-05,1.7434358596801758e-05,962.0,1320.0
1650498673,0.0,0.0021887235,0.005,1.767277717590332e-05,1.7434358596801758e-05,1202.0,1647.5
1650498674,0.0,0.0021887235,0.005,1.767277717590332e-05,1.7434358596801758e-05,1202.0,1647.5
1650498675,0.0,0.0017532865,0.0,1.767277717590332e-05,1.7434358596801758e-05,962.0,1319.5
1650498676,0.0,0.002524571,0.0,1.767277717590332e-05,1.7434358596801758e-05,1442.0,1980.0
1650498677,0.0,0.000934679,0.0,1.767277717590332e-05,1.7434358596801758e-05,481.0,2715.0
1650498678,0.0,0.000934679,0.0,1.767277717590332e-05,1.7434358596801758e-05,481.0,2715.0
1650498679,0.0,0.0009397615,0.0,1.755356788635254e-05,1.7315149307250977e-05,547.0,792.0
1650498680,0.0,0.003321908,0.01,1.767277717590332e-05,1.7434358596801758e-05,2126.0,2528.0
1650498681,0.0,0.003321908,0.01,1.767277717590332e-05,1.7434358596801758e-05,2126.0,2528.0
1650498682,0.0,0.000798779,0.0,1.767277717590332e-05,1.7434358596801758e-05,547.0,693.0
1650498683,0.0,0.00171982,0.0,1.767277717590332e-05,1.7434358596801758e-05,962.0,1320.0
1650498684,0.0,0.00171982,0.0,1.767277717590332e-05,1.7434358596801758e-05,962.0,1320.0
1650498685,0.0,0.0009074375,0.0,1.767277717590332e-05,1.7434358596801758e-05,480.5,660.0
1650498686,0.0,0.002474485,0.0,1.767277717590332e-05,1.7434358596801758e-05,1443.0,1980.0
1650498687,0.0,0.002474485,0.0,1.767277717590332e-05,1.7434358596801758e-05,1443.0,1980.0
1650498688,0.0,0.0016728725,0.0,1.7702579498291016e-05,1.7464160919189453e-05,961.5,1549.0
1650498689,0.0,0.0016728725,0.0,1.7702579498291016e-05,1.7464160919189453e-05,961.5,1549.0
1650498690,0.0,0.001477839,0.005,1.7464160919189453e-05,1.722574234008789e-05,787.0,1121.0
1650498691,0.0,0.00239897,0.0,1.767277717590332e-05,1.7434358596801758e-05,1513.0,1806.0
1650498692,0.0,0.00239897,0.0,1.767277717590332e-05,1.7434358596801758e-05,1513.0,1806.0
1650498693,0.0,0.001269946,0.0,1.7702579498291016e-05,1.7464160919189453e-05,874.0,1077.0
1650498694,0.0,0.001582831,0.0,1.773238182067871e-05,1.749396324157715e-05,962.0,1319.0
1650498695,0.0,0.002481348,0.0,1.767277717590332e-05,1.7434358596801758e-05,1443.0,1980.0
1650498696,0.01,0.000877216,0.0,1.767277717590332e-05,1.7434358596801758e-05,481.0,660.0
1650498697,0.01,0.000877216,0.0,1.767277717590332e-05,1.7434358596801758e-05,481.0,660.0
1650498698,0.0,0.0008713915,0.0,1.767277717590332e-05,1.7434358596801758e-05,481.0,1048.0
1650498699,0.0,0.00094738,0.0,1.767277717590332e-05,1.7434358596801758e-05,481.0,660.0
1650498700,0.0,0.001922853,0.0,1.7464160919189453e-05,1.722574234008789e-05,1094.0,1583.0
1650498701,0.0,0.004156802,0.0,1.773238182067871e-05,1.749396324157715e-05,2739.0,3256.0
1650498702,0.0,0.004156802,0.0,1.773238182067871e-05,1.749396324157715e-05,2739.0,3256.0
1650498703,0.0,0.0016269985,0.005,1.767277717590332e-05,1.7434358596801758e-05,962.0,1320.0
1650498704,0.0,0.001618006,0.0,1.767277717590332e-05,1.7434358596801758e-05,961.0,1320.0
1650498705,0.0,0.004020221,0.0,1.767277717590332e-05,1.7434358596801758e-05,2405.0,3297.0
1650498706,0.0,0.004020221,0.0,1.767277717590332e-05,1.7434358596801758e-05,2405.0,3297.0
1650498707,0.0,0.000945413,0.0,1.7762184143066406e-05,1.7523765563964844e-05,481.0,1046.0
1650498708,0.0,0.000945413,0.0,1.7762184143066406e-05,1.7523765563964844e-05,481.0,1046.0
1650498709,0.0,0.0012209005,0.005,1.767277717590332e-05,1.7434358596801758e-05,721.5,990.0
1650498710,0.0,0.001736206,0.0,1.773238182067871e-05,1.749396324157715e-05,962.0,1320.0
1650498711,0.0,0.001736206,0.0,1.773238182067871e-05,1.749396324157715e-05,962.0,1320.0
1650498712,0.0,0.0009732935,0.0,1.7464160919189453e-05,1.722574234008789e-05,547.0,791.0
1650498713,0.0,0.001499896,0.0,1.767277717590332e-05,1.7434358596801758e-05,901.0,1080.0
1650498714,0.0,0.001580062,0.0,1.767277717590332e-05,1.7434358596801758e-05,1226.0,1452.0
1650498715,0.0,0.001580062,0.0,1.767277717590332e-05,1.7434358596801758e-05,1226.0,1452.0
1650498716,0.0,0.0007743065,0.0,1.767277717590332e-05,1.7434358596801758e-05,547.0,693.0
1650498717,0.0,0.0007743065,0.0,1.767277717590332e-05,1.7434358596801758e-05,547.0,693.0
1650498718,0.0,0.000846461,0.0,1.767277717590332e-05,1.7434358596801758e-05,481.0,660.0
1650498719,0.0,0.002430892,0.01,1.7702579498291016e-05,1.7464160919189453e-05,1443.0,1976.0
1650498720,0.0,0.002430892,0.01,1.7702579498291016e-05,1.7464160919189453e-05,1443.0,1976.0
1650498721,0.0,0.000918641,0.0,1.773238182067871e-05,1.749396324157715e-05,480.5,660.0
1650498722,0.0,0.00330714,0.0,1.7702579498291016e-05,1.7464160919189453e-05,1923.0,2639.0
1650498723,0.0,0.00330714,0.0,1.7702579498291016e-05,1.7464160919189453e-05,1923.0,2639.0
1650498724,0.005,0.0013798505,0.0,1.7702579498291016e-05,1.7464160919189453e-05,757.0,1000.0
1650498725,0.0,0.001782258,0.0,1.773238182067871e-05,1.749396324157715e-05,1225.0,1452.0
1650498726,0.0,0.001782258,0.0,1.773238182067871e-05,1.749396324157715e-05,1225.0,1452.0
1650498727,0.0,0.0009667665,0.005,1.767277717590332e-05,1.7434358596801758e-05,547.0,1231.5
1650498728,0.0,0.001725884,0.0,1.767277717590332e-05,1.7434358596801758e-05,962.0,1320.0
1650498729,0.0,0.002535576,0.0,1.7762184143066406e-05,1.7523765563964844e-05,1443.0,1980.0
1650498730,0.0,0.002535576,0.0,1.7762184143066406e-05,1.7523765563964844e-05,1443.0,1980.0
1650498731,0.0,0.001676607,0.0,1.7702579498291016e-05,1.7464160919189453e-05,961.5,1319.5
1650498732,0.0,0.001676607,0.0,1.7702579498291016e-05,1.7464160919189453e-05,961.5,1319.5
1650498733,0.005,0.000828295,0.0,1.767277717590332e-05,1.7434358596801758e-05,502.0,681.0
1650498734,0.0,0.000783402,0.0,1.767277717590332e-05,1.7434358596801758e-05,481.0,660.0
1650498735,0.0,0.002553322,0.0,1.767277717590332e-05,1.7434358596801758e-05,1514.0,2004.0
1650498736,0.0,0.002553322,0.0,1.767277717590332e-05,1.7434358596801758e-05,1514.0,2004.0
1650498737,0.0,0.000430923,0.0,1.767277717590332e-05,1.7434358596801758e-05,306.0,363.0
1650498738,0.0,0.002700362,0.0,1.767277717590332e-05,1.7434358596801758e-05,1707.0,2112.0
1650498739,0.0,0.002700362,0.0,1.767277717590332e-05,1.7434358596801758e-05,1707.0,2112.0
1650498740,0.0,0.0016454105,0.0,1.767277717590332e-05,1.7434358596801758e-05,962.0,1319.5
1650498741,0.0,0.0016454105,0.0,1.767277717590332e-05,1.7434358596801758e-05,962.0,1319.5
1650498742,0.0,0.0012969145,0.0,1.767277717590332e-05,1.7434358596801758e-05,721.5,990.0
1650498743,0.0,0.0012969145,0.0,1.767277717590332e-05,1.7434358596801758e-05,721.5,990.0
1650498744,0.0,0.00115326,0.0,1.767277717590332e-05,1.7434358596801758e-05,721.5,990.0
1650498745,0.0,0.00115326,0.0,1.767277717590332e-05,1.7434358596801758e-05,721.5,990.0
1650498746,0.0,0.000949008,0.0,1.7464160919189453e-05,1.722574234008789e-05,547.0,792.0
1650498747,0.0,0.004251583,0.0,1.767277717590332e-05,1.7434358596801758e-05,2740.0,3720.0
1650498748,0.0,0.004251583,0.0,1.767277717590332e-05,1.7434358596801758e-05,2740.0,3720.0
1650498749,0.0,0.00085199,0.0,1.767277717590332e-05,1.7434358596801758e-05,481.0,660.0
1650498750,0.0,0.003289701,0.01,1.767277717590332e-05,1.7434358596801758e-05,1924.0,2640.0
1650498751,0.0,0.003289701,0.01,1.767277717590332e-05,1.7434358596801758e-05,1924.0,2640.0
1650498752,0.0,0.000430912,0.0,1.767277717590332e-05,1.7434358596801758e-05,240.5,330.0
1650498753,0.0,0.002463661,0.0,1.767277717590332e-05,1.7434358596801758e-05,1443.0,1979.0
1650498754,0.0,0.002463661,0.0,1.767277717590332e-05,1.7434358596801758e-05,1443.0,1979.0
1650498755,0.0,0.00036983,0.0,1.767277717590332e-05,1.7434358596801758e-05,240.5,330.0
1650498756,0.0,0.00036983,0.0,1.767277717590332e-05,1.7434358596801758e-05,240.5,330.0
1650498757,0.005,0.001734978,0.0,1.7464160919189453e-05,1.722574234008789e-05,1028.0,1450.5
1650498758,0.0,0.002611805,0.0,1.767277717590332e-05,1.7434358596801758e-05,1514.0,2268.0
1650498759,0.0,0.002611805,0.0,1.767277717590332e-05,1.7434358596801758e-05,1514.0,2268.0
1650498760,0.0,0.0010255025,0.0,1.7702579498291016e-05,1.7464160919189453e-05,612.5,724.0
1650498761,0.01,0.000921528,0.0,1.767277717590332e-05,1.7434358596801758e-05,481.0,660.0
1650498762,0.01,0.000921528,0.0,1.767277717590332e-05,1.7434358596801758e-05,481.0,660.0
1650498763,0.0,0.000936528,0.0,1.767277717590332e-05,1.7434358596801758e-05,480.5,659.0
1650498764,0.0,0.002723444,0.0,1.767277717590332e-05,1.7434358596801758e-05,1443.0,1980.0
1650498765,0.0,0.001735509,0.0,1.773238182067871e-05,1.749396324157715e-05,962.0,1320.0
1650498766,0.0,0.001735509,0.0,1.773238182067871e-05,1.749396324157715e-05,962.0,1320.0
1650498767,0.0,0.0009323325,0.005,1.767277717590332e-05,1.7434358596801758e-05,481.0,660.0
1650498768,0.0,0.000980896,0.0,1.767277717590332e-05,1.7434358596801758e-05,481.0,2707.0
1650498769,0.0,0.000980896,0.0,1.767277717590332e-05,1.7434358596801758e-05,481.0,2707.0
1650498770,0.0,0.0013022315,0.0,1.767277717590332e-05,1.7434358596801758e-05,757.0,1002.0
1650498771,0.0,0.002820298,0.0,1.767277717590332e-05,1.7434358596801758e-05,1839.0,2178.0
1650498772,0.0,0.002820298,0.0,1.767277717590332e-05,1.7434358596801758e-05,1839.0,2178.0
1650498773,0.0,0.001296233,0.0,1.767277717590332e-05,1.7434358596801758e-05,721.5,990.0
1650498774,0.0,0.001639739,0.0,1.773238182067871e-05,1.749396324157715e-05,961.0,1320.0
1650498775,0.0,0.001639739,0.0,1.773238182067871e-05,1.749396324157715e-05,961.0,1320.0
1650498776,0.0,0.001235044,0.0,1.767277717590332e-05,1.7434358596801758e-05,721.0,990.0
1650498777,0.0,0.000948972,0.0,1.767277717590332e-05,1.7434358596801758e-05,481.0,1748.0
1650498778,0.0,0.001843812,0.0,1.767277717590332e-05,1.7434358596801758e-05,962.0,1320.0
1650498779,0.0,0.001843812,0.0,1.767277717590332e-05,1.7434358596801758e-05,962.0,1320.0
1650498780,0.0,0.001852197,0.005,1.7881393432617188e-05,1.7642974853515625e-05,1062.5,1364.0
1650498781,0.0,0.001852197,0.005,1.7881393432617188e-05,1.7642974853515625e-05,1062.5,1364.0
1650498782,0.0,0.00124349,0.0,1.767277717590332e-05,1.7434358596801758e-05,853.0,1055.0
1650498783,0.0,0.001691829,0.0,1.773238182067871e-05,1.749396324157715e-05,1073.0,1362.0
1650498784,0.0,0.001677704,0.0,1.767277717590332e-05,1.7434358596801758e-05,961.0,1318.0
1650498785,0.0,0.000745531,0.0,1.767277717590332e-05,1.7434358596801758e-05,481.0,660.0
1650498786,0.0,0.000745531,0.0,1.767277717590332e-05,1.7434358596801758e-05,481.0,660.0
1650498787,0.0,0.001717719,0.0,1.7702579498291016e-05,1.7464160919189453e-05,961.0,1860.5
1650498788,0.0,0.001717719,0.0,1.7702579498291016e-05,1.7464160919189453e-05,961.0,1860.5
1650498789,0.0,0.001286443,0.005,1.767277717590332e-05,1.7434358596801758e-05,720.5,989.0
1650498790,0.0,0.002708672,0.0,1.767277717590332e-05,1.7434358596801758e-05,1514.0,2004.0
1650498791,0.0,0.002708672,0.0,1.767277717590332e-05,1.7434358596801758e-05,1514.0,2004.0
1650498792,0.0,0.001272861,0.0,1.767277717590332e-05,1.7434358596801758e-05,919.0,1089.0
1650498793,0.0,0.001272861,0.0,1.767277717590332e-05,1.7434358596801758e-05,919.0,1089.0
1650498794,0.0,0.000871847,0.0,1.767277717590332e-05,1.7434358596801758e-05,481.0,660.0
1650498795,0.01,0.001850506,0.0,1.767277717590332e-05,1.7434358596801758e-05,961.0,1318.0
1650498796,0.0,0.002849894,0.0,1.767277717590332e-05,1.7434358596801758e-05,1441.0,1978.0
1650498797,0.0,0.001850118,0.0,1.767277717590332e-05,1.7434358596801758e-05,962.0,3376.0
1650498798,0.0,0.000806929,0.0,1.767277717590332e-05,1.7434358596801758e-05,481.0,658.0
1650498799,0.0,0.000806929,0.0,1.767277717590332e-05,1.7434358596801758e-05,481.0,658.0
1650498800,0.0,0.00080066,0.0,1.773238182067871e-05,1.749396324157715e-05,480.5,660.0
1650498801,0.0,0.00080066,0.0,1.773238182067871e-05,1.749396324157715e-05,480.5,660.0
1650498802,0.0,0.0027621045,0.005,1.767277717590332e-05,1.7434358596801758e-05,1675.5,2089.0
1650498803,0.0,0.000774223,0.0,1.767277717590332e-05,1.7434358596801758e-05,481.0,658.0
1650498804,0.0,0.002591877,0.0,1.767277717590332e-05,1.7434358596801758e-05,1443.0,1978.0
1650498805,0.0,0.002591877,0.0,1.767277717590332e-05,1.7434358596801758e-05,1443.0,1978.0
1650498806,0.005,0.0014970855,0.0,1.767277717590332e-05,1.7434358596801758e-05,720.0,986.5
1650498807,0.0,0.001153981,0.0,1.767277717590332e-05,1.7434358596801758e-05,481.0,3022.0
1650498808,0.0,0.00189662,0.0,1.767277717590332e-05,1.7434358596801758e-05,961.0,1320.0
1650498809,0.0,0.00189662,0.0,1.767277717590332e-05,1.7434358596801758e-05,961.0,1320.0
1650498810,0.005,0.0016295845,0.0,1.767277717590332e-05,1.7434358596801758e-05,962.0,1319.5
1650498811,0.0,0.00337996,0.0,1.767277717590332e-05,1.7434358596801758e-05,1995.0,2664.0
1650498812,0.0,0.00337996,0.0,1.767277717590332e-05,1.7434358596801758e-05,1995.0,2664.0
1650498813,0.0,0.000831085,0.0,1.767277717590332e-05,1.7434358596801758e-05,613.0,725.5
1650498814,0.0,0.000831085,0.0,1.767277717590332e-05,1.7434358596801758e-05,613.0,725.5
1650498815,0.0,0.0012630625,0.0,1.767277717590332e-05,1.7434358596801758e-05,787.5,1023.0
1650498816,0.0,0.000808277,0.0,1.767277717590332e-05,1.7434358596801758e-05,481.0,660.0
1650498817,0.0,0.000808277,0.0,1.767277717590332e-05,1.7434358596801758e-05,481.0,660.0
1650498818,0.0,0.0012482105,0.005,1.767277717590332e-05,1.7434358596801758e-05,721.5,1375.5
1650498819,0.0,0.001726608,0.0,1.767277717590332e-05,1.7434358596801758e-05,962.0,1318.0
1650498820,0.0,0.001726608,0.0,1.767277717590332e-05,1.7434358596801758e-05,962.0,1318.0
1650498821,0.0,0.001277802,0.0,1.767277717590332e-05,1.7434358596801758e-05,721.5,990.0
1650498822,0.0,0.002624415,0.0,1.767277717590332e-05,1.7434358596801758e-05,1514.0,2003.0
1650498823,0.0,0.002624415,0.0,1.767277717590332e-05,1.7434358596801758e-05,1514.0,2003.0
1650498824,0.0,0.0003960235,0.0,1.767277717590332e-05,1.7434358596801758e-05,306.5,363.0
1650498825,0.0,0.0003960235,0.0,1.767277717590332e-05,1.7434358596801758e-05,306.5,363.0
1650498826,0.0,0.001719639,0.005,1.767277717590332e-05,1.7434358596801758e-05,1093.5,1385.5
1650498827,0.01,0.003049962,0.0,1.767277717590332e-05,1.7434358596801758e-05,1442.0,3368.0
1650498828,0.0,0.000819785,0.0,1.767277717590332e-05,1.7434358596801758e-05,481.0,660.0
1650498829,0.0,0.000819785,0.0,1.767277717590332e-05,1.7434358596801758e-05,481.0,660.0
1650498830,0.0,0.001969218,0.0,1.767277717590332e-05,1.7434358596801758e-05,1202.5,1650.0
1650498831,0.0,0.003312142,0.0,1.767277717590332e-05,1.7434358596801758e-05,1923.0,2638.0
1650498832,0.0,0.003312142,0.0,1.767277717590332e-05,1.7434358596801758e-05,1923.0,2638.0
1650498833,0.0,0.0016928235,0.0,1.7464160919189453e-05,1.722574234008789e-05,1049.0,1472.5
1650498834,0.0,0.0016928235,0.0,1.7464160919189453e-05,1.722574234008789e-05,1049.0,1472.5
1650498835,0.0,0.001601478,0.0,1.767277717590332e-05,1.7434358596801758e-05,1063.5,1266.0
1650498836,0.0,0.001601478,0.0,1.767277717590332e-05,1.7434358596801758e-05,1063.5,1266.0
1650498837,0.005,0.0017733385,0.0,1.767277717590332e-05,1.7434358596801758e-05,1028.0,1741.5
1650498838,0.005,0.0017733385,0.0,1.767277717590332e-05,1.7434358596801758e-05,1028.0,1741.5
1650498839,0.0,0.001298194,0.0,1.767277717590332e-05,1.7434358596801758e-05,721.5,990.0
1650498840,0.0,0.001898005,0.0,1.767277717590332e-05,1.7434358596801758e-05,962.0,1320.0
1650498841,0.0,0.001898005,0.0,1.767277717590332e-05,1.7434358596801758e-05,962.0,1320.0
1650498842,0.0,0.001725666,0.005,1.767277717590332e-05,1.7434358596801758e-05,962.0,1319.5
1650498843,0.0,0.000796348,0.0,1.767277717590332e-05,1.7434358596801758e-05,481.0,660.0
1650498844,0.0,0.000796348,0.0,1.767277717590332e-05,1.7434358596801758e-05,481.0,660.0
1650498845,0.005,0.0020844245,0.0,1.767277717590332e-05,1.7434358596801758e-05,1238.0,1662.0
1650498846,0.0,0.00251304,0.0,1.7702579498291016e-05,1.7464160919189453e-05,1839.0,2178.0
1650498847,0.0,0.00251304,0.0,1.7702579498291016e-05,1.7464160919189453e-05,1839.0,2178.0
1650498848,0.005,0.00126166,0.0,1.767277717590332e-05,1.7434358596801758e-05,721.0,1688.0
1650498849,0.0,0.001926954,0.0,1.767277717590332e-05,1.7434358596801758e-05,961.0,1318.0
1650498850,0.0,0.001926954,0.0,1.767277717590332e-05,1.7434358596801758e-05,961.0,1318.0
1650498851,0.0,0.001258224,0.0,1.767277717590332e-05,1.7434358596801758e-05,721.0,990.0
1650498852,0.0,0.003521436,0.0,1.7762184143066406e-05,1.7523765563964844e-05,1924.0,2640.0
1650498853,0.0,0.001727704,0.0,1.767277717590332e-05,1.7434358596801758e-05,961.0,1318.0
1650498854,0.0,0.000829187,0.0,1.767277717590332e-05,1.7434358596801758e-05,479.0,660.0
1650498855,0.0,0.000829187,0.0,1.767277717590332e-05,1.7434358596801758e-05,479.0,660.0
1650498856,0.0,0.001775808,0.0,1.773238182067871e-05,1.749396324157715e-05,1062.0,1365.0
1650498857,0.0,0.000965164,0.01,1.767277717590332e-05,1.7434358596801758e-05,613.0,2790.0
1650498858,0.01,0.004967583,0.01,1.7702579498291016e-05,1.7464160919189453e-05,3017.0,4025.0
1650498859,0.01,0.004967583,0.01,1.7702579498291016e-05,1.7464160919189453e-05,3017.0,4025.0
1650498860,0.0,0.0009056375,0.0,1.767277717590332e-05,1.7434358596801758e-05,480.5,658.0
1650498861,0.0,0.0009056375,0.0,1.767277717590332e-05,1.7434358596801758e-05,480.5,658.0
1650498862,0.0,0.001613138,0.0,1.7762184143066406e-05,1.7523765563964844e-05,962.0,1320.0
1650498863,0.0,0.002301745,0.0,1.767277717590332e-05,1.7434358596801758e-05,1442.0,1980.0
1650498864,0.0,0.002301745,0.0,1.767277717590332e-05,1.7434358596801758e-05,1442.0,1980.0
1650498865,0.0,0.0008279495,0.0,1.767277717590332e-05,1.7434358596801758e-05,481.0,659.0
1650498866,0.0,0.003701345,0.0,1.7851591110229492e-05,1.761317253112793e-05,1995.0,2664.0
1650498867,0.0,0.000990986,0.0,1.767277717590332e-05,1.7434358596801758e-05,613.0,1812.0
1650498868,0.0,0.000990986,0.0,1.767277717590332e-05,1.7434358596801758e-05,613.0,1812.0
1650498869,0.0,0.002689764,0.005,1.767277717590332e-05,1.7434358596801758e-05,1573.0,2041.5
1650498870,0.0,0.002689764,0.005,1.767277717590332e-05,1.7434358596801758e-05,1573.0,2041.5
1650498871,0.0,0.00086807,0.0,1.773238182067871e-05,1.749396324157715e-05,481.0,660.0
1650498872,0.0,0.001581357,0.0,1.767277717590332e-05,1.7434358596801758e-05,962.0,1319.0
1650498873,0.0,0.001581357,0.0,1.767277717590332e-05,1.7434358596801758e-05,962.0,1319.0
1650498874,0.0,0.0008457345,0.0,1.767277717590332e-05,1.7434358596801758e-05,480.5,660.0
1650498875,0.0,0.0008457345,0.0,1.767277717590332e-05,1.7434358596801758e-05,480.5,660.0
1650498876,0.0,0.0013170715,0.0,1.7762184143066406e-05,1.7523765563964844e-05,721.5,990.0
1650498877,0.0,0.001093478,0.0,1.767277717590332e-05,1.7434358596801758e-05,480.0,2702.0
1650498878,0.0,0.001206581,0.0,1.7464160919189453e-05,1.722574234008789e-05,613.0,924.0
1650498879,0.0,0.001206581,0.0,1.7464160919189453e-05,1.722574234008789e-05,613.0,924.0
1650498880,0.005,0.002009043,0.0,1.767277717590332e-05,1.7434358596801758e-05,1369.5,1629.0
1650498881,0.005,0.002009043,0.0,1.767277717590332e-05,1.7434358596801758e-05,1369.5,1629.0
1650498882,0.0,0.002085239,0.0,1.767277717590332e-05,1.7434358596801758e-05,1202.0,1649.5
1650498883,0.0,0.001664414,0.0,1.767277717590332e-05,1.7434358596801758e-05,1004.0,1362.0
1650498884,0.01,0.001602992,0.0,1.767277717590332e-05,1.7434358596801758e-05,962.0,1317.0
1650498885,0.01,0.001602992,0.0,1.767277717590332e-05,1.7434358596801758e-05,962.0,1317.0
1650498886,0.0,0.00041863,0.0,1.767277717590332e-05,1.7434358596801758e-05,240.5,330.0
1650498887,0.0,0.001952535,0.0,1.767277717590332e-05,1.7434358596801758e-05,960.0,2718.0
1650498888,0.0,0.001952535,0.0,1.767277717590332e-05,1.7434358596801758e-05,960.0,2718.0
1650498889,0.0,0.00104545,0.0,1.7464160919189453e-05,1.722574234008789e-05,547.0,790.0
1650498890,0.0,0.001493776,0.0,1.7702579498291016e-05,1.7464160919189453e-05,900.0,1079.0
1650498891,0.0,0.001868984,0.0,1.7702579498291016e-05,1.7464160919189453e-05,1226.0,1451.0
1650498892,0.0,0.001532014,0.0,1.767277717590332e-05,1.7434358596801758e-05,1094.0,1384.0
1650498893,0.0,0.001532014,0.0,1.767277717590332e-05,1.7434358596801758e-05,1094.0,1384.0
1650498894,0.0,0.001589387,0.0,1.767277717590332e-05,1.7434358596801758e-05,961.5,1318.5
1650498895,0.0,0.001637284,0.0,1.767277717590332e-05,1.7434358596801758e-05,962.0,1317.0
1650498896,0.0,0.001637284,0.0,1.767277717590332e-05,1.7434358596801758e-05,962.0,1317.0
1650498897,0.005,0.0009540955,0.0,1.767277717590332e-05,1.7434358596801758e-05,481.0,1204.0
1650498898,0.005,0.0009540955,0.0,1.767277717590332e-05,1.7434358596801758e-05,481.0,1204.0
1650498899,0.0,0.000837978,0.0,1.767277717590332e-05,1.7434358596801758e-05,481.0,660.0
1650498900,0.01,0.003464349,0.0,1.7851591110229492e-05,1.761317253112793e-05,1993.0,2660.0
1650498901,0.01,0.003464349,0.0,1.7851591110229492e-05,1.761317253112793e-05,1993.0,2660.0
1650498902,0.0,0.0014534635,0.0,1.767277717590332e-05,1.7434358596801758e-05,919.0,1088.0
1650498903,0.0,0.00089063,0.0,1.767277717590332e-05,1.7434358596801758e-05,481.0,660.0
1650498904,0.0,0.00089063,0.0,1.767277717590332e-05,1.7434358596801758e-05,481.0,660.0
1650498905,0.0,0.001666142,0.0,1.767277717590332e-05,1.7434358596801758e-05,962.0,1318.0
1650498906,0.0,0.001672416,0.0,1.767277717590332e-05,1.7434358596801758e-05,960.0,1320.0
1650498907,0.0,0.001672416,0.0,1.767277717590332e-05,1.7434358596801758e-05,960.0,1320.0
1650498908,0.005,0.0013758165,0.005,1.767277717590332e-05,1.7434358596801758e-05,721.5,1532.5
1650498909,0.0,0.001848112,0.0,1.767277717590332e-05,1.7434358596801758e-05,962.0,1320.0
1650498910,0.0,0.001848112,0.0,1.767277717590332e-05,1.7434358596801758e-05,962.0,1320.0
1650498911,0.005,0.002612455,0.0,1.7851591110229492e-05,1.761317253112793e-05,1610.0,2056.0
1650498912,0.005,0.002612455,0.0,1.7851591110229492e-05,1.761317253112793e-05,1610.0,2056.0
1650498913,0.0,0.000408387,0.0,1.767277717590332e-05,1.7434358596801758e-05,306.5,363.0
1650498914,0.0,0.000408387,0.0,1.767277717590332e-05,1.7434358596801758e-05,306.5,363.0
1650498915,0.0,0.0013432185,0.0,1.767277717590332e-05,1.7434358596801758e-05,721.0,990.0
1650498916,0.0,0.003380556,0.0,1.767277717590332e-05,1.7434358596801758e-05,1922.0,2636.0
1650498917,0.0,0.002676631,0.01,1.767277717590332e-05,1.7434358596801758e-05,1442.0,4021.0
1650498918,0.0,0.002676631,0.01,1.767277717590332e-05,1.7434358596801758e-05,1442.0,4021.0
1650498919,0.0,0.0012467695,0.0,1.767277717590332e-05,1.7434358596801758e-05,721.5,989.5
1650498920,0.0,0.000847151,0.0,1.767277717590332e-05,1.7434358596801758e-05,481.0,658.0
1650498921,0.0,0.000847151,0.0,1.767277717590332e-05,1.7434358596801758e-05,481.0,658.0
1650498922,0.0,0.0014004345,0.0,1.7464160919189453e-05,1.722574234008789e-05,787.0,1120.0
1650498923,0.0,0.00399548,0.0,1.773238182067871e-05,1.749396324157715e-05,2740.0,3258.0
1650498924,0.0,0.00399548,0.0,1.773238182067871e-05,1.749396324157715e-05,2740.0,3258.0
1650498925,0.0,0.0009420225,0.005,1.7702579498291016e-05,1.7464160919189453e-05,480.5,659.0
1650498926,0.0,0.001673823,0.0,1.767277717590332e-05,1.7434358596801758e-05,962.0,1319.0
1650498927,0.0,0.001771476,0.0,1.767277717590332e-05,1.7434358596801758e-05,962.0,2099.0
1650498928,0.0,0.001771476,0.0,1.767277717590332e-05,1.7434358596801758e-05,962.0,2099.0
1650498929,0.0,0.0007894055,0.0,1.767277717590332e-05,1.7434358596801758e-05,481.0,660.0
1650498930,0.0,0.001610522,0.0,1.767277717590332e-05,1.7434358596801758e-05,962.0,1320.0
1650498931,0.0,0.001610522,0.0,1.767277717590332e-05,1.7434358596801758e-05,962.0,1320.0
1650498932,0.005,0.001252476,0.005,1.767277717590332e-05,1.7434358596801758e-05,742.5,1011.0
1650498933,0.005,0.001252476,0.005,1.767277717590332e-05,1.7434358596801758e-05,742.5,1011.0
1650498934,0.0,0.0017883305,0.0,1.767277717590332e-05,1.7434358596801758e-05,1063.5,1364.0
1650498935,0.0,0.0017883305,0.0,1.767277717590332e-05,1.7434358596801758e-05,1063.5,1364.0
1650498936,0.0,0.0012607575,0.0,1.7762184143066406e-05,1.7523765563964844e-05,853.5,1056.0
1650498937,0.0,0.000880937,0.0,1.767277717590332e-05,1.7434358596801758e-05,481.0,1749.0
1650498938,0.0,0.00178648,0.0,1.767277717590332e-05,1.7434358596801758e-05,960.0,1317.0
1650498939,0.0,0.00178648,0.0,1.767277717590332e-05,1.7434358596801758e-05,960.0,1317.0
1650498940,0.0,0.0016779475,0.0,1.7702579498291016e-05,1.7464160919189453e-05,961.5,1320.0
1650498941,0.0,0.001604694,0.0,1.767277717590332e-05,1.7434358596801758e-05,962.0,1317.0
1650498942,0.0,0.001658105,0.0,1.773238182067871e-05,1.749396324157715e-05,962.0,1320.0
1650498943,0.0,0.001658105,0.0,1.773238182067871e-05,1.749396324157715e-05,962.0,1320.0
1650498944,0.0,0.001766606,0.0,1.767277717590332e-05,1.7434358596801758e-05,1063.5,1364.5
1650498945,0.0,0.001705176,0.0,1.767277717590332e-05,1.7434358596801758e-05,1226.0,1452.0
1650498946,0.0,0.001705176,0.0,1.767277717590332e-05,1.7434358596801758e-05,1226.0,1452.0
1650498947,0.005,0.0012125905,0.0,1.767277717590332e-05,1.7434358596801758e-05,721.5,990.0
1650498948,0.0,0.001754409,0.0,1.767277717590332e-05,1.7434358596801758e-05,962.0,2092.0
1650498949,0.0,0.001754409,0.0,1.767277717590332e-05,1.7434358596801758e-05,962.0,2092.0
1650498950,0.0,0.001325367,0.0,1.7702579498291016e-05,1.7464160919189453e-05,721.5,990.0
1650498951,0.0,0.004344833,0.0,1.767277717590332e-05,1.7434358596801758e-05,2405.0,3300.0
1650498952,0.0,0.004344833,0.0,1.767277717590332e-05,1.7434358596801758e-05,2405.0,3300.0
1650498953,0.0,0.001806148,0.0,1.767277717590332e-05,1.7434358596801758e-05,961.0,1317.5
1650498954,0.0,0.002622735,0.0,1.7702579498291016e-05,1.7464160919189453e-05,1514.0,2003.0
1650498955,0.0,0.001917109,0.0,1.767277717590332e-05,1.7434358596801758e-05,1226.0,1452.0
1650498956,0.0,0.001917109,0.0,1.767277717590332e-05,1.7434358596801758e-05,1226.0,1452.0
1650498957,0.0,0.001371078,0.005,1.7762184143066406e-05,1.7523765563964844e-05,787.0,2046.5
1650498958,0.0,0.001371078,0.005,1.7762184143066406e-05,1.7523765563964844e-05,787.0,2046.5
1650498959,0.0,0.0013034875,0.0,1.767277717590332e-05,1.7434358596801758e-05,721.5,990.0
1650498960,0.0,0.001723193,0.0,1.767277717590332e-05,1.7434358596801758e-05,961.0,1318.0
1650498961,0.0,0.002744649,0.0,1.767277717590332e-05,1.7434358596801758e-05,1443.0,1980.0
1650498962,0.0,0.002744649,0.0,1.767277717590332e-05,1.7434358596801758e-05,1443.0,1980.0
1650498963,0.0,0.000822766,0.0,1.767277717590332e-05,1.7434358596801758e-05,480.5,660.0
1650498964,0.0,0.001818134,0.0,1.7464160919189453e-05,1.722574234008789e-05,1094.0,1582.0
1650498965,0.0,0.002507278,0.0,1.767277717590332e-05,1.7434358596801758e-05,1513.0,1806.0
1650498966,0.0,0.002507278,0.0,1.767277717590332e-05,1.7434358596801758e-05,1513.0,1806.0
1650498967,0.005,0.001051259,0.0,1.773238182067871e-05,1.749396324157715e-05,613.0,2062.5
1650498968,0.005,0.001051259,0.0,1.773238182067871e-05,1.749396324157715e-05,613.0,2062.5
1650498969,0.0,0.0026534195,0.0,1.7702579498291016e-05,1.7464160919189453e-05,1442.0,1979.0
1650498970,0.0,0.00085589,0.0,1.773238182067871e-05,1.749396324157715e-05,481.0,660.0
1650498971,0.0,0.003330075,0.01,1.767277717590332e-05,1.7434358596801758e-05,1924.0,2640.0
1650498972,0.0,0.003330075,0.01,1.767277717590332e-05,1.7434358596801758e-05,1924.0,2640.0
1650498973,0.0,0.001330165,0.0,1.767277717590332e-05,1.7434358596801758e-05,721.5,990.0
1650498974,0.0,0.001330165,0.0,1.767277717590332e-05,1.7434358596801758e-05,721.5,990.0
1650498975,0.0,0.000897465,0.0,1.767277717590332e-05,1.7434358596801758e-05,481.0,660.0
1650498976,0.0,0.003257412,0.0,1.7702579498291016e-05,1.7464160919189453e-05,2127.0,2730.0
1650498977,0.0,0.003257412,0.0,1.7702579498291016e-05,1.7464160919189453e-05,2127.0,2730.0
1650498978,0.0,0.0013796955,0.0,1.767277717590332e-05,1.7434358596801758e-05,853.5,1926.5
1650498979,0.0,0.0013796955,0.0,1.767277717590332e-05,1.7434358596801758e-05,853.5,1926.5
1650498980,0.0,0.0016196845,0.0,1.767277717590332e-05,1.7434358596801758e-05,962.0,1319.5
1650498981,0.0,0.002477972,0.0,1.767277717590332e-05,1.7434358596801758e-05,1442.0,1978.0
1650498982,0.0,0.002477972,0.0,1.767277717590332e-05,1.7434358596801758e-05,1442.0,1978.0
1650498983,0.0,0.000811676,0.0,1.767277717590332e-05,1.7434358596801758e-05,502.0,681.0
1650498984,0.0,0.001552468,0.0,1.767277717590332e-05,1.7434358596801758e-05,962.0,1320.0
1650498985,0.0,0.001798514,0.0,1.767277717590332e-05,1.7434358596801758e-05,962.0,1319.0
1650498986,0.0,0.00264976,0.0,1.7702579498291016e-05,1.7464160919189453e-05,1514.0,2004.0
1650498987,0.0,0.00264976,0.0,1.7702579498291016e-05,1.7464160919189453e-05,1514.0,2004.0
1650498988,0.0,0.0014157445,0.0,1.773238182067871e-05,1.749396324157715e-05,919.0,1957.5
1650498989,0.0,0.001629574,0.0,1.7702579498291016e-05,1.7464160919189453e-05,962.0,1320.0
1650498990,0.0,0.001629574,0.0,1.7702579498291016e-05,1.7464160919189453e-05,962.0,1320.0
1650498991,0.0,0.001218211,0.0,1.7702579498291016e-05,1.7464160919189453e-05,721.5,990.0
1650498992,0.0,0.001218211,0.0,1.7702579498291016e-05,1.7464160919189453e-05,721.5,990.0
1650498993,0.0,0.000870049,0.0,1.767277717590332e-05,1.7434358596801758e-05,481.0,658.5
1650498994,0.0,0.001705335,0.0,1.767277717590332e-05,1.7434358596801758e-05,962.0,1320.0
1650498995,0.0,0.001705335,0.0,1.767277717590332e-05,1.7434358596801758e-05,962.0,1320.0
1650498996,0.0,0.00126547,0.0,1.767277717590332e-05,1.7434358596801758e-05,721.5,990.0
1650498997,0.0,0.002815774,0.0,1.767277717590332e-05,1.7434358596801758e-05,1513.0,2776.0
1650498998,0.0,0.002815774,0.0,1.767277717590332e-05,1.7434358596801758e-05,1513.0,2776.0
1650498999,0.0,0.000794862,0.0,1.767277717590332e-05,1.7434358596801758e-05,613.0,726.0
1650499000,0.0,0.001621021,0.0,1.773238182067871e-05,1.749396324157715e-05,1094.0,1385.0
1650499001,0.0,0.001621021,0.0,1.773238182067871e-05,1.749396324157715e-05,1094.0,1385.0
1650499002,0.0,0.0012866715,0.0,1.7702579498291016e-05,1.7464160919189453e-05,721.0,990.0
1650499003,0.0,0.000837408,0.0,1.767277717590332e-05,1.7434358596801758e-05,481.0,660.0
1650499004,0.0,0.000763285,0.0,1.767277717590332e-05,1.7434358596801758e-05,481.0,660.0
1650499005,0.0,0.000763285,0.0,1.767277717590332e-05,1.7434358596801758e-05,481.0,660.0
1650499006,0.0,0.0016687685,0.0,1.767277717590332e-05,1.7434358596801758e-05,961.5,1320.0
1650499007,0.0,0.0016687685,0.0,1.767277717590332e-05,1.7434358596801758e-05,961.5,1320.0
1650499008,0.0,0.001758701,0.0,1.767277717590332e-05,1.7434358596801758e-05,997.5,1716.5
1650499009,0.0,0.002777083,0.0,1.773238182067871e-05,1.749396324157715e-05,1837.0,2175.0
1650499010,0.0,0.001785508,0.0,1.767277717590332e-05,1.7434358596801758e-05,961.0,1320.0
1650499011,0.0,0.000948829,0.0,1.767277717590332e-05,1.7434358596801758e-05,481.0,658.0
1650499012,0.0,0.000819532,0.0,1.767277717590332e-05,1.7434358596801758e-05,481.0,660.0
1650499013,0.0,0.000819532,0.0,1.767277717590332e-05,1.7434358596801758e-05,481.0,660.0
1650499014,0.0,0.0018813795,0.005,1.767277717590332e-05,1.7434358596801758e-05,962.0,1319.0
1650499015,0.0,0.0018813795,0.005,1.767277717590332e-05,1.7434358596801758e-05,962.0,1319.0
1650499016,0.0,0.0008660225,0.0,1.7702579498291016e-05,1.7464160919189453e-05,480.5,660.0
1650499017,0.0,0.001025659,0.0,1.7702579498291016e-05,1.7464160919189453e-05,481.0,2717.0
1650499018,0.0,0.001025659,0.0,1.7702579498291016e-05,1.7464160919189453e-05,481.0,2717.0
1650499019,0.0,0.001817104,0.0,1.767277717590332e-05,1.7434358596801758e-05,1063.0,1365.0
1650499020,0.0,0.001817104,0.0,1.767277717590332e-05,1.7434358596801758e-05,1063.0,1365.0
1650499021,0.0,0.001284969,0.0,1.767277717590332e-05,1.7434358596801758e-05,853.0,1054.5
1650499022,0.0,0.00176619,0.01,1.767277717590332e-05,1.7434358596801758e-05,962.0,1320.0
