timestamp,cpu_usage_system,cpu_usage_total,cpu_usage_user,memory_usage,memory_working_set,rx_bytes,tx_bytes
1650497582,0.005,0.006542968,0.0,2.893805503845215e-05,2.8789043426513672e-05,6254.5,7030.0
1650497583,0.005,0.006542968,0.0,2.893805503845215e-05,2.8789043426513672e-05,6254.5,7030.0
1650497584,0.01,0.010857783,0.0,2.968311309814453e-05,2.953410148620605e-05,10213.0,12158.0
1650497585,0.01,0.010543528,0.0,2.9712915420532227e-05,2.956390380859375e-05,8861.0,11860.0
1650497586,0.0,0.005509098,0.01,2.974271774291992e-05,2.9593706130981445e-05,4428.0,5929.0
1650497587,0.0,0.005509098,0.01,2.974271774291992e-05,2.9593706130981445e-05,4428.0,5929.0
1650497588,0.0,0.005829286,0.0,2.9772520065307617e-05,2.962350845336914e-05,15485.5,8281.0
1650497589,0.01,0.010267568,0.0,2.9772520065307617e-05,2.962350845336914e-05,8859.0,11266.0
1650497590,0.01,0.010267568,0.0,2.9772520065307617e-05,2.962350845336914e-05,8859.0,11266.0
1650497591,0.005,0.008194393,0.0,2.9772520065307617e-05,2.962350845336914e-05,6837.5,8562.5
1650497592,0.005,0.008194393,0.0,2.9772520065307617e-05,2.962350845336914e-05,6837.5,8562.5
1650497593,0.005,0.0139172425,0.005,2.9772520065307617e-05,2.962350845336914e-05,11433.5,14436.5
1650497594,0.0,0.011375785,0.0,2.9772520065307617e-05,2.962350845336914e-05,8902.0,11440.0
1650497595,0.0,0.011375785,0.0,2.9772520065307617e-05,2.962350845336914e-05,8902.0,11440.0
1650497596,0.0,0.005207528,0.0,2.9832124710083008e-05,2.968311309814453e-05,4430.0,5667.0
1650497597,0.0,0.016392596,0.0,2.9772520065307617e-05,2.962350845336914e-05,13290.0,17001.0
1650497598,0.01,0.00544074,0.0,2.9772520065307617e-05,2.962350845336914e-05,4431.0,16382.0
1650497599,0.01,0.00544074,0.0,2.9772520065307617e-05,2.962350845336914e-05,4431.0,16382.0
1650497600,0.0,0.010558309,0.0,2.9772520065307617e-05,2.962350845336914e-05,9053.5,11428.0
1650497601,0.02,0.026595736,0.01,2.9772520065307617e-05,2.962350845336914e-05,22149.0,28335.0
1650497602,0.0,0.006043494,0.0,2.9772520065307617e-05,2.962350845336914e-05,4711.0,6211.0
1650497603,0.0,0.006043494,0.0,2.9772520065307617e-05,2.962350845336914e-05,4711.0,6211.0
1650497604,0.0,0.0025740135,0.0,2.9772520065307617e-05,2.962350845336914e-05,2347.0,2833.5
1650497605,0.0,0.0025740135,0.0,2.9772520065307617e-05,2.962350845336914e-05,2347.0,2833.5
1650497606,0.01,0.0108025965,0.0,2.9772520065307617e-05,2.962350845336914e-05,8925.5,11333.0
1650497607,0.0,0.00481968,0.01,2.9772520065307617e-05,2.962350845336914e-05,4695.0,5601.0
1650497608,0.0,0.00481968,0.01,2.9772520065307617e-05,2.962350845336914e-05,4695.0,5601.0
1650497609,0.01,0.00796399,0.0,2.9772520065307617e-05,2.962350845336914e-05,6512.5,12611.0
1650497610,0.01,0.00796399,0.0,2.9772520065307617e-05,2.962350845336914e-05,6512.5,12611.0
1650497611,0.0,0.00792795,0.005,2.9772520065307617e-05,2.962350845336914e-05,6837.5,8593.5
1650497612,0.03,0.01652988,0.0,2.9772520065307617e-05,2.962350845336914e-05,13571.0,17545.0
1650497613,0.03,0.01652988,0.0,2.9772520065307617e-05,2.962350845336914e-05,13571.0,17545.0
1650497614,0.005,0.007859087,0.01,2.9772520065307617e-05,2.962350845336914e-05,6844.0,8500.5
1650497615,0.005,0.007859087,0.01,2.9772520065307617e-05,2.962350845336914e-05,6844.0,8500.5
1650497616,0.0,0.0082195245,0.0,2.9772520065307617e-05,2.962350845336914e-05,6644.5,8495.5
1650497617,0.0,0.021038667,0.0,2.9772520065307617e-05,2.962350845336914e-05,17722.0,22598.0
1650497618,0.0,0.021038667,0.0,2.9772520065307617e-05,2.962350845336914e-05,17722.0,22598.0
1650497619,0.005,0.007948427,0.005,2.9772520065307617e-05,2.962350845336914e-05,6645.5,12464.5
1650497620,0.0,0.010667686,0.0,2.9772520065307617e-05,2.962350845336914e-05,9244.0,11520.0
1650497621,0.01,0.016253065,0.01,2.9832124710083008e-05,2.968311309814453e-05,13290.0,17001.0
1650497622,0.01,0.016253065,0.01,2.9832124710083008e-05,2.968311309814453e-05,13290.0,17001.0
1650497623,0.0,0.0055654935,0.0,2.9832124710083008e-05,2.968311309814453e-05,4570.5,5938.0
1650497624,0.01,0.015821983,0.01,2.9772520065307617e-05,2.962350845336914e-05,13685.0,16999.0
1650497625,0.01,0.015821983,0.01,2.9772520065307617e-05,2.962350845336914e-05,13685.0,16999.0
1650497626,0.0,0.0055213715,0.0,2.9772520065307617e-05,2.962350845336914e-05,4430.5,5667.0
1650497627,0.0,0.016193202,0.03,2.9772520065307617e-05,2.962350845336914e-05,13292.0,17001.0
1650497628,0.0,0.016193202,0.03,2.9772520065307617e-05,2.962350845336914e-05,13292.0,17001.0
1650497629,0.005,0.008051403,0.01,2.9772520065307617e-05,2.962350845336914e-05,6645.0,12972.0
1650497630,0.0,0.011298161,0.0,2.9772520065307617e-05,2.962350845336914e-05,9244.0,11524.0
1650497631,0.0,0.010536458,0.0,2.9772520065307617e-05,2.962350845336914e-05,8862.0,11334.0
1650497632,0.0,0.010536458,0.0,2.9772520065307617e-05,2.962350845336914e-05,8862.0,11334.0
1650497633,0.0,0.0050778375,0.0,2.9772520065307617e-05,2.962350845336914e-05,4429.5,5667.0
1650497634,0.0,0.0050778375,0.0,2.9772520065307617e-05,2.962350845336914e-05,4429.5,5667.0
1650497635,0.015,0.00814422,0.0,2.9772520065307617e-05,2.962350845336914e-05,6983.0,8771.5
1650497636,0.015,0.00814422,0.0,2.9772520065307617e-05,2.962350845336914e-05,6983.0,8771.5
1650497637,0.0,0.0082020125,0.0,2.9772520065307617e-05,2.962350845336914e-05,6643.0,8498.5
1650497638,0.02,0.016138878,0.01,2.992153167724609e-05,2.9772520065307617e-05,13291.0,25675.0
1650497639,0.02,0.016138878,0.01,2.992153167724609e-05,2.9772520065307617e-05,13291.0,25675.0
1650497640,0.0,0.005818914,0.0,2.9802322387695312e-05,2.965331077575684e-05,4622.5,5761.0
1650497641,0.01,0.009400043,0.0,3.027915954589844e-05,3.013014793395996e-05,6910.0,8935.0
1650497642,0.01,0.009400043,0.0,3.027915954589844e-05,3.013014793395996e-05,6910.0,8935.0
1650497643,0.01,0.010267359,0.0,2.9832124710083008e-05,2.968311309814453e-05,7619.0,9699.0
1650497644,0.01,0.012596914,0.01,2.9861927032470703e-05,2.9712915420532227e-05,9181.0,11920.0
1650497645,0.01,0.012596914,0.01,2.9861927032470703e-05,2.9712915420532227e-05,9181.0,11920.0
1650497646,0.0,0.010580174,0.0,2.9772520065307617e-05,2.962350845336914e-05,9058.0,11298.0
1650497647,0.0,0.010580174,0.0,2.9772520065307617e-05,2.962350845336914e-05,9058.0,11298.0
1650497648,0.005,0.0080439745,0.005,2.995133399963379e-05,2.9802322387695312e-05,6645.0,8499.5
1650497649,0.01,0.00608906,0.0,2.9772520065307617e-05,2.962350845336914e-05,4429.0,13281.0
1650497650,0.0,0.00629097,0.0,2.9772520065307617e-05,2.962350845336914e-05,5470.0,6522.0
1650497651,0.02,0.015390052,0.01,2.9772520065307617e-05,2.962350845336914e-05,12638.0,16336.0
1650497652,0.02,0.015390052,0.01,2.9772520065307617e-05,2.962350845336914e-05,12638.0,16336.0
1650497653,0.01,0.0104287665,0.005,2.9772520065307617e-05,2.962350845336914e-05,8928.0,11400.0
1650497654,0.01,0.011401103,0.0,2.9772520065307617e-05,2.962350845336914e-05,9142.0,11746.0
1650497655,0.01,0.011401103,0.0,2.9772520065307617e-05,2.962350845336914e-05,9142.0,11746.0
1650497656,0.0,0.0076832465,0.005,2.9772520065307617e-05,2.962350845336914e-05,6842.5,8500.5
1650497657,0.0,0.0076832465,0.005,2.9772520065307617e-05,2.962350845336914e-05,6842.5,8500.5
1650497658,0.01,0.0106173335,0.0,2.9772520065307617e-05,2.962350845336914e-05,8861.0,11332.0
1650497659,0.01,0.0106173335,0.0,2.9772520065307617e-05,2.962350845336914e-05,8861.0,11332.0
1650497660,0.005,0.010903529,0.0,2.9772520065307617e-05,2.962350845336914e-05,9079.5,14849.0
1650497661,0.0,0.02038567,0.0,2.9772520065307617e-05,2.962350845336914e-05,17720.0,22666.0
1650497662,0.0,0.02038567,0.0,2.9772520065307617e-05,2.962350845336914e-05,17720.0,22666.0
1650497663,0.005,0.010578567,0.0,2.9832124710083008e-05,2.968311309814453e-05,8858.0,11330.0
1650497664,0.005,0.010578567,0.0,2.9832124710083008e-05,2.968311309814453e-05,8858.0,11330.0
1650497665,0.01,0.005537631,0.0,2.9772520065307617e-05,2.962350845336914e-05,4569.5,5936.0
1650497666,0.0,0.016345079,0.01,2.9772520065307617e-05,2.962350845336914e-05,13686.0,16869.0
1650497667,0.0,0.016345079,0.01,2.9772520065307617e-05,2.962350845336914e-05,13686.0,16869.0
1650497668,0.0,0.010491778,0.0,2.9832124710083008e-05,2.968311309814453e-05,8860.0,15747.5
1650497669,0.0,0.010491778,0.0,2.9832124710083008e-05,2.968311309814453e-05,8860.0,15747.5
1650497670,0.0,0.002921545,0.0,2.9802322387695312e-05,2.965331077575684e-05,2407.5,2928.5
1650497671,0.0,0.011202031,0.0,2.9772520065307617e-05,2.962350845336914e-05,8861.0,11328.0
1650497672,0.0,0.011202031,0.0,2.9772520065307617e-05,2.962350845336914e-05,8861.0,11328.0
1650497673,0.01,0.004879917,0.005,2.9802322387695312e-05,2.965331077575684e-05,4430.5,5667.0
1650497674,0.01,0.004879917,0.005,2.9802322387695312e-05,2.965331077575684e-05,4430.5,5667.0
1650497675,0.0,0.005397548,0.0,2.9772520065307617e-05,2.962350845336914e-05,4430.5,5666.0
1650497676,0.0,0.005397548,0.0,2.9772520065307617e-05,2.962350845336914e-05,4430.5,5666.0
1650497677,0.01,0.0086526075,0.005,2.9772520065307617e-05,2.962350845336914e-05,6983.0,8770.5
1650497678,0.0,0.005173951,0.0,2.9772520065307617e-05,2.962350845336914e-05,4431.0,5667.0
1650497679,0.0,0.016443881,0.0,2.98917293548584e-05,2.974271774291992e-05,13676.0,24434.0
1650497680,0.0,0.016443881,0.0,2.98917293548584e-05,2.974271774291992e-05,13676.0,24434.0
1650497681,0.01,0.0104650625,0.0,2.9772520065307617e-05,2.962350845336914e-05,8857.5,11328.0
1650497682,0.01,0.015401931,0.01,2.9772520065307617e-05,2.962350845336914e-05,13288.0,17001.0
1650497683,0.01,0.015401931,0.01,2.9772520065307617e-05,2.962350845336914e-05,13288.0,17001.0
1650497684,0.005,0.0079893545,0.0,2.9772520065307617e-05,2.962350845336914e-05,6644.5,8463.5
1650497685,0.0,0.015025584,0.0,2.9772520065307617e-05,2.962350845336914e-05,13292.0,16997.0
1650497686,0.0,0.015025584,0.0,2.9772520065307617e-05,2.962350845336914e-05,13292.0,16997.0
1650497687,0.0,0.0058017505,0.0,2.9772520065307617e-05,2.962350845336914e-05,4701.5,5939.0
1650497688,0.0,0.0058017505,0.0,2.9772520065307617e-05,2.962350845336914e-05,4701.5,5939.0
1650497689,0.0,0.00776306,0.0,2.9772520065307617e-05,2.962350845336914e-05,6712.0,12873.0
1650497690,0.02,0.016001243,0.0,2.9861927032470703e-05,2.9712915420532227e-05,13610.0,16725.0
1650497691,0.02,0.016001243,0.0,2.9861927032470703e-05,2.9712915420532227e-05,13610.0,16725.0
1650497692,0.0,0.008269503,0.0,2.9802322387695312e-05,2.965331077575684e-05,6677.0,8530.5
1650497693,0.0,0.008269503,0.0,2.9802322387695312e-05,2.965331077575684e-05,6677.0,8530.5
1650497694,0.005,0.0131413015,0.0,2.9772520065307617e-05,2.962350845336914e-05,11096.0,14187.5
1650497695,0.005,0.0131413015,0.0,2.9772520065307617e-05,2.962350845336914e-05,11096.0,14187.5
1650497696,0.005,0.007859374,0.0,2.9772520065307617e-05,2.962350845336914e-05,6646.0,8500.5
1650497697,0.01,0.016373828,0.01,2.9772520065307617e-05,2.962350845336914e-05,13967.0,17545.0
1650497698,0.01,0.016373828,0.01,2.9772520065307617e-05,2.962350845336914e-05,13967.0,17545.0
1650497699,0.0,0.008157491,0.0,2.9772520065307617e-05,2.962350845336914e-05,6645.5,12272.0
1650497700,0.0,0.005208476,0.0,2.9772520065307617e-05,2.962350845336914e-05,4816.0,5857.0
1650497701,0.0,0.005208476,0.0,2.9772520065307617e-05,2.962350845336914e-05,4816.0,5857.0
1650497702,0.005,0.01348198,0.01,2.9802322387695312e-05,2.965331077575684e-05,11075.0,14133.5
1650497703,0.005,0.01348198,0.01,2.9802322387695312e-05,2.965331077575684e-05,11075.0,14133.5
1650497704,0.0,0.0075416585,0.005,2.98917293548584e-05,2.974271774291992e-05,6645.5,8432.5
1650497705,0.0,0.0075416585,0.005,2.98917293548584e-05,2.974271774291992e-05,6645.5,8432.5
1650497706,0.0,0.0076846565,0.0,2.9802322387695312e-05,2.965331077575684e-05,6644.0,8500.5
1650497707,0.0,0.0076846565,0.0,2.9802322387695312e-05,2.965331077575684e-05,6644.0,8500.5
1650497708,0.005,0.0084643075,0.005,2.9772520065307617e-05,2.962350845336914e-05,6984.0,8772.5
1650497709,0.01,0.016680149,0.0,2.9772520065307617e-05,2.962350845336914e-05,13290.0,23586.0
1650497710,0.01,0.0159721,0.0,2.9772520065307617e-05,2.962350845336914e-05,13676.0,17189.0
1650497711,0.01,0.0159721,0.0,2.9772520065307617e-05,2.962350845336914e-05,13676.0,17189.0
1650497712,0.005,0.007890881,0.005,2.9772520065307617e-05,2.962350845336914e-05,6644.0,8467.5
1650497713,0.005,0.007890881,0.005,2.9772520065307617e-05,2.962350845336914e-05,6644.0,8467.5
1650497714,0.0,0.002640795,0.005,2.9772520065307617e-05,2.962350845336914e-05,2214.5,2832.5
1650497715,0.0,0.002640795,0.005,2.9772520065307617e-05,2.962350845336914e-05,2214.5,2832.5
1650497716,0.005,0.010877597,0.0,2.9772520065307617e-05,2.962350845336914e-05,8860.5,11332.0
1650497717,0.0,0.005318587,0.0,2.9772520065307617e-05,2.962350845336914e-05,4427.0,5659.0
1650497718,0.0,0.005318587,0.0,2.9772520065307617e-05,2.962350845336914e-05,4427.0,5659.0
1650497719,0.005,0.0083509815,0.005,2.9772520065307617e-05,2.962350845336914e-05,7049.0,13182.0
1650497720,0.0,0.015960789,0.0,2.9772520065307617e-05,2.962350845336914e-05,13678.0,17189.0
1650497721,0.0,0.015960789,0.0,2.9772520065307617e-05,2.962350845336914e-05,13678.0,17189.0
1650497722,0.0,0.005484521,0.005,2.9772520065307617e-05,2.962350845336914e-05,4429.5,5666.0
1650497723,0.01,0.010696351,0.0,2.9772520065307617e-05,2.962350845336914e-05,8861.0,11334.0
1650497724,0.01,0.010696351,0.0,2.9772520065307617e-05,2.962350845336914e-05,8861.0,11334.0
1650497725,0.0,0.0051558875,0.005,2.9772520065307617e-05,2.962350845336914e-05,4431.0,5600.0
1650497726,0.0,0.01016073,0.0,2.9772520065307617e-05,2.962350845336914e-05,8861.0,11334.0
1650497727,0.0,0.01016073,0.0,2.9772520065307617e-05,2.962350845336914e-05,8861.0,11334.0
1650497728,0.0,0.005703757,0.0,2.9772520065307617e-05,2.962350845336914e-05,4571.0,5939.0
1650497729,0.01,0.010679045,0.01,2.9772520065307617e-05,2.962350845336914e-05,9642.0,17499.0
1650497730,0.01,0.010679045,0.01,2.9772520065307617e-05,2.962350845336914e-05,9642.0,17499.0
1650497731,0.0,0.005494877,0.0,2.9802322387695312e-05,2.965331077575684e-05,4430.5,5600.0
1650497732,0.01,0.015484877,0.0,2.9832124710083008e-05,2.968311309814453e-05,13290.0,17001.0
1650497733,0.01,0.015484877,0.0,2.9832124710083008e-05,2.968311309814453e-05,13290.0,17001.0
1650497734,0.01,0.013020779,0.005,2.9772520065307617e-05,2.962350845336914e-05,11076.5,14166.5
1650497735,0.01,0.013020779,0.005,2.9772520065307617e-05,2.962350845336914e-05,11076.5,14166.5
1650497736,0.005,0.008056098,0.005,2.9802322387695312e-05,2.965331077575684e-05,6644.0,8433.5
1650497737,0.005,0.008056098,0.005,2.9802322387695312e-05,2.965331077575684e-05,6644.0,8433.5
1650497738,0.005,0.0079605355,0.005,2.9772520065307617e-05,2.962350845336914e-05,6645.5,8399.5
1650497739,0.01,0.017068606,0.0,2.9772520065307617e-05,2.962350845336914e-05,13964.0,26476.0
1650497740,0.01,0.017068606,0.0,2.9772520065307617e-05,2.962350845336914e-05,13964.0,26476.0
1650497741,0.01,0.005542197,0.0,2.9772520065307617e-05,2.962350845336914e-05,4622.0,5728.0
1650497742,0.0,0.016113383,0.0,2.9772520065307617e-05,2.962350845336914e-05,13291.0,16999.0
1650497743,0.0,0.016113383,0.0,2.9772520065307617e-05,2.962350845336914e-05,13291.0,16999.0
1650497744,0.0,0.008090129,0.005,2.9772520065307617e-05,2.962350845336914e-05,6834.0,8755.5
1650497745,0.0,0.008090129,0.005,2.9772520065307617e-05,2.962350845336914e-05,6834.0,8755.5
1650497746,0.005,0.0076030895,0.0,2.9772520065307617e-05,2.962350845336914e-05,6477.5,8197.5
1650497747,0.005,0.0076030895,0.0,2.9772520065307617e-05,2.962350845336914e-05,6477.5,8197.5
1650497748,0.01,0.0107810415,0.005,2.9772520065307617e-05,2.962350845336914e-05,8860.0,11266.0
1650497749,0.0,0.006513648,0.0,2.9772520065307617e-05,2.962350845336914e-05,4709.0,17285.0
1650497750,0.01,0.020008115,0.01,2.9772520065307617e-05,2.962350845336914e-05,18503.0,22724.0
1650497751,0.01,0.020008115,0.01,2.9772520065307617e-05,2.962350845336914e-05,18503.0,22724.0
1650497752,0.0,0.007656167,0.005,2.9772520065307617e-05,2.962350845336914e-05,6645.5,8500.5
1650497753,0.01,0.021463267,0.0,2.9772520065307617e-05,2.962350845336914e-05,17722.0,22666.0
1650497754,0.01,0.021463267,0.0,2.9772520065307617e-05,2.962350845336914e-05,17722.0,22666.0
1650497755,0.005,0.008106819,0.0,2.9772520065307617e-05,2.962350845336914e-05,6645.5,8500.5
1650497756,0.02,0.01525268,0.01,2.9772520065307617e-05,2.962350845336914e-05,13291.0,16999.0
1650497757,0.0,0.005408266,0.0,2.98917293548584e-05,2.974271774291992e-05,4430.0,5663.0
1650497758,0.0,0.005408266,0.0,2.98917293548584e-05,2.974271774291992e-05,4430.0,5663.0
1650497759,0.005,0.0052289825,0.0,2.9772520065307617e-05,2.962350845336914e-05,4428.5,9139.5
1650497760,0.005,0.0052289825,0.0,2.9772520065307617e-05,2.962350845336914e-05,4428.5,9139.5
1650497761,0.0,0.008495226,0.0,2.9772520065307617e-05,2.962350845336914e-05,7176.5,8867.5
1650497762,0.01,0.010403202,0.01,2.9772520065307617e-05,2.962350845336914e-05,8860.0,11334.0
1650497763,0.01,0.010403202,0.01,2.9772520065307617e-05,2.962350845336914e-05,8860.0,11334.0
1650497764,0.005,0.005693238,0.0,2.9772520065307617e-05,2.962350845336914e-05,4430.0,5634.0
1650497765,0.0,0.011927238,0.0,2.9832124710083008e-05,2.968311309814453e-05,8861.0,11332.0
1650497766,0.0,0.011927238,0.0,2.9832124710083008e-05,2.968311309814453e-05,8861.0,11332.0
1650497767,0.0,0.0084754915,0.0,2.9772520065307617e-05,2.962350845336914e-05,6644.5,8434.5
1650497768,0.01,0.016905875,0.0,2.98917293548584e-05,2.974271774291992e-05,13290.0,26261.0
1650497769,0.01,0.016905875,0.0,2.98917293548584e-05,2.974271774291992e-05,13290.0,26261.0
1650497770,0.005,0.0082924875,0.005,2.9772520065307617e-05,2.962350845336914e-05,7110.0,8866.5
1650497771,0.005,0.0082924875,0.005,2.9772520065307617e-05,2.962350845336914e-05,7110.0,8866.5
1650497772,0.015,0.0101843095,0.005,2.9772520065307617e-05,2.962350845336914e-05,8925.5,11300.0
1650497773,0.01,0.010424859,0.0,2.9772520065307617e-05,2.962350845336914e-05,8861.0,11334.0
1650497774,0.01,0.010424859,0.0,2.9772520065307617e-05,2.962350845336914e-05,8861.0,11334.0
1650497775,0.005,0.012164189,0.01,3.0428171157836917e-05,3.027915954589844e-05,10100.5,12868.0
1650497776,0.005,0.012164189,0.01,3.0428171157836917e-05,3.027915954589844e-05,10100.5,12868.0
1650497777,0.0,0.0067392815,0.0,2.9772520065307617e-05,2.962350845336914e-05,5404.5,6765.5
1650497778,0.01,0.005796273,0.0,2.9772520065307617e-05,2.962350845336914e-05,4428.0,15653.0
1650497779,0.01,0.005796273,0.0,2.9772520065307617e-05,2.962350845336914e-05,4428.0,15653.0
1650497780,0.005,0.0079772515,0.0,2.9772520065307617e-05,2.962350845336914e-05,6838.5,8595.5
1650497781,0.01,0.02173597,0.0,2.98917293548584e-05,2.974271774291992e-05,18397.0,23210.0
1650497782,0.0,0.005800014,0.0,2.9772520065307617e-05,2.962350845336914e-05,4428.0,5665.0
1650497783,0.0,0.005800014,0.0,2.9772520065307617e-05,2.962350845336914e-05,4428.0,5665.0
1650497784,0.005,0.008004974,0.01,2.9772520065307617e-05,2.962350845336914e-05,6644.5,8464.5
1650497785,0.01,0.01073709,0.0,2.9772520065307617e-05,2.962350845336914e-05,8859.0,11328.0
1650497786,0.01,0.01073709,0.0,2.9772520065307617e-05,2.962350845336914e-05,8859.0,11328.0
1650497787,0.0,0.0082181515,0.0,2.9772520065307617e-05,2.962350845336914e-05,6645.0,8500.5
1650497788,0.01,0.010354055,0.0,2.9832124710083008e-05,2.968311309814453e-05,8859.0,19118.0
1650497789,0.0,0.005399714,0.0,2.9772520065307617e-05,2.962350845336914e-05,4816.0,5857.0
1650497790,0.0,0.005399714,0.0,2.9772520065307617e-05,2.962350845336914e-05,4816.0,5857.0
1650497791,0.005,0.013750216,0.01,2.9772520065307617e-05,2.962350845336914e-05,11413.5,14371.5
1650497792,0.005,0.013750216,0.01,2.9772520065307617e-05,2.962350845336914e-05,11413.5,14371.5
1650497793,0.005,0.008045068,0.005,2.9772520065307617e-05,2.962350845336914e-05,6667.5,8521.5
1650497794,0.005,0.008045068,0.005,2.9772520065307617e-05,2.962350845336914e-05,6667.5,8521.5
1650497795,0.005,0.005514542,0.0,2.9802322387695312e-05,2.965331077575684e-05,4430.0,5666.0
1650497796,0.01,0.010479419,0.01,2.9802322387695312e-05,2.965331077575684e-05,8860.0,11332.0
1650497797,0.0,0.009954488,0.0,2.9772520065307617e-05,2.962350845336914e-05,8861.0,11332.0
1650497798,0.0,0.005755149,0.0,2.9772520065307617e-05,2.962350845336914e-05,5086.0,15182.0
1650497799,0.0,0.005755149,0.0,2.9772520065307617e-05,2.962350845336914e-05,5086.0,15182.0
1650497800,0.0,0.0080596815,0.0,2.9772520065307617e-05,2.962350845336914e-05,6511.0,8230.0
1650497801,0.0,0.0080596815,0.0,2.9772520065307617e-05,2.962350845336914e-05,6511.0,8230.0
1650497802,0.01,0.0112282875,0.01,2.9832124710083008e-05,2.968311309814453e-05,9132.5,11570.0
1650497803,0.01,0.0112282875,0.01,2.9832124710083008e-05,2.968311309814453e-05,9132.5,11570.0
1650497804,0.0,0.0051158075,0.0,2.9772520065307617e-05,2.962350845336914e-05,4495.5,5667.0
1650497805,0.0,0.0051158075,0.0,2.9772520065307617e-05,2.962350845336914e-05,4495.5,5667.0
1650497806,0.005,0.011063408,0.005,2.9772520065307617e-05,2.962350845336914e-05,8860.5,11263.0
1650497807,0.0,0.020913572,0.01,3.027915954589844e-05,3.013014793395996e-05,16859.0,21927.0
1650497808,0.01,0.011574885,0.0,2.9832124710083008e-05,2.968311309814453e-05,9722.0,23877.0
1650497809,0.01,0.011574885,0.0,2.9832124710083008e-05,2.968311309814453e-05,9722.0,23877.0
1650497810,0.005,0.00779381,0.005,3.0249357223510746e-05,3.0100345611572266e-05,6838.5,8528.5
1650497811,0.005,0.00779381,0.005,3.0249357223510746e-05,3.0100345611572266e-05,6838.5,8528.5
1650497812,0.0,0.008382527,0.0,2.9802322387695312e-05,2.965331077575684e-05,6916.5,8768.5
1650497813,0.0,0.008382527,0.0,2.9802322387695312e-05,2.965331077575684e-05,6916.5,8768.5
1650497814,0.01,0.011059561,0.0,2.9772520065307617e-05,2.962350845336914e-05,8927.0,11334.0
1650497815,0.02,0.016041124,0.01,2.9772520065307617e-05,2.962350845336914e-05,13290.0,16999.0
1650497816,0.0,0.005052582,0.0,2.9772520065307617e-05,2.962350845336914e-05,4430.0,5665.0
1650497817,0.0,0.005052582,0.0,2.9772520065307617e-05,2.962350845336914e-05,4430.0,5665.0
1650497818,0.0,0.005201947,0.0,2.9772520065307617e-05,2.962350845336914e-05,4430.5,5568.0
1650497819,0.02,0.017048629,0.01,2.9802322387695312e-05,2.965331077575684e-05,13290.0,27202.0
1650497820,0.02,0.017048629,0.01,2.9802322387695312e-05,2.965331077575684e-05,13290.0,27202.0
1650497821,0.0,0.005455818,0.005,2.9772520065307617e-05,2.962350845336914e-05,4622.5,5761.0
1650497822,0.01,0.0217821,0.01,2.9772520065307617e-05,2.962350845336914e-05,18262.0,23206.0
1650497823,0.01,0.0217821,0.01,2.9772520065307617e-05,2.962350845336914e-05,18262.0,23206.0
1650497824,0.005,0.005147606,0.005,2.9772520065307617e-05,2.962350845336914e-05,4497.0,5667.0
1650497825,0.0,0.016373338,0.0,2.9832124710083008e-05,2.968311309814453e-05,13624.0,17465.0
1650497826,0.0,0.016373338,0.0,2.9832124710083008e-05,2.968311309814453e-05,13624.0,17465.0
1650497827,0.005,0.0098112695,0.01,2.9832124710083008e-05,2.968311309814453e-05,8692.0,10999.0
1650497828,0.0,0.005289421,0.0,2.9772520065307617e-05,2.962350845336914e-05,4431.0,12487.0
1650497829,0.0,0.005289421,0.0,2.9772520065307617e-05,2.962350845336914e-05,4431.0,12487.0
1650497830,0.0,0.0080802535,0.0,2.9772520065307617e-05,2.962350845336914e-05,6837.0,8594.5
1650497831,0.01,0.015897282,0.01,2.9772520065307617e-05,2.962350845336914e-05,13292.0,16997.0
1650497832,0.01,0.015897282,0.01,2.9772520065307617e-05,2.962350845336914e-05,13292.0,16997.0
1650497833,0.005,0.005334812,0.0,2.9772520065307617e-05,2.962350845336914e-05,4571.0,5939.0
1650497834,0.01,0.015836497,0.01,2.9832124710083008e-05,2.968311309814453e-05,13682.0,16931.0
1650497835,0.01,0.015836497,0.01,2.9832124710083008e-05,2.968311309814453e-05,13682.0,16931.0
1650497836,0.005,0.0056136,0.0,2.9772520065307617e-05,2.962350845336914e-05,4429.5,5666.0
1650497837,0.0,0.015766011,0.0,2.9772520065307617e-05,2.962350845336914e-05,13287.0,16995.0
1650497838,0.01,0.010482633,0.01,2.995133399963379e-05,2.9802322387695312e-05,8861.0,19371.0
1650497839,0.01,0.010482633,0.01,2.995133399963379e-05,2.9802322387695312e-05,8861.0,19371.0
1650497840,0.0,0.0064046845,0.0,2.9772520065307617e-05,2.962350845336914e-05,5276.0,6424.0
1650497841,0.0,0.014654396,0.0,2.9772520065307617e-05,2.962350845336914e-05,11980.0,15667.0
1650497842,0.0,0.014654396,0.0,2.9772520065307617e-05,2.962350845336914e-05,11980.0,15667.0
1650497843,0.005,0.0138462005,0.005,2.9772520065307617e-05,2.962350845336914e-05,11433.5,14356.5
1650497844,0.005,0.0138462005,0.005,2.9772520065307617e-05,2.962350845336914e-05,11433.5,14356.5
1650497845,0.0,0.0047068435,0.0,3.0547380447387695e-05,3.039836883544922e-05,4000.0,5297.5
1650497846,0.0,0.011031924,0.01,2.9772520065307617e-05,2.962350845336914e-05,9721.0,12071.0
1650497847,0.0,0.011031924,0.01,2.9772520065307617e-05,2.962350845336914e-05,9721.0,12071.0
1650497848,0.0,0.008119503,0.005,2.9772520065307617e-05,2.962350845336914e-05,6645.5,12423.0
1650497849,0.0,0.008119503,0.005,2.9772520065307617e-05,2.962350845336914e-05,6645.5,12423.0
1650497850,0.01,0.010889687,0.0,2.9832124710083008e-05,2.968311309814453e-05,9053.5,11393.0
1650497851,0.0,0.010750963,0.0,2.9772520065307617e-05,2.962350845336914e-05,8861.0,11334.0
1650497852,0.0,0.005286129,0.0,2.9832124710083008e-05,2.968311309814453e-05,4431.0,5667.0
1650497853,0.0,0.011144448,0.0,2.9772520065307617e-05,2.962350845336914e-05,9405.0,11878.0
1650497854,0.01,0.005366897,0.0,2.9772520065307617e-05,2.962350845336914e-05,4562.0,5663.0
1650497855,0.01,0.005366897,0.0,2.9772520065307617e-05,2.962350845336914e-05,4562.0,5663.0
1650497856,0.0,0.005537307,0.005,2.9802322387695312e-05,2.965331077575684e-05,4430.5,5632.0
1650497857,0.01,0.017395803,0.01,2.9772520065307617e-05,2.962350845336914e-05,13291.0,16999.0
1650497858,0.01,0.017395803,0.01,2.9772520065307617e-05,2.962350845336914e-05,13291.0,16999.0
1650497859,0.0,0.005501722,0.0,2.9861927032470703e-05,2.9712915420532227e-05,4430.5,9902.5
1650497860,0.0,0.005501722,0.0,2.9861927032470703e-05,2.9712915420532227e-05,4430.5,9902.5
1650497861,0.005,0.0132182745,0.005,2.9772520065307617e-05,2.962350845336914e-05,11267.5,14259.5
1650497862,0.005,0.0132182745,0.005,2.9772520065307617e-05,2.962350845336914e-05,11267.5,14259.5
1650497863,0.005,0.008538589,0.005,2.9802322387695312e-05,2.965331077575684e-05,6643.0,8432.5
1650497864,0.0,0.006403612,0.01,2.9772520065307617e-05,2.962350845336914e-05,4709.0,6077.0
1650497865,0.0,0.015739802,0.01,2.9772520065307617e-05,2.962350845336914e-05,13684.0,16997.0
1650497866,0.0,0.015739802,0.01,2.9772520065307617e-05,2.962350845336914e-05,13684.0,16997.0
1650497867,0.0,0.005659413,0.005,2.9772520065307617e-05,2.962350845336914e-05,4428.5,5666.0
1650497868,0.01,0.015519043,0.0,2.9772520065307617e-05,2.962350845336914e-05,13290.0,17001.0
1650497869,0.01,0.021187579,0.01,3.066658973693848e-05,3.0517578125e-05,17720.0,33805.0
1650497870,0.01,0.021187579,0.01,3.066658973693848e-05,3.0517578125e-05,17720.0,33805.0
1650497871,0.005,0.0028122015,0.0,2.9772520065307617e-05,2.962350845336914e-05,2434.0,2960.5
1650497872,0.0,0.010481696,0.0,2.9772520065307617e-05,2.962350845336914e-05,8862.0,11334.0
1650497873,0.0,0.010481696,0.0,2.9772520065307617e-05,2.962350845336914e-05,8862.0,11334.0
1650497874,0.005,0.010997179,0.005,2.9772520065307617e-05,2.962350845336914e-05,9001.0,11605.0
1650497875,0.0,0.016566589,0.0,2.9772520065307617e-05,2.962350845336914e-05,13686.0,16999.0
1650497876,0.02,0.015351233,0.0,2.9772520065307617e-05,2.962350845336914e-05,13289.0,16997.0
1650497877,0.02,0.015351233,0.0,2.9772520065307617e-05,2.962350845336914e-05,13289.0,16997.0
1650497878,0.0,0.0024984065,0.0,2.9772520065307617e-05,2.962350845336914e-05,2215.0,2833.5
1650497879,0.02,0.011587793,0.01,2.9832124710083008e-05,2.968311309814453e-05,8857.0,18276.0
1650497880,0.02,0.011587793,0.01,2.9832124710083008e-05,2.968311309814453e-05,8857.0,18276.0
1650497881,0.005,0.002952501,0.0,2.9772520065307617e-05,2.962350845336914e-05,2407.5,2927.5
1650497882,0.005,0.002952501,0.0,2.9772520065307617e-05,2.962350845336914e-05,2407.5,2927.5
1650497883,0.0,0.013266183,0.0,2.9832124710083008e-05,2.968311309814453e-05,11075.5,14165.5
1650497884,0.01,0.006900517,0.01,2.974271774291992e-05,2.9593706130981445e-05,5024.0,6457.0
1650497885,0.01,0.010501513,0.0,2.9802322387695312e-05,2.965331077575684e-05,9256.0,11398.0
1650497886,0.01,0.010501513,0.0,2.9802322387695312e-05,2.965331077575684e-05,9256.0,11398.0
1650497887,0.0,0.0053774655,0.0,2.974271774291992e-05,2.9593706130981445e-05,4430.5,5667.0
1650497888,0.0,0.009916368,0.0,2.9772520065307617e-05,2.962350845336914e-05,8860.0,11398.0
1650497889,0.0,0.016389295,0.0,2.9861927032470703e-05,2.9712915420532227e-05,13290.0,25368.0
1650497890,0.01,0.012246535,0.0,3.013014793395996e-05,2.9981136322021484e-05,9245.0,11524.0
1650497891,0.0,0.011103494,0.0,2.9772520065307617e-05,2.962350845336914e-05,8862.0,11334.0
1650497892,0.0,0.011103494,0.0,2.9772520065307617e-05,2.962350845336914e-05,8862.0,11334.0
1650497893,0.0,0.005920808,0.01,2.9832124710083008e-05,2.968311309814453e-05,4430.0,5666.0
1650497894,0.01,0.017011732,0.0,2.9772520065307617e-05,2.962350845336914e-05,13833.0,17541.0
1650497895,0.0,0.010338654,0.0,2.9772520065307617e-05,2.962350845336914e-05,8990.0,11330.0
1650497896,0.01,0.010816025,0.0,2.9772520065307617e-05,2.962350845336914e-05,8860.0,11332.0
1650497897,0.01,0.010816025,0.0,2.9772520065307617e-05,2.962350845336914e-05,8860.0,11332.0
1650497898,0.0,0.0058415015,0.0,2.9772520065307617e-05,2.962350845336914e-05,4431.0,10126.5
1650497899,0.0,0.0058415015,0.0,2.9772520065307617e-05,2.962350845336914e-05,4431.0,10126.5
1650497900,0.0,0.0054236795,0.005,2.9802322387695312e-05,2.965331077575684e-05,4622.5,5760.0
1650497901,0.0,0.005424695,0.0,2.9772520065307617e-05,2.962350845336914e-05,4430.0,5665.0
1650497902,0.0,0.005424695,0.0,2.9772520065307617e-05,2.962350845336914e-05,4430.0,5665.0
1650497903,0.01,0.0078968295,0.0,2.9772520065307617e-05,2.962350845336914e-05,6646.0,8500.5
1650497904,0.0,0.022731627,0.02,2.9832124710083008e-05,2.968311309814453e-05,17998.0,23210.0
1650497905,0.01,0.005683033,0.01,2.9772520065307617e-05,2.962350845336914e-05,4695.0,5667.0
1650497906,0.01,0.005683033,0.01,2.9772520065307617e-05,2.962350845336914e-05,4695.0,5667.0
1650497907,0.0,0.011181429,0.0,2.9772520065307617e-05,2.962350845336914e-05,8925.0,11299.0
1650497908,0.0,0.016348321,0.01,2.9802322387695312e-05,2.965331077575684e-05,13287.0,28258.0
1650497909,0.0,0.016348321,0.01,2.9802322387695312e-05,2.965331077575684e-05,13287.0,28258.0
1650497910,0.01,0.005464445,0.005,2.9802322387695312e-05,2.965331077575684e-05,4622.0,5696.0
1650497911,0.0,0.0156333,0.0,2.9772520065307617e-05,2.962350845336914e-05,13289.0,16999.0
1650497912,0.0,0.0156333,0.0,2.9772520065307617e-05,2.962350845336914e-05,13289.0,16999.0
1650497913,0.0,0.0078974005,0.0,2.9832124710083008e-05,2.968311309814453e-05,6645.5,8499.5
1650497914,0.01,0.005106632,0.0,2.9772520065307617e-05,2.962350845336914e-05,4431.0,5667.0
1650497915,0.01,0.005106632,0.0,2.9772520065307617e-05,2.962350845336914e-05,4431.0,5667.0
1650497916,0.005,0.0057907355,0.005,2.9772520065307617e-05,2.962350845336914e-05,4703.0,5939.0
1650497917,0.01,0.01618905,0.0,2.9772520065307617e-05,2.962350845336914e-05,13422.0,16933.0
1650497918,0.01,0.010707257,0.01,2.9772520065307617e-05,2.962350845336914e-05,8859.0,20285.0
1650497919,0.01,0.010707257,0.01,2.9772520065307617e-05,2.962350845336914e-05,8859.0,20285.0
1650497920,0.005,0.008283106,0.0,2.9772520065307617e-05,2.962350845336914e-05,6838.5,8595.5
1650497921,0.0,0.010762997,0.01,2.9772520065307617e-05,2.962350845336914e-05,8862.0,11334.0
1650497922,0.0,0.010762997,0.01,2.9772520065307617e-05,2.962350845336914e-05,8862.0,11334.0
1650497923,0.0,0.01339715,0.01,2.9802322387695312e-05,2.965331077575684e-05,11075.0,14162.5
1650497924,0.0,0.01339715,0.01,2.9802322387695312e-05,2.965331077575684e-05,11075.0,14162.5
1650497925,0.005,0.005357097,0.0,2.9772520065307617e-05,2.962350845336914e-05,4451.0,5688.0
1650497926,0.0,0.021612602,0.0,2.9832124710083008e-05,2.968311309814453e-05,18398.0,22946.0
1650497927,0.0,0.010917723,0.0,2.9861927032470703e-05,2.9712915420532227e-05,8861.0,11398.0
1650497928,0.0,0.011140264,0.0,2.9832124710083008e-05,2.968311309814453e-05,8856.0,22250.0
1650497929,0.0,0.011140264,0.0,2.9832124710083008e-05,2.968311309814453e-05,8856.0,22250.0
1650497930,0.005,0.013669361,0.01,2.9772520065307617e-05,2.962350845336914e-05,11268.5,14261.5
1650497931,0.02,0.015486255,0.01,2.9772520065307617e-05,2.962350845336914e-05,13292.0,17001.0
1650497932,0.02,0.015486255,0.01,2.9772520065307617e-05,2.962350845336914e-05,13292.0,17001.0
1650497933,0.0,0.002770524,0.005,2.9772520065307617e-05,2.962350845336914e-05,2215.5,2833.5
1650497934,0.01,0.021362323,0.0,2.9772520065307617e-05,2.962350845336914e-05,17719.0,22664.0
1650497935,0.0,0.010663823,0.01,2.9772520065307617e-05,2.962350845336914e-05,8861.0,11136.0
1650497936,0.0,0.010663823,0.01,2.9772520065307617e-05,2.962350845336914e-05,8861.0,11136.0
1650497937,0.0,0.008146664,0.0,2.9772520065307617e-05,2.962350845336914e-05,6982.0,8770.5
1650497938,0.0,0.008146664,0.0,2.9772520065307617e-05,2.962350845336914e-05,6982.0,8770.5
1650497939,0.0,0.008317018,0.005,2.9772520065307617e-05,2.962350845336914e-05,6644.5,13627.5
1650497940,0.01,0.010954236,0.0,2.9772520065307617e-05,2.962350845336914e-05,9245.0,11524.0
1650497941,0.0,0.010477579,0.01,2.9772520065307617e-05,2.962350845336914e-05,8861.0,11268.0
1650497942,0.0,0.010477579,0.01,2.9772520065307617e-05,2.962350845336914e-05,8861.0,11268.0
1650497943,0.0,0.0033654135,0.0,2.9772520065307617e-05,2.962350845336914e-05,2870.0,3431.5
1650497944,0.0,0.0033654135,0.0,2.9772520065307617e-05,2.962350845336914e-05,2870.0,3431.5
1650497945,0.0,0.012499951,0.005,2.9772520065307617e-05,2.962350845336914e-05,10420.5,13499.5
1650497946,0.0,0.015927965,0.0,2.9861927032470703e-05,2.9712915420532227e-05,13836.0,17545.0
1650497947,0.0,0.015927965,0.0,2.9861927032470703e-05,2.9712915420532227e-05,13836.0,17545.0
1650497948,0.0,0.0054612735,0.0,2.9772520065307617e-05,2.962350845336914e-05,4496.5,10669.0
1650497949,0.0,0.00525765,0.01,2.9802322387695312e-05,2.965331077575684e-05,4814.0,5855.0
1650497950,0.0,0.00525765,0.01,2.9802322387695312e-05,2.965331077575684e-05,4814.0,5855.0
1650497951,0.01,0.007676459,0.005,2.9832124710083008e-05,2.968311309814453e-05,6645.5,8500.5
1650497952,0.0,0.005376409,0.01,2.9772520065307617e-05,2.962350845336914e-05,4430.0,5665.0
1650497953,0.0,0.016073866,0.01,2.9772520065307617e-05,2.962350845336914e-05,13287.0,16995.0
1650497954,0.0,0.016073866,0.01,2.9772520065307617e-05,2.962350845336914e-05,13287.0,16995.0
1650497955,0.005,0.0051607765,0.0,3.0934810638427734e-05,3.078579902648926e-05,4000.5,5295.5
1650497956,0.005,0.0051607765,0.0,3.0934810638427734e-05,3.078579902648926e-05,4000.5,5295.5
1650497957,0.0,0.0085296165,0.0,2.9802322387695312e-05,2.965331077575684e-05,7347.0,9141.0
1650497958,0.0,0.021959362,0.01,2.9772520065307617e-05,2.962350845336914e-05,17851.0,30684.0
1650497959,0.0,0.021959362,0.01,2.9772520065307617e-05,2.962350845336914e-05,17851.0,30684.0
1650497960,0.01,0.0083246955,0.0,2.9772520065307617e-05,2.962350845336914e-05,6838.5,8594.5
1650497961,0.01,0.021166153,0.0,2.9772520065307617e-05,2.962350845336914e-05,17717.0,22470.0
1650497962,0.01,0.021166153,0.0,2.9772520065307617e-05,2.962350845336914e-05,17717.0,22470.0
1650497963,0.005,0.008354012,0.005,2.9802322387695312e-05,2.965331077575684e-05,6664.5,8520.5
1650497964,0.0,0.010596139,0.0,2.9832124710083008e-05,2.968311309814453e-05,8991.0,11466.0
1650497965,0.0,0.010596139,0.0,2.9832124710083008e-05,2.968311309814453e-05,8991.0,11466.0
1650497966,0.005,0.0079065695,0.0,2.9832124710083008e-05,2.968311309814453e-05,6645.5,8499.5
1650497967,0.005,0.0079065695,0.0,2.9832124710083008e-05,2.968311309814453e-05,6645.5,8499.5
1650497968,0.01,0.019000848,0.01,2.9772520065307617e-05,2.962350845336914e-05,15844.5,20104.5
1650497969,0.01,0.016031056,0.01,2.9832124710083008e-05,2.968311309814453e-05,13289.0,29341.0
1650497970,0.0,0.01069682,0.01,2.98917293548584e-05,2.974271774291992e-05,9247.0,11522.0
1650497971,0.0,0.01069682,0.01,2.98917293548584e-05,2.974271774291992e-05,9247.0,11522.0
1650497972,0.0,0.005486259,0.0,2.9832124710083008e-05,2.968311309814453e-05,4429.0,5666.0
1650497973,0.0,0.005486259,0.0,2.9832124710083008e-05,2.968311309814453e-05,4429.0,5666.0
1650497974,0.01,0.012122624,0.0,3.314018249511719e-05,3.299117088317871e-05,10645.5,13764.0
1650497975,0.0,0.006990629,0.01,2.9772520065307617e-05,2.962350845336914e-05,5291.0,6404.0
1650497976,0.0,0.015295343,0.0,2.9772520065307617e-05,2.962350845336914e-05,13288.0,16997.0
1650497977,0.0,0.015295343,0.0,2.9772520065307617e-05,2.962350845336914e-05,13288.0,16997.0
1650497978,0.0,0.002915803,0.0,2.9772520065307617e-05,2.962350845336914e-05,2355.0,3105.5
1650497979,0.0,0.011369206,0.01,2.9772520065307617e-05,2.962350845336914e-05,9256.0,17949.0
1650497980,0.0,0.005402667,0.0,2.9772520065307617e-05,2.962350845336914e-05,4816.0,5857.0
1650497981,0.0,0.010440564,0.0,2.9772520065307617e-05,2.962350845336914e-05,8861.0,11334.0
1650497982,0.0,0.010440564,0.0,2.9772520065307617e-05,2.962350845336914e-05,8861.0,11334.0
1650497983,0.005,0.0078079635,0.005,2.9802322387695312e-05,2.965331077575684e-05,6644.0,8499.5
1650497984,0.0,0.016033492,0.0,2.9772520065307617e-05,2.962350845336914e-05,13291.0,17001.0
1650497985,0.0,0.016033492,0.0,2.9772520065307617e-05,2.962350845336914e-05,13291.0,17001.0
1650497986,0.0,0.0085806965,0.005,2.9772520065307617e-05,2.962350845336914e-05,6644.0,8500.5
1650497987,0.0,0.0085806965,0.005,2.9772520065307617e-05,2.962350845336914e-05,6644.0,8500.5
1650497988,0.005,0.0078573035,0.0,2.9772520065307617e-05,2.962350845336914e-05,6645.5,8399.5
1650497989,0.01,0.016792791,0.01,2.9772520065307617e-05,2.962350845336914e-05,14350.0,28321.0
1650497990,0.01,0.016792791,0.01,2.9772520065307617e-05,2.962350845336914e-05,14350.0,28321.0
1650497991,0.0,0.0129731355,0.0,3.0487775802612305e-05,3.0338764190673828e-05,10646.5,13797.0
1650497992,0.0,0.0129731355,0.0,3.0487775802612305e-05,3.0338764190673828e-05,10646.5,13797.0
1650497993,0.0,0.008736732,0.0,2.9772520065307617e-05,2.962350845336914e-05,7074.5,8868.0
1650497994,0.0,0.008736732,0.0,2.9772520065307617e-05,2.962350845336914e-05,7074.5,8868.0
1650497995,0.0,0.00527507,0.0,2.9772520065307617e-05,2.962350845336914e-05,4429.5,5599.0
1650497996,0.0,0.005436823,0.0,2.9772520065307617e-05,2.962350845336914e-05,4430.0,5665.0
1650497997,0.0,0.010730062,0.01,2.9861927032470703e-05,2.9712915420532227e-05,8857.0,11328.0
1650497998,0.01,0.020865511,0.01,2.974271774291992e-05,2.9593706130981445e-05,17721.0,31996.0
1650497999,0.01,0.020865511,0.01,2.974271774291992e-05,2.9593706130981445e-05,17721.0,31996.0
1650498000,0.005,0.0072373985,0.0,3.0517578125e-05,3.0368566513061523e-05,6202.5,7537.0
1650498001,0.005,0.0072373985,0.0,3.0517578125e-05,3.0368566513061523e-05,6202.5,7537.0
1650498002,0.005,0.0065329945,0.0,2.9772520065307617e-05,2.962350845336914e-05,5404.0,6865.5
1650498003,0.0,0.005484182,0.0,2.9772520065307617e-05,2.962350845336914e-05,4472.0,5709.0
1650498004,0.0,0.005484182,0.0,2.9772520065307617e-05,2.962350845336914e-05,4472.0,5709.0
1650498005,0.0,0.008030122,0.0,2.9772520065307617e-05,2.962350845336914e-05,6644.5,8466.5
1650498006,0.01,0.020790919,0.01,2.9772520065307617e-05,2.962350845336914e-05,17723.0,22668.0
1650498007,0.01,0.020790919,0.01,2.9772520065307617e-05,2.962350845336914e-05,17723.0,22668.0
1650498008,0.0,0.0081704505,0.0,2.9772520065307617e-05,2.962350845336914e-05,6644.5,12571.0
1650498009,0.0,0.01116966,0.0,2.9772520065307617e-05,2.962350845336914e-05,9141.0,11876.0
1650498010,0.0,0.016232873,0.01,2.9772520065307617e-05,2.962350845336914e-05,14071.0,16991.0
1650498011,0.0,0.016232873,0.01,2.9772520065307617e-05,2.962350845336914e-05,14071.0,16991.0
1650498012,0.01,0.0110012035,0.005,2.9832124710083008e-05,2.968311309814453e-05,8861.0,11334.0
1650498013,0.01,0.0110012035,0.005,2.9832124710083008e-05,2.968311309814453e-05,8861.0,11334.0
1650498014,0.005,0.005703798,0.0,2.9861927032470703e-05,2.9712915420532227e-05,4429.5,5667.0
1650498015,0.01,0.012449969,0.0,2.9772520065307617e-05,2.962350845336914e-05,9513.0,11993.0
1650498016,0.01,0.012449969,0.0,2.9772520065307617e-05,2.962350845336914e-05,9513.0,11993.0
1650498017,0.0,0.005680155,0.005,2.9772520065307617e-05,2.962350845336914e-05,4102.0,5234.5
1650498018,0.0,0.012016624,0.01,2.9772520065307617e-05,2.962350845336914e-05,8860.0,22093.0
1650498019,0.01,0.010450595,0.0,2.9772520065307617e-05,2.962350845336914e-05,8860.0,11202.0
1650498020,0.01,0.010450595,0.0,2.9772520065307617e-05,2.962350845336914e-05,8860.0,11202.0
1650498021,0.01,0.0110394095,0.005,2.9772520065307617e-05,2.962350845336914e-05,9391.5,11700.0
1650498022,0.01,0.0110394095,0.005,2.9772520065307617e-05,2.962350845336914e-05,9391.5,11700.0
1650498023,0.005,0.0105912095,0.0,2.9802322387695312e-05,2.965331077575684e-05,8860.0,11331.0
1650498024,0.0,0.021594973,0.0,2.9772520065307617e-05,2.962350845336914e-05,17719.0,22660.0
1650498025,0.0,0.005409689,0.01,2.9772520065307617e-05,2.962350845336914e-05,4431.0,5667.0
1650498026,0.0,0.005409689,0.01,2.9772520065307617e-05,2.962350845336914e-05,4431.0,5667.0
1650498027,0.0,0.005111719,0.0,2.9772520065307617e-05,2.962350845336914e-05,4430.5,5666.0
1650498028,0.01,0.015790523,0.0,2.9802322387695312e-05,2.965331077575684e-05,13291.0,29331.0
1650498029,0.01,0.015790523,0.0,2.9802322387695312e-05,2.965331077575684e-05,13291.0,29331.0
1650498030,0.005,0.007910326,0.005,2.9772520065307617e-05,2.962350845336914e-05,6904.0,8660.5
1650498031,0.0,0.011073284,0.0,2.9772520065307617e-05,2.962350845336914e-05,9406.0,11878.0
1650498032,0.0,0.011073284,0.0,2.9772520065307617e-05,2.962350845336914e-05,9406.0,11878.0
1650498033,0.01,0.0163976375,0.01,2.9772520065307617e-05,2.962350845336914e-05,13354.0,16997.0
1650498034,0.01,0.0163976375,0.01,2.9772520065307617e-05,2.962350845336914e-05,13354.0,16997.0
1650498035,0.005,0.0074657265,0.0,2.9802322387695312e-05,2.965331077575684e-05,6643.5,8498.5
1650498036,0.0,0.010955222,0.0,2.9772520065307617e-05,2.962350845336914e-05,8861.0,11334.0
1650498037,0.0,0.010955222,0.0,2.9772520065307617e-05,2.962350845336914e-05,8861.0,11334.0
1650498038,0.005,0.0081203785,0.005,2.9772520065307617e-05,2.962350845336914e-05,6643.5,13474.0
1650498039,0.005,0.0081203785,0.005,2.9772520065307617e-05,2.962350845336914e-05,6643.5,13474.0
1650498040,0.01,0.008641056,0.005,2.9772520065307617e-05,2.962350845336914e-05,7164.0,8927.0
1650498041,0.01,0.01986832,0.01,2.9772520065307617e-05,2.962350845336914e-05,17608.0,22349.0
1650498042,0.02,0.010122279,0.0,2.9772520065307617e-05,2.962350845336914e-05,8991.0,11334.0
1650498043,0.0,0.015884156,0.0,2.9772520065307617e-05,2.962350845336914e-05,13332.0,17041.0
1650498044,0.0,0.015884156,0.0,2.9772520065307617e-05,2.962350845336914e-05,13332.0,17041.0
1650498045,0.005,0.005021881,0.0,2.9802322387695312e-05,2.965331077575684e-05,4430.5,5601.0
1650498046,0.0,0.00526298,0.0,2.9772520065307617e-05,2.962350845336914e-05,4430.0,5665.0
1650498047,0.0,0.005265208,0.0,2.9772520065307617e-05,2.962350845336914e-05,4430.0,5667.0
1650498048,0.0,0.005265208,0.0,2.9772520065307617e-05,2.962350845336914e-05,4430.0,5667.0
1650498049,0.005,0.0106538195,0.0,2.9832124710083008e-05,2.968311309814453e-05,8860.5,14976.0
1650498050,0.005,0.0106538195,0.0,2.9832124710083008e-05,2.968311309814453e-05,8860.5,14976.0
1650498051,0.0,0.0132560495,0.005,2.9772520065307617e-05,2.962350845336914e-05,11408.5,14533.5
1650498052,0.01,0.016127886,0.01,2.9861927032470703e-05,2.9712915420532227e-05,13688.0,16999.0
1650498053,0.01,0.016127886,0.01,2.9861927032470703e-05,2.9712915420532227e-05,13688.0,16999.0
1650498054,0.005,0.0105969175,0.005,2.9772520065307617e-05,2.962350845336914e-05,8859.0,11265.0
1650498055,0.005,0.0105969175,0.005,2.9772520065307617e-05,2.962350845336914e-05,8859.0,11265.0
1650498056,0.0,0.0130298855,0.01,2.9772520065307617e-05,2.962350845336914e-05,11074.5,14164.5
1650498057,0.0,0.00965349,0.0,2.9772520065307617e-05,2.962350845336914e-05,8862.0,11334.0
1650498058,0.0,0.00965349,0.0,2.9772520065307617e-05,2.962350845336914e-05,8862.0,11334.0
1650498059,0.005,0.005213385,0.0,2.9772520065307617e-05,2.962350845336914e-05,4430.5,9280.0
1650498060,0.01,0.02561836,0.01,2.9772520065307617e-05,2.962350845336914e-05,22534.0,28391.0
1650498061,0.01,0.02561836,0.01,2.9772520065307617e-05,2.962350845336914e-05,22534.0,28391.0
1650498062,0.005,0.005911164,0.0,2.9802322387695312e-05,2.965331077575684e-05,4702.0,5840.0
1650498063,0.005,0.005911164,0.0,2.9802322387695312e-05,2.965331077575684e-05,4702.0,5840.0
1650498064,0.005,0.007948933,0.0,2.9772520065307617e-05,2.962350845336914e-05,6711.5,8499.5
1650498065,0.0,0.016309226,0.0,2.9772520065307617e-05,2.962350845336914e-05,13291.0,16999.0
1650498066,0.0,0.016309226,0.0,2.9772520065307617e-05,2.962350845336914e-05,13291.0,16999.0
1650498067,0.0,0.005029664,0.005,2.9772520065307617e-05,2.962350845336914e-05,4430.5,5666.0
1650498068,0.0,0.010342036,0.0,2.9772520065307617e-05,2.962350845336914e-05,8861.0,18753.0
1650498069,0.01,0.010611412,0.01,2.9802322387695312e-05,2.965331077575684e-05,8860.0,11266.0
1650498070,0.01,0.010611412,0.01,2.9802322387695312e-05,2.965331077575684e-05,8860.0,11266.0
1650498071,0.01,0.0084839055,0.0,2.9772520065307617e-05,2.962350845336914e-05,6976.5,8896.5
1650498072,0.01,0.0084839055,0.0,2.9772520065307617e-05,2.962350845336914e-05,6976.5,8896.5
1650498073,0.0,0.005553949,0.005,2.9802322387695312e-05,2.965331077575684e-05,4627.5,5568.0
1650498074,0.01,0.010131393,0.0,2.9772520065307617e-05,2.962350845336914e-05,8860.0,11332.0
1650498075,0.01,0.010131393,0.0,2.9772520065307617e-05,2.962350845336914e-05,8860.0,11332.0
1650498076,0.0,0.007680431,0.005,2.9832124710083008e-05,2.968311309814453e-05,6645.0,8498.5
1650498077,0.0,0.007680431,0.005,2.9832124710083008e-05,2.968311309814453e-05,6645.0,8498.5
1650498078,0.005,0.004902891,0.0,2.9772520065307617e-05,2.962350845336914e-05,4429.5,5601.0
1650498079,0.0,0.015717317,0.0,2.9772520065307617e-05,2.962350845336914e-05,13289.0,24180.0
1650498080,0.0,0.015717317,0.0,2.9772520065307617e-05,2.962350845336914e-05,13289.0,24180.0
1650498081,0.005,0.0083091245,0.0,2.9772520065307617e-05,2.962350845336914e-05,6973.5,8697.5
1650498082,0.005,0.0083091245,0.0,2.9772520065307617e-05,2.962350845336914e-05,6973.5,8697.5
1650498083,0.005,0.0083265305,0.005,2.9772520065307617e-05,2.962350845336914e-05,6915.5,8804.5
1650498084,0.01,0.016122096,0.01,2.9832124710083008e-05,2.968311309814453e-05,13463.0,17103.0
1650498085,0.01,0.016122096,0.01,2.9832124710083008e-05,2.968311309814453e-05,13463.0,17103.0
1650498086,0.0,0.0078375445,0.0,2.9772520065307617e-05,2.962350845336914e-05,6645.0,8533.5
1650498087,0.0,0.005875831,0.0,2.9772520065307617e-05,2.962350845336914e-05,4428.0,5665.0
1650498088,0.0,0.010981358,0.0,2.9832124710083008e-05,2.968311309814453e-05,8858.0,19667.0
1650498089,0.0,0.010981358,0.0,2.9832124710083008e-05,2.968311309814453e-05,8858.0,19667.0
1650498090,0.005,0.00587878,0.0,2.9772520065307617e-05,2.962350845336914e-05,4622.0,5762.0
1650498091,0.0,0.015672659,0.01,2.9772520065307617e-05,2.962350845336914e-05,13289.0,16999.0
1650498092,0.02,0.026993168,0.01,3.084540367126465e-05,3.069639205932617e-05,22765.0,28877.0
1650498093,0.01,0.015438552,0.01,2.9832124710083008e-05,2.968311309814453e-05,13293.0,17001.0
1650498094,0.01,0.015438552,0.01,2.9832124710083008e-05,2.968311309814453e-05,13293.0,17001.0
1650498095,0.0,0.0053679875,0.005,2.9772520065307617e-05,2.962350845336914e-05,4430.0,5667.0
1650498096,0.01,0.011721273,0.0,2.9772520065307617e-05,2.962350845336914e-05,10168.0,12464.0
1650498097,0.01,0.011721273,0.0,2.9772520065307617e-05,2.962350845336914e-05,10168.0,12464.0
1650498098,0.005,0.007165437,0.0,2.9772520065307617e-05,2.962350845336914e-05,5990.0,12281.5
1650498099,0.005,0.007165437,0.0,2.9772520065307617e-05,2.962350845336914e-05,5990.0,12281.5
1650498100,0.005,0.008144774,0.0,2.9772520065307617e-05,2.962350845336914e-05,6836.5,8592.5
1650498101,0.01,0.010318938,0.0,2.9772520065307617e-05,2.962350845336914e-05,8861.0,11334.0
1650498102,0.01,0.010318938,0.0,2.9772520065307617e-05,2.962350845336914e-05,8861.0,11334.0
1650498103,0.01,0.0084344895,0.01,2.9772520065307617e-05,2.962350845336914e-05,6784.5,8770.5
1650498104,0.0,0.020639334,0.0,2.9861927032470703e-05,2.9712915420532227e-05,18120.0,22666.0
1650498105,0.0,0.020639334,0.0,2.9861927032470703e-05,2.9712915420532227e-05,18120.0,22666.0
1650498106,0.0,0.006761253,0.0,3.147125244140625e-05,3.1322240829467773e-05,5672.5,7269.0
1650498107,0.0,0.006761253,0.0,3.147125244140625e-05,3.1322240829467773e-05,5672.5,7269.0
1650498108,0.0,0.006113883,0.0,2.9772520065307617e-05,2.962350845336914e-05,5405.0,6865.5
1650498109,0.02,0.021098007,0.0,2.9772520065307617e-05,2.962350845336914e-05,17719.0,27904.0
1650498110,0.0,0.01117786,0.0,2.9772520065307617e-05,2.962350845336914e-05,9247.0,11524.0
1650498111,0.0,0.01117786,0.0,2.9772520065307617e-05,2.962350845336914e-05,9247.0,11524.0
1650498112,0.0,0.0079154195,0.005,2.9772520065307617e-05,2.962350845336914e-05,6645.0,8499.5
1650498113,0.01,0.016595157,0.01,2.9772520065307617e-05,2.962350845336914e-05,13835.0,17543.0
1650498114,0.01,0.016595157,0.01,2.9772520065307617e-05,2.962350845336914e-05,13835.0,17543.0
1650498115,0.0,0.005381791,0.005,2.9772520065307617e-05,2.962350845336914e-05,4496.0,5666.0
1650498116,0.0,0.005381791,0.005,2.9772520065307617e-05,2.962350845336914e-05,4496.0,5666.0
1650498117,0.005,0.0052241285,0.0,2.9772520065307617e-05,2.962350845336914e-05,4430.0,5667.0
1650498118,0.0,0.017865242,0.01,2.9832124710083008e-05,2.968311309814453e-05,13291.0,27261.0
1650498119,0.0,0.017865242,0.01,2.9832124710083008e-05,2.968311309814453e-05,13291.0,27261.0
1650498120,0.0,0.010495472,0.0,2.9802322387695312e-05,2.965331077575684e-05,9052.0,11428.0
1650498121,0.0,0.00540833,0.0,2.9772520065307617e-05,2.962350845336914e-05,4430.0,5667.0
1650498122,0.0,0.00540833,0.0,2.9772520065307617e-05,2.962350845336914e-05,4430.0,5667.0
1650498123,0.01,0.0135817485,0.005,2.9832124710083008e-05,2.968311309814453e-05,11076.0,14162.5
1650498124,0.01,0.017760521,0.0,2.9772520065307617e-05,2.962350845336914e-05,14008.0,17585.0
1650498125,0.01,0.015504565,0.0,3.007054328918457e-05,2.992153167724609e-05,13292.0,16865.0
1650498126,0.01,0.015504565,0.0,3.007054328918457e-05,2.992153167724609e-05,13292.0,16865.0
1650498127,0.0,0.0052234455,0.0,2.9772520065307617e-05,2.962350845336914e-05,4429.0,5666.0
1650498128,0.0,0.0052234455,0.0,2.9772520065307617e-05,2.962350845336914e-05,4429.0,5666.0
1650498129,0.005,0.0075669635,0.0,2.9772520065307617e-05,2.962350845336914e-05,6645.5,13897.5
1650498130,0.01,0.021273777,0.01,2.9832124710083008e-05,2.968311309814453e-05,18106.0,22788.0
1650498131,0.01,0.021273777,0.01,2.9832124710083008e-05,2.968311309814453e-05,18106.0,22788.0
1650498132,0.005,0.0051725985,0.0,2.9772520065307617e-05,2.962350845336914e-05,4429.0,5664.0
1650498133,0.0,0.016242955,0.0,2.9772520065307617e-05,2.962350845336914e-05,13290.0,16995.0
1650498134,0.0,0.016242955,0.0,2.9772520065307617e-05,2.962350845336914e-05,13290.0,16995.0
1650498135,0.01,0.0058734055,0.005,2.9772520065307617e-05,2.962350845336914e-05,4702.0,5939.0
1650498136,0.02,0.020672487,0.0,2.9772520065307617e-05,2.962350845336914e-05,17853.0,22592.0
1650498137,0.02,0.020672487,0.0,2.9772520065307617e-05,2.962350845336914e-05,17853.0,22592.0
1650498138,0.0,0.00747035,0.01,2.9832124710083008e-05,2.968311309814453e-05,6645.5,8467.5
1650498139,0.01,0.011999128,0.0,2.9772520065307617e-05,2.962350845336914e-05,8855.0,20826.0
1650498140,0.0,0.011744162,0.01,2.9772520065307617e-05,2.962350845336914e-05,9245.0,11392.0
1650498141,0.0,0.011744162,0.01,2.9772520065307617e-05,2.962350845336914e-05,9245.0,11392.0
1650498142,0.005,0.0073900325,0.0,3.039836883544922e-05,3.0249357223510746e-05,5812.5,7269.0
1650498143,0.0,0.013500367,0.01,2.9772520065307617e-05,2.962350845336914e-05,10524.0,13597.0
1650498144,0.0,0.013500367,0.01,2.9772520065307617e-05,2.962350845336914e-05,10524.0,13597.0
1650498145,0.0,0.005450949,0.0,2.9772520065307617e-05,2.962350845336914e-05,4702.5,5938.0
1650498146,0.0,0.005450949,0.0,2.9772520065307617e-05,2.962350845336914e-05,4702.5,5938.0
1650498147,0.005,0.01044371,0.005,2.9772520065307617e-05,2.962350845336914e-05,8926.5,11333.0
1650498148,0.0,0.005801474,0.0,2.9772520065307617e-05,2.962350845336914e-05,4430.0,14967.0
1650498149,0.02,0.020811547,0.01,2.9772520065307617e-05,2.962350845336914e-05,17723.0,22534.0
1650498150,0.02,0.020811547,0.01,2.9772520065307617e-05,2.962350845336914e-05,17723.0,22534.0
1650498151,0.0,0.0053972065,0.005,2.9802322387695312e-05,2.965331077575684e-05,4622.5,5727.0
1650498152,0.02,0.021243958,0.0,2.9772520065307617e-05,2.962350845336914e-05,17722.0,22662.0
1650498153,0.02,0.021243958,0.0,2.9772520065307617e-05,2.962350845336914e-05,17722.0,22662.0
1650498154,0.0,0.00541715,0.005,2.9772520065307617e-05,2.962350845336914e-05,4430.0,5667.0
1650498155,0.0,0.016762081,0.01,2.9772520065307617e-05,2.962350845336914e-05,13965.0,17543.0
1650498156,0.0,0.016762081,0.01,2.9772520065307617e-05,2.962350845336914e-05,13965.0,17543.0
1650498157,0.005,0.0054718595,0.005,2.9772520065307617e-05,2.962350845336914e-05,4431.0,5666.0
1650498158,0.01,0.010690828,0.0,2.9832124710083008e-05,2.968311309814453e-05,8861.0,20060.0
1650498159,0.01,0.010690828,0.0,2.9832124710083008e-05,2.968311309814453e-05,8861.0,20060.0
1650498160,0.005,0.0107095485,0.0,2.9772520065307617e-05,2.962350845336914e-05,9019.5,11426.0
1650498161,0.01,0.022263318,0.0,2.9832124710083008e-05,2.968311309814453e-05,17721.0,22666.0
1650498162,0.01,0.022263318,0.0,2.9832124710083008e-05,2.968311309814453e-05,17721.0,22666.0
1650498163,0.0,0.0160260165,0.01,2.9772520065307617e-05,2.962350845336914e-05,13290.5,16967.0
1650498164,0.01,0.010754484,0.01,3.0338764190673828e-05,3.018975257873535e-05,8861.0,11198.0
1650498165,0.01,0.010754484,0.01,3.0338764190673828e-05,3.018975257873535e-05,8861.0,11198.0
1650498166,0.005,0.0082440265,0.005,2.9772520065307617e-05,2.962350845336914e-05,6983.0,8573.5
1650498167,0.005,0.0082440265,0.005,2.9772520065307617e-05,2.962350845336914e-05,6983.0,8573.5
1650498168,0.0,0.005422532,0.0,2.9772520065307617e-05,2.962350845336914e-05,4430.0,5667.0
1650498169,0.0,0.010740899,0.0,2.9772520065307617e-05,2.962350845336914e-05,8855.0,25197.0
1650498170,0.01,0.010358809,0.0,2.9832124710083008e-05,2.968311309814453e-05,9242.0,11516.0
1650498171,0.01,0.010358809,0.0,2.9832124710083008e-05,2.968311309814453e-05,9242.0,11516.0
1650498172,0.0,0.002631329,0.005,2.9772520065307617e-05,2.962350845336914e-05,2215.0,2832.5
1650498173,0.0,0.015955658,0.0,2.9772520065307617e-05,2.962350845336914e-05,13329.0,16843.0
1650498174,0.0,0.015955658,0.0,2.9772520065307617e-05,2.962350845336914e-05,13329.0,16843.0
1650498175,0.0,0.005152374,0.0,2.9772520065307617e-05,2.962350845336914e-05,4430.0,5667.0
1650498176,0.01,0.016386217,0.01,2.9772520065307617e-05,2.962350845336914e-05,13968.0,17477.0
1650498177,0.01,0.016386217,0.01,2.9772520065307617e-05,2.962350845336914e-05,13968.0,17477.0
1650498178,0.0,0.005214678,0.0,2.9802322387695312e-05,2.965331077575684e-05,4430.5,8684.5
1650498179,0.0,0.005214678,0.0,2.9802322387695312e-05,2.965331077575684e-05,4430.5,8684.5
1650498180,0.01,0.012712076,0.005,3.072619438171387e-05,3.057718276977539e-05,10836.5,13858.0
1650498181,0.01,0.012712076,0.005,3.072619438171387e-05,3.057718276977539e-05,10836.5,13858.0
1650498182,0.0,0.008259451,0.0,2.9772520065307617e-05,2.962350845336914e-05,7075.5,8870.0
1650498183,0.0,0.010739829,0.0,2.9772520065307617e-05,2.962350845336914e-05,8858.0,11332.0
1650498184,0.0,0.010207099,0.01,2.9832124710083008e-05,2.968311309814453e-05,8861.0,11268.0
1650498185,0.0,0.010207099,0.01,2.9832124710083008e-05,2.968311309814453e-05,8861.0,11268.0
1650498186,0.0,0.0053063465,0.005,2.9772520065307617e-05,2.962350845336914e-05,4429.0,5665.0
1650498187,0.01,0.016903961,0.01,2.9772520065307617e-05,2.962350845336914e-05,13967.0,17413.0
1650498188,0.01,0.016903961,0.01,2.9772520065307617e-05,2.962350845336914e-05,13967.0,17413.0
1650498189,0.01,0.0102388745,0.005,2.9772520065307617e-05,2.962350845336914e-05,8860.5,16743.0
1650498190,0.01,0.015692245,0.0,2.9772520065307617e-05,2.962350845336914e-05,13677.0,16993.0
1650498191,0.01,0.015692245,0.0,2.9772520065307617e-05,2.962350845336914e-05,13677.0,16993.0
1650498192,0.0,0.007651442,0.0,2.9772520065307617e-05,2.962350845336914e-05,6645.5,8500.5
1650498193,0.0,0.010217449,0.0,2.9772520065307617e-05,2.962350845336914e-05,8861.0,11334.0
1650498194,0.0,0.010217449,0.0,2.9772520065307617e-05,2.962350845336914e-05,8861.0,11334.0
1650498195,0.01,0.0054508255,0.005,2.9772520065307617e-05,2.962350845336914e-05,4431.0,5667.0
1650498196,0.0,0.021974986,0.0,2.9772520065307617e-05,2.962350845336914e-05,18003.0,23212.0
1650498197,0.0,0.021974986,0.0,2.9772520065307617e-05,2.962350845336914e-05,18003.0,23212.0
1650498198,0.0,0.007763473,0.0,2.9772520065307617e-05,2.962350845336914e-05,6843.0,11245.5
1650498199,0.0,0.007763473,0.0,2.9772520065307617e-05,2.962350845336914e-05,6843.0,11245.5
1650498200,0.01,0.0077282225,0.005,2.9772520065307617e-05,2.962350845336914e-05,6837.5,8561.5
1650498201,0.0,0.004821374,0.0,2.9832124710083008e-05,2.968311309814453e-05,4430.0,5733.0
1650498202,0.0,0.004821374,0.0,2.9832124710083008e-05,2.968311309814453e-05,4430.0,5733.0
1650498203,0.005,0.0052890695,0.0,2.9772520065307617e-05,2.962350845336914e-05,4430.0,5666.0
1650498204,0.01,0.025943518,0.0,2.9772520065307617e-05,2.962350845336914e-05,22151.0,28331.0
1650498205,0.01,0.025943518,0.0,2.9772520065307617e-05,2.962350845336914e-05,22151.0,28331.0
1650498206,0.005,0.0051204905,0.0,2.9772520065307617e-05,2.962350845336914e-05,4430.0,5666.0
1650498207,0.0,0.016327776,0.01,2.9772520065307617e-05,2.962350845336914e-05,13968.0,17479.0
1650498208,0.0,0.016327776,0.01,2.9772520065307617e-05,2.962350845336914e-05,13968.0,17479.0
1650498209,0.0,0.005291476,0.0,2.9772520065307617e-05,2.962350845336914e-05,4430.5,9271.0
1650498210,0.0,0.005291476,0.0,2.9772520065307617e-05,2.962350845336914e-05,4430.5,9271.0
1650498211,0.01,0.007684831,0.005,2.9772520065307617e-05,2.962350845336914e-05,6838.0,8595.5
1650498212,0.0,0.021038254,0.0,2.9772520065307617e-05,2.962350845336914e-05,17719.0,22664.0
1650498213,0.0,0.005204551,0.0,2.9772520065307617e-05,2.962350845336914e-05,4430.0,5667.0
1650498214,0.0,0.015193209,0.0,2.995133399963379e-05,2.9802322387695312e-05,13291.0,16801.0
1650498215,0.0,0.015193209,0.0,2.995133399963379e-05,2.9802322387695312e-05,13291.0,16801.0
1650498216,0.0,0.0053994495,0.005,2.9772520065307617e-05,2.962350845336914e-05,4430.5,5666.0
1650498217,0.02,0.010721942,0.0,2.9772520065307617e-05,2.962350845336914e-05,9405.0,11876.0
1650498218,0.02,0.010721942,0.0,2.9772520065307617e-05,2.962350845336914e-05,9405.0,11876.0
1650498219,0.0,0.0051773655,0.0,2.9802322387695312e-05,2.965331077575684e-05,4496.5,7684.5
1650498220,0.0,0.005857135,0.01,2.9772520065307617e-05,2.962350845336914e-05,5734.0,6719.0
1650498221,0.0,0.005857135,0.01,2.9772520065307617e-05,2.962350845336914e-05,5734.0,6719.0
1650498222,0.005,0.005105417,0.0,2.9772520065307617e-05,2.962350845336914e-05,3969.0,5234.0
1650498223,0.03,0.026811639,0.02,2.9832124710083008e-05,2.968311309814453e-05,22196.0,28377.0
1650498224,0.03,0.026811639,0.02,2.9832124710083008e-05,2.968311309814453e-05,22196.0,28377.0
1650498225,0.005,0.013344357,0.0,2.9772520065307617e-05,2.962350845336914e-05,11075.5,14131.5
1650498226,0.005,0.013344357,0.0,2.9772520065307617e-05,2.962350845336914e-05,11075.5,14131.5
1650498227,0.01,0.0052935,0.005,2.9772520065307617e-05,2.962350845336914e-05,4430.0,5600.0
1650498228,0.0,0.011640872,0.0,2.9772520065307617e-05,2.962350845336914e-05,9403.0,21857.0
1650498229,0.0,0.011640872,0.0,2.9772520065307617e-05,2.962350845336914e-05,9403.0,21857.0
1650498230,0.01,0.0079440905,0.0,2.9832124710083008e-05,2.968311309814453e-05,6904.5,8595.5
1650498231,0.01,0.0079440905,0.0,2.9832124710083008e-05,2.968311309814453e-05,6904.5,8595.5
1650498232,0.01,0.0079309895,0.005,2.9772520065307617e-05,2.962350845336914e-05,6645.0,8498.5
1650498233,0.0,0.005366389,0.0,2.9772520065307617e-05,2.962350845336914e-05,4430.0,5667.0
1650498234,0.0,0.005366389,0.0,2.9772520065307617e-05,2.962350845336914e-05,4430.0,5667.0
1650498235,0.015,0.01027683,0.0,2.9832124710083008e-05,2.968311309814453e-05,8858.5,11296.0
1650498236,0.0,0.005166616,0.0,2.9772520065307617e-05,2.962350845336914e-05,4428.0,5665.0
1650498237,0.0,0.005166616,0.0,2.9772520065307617e-05,2.962350845336914e-05,4428.0,5665.0
1650498238,0.0,0.00533636,0.005,2.9772520065307617e-05,2.962350845336914e-05,4569.0,8176.0
1650498239,0.0,0.00533636,0.005,2.9772520065307617e-05,2.962350845336914e-05,4569.0,8176.0
1650498240,0.01,0.0156028955,0.005,2.9772520065307617e-05,2.962350845336914e-05,13676.5,17093.0
1650498241,0.01,0.011399145,0.0,3.120303153991699e-05,3.105401992797852e-05,8861.0,11334.0
1650498242,0.01,0.021279229,0.01,2.9772520065307617e-05,2.962350845336914e-05,17722.0,22536.0
1650498243,0.01,0.021279229,0.01,2.9772520065307617e-05,2.962350845336914e-05,17722.0,22536.0
1650498244,0.005,0.007808842,0.0,2.9802322387695312e-05,2.965331077575684e-05,6643.5,8500.5
1650498245,0.005,0.007808842,0.0,2.9802322387695312e-05,2.965331077575684e-05,6643.5,8500.5
1650498246,0.005,0.0107658715,0.005,2.9802322387695312e-05,2.965331077575684e-05,8860.0,11334.0
1650498247,0.0,0.0102897,0.01,2.9772520065307617e-05,2.962350845336914e-05,8860.0,11268.0
1650498248,0.0,0.0102897,0.01,2.9772520065307617e-05,2.962350845336914e-05,8860.0,11268.0
1650498249,0.005,0.011030241,0.0,2.9832124710083008e-05,2.968311309814453e-05,9199.5,18633.0
1650498250,0.005,0.011030241,0.0,2.9832124710083008e-05,2.968311309814453e-05,9199.5,18633.0
1650498251,0.005,0.0079337135,0.0,2.9772520065307617e-05,2.962350845336914e-05,6837.0,8595.5
1650498252,0.01,0.015375849,0.01,2.9772520065307617e-05,2.962350845336914e-05,13290.0,16869.0
1650498253,0.01,0.015375849,0.01,2.9772520065307617e-05,2.962350845336914e-05,13290.0,16869.0
1650498254,0.005,0.0080076785,0.005,2.9772520065307617e-05,2.962350845336914e-05,6645.0,8500.5
1650498255,0.005,0.0080076785,0.005,2.9772520065307617e-05,2.962350845336914e-05,6645.0,8500.5
1650498256,0.0,0.0077602295,0.0,2.9802322387695312e-05,2.965331077575684e-05,6643.0,8495.5
1650498257,0.01,0.010197149,0.01,2.9772520065307617e-05,2.962350845336914e-05,8861.0,11334.0
1650498258,0.01,0.010197149,0.01,2.9772520065307617e-05,2.962350845336914e-05,8861.0,11334.0
1650498259,0.01,0.013371672,0.0,3.2961368560791016e-05,3.281235694885254e-05,10949.0,17263.0
1650498260,0.01,0.013371672,0.0,3.2961368560791016e-05,3.281235694885254e-05,10949.0,17263.0
1650498261,0.005,0.008484074,0.0,2.9772520065307617e-05,2.962350845336914e-05,7302.0,8963.0
1650498262,0.0,0.021367337,0.0,2.9772520065307617e-05,2.962350845336914e-05,17719.0,22466.0
1650498263,0.0,0.021367337,0.0,2.9772520065307617e-05,2.962350845336914e-05,17719.0,22466.0
1650498264,0.005,0.005570642,0.0,2.9772520065307617e-05,2.962350845336914e-05,4430.5,5667.0
1650498265,0.0,0.010929048,0.0,2.9772520065307617e-05,2.962350845336914e-05,8862.0,11334.0
1650498266,0.0,0.010929048,0.0,2.9772520065307617e-05,2.962350845336914e-05,8862.0,11334.0
1650498267,0.0,0.0081153785,0.005,2.9772520065307617e-05,2.962350845336914e-05,6644.5,8498.5
1650498268,0.0,0.015879304,0.01,2.9772520065307617e-05,2.962350845336914e-05,13292.0,27954.0
1650498269,0.0,0.015879304,0.01,2.9772520065307617e-05,2.962350845336914e-05,13292.0,27954.0
1650498270,0.005,0.0114461305,0.01,2.9832124710083008e-05,2.968311309814453e-05,9391.5,11701.0
1650498271,0.005,0.0114461305,0.01,2.9832124710083008e-05,2.968311309814453e-05,9391.5,11701.0
1650498272,0.01,0.007959199,0.0,2.9772520065307617e-05,2.962350845336914e-05,6645.5,8500.5
1650498273,0.01,0.020803866,0.0,2.9861927032470703e-05,2.9712915420532227e-05,17719.0,22664.0
1650498274,0.01,0.020803866,0.0,2.9861927032470703e-05,2.9712915420532227e-05,17719.0,22664.0
1650498275,0.005,0.0103312315,0.005,2.9772520065307617e-05,2.962350845336914e-05,8948.0,11418.0
1650498276,0.01,0.010260949,0.0,2.9772520065307617e-05,2.962350845336914e-05,8859.0,11332.0
1650498277,0.01,0.010260949,0.0,2.9772520065307617e-05,2.962350845336914e-05,8859.0,11332.0
1650498278,0.01,0.0080522385,0.0,2.9832124710083008e-05,2.968311309814453e-05,6644.0,12804.0
1650498279,0.0,0.005719287,0.01,2.9772520065307617e-05,2.962350845336914e-05,4431.0,5667.0
1650498280,0.0,0.011190257,0.0,2.9772520065307617e-05,2.962350845336914e-05,9790.0,11934.0
1650498281,0.0,0.011190257,0.0,2.9772520065307617e-05,2.962350845336914e-05,9790.0,11934.0
1650498282,0.005,0.0079870485,0.005,2.9802322387695312e-05,2.965331077575684e-05,6709.5,8499.5
1650498283,0.005,0.0079870485,0.005,2.9802322387695312e-05,2.965331077575684e-05,6709.5,8499.5
1650498284,0.005,0.0054664865,0.0,2.9772520065307617e-05,2.962350845336914e-05,4429.5,5663.0
1650498285,0.005,0.0054664865,0.0,2.9772520065307617e-05,2.962350845336914e-05,4429.5,5663.0
1650498286,0.005,0.010191329,0.0,2.9832124710083008e-05,2.968311309814453e-05,8860.0,11332.0
1650498287,0.0,0.010684073,0.01,2.9832124710083008e-05,2.968311309814453e-05,8860.0,11332.0
1650498288,0.01,0.010721835,0.0,2.9772520065307617e-05,2.962350845336914e-05,8861.0,20260.0
1650498289,0.01,0.010721835,0.0,2.9772520065307617e-05,2.962350845336914e-05,8861.0,20260.0
1650498290,0.0,0.00280681,0.0,2.9802322387695312e-05,2.965331077575684e-05,2408.0,2928.5
1650498291,0.01,0.011542967,0.0,2.9772520065307617e-05,2.962350845336914e-05,9403.0,11874.0
1650498292,0.01,0.011542967,0.0,2.9772520065307617e-05,2.962350845336914e-05,9403.0,11874.0
1650498293,0.005,0.0077373025,0.01,2.9772520065307617e-05,2.962350845336914e-05,6711.0,8499.5
1650498294,0.0,0.010327373,0.0,2.9772520065307617e-05,2.962350845336914e-05,8859.0,11330.0
1650498295,0.0,0.010327373,0.0,2.9772520065307617e-05,2.962350845336914e-05,8859.0,11330.0
1650498296,0.0,0.007820651,0.005,2.9772520065307617e-05,2.962350845336914e-05,6646.0,8499.5
1650498297,0.01,0.009942822,0.0,2.9802322387695312e-05,2.965331077575684e-05,8862.0,11334.0
1650498298,0.01,0.009942822,0.0,2.9802322387695312e-05,2.965331077575684e-05,8862.0,11334.0
1650498299,0.0,0.0053382435,0.0,2.9772520065307617e-05,2.962350845336914e-05,4428.0,8859.5
1650498300,0.01,0.01120726,0.0,2.9772520065307617e-05,2.962350845336914e-05,9527.0,12068.0
1650498301,0.01,0.01120726,0.0,2.9772520065307617e-05,2.962350845336914e-05,9527.0,12068.0
1650498302,0.0,0.002579963,0.0,2.9772520065307617e-05,2.962350845336914e-05,2346.0,2831.5
1650498303,0.01,0.015294482,0.0,2.9802322387695312e-05,2.965331077575684e-05,13422.0,16999.0
1650498304,0.0,0.01567617,0.01,2.9981136322021484e-05,2.9832124710083008e-05,13290.0,17001.0
1650498305,0.0,0.01567617,0.01,2.9981136322021484e-05,2.9832124710083008e-05,13290.0,17001.0
1650498306,0.0,0.0050907465,0.0,2.9861927032470703e-05,2.9712915420532227e-05,4430.5,5667.0
1650498307,0.0,0.0050907465,0.0,2.9861927032470703e-05,2.9712915420532227e-05,4430.5,5667.0
1650498308,0.005,0.010148255,0.0,3.102421760559082e-05,3.0875205993652344e-05,8395.5,10929.5
1650498309,0.0,0.011383053,0.0,2.9832124710083008e-05,2.968311309814453e-05,9789.0,16524.0
1650498310,0.0,0.009723697,0.0,3.0159950256347656e-05,3.001093864440918e-05,8723.0,11054.0
1650498311,0.01,0.012427696,0.0,2.9772520065307617e-05,2.962350845336914e-05,9921.0,12336.0
1650498312,0.01,0.012427696,0.0,2.9772520065307617e-05,2.962350845336914e-05,9921.0,12336.0
1650498313,0.0,0.005356116,0.005,2.9772520065307617e-05,2.962350845336914e-05,4496.0,5667.0
1650498314,0.0,0.005356116,0.005,2.9772520065307617e-05,2.962350845336914e-05,4496.0,5667.0
1650498315,0.0,0.0078279105,0.0,2.9772520065307617e-05,2.962350845336914e-05,6646.5,8434.5
1650498316,0.0,0.0078279105,0.0,2.9772520065307617e-05,2.962350845336914e-05,6646.5,8434.5
1650498317,0.01,0.0107428065,0.005,2.9772520065307617e-05,2.962350845336914e-05,8859.5,11333.0
1650498318,0.01,0.0107428065,0.005,2.9772520065307617e-05,2.962350845336914e-05,8859.5,11333.0
1650498319,0.0,0.0080533815,0.0,2.9772520065307617e-05,2.962350845336914e-05,6642.5,13559.0
1650498320,0.0,0.010632603,0.01,2.9772520065307617e-05,2.962350845336914e-05,9246.0,11524.0
1650498321,0.02,0.010578831,0.0,2.9772520065307617e-05,2.962350845336914e-05,9140.0,11678.0
1650498322,0.02,0.010015174,0.0,2.9772520065307617e-05,2.962350845336914e-05,9256.0,11332.0
1650498323,0.02,0.010015174,0.0,2.9772520065307617e-05,2.962350845336914e-05,9256.0,11332.0
1650498324,0.005,0.005529501,0.0,2.9832124710083008e-05,2.968311309814453e-05,4451.0,5687.0
1650498325,0.0,0.005178264,0.0,2.9772520065307617e-05,2.962350845336914e-05,4431.0,5601.0
1650498326,0.01,0.020490356,0.01,2.9772520065307617e-05,2.962350845336914e-05,17720.0,22596.0
1650498327,0.01,0.020490356,0.01,2.9772520065307617e-05,2.962350845336914e-05,17720.0,22596.0
1650498328,0.005,0.005454296,0.01,2.9772520065307617e-05,2.962350845336914e-05,4429.5,8248.0
1650498329,0.0,0.005463413,0.01,2.9772520065307617e-05,2.962350845336914e-05,4431.0,5667.0
1650498330,0.0,0.005463413,0.01,2.9772520065307617e-05,2.962350845336914e-05,4431.0,5667.0
1650498331,0.0,0.005653222,0.0,2.9772520065307617e-05,2.962350845336914e-05,4623.5,5761.0
1650498332,0.01,0.016354566,0.0,2.9772520065307617e-05,2.962350845336914e-05,13969.0,17545.0
1650498333,0.01,0.005151791,0.0,2.9772520065307617e-05,2.962350845336914e-05,4431.0,5469.0
1650498334,0.01,0.005151791,0.0,2.9772520065307617e-05,2.962350845336914e-05,4431.0,5469.0
1650498335,0.0,0.0077233485,0.0,2.9772520065307617e-05,2.962350845336914e-05,6645.0,8498.5
1650498336,0.0,0.01045549,0.01,2.9772520065307617e-05,2.962350845336914e-05,8862.0,11332.0
1650498337,0.0,0.01045549,0.01,2.9772520065307617e-05,2.962350845336914e-05,8862.0,11332.0
1650498338,0.01,0.0135862635,0.005,2.98917293548584e-05,2.974271774291992e-05,11075.0,14100.5
1650498339,0.0,0.005597384,0.0,2.9772520065307617e-05,2.962350845336914e-05,4430.0,13816.0
1650498340,0.0,0.005686969,0.0,2.9772520065307617e-05,2.962350845336914e-05,4948.0,5989.0
1650498341,0.0,0.005686969,0.0,2.9772520065307617e-05,2.962350845336914e-05,4948.0,5989.0
1650498342,0.0,0.0107372095,0.01,2.9772520065307617e-05,2.962350845336914e-05,9197.5,11606.0
1650498343,0.0,0.0107372095,0.01,2.9772520065307617e-05,2.962350845336914e-05,9197.5,11606.0
1650498344,0.01,0.013138076,0.01,2.9772520065307617e-05,2.962350845336914e-05,11075.5,14166.5
1650498345,0.01,0.013138076,0.01,2.9772520065307617e-05,2.962350845336914e-05,11075.5,14166.5
1650498346,0.005,0.0078602095,0.0,2.9832124710083008e-05,2.968311309814453e-05,6646.0,8500.5
1650498347,0.01,0.015067684,0.0,2.9772520065307617e-05,2.962350845336914e-05,13292.0,17001.0
1650498348,0.01,0.015067684,0.0,2.9772520065307617e-05,2.962350845336914e-05,13292.0,17001.0
1650498349,0.005,0.0052533795,0.0,2.9802322387695312e-05,2.965331077575684e-05,4430.0,9164.5
1650498350,0.01,0.010400943,0.0,2.9772520065307617e-05,2.962350845336914e-05,9245.0,11524.0
1650498351,0.01,0.010400943,0.0,2.9772520065307617e-05,2.962350845336914e-05,9245.0,11524.0
1650498352,0.0,0.0186674105,0.005,3.0308961868286133e-05,3.0159950256347656e-05,15413.0,19736.0
1650498353,0.0,0.011096898,0.0,2.9802322387695312e-05,2.965331077575684e-05,9723.0,11875.0
1650498354,0.0,0.011096898,0.0,2.9802322387695312e-05,2.965331077575684e-05,9723.0,11875.0
1650498355,0.005,0.010196144,0.005,2.9772520065307617e-05,2.962350845336914e-05,8860.0,11299.0
1650498356,0.005,0.010196144,0.005,2.9772520065307617e-05,2.962350845336914e-05,8860.0,11299.0
1650498357,0.0,0.005124181,0.0,2.9772520065307617e-05,2.962350845336914e-05,4430.0,5667.0
1650498358,0.01,0.007629986,0.0,3.2514333724975586e-05,3.236532211303711e-05,6913.0,17123.0
1650498359,0.0,0.012897661,0.0,2.9772520065307617e-05,2.962350845336914e-05,10810.0,13731.0
1650498360,0.0,0.012897661,0.0,2.9772520065307617e-05,2.962350845336914e-05,10810.0,13731.0
1650498361,0.0,0.0026369735,0.0,2.9772520065307617e-05,2.962350845336914e-05,2407.5,2894.5
1650498362,0.0,0.01671602,0.0,2.9772520065307617e-05,2.962350845336914e-05,13835.0,17545.0
1650498363,0.0,0.01671602,0.0,2.9772520065307617e-05,2.962350845336914e-05,13835.0,17545.0
1650498364,0.005,0.0080549745,0.005,2.9772520065307617e-05,2.962350845336914e-05,6710.0,8499.5
1650498365,0.01,0.0106547,0.0,2.9772520065307617e-05,2.962350845336914e-05,8859.0,11332.0
1650498366,0.01,0.0106547,0.0,2.9772520065307617e-05,2.962350845336914e-05,8859.0,11332.0
1650498367,0.0,0.0051353725,0.005,2.9832124710083008e-05,2.968311309814453e-05,4430.0,5667.0
1650498368,0.02,0.015313276,0.01,2.9772520065307617e-05,2.962350845336914e-05,13293.0,23817.0
1650498369,0.02,0.015313276,0.01,2.9772520065307617e-05,2.962350845336914e-05,13293.0,23817.0
1650498370,0.0,0.0080850945,0.005,2.9772520065307617e-05,2.962350845336914e-05,6837.5,8493.5
1650498371,0.01,0.015555723,0.0,2.9772520065307617e-05,2.962350845336914e-05,13291.0,16999.0
1650498372,0.01,0.015555723,0.0,2.9772520065307617e-05,2.962350845336914e-05,13291.0,16999.0
1650498373,0.01,0.008321793,0.0,2.9802322387695312e-05,2.965331077575684e-05,7004.0,8726.5
1650498374,0.01,0.008321793,0.0,2.9802322387695312e-05,2.965331077575684e-05,7004.0,8726.5
1650498375,0.0,0.002814042,0.0,2.9772520065307617e-05,2.962350845336914e-05,2213.0,2831.5
1650498376,0.01,0.015328515,0.01,2.9832124710083008e-05,2.968311309814453e-05,13291.0,17001.0
1650498377,0.01,0.005024141,0.0,2.9802322387695312e-05,2.965331077575684e-05,4430.0,5665.0
1650498378,0.01,0.021663821,0.01,2.9772520065307617e-05,2.962350845336914e-05,17718.0,32846.0
1650498379,0.01,0.015992916,0.0,2.995133399963379e-05,2.9802322387695312e-05,13676.0,17191.0
1650498380,0.01,0.015992916,0.0,2.995133399963379e-05,2.9802322387695312e-05,13676.0,17191.0
1650498381,0.005,0.0077529975,0.0,2.9772520065307617e-05,2.962350845336914e-05,6645.0,8401.5
1650498382,0.01,0.012038825,0.0,2.9772520065307617e-05,2.962350845336914e-05,9138.0,11876.0
1650498383,0.01,0.012038825,0.0,2.9772520065307617e-05,2.962350845336914e-05,9138.0,11876.0
1650498384,0.005,0.0104633415,0.005,2.9802322387695312e-05,2.965331077575684e-05,9057.5,11332.0
1650498385,0.01,0.01661116,0.0,2.9772520065307617e-05,2.962350845336914e-05,13291.0,17001.0
1650498386,0.0,0.010315348,0.01,2.98917293548584e-05,2.974271774291992e-05,8861.0,11334.0
1650498387,0.0,0.010315348,0.01,2.98917293548584e-05,2.974271774291992e-05,8861.0,11334.0
1650498388,0.0,0.008825155,0.0,3.0040740966796875e-05,2.98917293548584e-05,6645.5,15135.0
1650498389,0.0,0.008825155,0.0,3.0040740966796875e-05,2.98917293548584e-05,6645.5,15135.0
1650498390,0.0,0.003229815,0.0,2.9772520065307617e-05,2.962350845336914e-05,2735.0,3261.0
1650498391,0.01,0.011149759,0.01,2.9772520065307617e-05,2.962350845336914e-05,8204.0,10665.0
1650498392,0.01,0.011149759,0.01,2.9772520065307617e-05,2.962350845336914e-05,8204.0,10665.0
1650498393,0.0,0.0061483195,0.0,2.9832124710083008e-05,2.968311309814453e-05,4570.5,5939.0
1650498394,0.0,0.005160755,0.01,2.9772520065307617e-05,2.962350845336914e-05,4695.0,5667.0
1650498395,0.02,0.01040748,0.0,2.9772520065307617e-05,2.962350845336914e-05,8992.0,11334.0
1650498396,0.02,0.01040748,0.0,2.9772520065307617e-05,2.962350845336914e-05,8992.0,11334.0
1650498397,0.01,0.013151035,0.005,2.9772520065307617e-05,2.962350845336914e-05,11074.0,14063.5
1650498398,0.01,0.010318309,0.0,2.9772520065307617e-05,2.962350845336914e-05,8860.0,18838.0
1650498399,0.01,0.010318309,0.0,2.9772520065307617e-05,2.962350845336914e-05,8860.0,18838.0
1650498400,0.005,0.007925263,0.0,2.9772520065307617e-05,2.962350845336914e-05,6838.0,8528.5
1650498401,0.005,0.007925263,0.0,2.9772520065307617e-05,2.962350845336914e-05,6838.0,8528.5
1650498402,0.01,0.007644075,0.005,3.170967102050781e-05,3.1560659408569336e-05,6215.0,8131.0
1650498403,0.0,0.007002165,0.0,2.9861927032470703e-05,2.9712915420532227e-05,5570.0,6948.0
1650498404,0.0,0.007002165,0.0,2.9861927032470703e-05,2.9712915420532227e-05,5570.0,6948.0
1650498405,0.0,0.005255943,0.0,2.9772520065307617e-05,2.962350845336914e-05,4628.5,5667.0
1650498406,0.0,0.005255943,0.0,2.9772520065307617e-05,2.962350845336914e-05,4628.5,5667.0
1650498407,0.005,0.010203619,0.0,2.9772520065307617e-05,2.962350845336914e-05,8860.0,11333.0
1650498408,0.01,0.005879076,0.0,2.9772520065307617e-05,2.962350845336914e-05,4428.0,12903.0
1650498409,0.01,0.005879076,0.0,2.9772520065307617e-05,2.962350845336914e-05,4428.0,12903.0
1650498410,0.0,0.0079467925,0.005,2.9772520065307617e-05,2.962350845336914e-05,6836.0,8593.5
1650498411,0.01,0.015593732,0.0,2.9772520065307617e-05,2.962350845336914e-05,13290.0,17001.0
1650498412,0.01,0.015593732,0.0,2.9772520065307617e-05,2.962350845336914e-05,13290.0,17001.0
1650498413,0.005,0.0078472865,0.005,3.0100345611572266e-05,2.995133399963379e-05,6645.0,8333.5
1650498414,0.005,0.0078472865,0.005,3.0100345611572266e-05,2.995133399963379e-05,6645.0,8333.5
1650498415,0.0,0.0056052815,0.0,2.9772520065307617e-05,2.962350845336914e-05,4702.5,6004.0
1650498416,0.0,0.0056052815,0.0,2.9772520065307617e-05,2.962350845336914e-05,4702.5,6004.0
1650498417,0.005,0.008026823,0.0,2.9802322387695312e-05,2.965331077575684e-05,6711.5,8499.5
1650498418,0.0,0.01054052,0.01,2.9772520065307617e-05,2.962350845336914e-05,8861.0,18791.0
1650498419,0.0,0.01054052,0.01,2.9772520065307617e-05,2.962350845336914e-05,8861.0,18791.0
1650498420,0.0,0.0133471355,0.0,2.9772520065307617e-05,2.962350845336914e-05,11269.0,14261.5
1650498421,0.0,0.010764813,0.0,2.9802322387695312e-05,2.965331077575684e-05,8861.0,11334.0
1650498422,0.0,0.010764813,0.0,2.9802322387695312e-05,2.965331077575684e-05,8861.0,11334.0
1650498423,0.005,0.010053441,0.005,2.98917293548584e-05,2.974271774291992e-05,8861.0,11333.0
1650498424,0.005,0.010053441,0.005,2.98917293548584e-05,2.974271774291992e-05,8861.0,11333.0
1650498425,0.005,0.0086053475,0.0,2.9832124710083008e-05,2.968311309814453e-05,6785.0,8771.5
1650498426,0.005,0.0086053475,0.0,2.9832124710083008e-05,2.968311309814453e-05,6785.0,8771.5
1650498427,0.01,0.0099061585,0.0,3.0487775802612305e-05,3.0338764190673828e-05,8626.5,10964.5
1650498428,0.01,0.011678825,0.0,2.995133399963379e-05,2.9802322387695312e-05,9722.0,23065.0
1650498429,0.01,0.011678825,0.0,2.995133399963379e-05,2.9802322387695312e-05,9722.0,23065.0
1650498430,0.005,0.0052229755,0.0,2.9772520065307617e-05,2.962350845336914e-05,4622.5,5728.0
1650498431,0.01,0.015967476,0.0,2.9802322387695312e-05,2.965331077575684e-05,13287.0,16797.0
1650498432,0.01,0.015967476,0.0,2.9802322387695312e-05,2.965331077575684e-05,13287.0,16797.0
1650498433,0.005,0.010126172,0.005,2.9772520065307617e-05,2.962350845336914e-05,8860.0,11366.0
1650498434,0.005,0.010126172,0.005,2.9772520065307617e-05,2.962350845336914e-05,8860.0,11366.0
1650498435,0.005,0.010483147,0.005,2.9772520065307617e-05,2.962350845336914e-05,8880.5,11355.0
1650498436,0.01,0.011388434,0.0,2.9772520065307617e-05,2.962350845336914e-05,9405.0,11878.0
1650498437,0.01,0.011388434,0.0,2.9772520065307617e-05,2.962350845336914e-05,9405.0,11878.0
1650498438,0.005,0.005012798,0.0,2.9772520065307617e-05,2.962350845336914e-05,4496.5,5568.0
1650498439,0.01,0.010751044,0.01,2.992153167724609e-05,2.9772520065307617e-05,8860.0,16688.0
1650498440,0.01,0.010751044,0.01,2.992153167724609e-05,2.9772520065307617e-05,8860.0,16688.0
1650498441,0.005,0.013060078,0.005,3.0875205993652344e-05,3.072619438171387e-05,10837.0,13890.0
1650498442,0.0,0.011088949,0.0,3.001093864440918e-05,2.9861927032470703e-05,9720.0,12073.0
1650498443,0.0,0.011088949,0.0,3.001093864440918e-05,2.9861927032470703e-05,9720.0,12073.0
1650498444,0.0,0.0027646535,0.0,2.9772520065307617e-05,2.962350845336914e-05,2215.0,2833.5
1650498445,0.0,0.010758903,0.0,2.9802322387695312e-05,2.965331077575684e-05,8861.0,11332.0
1650498446,0.0,0.010758903,0.0,2.9802322387695312e-05,2.965331077575684e-05,8861.0,11332.0
1650498447,0.005,0.0083693645,0.0,2.9802322387695312e-05,2.965331077575684e-05,6917.5,8771.5
1650498448,0.0,0.010580621,0.0,2.9772520065307617e-05,2.962350845336914e-05,8991.0,21366.0
1650498449,0.0,0.010580621,0.0,2.9772520065307617e-05,2.962350845336914e-05,8991.0,21366.0
1650498450,0.005,0.0052610335,0.0,2.9772520065307617e-05,2.962350845336914e-05,4622.5,5762.0
1650498451,0.02,0.025948074,0.0,2.9772520065307617e-05,2.962350845336914e-05,22153.0,28331.0
1650498452,0.02,0.025948074,0.0,2.9772520065307617e-05,2.962350845336914e-05,22153.0,28331.0
1650498453,0.0,0.012358601,0.005,3.170967102050781e-05,3.1560659408569336e-05,10095.5,12965.0
1650498454,0.02,0.013155092,0.01,2.9772520065307617e-05,2.962350845336914e-05,10808.0,13725.0
1650498455,0.02,0.013155092,0.01,2.9772520065307617e-05,2.962350845336914e-05,10808.0,13725.0
1650498456,0.0,0.0077249125,0.0,2.9861927032470703e-05,2.9712915420532227e-05,6644.5,8498.5
1650498457,0.0,0.0077249125,0.0,2.9861927032470703e-05,2.9712915420532227e-05,6644.5,8498.5
1650498458,0.005,0.013776584,0.005,3.215670585632324e-05,3.2007694244384766e-05,11413.5,14140.5
1650498459,0.0,0.015873334,0.01,2.9802322387695312e-05,2.965331077575684e-05,13290.0,28674.0
1650498460,0.01,0.011422697,0.01,2.98917293548584e-05,2.974271774291992e-05,9245.0,11390.0
1650498461,0.0,0.010425632,0.0,2.9772520065307617e-05,2.962350845336914e-05,8859.0,11332.0
1650498462,0.0,0.010425632,0.0,2.9772520065307617e-05,2.962350845336914e-05,8859.0,11332.0
1650498463,0.005,0.008183329,0.005,3.0308961868286133e-05,3.0159950256347656e-05,6643.5,8466.5
1650498464,0.01,0.010463449,0.01,2.9772520065307617e-05,2.962350845336914e-05,8861.0,11334.0
1650498465,0.01,0.010463449,0.01,2.9772520065307617e-05,2.962350845336914e-05,8861.0,11334.0
1650498466,0.005,0.0082219705,0.0,2.9772520065307617e-05,2.962350845336914e-05,6646.0,8467.5
1650498467,0.01,0.011343563,0.01,2.9772520065307617e-05,2.962350845336914e-05,9141.0,11746.0
1650498468,0.01,0.011343563,0.01,2.9772520065307617e-05,2.962350845336914e-05,9141.0,11746.0
1650498469,0.005,0.008022658,0.005,2.9772520065307617e-05,2.962350845336914e-05,6843.0,13281.0
1650498470,0.005,0.008022658,0.005,2.9772520065307617e-05,2.962350845336914e-05,6843.0,13281.0
1650498471,0.0,0.0079652395,0.0,2.9772520065307617e-05,2.962350845336914e-05,6839.0,8595.5
1650498472,0.0,0.010129561,0.01,2.9772520065307617e-05,2.962350845336914e-05,8861.0,11334.0
1650498473,0.0,0.010129561,0.01,2.9772520065307617e-05,2.962350845336914e-05,8861.0,11334.0
1650498474,0.005,0.007931466,0.0,2.9772520065307617e-05,2.962350845336914e-05,6667.0,8420.5
1650498475,0.01,0.025758746,0.01,2.9832124710083008e-05,2.968311309814453e-05,22151.0,28331.0
1650498476,0.01,0.010705708,0.0,2.9772520065307617e-05,2.962350845336914e-05,8861.0,11334.0
1650498477,0.01,0.010705708,0.0,2.9772520065307617e-05,2.962350845336914e-05,8861.0,11334.0
1650498478,0.005,0.006000094,0.0,2.9772520065307617e-05,2.962350845336914e-05,4702.0,5873.0
1650498479,0.005,0.006000094,0.0,2.9772520065307617e-05,2.962350845336914e-05,4702.0,5873.0
1650498480,0.005,0.010835729,0.005,2.9772520065307617e-05,2.962350845336914e-05,9117.0,17580.0
1650498481,0.01,0.020249823,0.0,2.9832124710083008e-05,2.968311309814453e-05,17721.0,22666.0
1650498482,0.0,0.005233152,0.0,2.9772520065307617e-05,2.962350845336914e-05,4430.0,5667.0
1650498483,0.0,0.005233152,0.0,2.9772520065307617e-05,2.962350845336914e-05,4430.0,5667.0
1650498484,0.0,0.0079092425,0.005,2.9772520065307617e-05,2.962350845336914e-05,6646.0,8500.5
1650498485,0.03,0.026912734,0.02,2.9772520065307617e-05,2.962350845336914e-05,22152.0,28263.0
1650498486,0.0,0.010268499,0.0,2.9802322387695312e-05,2.965331077575684e-05,8861.0,11334.0
1650498487,0.0,0.010268499,0.0,2.9802322387695312e-05,2.965331077575684e-05,8861.0,11334.0
1650498488,0.0,0.005933615,0.0,3.075599670410156e-05,3.0606985092163086e-05,4568.0,5936.0
1650498489,0.01,0.010915025,0.01,2.9772520065307617e-05,2.962350845336914e-05,9253.0,24247.0
1650498490,0.01,0.010915025,0.01,2.9772520065307617e-05,2.962350845336914e-05,9253.0,24247.0
1650498491,0.0,0.0079511055,0.005,2.9772520065307617e-05,2.962350845336914e-05,6838.0,8594.5
1650498492,0.0,0.0079511055,0.005,2.9772520065307617e-05,2.962350845336914e-05,6838.0,8594.5
1650498493,0.0,0.0051895285,0.005,2.9772520065307617e-05,2.962350845336914e-05,4430.5,5667.0
1650498494,0.01,0.010368668,0.01,2.9832124710083008e-05,2.968311309814453e-05,8860.0,11334.0
1650498495,0.01,0.010382827,0.0,2.9772520065307617e-05,2.962350845336914e-05,8860.0,11332.0
1650498496,0.01,0.010382827,0.0,2.9772520065307617e-05,2.962350845336914e-05,8860.0,11332.0
1650498497,0.0,0.0051739795,0.005,2.9772520065307617e-05,2.962350845336914e-05,4430.5,5665.0
1650498498,0.0,0.0051739795,0.005,2.9772520065307617e-05,2.962350845336914e-05,4430.5,5665.0
1650498499,0.0,0.0057609915,0.0,2.9802322387695312e-05,2.965331077575684e-05,4570.0,10028.5
1650498500,0.0,0.010775795,0.0,2.9772520065307617e-05,2.962350845336914e-05,9639.0,11520.0
1650498501,0.0,0.010775795,0.0,2.9772520065307617e-05,2.962350845336914e-05,9639.0,11520.0
1650498502,0.005,0.007736092,0.0,2.9772520065307617e-05,2.962350845336914e-05,6644.5,8499.5
1650498503,0.005,0.007736092,0.0,2.9772520065307617e-05,2.962350845336914e-05,6644.5,8499.5
1650498504,0.005,0.005596672,0.0,2.9772520065307617e-05,2.962350845336914e-05,4431.0,5667.0
1650498505,0.0,0.02150166,0.0,2.9832124710083008e-05,2.968311309814453e-05,17720.0,22664.0
1650498506,0.0,0.02150166,0.0,2.9832124710083008e-05,2.968311309814453e-05,17720.0,22664.0
1650498507,0.01,0.0103564715,0.005,2.9772520065307617e-05,2.962350845336914e-05,8861.0,11233.0
1650498508,0.0,0.006141516,0.0,2.9832124710083008e-05,2.968311309814453e-05,4711.0,14144.0
1650498509,0.0,0.006141516,0.0,2.9832124710083008e-05,2.968311309814453e-05,4711.0,14144.0
1650498510,0.005,0.0075978635,0.0,3.0547380447387695e-05,3.039836883544922e-05,6604.5,8225.0
1650498511,0.0,0.006117331,0.0,2.9772520065307617e-05,2.962350845336914e-05,5292.0,6406.0
1650498512,0.0,0.006117331,0.0,2.9772520065307617e-05,2.962350845336914e-05,5292.0,6406.0
1650498513,0.0,0.0055883845,0.0,2.9772520065307617e-05,2.962350845336914e-05,4429.5,5665.0
1650498514,0.0,0.0055883845,0.0,2.9772520065307617e-05,2.962350845336914e-05,4429.5,5665.0
1650498515,0.0,0.008485429,0.005,2.9772520065307617e-05,2.962350845336914e-05,6644.0,8466.5
1650498516,0.0,0.008485429,0.005,2.9772520065307617e-05,2.962350845336914e-05,6644.0,8466.5
1650498517,0.005,0.005646868,0.0,3.108382225036621e-05,3.0934810638427734e-05,4429.0,5633.0
1650498518,0.0,0.010825529,0.0,2.9772520065307617e-05,2.962350845336914e-05,8860.0,19701.0
1650498519,0.0,0.010825529,0.0,2.9772520065307617e-05,2.962350845336914e-05,8860.0,19701.0
1650498520,0.01,0.011240987,0.005,2.9772520065307617e-05,2.962350845336914e-05,9390.0,11533.0
1650498521,0.02,0.020851189,0.01,3.063678741455078e-05,3.0487775802612305e-05,17721.0,22660.0
1650498522,0.0,0.005273716,0.0,2.9802322387695312e-05,2.965331077575684e-05,4429.0,5533.0
1650498523,0.0,0.005273716,0.0,2.9802322387695312e-05,2.965331077575684e-05,4429.0,5533.0
1650498524,0.0,0.0079635555,0.0,2.9772520065307617e-05,2.962350845336914e-05,6665.5,8517.5
1650498525,0.02,0.020586907,0.0,2.9772520065307617e-05,2.962350845336914e-05,17722.0,22664.0
1650498526,0.02,0.020586907,0.0,2.9772520065307617e-05,2.962350845336914e-05,17722.0,22664.0
1650498527,0.005,0.007451627,0.0,3.0517578125e-05,3.0368566513061523e-05,6215.5,8064.0
1650498528,0.0,0.022442915,0.0,2.9772520065307617e-05,2.962350845336914e-05,18581.0,37066.0
1650498529,0.0,0.01123811,0.02,2.9772520065307617e-05,2.962350845336914e-05,9403.0,11876.0
1650498530,0.0,0.01123811,0.02,2.9772520065307617e-05,2.962350845336914e-05,9403.0,11876.0
1650498531,0.0,0.0083047195,0.0,2.9772520065307617e-05,2.962350845336914e-05,6901.5,8593.5
1650498532,0.0,0.0083047195,0.0,2.9772520065307617e-05,2.962350845336914e-05,6901.5,8593.5
1650498533,0.005,0.0079459925,0.0,2.9772520065307617e-05,2.962350845336914e-05,6645.5,8397.5
1650498534,0.01,0.015425011,0.0,2.9772520065307617e-05,2.962350845336914e-05,13292.0,16997.0
1650498535,0.0,0.010941861,0.0,2.9772520065307617e-05,2.962350845336914e-05,8858.0,11328.0
1650498536,0.0,0.010527829,0.0,2.9861927032470703e-05,2.9712915420532227e-05,8860.0,11334.0
1650498537,0.0,0.010527829,0.0,2.9861927032470703e-05,2.9712915420532227e-05,8860.0,11334.0
1650498538,0.005,0.010764771,0.01,2.9772520065307617e-05,2.962350845336914e-05,8860.0,17267.5
1650498539,0.005,0.010764771,0.01,2.9772520065307617e-05,2.962350845336914e-05,8860.0,17267.5
1650498540,0.0,0.008448717,0.0,3.0308961868286133e-05,3.0159950256347656e-05,7108.5,8733.5
1650498541,0.0,0.008448717,0.0,3.0308961868286133e-05,3.0159950256347656e-05,7108.5,8733.5
1650498542,0.005,0.0054282105,0.0,2.9772520065307617e-05,2.962350845336914e-05,4496.5,5700.0
1650498543,0.005,0.0054282105,0.0,2.9772520065307617e-05,2.962350845336914e-05,4496.5,5700.0
1650498544,0.0,0.0080856315,0.005,2.9772520065307617e-05,2.962350845336914e-05,6672.5,8467.5
1650498545,0.01,0.010876001,0.01,3.001093864440918e-05,2.9861927032470703e-05,8858.0,11332.0
1650498546,0.0,0.015683251,0.01,2.9772520065307617e-05,2.962350845336914e-05,13290.0,16997.0
1650498547,0.01,0.01100163,0.0,3.0994415283203125e-05,3.084540367126465e-05,8859.0,11200.0
1650498548,0.01,0.01100163,0.0,3.0994415283203125e-05,3.084540367126465e-05,8859.0,11200.0
1650498549,0.0,0.0056220545,0.0,2.9772520065307617e-05,2.962350845336914e-05,4429.5,10682.5
1650498550,0.01,0.016985198,0.0,2.9772520065307617e-05,2.962350845336914e-05,14221.0,17733.0
1650498551,0.01,0.00511709,0.0,2.9772520065307617e-05,2.962350845336914e-05,4561.0,5665.0
1650498552,0.01,0.00511709,0.0,2.9772520065307617e-05,2.962350845336914e-05,4561.0,5665.0
1650498553,0.0,0.0025755645,0.005,2.9772520065307617e-05,2.962350845336914e-05,2214.5,2831.5
1650498554,0.0,0.010255397,0.0,2.98917293548584e-05,2.974271774291992e-05,8860.0,11334.0
1650498555,0.01,0.020679629,0.0,2.9772520065307617e-05,2.962350845336914e-05,17724.0,22602.0
1650498556,0.01,0.020679629,0.0,2.9772520065307617e-05,2.962350845336914e-05,17724.0,22602.0
1650498557,0.005,0.0109001555,0.005,2.9861927032470703e-05,2.9712915420532227e-05,8860.5,11333.0
1650498558,0.0,0.010360668,0.0,2.9772520065307617e-05,2.962350845336914e-05,8859.0,21066.0
1650498559,0.0,0.010360668,0.0,2.9772520065307617e-05,2.962350845336914e-05,8859.0,21066.0
1650498560,0.005,0.0107866525,0.0,2.9772520065307617e-05,2.962350845336914e-05,9190.5,11697.0
1650498561,0.0,0.0160868,0.0,2.9832124710083008e-05,2.968311309814453e-05,13684.0,16993.0
1650498562,0.0,0.0160868,0.0,2.9832124710083008e-05,2.968311309814453e-05,13684.0,16993.0
1650498563,0.0,0.0049332215,0.0,2.9772520065307617e-05,2.962350845336914e-05,4430.5,5666.0
1650498564,0.0,0.0049332215,0.0,2.9772520065307617e-05,2.962350845336914e-05,4430.5,5666.0
1650498565,0.01,0.0054410205,0.0,2.9772520065307617e-05,2.962350845336914e-05,4451.5,5654.0
1650498566,0.01,0.011166127,0.01,2.9802322387695312e-05,2.965331077575684e-05,8858.0,11328.0
1650498567,0.01,0.010600256,0.0,2.9832124710083008e-05,2.968311309814453e-05,8860.0,11330.0
1650498568,0.0,0.011003149,0.0,2.9772520065307617e-05,2.962350845336914e-05,8858.0,19695.0
1650498569,0.0,0.011003149,0.0,2.9772520065307617e-05,2.962350845336914e-05,8858.0,19695.0
1650498570,0.005,0.008176317,0.0,3.0428171157836917e-05,3.027915954589844e-05,6680.5,8432.0
1650498571,0.005,0.008176317,0.0,3.0428171157836917e-05,3.027915954589844e-05,6680.5,8432.0
1650498572,0.005,0.0107709705,0.01,3.0159950256347656e-05,3.001093864440918e-05,9355.5,11701.5
1650498573,0.005,0.0107709705,0.01,3.0159950256347656e-05,3.001093864440918e-05,9355.5,11701.5
1650498574,0.0,0.0052694895,0.005,2.9772520065307617e-05,2.962350845336914e-05,4430.5,5666.0
1650498575,0.0,0.016845054,0.01,2.992153167724609e-05,2.9772520065307617e-05,13290.0,17001.0
1650498576,0.0,0.016845054,0.01,2.992153167724609e-05,2.9772520065307617e-05,13290.0,17001.0
1650498577,0.005,0.005210823,0.0,2.9772520065307617e-05,2.962350845336914e-05,4429.5,5666.0
1650498578,0.0,0.015522375,0.0,2.9802322387695312e-05,2.965331077575684e-05,13290.0,25596.0
1650498579,0.0,0.015522375,0.0,2.9802322387695312e-05,2.965331077575684e-05,13290.0,25596.0
1650498580,0.005,0.0085930335,0.005,3.072619438171387e-05,3.057718276977539e-05,6977.5,8865.5
1650498581,0.0,0.010350901,0.0,2.9772520065307617e-05,2.962350845336914e-05,9258.0,11334.0
1650498582,0.0,0.010350901,0.0,2.9772520065307617e-05,2.962350845336914e-05,9258.0,11334.0
1650498583,0.005,0.0081179535,0.0,2.9832124710083008e-05,2.968311309814453e-05,6644.5,8498.5
1650498584,0.0,0.015724641,0.01,2.9772520065307617e-05,2.962350845336914e-05,13291.0,16997.0
1650498585,0.02,0.020112672,0.01,2.9772520065307617e-05,2.962350845336914e-05,17721.0,22668.0
1650498586,0.02,0.020112672,0.01,2.9772520065307617e-05,2.962350845336914e-05,17721.0,22668.0
1650498587,0.0,0.013154983,0.005,2.98917293548584e-05,2.974271774291992e-05,11138.5,14232.5
1650498588,0.0,0.013154983,0.005,2.98917293548584e-05,2.974271774291992e-05,11138.5,14232.5
1650498589,0.005,0.0052828835,0.0,2.9772520065307617e-05,2.962350845336914e-05,4430.5,9902.0
1650498590,0.0,0.011820282,0.0,2.9832124710083008e-05,2.968311309814453e-05,9525.0,12068.0
1650498591,0.0,0.011820282,0.0,2.9832124710083008e-05,2.968311309814453e-05,9525.0,12068.0
1650498592,0.01,0.009816345,0.01,3.045797348022461e-05,3.0308961868286133e-05,8083.5,10130.5
1650498593,0.0,0.017352436,0.0,2.9772520065307617e-05,2.962350845336914e-05,15239.0,19394.0
1650498594,0.0,0.017352436,0.0,2.9772520065307617e-05,2.962350845336914e-05,15239.0,19394.0
1650498595,0.0,0.0077293955,0.0,2.9772520065307617e-05,2.962350845336914e-05,6644.0,8498.5
1650498596,0.01,0.015566429,0.0,2.992153167724609e-05,2.9772520065307617e-05,13288.0,16865.0
1650498597,0.01,0.015566429,0.0,2.992153167724609e-05,2.9772520065307617e-05,13288.0,16865.0
1650498598,0.01,0.0043102245,0.005,3.30507755279541e-05,3.2901763916015625e-05,3934.0,5230.5
1650498599,0.0,0.007153421,0.0,2.9832124710083008e-05,2.968311309814453e-05,5424.0,15163.0
1650498600,0.0,0.011106825,0.0,2.9772520065307617e-05,2.962350845336914e-05,9244.0,11518.0
1650498601,0.01,0.011147153,0.0,2.9772520065307617e-05,2.962350845336914e-05,9404.0,11678.0
1650498602,0.01,0.011147153,0.0,2.9772520065307617e-05,2.962350845336914e-05,9404.0,11678.0
1650498603,0.01,0.0158778585,0.01,2.9802322387695312e-05,2.965331077575684e-05,13356.5,16967.0
1650498604,0.01,0.0158778585,0.01,2.9802322387695312e-05,2.965331077575684e-05,13356.5,16967.0
1650498605,0.0,0.010731612,0.0,2.9802322387695312e-05,2.965331077575684e-05,8860.5,11300.0
1650498606,0.0,0.010731612,0.0,2.9802322387695312e-05,2.965331077575684e-05,8860.5,11300.0
1650498607,0.005,0.0083495185,0.005,2.9772520065307617e-05,2.962350845336914e-05,6644.0,8498.5
1650498608,0.01,0.005701217,0.0,2.9802322387695312e-05,2.965331077575684e-05,4431.0,17071.0
1650498609,0.01,0.005701217,0.0,2.9802322387695312e-05,2.965331077575684e-05,4431.0,17071.0
1650498610,0.0,0.0053303365,0.0,2.9772520065307617e-05,2.962350845336914e-05,4622.5,5761.0
1650498611,0.02,0.010456947,0.02,2.9802322387695312e-05,2.965331077575684e-05,8860.0,11266.0
1650498612,0.0,0.016080702,0.0,2.9772520065307617e-05,2.962350845336914e-05,13967.0,17545.0
1650498613,0.0,0.004874797,0.0,2.9772520065307617e-05,2.962350845336914e-05,4472.0,5709.0
1650498614,0.0,0.004874797,0.0,2.9772520065307617e-05,2.962350845336914e-05,4472.0,5709.0
1650498615,0.005,0.015708796,0.005,2.9772520065307617e-05,2.962350845336914e-05,13290.5,16999.0
1650498616,0.005,0.015708796,0.005,2.9772520065307617e-05,2.962350845336914e-05,13290.5,16999.0
1650498617,0.0,0.0053458425,0.0,2.9772520065307617e-05,2.962350845336914e-05,4431.0,5667.0
1650498618,0.01,0.010469738,0.0,2.9772520065307617e-05,2.962350845336914e-05,8858.0,17254.0
1650498619,0.01,0.010469738,0.0,2.9772520065307617e-05,2.962350845336914e-05,8858.0,17254.0
1650498620,0.0,0.007887256,0.005,3.11434268951416e-05,3.0994415283203125e-05,6837.0,8595.5
1650498621,0.01,0.010572148,0.0,2.9832124710083008e-05,2.968311309814453e-05,8858.0,11330.0
1650498622,0.01,0.010572148,0.0,2.9832124710083008e-05,2.968311309814453e-05,8858.0,11330.0
1650498623,0.01,0.0107226465,0.005,2.9861927032470703e-05,2.9712915420532227e-05,9199.0,11605.0
1650498624,0.0,0.020606506,0.01,2.9832124710083008e-05,2.968311309814453e-05,17720.0,22664.0
1650498625,0.0,0.020606506,0.01,2.9832124710083008e-05,2.968311309814453e-05,17720.0,22664.0
1650498626,0.005,0.008024744,0.005,2.9772520065307617e-05,2.962350845336914e-05,6646.0,8398.5
1650498627,0.01,0.010234534,0.0,2.9832124710083008e-05,2.968311309814453e-05,8861.0,11330.0
1650498628,0.01,0.010234534,0.0,2.9832124710083008e-05,2.968311309814453e-05,8861.0,11330.0
1650498629,0.005,0.010454861,0.005,2.9772520065307617e-05,2.962350845336914e-05,8858.5,15240.5
1650498630,0.01,0.016015039,0.01,2.9861927032470703e-05,2.9712915420532227e-05,13672.0,17183.0
1650498631,0.01,0.016015039,0.01,2.9861927032470703e-05,2.9712915420532227e-05,13672.0,17183.0
1650498632,0.0,0.0109981025,0.01,2.9802322387695312e-05,2.965331077575684e-05,9000.0,11506.0
1650498633,0.01,0.005655741,0.0,2.9772520065307617e-05,2.962350845336914e-05,4692.0,5665.0
1650498634,0.01,0.010395344,0.0,2.9772520065307617e-05,2.962350845336914e-05,8993.0,11132.0
1650498635,0.01,0.010395344,0.0,2.9772520065307617e-05,2.962350845336914e-05,8993.0,11132.0
1650498636,0.01,0.010771135,0.005,2.9832124710083008e-05,2.968311309814453e-05,8859.5,11297.0
1650498637,0.01,0.010771135,0.005,2.9832124710083008e-05,2.968311309814453e-05,8859.5,11297.0
1650498638,0.005,0.005944861,0.005,2.9772520065307617e-05,2.962350845336914e-05,4429.5,10941.5
1650498639,0.005,0.005944861,0.005,2.9772520065307617e-05,2.962350845336914e-05,4429.5,10941.5
1650498640,0.0,0.006024298,0.0,2.9832124710083008e-05,2.968311309814453e-05,4621.5,5728.0
1650498641,0.01,0.005486814,0.0,2.9772520065307617e-05,2.962350845336914e-05,4430.0,5665.0
1650498642,0.0,0.011894783,0.0,2.9772520065307617e-05,2.962350845336914e-05,9138.0,11878.0
1650498643,0.0,0.011894783,0.0,2.9772520065307617e-05,2.962350845336914e-05,9138.0,11878.0
1650498644,0.0,0.0084067895,0.005,2.9772520065307617e-05,2.962350845336914e-05,6841.5,8496.5
1650498645,0.01,0.010692479,0.0,2.9832124710083008e-05,2.968311309814453e-05,8860.0,11332.0
1650498646,0.01,0.011007904,0.01,2.9772520065307617e-05,2.962350845336914e-05,8861.0,11334.0
1650498647,0.01,0.011007904,0.01,2.9772520065307617e-05,2.962350845336914e-05,8861.0,11334.0
1650498648,0.0,0.0050602895,0.0,2.9772520065307617e-05,2.962350845336914e-05,4430.5,5667.0
1650498649,0.02,0.015597035,0.0,3.090500831604004e-05,3.075599670410156e-05,13290.0,25024.0
1650498650,0.02,0.015597035,0.0,3.090500831604004e-05,3.075599670410156e-05,13290.0,25024.0
1650498651,0.005,0.0079176785,0.0,2.9772520065307617e-05,2.962350845336914e-05,6836.5,8592.5
1650498652,0.02,0.010782316,0.01,2.9772520065307617e-05,2.962350845336914e-05,9060.0,11530.0
1650498653,0.02,0.010782316,0.01,2.9772520065307617e-05,2.962350845336914e-05,9060.0,11530.0
1650498654,0.005,0.0053570335,0.005,2.9772520065307617e-05,2.962350845336914e-05,4723.0,5960.0
1650498655,0.0,0.010269151,0.0,2.9772520065307617e-05,2.962350845336914e-05,8993.0,11330.0
1650498656,0.0,0.010269151,0.0,2.9772520065307617e-05,2.962350845336914e-05,8993.0,11330.0
1650498657,0.01,0.0079124975,0.005,2.9772520065307617e-05,2.962350845336914e-05,6644.5,8465.5
1650498658,0.01,0.0079124975,0.005,2.9772520065307617e-05,2.962350845336914e-05,6644.5,8465.5
1650498659,0.0,0.007744912,0.0,2.9772520065307617e-05,2.962350845336914e-05,6645.0,10341.5
1650498660,0.0,0.0158211,0.0,2.9772520065307617e-05,2.962350845336914e-05,13678.0,17191.0
1650498661,0.0,0.016136523,0.01,2.9832124710083008e-05,2.968311309814453e-05,13292.0,17001.0
1650498662,0.01,0.010409703,0.01,2.9802322387695312e-05,2.965331077575684e-05,8860.0,11334.0
1650498663,0.01,0.010409703,0.01,2.9802322387695312e-05,2.965331077575684e-05,8860.0,11334.0
1650498664,0.01,0.008561312,0.0,2.992153167724609e-05,2.9772520065307617e-05,6983.0,8672.5
1650498665,0.0,0.005268052,0.0,2.9802322387695312e-05,2.965331077575684e-05,4431.0,5667.0
1650498666,0.0,0.005268052,0.0,2.9802322387695312e-05,2.965331077575684e-05,4431.0,5667.0
1650498667,0.005,0.0135498625,0.005,3.1322240829467773e-05,3.11732292175293e-05,11074.5,14099.5
1650498668,0.005,0.0135498625,0.005,3.1322240829467773e-05,3.11732292175293e-05,11074.5,14099.5
1650498669,0.01,0.0055616905,0.0,2.9772520065307617e-05,2.962350845336914e-05,4429.5,10144.5
1650498670,0.0,0.011059137,0.01,2.9772520065307617e-05,2.962350845336914e-05,9246.0,11524.0
1650498671,0.01,0.010224343,0.0,2.9772520065307617e-05,2.962350845336914e-05,8861.0,11332.0
1650498672,0.01,0.009925969,0.0,2.9772520065307617e-05,2.962350845336914e-05,8862.0,11136.0
1650498673,0.01,0.009925969,0.0,2.9772520065307617e-05,2.962350845336914e-05,8862.0,11136.0
1650498674,0.005,0.0131992215,0.01,3.0994415283203125e-05,3.084540367126465e-05,10981.0,14065.0
1650498675,0.005,0.0131992215,0.01,3.0994415283203125e-05,3.084540367126465e-05,10981.0,14065.0
1650498676,0.005,0.010793612,0.0,2.9772520065307617e-05,2.962350845336914e-05,9291.5,11701.5
1650498677,0.0,0.01083369,0.0,2.9832124710083008e-05,2.968311309814453e-05,8859.0,11332.0
1650498678,0.0,0.01083369,0.0,2.9832124710083008e-05,2.968311309814453e-05,8859.0,11332.0
1650498679,0.005,0.0081216245,0.01,2.9772520065307617e-05,2.962350845336914e-05,6645.5,13349.0
1650498680,0.0,0.010805033,0.01,2.9772520065307617e-05,2.962350845336914e-05,9244.0,11520.0
1650498681,0.0,0.010805033,0.01,2.9772520065307617e-05,2.962350845336914e-05,9244.0,11520.0
1650498682,0.0,0.005235968,0.0,2.9832124710083008e-05,2.968311309814453e-05,4428.5,5666.0
1650498683,0.01,0.010813487,0.01,2.9802322387695312e-05,2.965331077575684e-05,8858.0,11332.0
1650498684,0.01,0.011460502,0.0,2.9772520065307617e-05,2.962350845336914e-05,9404.0,11878.0
1650498685,0.01,0.011460502,0.0,2.9772520065307617e-05,2.962350845336914e-05,9404.0,11878.0
1650498686,0.005,0.0051083215,0.0,2.9772520065307617e-05,2.962350845336914e-05,4495.5,5566.0
1650498687,0.005,0.0051083215,0.0,2.9772520065307617e-05,2.962350845336914e-05,4495.5,5566.0
1650498688,0.01,0.0133721765,0.01,2.9772520065307617e-05,2.962350845336914e-05,11101.0,14131.5
1650498689,0.0,0.010906252,0.0,2.9772520065307617e-05,2.962350845336914e-05,8860.0,19771.0
1650498690,0.0,0.010906252,0.0,2.9772520065307617e-05,2.962350845336914e-05,8860.0,19771.0
1650498691,0.0,0.008123427,0.0,2.9772520065307617e-05,2.962350845336914e-05,6838.0,8595.5
1650498692,0.01,0.015191875,0.01,3.0249357223510746e-05,3.0100345611572266e-05,12431.0,16194.0
1650498693,0.01,0.015191875,0.01,3.0249357223510746e-05,3.0100345611572266e-05,12431.0,16194.0
1650498694,0.0,0.0059767055,0.005,2.9772520065307617e-05,2.962350845336914e-05,5000.5,6308.5
1650498695,0.01,0.015296638,0.0,2.9772520065307617e-05,2.962350845336914e-05,13688.0,16801.0
1650498696,0.0,0.005232661,0.0,2.9772520065307617e-05,2.962350845336914e-05,4430.0,5665.0
1650498697,0.0,0.005232661,0.0,2.9772520065307617e-05,2.962350845336914e-05,4430.0,5665.0
1650498698,0.005,0.008483746,0.0,2.9772520065307617e-05,2.962350845336914e-05,6645.5,12411.0
1650498699,0.0,0.005958194,0.0,2.98917293548584e-05,2.974271774291992e-05,4815.0,5857.0
1650498700,0.0,0.005958194,0.0,2.98917293548584e-05,2.974271774291992e-05,4815.0,5857.0
1650498701,0.0,0.0051793905,0.0,2.9772520065307617e-05,2.962350845336914e-05,4430.0,5600.0
1650498702,0.0,0.0051793905,0.0,2.9772520065307617e-05,2.962350845336914e-05,4430.0,5600.0
1650498703,0.005,0.01875847,0.01,2.9772520065307617e-05,2.962350845336914e-05,15505.0,19832.5
1650498704,0.01,0.016711172,0.01,2.9772520065307617e-05,2.962350845336914e-05,13615.0,17587.0
1650498705,0.01,0.016711172,0.01,2.9772520065307617e-05,2.962350845336914e-05,13615.0,17587.0
1650498706,0.0,0.010469385,0.005,2.9772520065307617e-05,2.962350845336914e-05,9058.5,11235.0
1650498707,0.01,0.010461408,0.01,2.9802322387695312e-05,2.965331077575684e-05,8857.0,11198.0
1650498708,0.01,0.010461408,0.01,2.9802322387695312e-05,2.965331077575684e-05,8857.0,11198.0
1650498709,0.005,0.0104976255,0.0,3.039836883544922e-05,3.0249357223510746e-05,8397.5,15637.0
1650498710,0.005,0.0104976255,0.0,3.039836883544922e-05,3.0249357223510746e-05,8397.5,15637.0
1650498711,0.0,0.005766918,0.0,2.9772520065307617e-05,2.962350845336914e-05,5085.5,6131.5
1650498712,0.0,0.005413558,0.01,2.9832124710083008e-05,2.968311309814453e-05,4431.0,5667.0
1650498713,0.0,0.005413558,0.01,2.9832124710083008e-05,2.968311309814453e-05,4431.0,5667.0
1650498714,0.005,0.0078468815,0.005,2.9772520065307617e-05,2.962350845336914e-05,6645.0,8400.5
1650498715,0.0,0.011523207,0.0,2.9832124710083008e-05,2.968311309814453e-05,9402.0,11876.0
1650498716,0.0,0.011523207,0.0,2.9832124710083008e-05,2.968311309814453e-05,9402.0,11876.0
1650498717,0.005,0.0054634975,0.0,2.9772520065307617e-05,2.962350845336914e-05,4496.5,5666.0
1650498718,0.0,0.0051862,0.0,2.9772520065307617e-05,2.962350845336914e-05,4430.0,12261.0
1650498719,0.0,0.0051862,0.0,2.9772520065307617e-05,2.962350845336914e-05,4430.0,12261.0
1650498720,0.005,0.0054124215,0.0,2.9772520065307617e-05,2.962350845336914e-05,4622.0,5760.0
1650498721,0.01,0.010910862,0.01,2.9772520065307617e-05,2.962350845336914e-05,8860.0,11266.0
1650498722,0.0,0.011145702,0.0,2.9772520065307617e-05,2.962350845336914e-05,8860.0,11334.0
1650498723,0.0,0.011145702,0.0,2.9772520065307617e-05,2.962350845336914e-05,8860.0,11334.0
1650498724,0.0,0.0105983845,0.0,2.9772520065307617e-05,2.962350845336914e-05,8861.5,11333.0
1650498725,0.0,0.0105983845,0.0,2.9772520065307617e-05,2.962350845336914e-05,8861.5,11333.0
1650498726,0.0,0.005695055,0.0,2.9772520065307617e-05,2.962350845336914e-05,4702.0,5938.0
1650498727,0.02,0.016298109,0.01,2.9832124710083008e-05,2.968311309814453e-05,13422.0,16867.0
1650498728,0.02,0.016298109,0.01,2.9832124710083008e-05,2.968311309814453e-05,13422.0,16867.0
1650498729,0.01,0.0055357485,0.005,2.9772520065307617e-05,2.962350845336914e-05,4429.0,9900.0
1650498730,0.01,0.0055357485,0.005,2.9772520065307617e-05,2.962350845336914e-05,4429.0,9900.0
1650498731,0.0,0.010563441,0.0,2.9772520065307617e-05,2.962350845336914e-05,9052.5,11329.0
1650498732,0.01,0.015912523,0.01,2.9772520065307617e-05,2.962350845336914e-05,13288.0,16997.0
1650498733,0.01,0.015912523,0.01,2.9772520065307617e-05,2.962350845336914e-05,13288.0,16997.0
1650498734,0.0,0.005307992,0.0,2.9772520065307617e-05,2.962350845336914e-05,4430.5,5600.0
1650498735,0.02,0.012153179,0.0,2.9772520065307617e-05,2.962350845336914e-05,9404.0,11876.0
1650498736,0.02,0.012153179,0.0,2.9772520065307617e-05,2.962350845336914e-05,9404.0,11876.0
1650498737,0.0,0.005033081,0.005,2.9802322387695312e-05,2.965331077575684e-05,4495.5,5666.0
1650498738,0.0,0.005033081,0.005,2.9802322387695312e-05,2.965331077575684e-05,4495.5,5666.0
1650498739,0.005,0.0082622535,0.0,2.9772520065307617e-05,2.962350845336914e-05,6643.5,13105.5
1650498740,0.005,0.0082622535,0.0,2.9772520065307617e-05,2.962350845336914e-05,6643.5,13105.5
1650498741,0.0,0.0081315095,0.005,2.9772520065307617e-05,2.962350845336914e-05,6838.5,8594.5
1650498742,0.0,0.016208951,0.0,2.9832124710083008e-05,2.968311309814453e-05,13291.0,17001.0
1650498743,0.01,0.011156395,0.01,2.9772520065307617e-05,2.962350845336914e-05,8858.0,11330.0
1650498744,0.01,0.011156395,0.01,2.9772520065307617e-05,2.962350845336914e-05,8858.0,11330.0
1650498745,0.0,0.005204519,0.005,2.9772520065307617e-05,2.962350845336914e-05,4430.0,5667.0
1650498746,0.01,0.011698037,0.0,2.9802322387695312e-05,2.965331077575684e-05,9403.0,11870.0
1650498747,0.01,0.011698037,0.0,2.9802322387695312e-05,2.965331077575684e-05,9403.0,11870.0
1650498748,0.005,0.010608998,0.005,2.9772520065307617e-05,2.962350845336914e-05,8925.5,14816.0
1650498749,0.005,0.010608998,0.005,2.9772520065307617e-05,2.962350845336914e-05,8925.5,14816.0
1650498750,0.005,0.010673556,0.0,2.9772520065307617e-05,2.962350845336914e-05,9052.0,11427.0
1650498751,0.0,0.011036075,0.0,2.9772520065307617e-05,2.962350845336914e-05,8859.0,11328.0
1650498752,0.01,0.010396159,0.0,2.9772520065307617e-05,2.962350845336914e-05,8862.0,11334.0
1650498753,0.01,0.010396159,0.0,2.9772520065307617e-05,2.962350845336914e-05,8862.0,11334.0
1650498754,0.0,0.0025444695,0.0,2.9772520065307617e-05,2.962350845336914e-05,2236.5,2854.5
1650498755,0.0,0.0025444695,0.0,2.9772520065307617e-05,2.962350845336914e-05,2236.5,2854.5
1650498756,0.01,0.0082181115,0.0,2.9772520065307617e-05,2.962350845336914e-05,6784.5,8704.5
1650498757,0.01,0.006714307,0.0,2.9772520065307617e-05,2.962350845336914e-05,6004.0,6931.0
1650498758,0.0,0.014993074,0.01,2.9772520065307617e-05,2.962350845336914e-05,12114.0,20582.0
1650498759,0.0,0.014993074,0.01,2.9772520065307617e-05,2.962350845336914e-05,12114.0,20582.0
1650498760,0.005,0.0057102235,0.0,2.9772520065307617e-05,2.962350845336914e-05,4623.5,5761.0
1650498761,0.0,0.005263708,0.0,2.9772520065307617e-05,2.962350845336914e-05,4431.0,5667.0
1650498762,0.02,0.01168449,0.0,2.9772520065307617e-05,2.962350845336914e-05,8861.0,11330.0
1650498763,0.02,0.01168449,0.0,2.9772520065307617e-05,2.962350845336914e-05,8861.0,11330.0
1650498764,0.005,0.0090567935,0.005,2.9772520065307617e-05,2.962350845336914e-05,6646.0,8499.5
1650498765,0.0,0.011628212,0.0,2.9772520065307617e-05,2.962350845336914e-05,8861.0,11334.0
1650498766,0.0,0.011628212,0.0,2.9772520065307617e-05,2.962350845336914e-05,8861.0,11334.0
1650498767,0.01,0.0064975215,0.005,2.9772520065307617e-05,2.962350845336914e-05,4702.0,5939.0
1650498768,0.01,0.0064975215,0.005,2.9772520065307617e-05,2.962350845336914e-05,4702.0,5939.0
1650498769,0.0,0.0078619645,0.0,2.9832124710083008e-05,2.968311309814453e-05,6711.0,12766.0
1650498770,0.0,0.0078619645,0.0,2.9832124710083008e-05,2.968311309814453e-05,6711.0,12766.0
1650498771,0.0,0.002752338,0.0,2.9772520065307617e-05,2.962350845336914e-05,2407.0,2928.5
1650498772,0.0,0.021721984,0.0,2.9772520065307617e-05,2.962350845336914e-05,17720.0,22664.0
1650498773,0.0,0.021721984,0.0,2.9772520065307617e-05,2.962350845336914e-05,17720.0,22664.0
1650498774,0.0,0.005456213,0.005,2.9772520065307617e-05,2.962350845336914e-05,4430.5,5665.0
1650498775,0.0,0.005456213,0.005,2.9772520065307617e-05,2.962350845336914e-05,4430.5,5665.0
1650498776,0.005,0.0106307095,0.005,2.9772520065307617e-05,2.962350845336914e-05,9000.0,11606.0
1650498777,0.005,0.0106307095,0.005,2.9772520065307617e-05,2.962350845336914e-05,9000.0,11606.0
1650498778,0.005,0.0054651535,0.005,2.9772520065307617e-05,2.962350845336914e-05,4628.5,5634.0
1650498779,0.0,0.010913794,0.0,2.9772520065307617e-05,2.962350845336914e-05,8860.0,18506.0
1650498780,0.0,0.010913794,0.0,2.9772520065307617e-05,2.962350845336914e-05,8860.0,18506.0
1650498781,0.005,0.010298103,0.005,2.9802322387695312e-05,2.965331077575684e-05,9053.0,11429.0
1650498782,0.0,0.010610177,0.0,2.9772520065307617e-05,2.962350845336914e-05,8859.0,11332.0
1650498783,0.01,0.010512829,0.0,2.9772520065307617e-05,2.962350845336914e-05,8860.0,11334.0
1650498784,0.01,0.010512829,0.0,2.9772520065307617e-05,2.962350845336914e-05,8860.0,11334.0
1650498785,0.0,0.0028342805,0.005,2.9772520065307617e-05,2.962350845336914e-05,2215.5,2734.5
1650498786,0.01,0.016069952,0.0,2.9832124710083008e-05,2.968311309814453e-05,13832.0,17543.0
1650498787,0.01,0.016069952,0.0,2.9832124710083008e-05,2.968311309814453e-05,13832.0,17543.0
1650498788,0.005,0.010721475,0.005,2.9832124710083008e-05,2.968311309814453e-05,8928.0,14645.0
1650498789,0.005,0.010721475,0.005,2.9832124710083008e-05,2.968311309814453e-05,8928.0,14645.0
1650498790,0.005,0.0080505345,0.005,2.9772520065307617e-05,2.962350845336914e-05,6838.0,8496.5
1650498791,0.0,0.010378647,0.0,2.9772520065307617e-05,2.962350845336914e-05,8861.0,11334.0
1650498792,0.0,0.010378647,0.0,2.9772520065307617e-05,2.962350845336914e-05,8861.0,11334.0
1650498793,0.01,0.0054223195,0.0,2.9772520065307617e-05,2.962350845336914e-05,4430.5,5667.0
1650498794,0.0,0.010845402,0.0,3.0100345611572266e-05,2.995133399963379e-05,8859.0,11200.0
1650498795,0.0,0.010845402,0.0,3.0100345611572266e-05,2.995133399963379e-05,8859.0,11200.0
1650498796,0.005,0.0105517885,0.005,2.9832124710083008e-05,2.968311309814453e-05,8858.5,11333.0
1650498797,0.005,0.0105517885,0.005,2.9832124710083008e-05,2.968311309814453e-05,8858.5,11333.0
1650498798,0.0,0.0082648535,0.0,2.9832124710083008e-05,2.968311309814453e-05,6981.5,8770.5
1650498799,0.0,0.005271977,0.0,2.9802322387695312e-05,2.965331077575684e-05,4431.0,14049.0
1650498800,0.0,0.005271977,0.0,2.9802322387695312e-05,2.965331077575684e-05,4431.0,14049.0
1650498801,0.005,0.0106856235,0.005,2.9861927032470703e-05,2.9712915420532227e-05,9051.5,11427.0
1650498802,0.0,0.015882618,0.0,2.9772520065307617e-05,2.962350845336914e-05,13288.0,16993.0
1650498803,0.0,0.015882618,0.0,2.9772520065307617e-05,2.962350845336914e-05,13288.0,16993.0
1650498804,0.005,0.008203238,0.0,2.9772520065307617e-05,2.962350845336914e-05,6667.0,8520.5
1650498805,0.005,0.008203238,0.0,2.9772520065307617e-05,2.962350845336914e-05,6667.0,8520.5
1650498806,0.005,0.0083641415,0.0,2.9772520065307617e-05,2.962350845336914e-05,6643.0,8500.5
1650498807,0.005,0.0083641415,0.0,2.9772520065307617e-05,2.962350845336914e-05,6643.0,8500.5
1650498808,0.0,0.005802645,0.0,2.9802322387695312e-05,2.965331077575684e-05,4570.0,5939.0
1650498809,0.0,0.010942425,0.0,3.007054328918457e-05,2.992153167724609e-05,9256.0,21593.0
1650498810,0.01,0.015820887,0.02,3.0219554901123047e-05,3.007054328918457e-05,13677.0,17189.0
1650498811,0.0,0.010376347,0.0,2.9772520065307617e-05,2.962350845336914e-05,8860.0,11332.0
1650498812,0.01,0.005350468,0.0,2.9772520065307617e-05,2.962350845336914e-05,4428.0,5663.0
1650498813,0.0,0.010452929,0.0,2.9772520065307617e-05,2.962350845336914e-05,8858.0,11330.0
1650498814,0.0,0.010452929,0.0,2.9772520065307617e-05,2.962350845336914e-05,8858.0,11330.0
1650498815,0.005,0.005687899,0.005,2.9832124710083008e-05,2.968311309814453e-05,4430.5,5666.0
1650498816,0.01,0.010134854,0.0,2.9772520065307617e-05,2.962350845336914e-05,8862.0,11334.0
1650498817,0.01,0.010664885,0.0,2.9832124710083008e-05,2.968311309814453e-05,8861.0,11334.0
1650498818,0.01,0.010664885,0.0,2.9832124710083008e-05,2.968311309814453e-05,8861.0,11334.0
1650498819,0.005,0.0057380925,0.005,2.9772520065307617e-05,2.962350845336914e-05,4702.5,9546.5
1650498820,0.0,0.016382722,0.02,2.9772520065307617e-05,2.962350845336914e-05,13809.0,17189.0
1650498821,0.0,0.016382722,0.02,2.9772520065307617e-05,2.962350845336914e-05,13809.0,17189.0
1650498822,0.005,0.007950922,0.0,3.066658973693848e-05,3.0517578125e-05,6645.0,8431.5
1650498823,0.005,0.007950922,0.0,3.066658973693848e-05,3.0517578125e-05,6645.0,8431.5
1650498824,0.0,0.002569221,0.0,2.9772520065307617e-05,2.962350845336914e-05,2215.0,2833.5
1650498825,0.01,0.015497717,0.0,2.9772520065307617e-05,2.962350845336914e-05,13288.0,16999.0
1650498826,0.01,0.015497717,0.0,2.9772520065307617e-05,2.962350845336914e-05,13288.0,16999.0
1650498827,0.0,0.010753917,0.005,2.9802322387695312e-05,2.965331077575684e-05,8859.5,11332.0
1650498828,0.0,0.010753917,0.005,2.9802322387695312e-05,2.965331077575684e-05,8859.5,11332.0
1650498829,0.005,0.0110253665,0.0,2.9772520065307617e-05,2.962350845336914e-05,9197.0,14420.0
1650498830,0.01,0.026320091,0.01,2.9772520065307617e-05,2.962350845336914e-05,22535.0,28459.0
1650498831,0.01,0.026320091,0.01,2.9772520065307617e-05,2.962350845336914e-05,22535.0,28459.0
1650498832,0.005,0.005556311,0.005,2.9772520065307617e-05,2.962350845336914e-05,4427.5,5666.0
1650498833,0.01,0.016374688,0.0,2.9772520065307617e-05,2.962350845336914e-05,13291.0,17001.0
1650498834,0.01,0.016374688,0.0,2.9772520065307617e-05,2.962350845336914e-05,13291.0,17001.0
1650498835,0.0,0.00791776,0.0,2.9772520065307617e-05,2.962350845336914e-05,6646.0,8500.5
1650498836,0.0,0.00791776,0.0,2.9772520065307617e-05,2.962350845336914e-05,6646.0,8500.5
1650498837,0.005,0.0107338755,0.005,2.9772520065307617e-05,2.962350845336914e-05,8859.5,11232.0
1650498838,0.0,0.011072876,0.0,2.9772520065307617e-05,2.962350845336914e-05,8860.0,11332.0
1650498839,0.0,0.011072876,0.0,2.9772520065307617e-05,2.962350845336914e-05,8860.0,11332.0
1650498840,0.01,0.00884227,0.0,2.9772520065307617e-05,2.962350845336914e-05,7109.5,14952.5
1650498841,0.01,0.004893503,0.01,2.9772520065307617e-05,2.962350845336914e-05,4563.0,5667.0
1650498842,0.01,0.004893503,0.01,2.9772520065307617e-05,2.962350845336914e-05,4563.0,5667.0
1650498843,0.0,0.0105058575,0.0,2.9772520065307617e-05,2.962350845336914e-05,8861.0,11332.0
1650498844,0.0,0.017429804,0.0,2.9772520065307617e-05,2.962350845336914e-05,14598.0,18329.0
1650498845,0.0,0.009614911,0.01,2.9772520065307617e-05,2.962350845336914e-05,7549.0,10000.0
1650498846,0.0,0.009614911,0.01,2.9772520065307617e-05,2.962350845336914e-05,7549.0,10000.0
1650498847,0.005,0.0053601735,0.0,2.9772520065307617e-05,2.962350845336914e-05,4429.5,5666.0
1650498848,0.0,0.015250785,0.01,2.9832124710083008e-05,2.968311309814453e-05,13288.0,26031.0
1650498849,0.01,0.011622223,0.0,3.072619438171387e-05,3.057718276977539e-05,9140.0,11878.0
1650498850,0.01,0.011622223,0.0,3.072619438171387e-05,3.057718276977539e-05,9140.0,11878.0
1650498851,0.01,0.013626142,0.005,2.9832124710083008e-05,2.968311309814453e-05,11465.5,14161.5
1650498852,0.0,0.010882418,0.0,3.069639205932617e-05,3.0547380447387695e-05,8861.0,11334.0
1650498853,0.0,0.010882418,0.0,3.069639205932617e-05,3.0547380447387695e-05,8861.0,11334.0
1650498854,0.0,0.0078648465,0.0,2.9802322387695312e-05,2.965331077575684e-05,6665.5,8520.5
1650498855,0.0,0.005142204,0.0,2.9861927032470703e-05,2.9712915420532227e-05,4428.0,5665.0
1650498856,0.01,0.010908393,0.0,2.9772520065307617e-05,2.962350845336914e-05,8859.0,11332.0
1650498857,0.0,0.004914545,0.0,2.9832124710083008e-05,2.968311309814453e-05,4430.0,5665.0
1650498858,0.0,0.004914545,0.0,2.9832124710083008e-05,2.968311309814453e-05,4430.0,5665.0
1650498859,0.015,0.020709706,0.01,2.9772520065307617e-05,2.962350845336914e-05,17721.5,28051.5
1650498860,0.015,0.020709706,0.01,2.9772520065307617e-05,2.962350845336914e-05,17721.5,28051.5
1650498861,0.0,0.0058955245,0.0,2.9772520065307617e-05,2.962350845336914e-05,4894.5,6034.0
1650498862,0.0,0.020939912,0.01,2.9802322387695312e-05,2.965331077575684e-05,17852.0,22662.0
1650498863,0.0,0.020939912,0.01,2.9802322387695312e-05,2.965331077575684e-05,17852.0,22662.0
1650498864,0.005,0.002852502,0.005,2.9772520065307617e-05,2.962350845336914e-05,2215.5,2800.5
1650498865,0.0,0.010162057,0.0,2.9861927032470703e-05,2.9712915420532227e-05,8862.0,11334.0
1650498866,0.01,0.005420513,0.0,2.9772520065307617e-05,2.962350845336914e-05,4429.0,5665.0
1650498867,0.01,0.005420513,0.0,2.9772520065307617e-05,2.962350845336914e-05,4429.0,5665.0
1650498868,0.0,0.0078873975,0.01,2.9772520065307617e-05,2.962350845336914e-05,6644.5,8499.5
1650498869,0.01,0.026701791,0.0,2.995133399963379e-05,2.9802322387695312e-05,22145.0,36025.0
1650498870,0.01,0.01174664,0.01,2.9772520065307617e-05,2.962350845336914e-05,9526.0,12068.0
1650498871,0.01,0.01174664,0.01,2.9772520065307617e-05,2.962350845336914e-05,9526.0,12068.0
1650498872,0.005,0.0051702445,0.005,2.9802322387695312e-05,2.965331077575684e-05,4628.5,5633.0
1650498873,0.0,0.010341535,0.0,2.9772520065307617e-05,2.962350845336914e-05,8861.0,11334.0
1650498874,0.0,0.010341535,0.0,2.9772520065307617e-05,2.962350845336914e-05,8861.0,11334.0
1650498875,0.0,0.007968149,0.005,2.9772520065307617e-05,2.962350845336914e-05,6643.0,8500.5
1650498876,0.0,0.007968149,0.005,2.9772520065307617e-05,2.962350845336914e-05,6643.0,8500.5
1650498877,0.005,0.0055697245,0.005,2.9772520065307617e-05,2.962350845336914e-05,4429.5,5566.0
1650498878,0.005,0.0055697245,0.005,2.9772520065307617e-05,2.962350845336914e-05,4429.5,5566.0
1650498879,0.005,0.0054553205,0.0,2.9772520065307617e-05,2.962350845336914e-05,4430.5,10034.0
1650498880,0.005,0.0054553205,0.0,2.9772520065307617e-05,2.962350845336914e-05,4430.5,10034.0
1650498881,0.01,0.0135655755,0.005,2.9772520065307617e-05,2.962350845336914e-05,11538.5,14530.5
1650498882,0.01,0.027468371,0.01,2.9772520065307617e-05,2.962350845336914e-05,22281.0,28199.0
1650498883,0.01,0.027468371,0.01,2.9772520065307617e-05,2.962350845336914e-05,22281.0,28199.0
1650498884,0.0,0.002846166,0.005,2.9772520065307617e-05,2.962350845336914e-05,2214.5,2831.5
1650498885,0.0,0.002846166,0.005,2.9772520065307617e-05,2.962350845336914e-05,2214.5,2831.5
1650498886,0.005,0.0053461935,0.005,2.9772520065307617e-05,2.962350845336914e-05,4428.5,5664.0
1650498887,0.0,0.016853861,0.0,2.9832124710083008e-05,2.968311309814453e-05,13289.0,16999.0
1650498888,0.0,0.00631595,0.01,2.9861927032470703e-05,2.9712915420532227e-05,4430.0,17504.0
1650498889,0.0,0.00631595,0.01,2.9861927032470703e-05,2.9712915420532227e-05,4430.0,17504.0
1650498890,0.0,0.0056033245,0.0,2.9772520065307617e-05,2.962350845336914e-05,4623.5,5663.0
1650498891,0.0,0.0056033245,0.0,2.9772520065307617e-05,2.962350845336914e-05,4623.5,5663.0
1650498892,0.0,0.003379284,0.005,2.9772520065307617e-05,2.962350845336914e-05,2355.5,3105.5
1650498893,0.01,0.021368554,0.0,2.9772520065307617e-05,2.962350845336914e-05,18117.0,22530.0
1650498894,0.01,0.021368554,0.0,2.9772520065307617e-05,2.962350845336914e-05,18117.0,22530.0
1650498895,0.005,0.005476071,0.005,2.9772520065307617e-05,2.962350845336914e-05,4431.0,5601.0
1650498896,0.0,0.015773642,0.0,2.9772520065307617e-05,2.962350845336914e-05,13291.0,16935.0
1650498897,0.0,0.015773642,0.0,2.9772520065307617e-05,2.962350845336914e-05,13291.0,16935.0
1650498898,0.01,0.005267872,0.0,2.9861927032470703e-05,2.9712915420532227e-05,4495.0,5698.0
1650498899,0.0,0.01109679,0.0,2.9772520065307617e-05,2.962350845336914e-05,8862.0,21321.0
1650498900,0.0,0.014692425,0.0,3.102421760559082e-05,3.0875205993652344e-05,12815.0,16450.0
1650498901,0.0,0.014692425,0.0,3.102421760559082e-05,3.0875205993652344e-05,12815.0,16450.0
1650498902,0.005,0.006237416,0.005,2.9772520065307617e-05,2.962350845336914e-05,5132.5,6307.5
1650498903,0.01,0.010904854,0.0,2.9772520065307617e-05,2.962350845336914e-05,9034.0,11374.0
1650498904,0.01,0.010904854,0.0,2.9772520065307617e-05,2.962350845336914e-05,9034.0,11374.0
1650498905,0.015,0.007718373,0.005,2.9772520065307617e-05,2.962350845336914e-05,6645.5,8462.5
1650498906,0.0,0.010442651,0.01,2.9861927032470703e-05,2.9712915420532227e-05,8860.0,11334.0
1650498907,0.0,0.010442651,0.01,2.9861927032470703e-05,2.9712915420532227e-05,8860.0,11334.0
1650498908,0.0,0.005157653,0.0,2.9772520065307617e-05,2.962350845336914e-05,4429.5,8824.0
1650498909,0.0,0.005157653,0.0,2.9772520065307617e-05,2.962350845336914e-05,4429.5,8824.0
1650498910,0.005,0.0082241555,0.005,2.9772520065307617e-05,2.962350845336914e-05,6838.5,8593.5
1650498911,0.01,0.025247859,0.0,2.9772520065307617e-05,2.962350845336914e-05,22153.0,28135.0
1650498912,0.01,0.025247859,0.0,2.9772520065307617e-05,2.962350845336914e-05,22153.0,28135.0
1650498913,0.0,0.00293221,0.0,2.9772520065307617e-05,2.962350845336914e-05,2355.5,3105.5
1650498914,0.0,0.00293221,0.0,2.9772520065307617e-05,2.962350845336914e-05,2355.5,3105.5
1650498915,0.005,0.011050192,0.0,2.9772520065307617e-05,2.962350845336914e-05,9057.0,11267.0
1650498916,0.02,0.016200665,0.01,2.9772520065307617e-05,2.962350845336914e-05,13286.0,16999.0
1650498917,0.02,0.016200665,0.01,2.9772520065307617e-05,2.962350845336914e-05,13286.0,16999.0
1650498918,0.0,0.0079512845,0.0,2.9772520065307617e-05,2.962350845336914e-05,6644.5,8430.5
1650498919,0.0,0.0079512845,0.0,2.9772520065307617e-05,2.962350845336914e-05,6644.5,8430.5
1650498920,0.0,0.008374178,0.005,2.9772520065307617e-05,2.962350845336914e-05,6838.0,15098.0
1650498921,0.01,0.016320163,0.0,2.9772520065307617e-05,2.962350845336914e-05,13288.0,16993.0
1650498922,0.01,0.016320163,0.0,2.9772520065307617e-05,2.962350845336914e-05,13288.0,16993.0
1650498923,0.01,0.0085983385,0.0,2.9861927032470703e-05,2.9712915420532227e-05,6783.0,8736.5
1650498924,0.01,0.0085983385,0.0,2.9861927032470703e-05,2.9712915420532227e-05,6783.0,8736.5
1650498925,0.005,0.010628941,0.005,2.9832124710083008e-05,2.968311309814453e-05,9059.0,11366.0
1650498926,0.005,0.010628941,0.005,2.9832124710083008e-05,2.968311309814453e-05,9059.0,11366.0
1650498927,0.005,0.0053067265,0.0,2.9772520065307617e-05,2.962350845336914e-05,4430.0,5666.0
1650498928,0.0,0.015935886,0.01,2.9772520065307617e-05,2.962350845336914e-05,13291.0,27580.0
1650498929,0.02,0.016069678,0.0,2.9772520065307617e-05,2.962350845336914e-05,13676.0,16991.0
1650498930,0.02,0.016069678,0.0,2.9772520065307617e-05,2.962350845336914e-05,13676.0,16991.0
1650498931,0.0,0.002759275,0.005,2.9772520065307617e-05,2.962350845336914e-05,2213.0,2831.5
1650498932,0.0,0.01570415,0.0,2.9772520065307617e-05,2.962350845336914e-05,13293.0,16869.0
1650498933,0.0,0.01570415,0.0,2.9772520065307617e-05,2.962350845336914e-05,13293.0,16869.0
1650498934,0.0,0.00270174,0.0,2.9772520065307617e-05,2.962350845336914e-05,2215.5,2832.5
1650498935,0.01,0.016360079,0.01,2.9772520065307617e-05,2.962350845336914e-05,13964.0,17343.0
1650498936,0.01,0.010293187,0.0,2.9832124710083008e-05,2.968311309814453e-05,8861.0,11332.0
1650498937,0.01,0.010293187,0.0,2.9832124710083008e-05,2.968311309814453e-05,8861.0,11332.0
1650498938,0.005,0.002477656,0.0,2.9772520065307617e-05,2.962350845336914e-05,2214.5,2800.5
1650498939,0.0,0.011335191,0.0,2.9772520065307617e-05,2.962350845336914e-05,8853.0,16263.0
1650498940,0.02,0.021582922,0.01,2.9772520065307617e-05,2.962350845336914e-05,18109.0,22660.0
1650498941,0.02,0.021582922,0.01,2.9772520065307617e-05,2.962350845336914e-05,18109.0,22660.0
1650498942,0.005,0.005328252,0.0,2.9772520065307617e-05,2.962350845336914e-05,4431.0,5667.0
1650498943,0.005,0.005328252,0.0,2.9772520065307617e-05,2.962350845336914e-05,4431.0,5667.0
1650498944,0.005,0.010205058,0.0,2.9772520065307617e-05,2.962350845336914e-05,8860.0,11333.0
1650498945,0.02,0.016528348,0.01,3.007054328918457e-05,2.992153167724609e-05,13966.0,17541.0
1650498946,0.0,0.011116242,0.0,3.0606985092163086e-05,3.045797348022461e-05,8861.0,11334.0
1650498947,0.0,0.011116242,0.0,3.0606985092163086e-05,3.045797348022461e-05,8861.0,11334.0
1650498948,0.005,0.0054210565,0.0,2.9832124710083008e-05,2.968311309814453e-05,4430.5,11364.5
1650498949,0.005,0.0054210565,0.0,2.9832124710083008e-05,2.968311309814453e-05,4430.5,11364.5
1650498950,0.005,0.008383234,0.005,2.9772520065307617e-05,2.962350845336914e-05,6837.0,8593.5
1650498951,0.04,0.025611168,0.0,2.98917293548584e-05,2.974271774291992e-05,22146.0,28131.0
1650498952,0.04,0.025611168,0.0,2.98917293548584e-05,2.974271774291992e-05,22146.0,28131.0
1650498953,0.005,0.011256172,0.01,2.9772520065307617e-05,2.962350845336914e-05,8860.0,11334.0
1650498954,0.01,0.015976718,0.0,2.9772520065307617e-05,2.962350845336914e-05,13331.0,17037.0
1650498955,0.0,0.006244961,0.0,2.9772520065307617e-05,2.962350845336914e-05,4711.0,6211.0
1650498956,0.0,0.006244961,0.0,2.9772520065307617e-05,2.962350845336914e-05,4711.0,6211.0
1650498957,0.0,0.0078697455,0.01,2.9832124710083008e-05,2.968311309814453e-05,6844.0,8368.5
1650498958,0.01,0.016193819,0.0,2.9772520065307617e-05,2.962350845336914e-05,13292.0,30043.0
1650498959,0.01,0.016193819,0.0,2.9772520065307617e-05,2.962350845336914e-05,13292.0,30043.0
1650498960,0.005,0.0055226575,0.005,2.9772520065307617e-05,2.962350845336914e-05,4622.5,5762.0
1650498961,0.01,0.010742087,0.0,2.9832124710083008e-05,2.968311309814453e-05,8860.0,11200.0
1650498962,0.0,0.012971189,0.01,3.263354301452637e-05,3.248453140258789e-05,11341.0,14602.0
1650498963,0.0,0.012971189,0.01,3.263354301452637e-05,3.248453140258789e-05,11341.0,14602.0
1650498964,0.01,0.003695194,0.0,2.9772520065307617e-05,2.962350845336914e-05,3255.5,4065.0
1650498965,0.0,0.016634476,0.0,2.9832124710083008e-05,2.968311309814453e-05,13569.0,17545.0
1650498966,0.0,0.016634476,0.0,2.9832124710083008e-05,2.968311309814453e-05,13569.0,17545.0
1650498967,0.0,0.0027743155,0.0,2.9772520065307617e-05,2.962350845336914e-05,2346.5,2833.5
1650498968,0.01,0.026852491,0.01,2.9861927032470703e-05,2.9712915420532227e-05,22284.0,36817.0
1650498969,0.0,0.011450641,0.0,2.9772520065307617e-05,2.962350845336914e-05,9244.0,11524.0
1650498970,0.0,0.011450641,0.0,2.9772520065307617e-05,2.962350845336914e-05,9244.0,11524.0
1650498971,0.01,0.0132796345,0.005,2.9802322387695312e-05,2.965331077575684e-05,11075.0,14167.5
1650498972,0.01,0.0132796345,0.005,2.9802322387695312e-05,2.965331077575684e-05,11075.0,14167.5
1650498973,0.01,0.010719234,0.005,3.120303153991699e-05,3.105401992797852e-05,8761.5,11199.5
1650498974,0.01,0.010719234,0.005,3.120303153991699e-05,3.105401992797852e-05,8761.5,11199.5
1650498975,0.0,0.0057680445,0.0,2.9772520065307617e-05,2.962350845336914e-05,4528.5,5764.5
1650498976,0.0,0.016794832,0.01,3.039836883544922e-05,3.0249357223510746e-05,13963.0,17541.0
1650498977,0.0,0.016794832,0.01,3.039836883544922e-05,3.0249357223510746e-05,13963.0,17541.0
1650498978,0.0,0.0056072835,0.0,2.9861927032470703e-05,2.9712915420532227e-05,4429.5,12432.5
1650498979,0.01,0.020892339,0.01,2.9772520065307617e-05,2.962350845336914e-05,17722.0,22602.0
1650498980,0.01,0.020892339,0.01,2.9772520065307617e-05,2.962350845336914e-05,17722.0,22602.0
1650498981,0.0,0.008294755,0.005,2.9772520065307617e-05,2.962350845336914e-05,6838.0,8594.5
1650498982,0.01,0.00510962,0.0,2.9772520065307617e-05,2.962350845336914e-05,4430.0,5665.0
1650498983,0.0,0.01551612,0.0,2.9832124710083008e-05,2.968311309814453e-05,13288.0,16867.0
1650498984,0.0,0.005254549,0.0,2.9772520065307617e-05,2.962350845336914e-05,4431.0,5667.0
1650498985,0.0,0.005254549,0.0,2.9772520065307617e-05,2.962350845336914e-05,4431.0,5667.0
1650498986,0.005,0.005880237,0.005,2.9772520065307617e-05,2.962350845336914e-05,4570.5,5938.0
1650498987,0.0,0.016239291,0.0,2.9832124710083008e-05,2.968311309814453e-05,13687.0,17001.0
1650498988,0.0,0.016239291,0.0,2.9832124710083008e-05,2.968311309814453e-05,13687.0,17001.0
1650498989,0.005,0.0080291905,0.005,2.9832124710083008e-05,2.968311309814453e-05,6645.5,13210.5
1650498990,0.0,0.010702202,0.0,2.9772520065307617e-05,2.962350845336914e-05,9247.0,11522.0
1650498991,0.0,0.010702202,0.0,2.9772520065307617e-05,2.962350845336914e-05,9247.0,11522.0
1650498992,0.005,0.0055053205,0.0,2.9832124710083008e-05,2.968311309814453e-05,4429.5,5600.0
1650498993,0.005,0.0055053205,0.0,2.9832124710083008e-05,2.968311309814453e-05,4429.5,5600.0
1650498994,0.0,0.0053073555,0.0,2.9772520065307617e-05,2.962350845336914e-05,4429.5,5667.0
1650498995,0.01,0.010500583,0.01,2.9832124710083008e-05,2.968311309814453e-05,8859.0,11334.0
1650498996,0.01,0.010206137,0.0,2.9772520065307617e-05,2.962350845336914e-05,8862.0,11334.0
1650498997,0.01,0.010206137,0.0,2.9772520065307617e-05,2.962350845336914e-05,8862.0,11334.0
1650498998,0.0,0.010991281,0.005,3.0219554901123047e-05,3.007054328918457e-05,9164.0,14902.0
1650498999,0.0,0.010991281,0.005,3.0219554901123047e-05,3.007054328918457e-05,9164.0,14902.0
1650499000,0.005,0.0053269555,0.0,2.9772520065307617e-05,2.962350845336914e-05,4655.5,5794.0
1650499001,0.005,0.0053269555,0.0,2.9772520065307617e-05,2.962350845336914e-05,4655.5,5794.0
1650499002,0.005,0.004987388,0.0,2.9772520065307617e-05,2.962350845336914e-05,4430.5,5667.0
1650499003,0.01,0.015497159,0.0,2.9772520065307617e-05,2.962350845336914e-05,13333.0,16975.0
1650499004,0.01,0.015497159,0.0,2.9772520065307617e-05,2.962350845336914e-05,13333.0,16975.0
1650499005,0.005,0.007646652,0.0,3.0368566513061523e-05,3.0219554901123047e-05,6646.0,8533.5
1650499006,0.0,0.010337613,0.0,2.9772520065307617e-05,2.962350845336914e-05,8860.0,11332.0
1650499007,0.0,0.010337613,0.0,2.9772520065307617e-05,2.962350845336914e-05,8860.0,11332.0
1650499008,0.005,0.0083335575,0.005,2.9772520065307617e-05,2.962350845336914e-05,6982.0,10561.5
1650499009,0.005,0.0083335575,0.005,2.9772520065307617e-05,2.962350845336914e-05,6982.0,10561.5
1650499010,0.0,0.008621035,0.0,2.9772520065307617e-05,2.962350845336914e-05,6837.5,8595.5
1650499011,0.0,0.008621035,0.0,2.9772520065307617e-05,2.962350845336914e-05,6837.5,8595.5
1650499012,0.0,0.005326965,0.0,2.9772520065307617e-05,2.962350845336914e-05,4430.5,5667.0
1650499013,0.02,0.011897459,0.0,2.9772520065307617e-05,2.962350845336914e-05,8860.0,11332.0
1650499014,0.0,0.016941979,0.0,2.9772520065307617e-05,2.962350845336914e-05,13290.0,16999.0
1650499015,0.0,0.016941979,0.0,2.9772520065307617e-05,2.962350845336914e-05,13290.0,16999.0
1650499016,0.005,0.0056822905,0.0,2.9861927032470703e-05,2.9712915420532227e-05,4431.0,5632.0
1650499017,0.005,0.0056822905,0.0,2.9861927032470703e-05,2.9712915420532227e-05,4431.0,5632.0
1650499018,0.0,0.005648409,0.0,3.0428171157836917e-05,3.027915954589844e-05,4139.0,5567.5
1650499019,0.0,0.006447737,0.0,2.9772520065307617e-05,2.962350845336914e-05,5555.0,15755.0
1650499020,0.01,0.010825244,0.0,2.9772520065307617e-05,2.962350845336914e-05,9378.0,11524.0
1650499021,0.01,0.01061971,0.02,2.9772520065307617e-05,2.962350845336914e-05,8861.0,11334.0
1650499022,0.01,0.01128842,0.0,2.9772520065307617e-05,2.962350845336914e-05,8914.0,11398.0
