timestamp,cpu_usage_system,cpu_usage_total,cpu_usage_user,memory_usage,memory_working_set,rx_bytes,tx_bytes
1650497582,0.0,0.000712354,0.0,2.041459083557129e-05,2.026557922363281e-05,1167.0,694.0
1650497583,0.0,0.000712354,0.0,2.041459083557129e-05,2.026557922363281e-05,1167.0,694.0
1650497584,0.0,0.000712354,0.0,2.041459083557129e-05,2.026557922363281e-05,1167.0,694.0
1650497585,0.0,0.00015362,0.0,2.041459083557129e-05,2.026557922363281e-05,260.0,102.0
1650497586,0.0,0.00015362,0.0,2.041459083557129e-05,2.026557922363281e-05,260.0,102.0
1650497587,0.0,0.0001553555,0.0,2.041459083557129e-05,2.026557922363281e-05,1529.0,102.0
1650497588,0.0,0.000676285,0.0,2.041459083557129e-05,2.026557922363281e-05,24858.0,471.0
1650497589,0.0,0.000676285,0.0,2.041459083557129e-05,2.026557922363281e-05,24858.0,471.0
1650497590,0.0,0.00034707,0.0,2.041459083557129e-05,2.026557922363281e-05,391.0,153.0
1650497591,0.01,0.000416362,0.01,2.041459083557129e-05,2.026557922363281e-05,522.0,204.0
1650497592,0.01,0.000416362,0.01,2.041459083557129e-05,2.026557922363281e-05,522.0,204.0
1650497593,0.0,0.000489474,0.0,2.023577690124512e-05,2.008676528930664e-05,821.0,320.0
1650497594,0.0,0.000570256,0.0,2.041459083557129e-05,2.026557922363281e-05,662.0,410.0
1650497595,0.0,0.000570256,0.0,2.041459083557129e-05,2.026557922363281e-05,662.0,410.0
1650497596,0.0,0.0002528915,0.0,2.041459083557129e-05,2.026557922363281e-05,390.5,219.0
1650497597,0.0,0.000305736,0.0,2.041459083557129e-05,2.026557922363281e-05,522.0,204.0
1650497598,0.0,0.000305736,0.0,2.041459083557129e-05,2.026557922363281e-05,522.0,204.0
1650497599,0.0,0.000297179,0.0,2.041459083557129e-05,2.026557922363281e-05,391.5,535.5
1650497600,0.0,0.000808949,0.0,2.041459083557129e-05,2.026557922363281e-05,1305.0,510.0
1650497601,0.0,0.000808949,0.0,2.041459083557129e-05,2.026557922363281e-05,1305.0,510.0
1650497602,0.0,0.000141449,0.0,2.041459083557129e-05,2.026557922363281e-05,261.0,102.0
1650497603,0.0,0.000194127,0.0,2.041459083557129e-05,2.026557922363281e-05,261.0,102.0
1650497604,0.0,0.000622704,0.0,2.023577690124512e-05,2.008676528930664e-05,1039.0,394.0
1650497605,0.0,0.000622704,0.0,2.023577690124512e-05,2.008676528930664e-05,1039.0,394.0
1650497606,0.0,0.000384582,0.0,2.041459083557129e-05,2.026557922363281e-05,461.5,289.0
1650497607,0.0,0.00013772,0.0,2.041459083557129e-05,2.026557922363281e-05,261.0,168.0
1650497608,0.0,0.00041429,0.0,2.041459083557129e-05,2.026557922363281e-05,522.0,469.0
1650497609,0.0,0.00041429,0.0,2.041459083557129e-05,2.026557922363281e-05,522.0,469.0
1650497610,0.0,0.0001670065,0.0,2.041459083557129e-05,2.026557922363281e-05,260.5,102.0
1650497611,0.0,0.000449308,0.0,2.041459083557129e-05,2.026557922363281e-05,783.0,306.0
1650497612,0.0,0.000449308,0.0,2.041459083557129e-05,2.026557922363281e-05,783.0,306.0
1650497613,0.0,0.0002373145,0.0,2.041459083557129e-05,2.026557922363281e-05,391.5,153.0
1650497614,0.0,0.00064191,0.0,2.041459083557129e-05,2.026557922363281e-05,906.0,394.0
1650497615,0.0,0.00064191,0.0,2.041459083557129e-05,2.026557922363281e-05,906.0,394.0
1650497616,0.0,0.0003911035,0.0,2.041459083557129e-05,2.026557922363281e-05,527.0,256.0
1650497617,0.0,0.000702718,0.0,2.041459083557129e-05,2.026557922363281e-05,1044.0,540.0
1650497618,0.0,0.000702718,0.0,2.041459083557129e-05,2.026557922363281e-05,1044.0,540.0
1650497619,0.0,0.0002799685,0.0,2.041459083557129e-05,2.026557922363281e-05,391.5,384.5
1650497620,0.0,0.000286034,0.0,2.041459083557129e-05,2.026557922363281e-05,521.0,204.0
1650497621,0.0,0.000290106,0.0,2.041459083557129e-05,2.026557922363281e-05,521.0,204.0
1650497622,0.0,0.000290106,0.0,2.041459083557129e-05,2.026557922363281e-05,521.0,204.0
1650497623,0.0,0.0001495535,0.0,2.041459083557129e-05,2.026557922363281e-05,281.0,123.0
1650497624,0.0,0.0001495535,0.0,2.041459083557129e-05,2.026557922363281e-05,281.0,123.0
1650497625,0.0,0.000434504,0.0,2.041459083557129e-05,2.026557922363281e-05,713.5,299.0
1650497626,0.0,0.000659434,0.0,2.041459083557129e-05,2.026557922363281e-05,794.0,344.0
1650497627,0.0,0.000601012,0.0,2.041459083557129e-05,2.026557922363281e-05,783.0,504.0
1650497628,0.0,0.000601012,0.0,2.041459083557129e-05,2.026557922363281e-05,783.0,504.0
1650497629,0.0,0.000359861,0.0,2.041459083557129e-05,2.026557922363281e-05,522.0,488.5
1650497630,0.0,0.000292352,0.0,2.041459083557129e-05,2.026557922363281e-05,521.0,204.0
1650497631,0.0,0.000292352,0.0,2.041459083557129e-05,2.026557922363281e-05,521.0,204.0
1650497632,0.0,0.000150149,0.0,2.041459083557129e-05,2.026557922363281e-05,261.0,102.0
1650497633,0.0,0.000536299,0.0,2.041459083557129e-05,2.026557922363281e-05,907.0,394.0
1650497634,0.0,0.000536299,0.0,2.041459083557129e-05,2.026557922363281e-05,907.0,394.0
1650497635,0.0,0.0001633265,0.0,2.041459083557129e-05,2.026557922363281e-05,261.0,102.0
1650497636,0.01,0.000566968,0.0,2.023577690124512e-05,2.008676528930664e-05,651.0,204.0
1650497637,0.01,0.000566968,0.0,2.023577690124512e-05,2.008676528930664e-05,651.0,204.0
1650497638,0.0,0.000403107,0.0,2.041459083557129e-05,2.026557922363281e-05,461.5,472.0
1650497639,0.0,0.000403107,0.0,2.041459083557129e-05,2.026557922363281e-05,461.5,472.0
1650497640,0.0,0.000272482,0.0,2.041459083557129e-05,2.026557922363281e-05,391.5,186.0
1650497641,0.0,0.000318269,0.0,2.041459083557129e-05,2.026557922363281e-05,522.0,204.0
1650497642,0.0,0.000332161,0.0,2.041459083557129e-05,2.026557922363281e-05,522.0,204.0
1650497643,0.0,0.000664582,0.0,2.041459083557129e-05,2.026557922363281e-05,905.0,394.0
1650497644,0.0,0.000664582,0.0,2.041459083557129e-05,2.026557922363281e-05,905.0,394.0
1650497645,0.0,0.0002286645,0.0,2.041459083557129e-05,2.026557922363281e-05,391.5,153.0
1650497646,0.0,0.0002286645,0.0,2.041459083557129e-05,2.026557922363281e-05,391.5,153.0
1650497647,0.0,0.000267827,0.0,2.041459083557129e-05,2.026557922363281e-05,391.5,153.0
1650497648,0.0,0.000848374,0.0,2.041459083557129e-05,2.026557922363281e-05,1054.0,977.0
1650497649,0.0,0.000848374,0.0,2.041459083557129e-05,2.026557922363281e-05,1054.0,977.0
1650497650,0.0,7.4424e-05,0.0,2.041459083557129e-05,2.026557922363281e-05,130.5,84.0
1650497651,0.0,0.000314345,0.0,2.041459083557129e-05,2.026557922363281e-05,521.0,270.0
1650497652,0.0,0.000462521,0.0,2.041459083557129e-05,2.026557922363281e-05,783.0,306.0
1650497653,0.0,0.000462521,0.0,2.041459083557129e-05,2.026557922363281e-05,783.0,306.0
1650497654,0.0,0.0004367615,0.0,2.041459083557129e-05,2.026557922363281e-05,735.0,320.0
1650497655,0.0,0.0004367615,0.0,2.041459083557129e-05,2.026557922363281e-05,735.0,320.0
1650497656,0.0,0.0004105965,0.0,2.041459083557129e-05,2.026557922363281e-05,521.5,204.0
1650497657,0.0,0.0004105965,0.0,2.041459083557129e-05,2.026557922363281e-05,521.5,204.0
1650497658,0.0,0.0004558085,0.0,2.041459083557129e-05,2.026557922363281e-05,657.5,555.5
1650497659,0.0,0.000401875,0.0,2.041459083557129e-05,2.026557922363281e-05,522.0,336.0
1650497660,0.0,0.000513023,0.0,2.041459083557129e-05,2.026557922363281e-05,782.0,372.0
1650497661,0.0,0.000513023,0.0,2.041459083557129e-05,2.026557922363281e-05,782.0,372.0
1650497662,0.005,0.000268224,0.0,2.041459083557129e-05,2.026557922363281e-05,391.5,153.0
1650497663,0.005,0.000268224,0.0,2.041459083557129e-05,2.026557922363281e-05,391.5,153.0
1650497664,0.0,0.000458232,0.0,2.041459083557129e-05,2.026557922363281e-05,713.5,299.0
1650497665,0.0,0.000139045,0.0,2.041459083557129e-05,2.026557922363281e-05,261.0,102.0
1650497666,0.0,0.000139045,0.0,2.041459083557129e-05,2.026557922363281e-05,261.0,102.0
1650497667,0.0,0.0002534725,0.0,2.041459083557129e-05,2.026557922363281e-05,391.5,153.0
1650497668,0.0,0.001048837,0.0,2.041459083557129e-05,2.026557922363281e-05,1315.0,1212.0
1650497669,0.0,0.000142129,0.0,2.041459083557129e-05,2.026557922363281e-05,261.0,168.0
1650497670,0.0,0.000142129,0.0,2.041459083557129e-05,2.026557922363281e-05,261.0,168.0
1650497671,0.0,0.000143966,0.0,2.041459083557129e-05,2.026557922363281e-05,260.5,168.0
1650497672,0.0,0.000143966,0.0,2.041459083557129e-05,2.026557922363281e-05,260.5,168.0
1650497673,0.0,0.0001418185,0.0,2.041459083557129e-05,2.026557922363281e-05,261.0,102.0
1650497674,0.0,0.000346315,0.0,2.041459083557129e-05,2.026557922363281e-05,646.0,292.0
1650497675,0.0,0.000346315,0.0,2.041459083557129e-05,2.026557922363281e-05,646.0,292.0
1650497676,0.0,0.00018776,0.0,2.041459083557129e-05,2.026557922363281e-05,261.0,102.0
1650497677,0.0,0.000552324,0.0,2.041459083557129e-05,2.026557922363281e-05,783.0,306.0
1650497678,0.0,0.000552324,0.0,2.041459083557129e-05,2.026557922363281e-05,783.0,306.0
1650497679,0.0,0.0004740405,0.0,2.041459083557129e-05,2.026557922363281e-05,527.5,439.0
1650497680,0.0,0.000413422,0.0,2.041459083557129e-05,2.026557922363281e-05,783.0,438.0
1650497681,0.0,0.000413422,0.0,2.041459083557129e-05,2.026557922363281e-05,783.0,438.0
1650497682,0.0,0.000276434,0.0,2.041459083557129e-05,2.026557922363281e-05,391.0,153.0
1650497683,0.0,0.000276434,0.0,2.041459083557129e-05,2.026557922363281e-05,391.0,153.0
1650497684,0.0,0.000463792,0.0,2.041459083557129e-05,2.026557922363281e-05,735.5,320.0
1650497685,0.0,0.000463792,0.0,2.041459083557129e-05,2.026557922363281e-05,735.5,320.0
1650497686,0.0,0.000363935,0.0,2.041459083557129e-05,2.026557922363281e-05,522.0,204.0
1650497687,0.0,0.000363935,0.0,2.041459083557129e-05,2.026557922363281e-05,522.0,204.0
1650497688,0.0,0.000295716,0.0,2.041459083557129e-05,2.026557922363281e-05,391.5,433.0
1650497689,0.0,0.000383486,0.0,2.023577690124512e-05,2.008676528930664e-05,654.0,204.0
1650497690,0.0,0.000383486,0.0,2.023577690124512e-05,2.008676528930664e-05,654.0,204.0
1650497691,0.0,0.000306024,0.0,2.041459083557129e-05,2.026557922363281e-05,461.0,289.0
1650497692,0.0,0.000375781,0.0,2.041459083557129e-05,2.026557922363281e-05,522.0,270.0
1650497693,0.0,0.000506459,0.0,2.041459083557129e-05,2.026557922363281e-05,907.0,394.0
1650497694,0.0,0.000422373,0.0,2.041459083557129e-05,2.026557922363281e-05,783.0,306.0
1650497695,0.0,0.000422373,0.0,2.041459083557129e-05,2.026557922363281e-05,783.0,306.0
1650497696,0.0,0.0002241745,0.0,2.041459083557129e-05,2.026557922363281e-05,391.5,153.0
1650497697,0.0,0.0002241745,0.0,2.041459083557129e-05,2.026557922363281e-05,391.5,153.0
1650497698,0.0,0.0002889105,0.0,2.041459083557129e-05,2.026557922363281e-05,521.0,204.0
1650497699,0.0,0.00042175,0.0,2.041459083557129e-05,2.026557922363281e-05,522.0,472.0
1650497700,0.0,0.000154004,0.0,2.041459083557129e-05,2.026557922363281e-05,261.0,102.0
1650497701,0.0,0.000154004,0.0,2.041459083557129e-05,2.026557922363281e-05,261.0,102.0
1650497702,0.0,0.0004313775,0.0,2.041459083557129e-05,2.026557922363281e-05,658.0,340.0
1650497703,0.0,0.000560751,0.0,2.041459083557129e-05,2.026557922363281e-05,907.0,460.0
1650497704,0.0,0.000459373,0.0,2.041459083557129e-05,2.026557922363281e-05,783.0,306.0
1650497705,0.0,0.000297075,0.0,2.041459083557129e-05,2.026557922363281e-05,522.0,204.0
1650497706,0.0,0.000297075,0.0,2.041459083557129e-05,2.026557922363281e-05,522.0,204.0
1650497707,0.0,0.0001489725,0.0,2.041459083557129e-05,2.026557922363281e-05,261.0,102.0
1650497708,0.0,0.000348991,0.0,2.041459083557129e-05,2.026557922363281e-05,261.0,367.0
1650497709,0.01,0.000468934,0.0,2.041459083557129e-05,2.026557922363281e-05,783.0,306.0
1650497710,0.01,0.000468934,0.0,2.041459083557129e-05,2.026557922363281e-05,783.0,306.0
1650497711,0.0,0.000327488,0.0,2.041459083557129e-05,2.026557922363281e-05,521.0,204.0
1650497712,0.0,0.000537632,0.0,2.041459083557129e-05,2.026557922363281e-05,794.0,344.0
1650497713,0.0,0.000537632,0.0,2.041459083557129e-05,2.026557922363281e-05,794.0,344.0
1650497714,0.0,0.0002802825,0.0,2.041459083557129e-05,2.026557922363281e-05,474.0,284.0
1650497715,0.0,0.00014136,0.0,2.041459083557129e-05,2.026557922363281e-05,261.0,168.0
1650497716,0.0,0.00014136,0.0,2.041459083557129e-05,2.026557922363281e-05,261.0,168.0
1650497717,0.0,0.000258432,0.0,2.041459083557129e-05,2.026557922363281e-05,391.5,153.0
1650497718,0.0,0.000556102,0.0,2.041459083557129e-05,2.026557922363281e-05,915.0,903.0
1650497719,0.0,0.000556102,0.0,2.041459083557129e-05,2.026557922363281e-05,915.0,903.0
1650497720,0.0,0.000147896,0.0,2.041459083557129e-05,2.026557922363281e-05,260.5,102.0
1650497721,0.0,0.000147896,0.0,2.041459083557129e-05,2.026557922363281e-05,260.5,102.0
1650497722,0.0,0.000154057,0.0,2.041459083557129e-05,2.026557922363281e-05,261.0,102.0
1650497723,0.0,0.000922396,0.01,2.041459083557129e-05,2.026557922363281e-05,1440.0,636.0
1650497724,0.0,0.000922396,0.01,2.041459083557129e-05,2.026557922363281e-05,1440.0,636.0
1650497725,0.0,0.0001466695,0.0,2.041459083557129e-05,2.026557922363281e-05,261.0,168.0
1650497726,0.0,0.000365666,0.0,2.041459083557129e-05,2.026557922363281e-05,522.0,270.0
1650497727,0.0,0.000143904,0.0,2.041459083557129e-05,2.026557922363281e-05,261.0,102.0
1650497728,0.0,0.000143904,0.0,2.041459083557129e-05,2.026557922363281e-05,261.0,102.0
1650497729,0.0,0.000290965,0.0,2.041459083557129e-05,2.026557922363281e-05,391.5,287.0
1650497730,0.0,0.000303964,0.0,2.041459083557129e-05,2.026557922363281e-05,522.0,204.0
1650497731,0.0,0.000303964,0.0,2.041459083557129e-05,2.026557922363281e-05,522.0,204.0
1650497732,0.0,0.000193288,0.0,2.041459083557129e-05,2.026557922363281e-05,261.0,102.0
1650497733,0.0,0.000305443,0.0,2.041459083557129e-05,2.026557922363281e-05,522.0,204.0
1650497734,0.0,0.000305443,0.0,2.041459083557129e-05,2.026557922363281e-05,522.0,204.0
1650497735,0.0,0.0006682045,0.0,2.041459083557129e-05,2.026557922363281e-05,980.0,486.0
1650497736,0.0,0.000365364,0.0,2.041459083557129e-05,2.026557922363281e-05,521.0,270.0
1650497737,0.0,0.000365364,0.0,2.041459083557129e-05,2.026557922363281e-05,521.0,270.0
1650497738,0.0,0.000328092,0.0,2.041459083557129e-05,2.026557922363281e-05,391.5,436.5
1650497739,0.0,0.000452905,0.0,2.041459083557129e-05,2.026557922363281e-05,783.0,306.0
1650497740,0.0,0.00037352,0.0,2.041459083557129e-05,2.026557922363281e-05,522.0,204.0
1650497741,0.0,0.000377355,0.0,2.041459083557129e-05,2.026557922363281e-05,521.0,204.0
1650497742,0.0,0.000377355,0.0,2.041459083557129e-05,2.026557922363281e-05,521.0,204.0
1650497743,0.0,0.0003483025,0.0,2.041459083557129e-05,2.026557922363281e-05,605.0,269.0
1650497744,0.0,0.0003483025,0.0,2.041459083557129e-05,2.026557922363281e-05,605.0,269.0
1650497745,0.0,0.000377555,0.0,2.041459083557129e-05,2.026557922363281e-05,527.5,223.0
1650497746,0.0,0.000377555,0.0,2.041459083557129e-05,2.026557922363281e-05,527.5,223.0
1650497747,0.0,0.0001675455,0.0,2.041459083557129e-05,2.026557922363281e-05,261.0,168.0
1650497748,0.0,0.000630704,0.0,2.041459083557129e-05,2.026557922363281e-05,783.0,840.0
1650497749,0.0,0.00063495,0.0,2.041459083557129e-05,2.026557922363281e-05,1044.0,408.0
1650497750,0.0,0.000551628,0.0,2.041459083557129e-05,2.026557922363281e-05,783.0,306.0
1650497751,0.0,0.000551628,0.0,2.041459083557129e-05,2.026557922363281e-05,783.0,306.0
1650497752,0.0,7.04835e-05,0.0,2.041459083557129e-05,2.026557922363281e-05,130.5,51.0
1650497753,0.0,7.04835e-05,0.0,2.041459083557129e-05,2.026557922363281e-05,130.5,51.0
1650497754,0.0,0.0004247605,0.0,2.041459083557129e-05,2.026557922363281e-05,714.5,299.0
1650497755,0.0,0.000299347,0.0,2.041459083557129e-05,2.026557922363281e-05,522.0,204.0
1650497756,0.0,0.000970981,0.0,2.041459083557129e-05,2.026557922363281e-05,1315.0,614.0
1650497757,0.0,0.000970981,0.0,2.041459083557129e-05,2.026557922363281e-05,1315.0,614.0
1650497758,0.0,0.000216178,0.0,2.041459083557129e-05,2.026557922363281e-05,261.0,349.5
1650497759,0.0,0.000193317,0.0,2.041459083557129e-05,2.026557922363281e-05,261.0,102.0
1650497760,0.0,0.000193317,0.0,2.041459083557129e-05,2.026557922363281e-05,261.0,102.0
1650497761,0.0,0.0002885525,0.0,2.041459083557129e-05,2.026557922363281e-05,391.0,153.0
1650497762,0.0,0.000371523,0.0,2.041459083557129e-05,2.026557922363281e-05,521.0,204.0
1650497763,0.0,0.000371523,0.0,2.041459083557129e-05,2.026557922363281e-05,521.0,204.0
1650497764,0.0,0.0003344655,0.0,2.041459083557129e-05,2.026557922363281e-05,453.5,197.0
1650497765,0.0,0.000511417,0.0,2.041459083557129e-05,2.026557922363281e-05,783.0,306.0
1650497766,0.0,0.000511417,0.0,2.041459083557129e-05,2.026557922363281e-05,783.0,306.0
1650497767,0.0,0.000277045,0.0,2.041459083557129e-05,2.026557922363281e-05,396.5,172.0
1650497768,0.01,0.00060859,0.0,2.041459083557129e-05,2.026557922363281e-05,522.0,1098.0
1650497769,0.0,0.000300012,0.0,2.041459083557129e-05,2.026557922363281e-05,522.0,270.0
1650497770,0.0,0.000309172,0.0,2.041459083557129e-05,2.026557922363281e-05,521.0,204.0
1650497771,0.0,0.000309172,0.0,2.041459083557129e-05,2.026557922363281e-05,521.0,204.0
1650497772,0.0,0.0003299965,0.005,2.041459083557129e-05,2.026557922363281e-05,522.0,204.0
1650497773,0.0,0.0003299965,0.005,2.041459083557129e-05,2.026557922363281e-05,522.0,204.0
1650497774,0.0,0.0003706295,0.0,2.041459083557129e-05,2.026557922363281e-05,605.0,269.0
1650497775,0.0,0.000554107,0.0,2.041459083557129e-05,2.026557922363281e-05,783.0,306.0
1650497776,0.0,0.000379277,0.0,2.041459083557129e-05,2.026557922363281e-05,522.0,204.0
1650497777,0.0,0.000242662,0.0,2.023577690124512e-05,2.008676528930664e-05,393.0,102.0
1650497778,0.0,0.000622344,0.0,2.041459083557129e-05,2.026557922363281e-05,661.0,876.0
1650497779,0.0,0.000622344,0.0,2.041459083557129e-05,2.026557922363281e-05,661.0,876.0
1650497780,0.0,0.0002283785,0.0,2.041459083557129e-05,2.026557922363281e-05,391.0,219.0
1650497781,0.0,0.000513768,0.0,2.041459083557129e-05,2.026557922363281e-05,783.0,306.0
1650497782,0.0,0.000513768,0.0,2.041459083557129e-05,2.026557922363281e-05,783.0,306.0
1650497783,0.0,0.000142215,0.0,2.041459083557129e-05,2.026557922363281e-05,261.0,102.0
1650497784,0.0,0.000575303,0.0,2.041459083557129e-05,2.026557922363281e-05,907.0,394.0
1650497785,0.0,0.000293927,0.0,2.041459083557129e-05,2.026557922363281e-05,522.0,204.0
1650497786,0.0,0.000293927,0.0,2.041459083557129e-05,2.026557922363281e-05,522.0,204.0
1650497787,0.0,0.0002350865,0.0,2.041459083557129e-05,2.026557922363281e-05,390.5,153.0
1650497788,0.0,0.000609712,0.0,2.041459083557129e-05,2.026557922363281e-05,793.0,344.0
1650497789,0.0,0.000177178,0.0,2.041459083557129e-05,2.026557922363281e-05,261.0,168.0
1650497790,0.0,0.000177178,0.0,2.041459083557129e-05,2.026557922363281e-05,261.0,168.0
1650497791,0.0,0.0001959895,0.0,2.041459083557129e-05,2.026557922363281e-05,261.0,168.0
1650497792,0.0,0.000827888,0.0,2.041459083557129e-05,2.026557922363281e-05,1304.0,510.0
1650497793,0.0,0.000827888,0.0,2.041459083557129e-05,2.026557922363281e-05,1304.0,510.0
1650497794,0.0,0.000377969,0.0,2.041459083557129e-05,2.026557922363281e-05,583.5,248.0
1650497795,0.0,0.000377969,0.0,2.041459083557129e-05,2.026557922363281e-05,583.5,248.0
1650497796,0.0,0.00013189,0.0,2.041459083557129e-05,2.026557922363281e-05,260.5,102.0
1650497797,0.0,0.000301303,0.0,2.041459083557129e-05,2.026557922363281e-05,522.0,204.0
1650497798,0.0,0.000301303,0.0,2.041459083557129e-05,2.026557922363281e-05,522.0,204.0
1650497799,0.0,0.00031478,0.0,2.023577690124512e-05,2.008676528930664e-05,326.0,383.5
1650497800,0.0,0.000445108,0.0,2.041459083557129e-05,2.026557922363281e-05,401.0,242.0
1650497801,0.0,0.000445108,0.0,2.041459083557129e-05,2.026557922363281e-05,401.0,242.0
1650497802,0.0,0.000316064,0.0,2.041459083557129e-05,2.026557922363281e-05,522.0,303.0
1650497803,0.0,0.000809719,0.0,2.041459083557129e-05,2.026557922363281e-05,1207.0,538.0
1650497804,0.0,0.000809719,0.0,2.041459083557129e-05,2.026557922363281e-05,1207.0,538.0
1650497805,0.0,0.000222701,0.0,2.041459083557129e-05,2.026557922363281e-05,391.5,153.0
1650497806,0.0,0.000222701,0.0,2.041459083557129e-05,2.026557922363281e-05,391.5,153.0
1650497807,0.0,0.0004308305,0.0,2.041459083557129e-05,2.026557922363281e-05,521.5,204.0
1650497808,0.0,0.000336962,0.0,2.041459083557129e-05,2.026557922363281e-05,261.0,865.0
1650497809,0.0,0.000441834,0.0,2.041459083557129e-05,2.026557922363281e-05,783.0,306.0
1650497810,0.0,0.000548228,0.0,2.041459083557129e-05,2.026557922363281e-05,794.0,344.0
1650497811,0.0,0.000548228,0.0,2.041459083557129e-05,2.026557922363281e-05,794.0,344.0
1650497812,0.005,0.000358999,0.0,2.041459083557129e-05,2.026557922363281e-05,521.0,303.0
1650497813,0.0,0.0008042,0.0,2.041459083557129e-05,2.026557922363281e-05,1167.0,496.0
1650497814,0.0,0.000162729,0.0,2.041459083557129e-05,2.026557922363281e-05,261.0,102.0
1650497815,0.0,0.000162729,0.0,2.041459083557129e-05,2.026557922363281e-05,261.0,102.0
1650497816,0.0,0.000276163,0.0,2.041459083557129e-05,2.026557922363281e-05,391.0,153.0
1650497817,0.0,0.000301752,0.0,2.041459083557129e-05,2.026557922363281e-05,522.0,204.0
1650497818,0.0,0.000301752,0.0,2.041459083557129e-05,2.026557922363281e-05,522.0,204.0
1650497819,0.0,0.000210453,0.0,2.041459083557129e-05,2.026557922363281e-05,261.0,334.0
1650497820,0.0,0.000363609,0.0,2.041459083557129e-05,2.026557922363281e-05,522.0,204.0
1650497821,0.0,0.000745392,0.0,2.041459083557129e-05,2.026557922363281e-05,1055.0,512.0
1650497822,0.0,0.000745392,0.0,2.041459083557129e-05,2.026557922363281e-05,1055.0,512.0
1650497823,0.0,0.000337125,0.0,2.041459083557129e-05,2.026557922363281e-05,584.0,314.0
1650497824,0.0,0.000337125,0.0,2.041459083557129e-05,2.026557922363281e-05,584.0,314.0
1650497825,0.0,0.000325778,0.0,2.041459083557129e-05,2.026557922363281e-05,521.5,204.0
1650497826,0.0,0.000329142,0.01,2.041459083557129e-05,2.026557922363281e-05,522.0,204.0
1650497827,0.0,0.000319053,0.0,2.041459083557129e-05,2.026557922363281e-05,521.0,204.0
1650497828,0.0,0.000319053,0.0,2.041459083557129e-05,2.026557922363281e-05,521.0,204.0
1650497829,0.0,0.0001936825,0.0,2.041459083557129e-05,2.026557922363281e-05,259.5,235.0
1650497830,0.0,0.000430003,0.0,2.041459083557129e-05,2.026557922363281e-05,521.0,204.0
1650497831,0.0,0.000881074,0.0,2.041459083557129e-05,2.026557922363281e-05,1316.0,548.0
1650497832,0.0,0.000881074,0.0,2.041459083557129e-05,2.026557922363281e-05,1316.0,548.0
1650497833,0.0,0.0002025335,0.0,2.041459083557129e-05,2.026557922363281e-05,323.0,179.0
1650497834,0.0,0.000690471,0.0,2.041459083557129e-05,2.026557922363281e-05,1044.0,540.0
1650497835,0.0,0.000690471,0.0,2.041459083557129e-05,2.026557922363281e-05,1044.0,540.0
1650497836,0.0,0.000110627,0.0,2.041459083557129e-05,2.026557922363281e-05,130.0,51.0
1650497837,0.0,0.000442235,0.0,2.041459083557129e-05,2.026557922363281e-05,782.0,306.0
1650497838,0.0,0.000362467,0.0,2.041459083557129e-05,2.026557922363281e-05,260.0,667.0
1650497839,0.0,0.000147089,0.0,2.041459083557129e-05,2.026557922363281e-05,260.0,102.0
1650497840,0.0,0.000436165,0.0,2.041459083557129e-05,2.026557922363281e-05,782.0,306.0
1650497841,0.0,0.000436165,0.0,2.041459083557129e-05,2.026557922363281e-05,782.0,306.0
1650497842,0.0,0.000364362,0.0,2.023577690124512e-05,2.008676528930664e-05,588.0,204.0
1650497843,0.0,0.000806846,0.0,2.041459083557129e-05,2.026557922363281e-05,1350.0,810.0
1650497844,0.0,0.000806846,0.0,2.041459083557129e-05,2.026557922363281e-05,1350.0,810.0
1650497845,0.0,0.000223364,0.0,2.041459083557129e-05,2.026557922363281e-05,391.5,186.0
1650497846,0.0,0.000141012,0.0,2.041459083557129e-05,2.026557922363281e-05,261.0,102.0
1650497847,0.0,0.000141012,0.0,2.041459083557129e-05,2.026557922363281e-05,261.0,102.0
1650497848,0.0,0.0001683595,0.0,2.041459083557129e-05,2.026557922363281e-05,261.0,102.0
1650497849,0.0,0.000670415,0.0,2.041459083557129e-05,2.026557922363281e-05,1043.0,408.0
1650497850,0.0,0.000670415,0.0,2.041459083557129e-05,2.026557922363281e-05,1043.0,408.0
1650497851,0.0,0.000243209,0.0,2.041459083557129e-05,2.026557922363281e-05,391.5,153.0
1650497852,0.0,0.000150374,0.0,2.041459083557129e-05,2.026557922363281e-05,261.0,102.0
1650497853,0.0,0.000867836,0.0,2.041459083557129e-05,2.026557922363281e-05,1179.0,534.0
1650497854,0.0,0.000235111,0.0,2.041459083557129e-05,2.026557922363281e-05,261.0,168.0
1650497855,0.0,0.000235111,0.0,2.041459083557129e-05,2.026557922363281e-05,261.0,168.0
1650497856,0.0,0.0001481255,0.0,2.041459083557129e-05,2.026557922363281e-05,261.0,168.0
1650497857,0.0,0.000359627,0.0,2.041459083557129e-05,2.026557922363281e-05,522.0,204.0
1650497858,0.0,0.000444896,0.0,2.041459083557129e-05,2.026557922363281e-05,522.0,770.0
1650497859,0.0,0.000444896,0.0,2.041459083557129e-05,2.026557922363281e-05,522.0,770.0
1650497860,0.0,0.0003607125,0.0,2.041459083557129e-05,2.026557922363281e-05,652.0,255.0
1650497861,0.0,0.0003607125,0.0,2.041459083557129e-05,2.026557922363281e-05,652.0,255.0
1650497862,0.0,0.0003083075,0.0,2.041459083557129e-05,2.026557922363281e-05,391.0,153.0
1650497863,0.0,0.0003083075,0.0,2.041459083557129e-05,2.026557922363281e-05,391.0,153.0
1650497864,0.0,0.000351905,0.0,2.023577690124512e-05,2.008676528930664e-05,519.5,197.0
1650497865,0.01,0.00075019,0.0,2.041459083557129e-05,2.026557922363281e-05,921.0,578.0
1650497866,0.0,0.000284565,0.0,2.041459083557129e-05,2.026557922363281e-05,592.0,270.0
1650497867,0.0,0.000284565,0.0,2.041459083557129e-05,2.026557922363281e-05,592.0,270.0
1650497868,0.0,0.0002810955,0.0,2.041459083557129e-05,2.026557922363281e-05,391.5,437.0
1650497869,0.0,0.000693014,0.0,2.041459083557129e-05,2.026557922363281e-05,1044.0,408.0
1650497870,0.0,0.000693014,0.0,2.041459083557129e-05,2.026557922363281e-05,1044.0,408.0
1650497871,0.0,0.0001808895,0.0,2.041459083557129e-05,2.026557922363281e-05,261.0,102.0
1650497872,0.0,0.00014579,0.0,2.041459083557129e-05,2.026557922363281e-05,261.0,102.0
1650497873,0.0,0.00014579,0.0,2.041459083557129e-05,2.026557922363281e-05,261.0,102.0
1650497874,0.0,0.000460422,0.0,2.041459083557129e-05,2.026557922363281e-05,714.5,299.0
1650497875,0.0,0.00046634,0.0,2.023577690124512e-05,2.008676528930664e-05,654.0,204.0
1650497876,0.0,0.000588511,0.0,2.041459083557129e-05,2.026557922363281e-05,923.0,578.0
1650497877,0.0,0.000588511,0.0,2.041459083557129e-05,2.026557922363281e-05,923.0,578.0
1650497878,0.0,0.000224821,0.0,2.041459083557129e-05,2.026557922363281e-05,261.0,368.0
1650497879,0.0,0.000224821,0.0,2.041459083557129e-05,2.026557922363281e-05,261.0,368.0
1650497880,0.0,0.000269937,0.0,2.041459083557129e-05,2.026557922363281e-05,391.5,153.0
1650497881,0.0,0.000302772,0.0,2.041459083557129e-05,2.026557922363281e-05,522.0,204.0
1650497882,0.0,0.000302772,0.0,2.041459083557129e-05,2.026557922363281e-05,522.0,204.0
1650497883,0.0,8.48395e-05,0.0,2.041459083557129e-05,2.026557922363281e-05,130.5,51.0
1650497884,0.0,0.000730569,0.0,2.041459083557129e-05,2.026557922363281e-05,1210.0,538.0
1650497885,0.0,0.000730569,0.0,2.041459083557129e-05,2.026557922363281e-05,1210.0,538.0
1650497886,0.0,0.0002529495,0.005,2.023577690124512e-05,2.008676528930664e-05,326.5,102.0
1650497887,0.0,0.00063304,0.0,2.041459083557129e-05,2.026557922363281e-05,923.0,578.0
1650497888,0.0,0.00063304,0.0,2.041459083557129e-05,2.026557922363281e-05,923.0,578.0
1650497889,0.0,0.0002762215,0.0,2.041459083557129e-05,2.026557922363281e-05,391.0,420.0
1650497890,0.0,0.000321332,0.0,2.041459083557129e-05,2.026557922363281e-05,522.0,204.0
1650497891,0.0,0.000471818,0.0,2.041459083557129e-05,2.026557922363281e-05,783.0,306.0
1650497892,0.0,0.000471818,0.0,2.041459083557129e-05,2.026557922363281e-05,783.0,306.0
1650497893,0.0,0.000312535,0.0,2.041459083557129e-05,2.026557922363281e-05,453.5,197.0
1650497894,0.0,0.000312535,0.0,2.041459083557129e-05,2.026557922363281e-05,453.5,197.0
1650497895,0.0,0.000358805,0.0,2.041459083557129e-05,2.026557922363281e-05,522.0,204.0
1650497896,0.0,0.000408611,0.0,2.041459083557129e-05,2.026557922363281e-05,522.0,204.0
1650497897,0.0,0.00061643,0.0,2.041459083557129e-05,2.026557922363281e-05,793.0,344.0
1650497898,0.0,0.00061643,0.0,2.041459083557129e-05,2.026557922363281e-05,793.0,344.0
1650497899,0.0,0.000216792,0.0,2.041459083557129e-05,2.026557922363281e-05,261.0,401.0
1650497900,0.0,0.000138067,0.0,2.041459083557129e-05,2.026557922363281e-05,260.0,168.0
1650497901,0.0,0.000452967,0.0,2.041459083557129e-05,2.026557922363281e-05,521.0,204.0
1650497902,0.0,0.000452967,0.0,2.041459083557129e-05,2.026557922363281e-05,521.0,204.0
1650497903,0.0,0.000147475,0.0,2.041459083557129e-05,2.026557922363281e-05,261.0,102.0
1650497904,0.0,0.000922026,0.0,2.041459083557129e-05,2.026557922363281e-05,1428.0,598.0
1650497905,0.0,0.000922026,0.0,2.041459083557129e-05,2.026557922363281e-05,1428.0,598.0
1650497906,0.0,0.0002592605,0.0,2.041459083557129e-05,2.026557922363281e-05,391.0,153.0
1650497907,0.0,0.000290292,0.0,2.041459083557129e-05,2.026557922363281e-05,521.0,204.0
1650497908,0.0,0.000290292,0.0,2.041459083557129e-05,2.026557922363281e-05,521.0,204.0
1650497909,0.0,0.0004909365,0.0,2.041459083557129e-05,2.026557922363281e-05,657.5,621.5
1650497910,0.0,0.0004909365,0.0,2.041459083557129e-05,2.026557922363281e-05,657.5,621.5
1650497911,0.0,0.000226052,0.0,2.041459083557129e-05,2.026557922363281e-05,391.5,186.0
1650497912,0.0,0.000480141,0.0,2.041459083557129e-05,2.026557922363281e-05,783.0,306.0
1650497913,0.0,0.000480141,0.0,2.041459083557129e-05,2.026557922363281e-05,783.0,306.0
1650497914,0.0,0.0002862325,0.0,2.041459083557129e-05,2.026557922363281e-05,453.0,197.0
1650497915,0.0,0.00017228,0.0,2.041459083557129e-05,2.026557922363281e-05,261.0,102.0
1650497916,0.0,0.00029862,0.0,2.041459083557129e-05,2.026557922363281e-05,522.0,204.0
1650497917,0.0,0.00029862,0.0,2.041459083557129e-05,2.026557922363281e-05,522.0,204.0
1650497918,0.0,0.000318988,0.0,2.041459083557129e-05,2.026557922363281e-05,390.5,336.0
1650497919,0.0,0.000663647,0.0,2.041459083557129e-05,2.026557922363281e-05,791.0,344.0
1650497920,0.0,0.000550991,0.0,2.041459083557129e-05,2.026557922363281e-05,783.0,504.0
1650497921,0.0,0.000322247,0.0,2.041459083557129e-05,2.026557922363281e-05,522.0,204.0
1650497922,0.0,0.000322247,0.0,2.041459083557129e-05,2.026557922363281e-05,522.0,204.0
1650497923,0.0,0.0002123065,0.0,2.041459083557129e-05,2.026557922363281e-05,391.5,153.0
1650497924,0.0,0.000782869,0.0,2.041459083557129e-05,2.026557922363281e-05,1166.0,496.0
1650497925,0.0,0.000782869,0.0,2.041459083557129e-05,2.026557922363281e-05,1166.0,496.0
1650497926,0.0,0.0003668005,0.0,2.041459083557129e-05,2.026557922363281e-05,521.5,204.0
1650497927,0.0,0.000389894,0.0,2.041459083557129e-05,2.026557922363281e-05,522.0,204.0
1650497928,0.0,0.000476573,0.0,2.041459083557129e-05,2.026557922363281e-05,521.0,1071.0
1650497929,0.0,0.001124322,0.0,2.041459083557129e-05,2.026557922363281e-05,1576.0,848.0
1650497930,0.0,0.001124322,0.0,2.041459083557129e-05,2.026557922363281e-05,1576.0,848.0
1650497931,0.0,0.000181936,0.0,2.041459083557129e-05,2.026557922363281e-05,261.0,102.0
1650497932,0.0,0.000181936,0.0,2.041459083557129e-05,2.026557922363281e-05,261.0,102.0
1650497933,0.0,0.000215999,0.0,2.041459083557129e-05,2.026557922363281e-05,412.5,174.0
1650497934,0.0,0.000215999,0.0,2.041459083557129e-05,2.026557922363281e-05,412.5,174.0
1650497935,0.0,0.000442602,0.0,2.041459083557129e-05,2.026557922363281e-05,713.5,299.0
1650497936,0.0,0.000403666,0.0,2.041459083557129e-05,2.026557922363281e-05,520.0,204.0
1650497937,0.0,0.000403666,0.0,2.041459083557129e-05,2.026557922363281e-05,520.0,204.0
1650497938,0.0,0.000321152,0.0,2.041459083557129e-05,2.026557922363281e-05,391.5,535.0
1650497939,0.01,0.000428951,0.0,2.041459083557129e-05,2.026557922363281e-05,521.0,204.0
1650497940,0.0,0.000577952,0.0,2.041459083557129e-05,2.026557922363281e-05,794.0,344.0
1650497941,0.0,0.000577952,0.0,2.041459083557129e-05,2.026557922363281e-05,794.0,344.0
1650497942,0.0,0.0002273075,0.0,2.041459083557129e-05,2.026557922363281e-05,391.5,252.0
1650497943,0.0,0.0002273075,0.0,2.041459083557129e-05,2.026557922363281e-05,391.5,252.0
1650497944,0.0,0.000304609,0.0,2.041459083557129e-05,2.026557922363281e-05,453.5,197.0
1650497945,0.0,0.000701091,0.0,2.041459083557129e-05,2.026557922363281e-05,1044.0,408.0
1650497946,0.0,0.000701091,0.0,2.041459083557129e-05,2.026557922363281e-05,1044.0,408.0
1650497947,0.0,0.0001474985,0.0,2.041459083557129e-05,2.026557922363281e-05,261.0,102.0
1650497948,0.0,0.000580153,0.0,2.041459083557129e-05,2.026557922363281e-05,521.0,771.0
1650497949,0.0,0.000580153,0.0,2.041459083557129e-05,2.026557922363281e-05,521.0,771.0
1650497950,0.0,0.000193094,0.0,2.023577690124512e-05,2.008676528930664e-05,326.5,102.0
1650497951,0.0,0.00045302,0.0,2.041459083557129e-05,2.026557922363281e-05,662.0,410.0
1650497952,0.0,0.00045302,0.0,2.041459083557129e-05,2.026557922363281e-05,662.0,410.0
1650497953,0.0,0.0004269625,0.0,2.041459083557129e-05,2.026557922363281e-05,714.5,365.0
1650497954,0.0,0.000147364,0.0,2.041459083557129e-05,2.026557922363281e-05,261.0,102.0
1650497955,0.0,0.000147364,0.0,2.041459083557129e-05,2.026557922363281e-05,261.0,102.0
1650497956,0.0,0.0001457215,0.0,2.041459083557129e-05,2.026557922363281e-05,261.0,102.0
1650497957,0.0,0.000729591,0.0,2.041459083557129e-05,2.026557922363281e-05,1305.0,510.0
1650497958,0.0,0.000729591,0.0,2.041459083557129e-05,2.026557922363281e-05,1305.0,510.0
1650497959,0.0,0.0003396035,0.0,2.041459083557129e-05,2.026557922363281e-05,391.0,336.5
1650497960,0.0,0.0003396035,0.0,2.041459083557129e-05,2.026557922363281e-05,391.0,336.5
1650497961,0.0,0.000557115,0.0,2.041459083557129e-05,2.026557922363281e-05,788.5,358.0
1650497962,0.0,0.000557115,0.0,2.041459083557129e-05,2.026557922363281e-05,788.5,358.0
1650497963,0.0,0.0002614235,0.0,2.041459083557129e-05,2.026557922363281e-05,391.0,219.0
1650497964,0.0,0.000351916,0.0,2.041459083557129e-05,2.026557922363281e-05,645.0,292.0
1650497965,0.0,0.000385105,0.0,2.041459083557129e-05,2.026557922363281e-05,520.0,204.0
1650497966,0.0,0.000677361,0.0,2.041459083557129e-05,2.026557922363281e-05,1043.0,408.0
1650497967,0.0,0.000675907,0.0,2.041459083557129e-05,2.026557922363281e-05,1044.0,408.0
1650497968,0.0,0.000675907,0.0,2.041459083557129e-05,2.026557922363281e-05,1044.0,408.0
1650497969,0.0,0.0002707925,0.0,2.041459083557129e-05,2.026557922363281e-05,391.5,585.0
1650497970,0.0,0.000461031,0.0,2.041459083557129e-05,2.026557922363281e-05,783.0,306.0
1650497971,0.0,0.000461031,0.0,2.041459083557129e-05,2.026557922363281e-05,783.0,306.0
1650497972,0.0,0.0002734665,0.0,2.041459083557129e-05,2.026557922363281e-05,397.0,172.0
1650497973,0.0,0.000721726,0.0,2.041459083557129e-05,2.026557922363281e-05,1210.0,736.0
1650497974,0.0,0.000721726,0.0,2.041459083557129e-05,2.026557922363281e-05,1210.0,736.0
1650497975,0.0,0.000248477,0.0,2.041459083557129e-05,2.026557922363281e-05,391.5,153.0
1650497976,0.0,0.000300793,0.0,2.041459083557129e-05,2.026557922363281e-05,520.0,204.0
1650497977,0.0,0.00032145,0.0,2.041459083557129e-05,2.026557922363281e-05,522.0,204.0
1650497978,0.0,0.00032145,0.0,2.041459083557129e-05,2.026557922363281e-05,522.0,204.0
1650497979,0.0,0.000256462,0.0,2.041459083557129e-05,2.026557922363281e-05,260.5,102.0
1650497980,0.0,0.000352283,0.0,2.041459083557129e-05,2.026557922363281e-05,522.0,204.0
1650497981,0.0,0.000352283,0.0,2.041459083557129e-05,2.026557922363281e-05,522.0,204.0
1650497982,0.0,0.000255279,0.0,2.041459083557129e-05,2.026557922363281e-05,391.0,153.0
1650497983,0.0,0.000255279,0.0,2.041459083557129e-05,2.026557922363281e-05,391.0,153.0
1650497984,0.0,0.000552944,0.0,2.041459083557129e-05,2.026557922363281e-05,719.5,351.0
1650497985,0.0,0.000356908,0.0,2.041459083557129e-05,2.026557922363281e-05,522.0,336.0
1650497986,0.0,0.000356908,0.0,2.041459083557129e-05,2.026557922363281e-05,522.0,336.0
1650497987,0.0,0.000423322,0.0,2.041459083557129e-05,2.026557922363281e-05,650.5,255.0
1650497988,0.0,0.000423322,0.0,2.041459083557129e-05,2.026557922363281e-05,650.5,255.0
1650497989,0.0,0.000214567,0.0,2.041459083557129e-05,2.026557922363281e-05,261.0,587.0
1650497990,0.0,0.000283989,0.0,2.041459083557129e-05,2.026557922363281e-05,522.0,204.0
1650497991,0.0,0.000283989,0.0,2.041459083557129e-05,2.026557922363281e-05,522.0,204.0
1650497992,0.0,0.0003772045,0.0,2.041459083557129e-05,2.026557922363281e-05,651.5,255.0
1650497993,0.0,0.000985021,0.0,2.023577690124512e-05,2.008676528930664e-05,1299.0,496.0
1650497994,0.0,0.000985021,0.0,2.023577690124512e-05,2.008676528930664e-05,1299.0,496.0
1650497995,0.0,0.0001475,0.0,2.041459083557129e-05,2.026557922363281e-05,200.5,121.0
1650497996,0.0,0.000303533,0.0,2.041459083557129e-05,2.026557922363281e-05,520.0,336.0
1650497997,0.0,0.000303533,0.0,2.041459083557129e-05,2.026557922363281e-05,520.0,336.0
1650497998,0.0,0.0003714325,0.0,2.041459083557129e-05,2.026557922363281e-05,522.0,419.0
1650497999,0.0,0.000142699,0.0,2.041459083557129e-05,2.026557922363281e-05,261.0,102.0
1650498000,0.0,0.000444483,0.0,2.041459083557129e-05,2.026557922363281e-05,783.0,306.0
1650498001,0.0,0.000444483,0.0,2.041459083557129e-05,2.026557922363281e-05,783.0,306.0
1650498002,0.0,0.0001494745,0.0,2.041459083557129e-05,2.026557922363281e-05,261.0,102.0
1650498003,0.0,0.0001494745,0.0,2.041459083557129e-05,2.026557922363281e-05,261.0,102.0
1650498004,0.0,0.000330327,0.0,2.041459083557129e-05,2.026557922363281e-05,584.0,248.0
1650498005,0.0,0.000247777,0.0,2.023577690124512e-05,2.008676528930664e-05,393.0,102.0
1650498006,0.0,0.000247777,0.0,2.023577690124512e-05,2.008676528930664e-05,393.0,102.0
1650498007,0.0,0.000553163,0.0,2.041459083557129e-05,2.026557922363281e-05,852.5,475.0
1650498008,0.0,0.000553163,0.0,2.041459083557129e-05,2.026557922363281e-05,852.5,475.0
1650498009,0.0,0.000180765,0.0,2.041459083557129e-05,2.026557922363281e-05,261.0,102.0
1650498010,0.0,0.000702526,0.0,2.041459083557129e-05,2.026557922363281e-05,1043.0,408.0
1650498011,0.0,0.000702526,0.0,2.041459083557129e-05,2.026557922363281e-05,1043.0,408.0
1650498012,0.0,0.0001377735,0.0,2.041459083557129e-05,2.026557922363281e-05,261.0,102.0
1650498013,0.0,0.000639119,0.0,2.041459083557129e-05,2.026557922363281e-05,1167.0,496.0
1650498014,0.0,0.000639119,0.0,2.041459083557129e-05,2.026557922363281e-05,1167.0,496.0
1650498015,0.0,0.0001564895,0.0,2.041459083557129e-05,2.026557922363281e-05,260.5,102.0
1650498016,0.0,0.000437148,0.0,2.023577690124512e-05,2.008676528930664e-05,652.0,204.0
1650498017,0.0,0.000471201,0.0,2.041459083557129e-05,2.026557922363281e-05,662.0,410.0
1650498018,0.0,0.000471201,0.0,2.041459083557129e-05,2.026557922363281e-05,662.0,410.0
1650498019,0.0,0.000348179,0.0,2.041459083557129e-05,2.026557922363281e-05,391.0,400.5
1650498020,0.0,0.000147286,0.0,2.041459083557129e-05,2.026557922363281e-05,261.0,102.0
1650498021,0.0,0.000520123,0.0,2.041459083557129e-05,2.026557922363281e-05,783.0,306.0
1650498022,0.0,0.000442948,0.0,2.041459083557129e-05,2.026557922363281e-05,783.0,306.0
1650498023,0.0,0.000442948,0.0,2.041459083557129e-05,2.026557922363281e-05,783.0,306.0
1650498024,0.005,0.00045622,0.0,2.041459083557129e-05,2.026557922363281e-05,735.5,320.0
1650498025,0.0,0.000148027,0.0,2.041459083557129e-05,2.026557922363281e-05,261.0,102.0
1650498026,0.0,0.000513036,0.0,2.041459083557129e-05,2.026557922363281e-05,781.0,306.0
1650498027,0.0,0.000513036,0.0,2.041459083557129e-05,2.026557922363281e-05,781.0,306.0
1650498028,0.0,0.000358359,0.0,2.041459083557129e-05,2.026557922363281e-05,396.5,455.0
1650498029,0.0,0.0004296,0.0,2.041459083557129e-05,2.026557922363281e-05,915.0,636.0
1650498030,0.0,0.0004296,0.0,2.041459083557129e-05,2.026557922363281e-05,915.0,636.0
1650498031,0.0,0.0001491485,0.0,2.041459083557129e-05,2.026557922363281e-05,260.5,102.0
1650498032,0.0,0.000461406,0.0,2.041459083557129e-05,2.026557922363281e-05,783.0,306.0
1650498033,0.0,0.000895131,0.0,2.041459083557129e-05,2.026557922363281e-05,1429.0,598.0
1650498034,0.0,0.000302589,0.0,2.041459083557129e-05,2.026557922363281e-05,522.0,204.0
1650498035,0.0,0.000302589,0.0,2.041459083557129e-05,2.026557922363281e-05,522.0,204.0
1650498036,0.0,0.000188041,0.0,2.041459083557129e-05,2.026557922363281e-05,260.5,102.0
1650498037,0.0,0.000623199,0.0,2.041459083557129e-05,2.026557922363281e-05,782.0,306.0
1650498038,0.0,0.000623199,0.0,2.041459083557129e-05,2.026557922363281e-05,782.0,306.0
1650498039,0.0,0.0003213295,0.0,2.041459083557129e-05,2.026557922363281e-05,397.0,503.5
1650498040,0.0,0.000605687,0.01,2.041459083557129e-05,2.026557922363281e-05,1044.0,606.0
1650498041,0.0,0.000605687,0.01,2.041459083557129e-05,2.026557922363281e-05,1044.0,606.0
1650498042,0.0,0.000235201,0.0,2.041459083557129e-05,2.026557922363281e-05,391.5,153.0
1650498043,0.0,0.00084633,0.0,2.041459083557129e-05,2.026557922363281e-05,1427.0,598.0
1650498044,0.0,0.000145222,0.0,2.041459083557129e-05,2.026557922363281e-05,261.0,102.0
1650498045,0.0,0.000145839,0.0,2.041459083557129e-05,2.026557922363281e-05,261.0,102.0
1650498046,0.0,0.000145839,0.0,2.041459083557129e-05,2.026557922363281e-05,261.0,102.0
1650498047,0.0,0.0001739765,0.0,2.041459083557129e-05,2.026557922363281e-05,260.5,102.0
1650498048,0.0,0.000306844,0.0,2.041459083557129e-05,2.026557922363281e-05,261.0,467.0
1650498049,0.0,0.000832032,0.0,2.041459083557129e-05,2.026557922363281e-05,1316.0,548.0
1650498050,0.0,0.000832032,0.0,2.041459083557129e-05,2.026557922363281e-05,1316.0,548.0
1650498051,0.0,0.000419492,0.0,2.041459083557129e-05,2.026557922363281e-05,652.5,354.0
1650498052,0.0,0.000419492,0.0,2.041459083557129e-05,2.026557922363281e-05,652.5,354.0
1650498053,0.0,0.0002518075,0.0,2.041459083557129e-05,2.026557922363281e-05,391.5,153.0
1650498054,0.0,0.0002518075,0.0,2.041459083557129e-05,2.026557922363281e-05,391.5,153.0
1650498055,0.0,0.000432326,0.0,2.041459083557129e-05,2.026557922363281e-05,714.0,299.0
1650498056,0.0,0.000432326,0.0,2.041459083557129e-05,2.026557922363281e-05,714.0,299.0
1650498057,0.0,0.000539519,0.0,2.041459083557129e-05,2.026557922363281e-05,781.0,306.0
1650498058,0.0,0.000235754,0.0,2.041459083557129e-05,2.026557922363281e-05,261.0,668.0
1650498059,0.0,0.000235754,0.0,2.041459083557129e-05,2.026557922363281e-05,261.0,668.0
1650498060,0.0,0.000531459,0.0,2.041459083557129e-05,2.026557922363281e-05,918.5,442.0
1650498061,0.0,0.000142701,0.0,2.041459083557129e-05,2.026557922363281e-05,261.0,168.0
1650498062,0.0,0.000142701,0.0,2.041459083557129e-05,2.026557922363281e-05,261.0,168.0
1650498063,0.0,0.000505078,0.0,2.041459083557129e-05,2.026557922363281e-05,734.5,320.0
1650498064,0.0,0.000505078,0.0,2.041459083557129e-05,2.026557922363281e-05,734.5,320.0
1650498065,0.0,0.00024145,0.0,2.041459083557129e-05,2.026557922363281e-05,391.5,153.0
1650498066,0.0,0.000444066,0.0,2.041459083557129e-05,2.026557922363281e-05,522.0,204.0
1650498067,0.0,0.000444066,0.0,2.041459083557129e-05,2.026557922363281e-05,522.0,204.0
1650498068,0.0,0.000129812,0.0,2.041459083557129e-05,2.026557922363281e-05,130.5,334.5
1650498069,0.0,0.000287101,0.0,2.041459083557129e-05,2.026557922363281e-05,522.0,204.0
1650498070,0.0,0.000425642,0.0,2.023577690124512e-05,2.008676528930664e-05,653.0,204.0
1650498071,0.0,0.000425642,0.0,2.023577690124512e-05,2.008676528930664e-05,653.0,204.0
1650498072,0.0,0.0002897125,0.0,2.041459083557129e-05,2.026557922363281e-05,461.5,289.0
1650498073,0.0,0.0002897125,0.0,2.041459083557129e-05,2.026557922363281e-05,461.5,289.0
1650498074,0.0,0.0003184495,0.0,2.041459083557129e-05,2.026557922363281e-05,584.0,281.0
1650498075,0.0,0.000445541,0.0,2.041459083557129e-05,2.026557922363281e-05,520.0,204.0
1650498076,0.0,0.000445541,0.0,2.041459083557129e-05,2.026557922363281e-05,520.0,204.0
1650498077,0.0,7.43555e-05,0.0,2.041459083557129e-05,2.026557922363281e-05,130.5,51.0
1650498078,0.0,0.000814103,0.0,2.041459083557129e-05,2.026557922363281e-05,1044.0,777.0
1650498079,0.0,0.000814103,0.0,2.041459083557129e-05,2.026557922363281e-05,1044.0,777.0
1650498080,0.0,0.0001584745,0.0,2.041459083557129e-05,2.026557922363281e-05,261.0,102.0
1650498081,0.0,0.0001584745,0.0,2.041459083557129e-05,2.026557922363281e-05,261.0,102.0
1650498082,0.0,0.000522241,0.0,2.041459083557129e-05,2.026557922363281e-05,656.5,274.0
1650498083,0.0,0.000692212,0.0,2.041459083557129e-05,2.026557922363281e-05,1168.0,694.0
1650498084,0.0,0.000692212,0.0,2.041459083557129e-05,2.026557922363281e-05,1168.0,694.0
1650498085,0.0,0.000181146,0.0,2.041459083557129e-05,2.026557922363281e-05,260.5,102.0
1650498086,0.0,0.000296003,0.0,2.041459083557129e-05,2.026557922363281e-05,520.0,204.0
1650498087,0.0,0.000296003,0.0,2.041459083557129e-05,2.026557922363281e-05,520.0,204.0
1650498088,0.0,0.0002946915,0.0,2.041459083557129e-05,2.026557922363281e-05,391.5,437.5
1650498089,0.0,0.0002946915,0.0,2.041459083557129e-05,2.026557922363281e-05,391.5,437.5
1650498090,0.0,0.0002164975,0.0,2.041459083557129e-05,2.026557922363281e-05,261.0,102.0
1650498091,0.0,0.000449559,0.0,2.041459083557129e-05,2.026557922363281e-05,782.0,306.0
1650498092,0.0,0.000449559,0.0,2.041459083557129e-05,2.026557922363281e-05,782.0,306.0
1650498093,0.0,0.000481089,0.0,2.041459083557129e-05,2.026557922363281e-05,788.5,391.0
1650498094,0.0,0.000765291,0.0,2.041459083557129e-05,2.026557922363281e-05,1425.0,664.0
1650498095,0.0,0.000765291,0.0,2.041459083557129e-05,2.026557922363281e-05,1425.0,664.0
1650498096,0.0,0.000228208,0.0,2.041459083557129e-05,2.026557922363281e-05,391.5,153.0
1650498097,0.0,0.000228208,0.0,2.041459083557129e-05,2.026557922363281e-05,391.5,153.0
1650498098,0.0,0.0002853035,0.0,2.041459083557129e-05,2.026557922363281e-05,391.0,336.5
1650498099,0.0,0.000283102,0.0,2.041459083557129e-05,2.026557922363281e-05,521.0,204.0
1650498100,0.01,0.000183876,0.0,2.041459083557129e-05,2.026557922363281e-05,261.0,102.0
1650498101,0.01,0.000183876,0.0,2.041459083557129e-05,2.026557922363281e-05,261.0,102.0
1650498102,0.0,0.000382971,0.0,2.041459083557129e-05,2.026557922363281e-05,522.0,204.0
1650498103,0.0,0.000382971,0.0,2.041459083557129e-05,2.026557922363281e-05,522.0,204.0
1650498104,0.0,0.000471678,0.0,2.041459083557129e-05,2.026557922363281e-05,740.5,372.0
1650498105,0.0,0.000731075,0.0,2.041459083557129e-05,2.026557922363281e-05,1043.0,540.0
1650498106,0.0,0.000149378,0.0,2.041459083557129e-05,2.026557922363281e-05,261.0,102.0
1650498107,0.0,0.000149378,0.0,2.041459083557129e-05,2.026557922363281e-05,261.0,102.0
1650498108,0.0,0.00033561,0.0,2.041459083557129e-05,2.026557922363281e-05,522.0,435.0
1650498109,0.0,0.000509783,0.0,2.041459083557129e-05,2.026557922363281e-05,782.0,306.0
1650498110,0.0,0.000509783,0.0,2.041459083557129e-05,2.026557922363281e-05,782.0,306.0
1650498111,0.0,0.00030079,0.0,2.041459083557129e-05,2.026557922363281e-05,391.5,153.0
1650498112,0.0,0.00030079,0.0,2.041459083557129e-05,2.026557922363281e-05,391.5,153.0
1650498113,0.0,0.0001608965,0.0,2.041459083557129e-05,2.026557922363281e-05,260.5,102.0
1650498114,0.0,0.0001608965,0.0,2.041459083557129e-05,2.026557922363281e-05,260.5,102.0
1650498115,0.0,0.0004988235,0.0,2.041459083557129e-05,2.026557922363281e-05,719.0,318.0
1650498116,0.0,0.000373166,0.0,2.041459083557129e-05,2.026557922363281e-05,519.0,336.0
1650498117,0.0,0.000306018,0.01,2.041459083557129e-05,2.026557922363281e-05,521.0,270.0
1650498118,0.0,0.000306018,0.01,2.041459083557129e-05,2.026557922363281e-05,521.0,270.0
1650498119,0.0,0.0003877435,0.0,2.041459083557129e-05,2.026557922363281e-05,521.0,485.0
1650498120,0.0,0.000435754,0.0,2.041459083557129e-05,2.026557922363281e-05,521.0,204.0
1650498121,0.0,0.000314158,0.0,2.041459083557129e-05,2.026557922363281e-05,522.0,204.0
1650498122,0.0,0.000314158,0.0,2.041459083557129e-05,2.026557922363281e-05,522.0,204.0
1650498123,0.0,0.0005400245,0.0,2.041459083557129e-05,2.026557922363281e-05,844.0,350.0
1650498124,0.0,0.000878574,0.0,2.041459083557129e-05,2.026557922363281e-05,1316.0,614.0
1650498125,0.0,0.000878574,0.0,2.041459083557129e-05,2.026557922363281e-05,1316.0,614.0
1650498126,0.0,7.31255e-05,0.0,2.041459083557129e-05,2.026557922363281e-05,130.5,84.0
1650498127,0.0,0.000306614,0.0,2.041459083557129e-05,2.026557922363281e-05,522.0,270.0
1650498128,0.0,0.000306614,0.0,2.041459083557129e-05,2.026557922363281e-05,522.0,270.0
1650498129,0.0,0.000309929,0.0,2.041459083557129e-05,2.026557922363281e-05,391.0,435.0
1650498130,0.0,0.000479974,0.0,2.041459083557129e-05,2.026557922363281e-05,522.0,204.0
1650498131,0.0,0.000310599,0.0,2.041459083557129e-05,2.026557922363281e-05,522.0,204.0
1650498132,0.0,0.000639513,0.0,2.041459083557129e-05,2.026557922363281e-05,783.0,306.0
1650498133,0.0,0.000639513,0.0,2.041459083557129e-05,2.026557922363281e-05,783.0,306.0
1650498134,0.0,0.0002350305,0.0,2.041459083557129e-05,2.026557922363281e-05,453.5,197.0
1650498135,0.0,0.000372898,0.0,2.041459083557129e-05,2.026557922363281e-05,520.0,204.0
1650498136,0.0,0.000737756,0.0,2.041459083557129e-05,2.026557922363281e-05,1055.0,512.0
1650498137,0.0,0.000737756,0.0,2.041459083557129e-05,2.026557922363281e-05,1055.0,512.0
1650498138,0.005,0.0003687065,0.0,2.041459083557129e-05,2.026557922363281e-05,522.0,652.5
1650498139,0.005,0.0003687065,0.0,2.041459083557129e-05,2.026557922363281e-05,522.0,652.5
1650498140,0.0,0.0002791135,0.0,2.041459083557129e-05,2.026557922363281e-05,391.0,153.0
1650498141,0.0,0.000309375,0.0,2.041459083557129e-05,2.026557922363281e-05,522.0,204.0
1650498142,0.0,0.000389844,0.0,2.041459083557129e-05,2.026557922363281e-05,522.0,204.0
1650498143,0.0,0.000389844,0.0,2.041459083557129e-05,2.026557922363281e-05,522.0,204.0
1650498144,0.0,0.000361791,0.0,2.041459083557129e-05,2.026557922363281e-05,604.5,269.0
1650498145,0.0,0.000529912,0.0,2.023577690124512e-05,2.008676528930664e-05,654.0,204.0
1650498146,0.0,0.000529912,0.0,2.023577690124512e-05,2.008676528930664e-05,654.0,204.0
1650498147,0.0,0.0004380075,0.0,2.041459083557129e-05,2.026557922363281e-05,592.0,373.0
1650498148,0.0,0.0004380075,0.0,2.041459083557129e-05,2.026557922363281e-05,592.0,373.0
1650498149,0.0,0.0003414145,0.0,2.041459083557129e-05,2.026557922363281e-05,522.0,488.0
1650498150,0.0,0.0003414145,0.0,2.041459083557129e-05,2.026557922363281e-05,522.0,488.0
1650498151,0.0,0.0003074485,0.0,2.041459083557129e-05,2.026557922363281e-05,391.0,153.0
1650498152,0.0,0.0003074485,0.0,2.041459083557129e-05,2.026557922363281e-05,391.0,153.0
1650498153,0.0,0.0002590355,0.0,2.041459083557129e-05,2.026557922363281e-05,391.5,153.0
1650498154,0.0,0.000759646,0.0,2.041459083557129e-05,2.026557922363281e-05,1168.0,496.0
1650498155,0.0,0.000295429,0.0,2.041459083557129e-05,2.026557922363281e-05,522.0,204.0
1650498156,0.0,0.000295429,0.0,2.041459083557129e-05,2.026557922363281e-05,522.0,204.0
1650498157,0.0,0.000277182,0.0,2.023577690124512e-05,2.008676528930664e-05,326.5,102.0
1650498158,0.0,0.000277182,0.0,2.023577690124512e-05,2.008676528930664e-05,326.5,102.0
1650498159,0.0,0.000298131,0.0,2.041459083557129e-05,2.026557922363281e-05,331.0,585.0
1650498160,0.0,0.00041823,0.0,2.041459083557129e-05,2.026557922363281e-05,783.0,438.0
1650498161,0.0,0.000774144,0.0,2.041459083557129e-05,2.026557922363281e-05,1303.0,510.0
1650498162,0.0,0.000680613,0.0,2.041459083557129e-05,2.026557922363281e-05,1044.0,408.0
1650498163,0.0,0.000680613,0.0,2.041459083557129e-05,2.026557922363281e-05,1044.0,408.0
1650498164,0.0,0.00034168,0.0,2.041459083557129e-05,2.026557922363281e-05,584.0,248.0
1650498165,0.0,0.000295734,0.0,2.041459083557129e-05,2.026557922363281e-05,522.0,204.0
1650498166,0.0,0.000295734,0.0,2.041459083557129e-05,2.026557922363281e-05,522.0,204.0
1650498167,0.0,0.0002695235,0.0,2.041459083557129e-05,2.026557922363281e-05,391.5,153.0
1650498168,0.0,0.000810498,0.0,2.041459083557129e-05,2.026557922363281e-05,1055.0,879.0
1650498169,0.0,0.000810498,0.0,2.041459083557129e-05,2.026557922363281e-05,1055.0,879.0
1650498170,0.0,7.44125e-05,0.0,2.041459083557129e-05,2.026557922363281e-05,130.0,84.0
1650498171,0.0,7.44125e-05,0.0,2.041459083557129e-05,2.026557922363281e-05,130.0,84.0
1650498172,0.0,0.000144986,0.0,2.041459083557129e-05,2.026557922363281e-05,261.0,135.0
1650498173,0.0,0.000392816,0.0,2.041459083557129e-05,2.026557922363281e-05,520.0,204.0
1650498174,0.0,0.000416959,0.0,2.041459083557129e-05,2.026557922363281e-05,688.0,334.0
1650498175,0.0,0.000607229,0.0,2.041459083557129e-05,2.026557922363281e-05,1044.0,408.0
1650498176,0.0,0.000607229,0.0,2.041459083557129e-05,2.026557922363281e-05,1044.0,408.0
1650498177,0.0,0.0001530565,0.005,2.041459083557129e-05,2.026557922363281e-05,261.0,102.0
1650498178,0.0,0.000242299,0.0,2.041459083557129e-05,2.026557922363281e-05,261.0,370.0
1650498179,0.0,0.000242299,0.0,2.041459083557129e-05,2.026557922363281e-05,261.0,370.0
1650498180,0.0,0.0005506265,0.0,2.041459083557129e-05,2.026557922363281e-05,788.0,424.0
1650498181,0.0,0.0005506265,0.0,2.041459083557129e-05,2.026557922363281e-05,788.0,424.0
1650498182,0.0,0.0003206705,0.0,2.041459083557129e-05,2.026557922363281e-05,391.0,153.0
1650498183,0.0,0.000338991,0.0,2.041459083557129e-05,2.026557922363281e-05,520.0,204.0
1650498184,0.0,0.000338991,0.0,2.041459083557129e-05,2.026557922363281e-05,520.0,204.0
1650498185,0.0,0.0004206475,0.0,2.041459083557129e-05,2.026557922363281e-05,714.5,299.0
1650498186,0.0,0.0004206475,0.0,2.041459083557129e-05,2.026557922363281e-05,714.5,299.0
1650498187,0.0,0.000244575,0.0,2.041459083557129e-05,2.026557922363281e-05,391.5,153.0
1650498188,0.0,0.000244575,0.0,2.041459083557129e-05,2.026557922363281e-05,391.5,153.0
1650498189,0.005,0.0004236735,0.0,2.041459083557129e-05,2.026557922363281e-05,521.5,537.0
1650498190,0.0,0.000845417,0.0,2.041459083557129e-05,2.026557922363281e-05,1055.0,446.0
1650498191,0.0,0.000845417,0.0,2.041459083557129e-05,2.026557922363281e-05,1055.0,446.0
1650498192,0.0,0.000145626,0.0,2.041459083557129e-05,2.026557922363281e-05,260.5,168.0
1650498193,0.0,0.000360332,0.0,2.041459083557129e-05,2.026557922363281e-05,521.0,270.0
1650498194,0.0,0.000676341,0.01,2.041459083557129e-05,2.026557922363281e-05,1168.0,496.0
1650498195,0.0,0.000144257,0.0,2.041459083557129e-05,2.026557922363281e-05,261.0,102.0
1650498196,0.0,0.000144257,0.0,2.041459083557129e-05,2.026557922363281e-05,261.0,102.0
1650498197,0.0,0.00043362,0.0,2.041459083557129e-05,2.026557922363281e-05,652.0,255.0
1650498198,0.0,0.000341262,0.0,2.041459083557129e-05,2.026557922363281e-05,260.0,667.0
1650498199,0.0,0.000341262,0.0,2.041459083557129e-05,2.026557922363281e-05,260.0,667.0
1650498200,0.0,0.000153111,0.0,2.041459083557129e-05,2.026557922363281e-05,261.0,102.0
1650498201,0.0,0.000237762,0.0,2.023577690124512e-05,2.008676528930664e-05,393.0,102.0
1650498202,0.0,0.000528495,0.0,2.041459083557129e-05,2.026557922363281e-05,662.0,410.0
1650498203,0.0,0.000528495,0.0,2.041459083557129e-05,2.026557922363281e-05,662.0,410.0
1650498204,0.0,0.0006273355,0.0,2.041459083557129e-05,2.026557922363281e-05,996.5,488.0
1650498205,0.0,0.000145133,0.0,2.041459083557129e-05,2.026557922363281e-05,261.0,102.0
1650498206,0.0,0.000373847,0.0,2.041459083557129e-05,2.026557922363281e-05,522.0,204.0
1650498207,0.0,0.000302362,0.0,2.041459083557129e-05,2.026557922363281e-05,521.0,204.0
1650498208,0.0,0.000302362,0.0,2.041459083557129e-05,2.026557922363281e-05,521.0,204.0
1650498209,0.0,0.0002000415,0.0,2.041459083557129e-05,2.026557922363281e-05,261.0,285.0
1650498210,0.0,0.000309384,0.0,2.041459083557129e-05,2.026557922363281e-05,522.0,204.0
1650498211,0.0,0.000711279,0.0,2.041459083557129e-05,2.026557922363281e-05,1041.0,408.0
1650498212,0.0,0.000711279,0.0,2.041459083557129e-05,2.026557922363281e-05,1041.0,408.0
1650498213,0.0,0.0002852135,0.0,2.041459083557129e-05,2.026557922363281e-05,397.0,172.0
1650498214,0.0,0.0002852135,0.0,2.041459083557129e-05,2.026557922363281e-05,397.0,172.0
1650498215,0.0,0.0003157745,0.0,2.041459083557129e-05,2.026557922363281e-05,584.0,347.0
1650498216,0.0,0.000300175,0.0,2.041459083557129e-05,2.026557922363281e-05,522.0,204.0
1650498217,0.0,0.000303682,0.0,2.041459083557129e-05,2.026557922363281e-05,522.0,204.0
1650498218,0.0,0.000303682,0.0,2.041459083557129e-05,2.026557922363281e-05,522.0,204.0
1650498219,0.0,0.000222258,0.0,2.041459083557129e-05,2.026557922363281e-05,261.0,234.5
1650498220,0.0,0.000222258,0.0,2.041459083557129e-05,2.026557922363281e-05,261.0,234.5
1650498221,0.0,0.000189254,0.0,2.041459083557129e-05,2.026557922363281e-05,260.5,102.0
1650498222,0.0,0.000915814,0.0,2.041459083557129e-05,2.026557922363281e-05,1303.0,510.0
1650498223,0.0,0.000915814,0.0,2.041459083557129e-05,2.026557922363281e-05,1303.0,510.0
1650498224,0.0,0.0003522895,0.0,2.041459083557129e-05,2.026557922363281e-05,589.0,267.0
1650498225,0.0,0.0003522895,0.0,2.041459083557129e-05,2.026557922363281e-05,589.0,267.0
1650498226,0.0,0.000395007,0.0,2.041459083557129e-05,2.026557922363281e-05,651.5,354.0
1650498227,0.0,0.000518156,0.0,2.041459083557129e-05,2.026557922363281e-05,783.0,306.0
1650498228,0.0,0.000518156,0.0,2.041459083557129e-05,2.026557922363281e-05,783.0,306.0
1650498229,0.0,0.0002251945,0.005,2.041459083557129e-05,2.026557922363281e-05,260.5,386.0
1650498230,0.0,0.000205187,0.0,2.041459083557129e-05,2.026557922363281e-05,261.0,102.0
1650498231,0.0,0.00037906,0.0,2.041459083557129e-05,2.026557922363281e-05,520.0,204.0
1650498232,0.0,0.00037906,0.0,2.041459083557129e-05,2.026557922363281e-05,520.0,204.0
1650498233,0.0,0.0001765415,0.0,2.041459083557129e-05,2.026557922363281e-05,281.5,123.0
1650498234,0.0,0.000580004,0.0,2.023577690124512e-05,2.008676528930664e-05,1039.0,394.0
1650498235,0.0,0.000580004,0.0,2.023577690124512e-05,2.008676528930664e-05,1039.0,394.0
1650498236,0.0,0.000222571,0.0,2.041459083557129e-05,2.026557922363281e-05,331.0,205.0
1650498237,0.0,0.000222571,0.0,2.041459083557129e-05,2.026557922363281e-05,331.0,205.0
1650498238,0.0,0.000322046,0.0,2.041459083557129e-05,2.026557922363281e-05,390.5,499.5
1650498239,0.0,0.00089562,0.0,2.041459083557129e-05,2.026557922363281e-05,1565.0,612.0
1650498240,0.0,0.00089562,0.0,2.041459083557129e-05,2.026557922363281e-05,1565.0,612.0
1650498241,0.0,0.000255584,0.0,2.041459083557129e-05,2.026557922363281e-05,391.5,153.0
1650498242,0.0,0.000255584,0.0,2.041459083557129e-05,2.026557922363281e-05,391.5,153.0
1650498243,0.0,0.000229485,0.0,2.041459083557129e-05,2.026557922363281e-05,391.5,153.0
1650498244,0.0,0.000670028,0.0,2.041459083557129e-05,2.026557922363281e-05,1168.0,496.0
1650498245,0.0,0.000670028,0.0,2.041459083557129e-05,2.026557922363281e-05,1168.0,496.0
1650498246,0.0,0.0004902755,0.0,2.041459083557129e-05,2.026557922363281e-05,657.5,307.0
1650498247,0.0,0.0004902755,0.0,2.041459083557129e-05,2.026557922363281e-05,657.5,307.0
1650498248,0.0,0.0002738065,0.0,2.041459083557129e-05,2.026557922363281e-05,390.5,453.5
1650498249,0.0,0.000462772,0.0,2.041459083557129e-05,2.026557922363281e-05,783.0,306.0
1650498250,0.0,0.000462772,0.0,2.041459083557129e-05,2.026557922363281e-05,783.0,306.0
1650498251,0.0,0.000259549,0.0,2.041459083557129e-05,2.026557922363281e-05,391.0,153.0
1650498252,0.0,0.000447419,0.0,2.041459083557129e-05,2.026557922363281e-05,781.0,306.0
1650498253,0.0,0.000447419,0.0,2.041459083557129e-05,2.026557922363281e-05,781.0,306.0
1650498254,0.0,0.0002221555,0.0,2.041459083557129e-05,2.026557922363281e-05,322.5,146.0
1650498255,0.01,0.001081591,0.0,2.041459083557129e-05,2.026557922363281e-05,1576.0,650.0
1650498256,0.01,0.001081591,0.0,2.041459083557129e-05,2.026557922363281e-05,1576.0,650.0
1650498257,0.0,0.0001886775,0.0,2.041459083557129e-05,2.026557922363281e-05,260.0,168.0
1650498258,0.0,0.000394748,0.0,2.041459083557129e-05,2.026557922363281e-05,522.0,838.0
1650498259,0.0,0.000507923,0.0,2.041459083557129e-05,2.026557922363281e-05,781.0,306.0
1650498260,0.0,0.000507923,0.0,2.041459083557129e-05,2.026557922363281e-05,781.0,306.0
1650498261,0.0,0.0002183145,0.0,2.041459083557129e-05,2.026557922363281e-05,391.0,153.0
1650498262,0.0,0.000769071,0.0,2.041459083557129e-05,2.026557922363281e-05,1043.0,408.0
1650498263,0.0,0.000769071,0.0,2.041459083557129e-05,2.026557922363281e-05,1043.0,408.0
1650498264,0.0,0.0004028565,0.0,2.041459083557129e-05,2.026557922363281e-05,603.5,269.0
1650498265,0.0,0.0004028565,0.0,2.041459083557129e-05,2.026557922363281e-05,603.5,269.0
1650498266,0.0,0.0004299895,0.0,2.041459083557129e-05,2.026557922363281e-05,658.0,274.0
1650498267,0.0,0.0004299895,0.0,2.041459083557129e-05,2.026557922363281e-05,658.0,274.0
1650498268,0.0,0.0003008635,0.0,2.041459083557129e-05,2.026557922363281e-05,391.0,533.5
1650498269,0.0,0.000357409,0.0,2.041459083557129e-05,2.026557922363281e-05,521.0,204.0
1650498270,0.0,0.000535638,0.0,2.041459083557129e-05,2.026557922363281e-05,782.0,306.0
1650498271,0.0,0.000535638,0.0,2.041459083557129e-05,2.026557922363281e-05,782.0,306.0
1650498272,0.0,0.000153996,0.0,2.041459083557129e-05,2.026557922363281e-05,261.0,102.0
1650498273,0.0,0.000710835,0.0,2.041459083557129e-05,2.026557922363281e-05,1043.0,408.0
1650498274,0.0,0.00049389,0.0,2.041459083557129e-05,2.026557922363281e-05,907.0,394.0
1650498275,0.0,0.00049389,0.0,2.041459083557129e-05,2.026557922363281e-05,907.0,394.0
1650498276,0.0,0.0003251285,0.0,2.041459083557129e-05,2.026557922363281e-05,521.5,204.0
1650498277,0.0,0.0003251285,0.0,2.041459083557129e-05,2.026557922363281e-05,521.5,204.0
1650498278,0.0,0.0003804005,0.0,2.041459083557129e-05,2.026557922363281e-05,397.0,404.0
1650498279,0.0,0.000375072,0.0,2.041459083557129e-05,2.026557922363281e-05,521.0,336.0
1650498280,0.0,0.000375072,0.0,2.041459083557129e-05,2.026557922363281e-05,521.0,336.0
1650498281,0.0,0.0001898255,0.0,2.041459083557129e-05,2.026557922363281e-05,260.5,135.0
1650498282,0.0,0.000548082,0.0,2.041459083557129e-05,2.026557922363281e-05,782.0,306.0
1650498283,0.0,0.000548082,0.0,2.041459083557129e-05,2.026557922363281e-05,782.0,306.0
1650498284,0.0,0.0002007545,0.0,2.041459083557129e-05,2.026557922363281e-05,323.0,146.0
1650498285,0.0,0.000289847,0.0,2.041459083557129e-05,2.026557922363281e-05,522.0,204.0
1650498286,0.0,0.000659045,0.0,2.041459083557129e-05,2.026557922363281e-05,1043.0,408.0
1650498287,0.0,0.000144022,0.0,2.041459083557129e-05,2.026557922363281e-05,260.0,102.0
1650498288,0.0,0.000144022,0.0,2.041459083557129e-05,2.026557922363281e-05,260.0,102.0
1650498289,0.0,0.000341534,0.0,2.041459083557129e-05,2.026557922363281e-05,397.0,504.5
1650498290,0.0,0.000523375,0.0,2.041459083557129e-05,2.026557922363281e-05,783.0,504.0
1650498291,0.0,0.000523375,0.0,2.041459083557129e-05,2.026557922363281e-05,783.0,504.0
1650498292,0.0,0.000284639,0.0,2.041459083557129e-05,2.026557922363281e-05,391.5,153.0
1650498293,0.0,0.000504578,0.0,2.041459083557129e-05,2.026557922363281e-05,948.0,436.0
1650498294,0.0,0.000504578,0.0,2.041459083557129e-05,2.026557922363281e-05,948.0,436.0
1650498295,0.0,0.00018045,0.0,2.041459083557129e-05,2.026557922363281e-05,261.0,102.0
1650498296,0.0,0.000151932,0.0,2.041459083557129e-05,2.026557922363281e-05,261.0,102.0
1650498297,0.0,0.000332172,0.0,2.041459083557129e-05,2.026557922363281e-05,521.0,204.0
1650498298,0.0,0.000332172,0.0,2.041459083557129e-05,2.026557922363281e-05,521.0,204.0
1650498299,0.0,0.000236503,0.0,2.023577690124512e-05,2.008676528930664e-05,326.5,284.5
1650498300,0.01,0.000330632,0.0,2.041459083557129e-05,2.026557922363281e-05,401.0,242.0
1650498301,0.0,0.000271147,0.0,2.041459083557129e-05,2.026557922363281e-05,522.0,336.0
1650498302,0.0,0.000271147,0.0,2.041459083557129e-05,2.026557922363281e-05,522.0,336.0
1650498303,0.0,0.0001655265,0.0,2.041459083557129e-05,2.026557922363281e-05,261.0,135.0
1650498304,0.0,0.00050571,0.0,2.041459083557129e-05,2.026557922363281e-05,907.0,394.0
1650498305,0.0,0.00050571,0.0,2.041459083557129e-05,2.026557922363281e-05,907.0,394.0
1650498306,0.0,0.0003354875,0.0,2.041459083557129e-05,2.026557922363281e-05,521.5,204.0
1650498307,0.0,0.000516624,0.0,2.041459083557129e-05,2.026557922363281e-05,783.0,306.0
1650498308,0.0,0.000516624,0.0,2.041459083557129e-05,2.026557922363281e-05,783.0,306.0
1650498309,0.0,0.0001560285,0.0,2.041459083557129e-05,2.026557922363281e-05,130.0,235.5
1650498310,0.0,0.001131661,0.0,2.041459083557129e-05,2.026557922363281e-05,1575.0,716.0
1650498311,0.0,0.001131661,0.0,2.041459083557129e-05,2.026557922363281e-05,1575.0,716.0
1650498312,0.0,0.0001423105,0.0,2.041459083557129e-05,2.026557922363281e-05,260.5,168.0
1650498313,0.0,0.0001423105,0.0,2.041459083557129e-05,2.026557922363281e-05,260.5,168.0
1650498314,0.0,0.000323085,0.0,2.041459083557129e-05,2.026557922363281e-05,584.0,248.0
1650498315,0.0,0.000323085,0.0,2.041459083557129e-05,2.026557922363281e-05,584.0,248.0
1650498316,0.0,0.0002573385,0.0,2.041459083557129e-05,2.026557922363281e-05,391.5,153.0
1650498317,0.0,0.0002573385,0.0,2.041459083557129e-05,2.026557922363281e-05,391.5,153.0
1650498318,0.0,0.0004289485,0.0,2.041459083557129e-05,2.026557922363281e-05,521.5,485.0
1650498319,0.0,0.0004289485,0.0,2.041459083557129e-05,2.026557922363281e-05,521.5,485.0
1650498320,0.0,0.0002205045,0.0,2.041459083557129e-05,2.026557922363281e-05,391.5,153.0
1650498321,0.0,0.000691168,0.0,2.041459083557129e-05,2.026557922363281e-05,1054.0,446.0
1650498322,0.0,0.000691168,0.0,2.041459083557129e-05,2.026557922363281e-05,1054.0,446.0
1650498323,0.0,0.00014635,0.0,2.041459083557129e-05,2.026557922363281e-05,282.0,189.0
1650498324,0.0,0.000431198,0.0,2.041459083557129e-05,2.026557922363281e-05,645.0,358.0
1650498325,0.0,0.000161277,0.0,2.041459083557129e-05,2.026557922363281e-05,261.0,102.0
1650498326,0.0,0.000653796,0.0,2.041459083557129e-05,2.026557922363281e-05,1044.0,408.0
1650498327,0.0,0.0003216,0.0,2.041459083557129e-05,2.026557922363281e-05,522.0,204.0
1650498328,0.0,0.0003216,0.0,2.041459083557129e-05,2.026557922363281e-05,522.0,204.0
1650498329,0.0,0.0002018515,0.0,2.041459083557129e-05,2.026557922363281e-05,261.0,235.5
1650498330,0.0,0.0002018515,0.0,2.041459083557129e-05,2.026557922363281e-05,261.0,235.5
1650498331,0.0,7.15535e-05,0.0,2.041459083557129e-05,2.026557922363281e-05,130.5,51.0
1650498332,0.0,0.000375669,0.0,2.023577690124512e-05,2.008676528930664e-05,653.0,204.0
1650498333,0.0,0.000375669,0.0,2.023577690124512e-05,2.008676528930664e-05,653.0,204.0
1650498334,0.0,0.0004420745,0.0,2.041459083557129e-05,2.026557922363281e-05,654.0,384.0
1650498335,0.0,0.00026316,0.0,2.041459083557129e-05,2.026557922363281e-05,522.0,270.0
1650498336,0.0,0.00026316,0.0,2.041459083557129e-05,2.026557922363281e-05,522.0,270.0
1650498337,0.0,0.000402957,0.0,2.041459083557129e-05,2.026557922363281e-05,652.0,255.0
1650498338,0.0,0.000427393,0.0,2.041459083557129e-05,2.026557922363281e-05,521.0,568.0
1650498339,0.0,0.000427393,0.0,2.041459083557129e-05,2.026557922363281e-05,521.0,568.0
1650498340,0.0,0.000146646,0.0,2.041459083557129e-05,2.026557922363281e-05,261.0,102.0
1650498341,0.0,0.000284963,0.0,2.041459083557129e-05,2.026557922363281e-05,654.0,336.0
1650498342,0.0,0.000284963,0.0,2.041459083557129e-05,2.026557922363281e-05,654.0,336.0
1650498343,0.005,0.000512241,0.0,2.041459083557129e-05,2.026557922363281e-05,787.0,391.0
1650498344,0.0,0.000548722,0.0,2.041459083557129e-05,2.026557922363281e-05,907.0,460.0
1650498345,0.0,0.000548722,0.0,2.041459083557129e-05,2.026557922363281e-05,907.0,460.0
1650498346,0.0,0.000216689,0.0,2.041459083557129e-05,2.026557922363281e-05,390.5,153.0
1650498347,0.0,0.000624837,0.0,2.041459083557129e-05,2.026557922363281e-05,1042.0,408.0
1650498348,0.0,0.000624837,0.0,2.041459083557129e-05,2.026557922363281e-05,1042.0,408.0
1650498349,0.0,0.0002093045,0.0,2.041459083557129e-05,2.026557922363281e-05,261.0,284.5
1650498350,0.0,0.000399057,0.0,2.041459083557129e-05,2.026557922363281e-05,520.0,204.0
1650498351,0.0,0.000399057,0.0,2.041459083557129e-05,2.026557922363281e-05,520.0,204.0
1650498352,0.0,0.000431501,0.0,2.041459083557129e-05,2.026557922363281e-05,783.0,306.0
1650498353,0.0,0.000392693,0.0,2.023577690124512e-05,2.008676528930664e-05,695.0,246.0
1650498354,0.0,0.000732543,0.0,2.041459083557129e-05,2.026557922363281e-05,1047.0,600.0
1650498355,0.0,0.000732543,0.0,2.041459083557129e-05,2.026557922363281e-05,1047.0,600.0
1650498356,0.0,0.0002533335,0.0,2.041459083557129e-05,2.026557922363281e-05,391.0,219.0
1650498357,0.0,0.000141987,0.0,2.041459083557129e-05,2.026557922363281e-05,261.0,102.0
1650498358,0.0,0.000442332,0.0,2.041459083557129e-05,2.026557922363281e-05,522.0,568.0
1650498359,0.0,0.000442332,0.0,2.041459083557129e-05,2.026557922363281e-05,522.0,568.0
1650498360,0.0,0.000173698,0.0,2.041459083557129e-05,2.026557922363281e-05,260.5,102.0
1650498361,0.0,0.00037294,0.0,2.041459083557129e-05,2.026557922363281e-05,522.0,204.0
1650498362,0.0,0.00037294,0.0,2.041459083557129e-05,2.026557922363281e-05,522.0,204.0
1650498363,0.0,0.000230878,0.0,2.041459083557129e-05,2.026557922363281e-05,391.0,153.0
1650498364,0.0,0.000575572,0.0,2.0295381546020508e-05,2.014636993408203e-05,1038.0,394.0
1650498365,0.0,0.000575572,0.0,2.0295381546020508e-05,2.014636993408203e-05,1038.0,394.0
1650498366,0.0,0.0003796625,0.0,2.041459083557129e-05,2.026557922363281e-05,461.5,289.0
1650498367,0.0,0.000480765,0.0,2.041459083557129e-05,2.026557922363281e-05,783.0,372.0
1650498368,0.0,0.000480765,0.0,2.041459083557129e-05,2.026557922363281e-05,783.0,372.0
1650498369,0.0,0.0002347605,0.0,2.041459083557129e-05,2.026557922363281e-05,261.0,335.0
1650498370,0.0,0.000486126,0.01,2.041459083557129e-05,2.026557922363281e-05,783.0,306.0
1650498371,0.0,0.000313965,0.0,2.041459083557129e-05,2.026557922363281e-05,522.0,204.0
1650498372,0.0,0.000313965,0.0,2.041459083557129e-05,2.026557922363281e-05,522.0,204.0
1650498373,0.0,0.0003631095,0.0,2.041459083557129e-05,2.026557922363281e-05,583.5,248.0
1650498374,0.0,0.0003631095,0.0,2.041459083557129e-05,2.026557922363281e-05,583.5,248.0
1650498375,0.0,0.0001048705,0.0,2.041459083557129e-05,2.026557922363281e-05,130.0,51.0
1650498376,0.0,0.001016548,0.0,2.041459083557129e-05,2.026557922363281e-05,1315.0,680.0
1650498377,0.0,0.000141323,0.0,2.041459083557129e-05,2.026557922363281e-05,260.0,168.0
1650498378,0.0,0.000141323,0.0,2.041459083557129e-05,2.026557922363281e-05,260.0,168.0
1650498379,0.0,0.000406638,0.0,2.041459083557129e-05,2.026557922363281e-05,521.5,485.0
1650498380,0.0,0.000406638,0.0,2.041459083557129e-05,2.026557922363281e-05,521.5,485.0
1650498381,0.0,0.0003706215,0.0,2.041459083557129e-05,2.026557922363281e-05,652.0,255.0
1650498382,0.0,0.000210979,0.0,2.041459083557129e-05,2.026557922363281e-05,259.0,102.0
1650498383,0.0,0.000765952,0.0,2.041459083557129e-05,2.026557922363281e-05,1469.0,640.0
1650498384,0.0,0.000765952,0.0,2.041459083557129e-05,2.026557922363281e-05,1469.0,640.0
1650498385,0.0,0.000434048,0.0,2.041459083557129e-05,2.026557922363281e-05,521.5,204.0
1650498386,0.0,0.000434048,0.0,2.041459083557129e-05,2.026557922363281e-05,521.5,204.0
1650498387,0.0,0.000384264,0.0,2.041459083557129e-05,2.026557922363281e-05,527.0,256.0
1650498388,0.0,0.000488567,0.0,2.041459083557129e-05,2.026557922363281e-05,522.0,1097.0
1650498389,0.0,0.000488567,0.0,2.041459083557129e-05,2.026557922363281e-05,522.0,1097.0
1650498390,0.0,0.0001907375,0.0,2.041459083557129e-05,2.026557922363281e-05,260.0,102.0
1650498391,0.0,0.0001907375,0.0,2.041459083557129e-05,2.026557922363281e-05,260.0,102.0
1650498392,0.0,0.000141168,0.0,2.041459083557129e-05,2.026557922363281e-05,261.0,102.0
1650498393,0.0,0.000141168,0.0,2.041459083557129e-05,2.026557922363281e-05,261.0,102.0
1650498394,0.0,0.0002453785,0.0,2.041459083557129e-05,2.026557922363281e-05,453.5,197.0
1650498395,0.0,0.000290286,0.0,2.041459083557129e-05,2.026557922363281e-05,522.0,204.0
1650498396,0.0,0.000290286,0.0,2.041459083557129e-05,2.026557922363281e-05,522.0,204.0
1650498397,0.0,0.0004814385,0.0,2.041459083557129e-05,2.026557922363281e-05,657.5,307.0
1650498398,0.0,0.000455587,0.0,2.041459083557129e-05,2.026557922363281e-05,522.0,802.0
1650498399,0.0,0.000455587,0.0,2.041459083557129e-05,2.026557922363281e-05,522.0,802.0
1650498400,0.0,0.000306305,0.0,2.041459083557129e-05,2.026557922363281e-05,522.0,204.0
1650498401,0.0,0.000232161,0.0,2.041459083557129e-05,2.026557922363281e-05,261.0,102.0
1650498402,0.0,0.000153414,0.0,2.041459083557129e-05,2.026557922363281e-05,261.0,102.0
1650498403,0.0,0.000574772,0.0,2.041459083557129e-05,2.026557922363281e-05,907.0,394.0
1650498404,0.0,0.000574772,0.0,2.041459083557129e-05,2.026557922363281e-05,907.0,394.0
1650498405,0.0,0.000182514,0.0,2.041459083557129e-05,2.026557922363281e-05,260.5,102.0
1650498406,0.0,0.000707928,0.01,2.041459083557129e-05,2.026557922363281e-05,1044.0,408.0
1650498407,0.0,0.000707928,0.01,2.041459083557129e-05,2.026557922363281e-05,1044.0,408.0
1650498408,0.0,0.000329308,0.0,2.041459083557129e-05,2.026557922363281e-05,396.5,405.5
1650498409,0.0,0.000329308,0.0,2.041459083557129e-05,2.026557922363281e-05,396.5,405.5
1650498410,0.0,0.000139481,0.0,2.041459083557129e-05,2.026557922363281e-05,261.0,168.0
1650498411,0.0,0.000737508,0.0,2.041459083557129e-05,2.026557922363281e-05,1043.0,474.0
1650498412,0.0,0.000737508,0.0,2.041459083557129e-05,2.026557922363281e-05,1043.0,474.0
1650498413,0.0,7.28115e-05,0.0,2.041459083557129e-05,2.026557922363281e-05,130.5,51.0
1650498414,0.0,0.000699285,0.0,2.041459083557129e-05,2.026557922363281e-05,1210.0,538.0
1650498415,0.0,0.000699285,0.0,2.041459083557129e-05,2.026557922363281e-05,1210.0,538.0
1650498416,0.0,0.00014117,0.0,2.041459083557129e-05,2.026557922363281e-05,261.0,102.0
1650498417,0.0,0.00014117,0.0,2.041459083557129e-05,2.026557922363281e-05,261.0,102.0
1650498418,0.0,0.000228578,0.0,2.041459083557129e-05,2.026557922363281e-05,260.5,283.5
1650498419,0.0,0.000228578,0.0,2.041459083557129e-05,2.026557922363281e-05,260.5,283.5
1650498420,0.0,0.000524414,0.0,2.041459083557129e-05,2.026557922363281e-05,788.0,424.0
1650498421,0.0,0.000349745,0.0,2.041459083557129e-05,2.026557922363281e-05,521.0,204.0
1650498422,0.0,0.000349745,0.0,2.041459083557129e-05,2.026557922363281e-05,521.0,204.0
1650498423,0.0,0.0003152255,0.0,2.041459083557129e-05,2.026557922363281e-05,521.5,204.0
1650498424,0.0,0.000823183,0.0,2.041459083557129e-05,2.026557922363281e-05,1167.0,496.0
1650498425,0.0,0.000823183,0.0,2.041459083557129e-05,2.026557922363281e-05,1167.0,496.0
1650498426,0.0,0.0001781325,0.0,2.041459083557129e-05,2.026557922363281e-05,261.0,102.0
1650498427,0.0,0.000441042,0.0,2.041459083557129e-05,2.026557922363281e-05,782.0,306.0
1650498428,0.0,0.000407922,0.0,2.041459083557129e-05,2.026557922363281e-05,522.0,770.0
1650498429,0.0,0.000407922,0.0,2.041459083557129e-05,2.026557922363281e-05,522.0,770.0
1650498430,0.0,0.000277976,0.0,2.041459083557129e-05,2.026557922363281e-05,397.0,172.0
1650498431,0.0,0.000277976,0.0,2.041459083557129e-05,2.026557922363281e-05,397.0,172.0
1650498432,0.0,0.0004106575,0.0,2.041459083557129e-05,2.026557922363281e-05,652.5,354.0
1650498433,0.0,0.000738089,0.0,2.041459083557129e-05,2.026557922363281e-05,1168.0,496.0
1650498434,0.0,0.000738089,0.0,2.041459083557129e-05,2.026557922363281e-05,1168.0,496.0
1650498435,0.0,0.000255642,0.0,2.041459083557129e-05,2.026557922363281e-05,391.0,153.0
1650498436,0.0,0.000255642,0.0,2.041459083557129e-05,2.026557922363281e-05,391.0,153.0
1650498437,0.0,0.000223852,0.0,2.041459083557129e-05,2.026557922363281e-05,391.5,153.0
1650498438,0.0,0.000255844,0.0,2.041459083557129e-05,2.026557922363281e-05,260.0,566.0
1650498439,0.0,0.000255844,0.0,2.041459083557129e-05,2.026557922363281e-05,260.0,566.0
1650498440,0.0,0.000596646,0.0,2.041459083557129e-05,2.026557922363281e-05,787.5,358.0
1650498441,0.0,0.000366727,0.0,2.041459083557129e-05,2.026557922363281e-05,521.0,336.0
1650498442,0.0,0.00029567,0.0,2.041459083557129e-05,2.026557922363281e-05,522.0,204.0
1650498443,0.0,0.000378587,0.0,2.041459083557129e-05,2.026557922363281e-05,688.0,334.0
1650498444,0.0,0.000378587,0.0,2.041459083557129e-05,2.026557922363281e-05,688.0,334.0
1650498445,0.0,0.0002347005,0.0,2.041459083557129e-05,2.026557922363281e-05,391.0,153.0
1650498446,0.0,0.0002347005,0.0,2.041459083557129e-05,2.026557922363281e-05,391.0,153.0
1650498447,0.0,0.000236287,0.0,2.041459083557129e-05,2.026557922363281e-05,391.5,153.0
1650498448,0.0,0.000236287,0.0,2.041459083557129e-05,2.026557922363281e-05,391.5,153.0
1650498449,0.0,0.0002015325,0.0,2.041459083557129e-05,2.026557922363281e-05,261.0,335.0
1650498450,0.0,0.0002015325,0.0,2.041459083557129e-05,2.026557922363281e-05,261.0,335.0
1650498451,0.0,0.000404368,0.0,2.041459083557129e-05,2.026557922363281e-05,657.5,307.0
1650498452,0.0,0.001055236,0.0,2.041459083557129e-05,2.026557922363281e-05,1565.0,744.0
1650498453,0.0,0.001055236,0.0,2.041459083557129e-05,2.026557922363281e-05,1565.0,744.0
1650498454,0.0,0.000239262,0.0,2.041459083557129e-05,2.026557922363281e-05,453.5,197.0
1650498455,0.0,0.000239262,0.0,2.041459083557129e-05,2.026557922363281e-05,453.5,197.0
1650498456,0.0,0.000257989,0.0,2.041459083557129e-05,2.026557922363281e-05,390.5,153.0
1650498457,0.0,0.000589433,0.0,2.041459083557129e-05,2.026557922363281e-05,1044.0,408.0
1650498458,0.0,0.000589433,0.0,2.041459083557129e-05,2.026557922363281e-05,1044.0,408.0
1650498459,0.0,0.00045549,0.0,2.041459083557129e-05,2.026557922363281e-05,650.5,489.0
1650498460,0.0,0.000624207,0.0,2.041459083557129e-05,2.026557922363281e-05,783.0,306.0
1650498461,0.0,0.000624207,0.0,2.041459083557129e-05,2.026557922363281e-05,783.0,306.0
1650498462,0.0,0.0003410275,0.0,2.041459083557129e-05,2.026557922363281e-05,396.5,172.0
1650498463,0.0,0.0003410275,0.0,2.041459083557129e-05,2.026557922363281e-05,396.5,172.0
1650498464,0.0,0.000438029,0.0,2.041459083557129e-05,2.026557922363281e-05,714.5,398.0
1650498465,0.0,0.000302566,0.0,2.041459083557129e-05,2.026557922363281e-05,521.0,204.0
1650498466,0.0,0.000364265,0.0,2.041459083557129e-05,2.026557922363281e-05,521.0,204.0
1650498467,0.0,0.000364265,0.0,2.041459083557129e-05,2.026557922363281e-05,521.0,204.0
1650498468,0.0,0.0002212935,0.0,2.041459083557129e-05,2.026557922363281e-05,261.0,483.0
1650498469,0.0,0.000383623,0.0,2.041459083557129e-05,2.026557922363281e-05,520.0,204.0
1650498470,0.0,0.000383623,0.0,2.041459083557129e-05,2.026557922363281e-05,520.0,204.0
1650498471,0.0,0.000400262,0.005,2.041459083557129e-05,2.026557922363281e-05,522.0,204.0
1650498472,0.0,0.000400262,0.005,2.041459083557129e-05,2.026557922363281e-05,522.0,204.0
1650498473,0.0,0.0002907015,0.0,2.041459083557129e-05,2.026557922363281e-05,418.0,193.0
1650498474,0.0,0.0002907015,0.0,2.041459083557129e-05,2.026557922363281e-05,418.0,193.0
1650498475,0.0,0.0005671385,0.0,2.041459083557129e-05,2.026557922363281e-05,974.5,500.0
1650498476,0.0,0.000507424,0.0,2.041459083557129e-05,2.026557922363281e-05,783.0,306.0
1650498477,0.0,0.000507424,0.0,2.041459083557129e-05,2.026557922363281e-05,783.0,306.0
1650498478,0.0,0.0003490185,0.0,2.041459083557129e-05,2.026557922363281e-05,390.5,533.0
1650498479,0.0,0.0003490185,0.0,2.041459083557129e-05,2.026557922363281e-05,390.5,533.0
1650498480,0.0,0.0004957265,0.0,2.041459083557129e-05,2.026557922363281e-05,782.0,306.0
1650498481,0.0,0.000292497,0.0,2.041459083557129e-05,2.026557922363281e-05,522.0,204.0
1650498482,0.0,0.000292497,0.0,2.041459083557129e-05,2.026557922363281e-05,522.0,204.0
1650498483,0.0,0.000442252,0.0,2.041459083557129e-05,2.026557922363281e-05,719.5,318.0
1650498484,0.0,0.000140096,0.0,2.041459083557129e-05,2.026557922363281e-05,261.0,168.0
1650498485,0.0,0.000140096,0.0,2.041459083557129e-05,2.026557922363281e-05,261.0,168.0
1650498486,0.0,0.0004379425,0.0,2.041459083557129e-05,2.026557922363281e-05,652.0,321.0
1650498487,0.0,0.000296393,0.0,2.041459083557129e-05,2.026557922363281e-05,522.0,204.0
1650498488,0.0,0.000296393,0.0,2.041459083557129e-05,2.026557922363281e-05,522.0,204.0
1650498489,0.0,0.000386096,0.0,2.041459083557129e-05,2.026557922363281e-05,390.5,384.5
1650498490,0.0,0.000297484,0.0,2.041459083557129e-05,2.026557922363281e-05,522.0,204.0
1650498491,0.0,0.000135127,0.0,2.041459083557129e-05,2.026557922363281e-05,261.0,102.0
1650498492,0.0,0.000463095,0.01,2.041459083557129e-05,2.026557922363281e-05,522.0,204.0
1650498493,0.0,0.000463095,0.01,2.041459083557129e-05,2.026557922363281e-05,522.0,204.0
1650498494,0.0,0.0001656575,0.0,2.041459083557129e-05,2.026557922363281e-05,323.0,146.0
1650498495,0.0,0.000795258,0.0,2.041459083557129e-05,2.026557922363281e-05,1055.0,512.0
1650498496,0.0,0.000795258,0.0,2.041459083557129e-05,2.026557922363281e-05,1055.0,512.0
1650498497,0.0,0.000301744,0.0,2.041459083557129e-05,2.026557922363281e-05,391.0,219.0
1650498498,0.0,0.000252491,0.0,2.041459083557129e-05,2.026557922363281e-05,261.0,867.0
1650498499,0.0,0.000252491,0.0,2.041459083557129e-05,2.026557922363281e-05,261.0,867.0
1650498500,0.0,0.000142252,0.0,2.041459083557129e-05,2.026557922363281e-05,261.0,102.0
1650498501,0.0,0.000142252,0.0,2.041459083557129e-05,2.026557922363281e-05,261.0,102.0
1650498502,0.0,0.000218664,0.0,2.041459083557129e-05,2.026557922363281e-05,391.5,153.0
1650498503,0.0,0.000516828,0.0,2.041459083557129e-05,2.026557922363281e-05,949.0,436.0
1650498504,0.0,0.000516828,0.0,2.041459083557129e-05,2.026557922363281e-05,949.0,436.0
1650498505,0.0,0.0004381575,0.0,2.041459083557129e-05,2.026557922363281e-05,527.0,223.0
1650498506,0.0,0.000758341,0.0,2.041459083557129e-05,2.026557922363281e-05,1044.0,606.0
1650498507,0.0,0.000758341,0.0,2.041459083557129e-05,2.026557922363281e-05,1044.0,606.0
1650498508,0.0,7.4245e-05,0.0,2.041459083557129e-05,2.026557922363281e-05,130.5,51.0
1650498509,0.0,0.000437819,0.0,2.041459083557129e-05,2.026557922363281e-05,522.0,771.0
1650498510,0.0,0.000437819,0.0,2.041459083557129e-05,2.026557922363281e-05,522.0,771.0
1650498511,0.0,0.000187875,0.0,2.041459083557129e-05,2.026557922363281e-05,261.0,102.0
1650498512,0.0,0.000328313,0.0,2.041459083557129e-05,2.026557922363281e-05,522.0,204.0
1650498513,0.0,0.00047891,0.0,2.041459083557129e-05,2.026557922363281e-05,646.0,292.0
1650498514,0.0,0.00037458,0.0,2.041459083557129e-05,2.026557922363281e-05,521.0,204.0
1650498515,0.0,0.000152276,0.0,2.041459083557129e-05,2.026557922363281e-05,261.0,102.0
1650498516,0.0,0.000152276,0.0,2.041459083557129e-05,2.026557922363281e-05,261.0,102.0
1650498517,0.0,0.000291508,0.0,2.041459083557129e-05,2.026557922363281e-05,396.5,172.0
1650498518,0.0,0.000291508,0.0,2.041459083557129e-05,2.026557922363281e-05,396.5,172.0
1650498519,0.0,0.000289633,0.0,2.041459083557129e-05,2.026557922363281e-05,391.0,486.0
1650498520,0.0,0.000929816,0.0,2.041459083557129e-05,2.026557922363281e-05,1302.0,510.0
1650498521,0.0,0.000929816,0.0,2.041459083557129e-05,2.026557922363281e-05,1302.0,510.0
1650498522,0.0,0.0002535615,0.0,2.041459083557129e-05,2.026557922363281e-05,391.5,153.0
1650498523,0.0,0.0002535615,0.0,2.041459083557129e-05,2.026557922363281e-05,391.5,153.0
1650498524,0.0,0.000308529,0.0,2.041459083557129e-05,2.026557922363281e-05,583.0,248.0
1650498525,0.0,0.000308529,0.0,2.041459083557129e-05,2.026557922363281e-05,583.0,248.0
1650498526,0.0,0.000494872,0.0,2.041459083557129e-05,2.026557922363281e-05,782.5,306.0
1650498527,0.0,0.000494872,0.0,2.041459083557129e-05,2.026557922363281e-05,782.5,306.0
1650498528,0.0,0.0003559745,0.0,2.041459083557129e-05,2.026557922363281e-05,527.5,256.0
1650498529,0.0,0.000699376,0.0,2.041459083557129e-05,2.026557922363281e-05,1043.0,1200.0
1650498530,0.0,0.000699376,0.0,2.041459083557129e-05,2.026557922363281e-05,1043.0,1200.0
1650498531,0.0,0.0002621715,0.0,2.041459083557129e-05,2.026557922363281e-05,391.0,153.0
1650498532,0.0,0.000540433,0.0,2.041459083557129e-05,2.026557922363281e-05,783.0,306.0
1650498533,0.0,0.000540433,0.0,2.041459083557129e-05,2.026557922363281e-05,783.0,306.0
1650498534,0.0,0.0003216485,0.0,2.041459083557129e-05,2.026557922363281e-05,604.5,269.0
1650498535,0.0,0.0003216485,0.0,2.041459083557129e-05,2.026557922363281e-05,604.5,269.0
1650498536,0.0,0.0002186495,0.0,2.041459083557129e-05,2.026557922363281e-05,391.0,153.0
1650498537,0.01,0.000850645,0.0,2.023577690124512e-05,2.008676528930664e-05,1175.0,408.0
1650498538,0.01,0.000850645,0.0,2.023577690124512e-05,2.008676528930664e-05,1175.0,408.0
1650498539,0.0,0.000368574,0.0,2.041459083557129e-05,2.026557922363281e-05,461.5,572.0
1650498540,0.0,0.000368574,0.0,2.041459083557129e-05,2.026557922363281e-05,461.5,572.0
1650498541,0.0,7.22615e-05,0.0,2.041459083557129e-05,2.026557922363281e-05,130.5,84.0
1650498542,0.0,0.000299513,0.0,2.041459083557129e-05,2.026557922363281e-05,522.0,204.0
1650498543,0.0,0.000299513,0.0,2.041459083557129e-05,2.026557922363281e-05,522.0,204.0
1650498544,0.0,0.0003998085,0.0,2.041459083557129e-05,2.026557922363281e-05,584.0,248.0
1650498545,0.0,0.0003998085,0.0,2.041459083557129e-05,2.026557922363281e-05,584.0,248.0
1650498546,0.0,0.0002295615,0.0,2.041459083557129e-05,2.026557922363281e-05,391.5,153.0
1650498547,0.0,0.00042676,0.0,2.041459083557129e-05,2.026557922363281e-05,782.0,306.0
1650498548,0.0,0.00042676,0.0,2.041459083557129e-05,2.026557922363281e-05,782.0,306.0
1650498549,0.0,0.000252898,0.0,2.023577690124512e-05,2.008676528930664e-05,327.0,235.0
1650498550,0.0,0.000706023,0.0,2.041459083557129e-05,2.026557922363281e-05,923.0,578.0
1650498551,0.0,0.000176909,0.0,2.041459083557129e-05,2.026557922363281e-05,261.0,168.0
1650498552,0.0,0.000176909,0.0,2.041459083557129e-05,2.026557922363281e-05,261.0,168.0
1650498553,0.0,0.000154193,0.0,2.041459083557129e-05,2.026557922363281e-05,260.5,102.0
1650498554,0.0,0.000881496,0.0,2.041459083557129e-05,2.026557922363281e-05,1429.0,598.0
1650498555,0.0,0.000881496,0.0,2.041459083557129e-05,2.026557922363281e-05,1429.0,598.0
1650498556,0.0,0.0004594635,0.0,2.041459083557129e-05,2.026557922363281e-05,651.5,255.0
1650498557,0.0,0.0004594635,0.0,2.041459083557129e-05,2.026557922363281e-05,651.5,255.0
1650498558,0.0,0.000303988,0.0,2.041459083557129e-05,2.026557922363281e-05,391.0,485.5
1650498559,0.0,0.000303988,0.0,2.041459083557129e-05,2.026557922363281e-05,391.0,485.5
1650498560,0.0,0.000256277,0.0,2.023577690124512e-05,2.008676528930664e-05,457.5,153.0
1650498561,0.0,0.00072792,0.0,2.041459083557129e-05,2.026557922363281e-05,921.0,578.0
1650498562,0.0,0.00072792,0.0,2.041459083557129e-05,2.026557922363281e-05,921.0,578.0
1650498563,0.0,0.0002271185,0.0,2.041459083557129e-05,2.026557922363281e-05,412.0,207.0
1650498564,0.0,0.000343196,0.0,2.041459083557129e-05,2.026557922363281e-05,646.0,292.0
1650498565,0.0,0.000343196,0.0,2.041459083557129e-05,2.026557922363281e-05,646.0,292.0
1650498566,0.0,0.000292566,0.0,2.041459083557129e-05,2.026557922363281e-05,390.0,153.0
1650498567,0.0,0.000151172,0.0,2.041459083557129e-05,2.026557922363281e-05,261.0,102.0
1650498568,0.0,0.00040055,0.0,2.041459083557129e-05,2.026557922363281e-05,522.0,665.0
1650498569,0.0,0.00040055,0.0,2.041459083557129e-05,2.026557922363281e-05,522.0,665.0
1650498570,0.0,0.0002718795,0.0,2.023577690124512e-05,2.008676528930664e-05,457.0,153.0
1650498571,0.0,0.000704309,0.0,2.041459083557129e-05,2.026557922363281e-05,921.0,578.0
1650498572,0.0,0.000704309,0.0,2.041459083557129e-05,2.026557922363281e-05,921.0,578.0
1650498573,0.0,0.000284518,0.0,2.041459083557129e-05,2.026557922363281e-05,391.5,186.0
1650498574,0.0,0.000284518,0.0,2.041459083557129e-05,2.026557922363281e-05,391.5,186.0
1650498575,0.0,0.000365067,0.0,2.041459083557129e-05,2.026557922363281e-05,584.0,248.0
1650498576,0.0,0.000365067,0.0,2.041459083557129e-05,2.026557922363281e-05,584.0,248.0
1650498577,0.0,0.000257349,0.0,2.041459083557129e-05,2.026557922363281e-05,391.5,153.0
1650498578,0.0,0.000696849,0.0,2.041459083557129e-05,2.026557922363281e-05,783.0,975.0
1650498579,0.0,0.000696849,0.0,2.041459083557129e-05,2.026557922363281e-05,783.0,975.0
1650498580,0.005,0.0003815435,0.0,2.023577690124512e-05,2.008676528930664e-05,588.0,204.0
1650498581,0.005,0.0003815435,0.0,2.023577690124512e-05,2.008676528930664e-05,588.0,204.0
1650498582,0.0,0.000224721,0.0,2.041459083557129e-05,2.026557922363281e-05,331.0,205.0
1650498583,0.0,0.000522692,0.0,2.041459083557129e-05,2.026557922363281e-05,783.0,438.0
1650498584,0.0,0.000796054,0.0,2.041459083557129e-05,2.026557922363281e-05,1429.0,598.0
1650498585,0.0,0.000796054,0.0,2.041459083557129e-05,2.026557922363281e-05,1429.0,598.0
1650498586,0.0,0.0003402715,0.0,2.041459083557129e-05,2.026557922363281e-05,522.0,204.0
1650498587,0.0,0.000440763,0.0,2.041459083557129e-05,2.026557922363281e-05,783.0,306.0
1650498588,0.0,0.000440763,0.0,2.041459083557129e-05,2.026557922363281e-05,783.0,306.0
1650498589,0.0,0.0002608935,0.0,2.041459083557129e-05,2.026557922363281e-05,260.5,383.0
1650498590,0.01,0.000303838,0.0,2.041459083557129e-05,2.026557922363281e-05,522.0,204.0
1650498591,0.01,0.000303838,0.0,2.041459083557129e-05,2.026557922363281e-05,522.0,204.0
1650498592,0.0,0.0002840515,0.0,2.023577690124512e-05,2.008676528930664e-05,457.0,153.0
1650498593,0.0,0.00061195,0.0,2.041459083557129e-05,2.026557922363281e-05,922.0,578.0
1650498594,0.0,0.000509811,0.0,2.041459083557129e-05,2.026557922363281e-05,949.0,502.0
1650498595,0.0,0.000574081,0.0,2.041459083557129e-05,2.026557922363281e-05,781.0,306.0
1650498596,0.0,0.000574081,0.0,2.041459083557129e-05,2.026557922363281e-05,781.0,306.0
1650498597,0.0,0.0001454715,0.0,2.041459083557129e-05,2.026557922363281e-05,261.0,102.0
1650498598,0.0,0.000380749,0.0,2.041459083557129e-05,2.026557922363281e-05,522.0,571.0
1650498599,0.0,0.000380749,0.0,2.041459083557129e-05,2.026557922363281e-05,522.0,571.0
1650498600,0.0,0.0001622845,0.0,2.041459083557129e-05,2.026557922363281e-05,261.0,102.0
1650498601,0.0,0.00051973,0.0,2.041459083557129e-05,2.026557922363281e-05,782.0,306.0
1650498602,0.0,0.00051973,0.0,2.041459083557129e-05,2.026557922363281e-05,782.0,306.0
1650498603,0.0,0.000583292,0.0,2.041459083557129e-05,2.026557922363281e-05,918.0,475.0
1650498604,0.0,0.00076202,0.0,2.041459083557129e-05,2.026557922363281e-05,1166.0,496.0
1650498605,0.0,0.00076202,0.0,2.041459083557129e-05,2.026557922363281e-05,1166.0,496.0
1650498606,0.0,0.000274254,0.005,2.041459083557129e-05,2.026557922363281e-05,391.0,153.0
1650498607,0.0,0.000143936,0.0,2.041459083557129e-05,2.026557922363281e-05,260.0,102.0
1650498608,0.0,0.000345976,0.0,2.041459083557129e-05,2.026557922363281e-05,261.0,566.0
1650498609,0.0,0.000372533,0.0,2.041459083557129e-05,2.026557922363281e-05,521.0,204.0
1650498610,0.0,0.000372533,0.0,2.041459083557129e-05,2.026557922363281e-05,521.0,204.0
1650498611,0.0,0.000183512,0.0,2.041459083557129e-05,2.026557922363281e-05,260.5,102.0
1650498612,0.0,0.000693827,0.0,2.023577690124512e-05,2.008676528930664e-05,1174.0,408.0
1650498613,0.0,0.000693827,0.0,2.023577690124512e-05,2.008676528930664e-05,1174.0,408.0
1650498614,0.0,0.000344315,0.0,2.041459083557129e-05,2.026557922363281e-05,523.5,300.0
1650498615,0.0,0.000648742,0.0,2.041459083557129e-05,2.026557922363281e-05,1043.0,540.0
1650498616,0.0,0.00014754,0.0,2.041459083557129e-05,2.026557922363281e-05,261.0,102.0
1650498617,0.0,0.000142486,0.0,2.041459083557129e-05,2.026557922363281e-05,261.0,102.0
1650498618,0.0,0.000142486,0.0,2.041459083557129e-05,2.026557922363281e-05,261.0,102.0
1650498619,0.0,0.0002070245,0.0,2.041459083557129e-05,2.026557922363281e-05,261.0,385.0
1650498620,0.0,0.000361631,0.0,2.041459083557129e-05,2.026557922363281e-05,520.0,204.0
1650498621,0.0,0.000518109,0.0,2.041459083557129e-05,2.026557922363281e-05,782.0,306.0
1650498622,0.0,0.000313855,0.0,2.041459083557129e-05,2.026557922363281e-05,522.0,204.0
1650498623,0.0,0.000313855,0.0,2.041459083557129e-05,2.026557922363281e-05,522.0,204.0
1650498624,0.0,0.0003783355,0.0,2.023577690124512e-05,2.008676528930664e-05,671.0,269.0
1650498625,0.0,0.000812571,0.0,2.041459083557129e-05,2.026557922363281e-05,1184.0,746.0
1650498626,0.0,0.000390748,0.0,2.041459083557129e-05,2.026557922363281e-05,522.0,204.0
1650498627,0.0,0.000390748,0.0,2.041459083557129e-05,2.026557922363281e-05,522.0,204.0
1650498628,0.0,0.000215475,0.0,2.041459083557129e-05,2.026557922363281e-05,261.0,335.5
1650498629,0.0,0.000673172,0.0,2.041459083557129e-05,2.026557922363281e-05,1042.0,408.0
1650498630,0.0,0.00013751,0.0,2.041459083557129e-05,2.026557922363281e-05,261.0,102.0
1650498631,0.0,0.000793588,0.0,2.041459083557129e-05,2.026557922363281e-05,1304.0,510.0
1650498632,0.0,0.000213831,0.0,2.041459083557129e-05,2.026557922363281e-05,260.0,102.0
1650498633,0.0,0.00034353,0.0,2.041459083557129e-05,2.026557922363281e-05,646.0,292.0
1650498634,0.0,0.000479352,0.0,2.023577690124512e-05,2.008676528930664e-05,653.0,204.0
1650498635,0.0,0.000479352,0.0,2.023577690124512e-05,2.008676528930664e-05,653.0,204.0
1650498636,0.005,0.0003254395,0.0,2.041459083557129e-05,2.026557922363281e-05,461.5,289.0
1650498637,0.005,0.0003254395,0.0,2.041459083557129e-05,2.026557922363281e-05,461.5,289.0
1650498638,0.0,0.0002488515,0.0,2.041459083557129e-05,2.026557922363281e-05,261.0,418.0
1650498639,0.0,0.000400776,0.0,2.041459083557129e-05,2.026557922363281e-05,521.0,204.0
1650498640,0.01,0.000345972,0.0,2.041459083557129e-05,2.026557922363281e-05,521.0,204.0
1650498641,0.01,0.000345972,0.0,2.041459083557129e-05,2.026557922363281e-05,521.0,204.0
1650498642,0.0,0.0001597585,0.0,2.041459083557129e-05,2.026557922363281e-05,261.0,102.0
1650498643,0.0,0.000519852,0.0,2.041459083557129e-05,2.026557922363281e-05,907.0,394.0
1650498644,0.0,0.000519852,0.0,2.041459083557129e-05,2.026557922363281e-05,907.0,394.0
1650498645,0.0,0.0001470305,0.0,2.041459083557129e-05,2.026557922363281e-05,261.0,102.0
1650498646,0.0,0.000855912,0.0,2.041459083557129e-05,2.026557922363281e-05,1052.0,512.0
1650498647,0.0,0.000179358,0.01,2.041459083557129e-05,2.026557922363281e-05,261.0,168.0
1650498648,0.0,0.000179358,0.01,2.041459083557129e-05,2.026557922363281e-05,261.0,168.0
1650498649,0.0,0.0003929755,0.0,2.041459083557129e-05,2.026557922363281e-05,521.5,421.0
1650498650,0.0,0.0003929755,0.0,2.041459083557129e-05,2.026557922363281e-05,521.5,421.0
1650498651,0.0,0.0003453425,0.0,2.041459083557129e-05,2.026557922363281e-05,522.0,204.0
1650498652,0.0,0.000159795,0.0,2.041459083557129e-05,2.026557922363281e-05,393.0,234.0
1650498653,0.0,0.000159795,0.0,2.041459083557129e-05,2.026557922363281e-05,393.0,234.0
1650498654,0.0,0.000260974,0.0,2.041459083557129e-05,2.026557922363281e-05,474.5,218.0
1650498655,0.0,0.000260974,0.0,2.041459083557129e-05,2.026557922363281e-05,474.5,218.0
1650498656,0.0,0.000220814,0.0,2.041459083557129e-05,2.026557922363281e-05,391.0,153.0
1650498657,0.0,0.000220814,0.0,2.041459083557129e-05,2.026557922363281e-05,391.0,153.0
1650498658,0.0,0.00040711,0.0,2.041459083557129e-05,2.026557922363281e-05,527.5,440.5
1650498659,0.0,0.000630671,0.0,2.041459083557129e-05,2.026557922363281e-05,1044.0,540.0
1650498660,0.0,0.000630671,0.0,2.041459083557129e-05,2.026557922363281e-05,1044.0,540.0
1650498661,0.0,0.000222705,0.0,2.041459083557129e-05,2.026557922363281e-05,391.5,153.0
1650498662,0.0,0.000289483,0.0,2.041459083557129e-05,2.026557922363281e-05,522.0,204.0
1650498663,0.0,0.000289483,0.0,2.041459083557129e-05,2.026557922363281e-05,522.0,204.0
1650498664,0.0,0.000391115,0.0,2.041459083557129e-05,2.026557922363281e-05,584.0,248.0
1650498665,0.0,0.000384159,0.0,2.041459083557129e-05,2.026557922363281e-05,521.0,204.0
1650498666,0.0,0.000384159,0.0,2.041459083557129e-05,2.026557922363281e-05,521.0,204.0
1650498667,0.005,0.000248163,0.0,2.041459083557129e-05,2.026557922363281e-05,391.5,153.0
1650498668,0.0,0.000997246,0.0,2.041459083557129e-05,2.026557922363281e-05,1054.0,812.0
1650498669,0.0,0.00031398,0.0,2.041459083557129e-05,2.026557922363281e-05,521.0,336.0
1650498670,0.0,0.00031398,0.0,2.041459083557129e-05,2.026557922363281e-05,521.0,336.0
1650498671,0.0,0.0002693225,0.0,2.041459083557129e-05,2.026557922363281e-05,391.5,186.0
1650498672,0.0,0.000419348,0.0,2.041459083557129e-05,2.026557922363281e-05,522.0,204.0
1650498673,0.0,0.000752662,0.0,2.041459083557129e-05,2.026557922363281e-05,1166.0,496.0
1650498674,0.0,0.000752662,0.0,2.041459083557129e-05,2.026557922363281e-05,1166.0,496.0
1650498675,0.0,0.000369107,0.0,2.041459083557129e-05,2.026557922363281e-05,521.5,204.0
1650498676,0.0,0.00056804,0.0,2.041459083557129e-05,2.026557922363281e-05,783.0,306.0
1650498677,0.0,0.00056804,0.0,2.041459083557129e-05,2.026557922363281e-05,783.0,306.0
1650498678,0.0,0.0002025555,0.0,2.041459083557129e-05,2.026557922363281e-05,261.0,481.5
1650498679,0.0,0.00082701,0.0,2.041459083557129e-05,2.026557922363281e-05,1053.0,512.0
1650498680,0.0,0.00082701,0.0,2.041459083557129e-05,2.026557922363281e-05,1053.0,512.0
1650498681,0.0,0.000144362,0.0,2.041459083557129e-05,2.026557922363281e-05,261.0,168.0
1650498682,0.0,0.000144362,0.0,2.041459083557129e-05,2.026557922363281e-05,261.0,168.0
1650498683,0.0,0.000242527,0.0,2.041459083557129e-05,2.026557922363281e-05,391.5,153.0
1650498684,0.0,0.000520787,0.0,2.041459083557129e-05,2.026557922363281e-05,949.0,436.0
1650498685,0.0,0.000520787,0.0,2.041459083557129e-05,2.026557922363281e-05,949.0,436.0
1650498686,0.0,0.000240933,0.0,2.041459083557129e-05,2.026557922363281e-05,391.5,153.0
1650498687,0.0,0.000240933,0.0,2.041459083557129e-05,2.026557922363281e-05,391.5,153.0
1650498688,0.0,0.000365489,0.0,2.041459083557129e-05,2.026557922363281e-05,521.0,337.5
1650498689,0.0,0.000627779,0.0,2.0295381546020508e-05,2.014636993408203e-05,914.0,306.0
1650498690,0.0,0.000627779,0.0,2.0295381546020508e-05,2.014636993408203e-05,914.0,306.0
1650498691,0.0,0.0002181545,0.0,2.041459083557129e-05,2.026557922363281e-05,331.0,205.0
1650498692,0.0,0.000300623,0.0,2.041459083557129e-05,2.026557922363281e-05,522.0,336.0
1650498693,0.0,0.000300623,0.0,2.041459083557129e-05,2.026557922363281e-05,522.0,336.0
1650498694,0.0,0.000354821,0.0,2.041459083557129e-05,2.026557922363281e-05,584.0,248.0
1650498695,0.0,0.000757735,0.0,2.041459083557129e-05,2.026557922363281e-05,1044.0,408.0
1650498696,0.0,0.000757735,0.0,2.041459083557129e-05,2.026557922363281e-05,1044.0,408.0
1650498697,0.005,8.38535e-05,0.0,2.041459083557129e-05,2.026557922363281e-05,130.0,51.0
1650498698,0.005,8.38535e-05,0.0,2.041459083557129e-05,2.026557922363281e-05,130.0,51.0
1650498699,0.0,0.0002491445,0.0,2.041459083557129e-05,2.026557922363281e-05,261.0,284.5
1650498700,0.0,0.000422587,0.0,2.023577690124512e-05,2.008676528930664e-05,654.0,204.0
1650498701,0.0,0.000422587,0.0,2.023577690124512e-05,2.008676528930664e-05,654.0,204.0
1650498702,0.0,0.000377245,0.0,2.041459083557129e-05,2.026557922363281e-05,592.0,373.0
1650498703,0.0,0.000665515,0.0,2.041459083557129e-05,2.026557922363281e-05,1044.0,408.0
1650498704,0.0,0.000704507,0.0,2.041459083557129e-05,2.026557922363281e-05,1167.0,496.0
1650498705,0.0,0.000578436,0.0,2.041459083557129e-05,2.026557922363281e-05,1044.0,408.0
1650498706,0.0,0.000578436,0.0,2.041459083557129e-05,2.026557922363281e-05,1044.0,408.0
1650498707,0.0,0.0001118435,0.0,2.041459083557129e-05,2.026557922363281e-05,130.5,51.0
1650498708,0.0,0.000415057,0.0,2.041459083557129e-05,2.026557922363281e-05,522.0,568.0
1650498709,0.0,0.000415057,0.0,2.041459083557129e-05,2.026557922363281e-05,522.0,568.0
1650498710,0.0,0.000246087,0.0,2.041459083557129e-05,2.026557922363281e-05,391.5,153.0
1650498711,0.0,0.00029599,0.0,2.041459083557129e-05,2.026557922363281e-05,522.0,204.0
1650498712,0.0,0.000557733,0.0,2.041459083557129e-05,2.026557922363281e-05,793.0,344.0
1650498713,0.0,0.000557733,0.0,2.041459083557129e-05,2.026557922363281e-05,793.0,344.0
1650498714,0.0,0.000273032,0.0,2.041459083557129e-05,2.026557922363281e-05,474.5,284.0
1650498715,0.0,0.000303846,0.0,2.041459083557129e-05,2.026557922363281e-05,522.0,270.0
1650498716,0.0,0.000143561,0.0,2.041459083557129e-05,2.026557922363281e-05,261.0,102.0
1650498717,0.0,0.000145661,0.0,2.041459083557129e-05,2.026557922363281e-05,261.0,102.0
1650498718,0.0,0.000145661,0.0,2.041459083557129e-05,2.026557922363281e-05,261.0,102.0
1650498719,0.0,0.00026,0.0,2.041459083557129e-05,2.026557922363281e-05,390.5,153.0
1650498720,0.0,0.000232625,0.0,2.041459083557129e-05,2.026557922363281e-05,261.0,102.0
1650498721,0.0,0.000232625,0.0,2.041459083557129e-05,2.026557922363281e-05,261.0,102.0
1650498722,0.0,0.000165384,0.0,2.041459083557129e-05,2.026557922363281e-05,261.0,102.0
1650498723,0.0,0.000438234,0.0,2.041459083557129e-05,2.026557922363281e-05,782.0,306.0
1650498724,0.0,0.001065418,0.01,2.041459083557129e-05,2.026557922363281e-05,1437.0,702.0
1650498725,0.0,0.001065418,0.01,2.041459083557129e-05,2.026557922363281e-05,1437.0,702.0
1650498726,0.0,0.0001661515,0.0,2.041459083557129e-05,2.026557922363281e-05,260.5,168.0
1650498727,0.0,0.0001661515,0.0,2.041459083557129e-05,2.026557922363281e-05,260.5,168.0
1650498728,0.0,0.000355363,0.0,2.041459083557129e-05,2.026557922363281e-05,391.0,385.5
1650498729,0.0,0.000355363,0.0,2.041459083557129e-05,2.026557922363281e-05,391.0,385.5
1650498730,0.005,0.0003280285,0.0,2.041459083557129e-05,2.026557922363281e-05,522.0,204.0
1650498731,0.0,0.000435101,0.0,2.041459083557129e-05,2.026557922363281e-05,783.0,306.0
1650498732,0.0,0.000435101,0.0,2.041459083557129e-05,2.026557922363281e-05,783.0,306.0
1650498733,0.0,8.521e-05,0.0,2.041459083557129e-05,2.026557922363281e-05,130.5,51.0
1650498734,0.0,0.000609207,0.0,2.041459083557129e-05,2.026557922363281e-05,907.0,394.0
1650498735,0.0,0.000609207,0.0,2.041459083557129e-05,2.026557922363281e-05,907.0,394.0
1650498736,0.0,0.000274669,0.0,2.041459083557129e-05,2.026557922363281e-05,397.0,172.0
1650498737,0.0,0.000443832,0.0,2.041459083557129e-05,2.026557922363281e-05,783.0,504.0
1650498738,0.0,0.000443832,0.0,2.041459083557129e-05,2.026557922363281e-05,783.0,504.0
1650498739,0.0,0.0001725435,0.0,2.041459083557129e-05,2.026557922363281e-05,261.0,102.0
1650498740,0.0,0.000288722,0.0,2.041459083557129e-05,2.026557922363281e-05,522.0,204.0
1650498741,0.0,0.000288722,0.0,2.041459083557129e-05,2.026557922363281e-05,522.0,204.0
1650498742,0.0,0.000337888,0.0,2.041459083557129e-05,2.026557922363281e-05,521.5,204.0
1650498743,0.0,0.000314971,0.0,2.041459083557129e-05,2.026557922363281e-05,522.0,204.0
1650498744,0.0,0.000314971,0.0,2.041459083557129e-05,2.026557922363281e-05,522.0,204.0
1650498745,0.0,0.000293698,0.0,2.041459083557129e-05,2.026557922363281e-05,453.5,197.0
1650498746,0.0,0.000293698,0.0,2.041459083557129e-05,2.026557922363281e-05,453.5,197.0
1650498747,0.0,0.0003711995,0.0,2.041459083557129e-05,2.026557922363281e-05,527.5,256.0
1650498748,0.0,0.0003711995,0.0,2.041459083557129e-05,2.026557922363281e-05,527.5,256.0
1650498749,0.0,0.0004199825,0.0,2.041459083557129e-05,2.026557922363281e-05,522.0,454.0
1650498750,0.0,0.000634392,0.0,2.041459083557129e-05,2.026557922363281e-05,1044.0,408.0
1650498751,0.0,0.000634392,0.0,2.041459083557129e-05,2.026557922363281e-05,1044.0,408.0
1650498752,0.0,0.000167378,0.0,2.041459083557129e-05,2.026557922363281e-05,260.5,102.0
1650498753,0.0,0.000491523,0.0,2.041459083557129e-05,2.026557922363281e-05,949.0,436.0
1650498754,0.0,0.000491523,0.0,2.041459083557129e-05,2.026557922363281e-05,949.0,436.0
1650498755,0.0,0.000161005,0.0,2.041459083557129e-05,2.026557922363281e-05,260.5,102.0
1650498756,0.0,0.000336282,0.0,2.041459083557129e-05,2.026557922363281e-05,522.0,204.0
1650498757,0.0,0.000336282,0.0,2.041459083557129e-05,2.026557922363281e-05,522.0,204.0
1650498758,0.0,0.000386864,0.0,2.041459083557129e-05,2.026557922363281e-05,397.0,306.0
1650498759,0.0,0.000358855,0.0,2.041459083557129e-05,2.026557922363281e-05,521.0,336.0
1650498760,0.0,0.000358855,0.0,2.041459083557129e-05,2.026557922363281e-05,521.0,336.0
1650498761,0.0,0.000222593,0.0,2.041459083557129e-05,2.026557922363281e-05,260.5,135.0
1650498762,0.0,0.0002165,0.0,2.041459083557129e-05,2.026557922363281e-05,260.0,102.0
1650498763,0.0,0.0002165,0.0,2.041459083557129e-05,2.026557922363281e-05,260.0,102.0
1650498764,0.0,0.0005287635,0.0,2.041459083557129e-05,2.026557922363281e-05,714.5,299.0
1650498765,0.0,0.000323899,0.0,2.041459083557129e-05,2.026557922363281e-05,522.0,204.0
1650498766,0.0,0.000323899,0.0,2.041459083557129e-05,2.026557922363281e-05,522.0,204.0
1650498767,0.0,0.0001691405,0.0,2.041459083557129e-05,2.026557922363281e-05,261.0,102.0
1650498768,0.0,0.0001691405,0.0,2.041459083557129e-05,2.026557922363281e-05,261.0,102.0
1650498769,0.0,0.0002614915,0.0,2.023577690124512e-05,2.008676528930664e-05,327.0,434.0
1650498770,0.0,0.000605982,0.0,2.041459083557129e-05,2.026557922363281e-05,662.0,410.0
1650498771,0.0,0.000605982,0.0,2.041459083557129e-05,2.026557922363281e-05,662.0,410.0
1650498772,0.0,0.000348501,0.0,2.041459083557129e-05,2.026557922363281e-05,522.0,270.0
1650498773,0.0,0.000348501,0.0,2.041459083557129e-05,2.026557922363281e-05,522.0,270.0
1650498774,0.0,0.0002849655,0.0,2.041459083557129e-05,2.026557922363281e-05,453.5,197.0
1650498775,0.0,0.000427676,0.0,2.041459083557129e-05,2.026557922363281e-05,783.0,306.0
1650498776,0.0,0.000427676,0.0,2.041459083557129e-05,2.026557922363281e-05,783.0,306.0
1650498777,0.0,0.000148774,0.0,2.041459083557129e-05,2.026557922363281e-05,261.0,102.0
1650498778,0.0,0.000510035,0.0,2.041459083557129e-05,2.026557922363281e-05,522.0,770.0
1650498779,0.0,0.000318103,0.0,2.023577690124512e-05,2.008676528930664e-05,392.0,102.0
1650498780,0.0,0.000318103,0.0,2.023577690124512e-05,2.008676528930664e-05,392.0,102.0
1650498781,0.0,0.0004418505,0.0,2.041459083557129e-05,2.026557922363281e-05,722.0,424.0
1650498782,0.0,0.0004418505,0.0,2.041459083557129e-05,2.026557922363281e-05,722.0,424.0
1650498783,0.0,0.000158398,0.005,2.041459083557129e-05,2.026557922363281e-05,261.0,102.0
1650498784,0.0,0.000561347,0.0,2.041459083557129e-05,2.026557922363281e-05,906.0,394.0
1650498785,0.0,0.000174173,0.0,2.041459083557129e-05,2.026557922363281e-05,261.0,102.0
1650498786,0.0,0.000174173,0.0,2.041459083557129e-05,2.026557922363281e-05,261.0,102.0
1650498787,0.0,0.0002151415,0.0,2.041459083557129e-05,2.026557922363281e-05,391.5,153.0
1650498788,0.0,0.0002151415,0.0,2.041459083557129e-05,2.026557922363281e-05,391.5,153.0
1650498789,0.0,0.0004434135,0.0,2.041459083557129e-05,2.026557922363281e-05,521.5,437.5
1650498790,0.0,0.000726379,0.0,2.041459083557129e-05,2.026557922363281e-05,1055.0,512.0
1650498791,0.0,0.000726379,0.0,2.041459083557129e-05,2.026557922363281e-05,1055.0,512.0
1650498792,0.0,0.000144879,0.0,2.041459083557129e-05,2.026557922363281e-05,261.0,168.0
1650498793,0.0,0.000587884,0.0,2.041459083557129e-05,2.026557922363281e-05,688.0,334.0
1650498794,0.0,0.000587884,0.0,2.041459083557129e-05,2.026557922363281e-05,688.0,334.0
1650498795,0.0,0.000272705,0.0,2.041459083557129e-05,2.026557922363281e-05,391.0,153.0
1650498796,0.0,0.000726658,0.0,2.041459083557129e-05,2.026557922363281e-05,1043.0,408.0
1650498797,0.0,0.000726658,0.0,2.041459083557129e-05,2.026557922363281e-05,1043.0,408.0
1650498798,0.0,0.0002131745,0.0,2.041459083557129e-05,2.026557922363281e-05,260.5,434.5
1650498799,0.0,0.000327781,0.0,2.041459083557129e-05,2.026557922363281e-05,522.0,204.0
1650498800,0.0,0.000327781,0.0,2.041459083557129e-05,2.026557922363281e-05,522.0,204.0
1650498801,0.0,0.0004012855,0.0,2.041459083557129e-05,2.026557922363281e-05,527.0,256.0
1650498802,0.0,0.00037204,0.0,2.041459083557129e-05,2.026557922363281e-05,521.0,336.0
1650498803,0.0,0.00037204,0.0,2.041459083557129e-05,2.026557922363281e-05,521.0,336.0
1650498804,0.0,0.000435742,0.0,2.041459083557129e-05,2.026557922363281e-05,713.5,299.0
1650498805,0.0,0.00023156,0.0,2.041459083557129e-05,2.026557922363281e-05,260.0,102.0
1650498806,0.0,0.00023156,0.0,2.041459083557129e-05,2.026557922363281e-05,260.0,102.0
1650498807,0.005,0.0003723145,0.0,2.041459083557129e-05,2.026557922363281e-05,390.0,153.0
1650498808,0.0,0.000583735,0.0,2.041459083557129e-05,2.026557922363281e-05,522.0,1161.0
1650498809,0.0,0.000583735,0.0,2.041459083557129e-05,2.026557922363281e-05,522.0,1161.0
1650498810,0.0,0.000144112,0.0,2.041459083557129e-05,2.026557922363281e-05,260.5,102.0
1650498811,0.0,0.001006989,0.0,2.041459083557129e-05,2.026557922363281e-05,1577.0,650.0
1650498812,0.0,0.000147623,0.0,2.041459083557129e-05,2.026557922363281e-05,261.0,168.0
1650498813,0.0,0.000147623,0.0,2.041459083557129e-05,2.026557922363281e-05,261.0,168.0
1650498814,0.0,0.000278262,0.0,2.041459083557129e-05,2.026557922363281e-05,453.5,263.0
1650498815,0.0,0.000294137,0.0,2.041459083557129e-05,2.026557922363281e-05,522.0,204.0
1650498816,0.0,0.000294137,0.0,2.041459083557129e-05,2.026557922363281e-05,522.0,204.0
1650498817,0.0,0.0001431355,0.0,2.041459083557129e-05,2.026557922363281e-05,261.0,102.0
1650498818,0.0,0.000555136,0.0,2.041459083557129e-05,2.026557922363281e-05,782.0,573.0
1650498819,0.0,0.000555136,0.0,2.041459083557129e-05,2.026557922363281e-05,782.0,573.0
1650498820,0.0,0.0002086945,0.0,2.041459083557129e-05,2.026557922363281e-05,260.5,102.0
1650498821,0.0,0.000296045,0.0,2.041459083557129e-05,2.026557922363281e-05,522.0,204.0
1650498822,0.0,0.000296045,0.0,2.041459083557129e-05,2.026557922363281e-05,522.0,204.0
1650498823,0.0,0.0003953795,0.005,2.041459083557129e-05,2.026557922363281e-05,589.0,267.0
1650498824,0.0,0.000463989,0.0,2.041459083557129e-05,2.026557922363281e-05,783.0,504.0
1650498825,0.0,0.000463989,0.0,2.041459083557129e-05,2.026557922363281e-05,783.0,504.0
1650498826,0.0,0.000290664,0.0,2.041459083557129e-05,2.026557922363281e-05,391.5,153.0
1650498827,0.0,0.000290664,0.0,2.041459083557129e-05,2.026557922363281e-05,391.5,153.0
1650498828,0.0,0.0003320995,0.0,2.041459083557129e-05,2.026557922363281e-05,391.5,437.0
1650498829,0.0,0.0003320995,0.0,2.041459083557129e-05,2.026557922363281e-05,391.5,437.0
1650498830,0.0,0.000395875,0.0,2.041459083557129e-05,2.026557922363281e-05,652.5,255.0
1650498831,0.0,0.000726274,0.0,2.041459083557129e-05,2.026557922363281e-05,1043.0,408.0
1650498832,0.0,0.000726274,0.0,2.041459083557129e-05,2.026557922363281e-05,1043.0,408.0
1650498833,0.0,0.0004633875,0.0,2.023577690124512e-05,2.008676528930664e-05,801.5,320.0
1650498834,0.0,0.0004633875,0.0,2.023577690124512e-05,2.008676528930664e-05,801.5,320.0
1650498835,0.0,0.0002816385,0.0,2.041459083557129e-05,2.026557922363281e-05,461.5,289.0
1650498836,0.0,0.0002816385,0.0,2.041459083557129e-05,2.026557922363281e-05,461.5,289.0
1650498837,0.0,0.000351811,0.0,2.041459083557129e-05,2.026557922363281e-05,522.0,237.0
1650498838,0.0,0.000351811,0.0,2.041459083557129e-05,2.026557922363281e-05,522.0,237.0
1650498839,0.0,0.000354245,0.0,2.041459083557129e-05,2.026557922363281e-05,391.5,435.0
1650498840,0.0,0.000406248,0.0,2.041459083557129e-05,2.026557922363281e-05,522.0,204.0
1650498841,0.0,0.000406248,0.0,2.041459083557129e-05,2.026557922363281e-05,522.0,204.0
1650498842,0.0,0.0003283865,0.0,2.041459083557129e-05,2.026557922363281e-05,522.0,204.0
1650498843,0.0,0.000171901,0.0,2.041459083557129e-05,2.026557922363281e-05,261.0,102.0
1650498844,0.0,0.000171901,0.0,2.041459083557129e-05,2.026557922363281e-05,261.0,102.0
1650498845,0.0,0.000503902,0.0,2.041459083557129e-05,2.026557922363281e-05,850.5,369.0
1650498846,0.0,0.000444051,0.0,2.041459083557129e-05,2.026557922363281e-05,783.0,504.0
1650498847,0.0,0.000444051,0.0,2.041459083557129e-05,2.026557922363281e-05,783.0,504.0
1650498848,0.0,0.000251097,0.0,2.041459083557129e-05,2.026557922363281e-05,261.0,284.5
1650498849,0.0,0.000570581,0.0,2.041459083557129e-05,2.026557922363281e-05,782.0,306.0
1650498850,0.0,0.00038213,0.0,2.041459083557129e-05,2.026557922363281e-05,522.0,204.0
1650498851,0.0,0.000516689,0.0,2.041459083557129e-05,2.026557922363281e-05,783.0,306.0
1650498852,0.0,0.000516689,0.0,2.041459083557129e-05,2.026557922363281e-05,783.0,306.0
1650498853,0.0,0.0002323355,0.0,2.041459083557129e-05,2.026557922363281e-05,391.5,153.0
1650498854,0.0,0.000647264,0.0,2.041459083557129e-05,2.026557922363281e-05,906.0,394.0
1650498855,0.0,0.000248938,0.0,2.023577690124512e-05,2.008676528930664e-05,393.0,102.0
1650498856,0.0,0.000248938,0.0,2.023577690124512e-05,2.008676528930664e-05,393.0,102.0
1650498857,0.0,0.0003473875,0.0,2.041459083557129e-05,2.026557922363281e-05,461.5,289.0
1650498858,0.0,0.0003473875,0.0,2.041459083557129e-05,2.026557922363281e-05,461.5,289.0
1650498859,0.0,0.0005509905,0.0,2.041459083557129e-05,2.026557922363281e-05,783.0,723.5
1650498860,0.0,0.000542193,0.0,2.041459083557129e-05,2.026557922363281e-05,781.0,306.0
1650498861,0.0,0.000542193,0.0,2.041459083557129e-05,2.026557922363281e-05,781.0,306.0
1650498862,0.0,0.000229132,0.0,2.041459083557129e-05,2.026557922363281e-05,391.5,153.0
1650498863,0.0,0.000229132,0.0,2.041459083557129e-05,2.026557922363281e-05,391.5,153.0
1650498864,0.0,0.0004247205,0.0,2.041459083557129e-05,2.026557922363281e-05,714.5,299.0
1650498865,0.0,0.000155956,0.0,2.041459083557129e-05,2.026557922363281e-05,260.0,102.0
1650498866,0.0,0.000806878,0.0,2.041459083557129e-05,2.026557922363281e-05,1055.0,446.0
1650498867,0.0,0.000806878,0.0,2.041459083557129e-05,2.026557922363281e-05,1055.0,446.0
1650498868,0.0,0.000218927,0.0,2.041459083557129e-05,2.026557922363281e-05,260.0,400.5
1650498869,0.0,0.000218927,0.0,2.041459083557129e-05,2.026557922363281e-05,260.0,400.5
1650498870,0.0,0.0005256645,0.0,2.041459083557129e-05,2.026557922363281e-05,651.0,288.0
1650498871,0.0,0.000364803,0.0,2.041459083557129e-05,2.026557922363281e-05,522.0,204.0
1650498872,0.0,0.000152794,0.0,2.041459083557129e-05,2.026557922363281e-05,261.0,102.0
1650498873,0.0,0.000544111,0.0,2.041459083557129e-05,2.026557922363281e-05,949.0,436.0
1650498874,0.0,0.000544111,0.0,2.041459083557129e-05,2.026557922363281e-05,949.0,436.0
1650498875,0.0,0.000162614,0.0,2.041459083557129e-05,2.026557922363281e-05,261.0,102.0
1650498876,0.0,0.000162614,0.0,2.041459083557129e-05,2.026557922363281e-05,261.0,102.0
1650498877,0.0,0.0002998355,0.0,2.041459083557129e-05,2.026557922363281e-05,391.5,153.0
1650498878,0.0,0.000457711,0.0,2.023577690124512e-05,2.008676528930664e-05,393.0,966.0
1650498879,0.0,0.000457711,0.0,2.023577690124512e-05,2.008676528930664e-05,393.0,966.0
1650498880,0.0,0.0003949985,0.0,2.041459083557129e-05,2.026557922363281e-05,592.0,373.0
1650498881,0.0,0.00054687,0.0,2.041459083557129e-05,2.026557922363281e-05,783.0,306.0
1650498882,0.0,0.00054687,0.0,2.041459083557129e-05,2.026557922363281e-05,783.0,306.0
1650498883,0.0,0.0003208715,0.0,2.041459083557129e-05,2.026557922363281e-05,522.0,204.0
1650498884,0.0,0.00049032,0.0,2.041459083557129e-05,2.026557922363281e-05,906.0,394.0
1650498885,0.0,0.00049032,0.0,2.041459083557129e-05,2.026557922363281e-05,906.0,394.0
1650498886,0.0,7.3715e-05,0.0,2.041459083557129e-05,2.026557922363281e-05,130.5,51.0
1650498887,0.0,7.3715e-05,0.0,2.041459083557129e-05,2.026557922363281e-05,130.5,51.0
1650498888,0.0,0.000372765,0.005,2.041459083557129e-05,2.026557922363281e-05,391.0,385.5
1650498889,0.0,0.000629135,0.0,2.041459083557129e-05,2.026557922363281e-05,792.0,344.0
1650498890,0.0,0.000153111,0.0,2.041459083557129e-05,2.026557922363281e-05,260.0,168.0
1650498891,0.0,0.000234799,0.0,2.041459083557129e-05,2.026557922363281e-05,261.0,168.0
1650498892,0.0,0.000288884,0.0,2.041459083557129e-05,2.026557922363281e-05,521.0,270.0
1650498893,0.0,0.000288884,0.0,2.041459083557129e-05,2.026557922363281e-05,521.0,270.0
1650498894,0.0,0.000385529,0.0,2.041459083557129e-05,2.026557922363281e-05,714.0,299.0
1650498895,0.0,0.000385529,0.0,2.041459083557129e-05,2.026557922363281e-05,714.0,299.0
1650498896,0.0,0.000279177,0.0,2.041459083557129e-05,2.026557922363281e-05,390.5,153.0
1650498897,0.0,0.000279177,0.0,2.041459083557129e-05,2.026557922363281e-05,390.5,153.0
1650498898,0.005,0.0002699035,0.0,2.041459083557129e-05,2.026557922363281e-05,261.0,336.0
1650498899,0.0,0.000303881,0.0,2.041459083557129e-05,2.026557922363281e-05,520.0,204.0
1650498900,0.0,0.000303881,0.0,2.041459083557129e-05,2.026557922363281e-05,520.0,204.0
1650498901,0.0,0.0003907625,0.0,2.041459083557129e-05,2.026557922363281e-05,527.5,256.0
1650498902,0.0,0.000535054,0.0,2.041459083557129e-05,2.026557922363281e-05,781.0,438.0
1650498903,0.0,0.000535054,0.0,2.041459083557129e-05,2.026557922363281e-05,781.0,438.0
1650498904,0.0,0.0001893745,0.0,2.041459083557129e-05,2.026557922363281e-05,322.5,146.0
1650498905,0.0,0.000446972,0.0,2.041459083557129e-05,2.026557922363281e-05,782.0,306.0
1650498906,0.0,0.000446972,0.0,2.041459083557129e-05,2.026557922363281e-05,782.0,306.0
1650498907,0.0,0.00027469,0.0,2.041459083557129e-05,2.026557922363281e-05,391.5,153.0
1650498908,0.0,0.00027469,0.0,2.041459083557129e-05,2.026557922363281e-05,391.5,153.0
1650498909,0.0,0.0002050465,0.0,2.041459083557129e-05,2.026557922363281e-05,261.0,335.5
1650498910,0.0,0.000386704,0.0,2.041459083557129e-05,2.026557922363281e-05,522.0,204.0
1650498911,0.0,0.00070005,0.0,2.041459083557129e-05,2.026557922363281e-05,1054.0,446.0
1650498912,0.0,0.000493617,0.0,2.041459083557129e-05,2.026557922363281e-05,782.0,504.0
1650498913,0.0,0.000493617,0.0,2.041459083557129e-05,2.026557922363281e-05,782.0,504.0
1650498914,0.0,0.0003088105,0.0,2.041459083557129e-05,2.026557922363281e-05,474.5,218.0
1650498915,0.0,0.000748837,0.0,2.041459083557129e-05,2.026557922363281e-05,1042.0,408.0
1650498916,0.0,0.000748837,0.0,2.041459083557129e-05,2.026557922363281e-05,1042.0,408.0
1650498917,0.0,0.000186659,0.0,2.041459083557129e-05,2.026557922363281e-05,260.5,102.0
1650498918,0.0,0.000558833,0.0,2.041459083557129e-05,2.026557922363281e-05,783.0,1073.0
1650498919,0.0,0.000558833,0.0,2.041459083557129e-05,2.026557922363281e-05,783.0,1073.0
1650498920,0.0,0.000144137,0.0,2.041459083557129e-05,2.026557922363281e-05,261.0,102.0
1650498921,0.0,0.00037383,0.0,2.041459083557129e-05,2.026557922363281e-05,519.0,204.0
1650498922,0.0,0.000454923,0.0,2.023577690124512e-05,2.008676528930664e-05,654.0,204.0
1650498923,0.0,0.000454923,0.0,2.023577690124512e-05,2.008676528930664e-05,654.0,204.0
1650498924,0.0,0.000452258,0.0,2.041459083557129e-05,2.026557922363281e-05,784.5,468.0
1650498925,0.0,0.000366764,0.0,2.041459083557129e-05,2.026557922363281e-05,521.0,204.0
1650498926,0.0,0.000344674,0.0,2.041459083557129e-05,2.026557922363281e-05,521.0,204.0
1650498927,0.0,0.000344674,0.0,2.041459083557129e-05,2.026557922363281e-05,521.0,204.0
1650498928,0.0,0.000318445,0.0,2.041459083557129e-05,2.026557922363281e-05,391.5,385.5
1650498929,0.0,0.000475454,0.0,2.041459083557129e-05,2.026557922363281e-05,783.0,306.0
1650498930,0.0,0.000475454,0.0,2.041459083557129e-05,2.026557922363281e-05,783.0,306.0
1650498931,0.0,0.000205314,0.0,2.041459083557129e-05,2.026557922363281e-05,261.0,102.0
1650498932,0.0,0.000205314,0.0,2.041459083557129e-05,2.026557922363281e-05,261.0,102.0
1650498933,0.0,0.000183618,0.0,2.023577690124512e-05,2.008676528930664e-05,326.5,102.0
1650498934,0.0,0.000744285,0.0,2.041459083557129e-05,2.026557922363281e-05,1047.0,600.0
1650498935,0.0,0.00035449,0.0,2.041459083557129e-05,2.026557922363281e-05,522.0,336.0
1650498936,0.0,0.00035449,0.0,2.041459083557129e-05,2.026557922363281e-05,522.0,336.0
1650498937,0.005,0.0001766715,0.0,2.041459083557129e-05,2.026557922363281e-05,261.0,102.0
1650498938,0.005,0.0001766715,0.0,2.041459083557129e-05,2.026557922363281e-05,261.0,102.0
1650498939,0.0,0.000366105,0.0,2.041459083557129e-05,2.026557922363281e-05,390.5,336.0
1650498940,0.0,0.000433906,0.0,2.041459083557129e-05,2.026557922363281e-05,783.0,306.0
1650498941,0.0,0.000433906,0.0,2.041459083557129e-05,2.026557922363281e-05,783.0,306.0
1650498942,0.0,0.000224152,0.0,2.041459083557129e-05,2.026557922363281e-05,390.5,153.0
1650498943,0.0,0.001228776,0.0,2.041459083557129e-05,2.026557922363281e-05,1700.0,804.0
1650498944,0.0,0.001228776,0.0,2.041459083557129e-05,2.026557922363281e-05,1700.0,804.0
1650498945,0.0,7.56845e-05,0.0,2.041459083557129e-05,2.026557922363281e-05,130.5,84.0
1650498946,0.0,0.000429196,0.0,2.041459083557129e-05,2.026557922363281e-05,783.0,372.0
1650498947,0.0,0.000429196,0.0,2.041459083557129e-05,2.026557922363281e-05,783.0,372.0
1650498948,0.0,0.000281253,0.0,2.041459083557129e-05,2.026557922363281e-05,391.5,335.0
1650498949,0.0,0.000410488,0.0,2.041459083557129e-05,2.026557922363281e-05,522.0,204.0
1650498950,0.0,0.000410488,0.0,2.041459083557129e-05,2.026557922363281e-05,522.0,204.0
1650498951,0.0,0.0003680935,0.0,2.041459083557129e-05,2.026557922363281e-05,522.0,204.0
1650498952,0.0,0.00109659,0.0,2.041459083557129e-05,2.026557922363281e-05,1564.0,612.0
1650498953,0.0,0.00109659,0.0,2.041459083557129e-05,2.026557922363281e-05,1564.0,612.0
1650498954,0.0,0.0005149485,0.0,2.041459083557129e-05,2.026557922363281e-05,741.0,372.0
1650498955,0.0,0.000231683,0.0,2.041459083557129e-05,2.026557922363281e-05,261.0,168.0
1650498956,0.0,0.000231683,0.0,2.041459083557129e-05,2.026557922363281e-05,261.0,168.0
1650498957,0.0,0.000260541,0.0,2.041459083557129e-05,2.026557922363281e-05,391.5,186.0
1650498958,0.0,0.000260541,0.0,2.041459083557129e-05,2.026557922363281e-05,391.5,186.0
1650498959,0.0,0.0003300345,0.0,2.041459083557129e-05,2.026557922363281e-05,391.5,586.0
1650498960,0.0,0.0003300345,0.0,2.041459083557129e-05,2.026557922363281e-05,391.5,586.0
1650498961,0.0,0.000307571,0.0,2.041459083557129e-05,2.026557922363281e-05,391.0,153.0
1650498962,0.0,0.000307571,0.0,2.041459083557129e-05,2.026557922363281e-05,391.0,153.0
1650498963,0.0,0.000340183,0.0,2.041459083557129e-05,2.026557922363281e-05,522.0,204.0
1650498964,0.0,0.000340183,0.0,2.041459083557129e-05,2.026557922363281e-05,522.0,204.0
1650498965,0.0,0.0004954885,0.0,2.041459083557129e-05,2.026557922363281e-05,785.5,384.0
1650498966,0.0,0.000221492,0.0,2.041459083557129e-05,2.026557922363281e-05,261.0,168.0
1650498967,0.0,0.000374255,0.0,2.041459083557129e-05,2.026557922363281e-05,522.0,336.0
1650498968,0.0,0.000374255,0.0,2.041459083557129e-05,2.026557922363281e-05,522.0,336.0
1650498969,0.0,0.00059737,0.0,2.041459083557129e-05,2.026557922363281e-05,782.5,740.0
1650498970,0.0,0.000159211,0.0,2.041459083557129e-05,2.026557922363281e-05,261.0,102.0
1650498971,0.0,0.000159211,0.0,2.041459083557129e-05,2.026557922363281e-05,261.0,102.0
1650498972,0.0,0.0003078805,0.0,2.041459083557129e-05,2.026557922363281e-05,522.0,204.0
1650498973,0.0,0.000798002,0.0,2.041459083557129e-05,2.026557922363281e-05,1168.0,496.0
1650498974,0.0,0.000380233,0.0,2.041459083557129e-05,2.026557922363281e-05,522.0,204.0
1650498975,0.0,0.000380233,0.0,2.041459083557129e-05,2.026557922363281e-05,522.0,204.0
1650498976,0.0,0.0003809105,0.0,2.041459083557129e-05,2.026557922363281e-05,527.5,256.0
1650498977,0.0,0.000287727,0.0,2.041459083557129e-05,2.026557922363281e-05,522.0,336.0
1650498978,0.0,0.000287727,0.0,2.041459083557129e-05,2.026557922363281e-05,522.0,336.0
1650498979,0.0,0.000325839,0.0,2.041459083557129e-05,2.026557922363281e-05,391.0,486.5
1650498980,0.0,0.000325839,0.0,2.041459083557129e-05,2.026557922363281e-05,391.0,486.5
1650498981,0.0,0.000362033,0.0,2.041459083557129e-05,2.026557922363281e-05,521.5,204.0
1650498982,0.0,0.000362033,0.0,2.041459083557129e-05,2.026557922363281e-05,521.5,204.0
1650498983,0.0,0.00023493,0.0,2.041459083557129e-05,2.026557922363281e-05,391.5,153.0
1650498984,0.0,0.000529482,0.0,2.041459083557129e-05,2.026557922363281e-05,907.0,394.0
1650498985,0.0,0.000529482,0.0,2.041459083557129e-05,2.026557922363281e-05,907.0,394.0
1650498986,0.005,0.000338857,0.0,2.023577690124512e-05,2.008676528930664e-05,457.0,153.0
1650498987,0.005,0.000338857,0.0,2.023577690124512e-05,2.008676528930664e-05,457.0,153.0
1650498988,0.0,0.0004792245,0.0,2.041459083557129e-05,2.026557922363281e-05,591.5,373.0
1650498989,0.0,0.000410489,0.0,2.041459083557129e-05,2.026557922363281e-05,522.0,869.0
1650498990,0.0,0.000410489,0.0,2.041459083557129e-05,2.026557922363281e-05,522.0,869.0
1650498991,0.0,0.0002171715,0.0,2.041459083557129e-05,2.026557922363281e-05,391.5,153.0
1650498992,0.0,0.000191929,0.01,2.041459083557129e-05,2.026557922363281e-05,260.0,102.0
1650498993,0.0,0.000489405,0.0,2.041459083557129e-05,2.026557922363281e-05,949.0,436.0
1650498994,0.0,0.000489405,0.0,2.041459083557129e-05,2.026557922363281e-05,949.0,436.0
1650498995,0.0,0.0003579395,0.0,2.041459083557129e-05,2.026557922363281e-05,522.0,204.0
1650498996,0.0,0.0003579395,0.0,2.041459083557129e-05,2.026557922363281e-05,522.0,204.0
1650498997,0.0,0.0003943405,0.0,2.041459083557129e-05,2.026557922363281e-05,527.0,256.0
1650498998,0.0,0.0003943405,0.0,2.041459083557129e-05,2.026557922363281e-05,527.0,256.0
1650498999,0.0,0.0002185535,0.0,2.041459083557129e-05,2.026557922363281e-05,261.0,352.5
1650499000,0.0,0.0002185535,0.0,2.041459083557129e-05,2.026557922363281e-05,261.0,352.5
1650499001,0.0,0.000248063,0.0,2.041459083557129e-05,2.026557922363281e-05,391.0,153.0
1650499002,0.0,0.000248063,0.0,2.041459083557129e-05,2.026557922363281e-05,391.0,153.0
1650499003,0.0,0.0001487405,0.0,2.041459083557129e-05,2.026557922363281e-05,261.0,102.0
1650499004,0.0,0.000638005,0.0,2.041459083557129e-05,2.026557922363281e-05,907.0,394.0
1650499005,0.0,0.000638005,0.0,2.041459083557129e-05,2.026557922363281e-05,907.0,394.0
1650499006,0.0,0.000225107,0.0,2.041459083557129e-05,2.026557922363281e-05,391.5,153.0
1650499007,0.0,0.000718192,0.0,2.041459083557129e-05,2.026557922363281e-05,1055.0,446.0
1650499008,0.0,0.000718192,0.0,2.041459083557129e-05,2.026557922363281e-05,1055.0,446.0
1650499009,0.0,0.000375538,0.0,2.041459083557129e-05,2.026557922363281e-05,391.0,436.5
1650499010,0.0,0.000375538,0.0,2.041459083557129e-05,2.026557922363281e-05,391.0,436.5
1650499011,0.0,0.0002913485,0.0,2.041459083557129e-05,2.026557922363281e-05,391.0,153.0
1650499012,0.0,0.0002913485,0.0,2.041459083557129e-05,2.026557922363281e-05,391.0,153.0
1650499013,0.0,7.44725e-05,0.0,2.041459083557129e-05,2.026557922363281e-05,130.5,51.0
1650499014,0.0,0.00071594,0.0,2.041459083557129e-05,2.026557922363281e-05,1167.0,496.0
1650499015,0.0,0.00039695,0.0,2.041459083557129e-05,2.026557922363281e-05,522.0,204.0
1650499016,0.0,0.00039695,0.0,2.041459083557129e-05,2.026557922363281e-05,522.0,204.0
1650499017,0.0,7.7706e-05,0.0,2.041459083557129e-05,2.026557922363281e-05,130.5,51.0
1650499018,0.0,0.000675012,0.0,2.023577690124512e-05,2.008676528930664e-05,654.0,1071.0
1650499019,0.0,0.000490436,0.0,2.041459083557129e-05,2.026557922363281e-05,662.0,410.0
1650499020,0.0,0.000490436,0.0,2.041459083557129e-05,2.026557922363281e-05,662.0,410.0
1650499021,0.0,0.000337178,0.0,2.041459083557129e-05,2.026557922363281e-05,521.5,270.0
1650499022,0.0,0.000337178,0.0,2.041459083557129e-05,2.026557922363281e-05,521.5,270.0
