timestamp,cpu_usage_system,cpu_usage_total,cpu_usage_user,memory_usage,memory_working_set,rx_bytes,tx_bytes
1650480769,0.0,0.004245794,0.0,2.276897430419922e-05,2.2590160369873047e-05,4333.5,4683.0
1650480770,0.0,0.004245794,0.0,2.276897430419922e-05,2.2590160369873047e-05,4333.5,4683.0
1650480771,0.0,0.004245794,0.0,2.339482307434082e-05,2.321600914001465e-05,4333.5,4683.0
1650480772,0.0,0.005038052,0.0,2.366304397583008e-05,2.3484230041503903e-05,4702.0,4927.0
1650480773,0.0,0.004137037,0.0,2.366304397583008e-05,2.3484230041503903e-05,4283.0,4509.0
1650480774,0.0,0.004137037,0.0,2.366304397583008e-05,2.3484230041503903e-05,4283.0,4509.0
1650480775,0.0,0.0020810785,0.0,2.3812055587768555e-05,2.3633241653442383e-05,2212.0,2291.5
1650480776,0.0,0.001586107,0.0,2.3990869522094727e-05,2.3812055587768555e-05,1567.0,1576.0
1650480777,0.0,0.001586107,0.0,2.3990869522094727e-05,2.3812055587768555e-05,1567.0,1576.0
1650480778,0.0,0.0030293505,0.0,2.422928810119629e-05,2.405047416687012e-05,36868.0,4197.0
1650480779,0.0,0.00137362,0.0,2.41696834564209e-05,2.3990869522094727e-05,1425.0,1501.0
1650480780,0.0,0.004241726,0.0,2.4139881134033203e-05,2.396106719970703e-05,4283.0,4508.0
1650480781,0.0,0.003116146,0.0,2.3990869522094727e-05,2.3812055587768555e-05,3128.0,3145.0
1650480782,0.0,0.003116146,0.0,2.3990869522094727e-05,2.3812055587768555e-05,3128.0,3145.0
1650480783,0.005,0.0013692,0.0,2.3990869522094727e-05,2.3812055587768555e-05,1511.5,1523.5
1650480784,0.0,0.003796863,0.0,2.3990869522094727e-05,2.3812055587768555e-05,4085.0,4441.0
1650480785,0.0,0.003796863,0.0,2.3990869522094727e-05,2.3812055587768555e-05,4085.0,4441.0
1650480786,0.0,0.002089898,0.0,2.4020671844482425e-05,2.384185791015625e-05,2177.5,2290.0
1650480787,0.0,0.002089898,0.0,2.4020671844482425e-05,2.384185791015625e-05,2177.5,2290.0
1650480788,0.005,0.0026729315,0.005,2.4110078811645508e-05,2.3931264877319336e-05,2723.5,3427.0
1650480789,0.005,0.0026729315,0.005,2.4110078811645508e-05,2.3931264877319336e-05,2723.5,3427.0
1650480790,0.0,0.002214142,0.0,2.3812055587768555e-05,2.3633241653442383e-05,2108.5,2187.5
1650480791,0.0,0.002677411,0.01,2.384185791015625e-05,2.366304397583008e-05,2724.0,3072.0
1650480792,0.0,0.001706018,0.0,2.3990869522094727e-05,2.3812055587768555e-05,1642.0,1717.0
1650480793,0.0,0.002614523,0.0,2.3990869522094727e-05,2.3812055587768555e-05,2855.0,2940.0
1650480794,0.0,0.002614523,0.0,2.3990869522094727e-05,2.3812055587768555e-05,2855.0,2940.0
1650480795,0.0,0.001395503,0.0,2.3990869522094727e-05,2.3812055587768555e-05,1394.5,1436.5
1650480796,0.01,0.00449326,0.0,2.3990869522094727e-05,2.3812055587768555e-05,4085.0,4375.0
1650480797,0.01,0.00449326,0.0,2.3990869522094727e-05,2.3812055587768555e-05,4085.0,4375.0
1650480798,0.0,0.0018509905,0.0,2.405047416687012e-05,2.3871660232543945e-05,1498.0,2745.0
1650480799,0.0,0.00421204,0.0,2.3812055587768555e-05,2.3633241653442383e-05,4218.0,4508.0
1650480800,0.0,0.00421204,0.0,2.3812055587768555e-05,2.3633241653442383e-05,4218.0,4508.0
1650480801,0.0,0.0007066995,0.0,2.3990869522094727e-05,2.3812055587768555e-05,751.0,788.5
1650480802,0.0,0.0007066995,0.0,2.3990869522094727e-05,2.3812055587768555e-05,751.0,788.5
1650480803,0.005,0.0021607,0.0,2.3990869522094727e-05,2.3812055587768555e-05,2112.0,2291.0
1650480804,0.005,0.0021607,0.0,2.3990869522094727e-05,2.3812055587768555e-05,2112.0,2291.0
1650480805,0.0,0.001930566,0.0,2.3990869522094727e-05,2.3812055587768555e-05,2141.0,2154.0
1650480806,0.0,0.005350055,0.0,2.3990869522094727e-05,2.3812055587768555e-05,5447.0,5748.0
1650480807,0.0,0.005350055,0.0,2.3990869522094727e-05,2.3812055587768555e-05,5447.0,5748.0
1650480808,0.005,0.002916513,0.0,2.41696834564209e-05,2.3990869522094727e-05,2929.0,3377.5
1650480809,0.0,0.002867623,0.0,2.4110078811645508e-05,2.3931264877319336e-05,2856.0,3006.0
1650480810,0.0,0.002867623,0.0,2.4110078811645508e-05,2.3931264877319336e-05,2856.0,3006.0
1650480811,0.0,0.0026966195,0.0,2.4020671844482425e-05,2.384185791015625e-05,2724.0,2907.0
1650480812,0.0,0.0026966195,0.0,2.4020671844482425e-05,2.384185791015625e-05,2724.0,2907.0
1650480813,0.0,0.0012733495,0.0,2.3990869522094727e-05,2.3812055587768555e-05,1361.5,1436.0
1650480814,0.0,0.002922074,0.0,2.408027648925781e-05,2.390146255493164e-05,2863.0,3211.0
1650480815,0.0,0.002922074,0.0,2.408027648925781e-05,2.390146255493164e-05,2863.0,3211.0
1650480816,0.0,0.0013316085,0.0,2.41696834564209e-05,2.3990869522094727e-05,1497.5,1539.5
1650480817,0.0,0.0013316085,0.0,2.41696834564209e-05,2.3990869522094727e-05,1497.5,1539.5
1650480818,0.0,0.002638596,0.0,2.41696834564209e-05,2.3990869522094727e-05,2784.0,3516.5
1650480819,0.01,0.00420542,0.0,2.41696834564209e-05,2.3990869522094727e-05,4085.0,4309.0
1650480820,0.0,0.005289103,0.0,2.3990869522094727e-05,2.3812055587768555e-05,5578.0,5811.0
1650480821,0.0,0.002599677,0.0,2.3990869522094727e-05,2.3812055587768555e-05,2724.0,3006.0
1650480822,0.0,0.002599677,0.0,2.3990869522094727e-05,2.3812055587768555e-05,2724.0,3006.0
1650480823,0.005,0.0020370685,0.0,2.4259090423583984e-05,2.408027648925781e-05,2134.0,2246.0
1650480824,0.005,0.0020370685,0.0,2.4259090423583984e-05,2.408027648925781e-05,2134.0,2246.0
1650480825,0.0,0.000821635,0.0,2.4139881134033203e-05,2.396106719970703e-05,680.5,784.0
1650480826,0.0,0.000821635,0.0,2.4139881134033203e-05,2.396106719970703e-05,680.5,784.0
1650480827,0.0,0.0022424035,0.0,2.3990869522094727e-05,2.3812055587768555e-05,2245.0,2258.5
1650480828,0.0,0.006848745,0.01,2.428889274597168e-05,2.4110078811645508e-05,7013.0,8135.0
1650480829,0.0,0.006848745,0.01,2.428889274597168e-05,2.4110078811645508e-05,7013.0,8135.0
1650480830,0.005,0.000917787,0.0,2.3990869522094727e-05,2.3812055587768555e-05,747.0,751.0
1650480831,0.005,0.000917787,0.0,2.3990869522094727e-05,2.3812055587768555e-05,747.0,751.0
1650480832,0.0,0.0020552485,0.0,2.3990869522094727e-05,2.3812055587768555e-05,2042.5,2187.5
1650480833,0.0,0.001491461,0.0,2.4020671844482425e-05,2.384185791015625e-05,1361.0,1502.0
1650480834,0.0,0.001491461,0.0,2.4020671844482425e-05,2.384185791015625e-05,1361.0,1502.0
1650480835,0.005,0.0021773425,0.0,2.3990869522094727e-05,2.3812055587768555e-05,2043.0,2188.5
1650480836,0.005,0.0021773425,0.0,2.3990869522094727e-05,2.3812055587768555e-05,2043.0,2188.5
1650480837,0.0,0.0023273795,0.0,2.4259090423583984e-05,2.408027648925781e-05,2214.5,2393.0
1650480838,0.0,0.004282428,0.0,2.3990869522094727e-05,2.3812055587768555e-05,4350.0,7327.0
1650480839,0.0,0.002750751,0.0,2.41696834564209e-05,2.3990869522094727e-05,2863.0,3014.0
1650480840,0.0,0.002750751,0.0,2.41696834564209e-05,2.3990869522094727e-05,2863.0,3014.0
1650480841,0.0,0.0020569695,0.005,2.428889274597168e-05,2.4110078811645508e-05,2043.0,2155.5
1650480842,0.0,0.0020569695,0.005,2.428889274597168e-05,2.4110078811645508e-05,2043.0,2155.5
1650480843,0.0,0.002744679,0.0,2.4020671844482425e-05,2.384185791015625e-05,2789.5,2939.5
1650480844,0.0,0.004128062,0.0,2.4259090423583984e-05,2.408027648925781e-05,4226.0,4515.0
1650480845,0.0,0.004128062,0.0,2.4259090423583984e-05,2.408027648925781e-05,4226.0,4515.0
1650480846,0.0,0.002793078,0.0,2.41696834564209e-05,2.3990869522094727e-05,2859.5,3108.5
1650480847,0.0,0.003045003,0.0,2.41696834564209e-05,2.3990869522094727e-05,2928.0,4121.0
1650480848,0.0,0.003045003,0.0,2.41696834564209e-05,2.3990869522094727e-05,2928.0,4121.0
1650480849,0.0,0.0019731845,0.0,2.41696834564209e-05,2.3990869522094727e-05,2109.0,2253.5
1650480850,0.0,0.004096187,0.0,2.41696834564209e-05,2.3990869522094727e-05,4084.0,4373.0
1650480851,0.0,0.004096187,0.0,2.41696834564209e-05,2.3990869522094727e-05,4084.0,4373.0
1650480852,0.0,0.00064255,0.005,2.41696834564209e-05,2.3990869522094727e-05,681.0,718.5
1650480853,0.0,0.00064255,0.005,2.41696834564209e-05,2.3990869522094727e-05,681.0,718.5
1650480854,0.005,0.0027433925,0.0,2.41696834564209e-05,2.3990869522094727e-05,2859.5,2977.0
1650480855,0.0,0.005297688,0.0,2.4259090423583984e-05,2.408027648925781e-05,5447.0,5747.0
1650480856,0.0,0.005297688,0.0,2.4259090423583984e-05,2.408027648925781e-05,5447.0,5747.0
1650480857,0.0,0.001988634,0.0,2.4199485778808597e-05,2.4020671844482425e-05,2042.5,2155.5
1650480858,0.0,0.001653486,0.0,2.422928810119629e-05,2.405047416687012e-05,1361.0,2572.0
1650480859,0.0,0.007427091,0.0,2.41696834564209e-05,2.3990869522094727e-05,7145.0,7390.0
1650480860,0.0,0.002732797,0.01,2.41696834564209e-05,2.3990869522094727e-05,2724.0,2874.0
1650480861,0.0,0.002732797,0.01,2.41696834564209e-05,2.3990869522094727e-05,2724.0,2874.0
1650480862,0.005,0.0019831155,0.0,2.41696834564209e-05,2.3990869522094727e-05,2042.5,2188.0
1650480863,0.005,0.0019831155,0.0,2.41696834564209e-05,2.3990869522094727e-05,2042.5,2188.0
1650480864,0.0,0.0019988645,0.0,2.41696834564209e-05,2.3990869522094727e-05,2063.0,2208.5
1650480865,0.0,0.002628785,0.0,2.41696834564209e-05,2.3990869522094727e-05,2724.0,2872.0
1650480866,0.0,0.002628785,0.0,2.41696834564209e-05,2.3990869522094727e-05,2724.0,2872.0
1650480867,0.0,0.001407912,0.0,2.4199485778808597e-05,2.4020671844482425e-05,1362.0,1436.5
1650480868,0.0,0.001429195,0.0,2.41696834564209e-05,2.3990869522094727e-05,1362.0,2919.0
1650480869,0.0,0.004393071,0.0,2.4199485778808597e-05,2.4020671844482425e-05,4292.0,4582.0
1650480870,0.0,0.004393071,0.0,2.4199485778808597e-05,2.4020671844482425e-05,4292.0,4582.0
1650480871,0.0,0.0020090445,0.005,2.41696834564209e-05,2.3990869522094727e-05,2108.0,2155.0
1650480872,0.0,0.0020090445,0.005,2.41696834564209e-05,2.3990869522094727e-05,2108.0,2155.0
1650480873,0.0,0.001478254,0.0,2.3990869522094727e-05,2.3812055587768555e-05,1454.5,1503.0
1650480874,0.0,0.004107702,0.0,2.3990869522094727e-05,2.3812055587768555e-05,4084.0,4310.0
1650480875,0.0,0.002759978,0.0,2.3990869522094727e-05,2.3812055587768555e-05,2723.0,2872.0
1650480876,0.0,0.002759978,0.0,2.3990869522094727e-05,2.3812055587768555e-05,2723.0,2872.0
1650480877,0.0,0.0014810495,0.0,2.3990869522094727e-05,2.3812055587768555e-05,1361.5,2065.0
1650480878,0.0,0.0014810495,0.0,2.3990869522094727e-05,2.3812055587768555e-05,1361.5,2065.0
1650480879,0.0,0.0015313185,0.0,2.3990869522094727e-05,2.3812055587768555e-05,1497.5,1540.0
1650480880,0.0,0.002967882,0.0,2.3990869522094727e-05,2.3812055587768555e-05,2864.0,3211.0
1650480881,0.0,0.002967882,0.0,2.3990869522094727e-05,2.3812055587768555e-05,2864.0,3211.0
1650480882,0.005,0.0022432745,0.0,2.41696834564209e-05,2.3990869522094727e-05,2347.5,2327.5
1650480883,0.0,0.002670057,0.01,2.41696834564209e-05,2.3990869522094727e-05,2724.0,2940.0
1650480884,0.0,0.002670057,0.01,2.41696834564209e-05,2.3990869522094727e-05,2724.0,2940.0
1650480885,0.0,0.002813832,0.0,2.4110078811645508e-05,2.3931264877319336e-05,2788.5,2938.5
1650480886,0.0,0.002969648,0.0,2.428889274597168e-05,2.4110078811645508e-05,2864.0,3080.0
1650480887,0.0,0.002969648,0.0,2.428889274597168e-05,2.4110078811645508e-05,2864.0,3080.0
1650480888,0.005,0.0029225375,0.0,2.41696834564209e-05,2.3990869522094727e-05,2859.0,3943.0
1650480889,0.0,0.004147421,0.01,2.41696834564209e-05,2.3990869522094727e-05,4085.0,4308.0
1650480890,0.0,0.004147421,0.01,2.41696834564209e-05,2.3990869522094727e-05,4085.0,4308.0
1650480891,0.0,0.002941012,0.0,2.41696834564209e-05,2.3990869522094727e-05,2860.0,3075.5
1650480892,0.0,0.002941012,0.0,2.41696834564209e-05,2.3990869522094727e-05,2860.0,3075.5
1650480893,0.005,0.000682218,0.0,2.41696834564209e-05,2.3990869522094727e-05,714.0,718.5
1650480894,0.0,0.004304989,0.0,2.408027648925781e-05,2.390146255493164e-05,4216.0,4441.0
1650480895,0.0,0.004304989,0.0,2.408027648925781e-05,2.390146255493164e-05,4216.0,4441.0
1650480896,0.0,0.001410559,0.0,2.405047416687012e-05,2.3871660232543945e-05,1362.0,1437.0
1650480897,0.0,0.005506173,0.0,2.3990869522094727e-05,2.3812055587768555e-05,5444.0,8257.0
1650480898,0.0,0.005506173,0.0,2.3990869522094727e-05,2.3812055587768555e-05,5444.0,8257.0
1650480899,0.0,0.00288718,0.0,2.405047416687012e-05,2.3871660232543945e-05,2723.0,2872.5
1650480900,0.0,0.00288718,0.0,2.405047416687012e-05,2.3871660232543945e-05,2723.0,2872.5
1650480901,0.0,0.0012455035,0.0,2.3990869522094727e-05,2.3812055587768555e-05,1361.0,1437.0
1650480902,0.0,0.003051975,0.0,2.4020671844482425e-05,2.384185791015625e-05,2864.0,3212.0
1650480903,0.0,0.004004286,0.0,2.3990869522094727e-05,2.3812055587768555e-05,4326.0,4352.0
1650480904,0.0,0.004004286,0.0,2.3990869522094727e-05,2.3812055587768555e-05,4326.0,4352.0
1650480905,0.0,0.0020397535,0.0,2.41696834564209e-05,2.3990869522094727e-05,2112.5,2225.5
1650480906,0.0,0.004149228,0.01,2.3990869522094727e-05,2.3812055587768555e-05,4218.0,4443.0
1650480907,0.01,0.003018034,0.0,2.3990869522094727e-05,2.3812055587768555e-05,2723.0,4863.0
1650480908,0.01,0.003018034,0.0,2.3990869522094727e-05,2.3812055587768555e-05,2723.0,4863.0
1650480909,0.0,0.00207432,0.0,2.3990869522094727e-05,2.3812055587768555e-05,2042.5,2155.0
1650480910,0.0,0.00207432,0.0,2.3990869522094727e-05,2.3812055587768555e-05,2042.5,2155.0
1650480911,0.0,0.001956299,0.0,2.3990869522094727e-05,2.3812055587768555e-05,2042.5,2188.0
1650480912,0.0,0.004382595,0.0,2.3812055587768555e-05,2.3633241653442383e-05,4217.0,4509.0
1650480913,0.0,0.004382595,0.0,2.3812055587768555e-05,2.3633241653442383e-05,4217.0,4509.0
1650480914,0.0,0.002294604,0.0,2.3812055587768555e-05,2.3633241653442383e-05,2178.5,2225.0
1650480915,0.0,0.001302009,0.0,2.384185791015625e-05,2.366304397583008e-05,1427.0,1436.0
1650480916,0.0,0.001302009,0.0,2.384185791015625e-05,2.366304397583008e-05,1427.0,1436.0
1650480917,0.005,0.0019280805,0.0,2.3812055587768555e-05,2.3633241653442383e-05,2043.0,2155.5
1650480918,0.0,0.003084238,0.0,2.366304397583008e-05,2.3484230041503903e-05,2910.0,5345.0
1650480919,0.01,0.00447827,0.0,2.390146255493164e-05,2.372264862060547e-05,4225.0,4450.0
1650480920,0.01,0.00447827,0.0,2.390146255493164e-05,2.372264862060547e-05,4225.0,4450.0
1650480921,0.0,0.0021056965,0.0,2.5898218154907227e-05,2.571940422058105e-05,2112.5,2224.5
1650480922,0.0,0.002870316,0.0,2.408027648925781e-05,2.390146255493164e-05,2724.0,2940.0
1650480923,0.0,0.002870316,0.0,2.408027648925781e-05,2.390146255493164e-05,2724.0,2940.0
1650480924,0.0,0.0022643555,0.0,2.3990869522094727e-05,2.3812055587768555e-05,2145.5,2291.0
1650480925,0.0,0.0022643555,0.0,2.3990869522094727e-05,2.3812055587768555e-05,2145.5,2291.0
1650480926,0.0,0.0014519315,0.0,2.3990869522094727e-05,2.3812055587768555e-05,1427.0,1436.0
1650480927,0.01,0.007221745,0.01,2.4259090423583984e-05,2.408027648925781e-05,6950.0,8873.0
1650480928,0.01,0.007221745,0.01,2.4259090423583984e-05,2.408027648925781e-05,6950.0,8873.0
1650480929,0.0,0.002814809,0.0,2.4199485778808597e-05,2.4020671844482425e-05,2723.5,2939.5
1650480930,0.0,0.002814809,0.0,2.4199485778808597e-05,2.4020671844482425e-05,2723.5,2939.5
1650480931,0.0,0.0032791635,0.0,2.41696834564209e-05,2.3990869522094727e-05,3403.0,3591.5
1650480932,0.0,0.0032791635,0.0,2.41696834564209e-05,2.3990869522094727e-05,3403.0,3591.5
1650480933,0.0,0.0013399305,0.0,2.41696834564209e-05,2.3990869522094727e-05,1361.5,1436.0
1650480934,0.0,0.002773083,0.0,2.4259090423583984e-05,2.408027648925781e-05,2723.0,3004.0
1650480935,0.0,0.002894809,0.0,2.41696834564209e-05,2.3990869522094727e-05,2928.0,3079.0
1650480936,0.0,0.00262149,0.0,2.41696834564209e-05,2.3990869522094727e-05,2856.0,2940.0
1650480937,0.0,0.00262149,0.0,2.41696834564209e-05,2.3990869522094727e-05,2856.0,2940.0
1650480938,0.0,0.0008685165,0.0,2.41696834564209e-05,2.3990869522094727e-05,681.0,1493.5
1650480939,0.01,0.008622514,0.01,2.4259090423583984e-05,2.408027648925781e-05,8444.0,8893.0
1650480940,0.01,0.008622514,0.01,2.4259090423583984e-05,2.408027648925781e-05,8444.0,8893.0
1650480941,0.0,0.001604773,0.0,2.4020671844482425e-05,2.384185791015625e-05,1428.0,1470.0
1650480942,0.0,0.001604773,0.0,2.4020671844482425e-05,2.384185791015625e-05,1428.0,1470.0
1650480943,0.005,0.002851558,0.0,2.4199485778808597e-05,2.4020671844482425e-05,2813.0,3028.5
1650480944,0.0,0.002558251,0.0,2.41696834564209e-05,2.3990869522094727e-05,2724.0,3006.0
1650480945,0.0,0.003045924,0.01,2.396106719970703e-05,2.378225326538086e-05,2856.0,3138.0
1650480946,0.0,0.003103816,0.0,2.3990869522094727e-05,2.3812055587768555e-05,2930.0,3079.0
1650480947,0.0,0.003103816,0.0,2.3990869522094727e-05,2.3812055587768555e-05,2930.0,3079.0
1650480948,0.0,0.0014378165,0.0,2.3990869522094727e-05,2.3812055587768555e-05,1428.0,2738.5
1650480949,0.0,0.004075411,0.0,2.41696834564209e-05,2.3990869522094727e-05,4292.0,4569.0
1650480950,0.0,0.004075411,0.0,2.41696834564209e-05,2.3990869522094727e-05,4292.0,4569.0
1650480951,0.0,0.0013006935,0.0,2.41696834564209e-05,2.3990869522094727e-05,1361.5,1437.0
1650480952,0.0,0.0013006935,0.0,2.41696834564209e-05,2.3990869522094727e-05,1361.5,1437.0
1650480953,0.0,0.0021776015,0.0,2.3990869522094727e-05,2.3812055587768555e-05,2135.0,2253.0
1650480954,0.0,0.004158314,0.01,2.3990869522094727e-05,2.3812055587768555e-05,4086.0,4377.0
1650480955,0.0,0.004158314,0.01,2.3990869522094727e-05,2.3812055587768555e-05,4086.0,4377.0
1650480956,0.0,0.0026270395,0.0,2.4139881134033203e-05,2.396106719970703e-05,2794.0,3042.5
1650480957,0.0,0.006284089,0.0,2.408027648925781e-05,2.390146255493164e-05,5972.0,7761.0
1650480958,0.0,0.006284089,0.0,2.408027648925781e-05,2.390146255493164e-05,5972.0,7761.0
1650480959,0.005,0.0014677665,0.005,2.41696834564209e-05,2.3990869522094727e-05,1432.0,1507.0
1650480960,0.005,0.0014677665,0.005,2.41696834564209e-05,2.3990869522094727e-05,1432.0,1507.0
1650480961,0.0,0.002004851,0.0,2.41696834564209e-05,2.3990869522094727e-05,2041.5,2155.0
1650480962,0.0,0.002919568,0.0,2.41696834564209e-05,2.3990869522094727e-05,2723.0,2873.0
1650480963,0.0,0.002548649,0.0,2.4259090423583984e-05,2.408027648925781e-05,2723.0,2873.0
1650480964,0.0,0.002548649,0.0,2.4259090423583984e-05,2.408027648925781e-05,2723.0,2873.0
1650480965,0.0,0.002226025,0.0,2.4199485778808597e-05,2.4020671844482425e-05,2179.0,2291.5
1650480966,0.0,0.002226025,0.0,2.4199485778808597e-05,2.4020671844482425e-05,2179.0,2291.5
1650480967,0.0,0.00203477,0.0,2.41696834564209e-05,2.3990869522094727e-05,2042.5,2187.5
1650480968,0.0,0.004689796,0.01,2.3990869522094727e-05,2.3812055587768555e-05,4423.0,6674.0
1650480969,0.0,0.004689796,0.01,2.3990869522094727e-05,2.3812055587768555e-05,4423.0,6674.0
1650480970,0.005,0.001374865,0.0,2.3990869522094727e-05,2.3812055587768555e-05,1427.5,1436.0
1650480971,0.0,0.004216198,0.0,2.41696834564209e-05,2.3990869522094727e-05,4280.0,4649.0
1650480972,0.0,0.004216198,0.0,2.41696834564209e-05,2.3990869522094727e-05,4280.0,4649.0
1650480973,0.0,0.001367808,0.0,2.4259090423583984e-05,2.408027648925781e-05,1382.5,1490.5
1650480974,0.0,0.002867299,0.0,2.3990869522094727e-05,2.3812055587768555e-05,2856.0,2940.0
1650480975,0.0,0.002867299,0.0,2.3990869522094727e-05,2.3812055587768555e-05,2856.0,2940.0
1650480976,0.0,0.00207583,0.0,2.41696834564209e-05,2.3990869522094727e-05,2112.5,2224.5
1650480977,0.0,0.00207583,0.0,2.41696834564209e-05,2.3990869522094727e-05,2112.5,2224.5
1650480978,0.0,0.0020701155,0.0,2.41696834564209e-05,2.3990869522094727e-05,2043.0,3053.5
1650480979,0.0,0.003239286,0.01,2.41696834564209e-05,2.3990869522094727e-05,2863.0,3212.0
1650480980,0.0,0.001284071,0.0,2.41696834564209e-05,2.3990869522094727e-05,1428.0,1502.0
1650480981,0.0,0.001284071,0.0,2.41696834564209e-05,2.3990869522094727e-05,1428.0,1502.0
1650480982,0.0,0.003670769,0.0,2.41696834564209e-05,2.3990869522094727e-05,3632.5,3794.5
1650480983,0.0,0.003670769,0.0,2.41696834564209e-05,2.3990869522094727e-05,3632.5,3794.5
1650480984,0.005,0.0015145855,0.0,2.41696834564209e-05,2.3990869522094727e-05,1388.0,1468.0
1650480985,0.0,0.001583956,0.01,2.3990869522094727e-05,2.3812055587768555e-05,1494.0,1503.0
1650480986,0.0,0.004089356,0.0,2.3990869522094727e-05,2.3812055587768555e-05,4085.0,4309.0
1650480987,0.0,0.004089356,0.0,2.3990869522094727e-05,2.3812055587768555e-05,4085.0,4309.0
1650480988,0.0,0.001450621,0.0,2.4020671844482425e-05,2.384185791015625e-05,1359.5,2728.5
1650480989,0.0,0.004149081,0.0,2.3990869522094727e-05,2.3812055587768555e-05,4085.0,4442.0
1650480990,0.0,0.004149081,0.0,2.3990869522094727e-05,2.3812055587768555e-05,4085.0,4442.0
1650480991,0.005,0.002267068,0.0,2.3990869522094727e-05,2.3812055587768555e-05,2179.0,2258.5
1650480992,0.0,0.006225908,0.0,2.390146255493164e-05,2.372264862060547e-05,5916.0,6018.0
1650480993,0.0,0.006225908,0.0,2.390146255493164e-05,2.372264862060547e-05,5916.0,6018.0
1650480994,0.0,0.0027231335,0.0,2.3812055587768555e-05,2.3633241653442383e-05,2723.5,2874.0
1650480995,0.0,0.002557903,0.01,2.384185791015625e-05,2.366304397583008e-05,2724.0,2873.0
1650480996,0.0,0.002557903,0.01,2.384185791015625e-05,2.366304397583008e-05,2724.0,2873.0
1650480997,0.0,0.001369429,0.0,2.3990869522094727e-05,2.3812055587768555e-05,1431.0,1506.0
1650480998,0.0,0.001369429,0.0,2.3990869522094727e-05,2.3812055587768555e-05,1431.0,1506.0
1650480999,0.0,0.003571216,0.005,2.41696834564209e-05,2.3990869522094727e-05,3473.5,4754.5
1650481000,0.0,0.003571216,0.005,2.41696834564209e-05,2.3990869522094727e-05,3473.5,4754.5
1650481001,0.0,0.0022000875,0.0,2.41696834564209e-05,2.3990869522094727e-05,2112.5,2323.5
1650481002,0.0,0.0022000875,0.0,2.41696834564209e-05,2.3990869522094727e-05,2112.5,2323.5
1650481003,0.005,0.002096691,0.0,2.41696834564209e-05,2.3990869522094727e-05,2141.0,2220.5
1650481004,0.0,0.004274827,0.0,2.3990869522094727e-05,2.3812055587768555e-05,4271.0,4506.0
1650481005,0.0,0.004274827,0.0,2.3990869522094727e-05,2.3812055587768555e-05,4271.0,4506.0
1650481006,0.0,0.001441418,0.0,2.3812055587768555e-05,2.3633241653442383e-05,1428.0,1503.0
1650481007,0.0,0.002622428,0.0,2.3812055587768555e-05,2.3633241653442383e-05,2722.0,4808.0
1650481008,0.0,0.002622428,0.0,2.3812055587768555e-05,2.3633241653442383e-05,2722.0,4808.0
1650481009,0.0,0.0022663825,0.0,2.3812055587768555e-05,2.3633241653442383e-05,2179.0,2291.0
1650481010,0.01,0.001626713,0.0,2.3990869522094727e-05,2.3812055587768555e-05,1502.0,1576.0
1650481011,0.0,0.007002733,0.0,2.3990869522094727e-05,2.3812055587768555e-05,6863.0,7578.0
1650481012,0.0,0.007002733,0.0,2.3990869522094727e-05,2.3812055587768555e-05,6863.0,7578.0
1650481013,0.005,0.003086198,0.005,2.3990869522094727e-05,2.3812055587768555e-05,2913.5,2997.5
1650481014,0.0,0.004067931,0.0,2.3990869522094727e-05,2.3812055587768555e-05,4086.0,4442.0
1650481015,0.0,0.004067931,0.0,2.3990869522094727e-05,2.3812055587768555e-05,4086.0,4442.0
1650481016,0.0,0.0013819895,0.0,2.3990869522094727e-05,2.3812055587768555e-05,1362.0,1437.0
1650481017,0.01,0.004094659,0.0,2.3990869522094727e-05,2.3812055587768555e-05,4086.0,6551.0
1650481018,0.01,0.004094659,0.0,2.3990869522094727e-05,2.3812055587768555e-05,4086.0,6551.0
1650481019,0.0,0.000630846,0.0,2.3990869522094727e-05,2.3812055587768555e-05,681.0,718.5
1650481020,0.0,0.00300558,0.0,2.3812055587768555e-05,2.3633241653442383e-05,2856.0,2940.0
1650481021,0.01,0.004579461,0.01,2.3990869522094727e-05,2.3812055587768555e-05,4498.0,4657.0
1650481022,0.01,0.004579461,0.01,2.3990869522094727e-05,2.3812055587768555e-05,4498.0,4657.0
1650481023,0.0,0.0015155525,0.0,2.3990869522094727e-05,2.3812055587768555e-05,1431.5,1639.0
1650481024,0.0,0.004254187,0.01,2.3990869522094727e-05,2.3812055587768555e-05,4283.0,4441.0
1650481025,0.0,0.004258229,0.0,2.4110078811645508e-05,2.3931264877319336e-05,4085.0,4376.0
1650481026,0.0,0.004258229,0.0,2.4110078811645508e-05,2.3931264877319336e-05,4085.0,4376.0
1650481027,0.005,0.001533893,0.0,2.41696834564209e-05,2.3990869522094727e-05,1431.5,2373.5
1650481028,0.005,0.001533893,0.0,2.41696834564209e-05,2.3990869522094727e-05,1431.5,2373.5
1650481029,0.0,0.001378403,0.005,2.41696834564209e-05,2.3990869522094727e-05,1362.0,1470.0
1650481030,0.0,0.003057078,0.0,2.3990869522094727e-05,2.3812055587768555e-05,3128.0,3146.0
1650481031,0.0,0.003057078,0.0,2.3990869522094727e-05,2.3812055587768555e-05,3128.0,3146.0
1650481032,0.0,0.002043613,0.0,2.41696834564209e-05,2.3990869522094727e-05,2113.0,2258.5
1650481033,0.0,0.002708691,0.0,2.4139881134033203e-05,2.396106719970703e-05,2724.0,3138.0
1650481034,0.0,0.002708691,0.0,2.4139881134033203e-05,2.396106719970703e-05,2724.0,3138.0
1650481035,0.005,0.002862397,0.0,2.41696834564209e-05,2.3990869522094727e-05,2918.5,2975.5
1650481036,0.005,0.002862397,0.0,2.41696834564209e-05,2.3990869522094727e-05,2918.5,2975.5
1650481037,0.0,0.0013536015,0.0,2.4259090423583984e-05,2.408027648925781e-05,1361.0,1435.0
1650481038,0.01,0.001452537,0.0,2.41696834564209e-05,2.3990869522094727e-05,1362.0,2960.0
1650481039,0.01,0.001452537,0.0,2.41696834564209e-05,2.3990869522094727e-05,1362.0,2960.0
1650481040,0.0,0.001473223,0.0,2.3990869522094727e-05,2.3812055587768555e-05,1428.0,1503.0
1650481041,0.01,0.004463472,0.0,2.3812055587768555e-05,2.3633241653442383e-05,4216.0,4375.0
1650481042,0.0,0.002918042,0.0,2.3990869522094727e-05,2.3812055587768555e-05,2959.0,3121.0
1650481043,0.0,0.002918042,0.0,2.3990869522094727e-05,2.3812055587768555e-05,2959.0,3121.0
1650481044,0.0,0.001509477,0.0,2.3812055587768555e-05,2.3633241653442383e-05,1428.0,1470.0
1650481045,0.0,0.005858289,0.0,2.3990869522094727e-05,2.3812055587768555e-05,4757.0,5059.0
1650481046,0.0,0.005858289,0.0,2.3990869522094727e-05,2.3812055587768555e-05,4757.0,5059.0
1650481047,0.0,0.00231549,0.0,2.4020671844482425e-05,2.384185791015625e-05,2109.0,2188.5
1650481048,0.0,0.006499125,0.0,2.4020671844482425e-05,2.384185791015625e-05,5579.0,7526.0
1650481049,0.0,0.006499125,0.0,2.4020671844482425e-05,2.384185791015625e-05,5579.0,7526.0
1650481050,0.005,0.0047398455,0.0,2.3990869522094727e-05,2.3812055587768555e-05,4836.5,5197.0
1650481051,0.005,0.0047398455,0.0,2.3990869522094727e-05,2.3812055587768555e-05,4836.5,5197.0
1650481052,0.0,0.0008165295,0.0,2.3990869522094727e-05,2.3812055587768555e-05,681.0,718.5
1650481053,0.0,0.0008165295,0.0,2.3990869522094727e-05,2.3812055587768555e-05,681.0,718.5
1650481054,0.005,0.002839706,0.0,2.4199485778808597e-05,2.4020671844482425e-05,2793.5,3009.5
1650481055,0.005,0.002839706,0.0,2.4199485778808597e-05,2.4020671844482425e-05,2793.5,3009.5
1650481056,0.0,0.0019498135,0.0,2.4139881134033203e-05,2.396106719970703e-05,2041.0,2286.5
1650481057,0.0,0.006121299,0.0,2.41696834564209e-05,2.3990869522094727e-05,5783.0,9084.0
1650481058,0.0,0.006121299,0.0,2.41696834564209e-05,2.3990869522094727e-05,5783.0,9084.0
1650481059,0.0,0.0020167175,0.0,2.41696834564209e-05,2.3990869522094727e-05,2042.5,2187.5
1650481060,0.0,0.001275138,0.0,2.41696834564209e-05,2.3990869522094727e-05,1362.0,1437.0
1650481061,0.0,0.001302743,0.0,2.41696834564209e-05,2.3990869522094727e-05,1361.0,1437.0
1650481062,0.01,0.004038809,0.0,2.41696834564209e-05,2.3990869522094727e-05,4086.0,4310.0
1650481063,0.01,0.004038809,0.0,2.41696834564209e-05,2.3990869522094727e-05,4086.0,4310.0
1650481064,0.0,0.004095575,0.0,2.41696834564209e-05,2.3990869522094727e-05,4084.5,4310.5
1650481065,0.0,0.004095575,0.0,2.41696834564209e-05,2.3990869522094727e-05,4084.5,4310.5
1650481066,0.0,0.0020761485,0.0,2.4199485778808597e-05,2.4020671844482425e-05,2041.5,2155.0
1650481067,0.0,0.0020761485,0.0,2.4199485778808597e-05,2.4020671844482425e-05,2041.5,2155.0
1650481068,0.005,0.0024040675,0.0,2.3990869522094727e-05,2.3812055587768555e-05,2211.5,3209.5
1650481069,0.0,0.002659981,0.0,2.4110078811645508e-05,2.3931264877319336e-05,2854.0,2873.0
1650481070,0.0,0.001314064,0.0,2.408027648925781e-05,2.390146255493164e-05,1362.0,1434.0
1650481071,0.0,0.001314064,0.0,2.408027648925781e-05,2.390146255493164e-05,1362.0,1434.0
1650481072,0.0,0.003319945,0.0,2.3990869522094727e-05,2.3812055587768555e-05,3405.0,3592.5
1650481073,0.0,0.001542727,0.0,2.384185791015625e-05,2.366304397583008e-05,1494.0,1503.0
1650481074,0.0,0.002555268,0.0,2.3812055587768555e-05,2.3633241653442383e-05,2722.0,2874.0
1650481075,0.0,0.002555268,0.0,2.3812055587768555e-05,2.3633241653442383e-05,2722.0,2874.0
1650481076,0.0,0.0021135815,0.0,2.390146255493164e-05,2.372264862060547e-05,2042.5,2155.0
1650481077,0.0,0.0021135815,0.0,2.390146255493164e-05,2.372264862060547e-05,2042.5,2155.0
1650481078,0.0,0.0014160405,0.0,2.3812055587768555e-05,2.3633241653442383e-05,1362.0,1955.5
1650481079,0.0,0.001345363,0.0,2.3812055587768555e-05,2.3633241653442383e-05,1360.0,1567.0
1650481080,0.01,0.004360759,0.0,2.3990869522094727e-05,2.3812055587768555e-05,4497.0,4590.0
1650481081,0.0,0.004245357,0.01,2.41696834564209e-05,2.3990869522094727e-05,4290.0,4447.0
1650481082,0.0,0.004245357,0.01,2.41696834564209e-05,2.3990869522094727e-05,4290.0,4447.0
1650481083,0.005,0.0029851315,0.0,2.41696834564209e-05,2.3990869522094727e-05,3003.5,3237.5
1650481084,0.005,0.0029851315,0.0,2.41696834564209e-05,2.3990869522094727e-05,3003.5,3237.5
1650481085,0.0,0.003244206,0.0,2.41696834564209e-05,2.3990869522094727e-05,3144.0,3345.0
1650481086,0.0,0.003244206,0.0,2.41696834564209e-05,2.3990869522094727e-05,3144.0,3345.0
1650481087,0.0,0.002743399,0.0,2.4199485778808597e-05,2.4020671844482425e-05,2860.0,4113.5
1650481088,0.0,0.002743399,0.0,2.4199485778808597e-05,2.4020671844482425e-05,2860.0,4113.5
1650481089,0.0,0.0006593365,0.0,2.41696834564209e-05,2.3990869522094727e-05,681.0,718.0
1650481090,0.0,0.00717625,0.0,2.3990869522094727e-05,2.3812055587768555e-05,7147.0,7720.0
1650481091,0.0,0.00717625,0.0,2.3990869522094727e-05,2.3812055587768555e-05,7147.0,7720.0
1650481092,0.0,0.001472428,0.0,2.3990869522094727e-05,2.3812055587768555e-05,1564.0,1540.0
1650481093,0.0,0.001472428,0.0,2.3990869522094727e-05,2.3812055587768555e-05,1564.0,1540.0
1650481094,0.005,0.0020167895,0.0,2.3990869522094727e-05,2.3812055587768555e-05,2042.0,2154.5
1650481095,0.005,0.0020167895,0.0,2.3990869522094727e-05,2.3812055587768555e-05,2042.0,2154.5
1650481096,0.0,0.0020599275,0.0,2.41696834564209e-05,2.3990869522094727e-05,2112.5,2258.0
1650481097,0.0,0.001889404,0.0,2.3990869522094727e-05,2.3812055587768555e-05,1493.0,2974.0
1650481098,0.0,0.001889404,0.0,2.3990869522094727e-05,2.3812055587768555e-05,1493.0,2974.0
1650481099,0.0,0.0014841775,0.0,2.3990869522094727e-05,2.3812055587768555e-05,1498.0,1540.0
1650481100,0.0,0.0014841775,0.0,2.3990869522094727e-05,2.3812055587768555e-05,1498.0,1540.0
1650481101,0.005,0.004337623,0.0,2.3990869522094727e-05,2.3812055587768555e-05,4188.0,4545.0
1650481102,0.0,0.001346526,0.0,2.405047416687012e-05,2.3871660232543945e-05,1428.0,1436.0
1650481103,0.0,0.001346526,0.0,2.405047416687012e-05,2.3871660232543945e-05,1428.0,1436.0
1650481104,0.005,0.002139635,0.0,2.3812055587768555e-05,2.3633241653442383e-05,2142.0,2221.5
1650481105,0.0,0.002707895,0.0,2.390146255493164e-05,2.372264862060547e-05,2778.0,2940.0
1650481106,0.0,0.003107181,0.0,2.384185791015625e-05,2.366304397583008e-05,2994.0,3078.0
1650481107,0.0,0.001577158,0.0,2.384185791015625e-05,2.366304397583008e-05,1361.0,2505.0
1650481108,0.0,0.001577158,0.0,2.384185791015625e-05,2.366304397583008e-05,1361.0,2505.0
1650481109,0.0,0.003647933,0.005,2.408027648925781e-05,2.390146255493164e-05,3473.0,3661.0
1650481110,0.0,0.003647933,0.005,2.408027648925781e-05,2.390146255493164e-05,3473.0,3661.0
1650481111,0.005,0.001361674,0.0,2.3990869522094727e-05,2.3812055587768555e-05,1361.5,1470.0
1650481112,0.01,0.005767211,0.0,2.41696834564209e-05,2.3990869522094727e-05,5902.0,6267.0
1650481113,0.01,0.005767211,0.0,2.41696834564209e-05,2.3990869522094727e-05,5902.0,6267.0
1650481114,0.0,0.0021500875,0.0,2.405047416687012e-05,2.3871660232543945e-05,2142.0,2254.0
1650481115,0.0,0.003949167,0.0,2.3990869522094727e-05,2.3812055587768555e-05,4086.0,4374.0
1650481116,0.0,0.003949167,0.0,2.3990869522094727e-05,2.3812055587768555e-05,4086.0,4374.0
1650481117,0.0,0.0026737175,0.0,2.3990869522094727e-05,2.3812055587768555e-05,2722.5,2873.5
1650481118,0.0,0.002783937,0.0,2.3990869522094727e-05,2.3812055587768555e-05,2723.0,4853.0
1650481119,0.0,0.00282745,0.0,2.4020671844482425e-05,2.384185791015625e-05,2722.0,2871.0
1650481120,0.0,0.00282745,0.0,2.4020671844482425e-05,2.384185791015625e-05,2722.0,2871.0
1650481121,0.0,0.0028393625,0.0,2.3990869522094727e-05,2.3812055587768555e-05,2723.5,2905.5
1650481122,0.0,0.0028393625,0.0,2.3990869522094727e-05,2.3812055587768555e-05,2723.5,2905.5
1650481123,0.005,0.0016661055,0.0,2.41696834564209e-05,2.3990869522094727e-05,1502.0,1643.0
1650481124,0.0,0.00402909,0.01,2.41696834564209e-05,2.3990869522094727e-05,4337.0,4376.0
1650481125,0.0,0.003022268,0.0,2.3990869522094727e-05,2.3812055587768555e-05,2855.0,3005.0
1650481126,0.0,0.003022268,0.0,2.3990869522094727e-05,2.3812055587768555e-05,2855.0,3005.0
1650481127,0.0,0.0014085925,0.0,2.3812055587768555e-05,2.3633241653442383e-05,1428.0,1470.0
1650481128,0.0,0.002881824,0.0,2.3812055587768555e-05,2.3633241653442383e-05,2723.0,4831.0
1650481129,0.0,0.002881824,0.0,2.3812055587768555e-05,2.3633241653442383e-05,2723.0,4831.0
1650481130,0.0,0.002729866,0.0,2.3990869522094727e-05,2.3812055587768555e-05,2821.0,3010.0
1650481131,0.0,0.002729866,0.0,2.3990869522094727e-05,2.3812055587768555e-05,2821.0,3010.0
1650481132,0.005,0.002829275,0.0,2.4199485778808597e-05,2.4020671844482425e-05,2792.5,2976.0
1650481133,0.0,0.004300188,0.0,2.4020671844482425e-05,2.384185791015625e-05,4271.0,4574.0
1650481134,0.0,0.004300188,0.0,2.4020671844482425e-05,2.384185791015625e-05,4271.0,4574.0
1650481135,0.0,0.0028645935,0.005,2.3990869522094727e-05,2.3812055587768555e-05,2919.0,3042.0
1650481136,0.0,0.0028645935,0.005,2.3990869522094727e-05,2.3812055587768555e-05,2919.0,3042.0
1650481137,0.0,0.0014574875,0.0,2.41696834564209e-05,2.3990869522094727e-05,1458.0,1539.5
1650481138,0.01,0.00283094,0.0,2.41696834564209e-05,2.3990869522094727e-05,2722.0,4429.0
1650481139,0.0,0.00147371,0.0,2.41696834564209e-05,2.3990869522094727e-05,1360.0,1436.0
1650481140,0.0,0.00147371,0.0,2.41696834564209e-05,2.3990869522094727e-05,1360.0,1436.0
1650481141,0.0,0.002768205,0.0,2.41696834564209e-05,2.3990869522094727e-05,2789.5,2972.0
1650481142,0.0,0.002779151,0.0,2.41696834564209e-05,2.3990869522094727e-05,2906.0,3055.0
1650481143,0.0,0.002706545,0.0,2.41696834564209e-05,2.3990869522094727e-05,2724.0,2874.0
1650481144,0.0,0.002706545,0.0,2.41696834564209e-05,2.3990869522094727e-05,2724.0,2874.0
1650481145,0.0,0.0021101075,0.0,2.422928810119629e-05,2.405047416687012e-05,2112.5,2323.5
1650481146,0.0,0.0021101075,0.0,2.422928810119629e-05,2.405047416687012e-05,2112.5,2323.5
1650481147,0.0,0.002763934,0.0,2.41696834564209e-05,2.3990869522094727e-05,2822.5,3643.5
1650481148,0.0,0.002532311,0.0,2.41696834564209e-05,2.3990869522094727e-05,2722.0,3006.0
1650481149,0.0,0.002532311,0.0,2.41696834564209e-05,2.3990869522094727e-05,2722.0,3006.0
1650481150,0.005,0.0012836635,0.0,2.41696834564209e-05,2.3990869522094727e-05,1361.5,1436.5
1650481151,0.0,0.004070022,0.0,2.41696834564209e-05,2.3990869522094727e-05,4086.0,4310.0
1650481152,0.0,0.002637987,0.0,2.4259090423583984e-05,2.408027648925781e-05,2724.0,2872.0
1650481153,0.0,0.002637987,0.0,2.4259090423583984e-05,2.408027648925781e-05,2724.0,2872.0
1650481154,0.005,0.002902803,0.005,2.3990869522094727e-05,2.3812055587768555e-05,2951.5,3042.5
1650481155,0.005,0.002902803,0.005,2.3990869522094727e-05,2.3812055587768555e-05,2951.5,3042.5
1650481156,0.0,0.002698467,0.0,2.41696834564209e-05,2.3990869522094727e-05,2793.5,3042.5
1650481157,0.0,0.004506189,0.0,2.41696834564209e-05,2.3990869522094727e-05,4411.0,6277.0
1650481158,0.0,0.004506189,0.0,2.41696834564209e-05,2.3990869522094727e-05,4411.0,6277.0
1650481159,0.0,0.002133064,0.0,2.41696834564209e-05,2.3990869522094727e-05,2075.5,2220.0
1650481160,0.0,0.001279365,0.01,2.41696834564209e-05,2.3990869522094727e-05,1361.0,1502.0
1650481161,0.0,0.002721065,0.0,2.4259090423583984e-05,2.408027648925781e-05,2722.0,2938.0
1650481162,0.01,0.001498597,0.0,2.41696834564209e-05,2.3990869522094727e-05,1494.0,1569.0
1650481163,0.01,0.001498597,0.0,2.41696834564209e-05,2.3990869522094727e-05,1494.0,1569.0
1650481164,0.0,0.0028127195,0.005,2.3990869522094727e-05,2.3812055587768555e-05,2721.5,2871.5
1650481165,0.0,0.00722435,0.0,2.4110078811645508e-05,2.3931264877319336e-05,7081.0,7390.0
1650481166,0.0,0.00132554,0.0,2.396106719970703e-05,2.378225326538086e-05,1362.0,1569.0
1650481167,0.0,0.00132554,0.0,2.396106719970703e-05,2.378225326538086e-05,1362.0,1569.0
1650481168,0.0,0.001674481,0.0,2.41696834564209e-05,2.3990869522094727e-05,1534.5,2702.0
1650481169,0.0,0.002900254,0.0,2.41696834564209e-05,2.3990869522094727e-05,2855.0,2874.0
1650481170,0.0,0.002900254,0.0,2.41696834564209e-05,2.3990869522094727e-05,2855.0,2874.0
1650481171,0.0,0.0029399495,0.0,2.41696834564209e-05,2.3990869522094727e-05,2724.0,2872.5
1650481172,0.0,0.004715505,0.0,2.41696834564209e-05,2.3990869522094727e-05,4083.0,4310.0
1650481173,0.0,0.002703943,0.0,2.41696834564209e-05,2.3990869522094727e-05,2723.0,2938.0
1650481174,0.0,0.001511976,0.0,2.41696834564209e-05,2.3990869522094727e-05,1493.0,1502.0
1650481175,0.0,0.001623955,0.0,2.4020671844482425e-05,2.384185791015625e-05,1416.0,1503.0
1650481176,0.0,0.002636717,0.0,2.3990869522094727e-05,2.3812055587768555e-05,2724.0,2874.0
1650481177,0.0,0.002636717,0.0,2.3990869522094727e-05,2.3812055587768555e-05,2724.0,2874.0
1650481178,0.0,0.000714687,0.0,2.3990869522094727e-05,2.3812055587768555e-05,680.5,2005.0
1650481179,0.01,0.004732841,0.0,2.408027648925781e-05,2.390146255493164e-05,4563.0,4854.0
1650481180,0.01,0.004732841,0.0,2.408027648925781e-05,2.390146255493164e-05,4563.0,4854.0
1650481181,0.0,0.000771771,0.0,2.41696834564209e-05,2.3990869522094727e-05,784.0,788.5
1650481182,0.0,0.000771771,0.0,2.41696834564209e-05,2.3990869522094727e-05,784.0,788.5
1650481183,0.0,0.002218761,0.0,2.3990869522094727e-05,2.3812055587768555e-05,2163.0,2209.5
1650481184,0.0,0.002218761,0.0,2.3990869522094727e-05,2.3812055587768555e-05,2163.0,2209.5
1650481185,0.0,0.0021582335,0.005,2.3990869522094727e-05,2.3812055587768555e-05,2042.5,2155.0
1650481186,0.0,0.002814721,0.0,2.3990869522094727e-05,2.3812055587768555e-05,2724.0,2940.0
1650481187,0.0,0.004162181,0.01,2.408027648925781e-05,2.390146255493164e-05,4084.0,6395.0
1650481188,0.01,0.001267468,0.0,2.3990869522094727e-05,2.3812055587768555e-05,1361.0,1436.0
1650481189,0.01,0.001267468,0.0,2.3990869522094727e-05,2.3812055587768555e-05,1361.0,1436.0
1650481190,0.0,0.002138705,0.0,2.408027648925781e-05,2.390146255493164e-05,2146.0,2324.0
1650481191,0.0,0.002842687,0.0,2.390146255493164e-05,2.372264862060547e-05,2988.0,3006.0
1650481192,0.0,0.002823782,0.0,2.3990869522094727e-05,2.3812055587768555e-05,2864.0,3014.0
1650481193,0.0,0.002823782,0.0,2.3990869522094727e-05,2.3812055587768555e-05,2864.0,3014.0
1650481194,0.0,0.0022694535,0.0,2.3990869522094727e-05,2.3812055587768555e-05,2177.5,2257.5
1650481195,0.0,0.002910003,0.0,2.41696834564209e-05,2.3990869522094727e-05,2862.0,3013.0
1650481196,0.0,0.002910003,0.0,2.41696834564209e-05,2.3990869522094727e-05,2862.0,3013.0
1650481197,0.005,0.0020465735,0.0,2.4199485778808597e-05,2.4020671844482425e-05,2097.0,2287.5
1650481198,0.0,0.004174902,0.0,2.41696834564209e-05,2.3990869522094727e-05,4085.0,5603.0
1650481199,0.0,0.004174902,0.0,2.41696834564209e-05,2.3990869522094727e-05,4085.0,5603.0
1650481200,0.0,0.002245077,0.0,2.41696834564209e-05,2.3990869522094727e-05,2112.5,2357.0
1650481201,0.01,0.004682275,0.01,2.4199485778808597e-05,2.4020671844482425e-05,4282.0,4308.0
1650481202,0.01,0.004682275,0.01,2.4199485778808597e-05,2.4020671844482425e-05,4282.0,4308.0
1650481203,0.0,0.002263191,0.0,2.3990869522094727e-05,2.3812055587768555e-05,2107.0,2186.5
1650481204,0.0,0.003036886,0.0,2.3990869522094727e-05,2.3812055587768555e-05,2723.0,2872.0
1650481205,0.0,0.003036886,0.0,2.3990869522094727e-05,2.3812055587768555e-05,2723.0,2872.0
1650481206,0.0,0.001492323,0.0,2.3812055587768555e-05,2.3633241653442383e-05,1427.0,1535.5
1650481207,0.0,0.001492323,0.0,2.3812055587768555e-05,2.3633241653442383e-05,1427.0,1535.5
1650481208,0.005,0.0021704155,0.0,2.3871660232543945e-05,2.3692846298217773e-05,2043.0,4082.0
1650481209,0.005,0.0021704155,0.0,2.3871660232543945e-05,2.3692846298217773e-05,2043.0,4082.0
1650481210,0.0,0.0021312725,0.0,2.4020671844482425e-05,2.384185791015625e-05,2112.5,2290.0
1650481211,0.0,0.004625947,0.01,2.3871660232543945e-05,2.3692846298217773e-05,4489.0,4516.0
1650481212,0.0,0.004625947,0.01,2.3871660232543945e-05,2.3692846298217773e-05,4489.0,4516.0
1650481213,0.0,0.002114022,0.0,2.3871660232543945e-05,2.3692846298217773e-05,2074.5,2220.0
1650481214,0.0,0.002796693,0.0,2.405047416687012e-05,2.3871660232543945e-05,2864.0,3078.0
1650481215,0.0,0.002796693,0.0,2.405047416687012e-05,2.3871660232543945e-05,2864.0,3078.0
1650481216,0.0,0.0030834045,0.0,2.405047416687012e-05,2.3871660232543945e-05,2859.5,2975.5
1650481217,0.0,0.0030834045,0.0,2.405047416687012e-05,2.3871660232543945e-05,2859.5,2975.5
1650481218,0.0,0.002084883,0.0,2.405047416687012e-05,2.3871660232543945e-05,2043.0,3350.0
1650481219,0.0,0.005418996,0.0,2.41696834564209e-05,2.3990869522094727e-05,5447.0,5747.0
1650481220,0.0,0.005418996,0.0,2.41696834564209e-05,2.3990869522094727e-05,5447.0,5747.0
1650481221,0.01,0.0028748975,0.0,2.3871660232543945e-05,2.3692846298217773e-05,2789.5,2973.0
1650481222,0.01,0.0028748975,0.0,2.3871660232543945e-05,2.3692846298217773e-05,2789.5,2973.0
1650481223,0.0,0.0016263485,0.0,2.405047416687012e-05,2.3871660232543945e-05,1534.5,1576.0
1650481224,0.0,0.004203721,0.0,2.431869506835937e-05,2.4139881134033203e-05,4358.0,4451.0
1650481225,0.0,0.004203721,0.0,2.431869506835937e-05,2.4139881134033203e-05,4358.0,4451.0
1650481226,0.0,0.002710251,0.005,2.422928810119629e-05,2.405047416687012e-05,2722.5,2904.5
1650481227,0.0,0.002710251,0.005,2.422928810119629e-05,2.405047416687012e-05,2722.5,2904.5
1650481228,0.005,0.0021946845,0.0,2.405047416687012e-05,2.3871660232543945e-05,2108.5,3418.0
1650481229,0.0,0.002387765,0.0,2.5957822799682617e-05,2.5779008865356445e-05,2394.0,2604.0
1650481230,0.0,0.002387765,0.0,2.5957822799682617e-05,2.5779008865356445e-05,2394.0,2604.0
1650481231,0.005,0.003497835,0.0,2.405047416687012e-05,2.3871660232543945e-05,3568.0,3825.5
1650481232,0.005,0.003497835,0.0,2.405047416687012e-05,2.3871660232543945e-05,3568.0,3825.5
1650481233,0.0,0.002180157,0.0,2.405047416687012e-05,2.3871660232543945e-05,2090.5,2274.5
1650481234,0.0,0.001590498,0.0,2.405047416687012e-05,2.3871660232543945e-05,1501.0,1577.0
1650481235,0.0,0.00434905,0.0,2.4139881134033203e-05,2.396106719970703e-05,4280.0,4308.0
1650481236,0.0,0.004414148,0.01,2.422928810119629e-05,2.405047416687012e-05,4225.0,4516.0
1650481237,0.0,0.004414148,0.01,2.422928810119629e-05,2.405047416687012e-05,4225.0,4516.0
1650481238,0.0,0.0024504065,0.005,2.4259090423583984e-05,2.408027648925781e-05,2300.0,4010.5
1650481239,0.0,0.002321947,0.0,2.422928810119629e-05,2.405047416687012e-05,2205.0,2250.0
1650481240,0.0,0.002321947,0.0,2.422928810119629e-05,2.405047416687012e-05,2205.0,2250.0
1650481241,0.0,0.0014224095,0.0,2.405047416687012e-05,2.3871660232543945e-05,1427.0,1469.5
1650481242,0.01,0.004318788,0.0,2.405047416687012e-05,2.3871660232543945e-05,4358.0,4517.0
1650481243,0.01,0.004318788,0.0,2.405047416687012e-05,2.3871660232543945e-05,4358.0,4517.0
1650481244,0.0,0.0020102275,0.0,2.4020671844482425e-05,2.384185791015625e-05,2068.5,2287.0
1650481245,0.01,0.006010085,0.0,2.4139881134033203e-05,2.396106719970703e-05,5785.0,6085.0
1650481246,0.01,0.006010085,0.0,2.4139881134033203e-05,2.396106719970703e-05,5785.0,6085.0
1650481247,0.0,0.001542982,0.0,2.405047416687012e-05,2.3871660232543945e-05,1497.0,1539.0
1650481248,0.0,0.002977508,0.0,2.422928810119629e-05,2.405047416687012e-05,2864.0,4742.0
1650481249,0.0,0.004082874,0.0,2.422928810119629e-05,2.405047416687012e-05,4086.0,4377.0
1650481250,0.0,0.004082874,0.0,2.422928810119629e-05,2.405047416687012e-05,4086.0,4377.0
1650481251,0.0,0.0006390625,0.0,2.422928810119629e-05,2.405047416687012e-05,681.0,751.5
1650481252,0.0,0.004311167,0.01,2.422928810119629e-05,2.405047416687012e-05,4084.0,4309.0
1650481253,0.0,0.004311167,0.01,2.422928810119629e-05,2.405047416687012e-05,4084.0,4309.0
1650481254,0.005,0.0012701015,0.0,2.422928810119629e-05,2.405047416687012e-05,1362.0,1470.0
1650481255,0.005,0.0012701015,0.0,2.422928810119629e-05,2.405047416687012e-05,1362.0,1470.0
1650481256,0.0,0.003779901,0.0,2.405047416687012e-05,2.3871660232543945e-05,3633.0,3826.5
1650481257,0.0,0.003779901,0.0,2.405047416687012e-05,2.3871660232543945e-05,3633.0,3826.5
1650481258,0.0,0.001531606,0.0,2.4259090423583984e-05,2.408027648925781e-05,1464.5,2695.0
1650481259,0.0,0.003987747,0.0,2.422928810119629e-05,2.405047416687012e-05,4084.0,4376.0
1650481260,0.0,0.003987747,0.0,2.422928810119629e-05,2.405047416687012e-05,4084.0,4376.0
1650481261,0.005,0.0034201815,0.0,2.4259090423583984e-05,2.408027648925781e-05,3405.0,3625.5
1650481262,0.005,0.0034201815,0.0,2.4259090423583984e-05,2.408027648925781e-05,3405.0,3625.5
1650481263,0.0,0.0029247615,0.005,2.422928810119629e-05,2.405047416687012e-05,2723.5,2873.5
1650481264,0.01,0.00412543,0.0,2.422928810119629e-05,2.405047416687012e-05,4084.0,4309.0
1650481265,0.01,0.00412543,0.0,2.422928810119629e-05,2.405047416687012e-05,4084.0,4309.0
1650481266,0.0,0.003136487,0.0,2.422928810119629e-05,2.405047416687012e-05,3152.0,3321.5
1650481267,0.0,0.003136487,0.0,2.422928810119629e-05,2.405047416687012e-05,3152.0,3321.5
1650481268,0.0,0.0026468525,0.0,2.405047416687012e-05,2.3871660232543945e-05,2530.5,3671.0
1650481269,0.0,0.002875453,0.0,2.405047416687012e-05,2.3871660232543945e-05,2723.0,2873.0
1650481270,0.0,0.002875453,0.0,2.405047416687012e-05,2.3871660232543945e-05,2723.0,2873.0
1650481271,0.0,0.0020405575,0.0,2.431869506835937e-05,2.4139881134033203e-05,2139.5,2258.5
1650481272,0.0,0.004419027,0.0,2.408027648925781e-05,2.390146255493164e-05,4214.0,4440.0
1650481273,0.0,0.004419027,0.0,2.408027648925781e-05,2.390146255493164e-05,4214.0,4440.0
1650481274,0.0,0.0012832295,0.0,2.4139881134033203e-05,2.396106719970703e-05,1362.0,1469.0
1650481275,0.0,0.0012832295,0.0,2.4139881134033203e-05,2.396106719970703e-05,1362.0,1469.0
1650481276,0.0,0.001493819,0.0,2.405047416687012e-05,2.3871660232543945e-05,1360.5,1436.0
1650481277,0.0,0.001493819,0.0,2.405047416687012e-05,2.3871660232543945e-05,1360.5,1436.0
1650481278,0.005,0.0025083605,0.0,2.405047416687012e-05,2.3871660232543945e-05,2281.0,3508.0
1650481279,0.0,0.005582404,0.0,2.405047416687012e-05,2.3871660232543945e-05,5579.0,5746.0
1650481280,0.0,0.005582404,0.0,2.405047416687012e-05,2.3871660232543945e-05,5579.0,5746.0
1650481281,0.0,0.001368142,0.0,2.405047416687012e-05,2.3871660232543945e-05,1389.0,1470.0
1650481282,0.0,0.003017143,0.01,2.390146255493164e-05,2.372264862060547e-05,2898.0,3048.0
1650481283,0.0,0.003017143,0.01,2.390146255493164e-05,2.372264862060547e-05,2898.0,3048.0
1650481284,0.0,0.0020505895,0.0,2.3871660232543945e-05,2.3692846298217773e-05,2042.5,2155.5
1650481285,0.0,0.0020505895,0.0,2.3871660232543945e-05,2.3692846298217773e-05,2042.5,2155.5
1650481286,0.0,0.002230869,0.005,2.372264862060547e-05,2.3543834686279297e-05,2136.0,2221.5
1650481287,0.0,0.002716191,0.0,2.372264862060547e-05,2.3543834686279297e-05,2724.0,2874.0
1650481288,0.0,0.002716191,0.0,2.372264862060547e-05,2.3543834686279297e-05,2724.0,2874.0
1650481289,0.0,0.002404122,0.0,2.3871660232543945e-05,2.3692846298217773e-05,2242.0,3387.5
1650481290,0.0,0.002796898,0.0,2.3871660232543945e-05,2.3692846298217773e-05,2856.0,2873.0
1650481291,0.0,0.002796898,0.0,2.3871660232543945e-05,2.3692846298217773e-05,2856.0,2873.0
1650481292,0.005,0.0013817945,0.0,2.3871660232543945e-05,2.3692846298217773e-05,1361.5,1436.5
1650481293,0.0,0.002869547,0.0,2.405047416687012e-05,2.3871660232543945e-05,2862.0,3013.0
1650481294,0.0,0.002992041,0.0,2.405047416687012e-05,2.3871660232543945e-05,3004.0,3196.0
1650481295,0.0,0.003090799,0.01,2.405047416687012e-05,2.3871660232543945e-05,2441.0,2681.0
1650481296,0.0,0.003090799,0.01,2.405047416687012e-05,2.3871660232543945e-05,2441.0,2681.0
1650481297,0.005,0.0052336235,0.0,2.4259090423583984e-05,2.408027648925781e-05,4836.0,5132.0
1650481298,0.0,0.001770629,0.0,2.41696834564209e-05,2.3990869522094727e-05,1494.0,4782.0
1650481299,0.0,0.003342293,0.0,2.405047416687012e-05,2.3871660232543945e-05,2863.0,3277.0
1650481300,0.0,0.003342293,0.0,2.405047416687012e-05,2.3871660232543945e-05,2863.0,3277.0
1650481301,0.005,0.0028481265,0.0,2.408027648925781e-05,2.390146255493164e-05,2822.5,2907.0
1650481302,0.005,0.0028481265,0.0,2.408027648925781e-05,2.390146255493164e-05,2822.5,2907.0
1650481303,0.0,0.003348283,0.0,2.422928810119629e-05,2.405047416687012e-05,3475.0,3662.5
1650481304,0.0,0.003993224,0.0,2.422928810119629e-05,2.405047416687012e-05,4084.0,4374.0
1650481305,0.0,0.003993224,0.0,2.422928810119629e-05,2.405047416687012e-05,4084.0,4374.0
1650481306,0.005,0.0020049705,0.0,2.4259090423583984e-05,2.408027648925781e-05,2043.0,2188.5
1650481307,0.0,0.001544466,0.0,2.428889274597168e-05,2.4110078811645508e-05,1361.0,1502.0
1650481308,0.0,0.00435247,0.0,2.422928810119629e-05,2.405047416687012e-05,4086.0,6061.0
1650481309,0.01,0.004469663,0.0,2.5212764739990234e-05,2.5033950805664062e-05,4291.0,4582.0
1650481310,0.01,0.004469663,0.0,2.5212764739990234e-05,2.5033950805664062e-05,4291.0,4582.0
1650481311,0.0,0.000842433,0.0,2.405047416687012e-05,2.3871660232543945e-05,780.0,751.5
1650481312,0.0,0.002647381,0.0,2.405047416687012e-05,2.3871660232543945e-05,2789.0,2873.0
1650481313,0.0,0.002647381,0.0,2.405047416687012e-05,2.3871660232543945e-05,2789.0,2873.0
1650481314,0.005,0.002233966,0.005,2.405047416687012e-05,2.3871660232543945e-05,2179.0,2291.5
1650481315,0.0,0.001298245,0.0,2.405047416687012e-05,2.3871660232543945e-05,1362.0,1437.0
1650481316,0.0,0.002706708,0.0,2.437829971313477e-05,2.4199485778808597e-05,2863.0,3014.0
1650481317,0.0,0.002706708,0.0,2.437829971313477e-05,2.4199485778808597e-05,2863.0,3014.0
1650481318,0.0,0.002197999,0.0,2.4259090423583984e-05,2.408027648925781e-05,2042.5,3053.5
1650481319,0.0,0.002950146,0.0,2.422928810119629e-05,2.405047416687012e-05,2854.0,2936.0
1650481320,0.0,0.002950146,0.0,2.422928810119629e-05,2.405047416687012e-05,2854.0,2936.0
1650481321,0.0,0.003090847,0.005,2.405047416687012e-05,2.3871660232543945e-05,3022.5,3178.0
1650481322,0.0,0.003090847,0.005,2.405047416687012e-05,2.3871660232543945e-05,3022.5,3178.0
1650481323,0.005,0.002849438,0.0,2.3871660232543945e-05,2.3692846298217773e-05,2822.5,2972.5
1650481324,0.005,0.002849438,0.0,2.3871660232543945e-05,2.3692846298217773e-05,2822.5,2972.5
1650481325,0.0,0.0022757515,0.0,2.3871660232543945e-05,2.3692846298217773e-05,2042.0,2187.5
1650481326,0.0,0.004230173,0.0,2.3871660232543945e-05,2.3692846298217773e-05,4085.0,4377.0
1650481327,0.0,0.004230173,0.0,2.3871660232543945e-05,2.3692846298217773e-05,4085.0,4377.0
1650481328,0.0,0.001486325,0.0,2.372264862060547e-05,2.3543834686279297e-05,1427.5,2766.0
1650481329,0.0,0.001486325,0.0,2.372264862060547e-05,2.3543834686279297e-05,1427.5,2766.0
1650481330,0.0,0.0021632325,0.0,2.3871660232543945e-05,2.3692846298217773e-05,2111.5,2224.5
1650481331,0.01,0.002794838,0.0,2.41696834564209e-05,2.3990869522094727e-05,2863.0,3144.0
1650481332,0.01,0.002794838,0.0,2.41696834564209e-05,2.3990869522094727e-05,2863.0,3144.0
1650481333,0.0,0.0024083545,0.0,2.405047416687012e-05,2.3871660232543945e-05,2336.0,2381.5
1650481334,0.01,0.006898757,0.0,2.422928810119629e-05,2.405047416687012e-05,7014.0,7521.0
1650481335,0.01,0.006898757,0.0,2.422928810119629e-05,2.405047416687012e-05,7014.0,7521.0
1650481336,0.0,0.001290722,0.0,2.422928810119629e-05,2.405047416687012e-05,1361.5,1469.5
1650481337,0.0,0.001249919,0.0,2.422928810119629e-05,2.405047416687012e-05,1362.0,1436.0
1650481338,0.0,0.005401414,0.0,2.422928810119629e-05,2.405047416687012e-05,5446.0,7750.0
1650481339,0.0,0.005401414,0.0,2.422928810119629e-05,2.405047416687012e-05,5446.0,7750.0
1650481340,0.005,0.002263066,0.005,2.4139881134033203e-05,2.396106719970703e-05,2107.5,2188.5
1650481341,0.005,0.002263066,0.005,2.4139881134033203e-05,2.396106719970703e-05,2107.5,2188.5
1650481342,0.0,0.002681895,0.0,2.405047416687012e-05,2.3871660232543945e-05,2723.5,2907.0
1650481343,0.01,0.003065777,0.0,2.408027648925781e-05,2.390146255493164e-05,2862.0,3210.0
1650481344,0.01,0.003065777,0.0,2.408027648925781e-05,2.390146255493164e-05,2862.0,3210.0
1650481345,0.0,0.0030188775,0.0,2.405047416687012e-05,2.3871660232543945e-05,2958.5,2975.0
1650481346,0.0,0.0030188775,0.0,2.405047416687012e-05,2.3871660232543945e-05,2958.5,2975.0
1650481347,0.0,0.0021161615,0.0,2.405047416687012e-05,2.3871660232543945e-05,2070.0,2187.0
1650481348,0.0,0.002921469,0.0,2.405047416687012e-05,2.3871660232543945e-05,2721.0,4600.0
1650481349,0.0,0.002921469,0.0,2.405047416687012e-05,2.3871660232543945e-05,2721.0,4600.0
1650481350,0.0,0.0019198065,0.0,2.405047416687012e-05,2.3871660232543945e-05,2043.0,2155.5
1650481351,0.0,0.002602653,0.01,2.405047416687012e-05,2.3871660232543945e-05,2722.0,2874.0
1650481352,0.0,0.002602653,0.01,2.405047416687012e-05,2.3871660232543945e-05,2722.0,2874.0
1650481353,0.0,0.0014647775,0.0,2.3871660232543945e-05,2.3692846298217773e-05,1455.0,1502.5
1650481354,0.01,0.004339543,0.0,2.405047416687012e-05,2.3871660232543945e-05,4498.0,4777.0
1650481355,0.01,0.004339543,0.0,2.405047416687012e-05,2.3871660232543945e-05,4498.0,4777.0
1650481356,0.0,0.0035636,0.0,2.405047416687012e-05,2.3871660232543945e-05,3606.0,3760.5
1650481357,0.0,0.0035636,0.0,2.405047416687012e-05,2.3871660232543945e-05,3606.0,3760.5
1650481358,0.0,0.002098964,0.0,2.3871660232543945e-05,2.3692846298217773e-05,2142.0,2944.5
1650481359,0.0,0.002852753,0.0,2.405047416687012e-05,2.3871660232543945e-05,2863.0,3013.0
1650481360,0.0,0.001421581,0.0,2.3871660232543945e-05,2.3692846298217773e-05,1494.0,1568.0
1650481361,0.0,0.002919436,0.0,2.405047416687012e-05,2.3871660232543945e-05,2863.0,3012.0
1650481362,0.0,0.002919436,0.0,2.405047416687012e-05,2.3871660232543945e-05,2863.0,3012.0
1650481363,0.0,0.0027696315,0.0,2.422928810119629e-05,2.405047416687012e-05,2793.5,3009.5
1650481364,0.0,0.004029749,0.01,2.4199485778808597e-05,2.4020671844482425e-05,4085.0,4508.0
1650481365,0.0,0.004029749,0.01,2.4199485778808597e-05,2.4020671844482425e-05,4085.0,4508.0
1650481366,0.0,0.0016084955,0.0,2.405047416687012e-05,2.3871660232543945e-05,1531.0,1539.5
1650481367,0.0,0.0016084955,0.0,2.405047416687012e-05,2.3871660232543945e-05,1531.0,1539.5
1650481368,0.0,0.00240794,0.0,2.4139881134033203e-05,2.396106719970703e-05,2244.5,2815.5
1650481369,0.01,0.002824512,0.0,2.3871660232543945e-05,2.3692846298217773e-05,2856.0,3071.0
1650481370,0.0,0.002743662,0.0,2.390146255493164e-05,2.372264862060547e-05,2722.0,2874.0
1650481371,0.0,0.002743662,0.0,2.390146255493164e-05,2.372264862060547e-05,2722.0,2874.0
1650481372,0.0,0.0034966765,0.0,2.3871660232543945e-05,2.3692846298217773e-05,3540.5,3794.0
1650481373,0.0,0.0034966765,0.0,2.3871660232543945e-05,2.3692846298217773e-05,3540.5,3794.0
1650481374,0.0,0.001357237,0.0,2.405047416687012e-05,2.3871660232543945e-05,1431.5,1540.0
1650481375,0.01,0.003927313,0.0,2.405047416687012e-05,2.3871660232543945e-05,4086.0,4376.0
1650481376,0.01,0.003927313,0.0,2.405047416687012e-05,2.3871660232543945e-05,4086.0,4376.0
1650481377,0.0,0.002287896,0.0,2.405047416687012e-05,2.3871660232543945e-05,2145.0,2324.0
1650481378,0.0,0.002287896,0.0,2.405047416687012e-05,2.3871660232543945e-05,2145.0,2324.0
1650481379,0.005,0.0026934285,0.0,2.405047416687012e-05,2.3871660232543945e-05,2788.5,3608.0
1650481380,0.0,0.001415079,0.0,2.422928810119629e-05,2.405047416687012e-05,1502.0,1577.0
1650481381,0.0,0.001415079,0.0,2.422928810119629e-05,2.405047416687012e-05,1502.0,1577.0
1650481382,0.0,0.002836797,0.0,2.405047416687012e-05,2.3871660232543945e-05,2789.5,2939.0
1650481383,0.0,0.00552743,0.01,2.405047416687012e-05,2.3871660232543945e-05,5488.0,5918.0
1650481384,0.0,0.002589444,0.0,2.405047416687012e-05,2.3871660232543945e-05,2724.0,2940.0
1650481385,0.0,0.002589444,0.0,2.405047416687012e-05,2.3871660232543945e-05,2724.0,2940.0
1650481386,0.0,0.0015948915,0.0,2.396106719970703e-05,2.378225326538086e-05,1427.0,1535.5
1650481387,0.01,0.001729728,0.0,2.3871660232543945e-05,2.3692846298217773e-05,1500.0,1575.0
1650481388,0.0,0.001538682,0.0,2.390146255493164e-05,2.372264862060547e-05,1427.0,3103.0
1650481389,0.0,0.001538682,0.0,2.390146255493164e-05,2.372264862060547e-05,1427.0,3103.0
1650481390,0.0,0.0027272125,0.0,2.405047416687012e-05,2.3871660232543945e-05,2859.5,2943.0
1650481391,0.0,0.004209025,0.0,2.4139881134033203e-05,2.396106719970703e-05,4358.0,4517.0
1650481392,0.0,0.004209025,0.0,2.4139881134033203e-05,2.396106719970703e-05,4358.0,4517.0
1650481393,0.005,0.002101283,0.0,2.405047416687012e-05,2.3871660232543945e-05,2178.5,2291.5
1650481394,0.0,0.004084269,0.0,2.405047416687012e-05,2.3871660232543945e-05,4083.0,4443.0
1650481395,0.0,0.002864148,0.0,2.405047416687012e-05,2.3871660232543945e-05,2721.0,3000.0
1650481396,0.0,0.002864148,0.0,2.405047416687012e-05,2.3871660232543945e-05,2721.0,3000.0
1650481397,0.0,0.0015754695,0.0,2.3871660232543945e-05,2.3692846298217773e-05,1427.0,1568.0
1650481398,0.0,0.0015754695,0.0,2.3871660232543945e-05,2.3692846298217773e-05,1427.0,1568.0
1650481399,0.005,0.002355763,0.0,2.405047416687012e-05,2.3871660232543945e-05,2248.5,3060.0
1650481400,0.0,0.00417471,0.0,2.4139881134033203e-05,2.396106719970703e-05,4151.0,4377.0
1650481401,0.0,0.00417471,0.0,2.4139881134033203e-05,2.396106719970703e-05,4151.0,4377.0
1650481402,0.005,0.001354668,0.0,2.405047416687012e-05,2.3871660232543945e-05,1361.5,1502.5
1650481403,0.0,0.002625171,0.0,2.405047416687012e-05,2.3871660232543945e-05,2724.0,2874.0
1650481404,0.0,0.002653196,0.0,2.405047416687012e-05,2.3871660232543945e-05,2722.0,2873.0
1650481405,0.01,0.002989302,0.0,2.422928810119629e-05,2.405047416687012e-05,2864.0,3012.0
1650481406,0.01,0.002989302,0.0,2.422928810119629e-05,2.405047416687012e-05,2864.0,3012.0
1650481407,0.0,0.000774769,0.0,2.422928810119629e-05,2.405047416687012e-05,680.5,718.0
1650481408,0.0,0.000774769,0.0,2.422928810119629e-05,2.405047416687012e-05,680.5,718.0
1650481409,0.0,0.0022976725,0.0,2.405047416687012e-05,2.3871660232543945e-05,2178.5,3090.0
1650481410,0.0,0.002895955,0.0,2.4139881134033203e-05,2.396106719970703e-05,2856.0,3006.0
1650481411,0.0,0.002895955,0.0,2.4139881134033203e-05,2.396106719970703e-05,2856.0,3006.0
1650481412,0.0,0.002348679,0.0,2.405047416687012e-05,2.3871660232543945e-05,2471.0,2603.5
1650481413,0.0,0.006799082,0.0,2.4199485778808597e-05,2.4020671844482425e-05,6560.0,6830.0
1650481414,0.0,0.006799082,0.0,2.4199485778808597e-05,2.4020671844482425e-05,6560.0,6830.0
1650481415,0.005,0.0021236825,0.005,2.3871660232543945e-05,2.3692846298217773e-05,2108.0,2220.5
1650481416,0.0,0.002710856,0.0,2.405047416687012e-05,2.3871660232543945e-05,2864.0,3080.0
1650481417,0.0,0.002710856,0.0,2.405047416687012e-05,2.3871660232543945e-05,2864.0,3080.0
1650481418,0.0,0.00362367,0.005,2.408027648925781e-05,2.390146255493164e-05,3431.0,4610.0
1650481419,0.0,0.00362367,0.005,2.408027648925781e-05,2.390146255493164e-05,3431.0,4610.0
1650481420,0.0,0.0039182755,0.0,2.408027648925781e-05,2.390146255493164e-05,3708.0,3897.0
1650481421,0.01,0.002712505,0.0,2.405047416687012e-05,2.3871660232543945e-05,2723.0,3005.0
1650481422,0.0,0.002971887,0.0,2.405047416687012e-05,2.3871660232543945e-05,2722.0,2872.0
1650481423,0.0,0.002971887,0.0,2.405047416687012e-05,2.3871660232543945e-05,2722.0,2872.0
1650481424,0.0,0.002259777,0.0,2.408027648925781e-05,2.390146255493164e-05,2205.5,2324.0
1650481425,0.0,0.002259777,0.0,2.408027648925781e-05,2.390146255493164e-05,2205.5,2324.0
1650481426,0.0,0.0020143385,0.0,2.408027648925781e-05,2.390146255493164e-05,2042.5,2187.5
1650481427,0.0,0.0020143385,0.0,2.408027648925781e-05,2.390146255493164e-05,2042.5,2187.5
1650481428,0.005,0.0035691015,0.0,2.405047416687012e-05,2.3871660232543945e-05,3540.0,4777.0
1650481429,0.0,0.003279009,0.0,2.408027648925781e-05,2.390146255493164e-05,2995.0,3211.0
1650481430,0.0,0.005803811,0.01,2.422928810119629e-05,2.405047416687012e-05,5923.0,6088.0
1650481431,0.0,0.005803811,0.01,2.422928810119629e-05,2.405047416687012e-05,5923.0,6088.0
1650481432,0.0,0.00128857,0.0,2.422928810119629e-05,2.405047416687012e-05,1362.0,1470.0
1650481433,0.0,0.001464047,0.0,2.405047416687012e-05,2.3871660232543945e-05,1535.0,1544.0
1650481434,0.0,0.004428347,0.0,2.422928810119629e-05,2.405047416687012e-05,4224.0,4581.0
1650481435,0.0,0.002668586,0.0,2.431869506835937e-05,2.4139881134033203e-05,2724.0,2940.0
1650481436,0.0,0.002668586,0.0,2.431869506835937e-05,2.4139881134033203e-05,2724.0,2940.0
1650481437,0.0,0.0006355335,0.0,2.422928810119629e-05,2.405047416687012e-05,681.0,718.5
1650481438,0.01,0.002817565,0.0,2.422928810119629e-05,2.405047416687012e-05,2788.0,5289.0
1650481439,0.0,0.00152533,0.0,2.405047416687012e-05,2.3871660232543945e-05,1494.0,1569.0
1650481440,0.0,0.00152533,0.0,2.405047416687012e-05,2.3871660232543945e-05,1494.0,1569.0
1650481441,0.005,0.002543814,0.0,2.4110078811645508e-05,2.3931264877319336e-05,2280.0,2425.0
1650481442,0.005,0.002543814,0.0,2.4110078811645508e-05,2.3931264877319336e-05,2280.0,2425.0
1650481443,0.005,0.002999812,0.0,2.431869506835937e-05,2.4139881134033203e-05,2995.5,3079.5
1650481444,0.01,0.005895301,0.0,2.422928810119629e-05,2.405047416687012e-05,5772.0,6147.0
1650481445,0.01,0.005895301,0.0,2.422928810119629e-05,2.405047416687012e-05,5772.0,6147.0
1650481446,0.0,0.0014047775,0.0,2.431869506835937e-05,2.4139881134033203e-05,1361.5,1436.5
1650481447,0.0,0.00267053,0.0,2.431869506835937e-05,2.4139881134033203e-05,2724.0,5354.0
1650481448,0.0,0.00267053,0.0,2.431869506835937e-05,2.4139881134033203e-05,2724.0,5354.0
1650481449,0.005,0.0020453565,0.0,2.422928810119629e-05,2.405047416687012e-05,2043.0,2188.0
1650481450,0.0,0.002613535,0.01,2.4259090423583984e-05,2.408027648925781e-05,2724.0,3006.0
1650481451,0.0,0.002613535,0.01,2.4259090423583984e-05,2.408027648925781e-05,2724.0,3006.0
1650481452,0.0,0.0015418695,0.0,2.422928810119629e-05,2.405047416687012e-05,1431.0,1605.0
1650481453,0.0,0.0015418695,0.0,2.422928810119629e-05,2.405047416687012e-05,1431.0,1605.0
1650481454,0.005,0.0014319875,0.0,2.422928810119629e-05,2.405047416687012e-05,1427.0,1469.5
1650481455,0.005,0.0014319875,0.0,2.422928810119629e-05,2.405047416687012e-05,1427.0,1469.5
1650481456,0.0,0.0021342205,0.0,2.405047416687012e-05,2.3871660232543945e-05,2142.0,2187.5
1650481457,0.0,0.002611298,0.0,2.4139881134033203e-05,2.396106719970703e-05,2723.0,4457.0
1650481458,0.0,0.002611298,0.0,2.4139881134033203e-05,2.396106719970703e-05,2723.0,4457.0
1650481459,0.0,0.0008395995,0.005,2.422928810119629e-05,2.405047416687012e-05,817.0,821.5
1650481460,0.0,0.006949136,0.0,2.4259090423583984e-05,2.408027648925781e-05,6949.0,7391.0
1650481461,0.0,0.006949136,0.0,2.4259090423583984e-05,2.408027648925781e-05,6949.0,7391.0
1650481462,0.0,0.002118604,0.005,2.431869506835937e-05,2.4139881134033203e-05,2069.5,2319.0
1650481463,0.0,0.002118604,0.005,2.431869506835937e-05,2.4139881134033203e-05,2069.5,2319.0
1650481464,0.005,0.002212602,0.0,2.422928810119629e-05,2.405047416687012e-05,2178.5,2258.0
1650481465,0.005,0.002212602,0.0,2.422928810119629e-05,2.405047416687012e-05,2178.5,2258.0
1650481466,0.0,0.0035020585,0.0,2.422928810119629e-05,2.405047416687012e-05,3436.5,3657.0
1650481467,0.0,0.004229044,0.0,2.4139881134033203e-05,2.396106719970703e-05,4270.0,4509.0
1650481468,0.0,0.001552158,0.0,2.408027648925781e-05,2.390146255493164e-05,1362.0,3378.0
1650481469,0.0,0.002708839,0.0,2.422928810119629e-05,2.405047416687012e-05,2724.0,3006.0
1650481470,0.0,0.002708839,0.0,2.422928810119629e-05,2.405047416687012e-05,2724.0,3006.0
1650481471,0.0,0.0019701615,0.0,2.408027648925781e-05,2.390146255493164e-05,2041.5,2155.0
1650481472,0.0,0.0019701615,0.0,2.408027648925781e-05,2.390146255493164e-05,2041.5,2155.0
1650481473,0.0,0.0020055385,0.0,2.405047416687012e-05,2.3871660232543945e-05,2042.0,2221.0
1650481474,0.0,0.0020055385,0.0,2.405047416687012e-05,2.3871660232543945e-05,2042.0,2221.0
1650481475,0.0,0.0021096265,0.0,2.405047416687012e-05,2.3871660232543945e-05,2178.5,2225.5
1650481476,0.0,0.00134252,0.0,2.405047416687012e-05,2.3871660232543945e-05,1428.0,1437.0
1650481477,0.0,0.00134252,0.0,2.405047416687012e-05,2.3871660232543945e-05,1428.0,1437.0
1650481478,0.0,0.0021424715,0.0,2.3871660232543945e-05,2.3692846298217773e-05,2109.0,2596.5
1650481479,0.01,0.002784537,0.0,2.3871660232543945e-05,2.3692846298217773e-05,2724.0,2874.0
1650481480,0.01,0.002784537,0.0,2.3871660232543945e-05,2.3692846298217773e-05,2724.0,2874.0
1650481481,0.0,0.0028085115,0.0,2.408027648925781e-05,2.390146255493164e-05,2792.5,2977.0
1650481482,0.0,0.002587896,0.0,2.422928810119629e-05,2.405047416687012e-05,2723.0,2940.0
1650481483,0.0,0.002613591,0.0,2.405047416687012e-05,2.3871660232543945e-05,2766.0,2916.0
1650481484,0.0,0.002613591,0.0,2.405047416687012e-05,2.3871660232543945e-05,2766.0,2916.0
1650481485,0.0,0.0022507915,0.0,2.405047416687012e-05,2.3871660232543945e-05,2140.0,2356.5
1650481486,0.0,0.002977294,0.0,2.422928810119629e-05,2.405047416687012e-05,2996.0,3013.0
1650481487,0.0,0.006004294,0.01,2.422928810119629e-05,2.405047416687012e-05,5513.0,8112.0
1650481488,0.0,0.006004294,0.01,2.422928810119629e-05,2.405047416687012e-05,5513.0,8112.0
1650481489,0.005,0.001384582,0.0,2.431869506835937e-05,2.4139881134033203e-05,1361.5,1436.5
1650481490,0.0,0.002778739,0.0,2.422928810119629e-05,2.405047416687012e-05,2724.0,2874.0
1650481491,0.0,0.002778739,0.0,2.422928810119629e-05,2.405047416687012e-05,2724.0,2874.0
1650481492,0.0,0.0014410725,0.0,2.4259090423583984e-05,2.408027648925781e-05,1362.0,1437.0
1650481493,0.01,0.005865693,0.01,2.4139881134033203e-05,2.396106719970703e-05,5580.0,5946.0
1650481494,0.01,0.005865693,0.01,2.4139881134033203e-05,2.396106719970703e-05,5580.0,5946.0
1650481495,0.0,0.000823867,0.0,2.3871660232543945e-05,2.3692846298217773e-05,747.0,817.5
1650481496,0.0,0.000823867,0.0,2.3871660232543945e-05,2.3692846298217773e-05,747.0,817.5
1650481497,0.005,0.001484404,0.0,2.3871660232543945e-05,2.3692846298217773e-05,1464.0,1506.0
1650481498,0.0,0.005820138,0.0,2.422928810119629e-05,2.405047416687012e-05,5860.0,8597.0
1650481499,0.0,0.003044239,0.0,2.405047416687012e-05,2.3871660232543945e-05,2852.0,2937.0
1650481500,0.0,0.002865548,0.0,2.4259090423583984e-05,2.408027648925781e-05,2864.0,3014.0
1650481501,0.0,0.002865548,0.0,2.4259090423583984e-05,2.408027648925781e-05,2864.0,3014.0
1650481502,0.0,0.003567019,0.0,2.405047416687012e-05,2.3871660232543945e-05,3470.0,3624.5
1650481503,0.0,0.003567019,0.0,2.405047416687012e-05,2.3871660232543945e-05,3470.0,3624.5
1650481504,0.0,0.0029378575,0.0,2.405047416687012e-05,2.3871660232543945e-05,2886.5,3075.5
1650481505,0.0,0.0029378575,0.0,2.405047416687012e-05,2.3871660232543945e-05,2886.5,3075.5
1650481506,0.0,0.0019424185,0.0,2.4020671844482425e-05,2.384185791015625e-05,2043.0,2254.0
1650481507,0.0,0.003330172,0.0,2.422928810119629e-05,2.405047416687012e-05,3070.0,5560.0
1650481508,0.0,0.003330172,0.0,2.422928810119629e-05,2.405047416687012e-05,3070.0,5560.0
1650481509,0.005,0.0030049425,0.0,2.422928810119629e-05,2.405047416687012e-05,2925.0,3042.0
1650481510,0.005,0.0030049425,0.0,2.422928810119629e-05,2.405047416687012e-05,2925.0,3042.0
1650481511,0.0,0.000693627,0.0,2.422928810119629e-05,2.405047416687012e-05,680.5,718.0
1650481512,0.0,0.000693627,0.0,2.422928810119629e-05,2.405047416687012e-05,680.5,718.0
1650481513,0.0,0.0035848895,0.005,2.431869506835937e-05,2.4139881134033203e-05,3539.5,3793.0
1650481514,0.01,0.00433515,0.0,2.405047416687012e-05,2.3871660232543945e-05,4217.0,4575.0
1650481515,0.01,0.00433515,0.0,2.405047416687012e-05,2.3871660232543945e-05,4217.0,4575.0
1650481516,0.0,0.0020976015,0.0,2.408027648925781e-05,2.390146255493164e-05,2042.5,2155.5
1650481517,0.0,0.0020976015,0.0,2.408027648925781e-05,2.390146255493164e-05,2042.5,2155.5
1650481518,0.0,0.003039219,0.0,2.422928810119629e-05,2.405047416687012e-05,2929.0,4043.5
1650481519,0.0,0.001361542,0.0,2.422928810119629e-05,2.405047416687012e-05,1428.0,1436.0
1650481520,0.0,0.001463728,0.0,2.422928810119629e-05,2.405047416687012e-05,1361.0,1436.0
1650481521,0.0,0.001463728,0.0,2.422928810119629e-05,2.405047416687012e-05,1361.0,1436.0
1650481522,0.0,0.002789003,0.0,2.434849739074707e-05,2.41696834564209e-05,2751.0,2938.5
1650481523,0.01,0.004015359,0.0,2.422928810119629e-05,2.405047416687012e-05,4085.0,4441.0
1650481524,0.01,0.004015359,0.0,2.422928810119629e-05,2.405047416687012e-05,4085.0,4441.0
1650481525,0.0,0.0014442815,0.0,2.422928810119629e-05,2.405047416687012e-05,1427.5,1503.0
1650481526,0.0,0.002593272,0.0,2.4139881134033203e-05,2.396106719970703e-05,2722.0,2873.0
1650481527,0.0,0.002593272,0.0,2.4139881134033203e-05,2.396106719970703e-05,2722.0,2873.0
1650481528,0.0,0.0031426515,0.0,2.408027648925781e-05,2.390146255493164e-05,2826.0,4116.5
1650481529,0.0,0.0031426515,0.0,2.408027648925781e-05,2.390146255493164e-05,2826.0,4116.5
1650481530,0.005,0.002028078,0.0,2.422928810119629e-05,2.405047416687012e-05,2178.5,2224.5
1650481531,0.005,0.002028078,0.0,2.422928810119629e-05,2.405047416687012e-05,2178.5,2224.5
1650481532,0.0,0.002656229,0.0,2.422928810119629e-05,2.405047416687012e-05,2724.0,2939.5
1650481533,0.0,0.00294699,0.0,2.408027648925781e-05,2.390146255493164e-05,2898.0,2981.0
1650481534,0.0,0.00294699,0.0,2.408027648925781e-05,2.390146255493164e-05,2898.0,2981.0
1650481535,0.0,0.000743032,0.0,2.4259090423583984e-05,2.408027648925781e-05,778.0,821.0
1650481536,0.0,0.000743032,0.0,2.4259090423583984e-05,2.408027648925781e-05,778.0,821.0
1650481537,0.0,0.0021403865,0.0,2.405047416687012e-05,2.3871660232543945e-05,2109.0,2287.0
1650481538,0.0,0.002766879,0.0,2.405047416687012e-05,2.3871660232543945e-05,2722.0,4866.0
1650481539,0.0,0.003305555,0.0,2.405047416687012e-05,2.3871660232543945e-05,3135.0,3351.0
1650481540,0.0,0.003305555,0.0,2.405047416687012e-05,2.3871660232543945e-05,3135.0,3351.0
1650481541,0.0,0.0022429455,0.005,2.4139881134033203e-05,2.396106719970703e-05,2305.0,2324.5
1650481542,0.0,0.0022429455,0.005,2.4139881134033203e-05,2.396106719970703e-05,2305.0,2324.5
1650481543,0.0,0.0008376385,0.0,2.405047416687012e-05,2.3871660232543945e-05,844.0,854.5
1650481544,0.0,0.003988764,0.0,2.405047416687012e-05,2.3871660232543945e-05,4086.0,4443.0
1650481545,0.0,0.003303025,0.0,2.422928810119629e-05,2.405047416687012e-05,2862.0,3078.0
1650481546,0.0,0.003142691,0.0,2.4259090423583984e-05,2.408027648925781e-05,2723.0,2873.0
1650481547,0.0,0.003142691,0.0,2.4259090423583984e-05,2.408027648925781e-05,2723.0,2873.0
1650481548,0.005,0.0009728235,0.0,2.405047416687012e-05,2.3871660232543945e-05,747.0,1635.0
1650481549,0.0,0.003176118,0.0,2.3871660232543945e-05,2.3692846298217773e-05,2853.0,3005.0
1650481550,0.0,0.003176118,0.0,2.3871660232543945e-05,2.3692846298217773e-05,2853.0,3005.0
1650481551,0.005,0.003397609,0.0,2.3871660232543945e-05,2.3692846298217773e-05,3574.0,3827.0
1650481552,0.005,0.003397609,0.0,2.3871660232543945e-05,2.3692846298217773e-05,3574.0,3827.0
1650481553,0.0,0.0013484015,0.0,2.3871660232543945e-05,2.3692846298217773e-05,1388.5,1469.5
1650481554,0.0,0.0013484015,0.0,2.3871660232543945e-05,2.3692846298217773e-05,1388.5,1469.5
1650481555,0.0,0.001305223,0.0,2.396106719970703e-05,2.378225326538086e-05,1361.5,1436.5
1650481556,0.0,0.002830827,0.0,2.3871660232543945e-05,2.3692846298217773e-05,2722.0,2940.0
1650481557,0.0,0.00426357,0.0,2.3871660232543945e-05,2.3692846298217773e-05,4083.0,6107.0
1650481558,0.0,0.00426357,0.0,2.3871660232543945e-05,2.3692846298217773e-05,4083.0,6107.0
1650481559,0.0,0.0014681765,0.0,2.405047416687012e-05,2.3871660232543945e-05,1431.5,1506.0
1650481560,0.0,0.002947623,0.01,2.4110078811645508e-05,2.3931264877319336e-05,2723.0,3004.0
1650481561,0.0,0.002947623,0.01,2.4110078811645508e-05,2.3931264877319336e-05,2723.0,3004.0
1650481562,0.005,0.0017104245,0.0,2.405047416687012e-05,2.3871660232543945e-05,1601.0,1610.0
1650481563,0.0,0.004173731,0.0,2.4139881134033203e-05,2.396106719970703e-05,4218.0,4311.0
1650481564,0.0,0.004173731,0.0,2.4139881134033203e-05,2.396106719970703e-05,4218.0,4311.0
1650481565,0.0,0.001723768,0.005,2.405047416687012e-05,2.3871660232543945e-05,1634.0,1643.0
1650481566,0.0,0.001430721,0.0,2.4259090423583984e-05,2.408027648925781e-05,1501.0,1575.0
1650481567,0.0,0.001430721,0.0,2.4259090423583984e-05,2.408027648925781e-05,1501.0,1575.0
1650481568,0.005,0.002629625,0.0,2.422928810119629e-05,2.405047416687012e-05,2723.0,3828.0
1650481569,0.005,0.002629625,0.0,2.422928810119629e-05,2.405047416687012e-05,2723.0,3828.0
1650481570,0.0,0.001970917,0.005,2.4259090423583984e-05,2.408027648925781e-05,2043.0,2221.5
1650481571,0.0,0.002756579,0.0,2.4199485778808597e-05,2.4020671844482425e-05,2723.0,3138.0
1650481572,0.0,0.004960793,0.0,2.4139881134033203e-05,2.396106719970703e-05,4760.0,4787.0
1650481573,0.0,0.004960793,0.0,2.4139881134033203e-05,2.396106719970703e-05,4760.0,4787.0
1650481574,0.005,0.002731019,0.0,2.431869506835937e-05,2.4139881134033203e-05,2826.0,3009.0
1650481575,0.0,0.001254508,0.0,2.422928810119629e-05,2.405047416687012e-05,1362.0,1503.0
1650481576,0.0,0.001254508,0.0,2.422928810119629e-05,2.405047416687012e-05,1362.0,1503.0
1650481577,0.005,0.002127974,0.0,2.405047416687012e-05,2.3871660232543945e-05,2135.5,2220.5
1650481578,0.005,0.002127974,0.0,2.405047416687012e-05,2.3871660232543945e-05,2135.5,2220.5
1650481579,0.0,0.002902307,0.0,2.3871660232543945e-05,2.3692846298217773e-05,2790.0,3868.0
1650481580,0.0,0.002529008,0.0,2.3871660232543945e-05,2.3692846298217773e-05,2724.0,2874.0
1650481581,0.0,0.002641655,0.0,2.4110078811645508e-05,2.3931264877319336e-05,2864.0,3080.0
1650481582,0.0,0.001559681,0.0,2.3871660232543945e-05,2.3692846298217773e-05,1535.0,1676.0
1650481583,0.0,0.001559681,0.0,2.3871660232543945e-05,2.3692846298217773e-05,1535.0,1676.0
1650481584,0.0,0.0030239425,0.0,2.405047416687012e-05,2.3871660232543945e-05,2962.0,3046.5
1650481585,0.0,0.0030239425,0.0,2.405047416687012e-05,2.3871660232543945e-05,2962.0,3046.5
1650481586,0.0,0.0019534575,0.0,2.405047416687012e-05,2.3871660232543945e-05,2042.0,2188.5
1650481587,0.0,0.001695244,0.0,2.3871660232543945e-05,2.3692846298217773e-05,1494.0,2838.0
1650481588,0.0,0.001695244,0.0,2.3871660232543945e-05,2.3692846298217773e-05,1494.0,2838.0
1650481589,0.0,0.002779346,0.0,2.405047416687012e-05,2.3871660232543945e-05,2820.5,3009.5
1650481590,0.0,0.002779346,0.0,2.405047416687012e-05,2.3871660232543945e-05,2820.5,3009.5
1650481591,0.005,0.002820978,0.0,2.405047416687012e-05,2.3871660232543945e-05,2723.0,2940.0
1650481592,0.005,0.002820978,0.0,2.405047416687012e-05,2.3871660232543945e-05,2723.0,2940.0
1650481593,0.0,0.002103803,0.0,2.4259090423583984e-05,2.408027648925781e-05,2112.5,2258.0
1650481594,0.0,0.002103803,0.0,2.4259090423583984e-05,2.408027648925781e-05,2112.5,2258.0
1650481595,0.0,0.0025350975,0.0,2.3871660232543945e-05,2.3692846298217773e-05,2277.5,2389.0
1650481596,0.0,0.002796754,0.0,2.3871660232543945e-05,2.3692846298217773e-05,2855.0,2874.0
1650481597,0.01,0.0026715,0.0,2.3871660232543945e-05,2.3692846298217773e-05,2724.0,2872.0
1650481598,0.01,0.0026715,0.0,2.3871660232543945e-05,2.3692846298217773e-05,2724.0,2872.0
1650481599,0.0,0.0020316115,0.0,2.3871660232543945e-05,2.3692846298217773e-05,2042.0,3305.0
1650481600,0.0,0.0020316115,0.0,2.3871660232543945e-05,2.3692846298217773e-05,2042.0,3305.0
1650481601,0.0,0.002837615,0.0,2.372264862060547e-05,2.3543834686279297e-05,2816.5,2973.0
1650481602,0.0,0.003058147,0.0,2.405047416687012e-05,2.3871660232543945e-05,3056.0,3219.0
1650481603,0.0,0.003058147,0.0,2.405047416687012e-05,2.3871660232543945e-05,3056.0,3219.0
1650481604,0.0,0.001376519,0.0,2.405047416687012e-05,2.3871660232543945e-05,1362.0,1470.0
1650481605,0.01,0.004355786,0.0,2.405047416687012e-05,2.3871660232543945e-05,4291.0,4582.0
1650481606,0.0,0.00289048,0.01,2.405047416687012e-05,2.3871660232543945e-05,2856.0,2873.0
1650481607,0.0,0.00289048,0.01,2.405047416687012e-05,2.3871660232543945e-05,2856.0,2873.0
1650481608,0.0,0.002255526,0.0,2.405047416687012e-05,2.3871660232543945e-05,2042.0,3269.5
1650481609,0.0,0.002255526,0.0,2.405047416687012e-05,2.3871660232543945e-05,2042.0,3269.5
1650481610,0.0,0.0022056995,0.0,2.446770668029785e-05,2.428889274597168e-05,2112.0,2258.0
1650481611,0.0,0.0022056995,0.0,2.446770668029785e-05,2.428889274597168e-05,2112.0,2258.0
1650481612,0.0,0.0027752085,0.0,2.422928810119629e-05,2.405047416687012e-05,2723.0,2906.0
1650481613,0.0,0.006624715,0.0,2.422928810119629e-05,2.405047416687012e-05,6809.0,7449.0
1650481614,0.0,0.006624715,0.0,2.422928810119629e-05,2.405047416687012e-05,6809.0,7449.0
1650481615,0.005,0.002808521,0.005,2.4199485778808597e-05,2.4020671844482425e-05,2751.0,2971.0
1650481616,0.005,0.002808521,0.005,2.4199485778808597e-05,2.4020671844482425e-05,2751.0,2971.0
1650481617,0.0,0.002205782,0.0,2.4259090423583984e-05,2.408027648925781e-05,2178.5,2258.5
1650481618,0.0,0.002205782,0.0,2.4259090423583984e-05,2.408027648925781e-05,2178.5,2258.5
1650481619,0.0,0.0014036565,0.0,2.422928810119629e-05,2.405047416687012e-05,1394.5,2420.0
1650481620,0.01,0.005407083,0.0,2.431869506835937e-05,2.4139881134033203e-05,5447.0,5745.0
1650481621,0.01,0.005407083,0.0,2.431869506835937e-05,2.4139881134033203e-05,5447.0,5745.0
1650481622,0.0,0.0013996835,0.0,2.434849739074707e-05,2.41696834564209e-05,1362.0,1436.5
1650481623,0.0,0.003966677,0.0,2.422928810119629e-05,2.405047416687012e-05,4083.0,4309.0
1650481624,0.0,0.003966677,0.0,2.422928810119629e-05,2.405047416687012e-05,4083.0,4309.0
1650481625,0.0,0.0017076145,0.0,2.3871660232543945e-05,2.3692846298217773e-05,1493.5,1502.0
1650481626,0.0,0.0017076145,0.0,2.3871660232543945e-05,2.3692846298217773e-05,1493.5,1502.0
1650481627,0.0,0.002383756,0.0,2.390146255493164e-05,2.372264862060547e-05,2145.5,2290.5
1650481628,0.0,0.004738344,0.0,2.405047416687012e-05,2.3871660232543945e-05,4627.0,6130.0
1650481629,0.0,0.004738344,0.0,2.405047416687012e-05,2.3871660232543945e-05,4627.0,6130.0
1650481630,0.005,0.0013000905,0.0,2.405047416687012e-05,2.3871660232543945e-05,1362.0,1437.0
1650481631,0.0,0.004244157,0.01,2.4110078811645508e-05,2.3931264877319336e-05,4084.0,4310.0
1650481632,0.0,0.001363549,0.0,2.405047416687012e-05,2.3871660232543945e-05,1404.0,1545.0
1650481633,0.0,0.001363549,0.0,2.405047416687012e-05,2.3871660232543945e-05,1404.0,1545.0
1650481634,0.0,0.002183488,0.0,2.3871660232543945e-05,2.3692846298217773e-05,2108.5,2219.5
1650481635,0.0,0.004155845,0.0,2.372264862060547e-05,2.3543834686279297e-05,4218.0,4377.0
1650481636,0.0,0.004155845,0.0,2.372264862060547e-05,2.3543834686279297e-05,4218.0,4377.0
1650481637,0.005,0.003629428,0.005,2.372264862060547e-05,2.3543834686279297e-05,3567.5,3760.5
1650481638,0.0,0.00153275,0.0,2.372264862060547e-05,2.3543834686279297e-05,1428.0,3232.0
1650481639,0.0,0.005734141,0.0,2.47955322265625e-05,2.4616718292236328e-05,5641.0,6018.0
1650481640,0.0,0.005734141,0.0,2.47955322265625e-05,2.4616718292236328e-05,5641.0,6018.0
1650481641,0.0,0.0006610735,0.0,2.390146255493164e-05,2.372264862060547e-05,680.5,718.5
1650481642,0.0,0.003858477,0.0,2.390146255493164e-05,2.372264862060547e-05,4085.0,4442.0
1650481643,0.0,0.00146632,0.0,2.408027648925781e-05,2.390146255493164e-05,1502.0,1577.0
1650481644,0.0,0.00146632,0.0,2.408027648925781e-05,2.390146255493164e-05,1502.0,1577.0
1650481645,0.0,0.003474262,0.005,2.422928810119629e-05,2.405047416687012e-05,3474.5,3728.0
1650481646,0.0,0.001523608,0.0,2.422928810119629e-05,2.405047416687012e-05,1361.0,1436.0
1650481647,0.01,0.003313399,0.0,2.422928810119629e-05,2.405047416687012e-05,2863.0,5118.0
1650481648,0.01,0.003313399,0.0,2.422928810119629e-05,2.405047416687012e-05,2863.0,5118.0
1650481649,0.0,0.0027775055,0.005,2.422928810119629e-05,2.405047416687012e-05,2821.5,2971.0
1650481650,0.0,0.0027775055,0.005,2.422928810119629e-05,2.405047416687012e-05,2821.5,2971.0
1650481651,0.0,0.0029277885,0.0,2.405047416687012e-05,2.3871660232543945e-05,2789.5,2940.0
1650481652,0.01,0.003970911,0.0,2.408027648925781e-05,2.390146255493164e-05,4085.0,4377.0
1650481653,0.01,0.003970911,0.0,2.408027648925781e-05,2.390146255493164e-05,4085.0,4377.0
1650481654,0.0,0.002776368,0.0,2.422928810119629e-05,2.405047416687012e-05,2793.5,2977.0
1650481655,0.0,0.002776368,0.0,2.422928810119629e-05,2.405047416687012e-05,2793.5,2977.0
1650481656,0.0,0.0014279685,0.0,2.422928810119629e-05,2.405047416687012e-05,1360.5,1502.0
1650481657,0.0,0.0014279685,0.0,2.422928810119629e-05,2.405047416687012e-05,1360.5,1502.0
1650481658,0.0,0.0029015855,0.0,2.422928810119629e-05,2.405047416687012e-05,2826.5,4000.0
1650481659,0.0,0.0029015855,0.0,2.422928810119629e-05,2.405047416687012e-05,2826.5,4000.0
1650481660,0.0,0.001319169,0.0,2.422928810119629e-05,2.405047416687012e-05,1428.0,1437.0
1650481661,0.01,0.002785204,0.0,2.405047416687012e-05,2.3871660232543945e-05,2855.0,2939.0
1650481662,0.01,0.002785204,0.0,2.405047416687012e-05,2.3871660232543945e-05,2855.0,2939.0
1650481663,0.0,0.002788737,0.0,2.390146255493164e-05,2.372264862060547e-05,2815.0,2939.5
1650481664,0.0,0.002651996,0.0,2.405047416687012e-05,2.3871660232543945e-05,2864.0,3014.0
1650481665,0.0,0.002651996,0.0,2.405047416687012e-05,2.3871660232543945e-05,2864.0,3014.0
1650481666,0.0,0.001960575,0.005,2.4110078811645508e-05,2.3931264877319336e-05,2043.0,2155.5
1650481667,0.01,0.003066862,0.0,2.405047416687012e-05,2.3871660232543945e-05,2722.0,3894.0
1650481668,0.01,0.003066862,0.0,2.405047416687012e-05,2.3871660232543945e-05,2722.0,3894.0
1650481669,0.0,0.002255244,0.0,2.405047416687012e-05,2.3871660232543945e-05,2145.5,2291.0
1650481670,0.0,0.002255244,0.0,2.405047416687012e-05,2.3871660232543945e-05,2145.5,2291.0
1650481671,0.0,0.002317111,0.0,2.408027648925781e-05,2.390146255493164e-05,2108.5,2188.0
1650481672,0.0,0.002317111,0.0,2.408027648925781e-05,2.390146255493164e-05,2108.5,2188.0
1650481673,0.0,0.002161599,0.0,2.422928810119629e-05,2.405047416687012e-05,2112.0,2225.0
1650481674,0.0,0.002161599,0.0,2.422928810119629e-05,2.405047416687012e-05,2112.0,2225.0
1650481675,0.0,0.0012523525,0.0,2.422928810119629e-05,2.405047416687012e-05,1361.5,1436.5
1650481676,0.0,0.002695214,0.0,2.422928810119629e-05,2.405047416687012e-05,2724.0,2940.0
1650481677,0.0,0.002695214,0.0,2.422928810119629e-05,2.405047416687012e-05,2724.0,2940.0
1650481678,0.0,0.0020388985,0.0,2.4259090423583984e-05,2.408027648925781e-05,2043.0,3151.0
1650481679,0.0,0.005658622,0.01,2.422928810119629e-05,2.405047416687012e-05,5653.0,6085.0
1650481680,0.0,0.005658622,0.01,2.422928810119629e-05,2.405047416687012e-05,5653.0,6085.0
1650481681,0.0,0.00065256,0.0,2.422928810119629e-05,2.405047416687012e-05,713.0,718.0
1650481682,0.01,0.003163962,0.0,2.405047416687012e-05,2.3871660232543945e-05,2921.0,2940.0
1650481683,0.01,0.003163962,0.0,2.405047416687012e-05,2.3871660232543945e-05,2921.0,2940.0
1650481684,0.005,0.001386209,0.0,2.422928810119629e-05,2.405047416687012e-05,1452.0,1526.5
1650481685,0.0,0.00265829,0.0,2.422928810119629e-05,2.405047416687012e-05,2724.0,2874.0
1650481686,0.0,0.00265829,0.0,2.422928810119629e-05,2.405047416687012e-05,2724.0,2874.0
1650481687,0.0,0.001871312,0.0,2.422928810119629e-05,2.405047416687012e-05,2070.0,2253.5
1650481688,0.0,0.005453043,0.0,2.422928810119629e-05,2.405047416687012e-05,5446.0,7290.0
1650481689,0.0,0.003165416,0.0,2.4199485778808597e-05,2.4020671844482425e-05,2994.0,3211.0
1650481690,0.0,0.003165416,0.0,2.4199485778808597e-05,2.4020671844482425e-05,2994.0,3211.0
1650481691,0.0,0.002099891,0.0,2.422928810119629e-05,2.405047416687012e-05,2177.5,2258.5
1650481692,0.0,0.002099891,0.0,2.422928810119629e-05,2.405047416687012e-05,2177.5,2258.5
1650481693,0.0,0.001532015,0.0,2.422928810119629e-05,2.405047416687012e-05,1653.5,1780.5
1650481694,0.0,0.002189952,0.0,2.422928810119629e-05,2.405047416687012e-05,2205.0,2250.0
1650481695,0.0,0.003273304,0.0,2.408027648925781e-05,2.390146255493164e-05,3374.0,3630.0
1650481696,0.0,0.003273304,0.0,2.408027648925781e-05,2.390146255493164e-05,3374.0,3630.0
1650481697,0.0,0.002590312,0.0,2.405047416687012e-05,2.3871660232543945e-05,2462.5,2594.5
1650481698,0.0,0.002590312,0.0,2.405047416687012e-05,2.3871660232543945e-05,2462.5,2594.5
1650481699,0.0,0.002180946,0.005,2.422928810119629e-05,2.405047416687012e-05,2112.0,2758.5
1650481700,0.0,0.003919731,0.0,2.4199485778808597e-05,2.4020671844482425e-05,4086.0,4507.0
1650481701,0.0,0.005723753,0.0,2.434849739074707e-05,2.41696834564209e-05,5785.0,5952.0
1650481702,0.0,0.002589703,0.0,2.431869506835937e-05,2.4139881134033203e-05,2778.0,3005.0
1650481703,0.0,0.002589703,0.0,2.431869506835937e-05,2.4139881134033203e-05,2778.0,3005.0
1650481704,0.0,0.0013669195,0.0,2.422928810119629e-05,2.405047416687012e-05,1361.0,1436.5
1650481705,0.0,0.002939985,0.0,2.405047416687012e-05,2.3871660232543945e-05,2855.0,2940.0
1650481706,0.0,0.002939985,0.0,2.405047416687012e-05,2.3871660232543945e-05,2855.0,2940.0
1650481707,0.0,0.0014527625,0.005,2.422928810119629e-05,2.405047416687012e-05,1432.0,1506.5
1650481708,0.0,0.0014527625,0.005,2.422928810119629e-05,2.405047416687012e-05,1432.0,1506.5
1650481709,0.0,0.002101264,0.0,2.446770668029785e-05,2.428889274597168e-05,2069.5,2846.0
1650481710,0.0,0.003941044,0.0,2.422928810119629e-05,2.405047416687012e-05,4086.0,4376.0
1650481711,0.0,0.003941044,0.0,2.422928810119629e-05,2.405047416687012e-05,4086.0,4376.0
1650481712,0.005,0.002385114,0.0,2.390146255493164e-05,2.372264862060547e-05,2243.5,2390.5
1650481713,0.005,0.002385114,0.0,2.390146255493164e-05,2.372264862060547e-05,2243.5,2390.5
1650481714,0.0,0.001469726,0.0,2.372264862060547e-05,2.3543834686279297e-05,1493.0,1469.0
1650481715,0.0,0.002656603,0.0,2.3812055587768555e-05,2.3633241653442383e-05,2790.0,2874.0
1650481716,0.0,0.002656603,0.0,2.3812055587768555e-05,2.3633241653442383e-05,2790.0,2874.0
1650481717,0.0,0.0028961595,0.0,2.396106719970703e-05,2.378225326538086e-05,2792.5,2943.0
1650481718,0.0,0.002964873,0.0,2.405047416687012e-05,2.3871660232543945e-05,2863.0,4485.0
1650481719,0.01,0.002657822,0.0,2.405047416687012e-05,2.3871660232543945e-05,2723.0,2872.0
1650481720,0.01,0.002657822,0.0,2.405047416687012e-05,2.3871660232543945e-05,2723.0,2872.0
1650481721,0.0,0.0013926605,0.005,2.4110078811645508e-05,2.3931264877319336e-05,1361.5,1470.0
1650481722,0.0,0.004044893,0.0,2.4020671844482425e-05,2.384185791015625e-05,4085.0,4442.0
1650481723,0.0,0.002999268,0.0,2.405047416687012e-05,2.3871660232543945e-05,2928.0,3012.0
1650481724,0.0,0.002999268,0.0,2.405047416687012e-05,2.3871660232543945e-05,2928.0,3012.0
1650481725,0.005,0.001309505,0.0,2.405047416687012e-05,2.3871660232543945e-05,1428.0,1437.0
1650481726,0.0,0.002820077,0.0,2.405047416687012e-05,2.3871660232543945e-05,2724.0,2874.0
1650481727,0.0,0.002838372,0.0,2.405047416687012e-05,2.3871660232543945e-05,2724.0,3895.0
1650481728,0.0,0.002838372,0.0,2.405047416687012e-05,2.3871660232543945e-05,2724.0,3895.0
1650481729,0.0,0.002228687,0.005,2.372264862060547e-05,2.3543834686279297e-05,2174.0,2221.0
1650481730,0.01,0.001364227,0.0,2.372264862060547e-05,2.3543834686279297e-05,1362.0,1503.0
1650481731,0.0,0.00290509,0.0,2.372264862060547e-05,2.3543834686279297e-05,2724.0,2939.0
1650481732,0.0,0.004581008,0.0,2.41696834564209e-05,2.3990869522094727e-05,4462.0,4897.0
1650481733,0.0,0.004581008,0.0,2.41696834564209e-05,2.3990869522094727e-05,4462.0,4897.0
1650481734,0.005,0.004281136,0.0,2.405047416687012e-05,2.3871660232543945e-05,4513.0,4758.0
1650481735,0.005,0.004281136,0.0,2.405047416687012e-05,2.3871660232543945e-05,4513.0,4758.0
1650481736,0.0,0.0018607775,0.0,2.422928810119629e-05,2.405047416687012e-05,1853.5,1946.5
1650481737,0.0,0.004067304,0.0,2.4259090423583984e-05,2.408027648925781e-05,4086.0,6601.0
1650481738,0.01,0.005269749,0.01,2.422928810119629e-05,2.405047416687012e-05,5448.0,5812.0
1650481739,0.01,0.005269749,0.01,2.422928810119629e-05,2.405047416687012e-05,5448.0,5812.0
1650481740,0.0,0.002717125,0.0,2.422928810119629e-05,2.405047416687012e-05,2723.5,2906.0
1650481741,0.0,0.001288902,0.0,2.422928810119629e-05,2.405047416687012e-05,1362.0,1437.0
1650481742,0.0,0.001288902,0.0,2.422928810119629e-05,2.405047416687012e-05,1362.0,1437.0
1650481743,0.0,0.0021307065,0.0,2.405047416687012e-05,2.3871660232543945e-05,2108.5,2254.5
1650481744,0.01,0.003003502,0.0,2.4110078811645508e-05,2.3931264877319336e-05,2929.0,3013.0
1650481745,0.01,0.003003502,0.0,2.4110078811645508e-05,2.3931264877319336e-05,2929.0,3013.0
1650481746,0.0,0.0006295745,0.0,2.405047416687012e-05,2.3871660232543945e-05,714.0,718.5
1650481747,0.0,0.002584371,0.0,2.405047416687012e-05,2.3871660232543945e-05,2789.0,2874.0
1650481748,0.01,0.002846314,0.0,2.405047416687012e-05,2.3871660232543945e-05,2856.0,4184.0
1650481749,0.0,0.003253471,0.0,2.405047416687012e-05,2.3871660232543945e-05,3751.0,3776.0
1650481750,0.0,0.00250396,0.0,2.405047416687012e-05,2.3871660232543945e-05,1897.0,2163.0
1650481751,0.0,0.001499943,0.0,2.405047416687012e-05,2.3871660232543945e-05,1361.0,1437.0
1650481752,0.0,0.001499943,0.0,2.405047416687012e-05,2.3871660232543945e-05,1361.0,1437.0
1650481753,0.005,0.002661826,0.0,2.4139881134033203e-05,2.396106719970703e-05,2723.5,2907.0
1650481754,0.0,0.002767166,0.0,2.4020671844482425e-05,2.384185791015625e-05,2723.0,3070.0
1650481755,0.0,0.003069978,0.0,2.4139881134033203e-05,2.396106719970703e-05,3116.0,3146.0
1650481756,0.0,0.003069978,0.0,2.4139881134033203e-05,2.396106719970703e-05,3116.0,3146.0
1650481757,0.0,0.002915571,0.0,2.3871660232543945e-05,2.3692846298217773e-05,2925.5,3872.5
1650481758,0.0,0.001346207,0.0,2.3871660232543945e-05,2.3692846298217773e-05,1362.0,1437.0
1650481759,0.0,0.001346207,0.0,2.3871660232543945e-05,2.3692846298217773e-05,1362.0,1437.0
1650481760,0.0,0.0026293355,0.0,2.3871660232543945e-05,2.3692846298217773e-05,2723.5,2905.5
1650481761,0.0,0.001449157,0.0,2.3871660232543945e-05,2.3692846298217773e-05,1415.0,1503.0
1650481762,0.0,0.001449157,0.0,2.3871660232543945e-05,2.3692846298217773e-05,1415.0,1503.0
1650481763,0.0,0.0020930045,0.0,2.3871660232543945e-05,2.3692846298217773e-05,2179.0,2258.5
1650481764,0.0,0.005464009,0.0,2.3871660232543945e-05,2.3692846298217773e-05,5446.0,5811.0
1650481765,0.01,0.004294719,0.0,2.405047416687012e-05,2.3871660232543945e-05,4225.0,4649.0
1650481766,0.01,0.004294719,0.0,2.405047416687012e-05,2.3871660232543945e-05,4225.0,4649.0
1650481767,0.0,0.00228583,0.005,2.422928810119629e-05,2.405047416687012e-05,2248.5,2295.0
1650481768,0.0,0.004197743,0.0,2.422928810119629e-05,2.405047416687012e-05,4151.0,6737.0
1650481769,0.0,0.004197743,0.0,2.422928810119629e-05,2.405047416687012e-05,4151.0,6737.0
1650481770,0.005,0.0027922685,0.0,2.431869506835937e-05,2.4139881134033203e-05,2750.5,2940.0
1650481771,0.005,0.0027922685,0.0,2.431869506835937e-05,2.4139881134033203e-05,2750.5,2940.0
1650481772,0.0,0.002561575,0.0,2.422928810119629e-05,2.405047416687012e-05,2723.5,2873.5
1650481773,0.0,0.002978828,0.0,2.422928810119629e-05,2.405047416687012e-05,2854.0,3072.0
1650481774,0.0,0.002673837,0.0,2.405047416687012e-05,2.3871660232543945e-05,2724.0,2874.0
1650481775,0.0,0.002673837,0.0,2.405047416687012e-05,2.3871660232543945e-05,2724.0,2874.0
1650481776,0.0,0.002653611,0.0,2.405047416687012e-05,2.3871660232543945e-05,2723.5,3005.5
1650481777,0.0,0.001685682,0.0,2.405047416687012e-05,2.3871660232543945e-05,1502.0,1577.0
1650481778,0.0,0.001359795,0.0,2.408027648925781e-05,2.390146255493164e-05,1428.0,2684.0
1650481779,0.0,0.003840018,0.0,2.405047416687012e-05,2.3871660232543945e-05,4218.0,4376.0
1650481780,0.0,0.003840018,0.0,2.405047416687012e-05,2.3871660232543945e-05,4218.0,4376.0
1650481781,0.005,0.0027757355,0.0,2.408027648925781e-05,2.390146255493164e-05,2749.5,2906.0
1650481782,0.005,0.0027757355,0.0,2.408027648925781e-05,2.390146255493164e-05,2749.5,2906.0
1650481783,0.0,0.0021933825,0.005,2.372264862060547e-05,2.3543834686279297e-05,2196.0,2242.0
1650481784,0.0,0.0021933825,0.005,2.372264862060547e-05,2.3543834686279297e-05,2196.0,2242.0
1650481785,0.0,0.002653472,0.0,2.3812055587768555e-05,2.3633241653442383e-05,2723.0,2873.5
1650481786,0.0,0.001804542,0.0,2.3871660232543945e-05,2.3692846298217773e-05,2394.0,2414.0
1650481787,0.0,0.001804542,0.0,2.3871660232543945e-05,2.3692846298217773e-05,2394.0,2414.0
1650481788,0.0,0.0021294605,0.0,2.390146255493164e-05,2.372264862060547e-05,1693.5,2206.5
1650481789,0.0,0.002985964,0.0,2.3871660232543945e-05,2.3692846298217773e-05,3128.0,3080.0
1650481790,0.0,0.002985964,0.0,2.3871660232543945e-05,2.3692846298217773e-05,3128.0,3080.0
1650481791,0.0,0.003349731,0.005,2.3871660232543945e-05,2.3692846298217773e-05,3436.5,3591.5
1650481792,0.0,0.003349731,0.005,2.3871660232543945e-05,2.3692846298217773e-05,3436.5,3591.5
1650481793,0.0,0.0020199785,0.0,2.3871660232543945e-05,2.3692846298217773e-05,2068.5,2187.5
1650481794,0.0,0.0020199785,0.0,2.3871660232543945e-05,2.3692846298217773e-05,2068.5,2187.5
1650481795,0.005,0.0035437535,0.0,2.3871660232543945e-05,2.3692846298217773e-05,3404.5,3592.5
1650481796,0.0,0.002862407,0.0,2.405047416687012e-05,2.3871660232543945e-05,2862.0,3080.0
1650481797,0.0,0.002862407,0.0,2.405047416687012e-05,2.3871660232543945e-05,2862.0,3080.0
1650481798,0.0,0.001636794,0.0,2.3871660232543945e-05,2.3692846298217773e-05,1428.0,2463.5
1650481799,0.0,0.003879003,0.01,2.390146255493164e-05,2.372264862060547e-05,3444.0,3831.0
1650481800,0.01,0.004955567,0.0,2.3871660232543945e-05,2.3692846298217773e-05,5061.0,5190.0
1650481801,0.01,0.004955567,0.0,2.3871660232543945e-05,2.3692846298217773e-05,5061.0,5190.0
1650481802,0.0,0.0028720505,0.0,2.405047416687012e-05,2.3871660232543945e-05,2819.5,2975.0
1650481803,0.0,0.0028720505,0.0,2.405047416687012e-05,2.3871660232543945e-05,2819.5,2975.0
1650481804,0.0,0.0013497,0.0,2.405047416687012e-05,2.3871660232543945e-05,1361.5,1470.0
1650481805,0.0,0.0013497,0.0,2.405047416687012e-05,2.3871660232543945e-05,1361.5,1470.0
1650481806,0.0,0.0020779685,0.0,2.422928810119629e-05,2.405047416687012e-05,2112.5,2256.5
1650481807,0.01,0.005744442,0.0,2.422928810119629e-05,2.405047416687012e-05,5446.0,8419.0
1650481808,0.01,0.005744442,0.0,2.422928810119629e-05,2.405047416687012e-05,5446.0,8419.0
1650481809,0.0,0.0013315955,0.0,2.422928810119629e-05,2.405047416687012e-05,1361.5,1469.0
1650481810,0.0,0.0013315955,0.0,2.422928810119629e-05,2.405047416687012e-05,1361.5,1469.0
1650481811,0.005,0.0021140195,0.0,2.422928810119629e-05,2.405047416687012e-05,2145.0,2357.5
1650481812,0.005,0.0021140195,0.0,2.422928810119629e-05,2.405047416687012e-05,2145.0,2357.5
1650481813,0.0,0.0015823195,0.0,2.405047416687012e-05,2.3871660232543945e-05,1493.5,1470.0
1650481814,0.0,0.003116934,0.01,2.3871660232543945e-05,2.3692846298217773e-05,3373.0,3630.0
1650481815,0.0,0.003116934,0.01,2.3871660232543945e-05,2.3692846298217773e-05,3373.0,3630.0
1650481816,0.0,0.0018446345,0.005,2.405047416687012e-05,2.3871660232543945e-05,1852.0,1913.5
1650481817,0.01,0.001632966,0.0,2.3871660232543945e-05,2.3692846298217773e-05,1494.0,1503.0
1650481818,0.0,0.003111413,0.0,2.4020671844482425e-05,2.384185791015625e-05,2995.0,4330.0
1650481819,0.01,0.002731053,0.0,2.3931264877319336e-05,2.3752450942993164e-05,2723.0,3005.0
1650481820,0.01,0.002731053,0.0,2.3931264877319336e-05,2.3752450942993164e-05,2723.0,3005.0
1650481821,0.0,0.0015600495,0.0,2.396106719970703e-05,2.378225326538086e-05,1432.0,1638.5
1650481822,0.0,0.007088045,0.0,2.4259090423583984e-05,2.408027648925781e-05,7328.0,7570.0
1650481823,0.0,0.007088045,0.0,2.4259090423583984e-05,2.408027648925781e-05,7328.0,7570.0
1650481824,0.0,0.0013023735,0.0,2.422928810119629e-05,2.405047416687012e-05,1362.0,1437.0
1650481825,0.0,0.0013023735,0.0,2.422928810119629e-05,2.405047416687012e-05,1362.0,1437.0
1650481826,0.0,0.002607673,0.0,2.422928810119629e-05,2.405047416687012e-05,2723.5,2939.0
1650481827,0.0,0.002607673,0.0,2.422928810119629e-05,2.405047416687012e-05,2723.5,2939.0
1650481828,0.0,0.0021436775,0.0,2.405047416687012e-05,2.3871660232543945e-05,2108.5,3047.5
1650481829,0.0,0.001290096,0.0,2.405047416687012e-05,2.3871660232543945e-05,1362.0,1437.0
1650481830,0.0,0.001290096,0.0,2.405047416687012e-05,2.3871660232543945e-05,1362.0,1437.0
1650481831,0.005,0.004540723,0.0,2.4020671844482425e-05,2.384185791015625e-05,4765.5,5226.0
1650481832,0.005,0.004540723,0.0,2.4020671844482425e-05,2.384185791015625e-05,4765.5,5226.0
1650481833,0.005,0.0029053615,0.0,2.422928810119629e-05,2.405047416687012e-05,2962.5,3080.0
1650481834,0.0,0.00308343,0.0,2.405047416687012e-05,2.3871660232543945e-05,2910.0,3006.0
1650481835,0.0,0.002652239,0.0,2.408027648925781e-05,2.390146255493164e-05,2722.0,2939.0
1650481836,0.0,0.002652239,0.0,2.408027648925781e-05,2.390146255493164e-05,2722.0,2939.0
1650481837,0.0,0.002151778,0.0,2.422928810119629e-05,2.405047416687012e-05,2113.0,2856.5
1650481838,0.0,0.001441156,0.0,2.431869506835937e-05,2.4139881134033203e-05,1361.0,1436.0
1650481839,0.0,0.001441156,0.0,2.431869506835937e-05,2.4139881134033203e-05,1361.0,1436.0
1650481840,0.0,0.001518508,0.0,2.434849739074707e-05,2.41696834564209e-05,1524.5,1573.0
1650481841,0.0,0.001518508,0.0,2.434849739074707e-05,2.41696834564209e-05,1524.5,1573.0
1650481842,0.0,0.0026932785,0.0,2.4199485778808597e-05,2.4020671844482425e-05,2723.0,3005.0
1650481843,0.0,0.004593191,0.0,2.4139881134033203e-05,2.396106719970703e-05,4490.0,4649.0
1650481844,0.0,0.004593191,0.0,2.4139881134033203e-05,2.396106719970703e-05,4490.0,4649.0
1650481845,0.0,0.0022933505,0.0,2.396106719970703e-05,2.378225326538086e-05,2276.5,2323.5
1650481846,0.0,0.0022933505,0.0,2.396106719970703e-05,2.378225326538086e-05,2276.5,2323.5
1650481847,0.0,0.001528727,0.0,2.3871660232543945e-05,2.3692846298217773e-05,1497.5,1572.0
1650481848,0.0,0.008481745,0.0,2.396106719970703e-05,2.378225326538086e-05,8443.0,11444.0
1650481849,0.0,0.001364057,0.0,2.3871660232543945e-05,2.3692846298217773e-05,1362.0,1503.0
1650481850,0.0,0.001364057,0.0,2.3871660232543945e-05,2.3692846298217773e-05,1362.0,1503.0
1650481851,0.0,0.0036726375,0.005,2.3871660232543945e-05,2.3692846298217773e-05,3469.0,3723.5
1650481852,0.0,0.0036726375,0.005,2.3871660232543945e-05,2.3692846298217773e-05,3469.0,3723.5
1650481853,0.005,0.0013974335,0.0,2.3871660232543945e-05,2.3692846298217773e-05,1432.0,1507.0
1650481854,0.0,0.003238816,0.0,2.405047416687012e-05,2.3871660232543945e-05,3004.0,3286.0
1650481855,0.0,0.002566126,0.0,2.405047416687012e-05,2.3871660232543945e-05,2855.0,2939.0
1650481856,0.0,0.002566126,0.0,2.405047416687012e-05,2.3871660232543945e-05,2855.0,2939.0
1650481857,0.0,0.001484878,0.0,2.3871660232543945e-05,2.3692846298217773e-05,1461.0,1503.0
1650481858,0.0,0.002888101,0.0,2.3871660232543945e-05,2.3692846298217773e-05,2778.0,4474.0
1650481859,0.01,0.003997907,0.0,2.405047416687012e-05,2.3871660232543945e-05,4226.0,4517.0
1650481860,0.01,0.003997907,0.0,2.405047416687012e-05,2.3871660232543945e-05,4226.0,4517.0
1650481861,0.0,0.002657889,0.005,2.428889274597168e-05,2.4110078811645508e-05,2793.5,2975.5
1650481862,0.0,0.002657889,0.005,2.428889274597168e-05,2.4110078811645508e-05,2793.5,2975.5
1650481863,0.0,0.000688119,0.0,2.422928810119629e-05,2.405047416687012e-05,701.0,772.0
1650481864,0.0,0.004448775,0.0,2.4259090423583984e-05,2.408027648925781e-05,4224.0,4581.0
1650481865,0.0,0.00266843,0.01,2.422928810119629e-05,2.405047416687012e-05,2855.0,2939.0
1650481866,0.0,0.002756134,0.0,2.422928810119629e-05,2.405047416687012e-05,2790.0,3006.0
1650481867,0.0,0.002756134,0.0,2.422928810119629e-05,2.405047416687012e-05,2790.0,3006.0
1650481868,0.0,0.002136762,0.0,2.422928810119629e-05,2.405047416687012e-05,2043.0,3017.0
1650481869,0.0,0.002136762,0.0,2.422928810119629e-05,2.405047416687012e-05,2043.0,3017.0
1650481870,0.0,0.0022466705,0.0,2.4139881134033203e-05,2.396106719970703e-05,2108.0,2221.0
1650481871,0.0,0.002953759,0.0,2.3871660232543945e-05,2.3692846298217773e-05,2855.0,2939.0
1650481872,0.0,0.002953759,0.0,2.3871660232543945e-05,2.3692846298217773e-05,2855.0,2939.0
1650481873,0.0,0.0020470255,0.0,2.4139881134033203e-05,2.396106719970703e-05,2113.0,2258.5
1650481874,0.0,0.004546627,0.0,2.3871660232543945e-05,2.3692846298217773e-05,4357.0,4779.0
1650481875,0.0,0.004546627,0.0,2.3871660232543945e-05,2.3692846298217773e-05,4357.0,4779.0
1650481876,0.0,0.0021128745,0.0,2.3871660232543945e-05,2.3692846298217773e-05,2141.5,2155.0
1650481877,0.0,0.004184488,0.0,2.431869506835937e-05,2.4139881134033203e-05,4364.0,4591.0
1650481878,0.0,0.004244835,0.0,2.405047416687012e-05,2.3871660232543945e-05,4215.0,7257.0
1650481879,0.01,0.001510571,0.0,2.3871660232543945e-05,2.3692846298217773e-05,1560.0,1557.0
1650481880,0.01,0.001510571,0.0,2.3871660232543945e-05,2.3692846298217773e-05,1560.0,1557.0
1650481881,0.0,0.0019809555,0.0,2.473592758178711e-05,2.4557113647460938e-05,2043.0,2221.5
1650481882,0.0,0.004205071,0.02,2.41696834564209e-05,2.3990869522094727e-05,4226.0,4451.0
1650481883,0.0,0.004205071,0.02,2.41696834564209e-05,2.3990869522094727e-05,4226.0,4451.0
1650481884,0.005,0.0020947585,0.0,2.422928810119629e-05,2.405047416687012e-05,2112.0,2224.5
1650481885,0.005,0.0020947585,0.0,2.422928810119629e-05,2.405047416687012e-05,2112.0,2224.5
1650481886,0.0,0.0021551435,0.0,2.428889274597168e-05,2.4110078811645508e-05,2146.0,2390.5
1650481887,0.0,0.001460042,0.0,2.422928810119629e-05,2.405047416687012e-05,1428.0,2467.0
1650481888,0.0,0.001460042,0.0,2.422928810119629e-05,2.405047416687012e-05,1428.0,2467.0
1650481889,0.0,0.001984864,0.0,2.4259090423583984e-05,2.408027648925781e-05,2075.5,2220.5
1650481890,0.0,0.002742759,0.0,2.4259090423583984e-05,2.408027648925781e-05,2723.0,2873.0
1650481891,0.01,0.002928333,0.0,2.408027648925781e-05,2.390146255493164e-05,2856.0,3004.0
1650481892,0.01,0.002928333,0.0,2.408027648925781e-05,2.390146255493164e-05,2856.0,3004.0
1650481893,0.0,0.0020631205,0.0,2.41696834564209e-05,2.3990869522094727e-05,2043.0,2186.5
1650481894,0.0,0.001484851,0.0,2.405047416687012e-05,2.3871660232543945e-05,1362.0,1437.0
1650481895,0.0,0.004267295,0.01,2.3871660232543945e-05,2.3692846298217773e-05,4218.0,4574.0
1650481896,0.0,0.004267295,0.01,2.3871660232543945e-05,2.3692846298217773e-05,4218.0,4574.0
1650481897,0.0,0.001829892,0.0,2.405047416687012e-05,2.3871660232543945e-05,1670.5,1679.5
1650481898,0.0,0.005416433,0.0,2.408027648925781e-05,2.390146255493164e-05,5579.0,7632.0
1650481899,0.0,0.001639352,0.0,2.405047416687012e-05,2.3871660232543945e-05,1494.0,1569.0
1650481900,0.0,0.002637449,0.0,2.3871660232543945e-05,2.3692846298217773e-05,2723.0,2873.0
1650481901,0.0,0.002637449,0.0,2.3871660232543945e-05,2.3692846298217773e-05,2723.0,2873.0
1650481902,0.0,0.0012964765,0.0,2.3871660232543945e-05,2.3692846298217773e-05,1361.5,1436.0
1650481903,0.01,0.002761435,0.0,2.3871660232543945e-05,2.3692846298217773e-05,2765.0,2981.0
1650481904,0.0,0.001574197,0.0,2.3871660232543945e-05,2.3692846298217773e-05,1359.0,1436.0
1650481905,0.0,0.001574197,0.0,2.3871660232543945e-05,2.3692846298217773e-05,1359.0,1436.0
1650481906,0.0,0.00208528,0.0,2.405047416687012e-05,2.3871660232543945e-05,2113.0,2225.0
1650481907,0.0,0.00208528,0.0,2.405047416687012e-05,2.3871660232543945e-05,2113.0,2225.0
1650481908,0.0,0.0025055925,0.005,2.3871660232543945e-05,2.3692846298217773e-05,2315.0,3492.5
1650481909,0.0,0.002986408,0.0,2.405047416687012e-05,2.3871660232543945e-05,2994.0,3013.0
1650481910,0.0,0.002721209,0.0,2.422928810119629e-05,2.405047416687012e-05,2929.0,3079.0
1650481911,0.0,0.002721209,0.0,2.422928810119629e-05,2.405047416687012e-05,2929.0,3079.0
1650481912,0.0,0.0022796195,0.0,2.422928810119629e-05,2.405047416687012e-05,2212.0,2351.5
1650481913,0.0,0.0022796195,0.0,2.422928810119629e-05,2.405047416687012e-05,2212.0,2351.5
1650481914,0.0,0.001259575,0.0,2.422928810119629e-05,2.405047416687012e-05,1361.5,1501.5
1650481915,0.01,0.006528165,0.0,2.431869506835937e-05,2.4139881134033203e-05,5991.0,6158.0
1650481916,0.01,0.006528165,0.0,2.431869506835937e-05,2.4139881134033203e-05,5991.0,6158.0
1650481917,0.0,0.0028381665,0.0,2.4199485778808597e-05,2.4020671844482425e-05,2723.5,4445.5
1650481918,0.0,0.0028381665,0.0,2.4199485778808597e-05,2.4020671844482425e-05,2723.5,4445.5
1650481919,0.005,0.0018270625,0.0,2.422928810119629e-05,2.405047416687012e-05,1600.5,1642.0
1650481920,0.005,0.0018270625,0.0,2.422928810119629e-05,2.405047416687012e-05,1600.5,1642.0
1650481921,0.0,0.0020704145,0.0,2.422928810119629e-05,2.405047416687012e-05,2108.5,2253.5
1650481922,0.0,0.0020704145,0.0,2.422928810119629e-05,2.405047416687012e-05,2108.5,2253.5
1650481923,0.005,0.002721824,0.0,2.431869506835937e-05,2.4139881134033203e-05,2756.5,3000.0
1650481924,0.0,0.002746192,0.0,2.422928810119629e-05,2.405047416687012e-05,2789.0,2928.0
1650481925,0.0,0.002746192,0.0,2.422928810119629e-05,2.405047416687012e-05,2789.0,2928.0
1650481926,0.0,0.001288232,0.0,2.422928810119629e-05,2.405047416687012e-05,1361.5,1502.0
1650481927,0.0,0.002984314,0.0,2.422928810119629e-05,2.405047416687012e-05,2996.0,3079.0
1650481928,0.0,0.004394732,0.0,2.4199485778808597e-05,2.4020671844482425e-05,4084.0,6171.0
1650481929,0.0,0.001802472,0.0,2.405047416687012e-05,2.3871660232543945e-05,1634.0,1643.0
1650481930,0.0,0.001327688,0.01,2.408027648925781e-05,2.390146255493164e-05,1428.0,1437.0
1650481931,0.0,0.001327688,0.01,2.408027648925781e-05,2.390146255493164e-05,1428.0,1437.0
1650481932,0.0,0.002694497,0.0,2.405047416687012e-05,2.3871660232543945e-05,2789.5,2906.0
1650481933,0.0,0.002694497,0.0,2.405047416687012e-05,2.3871660232543945e-05,2789.5,2906.0
1650481934,0.005,0.003487383,0.005,2.422928810119629e-05,2.405047416687012e-05,3475.0,3694.5
1650481935,0.0,0.002821184,0.0,2.422928810119629e-05,2.405047416687012e-05,2723.0,2873.0
1650481936,0.0,0.001440041,0.0,2.422928810119629e-05,2.405047416687012e-05,1881.0,2127.0
1650481937,0.0,0.002499993,0.0,2.4259090423583984e-05,2.408027648925781e-05,2205.0,3746.0
1650481938,0.0,0.001379389,0.0,2.422928810119629e-05,2.405047416687012e-05,1362.0,1436.0
1650481939,0.0,0.001379389,0.0,2.422928810119629e-05,2.405047416687012e-05,1362.0,1436.0
1650481940,0.0,0.001354243,0.0,2.4199485778808597e-05,2.4020671844482425e-05,1362.0,1535.5
1650481941,0.0,0.004194101,0.01,2.422928810119629e-05,2.405047416687012e-05,4358.0,4451.0
1650481942,0.0,0.004194101,0.01,2.422928810119629e-05,2.405047416687012e-05,4358.0,4451.0
1650481943,0.0,0.002109128,0.0,2.4139881134033203e-05,2.396106719970703e-05,2161.5,2241.5
1650481944,0.0,0.002109128,0.0,2.4139881134033203e-05,2.396106719970703e-05,2161.5,2241.5
1650481945,0.005,0.001539773,0.0,2.3871660232543945e-05,2.3692846298217773e-05,1427.5,1502.5
1650481946,0.0,0.004194551,0.0,2.405047416687012e-05,2.3871660232543945e-05,4224.0,4450.0
1650481947,0.0,0.002823063,0.0,2.405047416687012e-05,2.3871660232543945e-05,2723.0,5271.0
1650481948,0.0,0.003991464,0.0,2.405047416687012e-05,2.3871660232543945e-05,4085.0,4374.0
1650481949,0.0,0.003991464,0.0,2.405047416687012e-05,2.3871660232543945e-05,4085.0,4374.0
1650481950,0.0,0.0013704455,0.005,2.405047416687012e-05,2.3871660232543945e-05,1362.0,1437.0
1650481951,0.0,0.0013704455,0.005,2.405047416687012e-05,2.3871660232543945e-05,1362.0,1437.0
1650481952,0.0,0.0022634495,0.0,2.422928810119629e-05,2.405047416687012e-05,2216.0,2361.5
1650481953,0.0,0.003806706,0.0,2.431869506835937e-05,2.4139881134033203e-05,4217.0,4376.0
1650481954,0.0,0.004147534,0.0,2.422928810119629e-05,2.405047416687012e-05,4137.0,4375.0
1650481955,0.0,0.004147534,0.0,2.422928810119629e-05,2.405047416687012e-05,4137.0,4375.0
1650481956,0.0,0.0033195465,0.0,2.422928810119629e-05,2.405047416687012e-05,3404.0,3592.0
1650481957,0.0,0.002918076,0.0,2.422928810119629e-05,2.405047416687012e-05,2723.0,5326.0
1650481958,0.0,0.002918076,0.0,2.422928810119629e-05,2.405047416687012e-05,2723.0,5326.0
1650481959,0.005,0.0034470525,0.0,2.4139881134033203e-05,2.396106719970703e-05,3470.5,3624.0
1650481960,0.005,0.0034470525,0.0,2.4139881134033203e-05,2.396106719970703e-05,3470.5,3624.0
1650481961,0.0,0.0034164475,0.005,2.405047416687012e-05,2.3871660232543945e-05,3405.0,3625.5
1650481962,0.0,0.0034164475,0.005,2.405047416687012e-05,2.3871660232543945e-05,3405.0,3625.5
1650481963,0.0,0.0016386185,0.0,2.405047416687012e-05,2.3871660232543945e-05,1431.5,1572.5
1650481964,0.0,0.0016386185,0.0,2.405047416687012e-05,2.3871660232543945e-05,1431.5,1572.5
1650481965,0.005,0.0022223075,0.0,2.428889274597168e-05,2.4110078811645508e-05,2211.0,2225.0
1650481966,0.0,0.002805998,0.0,2.422928810119629e-05,2.405047416687012e-05,2723.0,2872.0
1650481967,0.0,0.002805998,0.0,2.422928810119629e-05,2.405047416687012e-05,2723.0,2872.0
1650481968,0.0,0.0021972605,0.0,2.405047416687012e-05,2.3871660232543945e-05,2109.0,3170.5
1650481969,0.0,0.004156244,0.0,2.405047416687012e-05,2.3871660232543945e-05,4084.0,4309.0
1650481970,0.0,0.004156244,0.0,2.405047416687012e-05,2.3871660232543945e-05,4084.0,4309.0
1650481971,0.0,0.0026780365,0.005,2.405047416687012e-05,2.3871660232543945e-05,2723.5,2873.5
1650481972,0.01,0.005505251,0.0,2.405047416687012e-05,2.3871660232543945e-05,5447.0,5748.0
1650481973,0.0,0.004170821,0.0,2.4199485778808597e-05,2.4020671844482425e-05,4222.0,4643.0
1650481974,0.0,0.004170821,0.0,2.4199485778808597e-05,2.4020671844482425e-05,4222.0,4643.0
1650481975,0.0,0.0016187675,0.0,2.422928810119629e-05,2.405047416687012e-05,1464.0,1506.0
1650481976,0.0,0.003939547,0.0,2.431869506835937e-05,2.4139881134033203e-05,4218.0,4441.0
1650481977,0.0,0.003939547,0.0,2.431869506835937e-05,2.4139881134033203e-05,4218.0,4441.0
1650481978,0.0,0.0014235715,0.0,2.422928810119629e-05,2.405047416687012e-05,1361.5,2628.5
1650481979,0.0,0.0014235715,0.0,2.422928810119629e-05,2.405047416687012e-05,1361.5,2628.5
1650481980,0.0,0.0021158525,0.0,2.405047416687012e-05,2.3871660232543945e-05,2108.0,2188.0
1650481981,0.0,0.0021158525,0.0,2.405047416687012e-05,2.3871660232543945e-05,2108.0,2188.0
1650481982,0.0,0.002335782,0.0,2.3871660232543945e-05,2.3692846298217773e-05,2108.0,2188.0
1650481983,0.0,0.002335782,0.0,2.3871660232543945e-05,2.3692846298217773e-05,2108.0,2188.0
1650481984,0.005,0.002152116,0.0,2.405047416687012e-05,2.3871660232543945e-05,2134.0,2278.5
1650481985,0.0,0.003311622,0.01,2.4110078811645508e-05,2.3931264877319336e-05,2862.0,3143.0
1650481986,0.0,0.002698167,0.0,2.405047416687012e-05,2.3871660232543945e-05,2855.0,2939.0
1650481987,0.0,0.002698167,0.0,2.405047416687012e-05,2.3871660232543945e-05,2855.0,2939.0
1650481988,0.0,0.0021452055,0.0,2.4139881134033203e-05,2.396106719970703e-05,2075.5,3270.5
1650481989,0.01,0.002706834,0.0,2.4199485778808597e-05,2.4020671844482425e-05,2723.0,2874.0
1650481990,0.0,0.005729921,0.0,2.405047416687012e-05,2.3871660232543945e-05,5720.0,6019.0
1650481991,0.0,0.002738791,0.0,2.4139881134033203e-05,2.396106719970703e-05,2778.0,2940.0
1650481992,0.0,0.002738791,0.0,2.4139881134033203e-05,2.396106719970703e-05,2778.0,2940.0
1650481993,0.0,0.0012681275,0.0,2.405047416687012e-05,2.3871660232543945e-05,1362.0,1437.0
1650481994,0.01,0.002605637,0.0,2.408027648925781e-05,2.390146255493164e-05,2724.0,2940.0
1650481995,0.01,0.002605637,0.0,2.408027648925781e-05,2.390146255493164e-05,2724.0,2940.0
1650481996,0.0,0.0013134815,0.0,2.4020671844482425e-05,2.384185791015625e-05,1361.5,1536.0
1650481997,0.0,0.003207842,0.0,2.405047416687012e-05,2.3871660232543945e-05,2929.0,4287.0
1650481998,0.0,0.003207842,0.0,2.405047416687012e-05,2.3871660232543945e-05,2929.0,4287.0
1650481999,0.0,0.00274606,0.0,2.4110078811645508e-05,2.3931264877319336e-05,2788.0,2873.0
1650482000,0.0,0.002751186,0.0,2.405047416687012e-05,2.3871660232543945e-05,2724.0,2940.0
1650482001,0.0,0.002751186,0.0,2.405047416687012e-05,2.3871660232543945e-05,2724.0,2940.0
1650482002,0.0,0.001298802,0.0,2.405047416687012e-05,2.3871660232543945e-05,1362.0,1503.0
1650482003,0.0,0.003221728,0.0,2.3871660232543945e-05,2.3692846298217773e-05,3127.0,3145.0
1650482004,0.0,0.002925935,0.0,2.405047416687012e-05,2.3871660232543945e-05,2864.0,3014.0
1650482005,0.0,0.001419293,0.0,2.405047416687012e-05,2.3871660232543945e-05,1362.0,1436.0
1650482006,0.0,0.001419293,0.0,2.405047416687012e-05,2.3871660232543945e-05,1362.0,1436.0
1650482007,0.005,0.002936344,0.0,2.4139881134033203e-05,2.396106719970703e-05,2852.5,3042.5
1650482008,0.0,0.001506751,0.0,2.41696834564209e-05,2.3990869522094727e-05,1428.0,3748.0
1650482009,0.0,0.002665552,0.01,2.405047416687012e-05,2.3871660232543945e-05,2789.0,2872.0
1650482010,0.0,0.002639872,0.0,2.41696834564209e-05,2.3990869522094727e-05,2723.0,3006.0
1650482011,0.0,0.002639872,0.0,2.41696834564209e-05,2.3990869522094727e-05,2723.0,3006.0
1650482012,0.0,0.0015074005,0.0,2.390146255493164e-05,2.372264862060547e-05,1427.5,1469.5
1650482013,0.0,0.002855071,0.0,2.4139881134033203e-05,2.396106719970703e-05,2863.0,3076.0
1650482014,0.0,0.002855071,0.0,2.4139881134033203e-05,2.396106719970703e-05,2863.0,3076.0
1650482015,0.0,0.0013338205,0.0,2.408027648925781e-05,2.390146255493164e-05,1362.0,1470.0
1650482016,0.01,0.002731849,0.01,2.408027648925781e-05,2.390146255493164e-05,2724.0,2940.0
1650482017,0.01,0.002731849,0.01,2.408027648925781e-05,2.390146255493164e-05,2724.0,2940.0
1650482018,0.0,0.00229504,0.0,2.422928810119629e-05,2.405047416687012e-05,2215.5,2772.5
1650482019,0.0,0.00229504,0.0,2.422928810119629e-05,2.405047416687012e-05,2215.5,2772.5
1650482020,0.0,0.0035370585,0.0,2.422928810119629e-05,2.405047416687012e-05,3469.0,3656.5
1650482021,0.0,0.0035370585,0.0,2.422928810119629e-05,2.405047416687012e-05,3469.0,3656.5
1650482022,0.0,0.001392851,0.0,2.422928810119629e-05,2.405047416687012e-05,1362.0,1437.0
1650482023,0.0,0.006666746,0.0,2.422928810119629e-05,2.405047416687012e-05,6850.0,7291.0
1650482024,0.0,0.006666746,0.0,2.422928810119629e-05,2.405047416687012e-05,6850.0,7291.0
1650482025,0.005,0.0020376255,0.0,2.422928810119629e-05,2.405047416687012e-05,2041.5,2186.5
1650482026,0.0,0.004398698,0.01,2.405047416687012e-05,2.3871660232543945e-05,4218.0,4441.0
1650482027,0.0,0.004398698,0.01,2.405047416687012e-05,2.3871660232543945e-05,4218.0,4441.0
1650482028,0.0,0.0027281795,0.005,2.4199485778808597e-05,2.4020671844482425e-05,2792.5,4360.0
1650482029,0.0,0.002960389,0.0,2.422928810119629e-05,2.405047416687012e-05,2930.0,3014.0
1650482030,0.0,0.002960389,0.0,2.422928810119629e-05,2.405047416687012e-05,2930.0,3014.0
1650482031,0.0,0.00283328,0.0,2.428889274597168e-05,2.4110078811645508e-05,2789.0,2871.5
1650482032,0.0,0.00283328,0.0,2.428889274597168e-05,2.4110078811645508e-05,2789.0,2871.5
1650482033,0.005,0.00129884,0.0,2.422928810119629e-05,2.405047416687012e-05,1362.0,1437.0
1650482034,0.0,0.002613064,0.0,2.422928810119629e-05,2.405047416687012e-05,2776.0,3005.0
1650482035,0.0,0.002613064,0.0,2.422928810119629e-05,2.405047416687012e-05,2776.0,3005.0
1650482036,0.0,0.0015230865,0.0,2.3871660232543945e-05,2.3692846298217773e-05,1493.5,1502.5
1650482037,0.0,0.003092724,0.0,2.4139881134033203e-05,2.396106719970703e-05,2863.0,4060.0
1650482038,0.0,0.002837002,0.0,2.422928810119629e-05,2.405047416687012e-05,2864.0,3076.0
1650482039,0.0,0.002837002,0.0,2.422928810119629e-05,2.405047416687012e-05,2864.0,3076.0
1650482040,0.005,0.0030464465,0.005,2.422928810119629e-05,2.405047416687012e-05,2826.0,3008.0
1650482041,0.005,0.0030464465,0.005,2.422928810119629e-05,2.405047416687012e-05,2826.0,3008.0
1650482042,0.0,0.0021217285,0.0,2.422928810119629e-05,2.405047416687012e-05,2244.5,2323.0
1650482043,0.0,0.0021217285,0.0,2.422928810119629e-05,2.405047416687012e-05,2244.5,2323.0
1650482044,0.0,0.002230604,0.0,2.431869506835937e-05,2.4139881134033203e-05,2179.0,2258.5
1650482045,0.0,0.002230604,0.0,2.431869506835937e-05,2.4139881134033203e-05,2179.0,2258.5
1650482046,0.0,0.002846828,0.0,2.422928810119629e-05,2.405047416687012e-05,2723.5,2906.5
1650482047,0.01,0.001547493,0.0,2.428889274597168e-05,2.4110078811645508e-05,1361.0,3160.0
1650482048,0.01,0.001547493,0.0,2.428889274597168e-05,2.4110078811645508e-05,1361.0,3160.0
1650482049,0.0,0.002712308,0.0,2.422928810119629e-05,2.405047416687012e-05,2749.5,2938.5
1650482050,0.0,0.002675532,0.0,2.4199485778808597e-05,2.4020671844482425e-05,2724.0,3072.0
1650482051,0.0,0.002675532,0.0,2.4199485778808597e-05,2.4020671844482425e-05,2724.0,3072.0
1650482052,0.0,0.0020699145,0.0,2.422928810119629e-05,2.405047416687012e-05,2178.0,2324.0
1650482053,0.0,0.002594633,0.01,2.422928810119629e-05,2.405047416687012e-05,2789.0,2939.0
1650482054,0.0,0.002594633,0.01,2.422928810119629e-05,2.405047416687012e-05,2789.0,2939.0
1650482055,0.0,0.001493538,0.0,2.405047416687012e-05,2.3871660232543945e-05,1494.0,1535.5
1650482056,0.0,0.004252562,0.0,2.405047416687012e-05,2.3871660232543945e-05,4225.0,4450.0
1650482057,0.0,0.004252562,0.0,2.405047416687012e-05,2.3871660232543945e-05,4225.0,4450.0
1650482058,0.0,0.0028394065,0.0,2.512335777282715e-05,2.4944543838500977e-05,2792.0,3824.5
1650482059,0.0,0.001275076,0.0,2.422928810119629e-05,2.405047416687012e-05,1362.0,1436.0
1650482060,0.0,0.002699236,0.0,2.431869506835937e-05,2.4139881134033203e-05,2721.0,2873.0
1650482061,0.0,0.002699236,0.0,2.431869506835937e-05,2.4139881134033203e-05,2721.0,2873.0
1650482062,0.0,0.002276631,0.005,2.405047416687012e-05,2.3871660232543945e-05,2211.0,2390.5
1650482063,0.0,0.002507875,0.0,2.405047416687012e-05,2.3871660232543945e-05,2898.0,2982.0
1650482064,0.01,0.004215285,0.0,2.422928810119629e-05,2.405047416687012e-05,4225.0,4451.0
1650482065,0.01,0.004215285,0.0,2.422928810119629e-05,2.405047416687012e-05,4225.0,4451.0
1650482066,0.0,0.0027194105,0.0,2.422928810119629e-05,2.405047416687012e-05,2722.5,2938.0
1650482067,0.0,0.0027194105,0.0,2.422928810119629e-05,2.405047416687012e-05,2722.5,2938.0
1650482068,0.0,0.0014009015,0.0,2.422928810119629e-05,2.405047416687012e-05,1361.0,2170.0
1650482069,0.0,0.002770878,0.0,2.422928810119629e-05,2.405047416687012e-05,2723.0,2938.0
1650482070,0.0,0.005085461,0.0,2.422928810119629e-05,2.405047416687012e-05,5448.0,5748.0
1650482071,0.0,0.00140798,0.0,2.422928810119629e-05,2.405047416687012e-05,1362.0,1437.0
1650482072,0.0,0.00140798,0.0,2.422928810119629e-05,2.405047416687012e-05,1362.0,1437.0
1650482073,0.005,0.001620398,0.0,2.422928810119629e-05,2.405047416687012e-05,1459.0,1638.5
1650482074,0.005,0.001620398,0.0,2.422928810119629e-05,2.405047416687012e-05,1459.0,1638.5
1650482075,0.0,0.0022316035,0.005,2.3871660232543945e-05,2.3692846298217773e-05,2273.0,2221.5
1650482076,0.01,0.0041274,0.0,2.3871660232543945e-05,2.3692846298217773e-05,4086.0,4311.0
1650482077,0.0,0.002843593,0.0,2.390146255493164e-05,2.372264862060547e-05,2723.0,4813.0
1650482078,0.0,0.002795019,0.0,2.405047416687012e-05,2.3871660232543945e-05,2864.0,3014.0
1650482079,0.0,0.002795019,0.0,2.405047416687012e-05,2.3871660232543945e-05,2864.0,3014.0
1650482080,0.0,0.0020389175,0.0,2.405047416687012e-05,2.3871660232543945e-05,2043.0,2155.5
1650482081,0.0,0.0020389175,0.0,2.405047416687012e-05,2.3871660232543945e-05,2043.0,2155.5
1650482082,0.0,0.0021897625,0.005,2.422928810119629e-05,2.405047416687012e-05,2112.0,2225.0
1650482083,0.0,0.0021897625,0.005,2.422928810119629e-05,2.405047416687012e-05,2112.0,2225.0
1650482084,0.0,0.0014996125,0.0,2.422928810119629e-05,2.405047416687012e-05,1431.5,1573.0
1650482085,0.01,0.002733617,0.0,2.431869506835937e-05,2.4139881134033203e-05,2854.0,2872.0
1650482086,0.01,0.002733617,0.0,2.431869506835937e-05,2.4139881134033203e-05,2854.0,2872.0
1650482087,0.005,0.001956001,0.0,2.422928810119629e-05,2.405047416687012e-05,2076.0,2188.5
1650482088,0.0,0.003315466,0.0,2.3871660232543945e-05,2.3692846298217773e-05,2988.0,4933.0
1650482089,0.0,0.003757609,0.0,2.3871660232543945e-05,2.3692846298217773e-05,4086.0,4311.0
1650482090,0.0,0.003757609,0.0,2.3871660232543945e-05,2.3692846298217773e-05,4086.0,4311.0
1650482091,0.0,0.0021787395,0.0,2.405047416687012e-05,2.3871660232543945e-05,2113.0,2225.5
1650482092,0.0,0.0021787395,0.0,2.405047416687012e-05,2.3871660232543945e-05,2113.0,2225.5
1650482093,0.005,0.00132502,0.0,2.405047416687012e-05,2.3871660232543945e-05,1362.0,1469.5
1650482094,0.0,0.00274409,0.0,2.41696834564209e-05,2.3990869522094727e-05,2724.0,3006.0
1650482095,0.0,0.00274409,0.0,2.41696834564209e-05,2.3990869522094727e-05,2724.0,3006.0
1650482096,0.0,0.0027834665,0.005,2.41696834564209e-05,2.3990869522094727e-05,2892.5,3042.5
1650482097,0.0,0.00324389,0.0,2.405047416687012e-05,2.3871660232543945e-05,2995.0,3079.0
1650482098,0.0,0.00147155,0.0,2.405047416687012e-05,2.3871660232543945e-05,1360.0,2931.0
1650482099,0.0,0.00147155,0.0,2.405047416687012e-05,2.3871660232543945e-05,1360.0,2931.0
1650482100,0.0,0.002313479,0.0,2.422928810119629e-05,2.405047416687012e-05,2399.5,2603.0
1650482101,0.01,0.00393501,0.0,2.405047416687012e-05,2.3871660232543945e-05,3698.0,3752.0
1650482102,0.0,0.004540164,0.01,2.422928810119629e-05,2.405047416687012e-05,4539.0,4765.0
1650482103,0.0,0.004540164,0.01,2.422928810119629e-05,2.405047416687012e-05,4539.0,4765.0
1650482104,0.005,0.0013109455,0.0,2.422928810119629e-05,2.405047416687012e-05,1361.5,1470.0
1650482105,0.0,0.001450109,0.0,2.4199485778808597e-05,2.4020671844482425e-05,1361.0,1635.0
1650482106,0.0,0.003098626,0.0,2.422928810119629e-05,2.405047416687012e-05,2982.0,3079.0
1650482107,0.0,0.003098626,0.0,2.422928810119629e-05,2.405047416687012e-05,2982.0,3079.0
1650482108,0.0,0.0028389585,0.0,2.431869506835937e-05,2.4139881134033203e-05,2787.0,3798.0
1650482109,0.0,0.0028389585,0.0,2.431869506835937e-05,2.4139881134033203e-05,2787.0,3798.0
1650482110,0.0,0.002160745,0.0,2.4139881134033203e-05,2.396106719970703e-05,2107.5,2253.5
1650482111,0.0,0.002160745,0.0,2.4139881134033203e-05,2.396106719970703e-05,2107.5,2253.5
1650482112,0.0,0.0021775895,0.0,2.422928810119629e-05,2.405047416687012e-05,2113.0,2225.5
1650482113,0.01,0.001334772,0.0,2.422928810119629e-05,2.405047416687012e-05,1362.0,1502.0
1650482114,0.0,0.002647313,0.0,2.422928810119629e-05,2.405047416687012e-05,2724.0,2874.0
1650482115,0.0,0.002830109,0.0,2.422928810119629e-05,2.405047416687012e-05,2722.0,2873.0
1650482116,0.0,0.002830109,0.0,2.422928810119629e-05,2.405047416687012e-05,2722.0,2873.0
1650482117,0.0,0.0023808165,0.0,2.422928810119629e-05,2.405047416687012e-05,2112.0,2357.0
1650482118,0.01,0.005579136,0.01,2.422928810119629e-05,2.405047416687012e-05,5699.0,8831.0
1650482119,0.0,0.0055498,0.0,2.422928810119629e-05,2.405047416687012e-05,5447.0,5813.0
1650482120,0.0,0.0055498,0.0,2.422928810119629e-05,2.405047416687012e-05,5447.0,5813.0
1650482121,0.0,0.0014426205,0.0,2.405047416687012e-05,2.3871660232543945e-05,1428.0,1469.5
1650482122,0.0,0.00549345,0.0,2.408027648925781e-05,2.390146255493164e-05,5501.0,5814.0
1650482123,0.0,0.00549345,0.0,2.408027648925781e-05,2.390146255493164e-05,5501.0,5814.0
1650482124,0.0,0.0021878755,0.0,2.3931264877319336e-05,2.3752450942993164e-05,2108.0,2187.0
1650482125,0.0,0.004048269,0.0,2.405047416687012e-05,2.3871660232543945e-05,4225.0,4448.0
1650482126,0.0,0.004048269,0.0,2.405047416687012e-05,2.3871660232543945e-05,4225.0,4448.0
1650482127,0.0,0.0006087415,0.0,2.405047416687012e-05,2.3871660232543945e-05,681.0,718.5
1650482128,0.01,0.004682075,0.0,2.422928810119629e-05,2.405047416687012e-05,4432.0,7500.0
1650482129,0.01,0.004682075,0.0,2.422928810119629e-05,2.405047416687012e-05,4432.0,7500.0
1650482130,0.0,0.0026957655,0.005,2.422928810119629e-05,2.405047416687012e-05,2789.5,2873.5
1650482131,0.0,0.0026957655,0.005,2.422928810119629e-05,2.405047416687012e-05,2789.5,2873.5
1650482132,0.0,0.00128782,0.0,2.422928810119629e-05,2.405047416687012e-05,1362.0,1470.0
1650482133,0.01,0.002664409,0.0,2.422928810119629e-05,2.405047416687012e-05,2766.0,2982.0
1650482134,0.0,0.002765159,0.0,2.422928810119629e-05,2.405047416687012e-05,2722.0,2939.0
1650482135,0.0,0.002765159,0.0,2.422928810119629e-05,2.405047416687012e-05,2722.0,2939.0
1650482136,0.0,0.001476113,0.0,2.422928810119629e-05,2.405047416687012e-05,1362.0,1436.5
1650482137,0.0,0.003901183,0.0,2.422928810119629e-05,2.405047416687012e-05,4083.0,4439.0
1650482138,0.0,0.003901183,0.0,2.422928810119629e-05,2.405047416687012e-05,4083.0,4439.0
1650482139,0.0,0.002663528,0.0,2.390146255493164e-05,2.372264862060547e-05,2304.5,3349.5
1650482140,0.0,0.001480214,0.0,2.390146255493164e-05,2.372264862060547e-05,1427.0,1434.0
1650482141,0.0,0.001480214,0.0,2.390146255493164e-05,2.372264862060547e-05,1427.0,1434.0
1650482142,0.0,0.003589066,0.0,2.405047416687012e-05,2.3871660232543945e-05,3506.0,3660.5
1650482143,0.0,0.001663884,0.0,2.422928810119629e-05,2.405047416687012e-05,1502.0,1576.0
1650482144,0.0,0.003733466,0.0,2.613663673400879e-05,2.5957822799682617e-05,3755.0,4107.0
1650482145,0.0,0.003733466,0.0,2.613663673400879e-05,2.5957822799682617e-05,3755.0,4107.0
1650482146,0.0,0.001625872,0.005,2.422928810119629e-05,2.405047416687012e-05,1592.5,1636.5
1650482147,0.0,0.001625872,0.005,2.422928810119629e-05,2.405047416687012e-05,1592.5,1636.5
1650482148,0.0,0.0021289925,0.0,2.4139881134033203e-05,2.396106719970703e-05,2069.0,3515.5
1650482149,0.01,0.004763163,0.0,2.422928810119629e-05,2.405047416687012e-05,4498.0,4589.0
1650482150,0.01,0.004763163,0.0,2.422928810119629e-05,2.405047416687012e-05,4498.0,4589.0
1650482151,0.005,0.001418384,0.0,2.405047416687012e-05,2.3871660232543945e-05,1460.0,1469.5
1650482152,0.005,0.001418384,0.0,2.405047416687012e-05,2.3871660232543945e-05,1460.0,1469.5
1650482153,0.0,0.003492887,0.0,2.372264862060547e-05,2.3543834686279297e-05,3535.5,3690.0
1650482154,0.0,0.004236455,0.0,2.3871660232543945e-05,2.3692846298217773e-05,4333.0,4582.0
1650482155,0.0,0.004236455,0.0,2.3871660232543945e-05,2.3692846298217773e-05,4333.0,4582.0
1650482156,0.005,0.001974041,0.0,2.390146255493164e-05,2.372264862060547e-05,2041.5,2221.0
1650482157,0.005,0.001974041,0.0,2.390146255493164e-05,2.372264862060547e-05,2041.5,2221.0
1650482158,0.0,0.003385268,0.005,2.3871660232543945e-05,2.3692846298217773e-05,3405.0,4332.5
1650482159,0.0,0.004347899,0.0,2.3871660232543945e-05,2.3692846298217773e-05,4291.0,4648.0
1650482160,0.0,0.004347899,0.0,2.3871660232543945e-05,2.3692846298217773e-05,4291.0,4648.0
1650482161,0.005,0.0033126095,0.0,2.4139881134033203e-05,2.396106719970703e-05,3540.5,3662.0
1650482162,0.005,0.0033126095,0.0,2.4139881134033203e-05,2.396106719970703e-05,3540.5,3662.0
1650482163,0.0,0.001314572,0.0,2.405047416687012e-05,2.3871660232543945e-05,1382.5,1490.5
1650482164,0.0,0.002909046,0.0,2.422928810119629e-05,2.405047416687012e-05,2917.0,3079.0
1650482165,0.0,0.005196418,0.0,2.4259090423583984e-05,2.408027648925781e-05,5447.0,5879.0
1650482166,0.0,0.005196418,0.0,2.4259090423583984e-05,2.408027648925781e-05,5447.0,5879.0
1650482167,0.0,0.001412717,0.0,2.422928810119629e-05,2.405047416687012e-05,1362.0,2044.0
1650482168,0.0,0.001412717,0.0,2.422928810119629e-05,2.405047416687012e-05,1362.0,2044.0
1650482169,0.0,0.001527942,0.0,2.4110078811645508e-05,2.3931264877319336e-05,1428.0,1569.0
1650482170,0.0,0.003175208,0.01,2.405047416687012e-05,2.3871660232543945e-05,2930.0,3080.0
1650482171,0.0,0.003175208,0.01,2.405047416687012e-05,2.3871660232543945e-05,2930.0,3080.0
1650482172,0.0,0.002267475,0.0,2.437829971313477e-05,2.4199485778808597e-05,2179.0,2225.0
1650482173,0.0,0.002725401,0.0,2.422928810119629e-05,2.405047416687012e-05,2724.0,2874.0
1650482174,0.0,0.002927071,0.0,2.405047416687012e-05,2.3871660232543945e-05,2856.0,2940.0
1650482175,0.0,0.002927071,0.0,2.405047416687012e-05,2.3871660232543945e-05,2856.0,2940.0
1650482176,0.005,0.002892068,0.005,2.396106719970703e-05,2.378225326538086e-05,2789.0,3005.5
1650482177,0.0,0.001774839,0.0,2.372264862060547e-05,2.3543834686279297e-05,1494.0,2963.0
1650482178,0.01,0.00401213,0.0,2.3871660232543945e-05,2.3692846298217773e-05,4226.0,4515.0
1650482179,0.01,0.00401213,0.0,2.3871660232543945e-05,2.3692846298217773e-05,4226.0,4515.0
1650482180,0.0,0.002890398,0.0,2.3871660232543945e-05,2.3692846298217773e-05,2853.5,3075.5
1650482181,0.0,0.002890398,0.0,2.3871660232543945e-05,2.3692846298217773e-05,2853.5,3075.5
1650482182,0.005,0.001525361,0.0,2.4259090423583984e-05,2.408027648925781e-05,1567.5,1576.5
1650482183,0.005,0.001525361,0.0,2.4259090423583984e-05,2.408027648925781e-05,1567.5,1576.5
1650482184,0.0,0.0021900665,0.0,2.405047416687012e-05,2.3871660232543945e-05,2135.5,2220.5
1650482185,0.01,0.00292559,0.0,2.408027648925781e-05,2.390146255493164e-05,2777.0,3006.0
1650482186,0.01,0.00292559,0.0,2.408027648925781e-05,2.390146255493164e-05,2777.0,3006.0
1650482187,0.005,0.0042699175,0.005,2.405047416687012e-05,2.3871660232543945e-05,4221.5,4545.5
1650482188,0.005,0.0042699175,0.005,2.405047416687012e-05,2.3871660232543945e-05,4221.5,4545.5
1650482189,0.0,0.0014295015,0.0,2.405047416687012e-05,2.3871660232543945e-05,1362.0,2208.0
1650482190,0.01,0.003260745,0.0,2.422928810119629e-05,2.405047416687012e-05,3382.0,3900.0
1650482191,0.01,0.003260745,0.0,2.422928810119629e-05,2.405047416687012e-05,3382.0,3900.0
1650482192,0.0,0.0026735085,0.0,2.422928810119629e-05,2.405047416687012e-05,2599.5,2731.0
1650482193,0.0,0.0026735085,0.0,2.422928810119629e-05,2.405047416687012e-05,2599.5,2731.0
1650482194,0.005,0.0025753065,0.0,2.422928810119629e-05,2.405047416687012e-05,2777.5,2893.5
1650482195,0.0,0.003107705,0.01,2.4259090423583984e-05,2.408027648925781e-05,2995.0,3079.0
1650482196,0.0,0.002922304,0.0,2.422928810119629e-05,2.405047416687012e-05,2855.0,2939.0
1650482197,0.0,0.002922304,0.0,2.422928810119629e-05,2.405047416687012e-05,2855.0,2939.0
1650482198,0.0,0.0029372035,0.005,2.405047416687012e-05,2.3871660232543945e-05,2723.5,3625.5
1650482199,0.0,0.0029372035,0.005,2.405047416687012e-05,2.3871660232543945e-05,2723.5,3625.5
1650482200,0.0,0.0019853825,0.0,2.405047416687012e-05,2.3871660232543945e-05,2043.0,2155.5
1650482201,0.0,0.0019853825,0.0,2.405047416687012e-05,2.3871660232543945e-05,2043.0,2155.5
1650482202,0.0,0.0023261725,0.0,2.405047416687012e-05,2.3871660232543945e-05,2248.5,2394.0
1650482203,0.0,0.005387974,0.0,2.405047416687012e-05,2.3871660232543945e-05,5645.0,5747.0
1650482204,0.01,0.004221509,0.0,2.422928810119629e-05,2.405047416687012e-05,4225.0,4515.0
1650482205,0.01,0.004221509,0.0,2.422928810119629e-05,2.405047416687012e-05,4225.0,4515.0
1650482206,0.0,0.001332756,0.0,2.422928810119629e-05,2.405047416687012e-05,1362.0,1470.0
1650482207,0.0,0.00263736,0.0,2.422928810119629e-05,2.405047416687012e-05,2724.0,2872.0
1650482208,0.0,0.00266324,0.0,2.422928810119629e-05,2.405047416687012e-05,2724.0,5434.0
1650482209,0.0,0.00266324,0.0,2.422928810119629e-05,2.405047416687012e-05,2724.0,5434.0
1650482210,0.0,0.001327729,0.0,2.422928810119629e-05,2.405047416687012e-05,1361.0,1502.5
