timestamp,cpu_usage_system,cpu_usage_total,cpu_usage_user,memory_usage,memory_working_set,rx_bytes,tx_bytes
1650161565,0.0,0.000431901,0.0,9.894371032714844e-06,9.626150131225586e-06,526.0,350.0
1650161566,0.0,0.000431901,0.0,9.894371032714844e-06,9.626150131225586e-06,526.0,350.0
1650161567,0.0,0.000431901,0.0,9.894371032714844e-06,9.626150131225586e-06,526.0,350.0
1650161568,0.0,0.000431901,0.0,9.894371032714844e-06,9.626150131225586e-06,526.0,350.0
1650161569,0.0,0.000615571,0.0,9.894371032714844e-06,9.626150131225586e-06,791.0,327.0
1650161570,0.0,0.000615571,0.0,9.894371032714844e-06,9.626150131225586e-06,791.0,327.0
1650161571,0.0,9.19075e-05,0.0,9.894371032714844e-06,9.626150131225586e-06,132.0,54.5
1650161572,0.0,0.000293513,0.0,9.894371032714844e-06,9.626150131225586e-06,528.0,218.0
1650161573,0.0,0.000293513,0.0,9.894371032714844e-06,9.626150131225586e-06,528.0,218.0
1650161574,0.0,0.0003868195,0.0,9.894371032714844e-06,9.626150131225586e-06,395.5,453.5
1650161575,0.0,0.0003868195,0.0,9.894371032714844e-06,9.626150131225586e-06,395.5,453.5
1650161576,0.0,0.000325257,0.0,9.894371032714844e-06,9.626150131225586e-06,528.0,218.0
1650161577,0.0,0.000158704,0.0,9.894371032714844e-06,9.626150131225586e-06,264.0,109.0
1650161578,0.0,0.00075773,0.0,9.894371032714844e-06,9.626150131225586e-06,1104.0,575.0
1650161579,0.0,0.00075773,0.0,9.894371032714844e-06,9.626150131225586e-06,1104.0,575.0
1650161580,0.005,0.0002237175,0.0,9.894371032714844e-06,9.626150131225586e-06,395.5,229.5
1650161581,0.005,0.0002237175,0.0,9.894371032714844e-06,9.626150131225586e-06,395.5,229.5
1650161582,0.0,0.000494908,0.0,9.894371032714844e-06,9.626150131225586e-06,659.5,272.5
1650161583,0.0,0.000577306,0.0,9.894371032714844e-06,9.626150131225586e-06,792.0,1011.0
1650161584,0.0,0.000577306,0.0,9.894371032714844e-06,9.626150131225586e-06,792.0,1011.0
1650161585,0.0,0.0001329855,0.0,9.894371032714844e-06,9.626150131225586e-06,264.0,109.0
1650161586,0.0,0.000153865,0.0,9.894371032714844e-06,9.626150131225586e-06,264.0,109.0
1650161587,0.0,0.000446352,0.0,9.894371032714844e-06,9.626150131225586e-06,525.0,218.0
1650161588,0.0,0.000446352,0.0,9.894371032714844e-06,9.626150131225586e-06,525.0,218.0
1650161589,0.0,0.000462715,0.0,9.894371032714844e-06,9.626150131225586e-06,664.0,354.0
1650161590,0.0,0.00013917,0.0,9.894371032714844e-06,9.626150131225586e-06,264.0,175.0
1650161591,0.0,0.00013917,0.0,9.894371032714844e-06,9.626150131225586e-06,264.0,175.0
1650161592,0.0,0.000460438,0.0,9.894371032714844e-06,9.626150131225586e-06,792.0,327.0
1650161593,0.0,0.000460438,0.0,9.894371032714844e-06,9.626150131225586e-06,792.0,327.0
1650161594,0.0,0.00037091,0.0,9.894371032714844e-06,9.626150131225586e-06,396.0,504.5
1650161595,0.0,0.00037091,0.0,9.894371032714844e-06,9.626150131225586e-06,396.0,504.5
1650161596,0.0,0.0001607345,0.0,9.894371032714844e-06,9.626150131225586e-06,264.0,109.0
1650161597,0.0,0.0001607345,0.0,9.894371032714844e-06,9.626150131225586e-06,264.0,109.0
1650161598,0.0,0.000190277,0.0,9.894371032714844e-06,9.626150131225586e-06,395.5,163.5
1650161599,0.0,0.000190277,0.0,9.894371032714844e-06,9.626150131225586e-06,395.5,163.5
1650161600,0.0,0.000461424,0.0,9.894371032714844e-06,9.626150131225586e-06,663.5,354.0
1650161601,0.0,0.000461424,0.0,9.894371032714844e-06,9.626150131225586e-06,663.5,354.0
1650161602,0.0,0.000283569,0.0,9.894371032714844e-06,9.626150131225586e-06,527.0,251.0
1650161603,0.0,0.000454593,0.0,9.894371032714844e-06,9.626150131225586e-06,527.0,694.0
1650161604,0.0,0.000454593,0.0,9.894371032714844e-06,9.626150131225586e-06,527.0,694.0
1650161605,0.0,0.000249249,0.0,9.894371032714844e-06,9.626150131225586e-06,395.5,163.5
1650161606,0.0,0.000180689,0.0,9.894371032714844e-06,9.626150131225586e-06,264.0,109.0
1650161607,0.0,0.000557305,0.0,9.894371032714844e-06,9.626150131225586e-06,791.0,327.0
1650161608,0.0,0.000557305,0.0,9.894371032714844e-06,9.626150131225586e-06,791.0,327.0
1650161609,0.0,0.0002115885,0.0,9.894371032714844e-06,9.626150131225586e-06,396.0,163.5
1650161610,0.0,0.000570453,0.0,9.894371032714844e-06,9.626150131225586e-06,800.0,358.0
1650161611,0.0,0.000570453,0.0,9.894371032714844e-06,9.626150131225586e-06,800.0,358.0
1650161612,0.0,0.000345019,0.0,9.894371032714844e-06,9.626150131225586e-06,659.5,371.5
1650161613,0.0,0.000544917,0.0,9.894371032714844e-06,9.626150131225586e-06,527.0,800.0
1650161614,0.0,0.000544917,0.0,9.894371032714844e-06,9.626150131225586e-06,527.0,800.0
1650161615,0.0,0.0001712595,0.0,9.894371032714844e-06,9.626150131225586e-06,264.0,109.0
1650161616,0.0,0.000609466,0.0,9.894371032714844e-06,9.626150131225586e-06,1056.0,436.0
1650161617,0.0,0.000609466,0.0,9.894371032714844e-06,9.626150131225586e-06,1056.0,436.0
1650161618,0.0,0.0002541175,0.0,9.894371032714844e-06,9.626150131225586e-06,416.5,184.5
1650161619,0.0,0.0002541175,0.0,9.894371032714844e-06,9.626150131225586e-06,416.5,184.5
1650161620,0.0,0.0003263725,0.0,9.894371032714844e-06,9.626150131225586e-06,528.0,218.0
1650161621,0.0,0.000611803,0.0,9.894371032714844e-06,9.626150131225586e-06,799.0,358.0
1650161622,0.0,0.000324327,0.0,9.894371032714844e-06,9.626150131225586e-06,528.0,350.0
1650161623,0.0,0.000324327,0.0,9.894371032714844e-06,9.626150131225586e-06,528.0,350.0
1650161624,0.0,0.0003808685,0.0,9.894371032714844e-06,9.626150131225586e-06,527.5,700.0
1650161625,0.0,0.000126586,0.0,9.894371032714844e-06,9.626150131225586e-06,264.0,109.0
1650161626,0.0,0.000242281,0.0,9.894371032714844e-06,9.626150131225586e-06,528.0,218.0
1650161627,0.0,0.000242281,0.0,9.894371032714844e-06,9.626150131225586e-06,528.0,218.0
1650161628,0.0,0.000150523,0.0,9.894371032714844e-06,9.626150131225586e-06,263.5,109.0
1650161629,0.0,0.000498783,0.0,9.894371032714844e-06,9.626150131225586e-06,791.0,327.0
1650161630,0.0,0.000191618,0.0,9.894371032714844e-06,9.626150131225586e-06,264.0,109.0
1650161631,0.0,0.000381994,0.0,9.715557098388672e-06,9.447336196899414e-06,659.0,218.0
1650161632,0.0,0.000381994,0.0,9.715557098388672e-06,9.447336196899414e-06,659.0,218.0
1650161633,0.0,0.0002146625,0.0,9.894371032714844e-06,9.626150131225586e-06,202.0,258.5
1650161634,0.0,0.000504706,0.01,9.894371032714844e-06,9.626150131225586e-06,792.0,525.0
1650161635,0.0,0.000592502,0.0,9.894371032714844e-06,9.626150131225586e-06,1056.0,436.0
1650161636,0.0,0.000332112,0.0,9.894371032714844e-06,9.626150131225586e-06,528.0,218.0
1650161637,0.0,0.000332112,0.0,9.894371032714844e-06,9.626150131225586e-06,528.0,218.0
1650161638,0.0,0.0001408455,0.0,9.894371032714844e-06,9.626150131225586e-06,264.0,109.0
1650161639,0.0,0.000368595,0.0,9.894371032714844e-06,9.626150131225586e-06,528.0,218.0
1650161640,0.0,0.000132881,0.0,9.894371032714844e-06,9.626150131225586e-06,264.0,109.0
1650161641,0.0,0.00030877,0.0,9.894371032714844e-06,9.626150131225586e-06,527.0,218.0
1650161642,0.0,0.00030877,0.0,9.894371032714844e-06,9.626150131225586e-06,527.0,218.0
1650161643,0.0,0.000722607,0.0,9.894371032714844e-06,9.626150131225586e-06,795.5,686.5
1650161644,0.0,0.000722607,0.0,9.894371032714844e-06,9.626150131225586e-06,795.5,686.5
1650161645,0.0,0.0001803005,0.0,9.894371032714844e-06,9.626150131225586e-06,264.0,175.0
1650161646,0.0,0.0001803005,0.0,9.894371032714844e-06,9.626150131225586e-06,264.0,175.0
1650161647,0.0,0.0001233715,0.0,9.894371032714844e-06,9.626150131225586e-06,263.5,142.0
1650161648,0.0,0.0001233715,0.0,9.894371032714844e-06,9.626150131225586e-06,263.5,142.0
1650161649,0.0,0.000122693,0.0,9.894371032714844e-06,9.626150131225586e-06,264.0,109.0
1650161650,0.0,0.000887967,0.0,9.894371032714844e-06,9.626150131225586e-06,1320.0,545.0
1650161651,0.0,0.000887967,0.0,9.894371032714844e-06,9.626150131225586e-06,1320.0,545.0
1650161652,0.0,0.0002204725,0.0,9.894371032714844e-06,9.626150131225586e-06,264.0,109.0
1650161653,0.0,0.000554991,0.0,9.894371032714844e-06,9.626150131225586e-06,792.0,1010.0
1650161654,0.0,0.000554991,0.0,9.894371032714844e-06,9.626150131225586e-06,792.0,1010.0
1650161655,0.0,0.0003983205,0.0,9.894371032714844e-06,9.626150131225586e-06,663.5,354.0
1650161656,0.0,0.0003983205,0.0,9.894371032714844e-06,9.626150131225586e-06,663.5,354.0
1650161657,0.0,0.000390472,0.0,9.894371032714844e-06,9.626150131225586e-06,659.5,305.5
1650161658,0.0,0.000390472,0.0,9.894371032714844e-06,9.626150131225586e-06,659.5,305.5
1650161659,0.0,0.0001610955,0.0,9.894371032714844e-06,9.626150131225586e-06,264.0,109.0
1650161660,0.0,0.0002961,0.0,9.894371032714844e-06,9.626150131225586e-06,528.0,218.0
1650161661,0.0,0.0002961,0.0,9.894371032714844e-06,9.626150131225586e-06,528.0,218.0
1650161662,0.0,0.000207068,0.0,9.894371032714844e-06,9.626150131225586e-06,396.0,163.5
1650161663,0.0,0.000798868,0.0,9.894371032714844e-06,9.626150131225586e-06,1056.0,810.0
1650161664,0.0,0.000679102,0.0,9.894371032714844e-06,9.626150131225586e-06,1064.0,467.0
1650161665,0.0,0.000679102,0.0,9.894371032714844e-06,9.626150131225586e-06,1064.0,467.0
1650161666,0.0,0.0002260475,0.0,9.894371032714844e-06,9.626150131225586e-06,396.0,262.5
1650161667,0.0,0.000295133,0.0,9.894371032714844e-06,9.626150131225586e-06,528.0,218.0
1650161668,0.0,0.000284017,0.0,9.894371032714844e-06,9.626150131225586e-06,570.0,260.0
1650161669,0.0,0.000267683,0.0,9.894371032714844e-06,9.626150131225586e-06,528.0,218.0
1650161670,0.0,0.000267683,0.0,9.894371032714844e-06,9.626150131225586e-06,528.0,218.0
1650161671,0.0,0.0003576205,0.0,9.894371032714844e-06,9.626150131225586e-06,660.0,272.5
1650161672,0.0,0.0003576205,0.0,9.894371032714844e-06,9.626150131225586e-06,660.0,272.5
1650161673,0.0,0.0001903315,0.0,9.894371032714844e-06,9.626150131225586e-06,263.0,243.0
1650161674,0.0,0.0001903315,0.0,9.894371032714844e-06,9.626150131225586e-06,263.0,243.0
1650161675,0.0,0.0003000175,0.0,9.715557098388672e-06,9.447336196899414e-06,461.5,163.5
1650161676,0.0,0.000447222,0.0,9.894371032714844e-06,9.626150131225586e-06,668.0,424.0
1650161677,0.0,0.000447222,0.0,9.894371032714844e-06,9.626150131225586e-06,668.0,424.0
1650161678,0.0,0.0002816215,0.0,9.894371032714844e-06,9.626150131225586e-06,395.5,229.5
1650161679,0.0,0.0002816215,0.0,9.894371032714844e-06,9.626150131225586e-06,395.5,229.5
1650161680,0.0,0.0002309745,0.0,9.894371032714844e-06,9.626150131225586e-06,395.5,163.5
1650161681,0.0,0.000324288,0.0,9.894371032714844e-06,9.626150131225586e-06,527.0,218.0
1650161682,0.0,0.000279116,0.0,9.894371032714844e-06,9.626150131225586e-06,528.0,218.0
1650161683,0.0,0.000334961,0.0,9.894371032714844e-06,9.626150131225586e-06,263.0,584.0
1650161684,0.0,0.000334961,0.0,9.894371032714844e-06,9.626150131225586e-06,263.0,584.0
1650161685,0.0,0.0001376135,0.0,9.894371032714844e-06,9.626150131225586e-06,264.0,109.0
1650161686,0.0,0.0001376135,0.0,9.894371032714844e-06,9.626150131225586e-06,264.0,109.0
1650161687,0.0,0.000321043,0.0,9.894371032714844e-06,9.626150131225586e-06,399.5,179.0
1650161688,0.0,0.000273473,0.0,9.894371032714844e-06,9.626150131225586e-06,528.0,350.0
1650161689,0.0,0.000273473,0.0,9.894371032714844e-06,9.626150131225586e-06,528.0,350.0
1650161690,0.0,6.75945e-05,0.0,9.894371032714844e-06,9.626150131225586e-06,131.5,87.5
1650161691,0.0,6.75945e-05,0.0,9.894371032714844e-06,9.626150131225586e-06,131.5,87.5
1650161692,0.0,0.000346413,0.0,9.894371032714844e-06,9.626150131225586e-06,395.5,163.5
1650161693,0.0,0.000402442,0.0,9.894371032714844e-06,9.626150131225586e-06,264.0,585.0
1650161694,0.0,0.000402442,0.0,9.894371032714844e-06,9.626150131225586e-06,264.0,585.0
1650161695,0.0,0.0004727245,0.0,9.894371032714844e-06,9.626150131225586e-06,660.0,272.5
1650161696,0.0,0.000688969,0.0,9.894371032714844e-06,9.626150131225586e-06,792.0,327.0
1650161697,0.0,0.00080215,0.0,9.894371032714844e-06,9.626150131225586e-06,1064.0,467.0
1650161698,0.01,0.000754573,0.01,9.894371032714844e-06,9.626150131225586e-06,791.0,525.0
1650161699,0.01,0.000754573,0.01,9.894371032714844e-06,9.626150131225586e-06,791.0,525.0
1650161700,0.0,0.0002846925,0.0,9.894371032714844e-06,9.626150131225586e-06,395.0,163.5
1650161701,0.0,0.000195998,0.0,9.894371032714844e-06,9.626150131225586e-06,264.0,109.0
1650161702,0.0,0.000195998,0.0,9.894371032714844e-06,9.626150131225586e-06,264.0,109.0
1650161703,0.0,0.000390723,0.0,9.894371032714844e-06,9.626150131225586e-06,528.0,559.5
1650161704,0.0,0.000390723,0.0,9.894371032714844e-06,9.626150131225586e-06,528.0,559.5
1650161705,0.0,0.000216367,0.0,9.894371032714844e-06,9.626150131225586e-06,263.5,109.0
1650161706,0.0,0.000798029,0.0,9.894371032714844e-06,9.626150131225586e-06,1055.0,436.0
1650161707,0.0,0.000798029,0.0,9.894371032714844e-06,9.626150131225586e-06,1055.0,436.0
1650161708,0.0,0.0003812015,0.0,9.894371032714844e-06,9.626150131225586e-06,552.5,254.5
1650161709,0.0,0.0003812015,0.0,9.894371032714844e-06,9.626150131225586e-06,552.5,254.5
1650161710,0.0,0.000229378,0.0,9.894371032714844e-06,9.626150131225586e-06,263.5,175.0
1650161711,0.0,0.000320465,0.0,9.894371032714844e-06,9.626150131225586e-06,528.0,284.0
1650161712,0.0,0.000320465,0.0,9.894371032714844e-06,9.626150131225586e-06,528.0,284.0
1650161713,0.0,6.6684e-05,0.0,9.894371032714844e-06,9.626150131225586e-06,0.0,239.0
1650161714,0.0,0.000161079,0.0,9.894371032714844e-06,9.626150131225586e-06,262.0,109.0
1650161715,0.0,0.000210032,0.0,9.894371032714844e-06,9.626150131225586e-06,264.0,109.0
1650161716,0.0,0.000210032,0.0,9.894371032714844e-06,9.626150131225586e-06,264.0,109.0
1650161717,0.0,9.44555e-05,0.0,9.894371032714844e-06,9.626150131225586e-06,131.5,54.5
1650161718,0.0,9.44555e-05,0.0,9.894371032714844e-06,9.626150131225586e-06,131.5,54.5
1650161719,0.0,0.0,0.0,9.894371032714844e-06,9.626150131225586e-06,0.0,0.0
1650161720,0.0,0.0,0.0,9.894371032714844e-06,9.626150131225586e-06,0.0,0.0
1650161721,0.0,0.00017143,0.0,9.715557098388672e-06,9.447336196899414e-06,197.5,54.5
1650161722,0.0,0.00017143,0.0,9.715557098388672e-06,9.447336196899414e-06,197.5,54.5
1650161723,0.0,0.0002354775,0.0,9.894371032714844e-06,9.626150131225586e-06,201.5,258.0
1650161724,0.0,0.000206226,0.0,9.894371032714844e-06,9.626150131225586e-06,264.0,175.0
1650161725,0.0,0.00018786,0.0,9.894371032714844e-06,9.626150131225586e-06,264.0,175.0
1650161726,0.0,0.00018786,0.0,9.894371032714844e-06,9.626150131225586e-06,264.0,175.0
1650161727,0.0,0.0001053225,0.0,9.894371032714844e-06,9.626150131225586e-06,132.0,87.5
1650161728,0.0,0.0001053225,0.0,9.894371032714844e-06,9.626150131225586e-06,132.0,87.5
1650161729,0.0,0.0,0.0,9.894371032714844e-06,9.626150131225586e-06,0.0,0.0
1650161730,0.0,0.0,0.0,9.894371032714844e-06,9.626150131225586e-06,0.0,0.0
1650161731,0.0,0.000255691,0.0,9.715557098388672e-06,9.447336196899414e-06,330.0,109.0
1650161732,0.0,0.000255691,0.0,9.715557098388672e-06,9.447336196899414e-06,330.0,109.0
1650161733,0.0,1.74615e-05,0.0,9.715557098388672e-06,9.447336196899414e-06,0.0,0.0
1650161734,0.0,0.00032607,0.0,9.894371032714844e-06,9.626150131225586e-06,404.0,249.0
1650161735,0.0,0.00032607,0.0,9.894371032714844e-06,9.626150131225586e-06,404.0,249.0
1650161736,0.0,7.71165e-05,0.0,9.894371032714844e-06,9.626150131225586e-06,131.5,87.5
1650161737,0.0,7.71165e-05,0.0,9.894371032714844e-06,9.626150131225586e-06,131.5,87.5
1650161738,0.0,9.32235e-05,0.0,9.894371032714844e-06,9.626150131225586e-06,132.0,87.5
1650161739,0.0,0.0,0.0,9.894371032714844e-06,9.626150131225586e-06,0.0,0.0
1650161740,0.0,0.0,0.0,9.894371032714844e-06,9.626150131225586e-06,0.0,0.0
1650161741,0.0,0.0,0.0,9.894371032714844e-06,9.626150131225586e-06,0.0,0.0
1650161742,0.0,0.0001144876666666,0.0,9.894371032714844e-06,9.626150131225586e-06,175.66666666666666,94.66666666666669
1650161743,0.0,0.0001144876666666,0.0,9.894371032714844e-06,9.626150131225586e-06,175.66666666666666,94.66666666666669
1650161744,0.0,0.000227029,0.0,9.715557098388672e-06,9.447336196899414e-06,198.0,54.5
1650161745,0.0,0.0,0.0,9.715557098388672e-06,9.447336196899414e-06,0.0,0.0
1650161746,0.0,0.0,0.0,9.715557098388672e-06,9.447336196899414e-06,0.0,0.0
1650161747,0.0,0.0,0.0,9.715557098388672e-06,9.447336196899414e-06,0.0,0.0
1650161748,0.0,0.0001609026666666,0.0,9.894371032714844e-06,9.626150131225586e-06,222.66666666666663,141.33333333333334
1650161749,0.0,0.0,0.0,9.894371032714844e-06,9.626150131225586e-06,0.0,0.0
1650161750,0.0,0.0,0.0,9.894371032714844e-06,9.626150131225586e-06,0.0,0.0
1650161751,0.0,0.0,0.0,9.894371032714844e-06,9.626150131225586e-06,0.0,0.0
1650161752,0.0,0.0001087783333333,0.0,9.894371032714844e-06,9.626150131225586e-06,176.0,116.66666666666669
1650161753,0.0,0.000134943,0.0,9.894371032714844e-06,9.626150131225586e-06,0.0,266.0
1650161754,0.0,0.000134943,0.0,9.894371032714844e-06,9.626150131225586e-06,0.0,266.0
1650161755,0.0,0.000131691,0.0,9.894371032714844e-06,9.626150131225586e-06,132.0,54.5
1650161756,0.0,0.000262404,0.0,9.715557098388672e-06,9.447336196899414e-06,396.0,109.0
1650161757,0.0,0.000262404,0.0,9.715557098388672e-06,9.447336196899414e-06,396.0,109.0
1650161758,0.0,0.0001599395,0.0,9.894371032714844e-06,9.626150131225586e-06,223.0,145.5
1650161759,0.0,0.0001599395,0.0,9.894371032714844e-06,9.626150131225586e-06,223.0,145.5
1650161760,0.0,9.1608e-05,0.0,9.894371032714844e-06,9.626150131225586e-06,132.0,87.5
1650161761,0.0,0.0,0.0,9.894371032714844e-06,9.626150131225586e-06,0.0,0.0
1650161762,0.0,0.0,0.0,9.894371032714844e-06,9.626150131225586e-06,0.0,0.0
1650161763,0.0,0.0,0.0,9.894371032714844e-06,9.626150131225586e-06,0.0,0.0
1650161764,0.0,0.0001165983333333,0.0,9.894371032714844e-06,9.626150131225586e-06,88.0,148.0
1650161765,0.0,0.0001165983333333,0.0,9.894371032714844e-06,9.626150131225586e-06,88.0,148.0
1650161766,0.0,8.2952e-05,0.0,9.894371032714844e-06,9.626150131225586e-06,132.0,87.5
1650161767,0.0,0.000178881,0.0,9.894371032714844e-06,9.626150131225586e-06,263.0,109.0
1650161768,0.0,0.000375023,0.0,9.775161743164062e-06,9.506940841674805e-06,396.0,109.0
1650161769,0.0,0.000375023,0.0,9.775161743164062e-06,9.506940841674805e-06,396.0,109.0
1650161770,0.0,0.000146939,0.0,9.894371032714844e-06,9.626150131225586e-06,202.0,124.5
1650161771,0.0,0.0,0.0,9.894371032714844e-06,9.626150131225586e-06,0.0,0.0
1650161772,0.0,0.0,0.0,9.894371032714844e-06,9.626150131225586e-06,0.0,0.0
1650161773,0.0,0.0001632475,0.0,9.894371032714844e-06,9.626150131225586e-06,132.0,221.0
1650161774,0.0,0.0001632475,0.0,9.894371032714844e-06,9.626150131225586e-06,132.0,221.0
1650161775,0.0,9.5486e-05,0.0,9.894371032714844e-06,9.626150131225586e-06,132.0,87.5
1650161776,0.0,0.000261216,0.0,9.894371032714844e-06,9.626150131225586e-06,263.0,175.0
1650161777,0.0,0.000261216,0.0,9.894371032714844e-06,9.626150131225586e-06,263.0,175.0
1650161778,0.0,0.0,0.0,9.894371032714844e-06,9.626150131225586e-06,0.0,0.0
1650161779,0.0,0.0,0.0,9.894371032714844e-06,9.626150131225586e-06,0.0,0.0
1650161780,0.0,0.0,0.0,9.894371032714844e-06,9.626150131225586e-06,0.0,0.0
1650161781,0.0,0.0001575866666666,0.0,9.715557098388672e-06,9.447336196899414e-06,220.0,72.66666666666667
1650161782,0.0,0.0001575866666666,0.0,9.715557098388672e-06,9.447336196899414e-06,220.0,72.66666666666667
1650161783,0.0,0.000219583,0.0,9.894371032714844e-06,9.626150131225586e-06,202.0,259.0
1650161784,0.0,0.0,0.0,9.894371032714844e-06,9.626150131225586e-06,0.0,0.0
1650161785,0.0,0.0,0.0,9.894371032714844e-06,9.626150131225586e-06,0.0,0.0
1650161786,0.0,9.36025e-05,0.0,9.894371032714844e-06,9.626150131225586e-06,131.5,87.5
1650161787,0.0,0.000156186,0.0,9.894371032714844e-06,9.626150131225586e-06,264.0,175.0
1650161788,0.0,0.000156186,0.0,9.894371032714844e-06,9.626150131225586e-06,264.0,175.0
1650161789,0.0,7.7231e-05,0.0,9.894371032714844e-06,9.626150131225586e-06,132.0,87.5
1650161790,0.0,7.7231e-05,0.0,9.894371032714844e-06,9.626150131225586e-06,132.0,87.5
1650161791,0.0,8.0119e-05,0.0,9.894371032714844e-06,9.626150131225586e-06,132.0,54.5
1650161792,0.0,8.0119e-05,0.0,9.894371032714844e-06,9.626150131225586e-06,132.0,54.5
1650161793,0.0,0.000150198,0.0,9.715557098388672e-06,9.447336196899414e-06,198.0,54.5
1650161794,0.0,0.000150198,0.0,9.715557098388672e-06,9.447336196899414e-06,198.0,54.5
1650161795,0.0,0.0001740515,0.0,9.894371032714844e-06,9.626150131225586e-06,202.0,124.5
1650161796,0.0,0.0001740515,0.0,9.894371032714844e-06,9.626150131225586e-06,202.0,124.5
1650161797,0.0,8.142e-05,0.0,9.894371032714844e-06,9.626150131225586e-06,132.0,87.5
1650161798,0.0,0.0,0.0,9.894371032714844e-06,9.626150131225586e-06,0.0,0.0
1650161799,0.0,0.0,0.0,9.894371032714844e-06,9.626150131225586e-06,0.0,0.0
1650161800,0.0,9.28155e-05,0.0,9.894371032714844e-06,9.626150131225586e-06,132.0,87.5
1650161801,0.0,0.000178449,0.0,9.894371032714844e-06,9.626150131225586e-06,264.0,175.0
1650161802,0.0,0.000178449,0.0,9.894371032714844e-06,9.626150131225586e-06,264.0,175.0
1650161803,0.0,1.58855e-05,0.0,9.894371032714844e-06,9.626150131225586e-06,0.0,0.0
1650161804,0.0,0.000158641,0.0,9.894371032714844e-06,9.626150131225586e-06,264.0,109.0
1650161805,0.0,0.000158641,0.0,9.894371032714844e-06,9.626150131225586e-06,264.0,109.0
1650161806,0.0,0.0001506065,0.0,9.715557098388672e-06,9.447336196899414e-06,198.0,54.5
1650161807,0.0,0.0001506065,0.0,9.715557098388672e-06,9.447336196899414e-06,198.0,54.5
1650161808,0.0,0.0001601755,0.0,9.894371032714844e-06,9.626150131225586e-06,202.0,124.5
1650161809,0.0,0.0001601755,0.0,9.894371032714844e-06,9.626150131225586e-06,202.0,124.5
1650161810,0.0,0.0001362135,0.0,9.894371032714844e-06,9.626150131225586e-06,132.0,87.5
1650161811,0.0,0.000199473,0.0,9.894371032714844e-06,9.626150131225586e-06,264.0,175.0
1650161812,0.0,0.000199473,0.0,9.894371032714844e-06,9.626150131225586e-06,264.0,175.0
1650161813,0.0,0.0001957545,0.0,9.894371032714844e-06,9.626150131225586e-06,131.0,273.5
1650161814,0.0,0.0,0.0,9.894371032714844e-06,9.626150131225586e-06,0.0,0.0
1650161815,0.0,0.0,0.0,9.894371032714844e-06,9.626150131225586e-06,0.0,0.0
1650161816,0.0,0.0,0.0,9.894371032714844e-06,9.626150131225586e-06,0.0,0.0
1650161817,0.0,0.0,0.0,9.894371032714844e-06,9.626150131225586e-06,0.0,0.0
1650161818,0.0,0.00011173075,0.0,9.715557098388672e-06,9.447336196899414e-06,175.5,65.0
1650161819,0.0,0.000345539,0.0,9.894371032714844e-06,9.626150131225586e-06,404.0,249.0
1650161820,0.0,0.0,0.0,9.894371032714844e-06,9.626150131225586e-06,0.0,0.0
1650161821,0.0,0.0,0.0,9.894371032714844e-06,9.626150131225586e-06,0.0,0.0
1650161822,0.0,0.0,0.0,9.894371032714844e-06,9.626150131225586e-06,0.0,0.0
1650161823,0.0,0.0001579756666666,0.0,9.894371032714844e-06,9.626150131225586e-06,175.66666666666666,206.33333333333331
1650161824,0.0,0.0001579756666666,0.0,9.894371032714844e-06,9.626150131225586e-06,175.66666666666666,206.33333333333331
1650161825,0.0,0.0,0.0,9.894371032714844e-06,9.626150131225586e-06,0.0,0.0
1650161826,0.0,0.0,0.0,9.894371032714844e-06,9.626150131225586e-06,0.0,0.0
1650161827,0.005,0.000190784,0.005,9.894371032714844e-06,9.626150131225586e-06,132.0,87.5
1650161828,0.0,0.000162271,0.0,9.894371032714844e-06,9.626150131225586e-06,264.0,109.0
1650161829,0.0,0.000343484,0.0,9.715557098388672e-06,9.447336196899414e-06,396.0,109.0
1650161830,0.0,0.0,0.0,9.715557098388672e-06,9.447336196899414e-06,0.0,0.0
1650161831,0.0,0.0,0.0,9.715557098388672e-06,9.447336196899414e-06,0.0,0.0
1650161832,0.0,0.0,0.0,9.715557098388672e-06,9.447336196899414e-06,0.0,0.0
1650161833,0.0,0.0001623573333333,0.0,9.894371032714844e-06,9.626150131225586e-06,134.66666666666666,207.33333333333331
1650161834,0.0,0.0001623573333333,0.0,9.894371032714844e-06,9.626150131225586e-06,134.66666666666666,207.33333333333331
1650161835,0.0,0.0001026625,0.0,9.894371032714844e-06,9.626150131225586e-06,131.5,87.5
1650161836,0.0,0.000187719,0.0,9.894371032714844e-06,9.626150131225586e-06,264.0,175.0
1650161837,0.0,0.0,0.0,9.894371032714844e-06,9.626150131225586e-06,0.0,0.0
1650161838,0.0,0.0,0.0,9.894371032714844e-06,9.626150131225586e-06,0.0,0.0
1650161839,0.0,0.0,0.0,9.894371032714844e-06,9.626150131225586e-06,0.0,0.0
1650161840,0.0,0.0001155943333333,0.0,9.894371032714844e-06,9.626150131225586e-06,175.66666666666666,94.66666666666669
1650161841,0.0,0.0001155943333333,0.0,9.894371032714844e-06,9.626150131225586e-06,175.66666666666666,94.66666666666669
1650161842,0.0,0.0001376425,0.0,9.715557098388672e-06,9.447336196899414e-06,198.0,54.5
1650161843,0.0,0.0001376425,0.0,9.715557098388672e-06,9.447336196899414e-06,198.0,54.5
1650161844,0.0,0.000256489,0.0,9.894371032714844e-06,9.626150131225586e-06,333.5,212.0
1650161845,0.0,0.000596225,0.0,9.894371032714844e-06,9.626150131225586e-06,790.0,459.0
1650161846,0.0,0.000596225,0.0,9.894371032714844e-06,9.626150131225586e-06,790.0,459.0
1650161847,0.0,0.0001955145,0.0,9.894371032714844e-06,9.626150131225586e-06,264.0,109.0
1650161848,0.0,0.000393736,0.0,9.894371032714844e-06,9.626150131225586e-06,527.0,218.0
1650161849,0.0,0.000499609,0.0,9.894371032714844e-06,9.626150131225586e-06,792.0,327.0
1650161850,0.0,0.000499609,0.0,9.894371032714844e-06,9.626150131225586e-06,792.0,327.0
1650161851,0.0,0.000298336,0.0,9.894371032714844e-06,9.626150131225586e-06,395.5,163.5
1650161852,0.0,0.000410966,0.0,9.894371032714844e-06,9.626150131225586e-06,528.0,218.0
1650161853,0.0,0.000410966,0.0,9.894371032714844e-06,9.626150131225586e-06,528.0,218.0
1650161854,0.0,0.000545124,0.0,9.894371032714844e-06,9.626150131225586e-06,664.0,632.0
1650161855,0.0,0.000155831,0.0,9.894371032714844e-06,9.626150131225586e-06,264.0,175.0
1650161856,0.0,0.000855158,0.0,9.894371032714844e-06,9.626150131225586e-06,1056.0,568.0
1650161857,0.0,0.000855158,0.0,9.894371032714844e-06,9.626150131225586e-06,1056.0,568.0
1650161858,0.0,0.00027627,0.0,9.894371032714844e-06,9.626150131225586e-06,417.0,184.5
1650161859,0.0,0.00075684,0.0,9.894371032714844e-06,9.626150131225586e-06,1055.0,436.0
1650161860,0.0,0.000373545,0.0,9.894371032714844e-06,9.626150131225586e-06,528.0,218.0
1650161861,0.0,0.000254827,0.0,9.894371032714844e-06,9.626150131225586e-06,263.0,109.0
1650161862,0.0,0.000254827,0.0,9.894371032714844e-06,9.626150131225586e-06,263.0,109.0
1650161863,0.0,0.0003532735,0.0,9.894371032714844e-06,9.626150131225586e-06,396.0,402.5
1650161864,0.0,0.0003532735,0.0,9.894371032714844e-06,9.626150131225586e-06,396.0,402.5
1650161865,0.0,0.000472933,0.0,9.894371032714844e-06,9.626150131225586e-06,531.5,266.5
1650161866,0.0,0.000602201,0.0,9.894371032714844e-06,9.626150131225586e-06,791.0,459.0
1650161867,0.0,0.000602201,0.0,9.894371032714844e-06,9.626150131225586e-06,791.0,459.0
1650161868,0.0,0.0002790025,0.0,9.894371032714844e-06,9.626150131225586e-06,396.0,163.5
1650161869,0.0,0.000268624,0.0,9.894371032714844e-06,9.626150131225586e-06,263.0,109.0
1650161870,0.0,0.000351986,0.0,9.894371032714844e-06,9.626150131225586e-06,526.0,218.0
1650161871,0.0,0.000163219,0.0,9.894371032714844e-06,9.626150131225586e-06,264.0,109.0
1650161872,0.0,0.000434363,0.0,9.894371032714844e-06,9.626150131225586e-06,527.0,218.0
1650161873,0.0,0.000434363,0.0,9.894371032714844e-06,9.626150131225586e-06,527.0,218.0
1650161874,0.0,0.00024868,0.0,9.894371032714844e-06,9.626150131225586e-06,264.0,450.0
1650161875,0.0,0.00024868,0.0,9.894371032714844e-06,9.626150131225586e-06,264.0,450.0
1650161876,0.0,0.0002516475,0.0,9.715557098388672e-06,9.447336196899414e-06,330.0,109.0
1650161877,0.0,0.00031999,0.0,9.894371032714844e-06,9.626150131225586e-06,404.0,249.0
1650161878,0.0,0.000186864,0.0,9.894371032714844e-06,9.626150131225586e-06,263.0,175.0
1650161879,0.0,0.000186864,0.0,9.894371032714844e-06,9.626150131225586e-06,263.0,175.0
1650161880,0.0,8.8429e-05,0.0,9.894371032714844e-06,9.626150131225586e-06,132.0,87.5
1650161881,0.0,8.8429e-05,0.0,9.894371032714844e-06,9.626150131225586e-06,132.0,87.5
1650161882,0.0,0.000116685,0.0,9.894371032714844e-06,9.626150131225586e-06,132.0,87.5
1650161883,0.0,0.000346733,0.0,9.894371032714844e-06,9.626150131225586e-06,264.0,479.0
1650161884,0.0,0.000346733,0.0,9.894371032714844e-06,9.626150131225586e-06,264.0,479.0
1650161885,0.0,0.0001341765,0.0,9.894371032714844e-06,9.626150131225586e-06,132.0,54.5
1650161886,0.0,0.0,0.0,9.894371032714844e-06,9.626150131225586e-06,0.0,0.0
1650161887,0.0,0.0,0.0,9.894371032714844e-06,9.626150131225586e-06,0.0,0.0
1650161888,0.0,0.0,0.0,9.894371032714844e-06,9.626150131225586e-06,0.0,0.0
1650161889,0.0,0.0,0.0,9.894371032714844e-06,9.626150131225586e-06,0.0,0.0
1650161890,0.0,0.00014141525,0.0,9.894371032714844e-06,9.626150131225586e-06,200.0,89.5
1650161891,0.0,0.00014141525,0.0,9.894371032714844e-06,9.626150131225586e-06,200.0,89.5
1650161892,0.0,0.0,0.0,9.894371032714844e-06,9.626150131225586e-06,0.0,0.0
1650161893,0.0,0.0,0.0,9.894371032714844e-06,9.626150131225586e-06,0.0,0.0
1650161894,0.0,0.0,0.0,9.894371032714844e-06,9.626150131225586e-06,0.0,0.0
1650161895,0.0,0.0002227413333333,0.0,9.894371032714844e-06,9.626150131225586e-06,264.0,298.6666666666667
1650161896,0.0,0.0002227413333333,0.0,9.894371032714844e-06,9.626150131225586e-06,264.0,298.6666666666667
1650161897,0.0,0.000181365,0.0,9.894371032714844e-06,9.626150131225586e-06,264.0,109.0
1650161898,0.0,0.0,0.0,9.894371032714844e-06,9.626150131225586e-06,42.0,42.0
1650161899,0.0,0.000187147,0.0,9.894371032714844e-06,9.626150131225586e-06,264.0,109.0
1650161900,0.0,0.000162455,0.0,9.894371032714844e-06,9.626150131225586e-06,263.0,109.0
1650161901,0.0,0.000162455,0.0,9.894371032714844e-06,9.626150131225586e-06,263.0,109.0
1650161902,0.0,0.000137805,0.0,9.715557098388672e-06,9.447336196899414e-06,198.0,54.5
1650161903,0.0,0.000401235,0.0,9.894371032714844e-06,9.626150131225586e-06,404.0,249.0
1650161904,0.0,0.000401235,0.0,9.894371032714844e-06,9.626150131225586e-06,404.0,249.0
1650161905,0.0,0.000169149,0.0,9.894371032714844e-06,9.626150131225586e-06,263.5,175.0
1650161906,0.0,0.0,0.0,9.894371032714844e-06,9.626150131225586e-06,0.0,0.0
1650161907,0.0,0.0,0.0,9.894371032714844e-06,9.626150131225586e-06,0.0,0.0
1650161908,0.0,0.0002721945,0.0,9.894371032714844e-06,9.626150131225586e-06,395.0,196.5
1650161909,0.0,0.0,0.0,9.894371032714844e-06,9.626150131225586e-06,0.0,0.0
1650161910,0.0,0.0,0.0,9.894371032714844e-06,9.626150131225586e-06,0.0,0.0
1650161911,0.0,0.0,0.0,9.894371032714844e-06,9.626150131225586e-06,0.0,0.0
1650161912,0.0,0.0,0.0,9.894371032714844e-06,9.626150131225586e-06,0.0,0.0
1650161913,0.0,0.000139159,0.0,9.894371032714844e-06,9.626150131225586e-06,131.75,147.25
1650161914,0.0,0.000332686,0.0,9.715557098388672e-06,9.447336196899414e-06,396.0,109.0
1650161915,0.0,0.000332686,0.0,9.715557098388672e-06,9.447336196899414e-06,396.0,109.0
1650161916,0.0,0.0002888595,0.0,9.894371032714844e-06,9.626150131225586e-06,333.5,212.0
1650161917,0.0,0.0,0.0,9.894371032714844e-06,9.626150131225586e-06,0.0,0.0
1650161918,0.0,0.0,0.0,9.894371032714844e-06,9.626150131225586e-06,0.0,0.0
1650161919,0.0,0.0,0.0,9.894371032714844e-06,9.626150131225586e-06,0.0,0.0
1650161920,0.0,0.0,0.0,9.894371032714844e-06,9.626150131225586e-06,0.0,0.0
1650161921,0.0,9.029375e-05,0.0,9.894371032714844e-06,9.626150131225586e-06,132.0,87.5
1650161922,0.0,9.029375e-05,0.0,9.894371032714844e-06,9.626150131225586e-06,132.0,87.5
1650161923,0.0,9.1997e-05,0.0,9.894371032714844e-06,9.626150131225586e-06,131.5,54.5
1650161924,0.0,0.000428492,0.0,9.894371032714844e-06,9.626150131225586e-06,264.0,378.0
1650161925,0.0,0.0,0.0,9.894371032714844e-06,9.626150131225586e-06,0.0,0.0
1650161926,0.0,0.0,0.0,9.894371032714844e-06,9.626150131225586e-06,0.0,0.0
1650161927,0.0,0.0,0.0,9.894371032714844e-06,9.626150131225586e-06,0.0,0.0
1650161928,0.0,0.0,0.0,9.894371032714844e-06,9.626150131225586e-06,0.0,0.0
1650161929,0.0,0.00024111975,0.0,9.894371032714844e-06,9.626150131225586e-06,265.75,133.25
1650161930,0.0,0.000199788,0.0,9.894371032714844e-06,9.626150131225586e-06,264.0,175.0
1650161931,0.0,0.0,0.0,9.894371032714844e-06,9.626150131225586e-06,0.0,0.0
1650161932,0.0,0.0,0.0,9.894371032714844e-06,9.626150131225586e-06,0.0,0.0
1650161933,0.0,0.0,0.0,9.894371032714844e-06,9.626150131225586e-06,0.0,0.0
1650161934,0.0,0.0002469123333333,0.0,9.894371032714844e-06,9.626150131225586e-06,263.6666666666667,325.3333333333333
1650161935,0.0,0.0,0.0,9.894371032714844e-06,9.626150131225586e-06,0.0,0.0
1650161936,0.0,0.0,0.0,9.894371032714844e-06,9.626150131225586e-06,0.0,0.0
1650161937,0.0,0.00017744,0.0,9.894371032714844e-06,9.626150131225586e-06,264.0,109.0
1650161938,0.0,0.00017744,0.0,9.894371032714844e-06,9.626150131225586e-06,264.0,109.0
1650161939,0.0,0.0,0.0,9.894371032714844e-06,9.626150131225586e-06,21.0,21.0
1650161940,0.0,0.0,0.0,9.894371032714844e-06,9.626150131225586e-06,21.0,21.0
1650161941,0.0,0.000133149,0.0,9.715557098388672e-06,9.447336196899414e-06,198.0,54.5
1650161942,0.0,0.00036168,0.0,9.894371032714844e-06,9.626150131225586e-06,404.0,249.0
1650161943,0.0,0.000233005,0.0,9.894371032714844e-06,9.626150131225586e-06,264.0,175.0
1650161944,0.0,0.000233005,0.0,9.894371032714844e-06,9.626150131225586e-06,264.0,175.0
1650161945,0.0,0.0,0.0,9.894371032714844e-06,9.626150131225586e-06,0.0,0.0
1650161946,0.0,0.0,0.0,9.894371032714844e-06,9.626150131225586e-06,0.0,0.0
1650161947,0.0,0.0,0.0,9.894371032714844e-06,9.626150131225586e-06,0.0,0.0
1650161948,0.0,0.0,0.0,9.894371032714844e-06,9.626150131225586e-06,0.0,0.0
1650161949,0.0,0.000125404,0.0,9.894371032714844e-06,9.626150131225586e-06,131.75,87.5
1650161950,0.0,0.000170265,0.0,9.894371032714844e-06,9.626150131225586e-06,264.0,109.0
1650161951,0.0,0.000170265,0.0,9.894371032714844e-06,9.626150131225586e-06,264.0,109.0
1650161952,0.0,0.000133516,0.0,9.715557098388672e-06,9.447336196899414e-06,197.0,54.5
1650161953,0.0,0.000133516,0.0,9.715557098388672e-06,9.447336196899414e-06,197.0,54.5
1650161954,0.0,0.0002724155,0.0,9.894371032714844e-06,9.626150131225586e-06,201.5,311.0
1650161955,0.0,0.0,0.0,9.894371032714844e-06,9.626150131225586e-06,0.0,0.0
1650161956,0.0,0.0,0.0,9.894371032714844e-06,9.626150131225586e-06,0.0,0.0
1650161957,0.0,0.000196334,0.0,9.894371032714844e-06,9.626150131225586e-06,264.0,175.0
1650161958,0.0,0.000196334,0.0,9.894371032714844e-06,9.626150131225586e-06,264.0,175.0
1650161959,0.0,8.21175e-05,0.0,9.894371032714844e-06,9.626150131225586e-06,132.0,87.5
1650161960,0.0,0.000186788,0.0,9.894371032714844e-06,9.626150131225586e-06,264.0,109.0
1650161961,0.0,0.000186788,0.0,9.894371032714844e-06,9.626150131225586e-06,264.0,109.0
1650161962,0.0,0.0002098185,0.0,9.894371032714844e-06,9.626150131225586e-06,263.5,109.0
1650161963,0.0,0.0002098185,0.0,9.894371032714844e-06,9.626150131225586e-06,263.5,109.0
1650161964,0.0,0.0002436255,0.0,9.715557098388672e-06,9.447336196899414e-06,197.5,293.5
1650161965,0.0,0.0002436255,0.0,9.715557098388672e-06,9.447336196899414e-06,197.5,293.5
1650161966,0.0,0.0,0.0,9.715557098388672e-06,9.447336196899414e-06,0.0,0.0
1650161967,0.0,0.0,0.0,9.715557098388672e-06,9.447336196899414e-06,0.0,0.0
1650161968,0.0,0.0,0.0,9.715557098388672e-06,9.447336196899414e-06,0.0,0.0
1650161969,0.0,0.000182121,0.0,9.894371032714844e-06,9.626150131225586e-06,222.66666666666663,141.33333333333334
1650161970,0.0,0.000249255,0.0,9.894371032714844e-06,9.626150131225586e-06,262.0,175.0
1650161971,0.0,0.0,0.0,9.894371032714844e-06,9.626150131225586e-06,0.0,0.0
1650161972,0.0,0.0,0.0,9.894371032714844e-06,9.626150131225586e-06,0.0,0.0
1650161973,0.0,0.0,0.0,9.894371032714844e-06,9.626150131225586e-06,0.0,0.0
1650161974,0.0,0.0,0.0,9.894371032714844e-06,9.626150131225586e-06,0.0,0.0
1650161975,0.0,0.00012078925,0.0,9.894371032714844e-06,9.626150131225586e-06,131.75,163.75
1650161976,0.0,0.000348057,0.0,9.894371032714844e-06,9.626150131225586e-06,528.0,218.0
1650161977,0.0,0.000348057,0.0,9.894371032714844e-06,9.626150131225586e-06,528.0,218.0
1650161978,0.0,0.000347312,0.0,9.894371032714844e-06,9.626150131225586e-06,420.0,200.0
1650161979,0.0,0.000347312,0.0,9.894371032714844e-06,9.626150131225586e-06,420.0,200.0
1650161980,0.0,9.68095e-05,0.0,9.894371032714844e-06,9.626150131225586e-06,132.0,87.5
1650161981,0.0,0.0,0.0,9.894371032714844e-06,9.626150131225586e-06,0.0,0.0
1650161982,0.0,0.0,0.0,9.894371032714844e-06,9.626150131225586e-06,0.0,0.0
1650161983,0.0,0.0,0.0,9.894371032714844e-06,9.626150131225586e-06,0.0,0.0
1650161984,0.0,0.0,0.0,9.894371032714844e-06,9.626150131225586e-06,0.0,0.0
1650161985,0.0,0.00011836175,0.0,9.894371032714844e-06,9.626150131225586e-06,132.0,154.5
1650161986,0.0,0.000158341,0.0,9.894371032714844e-06,9.626150131225586e-06,264.0,109.0
1650161987,0.0,0.000210555,0.0,9.894371032714844e-06,9.626150131225586e-06,264.0,109.0
1650161988,0.0,0.0,0.0,9.894371032714844e-06,9.626150131225586e-06,0.0,0.0
1650161989,0.0,0.0,0.0,9.894371032714844e-06,9.626150131225586e-06,0.0,0.0
1650161990,0.0,0.0,0.0,9.894371032714844e-06,9.626150131225586e-06,0.0,0.0
1650161991,0.0,0.000248122,0.0,9.894371032714844e-06,9.626150131225586e-06,354.6666666666667,177.66666666666666
1650161992,0.0,0.000145587,0.0,9.894371032714844e-06,9.626150131225586e-06,264.0,175.0
1650161993,0.0,0.000145587,0.0,9.894371032714844e-06,9.626150131225586e-06,264.0,175.0
1650161994,0.0,0.000141093,0.0,9.894371032714844e-06,9.626150131225586e-06,132.0,87.5
1650161995,0.0,0.000141093,0.0,9.894371032714844e-06,9.626150131225586e-06,132.0,87.5
1650161996,0.0,8.0014e-05,0.0,9.894371032714844e-06,9.626150131225586e-06,132.0,54.5
1650161997,0.0,0.000238554,0.0,9.894371032714844e-06,9.626150131225586e-06,263.0,109.0
1650161998,0.0,0.000238554,0.0,9.894371032714844e-06,9.626150131225586e-06,263.0,109.0
1650161999,0.0,8.4157e-05,0.0,9.894371032714844e-06,9.626150131225586e-06,131.5,54.5
1650162000,0.0,0.0,0.0,9.894371032714844e-06,9.626150131225586e-06,0.0,0.0
1650162001,0.0,0.0,0.0,9.894371032714844e-06,9.626150131225586e-06,0.0,0.0
1650162002,0.0,0.0,0.0,9.894371032714844e-06,9.626150131225586e-06,0.0,0.0
1650162003,0.0,0.00022091,0.0,9.894371032714844e-06,9.626150131225586e-06,266.6666666666667,208.66666666666663
1650162004,0.0,0.00022091,0.0,9.894371032714844e-06,9.626150131225586e-06,266.6666666666667,208.66666666666663
1650162005,0.0,0.0,0.0,9.894371032714844e-06,9.626150131225586e-06,0.0,0.0
1650162006,0.0,0.0,0.0,9.894371032714844e-06,9.626150131225586e-06,0.0,0.0
1650162007,0.0,0.0,0.0,9.894371032714844e-06,9.626150131225586e-06,0.0,0.0
1650162008,0.0,0.000267061,0.0,9.894371032714844e-06,9.626150131225586e-06,351.6666666666667,211.33333333333331
1650162009,0.0,0.000340793,0.0,9.894371032714844e-06,9.626150131225586e-06,528.0,218.0
1650162010,0.0,0.000340793,0.0,9.894371032714844e-06,9.626150131225586e-06,528.0,218.0
1650162011,0.0,0.000160692,0.0,9.894371032714844e-06,9.626150131225586e-06,264.0,109.0
1650162012,0.0,0.00048301,0.0,9.894371032714844e-06,9.626150131225586e-06,792.0,327.0
1650162013,0.0,0.000290791,0.0,9.894371032714844e-06,9.626150131225586e-06,263.0,377.0
1650162014,0.0,0.000290791,0.0,9.894371032714844e-06,9.626150131225586e-06,263.0,377.0
1650162015,0.0,0.0006811685,0.0,9.894371032714844e-06,9.626150131225586e-06,927.0,496.0
1650162016,0.0,0.0006811685,0.0,9.894371032714844e-06,9.626150131225586e-06,927.0,496.0
1650162017,0.0,8.0023e-05,0.0,9.894371032714844e-06,9.626150131225586e-06,132.0,54.5
1650162018,0.0,0.000316247,0.0,9.894371032714844e-06,9.626150131225586e-06,570.0,260.0
1650162019,0.0,0.000316247,0.0,9.894371032714844e-06,9.626150131225586e-06,570.0,260.0
1650162020,0.0,0.000261393,0.0,9.894371032714844e-06,9.626150131225586e-06,395.5,163.5
1650162021,0.0,0.000374398,0.0,9.894371032714844e-06,9.626150131225586e-06,528.0,218.0
1650162022,0.0,0.000374398,0.0,9.894371032714844e-06,9.626150131225586e-06,528.0,218.0
1650162023,0.0,0.0008489055,0.0,9.894371032714844e-06,9.626150131225586e-06,922.0,724.5
1650162024,0.0,0.0008489055,0.0,9.894371032714844e-06,9.626150131225586e-06,922.0,724.5
1650162025,0.0,0.000452241,0.0,9.894371032714844e-06,9.626150131225586e-06,664.0,354.0
1650162026,0.0,0.000581639,0.0,9.894371032714844e-06,9.626150131225586e-06,792.0,393.0
1650162027,0.0,0.000605497,0.0,9.894371032714844e-06,9.626150131225586e-06,792.0,327.0
1650162028,0.0,0.000605497,0.0,9.894371032714844e-06,9.626150131225586e-06,792.0,327.0
1650162029,0.0,0.000177678,0.0,9.894371032714844e-06,9.626150131225586e-06,264.0,109.0
1650162030,0.0,0.000945149,0.0,9.894371032714844e-06,9.626150131225586e-06,1320.0,545.0
1650162031,0.0,0.000945149,0.0,9.894371032714844e-06,9.626150131225586e-06,1320.0,545.0
1650162032,0.0,0.0002441175,0.0,9.894371032714844e-06,9.626150131225586e-06,396.0,163.5
1650162033,0.0,0.000805045,0.0,9.894371032714844e-06,9.626150131225586e-06,791.0,801.0
1650162034,0.0,0.000805045,0.0,9.894371032714844e-06,9.626150131225586e-06,791.0,801.0
1650162035,0.0,0.0004001675,0.0,9.894371032714844e-06,9.626150131225586e-06,531.5,266.5
1650162036,0.0,0.000734397,0.0,9.894371032714844e-06,9.626150131225586e-06,1056.0,568.0
1650162037,0.0,0.000434387,0.0,9.894371032714844e-06,9.626150131225586e-06,528.0,218.0
1650162038,0.0,0.000434387,0.0,9.894371032714844e-06,9.626150131225586e-06,528.0,218.0
1650162039,0.0,0.000153538,0.0,9.894371032714844e-06,9.626150131225586e-06,264.0,109.0
1650162040,0.0,0.000153538,0.0,9.894371032714844e-06,9.626150131225586e-06,264.0,109.0
1650162041,0.0,0.0004620275,0.005,9.894371032714844e-06,9.626150131225586e-06,527.5,218.0
1650162042,0.0,0.0004620275,0.005,9.894371032714844e-06,9.626150131225586e-06,527.5,218.0
1650162043,0.0,0.00038573,0.0,9.894371032714844e-06,9.626150131225586e-06,526.5,716.0
1650162044,0.0,0.00038573,0.0,9.894371032714844e-06,9.626150131225586e-06,526.5,716.0
1650162045,0.0,0.0002326605,0.0,9.894371032714844e-06,9.626150131225586e-06,395.0,163.5
1650162046,0.0,0.000611538,0.0,9.894371032714844e-06,9.626150131225586e-06,1064.0,533.0
1650162047,0.0,0.000611538,0.0,9.894371032714844e-06,9.626150131225586e-06,1064.0,533.0
1650162048,0.0,0.00036461,0.0,9.894371032714844e-06,9.626150131225586e-06,527.5,284.0
1650162049,0.0,0.00036461,0.0,9.894371032714844e-06,9.626150131225586e-06,527.5,284.0
1650162050,0.0,0.0002745715,0.0,9.894371032714844e-06,9.626150131225586e-06,395.5,163.5
1650162051,0.0,0.000421346,0.0,9.894371032714844e-06,9.626150131225586e-06,791.0,327.0
1650162052,0.0,0.000421346,0.0,9.894371032714844e-06,9.626150131225586e-06,791.0,327.0
1650162053,0.0,0.000312185,0.0,9.894371032714844e-06,9.626150131225586e-06,396.0,454.0
1650162054,0.0,0.000125616,0.0,9.894371032714844e-06,9.626150131225586e-06,264.0,109.0
1650162055,0.0,0.000125616,0.0,9.894371032714844e-06,9.626150131225586e-06,264.0,109.0
1650162056,0.0,0.000467801,0.0,9.894371032714844e-06,9.626150131225586e-06,659.5,272.5
1650162057,0.0,0.000575673,0.0,9.894371032714844e-06,9.626150131225586e-06,800.0,358.0
1650162058,0.0,0.000575673,0.0,9.894371032714844e-06,9.626150131225586e-06,800.0,358.0
1650162059,0.0,0.0001702835,0.0,9.894371032714844e-06,9.626150131225586e-06,285.0,196.0
1650162060,0.0,0.000529306,0.0,9.894371032714844e-06,9.626150131225586e-06,792.0,393.0
1650162061,0.0,0.000529306,0.0,9.894371032714844e-06,9.626150131225586e-06,792.0,393.0
1650162062,0.0,0.0001426495,0.0,9.894371032714844e-06,9.626150131225586e-06,264.0,109.0
1650162063,0.0,0.0001426495,0.0,9.894371032714844e-06,9.626150131225586e-06,264.0,109.0
1650162064,0.0,0.0003558865,0.0,9.894371032714844e-06,9.626150131225586e-06,528.0,456.0
1650162065,0.0,0.000394257,0.0,9.894371032714844e-06,9.626150131225586e-06,792.0,327.0
1650162066,0.0,0.000394257,0.0,9.894371032714844e-06,9.626150131225586e-06,792.0,327.0
1650162067,0.0,0.0001625265,0.005,9.894371032714844e-06,9.626150131225586e-06,264.0,109.0
1650162068,0.0,0.0001625265,0.005,9.894371032714844e-06,9.626150131225586e-06,264.0,109.0
1650162069,0.0,0.0004381385,0.0,9.894371032714844e-06,9.626150131225586e-06,663.5,354.0
1650162070,0.0,0.000136011,0.0,9.894371032714844e-06,9.626150131225586e-06,264.0,175.0
1650162071,0.0,0.000435927,0.0,9.894371032714844e-06,9.626150131225586e-06,791.0,327.0
1650162072,0.0,0.000435927,0.0,9.894371032714844e-06,9.626150131225586e-06,791.0,327.0
1650162073,0.0,0.000461065,0.0,9.894371032714844e-06,9.626150131225586e-06,527.0,455.5
1650162074,0.0,0.000461065,0.0,9.894371032714844e-06,9.626150131225586e-06,527.0,455.5
1650162075,0.0,0.000236353,0.0,9.894371032714844e-06,9.626150131225586e-06,396.0,163.5
1650162076,0.0,0.000368175,0.0,9.894371032714844e-06,9.626150131225586e-06,528.0,218.0
1650162077,0.0,0.000368175,0.0,9.894371032714844e-06,9.626150131225586e-06,528.0,218.0
1650162078,0.0,0.000289123,0.0,9.894371032714844e-06,9.626150131225586e-06,396.0,163.5
1650162079,0.0,0.000206636,0.0,9.715557098388672e-06,9.447336196899414e-06,396.0,109.0
1650162080,0.0,0.000465242,0.0,9.894371032714844e-06,9.626150131225586e-06,668.0,424.0
1650162081,0.0,0.000465242,0.0,9.894371032714844e-06,9.626150131225586e-06,668.0,424.0
1650162082,0.0,0.0004067465,0.0,9.894371032714844e-06,9.626150131225586e-06,659.5,338.5
1650162083,0.0,0.000425747,0.0,9.894371032714844e-06,9.626150131225586e-06,528.0,1012.0
1650162084,0.0,0.000246739,0.0,9.894371032714844e-06,9.626150131225586e-06,528.0,218.0
1650162085,0.0,0.000246739,0.0,9.894371032714844e-06,9.626150131225586e-06,528.0,218.0
1650162086,0.0,0.000138788,0.0,9.894371032714844e-06,9.626150131225586e-06,264.0,109.0
1650162087,0.0,0.000138788,0.0,9.894371032714844e-06,9.626150131225586e-06,264.0,109.0
1650162088,0.0,0.0001487445,0.0,9.894371032714844e-06,9.626150131225586e-06,264.0,109.0
1650162089,0.0,0.0001487445,0.0,9.894371032714844e-06,9.626150131225586e-06,264.0,109.0
1650162090,0.0,0.000271991,0.0,9.715557098388672e-06,9.447336196899414e-06,462.0,163.5
1650162091,0.0,0.000485367,0.0,9.894371032714844e-06,9.626150131225586e-06,667.0,424.0
1650162092,0.0,0.000485367,0.0,9.894371032714844e-06,9.626150131225586e-06,667.0,424.0
1650162093,0.0,0.000373148,0.0,9.894371032714844e-06,9.626150131225586e-06,528.0,417.5
1650162094,0.0,0.000275144,0.0,9.894371032714844e-06,9.626150131225586e-06,528.0,218.0
1650162095,0.0,0.000281507,0.0,9.894371032714844e-06,9.626150131225586e-06,527.0,218.0
1650162096,0.0,0.000281507,0.0,9.894371032714844e-06,9.626150131225586e-06,527.0,218.0
1650162097,0.0,0.0001487635,0.0,9.894371032714844e-06,9.626150131225586e-06,264.0,109.0
1650162098,0.0,0.000368439,0.0,9.894371032714844e-06,9.626150131225586e-06,569.0,260.0
1650162099,0.0,0.00048312,0.0,9.894371032714844e-06,9.626150131225586e-06,792.0,327.0
1650162100,0.0,0.00048312,0.0,9.894371032714844e-06,9.626150131225586e-06,792.0,327.0
1650162101,0.0,0.0004428995,0.0,9.894371032714844e-06,9.626150131225586e-06,664.0,321.0
1650162102,0.0,0.0004428995,0.0,9.894371032714844e-06,9.626150131225586e-06,664.0,321.0
1650162103,0.0,0.000314607,0.0,9.894371032714844e-06,9.626150131225586e-06,396.0,416.0
1650162104,0.0,0.000242928,0.0,9.894371032714844e-06,9.626150131225586e-06,528.0,218.0
1650162105,0.0,0.000242928,0.0,9.894371032714844e-06,9.626150131225586e-06,528.0,218.0
1650162106,0.0,0.0001258185,0.0,9.894371032714844e-06,9.626150131225586e-06,264.0,109.0
1650162107,0.0,0.0001258185,0.0,9.894371032714844e-06,9.626150131225586e-06,264.0,109.0
1650162108,0.0,0.0002201515,0.0,9.894371032714844e-06,9.626150131225586e-06,395.5,163.5
1650162109,0.0,0.000468166,0.0,9.894371032714844e-06,9.626150131225586e-06,792.0,327.0
1650162110,0.0,0.000468166,0.0,9.894371032714844e-06,9.626150131225586e-06,792.0,327.0
1650162111,0.0,0.0002086295,0.0,9.894371032714844e-06,9.626150131225586e-06,396.0,163.5
1650162112,0.0,0.000210209,0.0,9.715557098388672e-06,9.447336196899414e-06,396.0,109.0
1650162113,0.0,0.000210209,0.0,9.715557098388672e-06,9.447336196899414e-06,396.0,109.0
1650162114,0.0,0.0004242115,0.0,9.894371032714844e-06,9.626150131225586e-06,598.0,387.0
1650162115,0.0,0.0004242115,0.0,9.894371032714844e-06,9.626150131225586e-06,598.0,387.0
1650162116,0.0,0.000154138,0.0,9.894371032714844e-06,9.626150131225586e-06,264.0,109.0
1650162117,0.0,0.000131297,0.0,9.894371032714844e-06,9.626150131225586e-06,264.0,109.0
1650162118,0.0,0.000131297,0.0,9.894371032714844e-06,9.626150131225586e-06,264.0,109.0
1650162119,0.0,0.0003322795,0.0,9.894371032714844e-06,9.626150131225586e-06,527.0,218.0
1650162120,0.0,0.000296125,0.0,9.894371032714844e-06,9.626150131225586e-06,528.0,218.0
1650162121,0.0,0.000296125,0.0,9.894371032714844e-06,9.626150131225586e-06,528.0,218.0
1650162122,0.0,0.0002150735,0.0,9.894371032714844e-06,9.626150131225586e-06,396.0,163.5
1650162123,0.0,0.0002150735,0.0,9.894371032714844e-06,9.626150131225586e-06,396.0,163.5
1650162124,0.0,0.000267317,0.0,9.715557098388672e-06,9.447336196899414e-06,330.0,295.0
1650162125,0.0,0.000267317,0.0,9.715557098388672e-06,9.447336196899414e-06,330.0,295.0
1650162126,0.0,0.0003155835,0.0,9.894371032714844e-06,9.626150131225586e-06,465.5,299.5
1650162127,0.0,0.000329657,0.0,9.894371032714844e-06,9.626150131225586e-06,528.0,284.0
1650162128,0.0,0.000329657,0.0,9.894371032714844e-06,9.626150131225586e-06,528.0,284.0
1650162129,0.0,0.0001815725,0.0,9.894371032714844e-06,9.626150131225586e-06,264.0,109.0
1650162130,0.0,0.000442338,0.0,9.894371032714844e-06,9.626150131225586e-06,791.0,327.0
1650162131,0.0,0.000442338,0.0,9.894371032714844e-06,9.626150131225586e-06,791.0,327.0
1650162132,0.0,0.0002851755,0.0,9.894371032714844e-06,9.626150131225586e-06,396.0,163.5
1650162133,0.01,0.000614632,0.0,9.894371032714844e-06,9.626150131225586e-06,790.0,702.0
1650162134,0.01,0.000614632,0.0,9.894371032714844e-06,9.626150131225586e-06,790.0,702.0
1650162135,0.0,0.000390853,0.0,9.894371032714844e-06,9.626150131225586e-06,532.0,233.5
1650162136,0.0,0.000390853,0.0,9.894371032714844e-06,9.626150131225586e-06,532.0,233.5
1650162137,0.0,0.000151461,0.0,9.894371032714844e-06,9.626150131225586e-06,263.5,175.0
1650162138,0.0,0.000514536,0.0,9.894371032714844e-06,9.626150131225586e-06,834.0,435.0
1650162139,0.0,0.000514536,0.0,9.894371032714844e-06,9.626150131225586e-06,834.0,435.0
1650162140,0.0,0.0002332605,0.0,9.894371032714844e-06,9.626150131225586e-06,395.0,163.5
1650162141,0.0,0.000504419,0.0,9.894371032714844e-06,9.626150131225586e-06,792.0,327.0
1650162142,0.0,0.000504419,0.0,9.894371032714844e-06,9.626150131225586e-06,792.0,327.0
1650162143,0.0,0.0003359975,0.0,9.894371032714844e-06,9.626150131225586e-06,396.0,400.5
1650162144,0.0,0.0003359975,0.0,9.894371032714844e-06,9.626150131225586e-06,396.0,400.5
1650162145,0.0,0.000151319,0.0,9.894371032714844e-06,9.626150131225586e-06,264.0,109.0
1650162146,0.0,0.000591748,0.0,9.894371032714844e-06,9.626150131225586e-06,799.0,358.0
1650162147,0.0,0.000591748,0.0,9.894371032714844e-06,9.626150131225586e-06,799.0,358.0
1650162148,0.0,0.00023324,0.0,9.894371032714844e-06,9.626150131225586e-06,396.0,262.5
1650162149,0.0,0.000285465,0.0,9.894371032714844e-06,9.626150131225586e-06,528.0,218.0
1650162150,0.0,0.000285465,0.0,9.894371032714844e-06,9.626150131225586e-06,528.0,218.0
1650162151,0.0,0.00013855,0.0,9.894371032714844e-06,9.626150131225586e-06,264.0,109.0
1650162152,0.0,0.000256858,0.0,9.894371032714844e-06,9.626150131225586e-06,527.0,218.0
1650162153,0.0,0.000256858,0.0,9.894371032714844e-06,9.626150131225586e-06,527.0,218.0
1650162154,0.0,0.0004179675,0.0,9.894371032714844e-06,9.626150131225586e-06,527.5,352.0
1650162155,0.0,0.0004179675,0.0,9.894371032714844e-06,9.626150131225586e-06,527.5,352.0
1650162156,0.0,0.0002723415,0.0,9.894371032714844e-06,9.626150131225586e-06,395.5,163.5
1650162157,0.0,0.000613579,0.0,9.894371032714844e-06,9.626150131225586e-06,800.0,358.0
1650162158,0.0,0.000613579,0.0,9.894371032714844e-06,9.626150131225586e-06,800.0,358.0
1650162159,0.0,0.0002022975,0.0,9.894371032714844e-06,9.626150131225586e-06,396.0,262.5
1650162160,0.0,0.0002022975,0.0,9.894371032714844e-06,9.626150131225586e-06,396.0,262.5
1650162161,0.0,0.0003336455,0.0,9.894371032714844e-06,9.626150131225586e-06,527.5,218.0
1650162162,0.0,0.0003336455,0.0,9.894371032714844e-06,9.626150131225586e-06,527.5,218.0
1650162163,0.0,0.000380233,0.0,9.894371032714844e-06,9.626150131225586e-06,395.0,453.5
1650162164,0.0,0.000557225,0.0,9.894371032714844e-06,9.626150131225586e-06,792.0,327.0
1650162165,0.0,0.000403497,0.0,9.894371032714844e-06,9.626150131225586e-06,527.0,218.0
1650162166,0.0,0.000165351,0.0,9.894371032714844e-06,9.626150131225586e-06,264.0,109.0
1650162167,0.0,0.000165351,0.0,9.894371032714844e-06,9.626150131225586e-06,264.0,109.0
1650162168,0.005,0.0003821425,0.0,9.894371032714844e-06,9.626150131225586e-06,532.0,233.5
1650162169,0.005,0.0003821425,0.0,9.894371032714844e-06,9.626150131225586e-06,532.0,233.5
1650162170,0.0,0.0002354425,0.0,9.894371032714844e-06,9.626150131225586e-06,263.5,175.0
1650162171,0.0,0.00067571,0.0,9.894371032714844e-06,9.626150131225586e-06,789.0,393.0
1650162172,0.0,0.00067571,0.0,9.894371032714844e-06,9.626150131225586e-06,789.0,393.0
1650162173,0.0,0.0003411915,0.0,9.894371032714844e-06,9.626150131225586e-06,396.0,507.5
1650162174,0.0,0.000813556,0.0,9.894371032714844e-06,9.626150131225586e-06,1055.0,436.0
1650162175,0.0,0.000813556,0.0,9.894371032714844e-06,9.626150131225586e-06,1055.0,436.0
1650162176,0.0,0.000275338,0.0,9.894371032714844e-06,9.626150131225586e-06,395.5,163.5
1650162177,0.0,0.000275338,0.0,9.894371032714844e-06,9.626150131225586e-06,395.5,163.5
1650162178,0.0,0.000347931,0.005,9.894371032714844e-06,9.626150131225586e-06,395.5,163.5
1650162179,0.0,0.000349776,0.0,9.715557098388672e-06,9.447336196899414e-06,438.0,151.0
1650162180,0.0,0.000725874,0.0,9.894371032714844e-06,9.626150131225586e-06,932.0,599.0
1650162181,0.0,0.000725874,0.0,9.894371032714844e-06,9.626150131225586e-06,932.0,599.0
1650162182,0.0,8.1954e-05,0.0,9.894371032714844e-06,9.626150131225586e-06,132.0,87.5
1650162183,0.0,0.000148312,0.0,9.894371032714844e-06,9.626150131225586e-06,0.0,475.0
1650162184,0.0,0.000148312,0.0,9.894371032714844e-06,9.626150131225586e-06,0.0,475.0
1650162185,0.0,0.0,0.0,9.894371032714844e-06,9.626150131225586e-06,0.0,0.0
1650162186,0.0,0.0,0.0,9.894371032714844e-06,9.626150131225586e-06,0.0,0.0
1650162187,0.0,0.0,0.0,9.894371032714844e-06,9.626150131225586e-06,0.0,0.0
1650162188,0.0,0.0,0.0,9.894371032714844e-06,9.626150131225586e-06,0.0,0.0
1650162189,0.0,0.0,0.0,9.894371032714844e-06,9.626150131225586e-06,0.0,0.0
1650162190,0.0,0.0,0.0,9.894371032714844e-06,9.626150131225586e-06,0.0,0.0
1650162191,0.0,0.0,0.0,9.894371032714844e-06,9.626150131225586e-06,0.0,0.0
1650162192,0.0,0.0,0.0,9.894371032714844e-06,9.626150131225586e-06,0.0,0.0
1650162193,0.0,0.0,0.0,9.894371032714844e-06,9.626150131225586e-06,0.0,0.0
1650162194,0.0,5.826333333333333e-06,0.0,9.894371032714844e-06,9.626150131225586e-06,0.0,0.0
1650162195,0.0,5.826333333333333e-06,0.0,9.894371032714844e-06,9.626150131225586e-06,0.0,0.0
1650162196,0.0,0.0,0.0,9.894371032714844e-06,9.626150131225586e-06,0.0,0.0
1650162197,0.0,0.0,0.0,9.894371032714844e-06,9.626150131225586e-06,0.0,0.0
1650162198,0.0,0.0,0.0,9.894371032714844e-06,9.626150131225586e-06,0.0,0.0
1650162199,0.0,0.0,0.0,9.894371032714844e-06,9.626150131225586e-06,0.0,0.0
1650162200,0.0,0.0,0.0,9.894371032714844e-06,9.626150131225586e-06,0.0,0.0
1650162201,0.0,0.0,0.0,9.894371032714844e-06,9.626150131225586e-06,0.0,0.0
1650162202,0.0,0.0,0.0,9.894371032714844e-06,9.626150131225586e-06,0.0,0.0
1650162203,0.0,8.43525e-06,0.0,9.894371032714844e-06,9.626150131225586e-06,0.0,0.0
1650162204,0.0,0.0,0.0,9.894371032714844e-06,9.626150131225586e-06,0.0,0.0
1650162205,0.0,0.0,0.0,9.894371032714844e-06,9.626150131225586e-06,0.0,0.0
1650162206,0.0,0.0,0.0,9.894371032714844e-06,9.626150131225586e-06,0.0,0.0
1650162207,0.0,0.0,0.0,9.894371032714844e-06,9.626150131225586e-06,0.0,0.0
1650162208,0.0,0.0,0.0,9.894371032714844e-06,9.626150131225586e-06,0.0,0.0
1650162209,0.0,0.0,0.0,9.894371032714844e-06,9.626150131225586e-06,0.0,0.0
1650162210,0.0,0.0,0.0,9.894371032714844e-06,9.626150131225586e-06,0.0,0.0
1650162211,0.0,0.0,0.0,9.894371032714844e-06,9.626150131225586e-06,0.0,0.0
1650162212,0.0,0.0,0.0,9.894371032714844e-06,9.626150131225586e-06,0.0,0.0
1650162213,0.0,6.1314e-06,0.0,9.894371032714844e-06,9.626150131225586e-06,0.0,0.0
1650162214,0.0,6.1314e-06,0.0,9.894371032714844e-06,9.626150131225586e-06,0.0,0.0
1650162215,0.0,0.0,0.0,9.894371032714844e-06,9.626150131225586e-06,0.0,0.0
1650162216,0.0,0.0,0.0,9.894371032714844e-06,9.626150131225586e-06,0.0,0.0
1650162217,0.0,0.0,0.0,9.894371032714844e-06,9.626150131225586e-06,0.0,0.0
1650162218,0.0,0.0,0.0,9.894371032714844e-06,9.626150131225586e-06,0.0,0.0
1650162219,0.0,0.0,0.0,9.894371032714844e-06,9.626150131225586e-06,0.0,0.0
1650162220,0.0,0.0,0.0,9.894371032714844e-06,9.626150131225586e-06,0.0,0.0
1650162221,0.0,0.0,0.0,9.894371032714844e-06,9.626150131225586e-06,0.0,0.0
1650162222,0.0,0.0,0.0,9.894371032714844e-06,9.626150131225586e-06,0.0,0.0
1650162223,0.0,0.0,0.0,9.894371032714844e-06,9.626150131225586e-06,0.0,0.0
1650162224,0.0,5.807428571428572e-06,0.0,9.894371032714844e-06,9.626150131225586e-06,0.0,0.0
1650162225,0.0,5.807428571428572e-06,0.0,9.894371032714844e-06,9.626150131225586e-06,0.0,0.0
1650162226,0.0,0.0,0.0,9.894371032714844e-06,9.626150131225586e-06,0.0,0.0
1650162227,0.0,0.0,0.0,9.894371032714844e-06,9.626150131225586e-06,0.0,0.0
1650162228,0.0,0.0,0.0,9.894371032714844e-06,9.626150131225586e-06,0.0,0.0
1650162229,0.0,0.0,0.0,9.894371032714844e-06,9.626150131225586e-06,0.0,0.0
1650162230,0.0,0.0,0.0,9.894371032714844e-06,9.626150131225586e-06,0.0,0.0
1650162231,0.0,0.0,0.0,9.894371032714844e-06,9.626150131225586e-06,0.0,0.0
1650162232,0.0,0.0,0.0,9.894371032714844e-06,9.626150131225586e-06,0.0,0.0
1650162233,0.0,0.0,0.0,9.894371032714844e-06,9.626150131225586e-06,0.0,0.0
1650162234,0.0,0.0,0.0,9.894371032714844e-06,9.626150131225586e-06,0.0,0.0
1650162235,0.0,7.837600000000001e-06,0.0,9.894371032714844e-06,9.626150131225586e-06,0.0,0.0
1650162236,0.0,7.837600000000001e-06,0.0,9.894371032714844e-06,9.626150131225586e-06,0.0,0.0
1650162237,0.0,0.0,0.0,9.894371032714844e-06,9.626150131225586e-06,0.0,0.0
1650162238,0.0,0.0,0.0,9.894371032714844e-06,9.626150131225586e-06,0.0,0.0
1650162239,0.0,0.0,0.0,9.894371032714844e-06,9.626150131225586e-06,0.0,0.0
1650162240,0.0,0.0,0.0,9.894371032714844e-06,9.626150131225586e-06,0.0,0.0
1650162241,0.0,7.856975e-05,0.0,9.715557098388672e-06,9.447336196899414e-06,99.0,27.25
1650162242,0.0,7.856975e-05,0.0,9.715557098388672e-06,9.447336196899414e-06,99.0,27.25
1650162243,0.0,1.6087e-05,0.0,9.715557098388672e-06,9.447336196899414e-06,0.0,0.0
1650162244,0.0,0.0,0.0,9.715557098388672e-06,9.447336196899414e-06,84.0,84.0
1650162245,0.0,0.0,0.0,9.715557098388672e-06,9.447336196899414e-06,84.0,84.0
1650162246,0.0,0.0,0.0,9.715557098388672e-06,9.447336196899414e-06,0.0,0.0
1650162247,0.0,0.0,0.0,9.715557098388672e-06,9.447336196899414e-06,0.0,0.0
1650162248,0.0,0.0,0.0,9.715557098388672e-06,9.447336196899414e-06,0.0,0.0
1650162249,0.0,0.0,0.0,9.715557098388672e-06,9.447336196899414e-06,0.0,0.0
1650162250,0.0,0.0,0.0,9.715557098388672e-06,9.447336196899414e-06,0.0,0.0
1650162251,0.0,0.0,0.0,9.715557098388672e-06,9.447336196899414e-06,0.0,0.0
1650162252,0.0,0.0,0.0,9.715557098388672e-06,9.447336196899414e-06,0.0,0.0
1650162253,0.0,0.0,0.0,9.715557098388672e-06,9.447336196899414e-06,0.0,0.0
1650162254,0.0,9.361166666666666e-06,0.0,9.715557098388672e-06,9.447336196899414e-06,0.0,0.0
1650162255,0.0,0.0,0.0,9.715557098388672e-06,9.447336196899414e-06,0.0,0.0
1650162256,0.0,0.0,0.0,9.715557098388672e-06,9.447336196899414e-06,0.0,0.0
1650162257,0.0,0.0,0.0,9.715557098388672e-06,9.447336196899414e-06,0.0,0.0
1650162258,0.0,0.0001119833333333,0.0,9.894371032714844e-06,9.626150131225586e-06,134.66666666666666,83.0
1650162259,0.0,0.0001119833333333,0.0,9.894371032714844e-06,9.626150131225586e-06,134.66666666666666,83.0
1650162260,0.0,0.0,0.0,9.894371032714844e-06,9.626150131225586e-06,0.0,0.0
1650162261,0.0,0.0,0.0,9.894371032714844e-06,9.626150131225586e-06,0.0,0.0
1650162262,0.0,0.0,0.0,9.894371032714844e-06,9.626150131225586e-06,0.0,0.0
1650162263,0.0,0.0,0.0,9.894371032714844e-06,9.626150131225586e-06,0.0,0.0
1650162264,0.0,0.0,0.0,9.894371032714844e-06,9.626150131225586e-06,0.0,0.0
1650162265,0.0,0.0,0.0,9.894371032714844e-06,9.626150131225586e-06,0.0,0.0
1650162266,0.0,0.0,0.0,9.894371032714844e-06,9.626150131225586e-06,0.0,0.0
1650162267,0.0,0.0,0.0,9.894371032714844e-06,9.626150131225586e-06,0.0,0.0
1650162268,0.0,3.4257333333333335e-05,0.0,9.894371032714844e-06,9.626150131225586e-06,43.833333333333336,29.166666666666668
1650162269,0.0,0.0,0.0,9.894371032714844e-06,9.626150131225586e-06,0.0,0.0
1650162270,0.0,0.0,0.0,9.894371032714844e-06,9.626150131225586e-06,0.0,0.0
1650162271,0.0,0.0,0.0,9.894371032714844e-06,9.626150131225586e-06,0.0,0.0
1650162272,0.0,0.0,0.0,9.894371032714844e-06,9.626150131225586e-06,0.0,0.0
1650162273,0.0,0.0,0.0,9.894371032714844e-06,9.626150131225586e-06,0.0,0.0
1650162274,0.0,0.0,0.0,9.894371032714844e-06,9.626150131225586e-06,0.0,0.0
1650162275,0.0,0.0,0.0,9.894371032714844e-06,9.626150131225586e-06,0.0,0.0
1650162276,0.0,0.0,0.0,9.894371032714844e-06,9.626150131225586e-06,0.0,0.0
1650162277,0.0,0.0,0.0,9.894371032714844e-06,9.626150131225586e-06,0.0,0.0
1650162278,0.0,0.0,0.0,9.894371032714844e-06,9.626150131225586e-06,0.0,0.0
1650162279,0.0,0.0,0.0,9.894371032714844e-06,9.626150131225586e-06,0.0,0.0
1650162280,0.0,4.3035e-06,0.0,9.894371032714844e-06,9.626150131225586e-06,0.0,0.0
1650162281,0.0,0.0,0.0,9.894371032714844e-06,9.626150131225586e-06,0.0,0.0
1650162282,0.0,0.0,0.0,9.894371032714844e-06,9.626150131225586e-06,0.0,0.0
1650162283,0.0,0.0,0.0,9.894371032714844e-06,9.626150131225586e-06,0.0,0.0
1650162284,0.0,1.1330333333333334e-05,0.0,9.894371032714844e-06,9.626150131225586e-06,0.0,0.0
1650162285,0.0,1.1330333333333334e-05,0.0,9.894371032714844e-06,9.626150131225586e-06,0.0,0.0
1650162286,0.0,0.0,0.0,9.894371032714844e-06,9.626150131225586e-06,0.0,0.0
1650162287,0.0,0.0,0.0,9.894371032714844e-06,9.626150131225586e-06,0.0,0.0
1650162288,0.0,0.0,0.0,9.894371032714844e-06,9.626150131225586e-06,0.0,0.0
1650162289,0.0,0.0,0.0,9.894371032714844e-06,9.626150131225586e-06,0.0,0.0
1650162290,0.0,0.0,0.0,9.894371032714844e-06,9.626150131225586e-06,0.0,0.0
1650162291,0.0,0.0,0.0,9.894371032714844e-06,9.626150131225586e-06,0.0,0.0
1650162292,0.0,0.0,0.0,9.894371032714844e-06,9.626150131225586e-06,0.0,0.0
1650162293,0.0,0.0,0.0,9.894371032714844e-06,9.626150131225586e-06,0.0,0.0
1650162294,0.0,7.5248e-06,0.0,9.894371032714844e-06,9.626150131225586e-06,0.0,0.0
1650162295,0.0,0.0,0.0,9.894371032714844e-06,9.626150131225586e-06,0.0,0.0
1650162296,0.0,0.0,0.0,9.894371032714844e-06,9.626150131225586e-06,0.0,0.0
1650162297,0.0,0.0,0.0,9.894371032714844e-06,9.626150131225586e-06,0.0,0.0
1650162298,0.0,0.0,0.0,9.894371032714844e-06,9.626150131225586e-06,0.0,0.0
1650162299,0.0,0.0,0.0,9.894371032714844e-06,9.626150131225586e-06,0.0,0.0
1650162300,0.0,0.0,0.0,9.894371032714844e-06,9.626150131225586e-06,0.0,0.0
1650162301,0.0,0.0,0.0,9.894371032714844e-06,9.626150131225586e-06,0.0,0.0
1650162302,0.0,0.0,0.0,9.894371032714844e-06,9.626150131225586e-06,0.0,0.0
1650162303,0.0,0.0,0.0,9.894371032714844e-06,9.626150131225586e-06,0.0,0.0
1650162304,0.0,0.0,0.0,9.894371032714844e-06,9.626150131225586e-06,0.0,0.0
1650162305,0.0,4.835e-06,0.0,9.894371032714844e-06,9.626150131225586e-06,0.0,0.0
1650162306,0.0,4.835e-06,0.0,9.894371032714844e-06,9.626150131225586e-06,0.0,0.0
1650162307,0.0,0.0,0.0,9.894371032714844e-06,9.626150131225586e-06,0.0,0.0
1650162308,0.0,0.0,0.0,9.894371032714844e-06,9.626150131225586e-06,0.0,0.0
1650162309,0.0,0.0,0.0,9.894371032714844e-06,9.626150131225586e-06,0.0,0.0
1650162310,0.0,0.0,0.0,9.894371032714844e-06,9.626150131225586e-06,0.0,0.0
1650162311,0.0,0.0,0.0,9.894371032714844e-06,9.626150131225586e-06,0.0,0.0
1650162312,0.0,0.0,0.0,9.894371032714844e-06,9.626150131225586e-06,0.0,0.0
1650162313,0.0,0.0,0.0,9.894371032714844e-06,9.626150131225586e-06,0.0,0.0
1650162314,0.0,0.0,0.0,9.894371032714844e-06,9.626150131225586e-06,0.0,0.0
1650162315,0.0,0.0,0.0,9.894371032714844e-06,9.626150131225586e-06,0.0,0.0
1650162316,0.0,0.000130848,0.0,9.894371032714844e-06,9.626150131225586e-06,177.33333333333334,99.83333333333331
1650162317,0.0,0.000444664,0.0,9.894371032714844e-06,9.626150131225586e-06,528.0,350.0
1650162318,0.0,0.000521549,0.0,9.894371032714844e-06,9.626150131225586e-06,791.0,327.0
1650162319,0.0,0.000521549,0.0,9.894371032714844e-06,9.626150131225586e-06,791.0,327.0
1650162320,0.0,0.0002768385,0.0,9.894371032714844e-06,9.626150131225586e-06,395.5,163.5
1650162321,0.0,0.0002768385,0.0,9.894371032714844e-06,9.626150131225586e-06,395.5,163.5
1650162322,0.0,0.000463707,0.0,9.894371032714844e-06,9.626150131225586e-06,660.0,272.5
1650162323,0.0,0.000463707,0.0,9.894371032714844e-06,9.626150131225586e-06,660.0,272.5
1650162324,0.0,0.0003364115,0.0,9.894371032714844e-06,9.626150131225586e-06,396.0,403.5
1650162325,0.0,0.0003364115,0.0,9.894371032714844e-06,9.626150131225586e-06,396.0,403.5
1650162326,0.0,0.0004362285,0.0,9.894371032714844e-06,9.626150131225586e-06,532.0,266.5
1650162327,0.0,0.0004362285,0.0,9.894371032714844e-06,9.626150131225586e-06,532.0,266.5
1650162328,0.0,0.0001453515,0.0,9.894371032714844e-06,9.626150131225586e-06,264.0,175.0
1650162329,0.0,0.000639197,0.0,9.894371032714844e-06,9.626150131225586e-06,834.0,369.0
1650162330,0.0,0.000639197,0.0,9.894371032714844e-06,9.626150131225586e-06,834.0,369.0
1650162331,0.0,0.0002430175,0.0,9.894371032714844e-06,9.626150131225586e-06,396.0,163.5
1650162332,0.0,0.0002430175,0.0,9.894371032714844e-06,9.626150131225586e-06,396.0,163.5
1650162333,0.005,0.0003861,0.005,9.894371032714844e-06,9.626150131225586e-06,528.0,218.0
1650162334,0.0,0.000497367,0.0,9.894371032714844e-06,9.626150131225586e-06,528.0,695.0
1650162335,0.0,0.000497367,0.0,9.894371032714844e-06,9.626150131225586e-06,528.0,695.0
1650162336,0.0,0.000370603,0.0,9.894371032714844e-06,9.626150131225586e-06,532.0,233.5
1650162337,0.0,0.000476595,0.0,9.894371032714844e-06,9.626150131225586e-06,528.0,350.0
1650162338,0.0,0.000476595,0.0,9.894371032714844e-06,9.626150131225586e-06,528.0,350.0
1650162339,0.0,0.000160167,0.0,9.894371032714844e-06,9.626150131225586e-06,264.0,142.0
1650162340,0.0,0.000677453,0.0,9.894371032714844e-06,9.626150131225586e-06,1055.0,436.0
1650162341,0.0,0.000677453,0.0,9.894371032714844e-06,9.626150131225586e-06,1055.0,436.0
1650162342,0.0,0.000274689,0.0,9.894371032714844e-06,9.626150131225586e-06,396.0,163.5
1650162343,0.0,0.000708269,0.0,9.894371032714844e-06,9.626150131225586e-06,791.0,698.0
1650162344,0.0,0.000708269,0.0,9.894371032714844e-06,9.626150131225586e-06,791.0,698.0
1650162345,0.0,8.4148e-05,0.0,9.894371032714844e-06,9.626150131225586e-06,132.0,54.5
1650162346,0.0,0.0,0.0,9.894371032714844e-06,9.626150131225586e-06,0.0,0.0
1650162347,0.0,0.0,0.0,9.894371032714844e-06,9.626150131225586e-06,0.0,0.0
1650162348,0.0,0.0,0.0,9.894371032714844e-06,9.626150131225586e-06,0.0,0.0
1650162349,0.0,0.0,0.0,9.894371032714844e-06,9.626150131225586e-06,0.0,0.0
1650162350,0.0,0.0,0.0,9.894371032714844e-06,9.626150131225586e-06,0.0,0.0
1650162351,0.0,0.0,0.0,9.894371032714844e-06,9.626150131225586e-06,0.0,0.0
1650162352,0.0,0.0,0.0,9.894371032714844e-06,9.626150131225586e-06,0.0,0.0
1650162353,0.0,0.0,0.0,9.894371032714844e-06,9.626150131225586e-06,0.0,0.0
1650162354,0.0,0.0,0.0,9.894371032714844e-06,9.626150131225586e-06,0.0,0.0
1650162355,0.0,6.062142857142857e-06,0.0,9.894371032714844e-06,9.626150131225586e-06,0.0,0.0
1650162356,0.0,0.0,0.0,9.894371032714844e-06,9.626150131225586e-06,0.0,0.0
1650162357,0.0,0.0,0.0,9.894371032714844e-06,9.626150131225586e-06,0.0,0.0
1650162358,0.0,0.0,0.0,9.894371032714844e-06,9.626150131225586e-06,0.0,0.0
1650162359,0.0,0.0,0.0,9.894371032714844e-06,9.626150131225586e-06,0.0,0.0
1650162360,0.0,7.8237e-05,0.0,9.715557098388672e-06,9.447336196899414e-06,99.0,27.25
1650162361,0.0,0.0,0.0,9.715557098388672e-06,9.447336196899414e-06,0.0,0.0
1650162362,0.0,0.0,0.0,9.715557098388672e-06,9.447336196899414e-06,0.0,0.0
1650162363,0.0,0.0,0.0,9.715557098388672e-06,9.447336196899414e-06,0.0,0.0
1650162364,0.0,1.1731666666666666e-05,0.0,9.715557098388672e-06,9.447336196899414e-06,0.0,0.0
1650162365,0.0,1.1731666666666666e-05,0.0,9.715557098388672e-06,9.447336196899414e-06,0.0,0.0
1650162366,0.0,0.00015914,0.0,9.894371032714844e-06,9.626150131225586e-06,202.0,124.5
1650162367,0.0,0.0,0.0,9.894371032714844e-06,9.626150131225586e-06,0.0,0.0
1650162368,0.0,0.0,0.0,9.894371032714844e-06,9.626150131225586e-06,0.0,0.0
1650162369,0.0,0.0,0.0,9.894371032714844e-06,9.626150131225586e-06,0.0,0.0
1650162370,0.0,0.000103184,0.0,9.894371032714844e-06,9.626150131225586e-06,88.0,58.333333333333336
1650162371,0.0,0.0,0.0,9.894371032714844e-06,9.626150131225586e-06,0.0,0.0
1650162372,0.0,0.0,0.0,9.894371032714844e-06,9.626150131225586e-06,0.0,0.0
1650162373,0.0,1.69975e-05,0.0,9.894371032714844e-06,9.626150131225586e-06,0.0,0.0
1650162374,0.0,1.69975e-05,0.0,9.894371032714844e-06,9.626150131225586e-06,0.0,0.0
1650162375,0.0,0.0,0.0,9.894371032714844e-06,9.626150131225586e-06,0.0,0.0
1650162376,0.0,0.0,0.0,9.894371032714844e-06,9.626150131225586e-06,0.0,0.0
1650162377,0.0,0.0001429935,0.0,9.715557098388672e-06,9.447336196899414e-06,198.0,87.5
1650162378,0.0,0.0001429935,0.0,9.715557098388672e-06,9.447336196899414e-06,198.0,87.5
1650162379,0.0,0.0,0.0,9.715557098388672e-06,9.447336196899414e-06,0.0,0.0
1650162380,0.0,0.0,0.0,9.715557098388672e-06,9.447336196899414e-06,0.0,0.0
1650162381,0.0,0.000196235,0.0,9.894371032714844e-06,9.626150131225586e-06,201.5,124.5
1650162382,0.0,0.000196235,0.0,9.894371032714844e-06,9.626150131225586e-06,201.5,124.5
1650162383,0.0,0.0001033125,0.0,9.894371032714844e-06,9.626150131225586e-06,0.0,133.5
1650162384,0.0,0.0001033125,0.0,9.894371032714844e-06,9.626150131225586e-06,0.0,133.5
1650162385,0.0,0.0,0.0,9.894371032714844e-06,9.626150131225586e-06,0.0,0.0
1650162386,0.0,0.0,0.0,9.894371032714844e-06,9.626150131225586e-06,0.0,0.0
1650162387,0.0,0.0,0.0,9.894371032714844e-06,9.626150131225586e-06,0.0,0.0
1650162388,0.0,0.000100326,0.0,9.894371032714844e-06,9.626150131225586e-06,102.0,72.33333333333333
1650162389,0.0,0.000100326,0.0,9.894371032714844e-06,9.626150131225586e-06,102.0,72.33333333333333
1650162390,0.0,0.0,0.0,9.894371032714844e-06,9.626150131225586e-06,0.0,0.0
1650162391,0.0,0.0,0.0,9.894371032714844e-06,9.626150131225586e-06,0.0,0.0
1650162392,0.0,0.0,0.0,9.894371032714844e-06,9.626150131225586e-06,0.0,0.0
1650162393,0.0,0.0,0.0,9.894371032714844e-06,9.626150131225586e-06,0.0,0.0
1650162394,0.0,0.0,0.0,9.894371032714844e-06,9.626150131225586e-06,0.0,0.0
1650162395,0.0,0.0,0.0,9.894371032714844e-06,9.626150131225586e-06,0.0,0.0
1650162396,0.0,0.0,0.0,9.894371032714844e-06,9.626150131225586e-06,0.0,0.0
1650162397,0.0,0.0,0.0,9.894371032714844e-06,9.626150131225586e-06,0.0,0.0
1650162398,0.0,0.0,0.0,9.894371032714844e-06,9.626150131225586e-06,0.0,0.0
1650162399,0.0,0.0,0.0,9.894371032714844e-06,9.626150131225586e-06,0.0,0.0
1650162400,0.0,5.43315e-05,0.0,9.715557098388672e-06,9.447336196899414e-06,49.5,55.375
1650162401,0.0,5.43315e-05,0.0,9.715557098388672e-06,9.447336196899414e-06,49.5,55.375
1650162402,0.0,0.0,0.0,9.715557098388672e-06,9.447336196899414e-06,0.0,0.0
1650162403,0.0,0.0,0.0,9.715557098388672e-06,9.447336196899414e-06,0.0,0.0
1650162404,0.0,0.0,0.0,9.715557098388672e-06,9.447336196899414e-06,0.0,0.0
1650162405,0.0,1.1219e-05,0.0,9.715557098388672e-06,9.447336196899414e-06,0.0,0.0
1650162406,0.0,0.0,0.0,9.715557098388672e-06,9.447336196899414e-06,0.0,0.0
1650162407,0.0,0.0,0.0,9.715557098388672e-06,9.447336196899414e-06,0.0,0.0
1650162408,0.0,0.0,0.0,9.715557098388672e-06,9.447336196899414e-06,0.0,0.0
1650162409,0.0,0.0001126846666666,0.0,9.894371032714844e-06,9.626150131225586e-06,134.66666666666666,83.0
1650162410,0.0,0.0,0.0,9.894371032714844e-06,9.626150131225586e-06,0.0,0.0
1650162411,0.0,0.0,0.0,9.894371032714844e-06,9.626150131225586e-06,0.0,0.0
1650162412,0.0,8.42705e-05,0.0,9.894371032714844e-06,9.626150131225586e-06,132.0,87.5
1650162413,0.0,8.42705e-05,0.0,9.894371032714844e-06,9.626150131225586e-06,132.0,87.5
1650162414,0.0,1.9567e-05,0.0,9.894371032714844e-06,9.626150131225586e-06,0.0,0.0
1650162415,0.0,0.0,0.0,9.894371032714844e-06,9.626150131225586e-06,0.0,0.0
1650162416,0.0,0.0,0.0,9.894371032714844e-06,9.626150131225586e-06,0.0,0.0
1650162417,0.0,0.0001249955,0.0,9.894371032714844e-06,9.626150131225586e-06,132.0,87.5
1650162418,0.0,0.0001249955,0.0,9.894371032714844e-06,9.626150131225586e-06,132.0,87.5
1650162419,0.0,0.0,0.0,9.894371032714844e-06,9.626150131225586e-06,0.0,0.0
1650162420,0.0,0.0,0.0,9.894371032714844e-06,9.626150131225586e-06,0.0,0.0
1650162421,0.0,0.0,0.0,9.894371032714844e-06,9.626150131225586e-06,0.0,0.0
1650162422,0.0,8.822566666666667e-05,0.0,9.715557098388672e-06,9.447336196899414e-06,131.66666666666666,58.333333333333336
1650162423,0.0,0.000195475,0.0,9.715557098388672e-06,9.447336196899414e-06,0.0,268.0
1650162424,0.0,0.000195475,0.0,9.715557098388672e-06,9.447336196899414e-06,0.0,268.0
1650162425,0.0,0.0,0.0,9.715557098388672e-06,9.447336196899414e-06,0.0,0.0
1650162426,0.0,0.0,0.0,9.715557098388672e-06,9.447336196899414e-06,0.0,0.0
1650162427,0.0,0.000162288,0.0,9.894371032714844e-06,9.626150131225586e-06,201.5,124.5
1650162428,0.0,0.000162288,0.0,9.894371032714844e-06,9.626150131225586e-06,201.5,124.5
1650162429,0.0,0.0,0.0,9.894371032714844e-06,9.626150131225586e-06,21.0,21.0
1650162430,0.0,0.0,0.0,9.894371032714844e-06,9.626150131225586e-06,21.0,21.0
1650162431,0.0,0.0001021955,0.0,9.894371032714844e-06,9.626150131225586e-06,131.5,87.5
1650162432,0.0,0.0,0.0,9.894371032714844e-06,9.626150131225586e-06,0.0,0.0
1650162433,0.0,0.0,0.0,9.894371032714844e-06,9.626150131225586e-06,0.0,0.0
1650162434,0.0,0.0,0.0,9.894371032714844e-06,9.626150131225586e-06,0.0,0.0
1650162435,0.0,0.0001423746666666,0.0,9.894371032714844e-06,9.626150131225586e-06,176.0,116.66666666666669
1650162436,0.0,0.0001423746666666,0.0,9.894371032714844e-06,9.626150131225586e-06,176.0,116.66666666666669
1650162437,0.0,0.0,0.0,9.894371032714844e-06,9.626150131225586e-06,0.0,0.0
1650162438,0.0,0.0,0.0,9.894371032714844e-06,9.626150131225586e-06,0.0,0.0
1650162439,0.0,0.0001856305,0.0,9.715557098388672e-06,9.447336196899414e-06,198.0,54.5
1650162440,0.0,0.0001856305,0.0,9.715557098388672e-06,9.447336196899414e-06,198.0,54.5
1650162441,0.0,0.0,0.0,9.715557098388672e-06,9.447336196899414e-06,0.0,0.0
1650162442,0.0,0.0,0.0,9.715557098388672e-06,9.447336196899414e-06,0.0,0.0
1650162443,0.0,7.69265e-05,0.0,9.715557098388672e-06,9.447336196899414e-06,0.0,133.0
1650162444,0.0,0.0,0.0,9.715557098388672e-06,9.447336196899414e-06,0.0,0.0
1650162445,0.0,0.0,0.0,9.715557098388672e-06,9.447336196899414e-06,0.0,0.0
1650162446,0.0,0.0,0.0,9.715557098388672e-06,9.447336196899414e-06,0.0,0.0
1650162447,0.0,0.0,0.0,9.715557098388672e-06,9.447336196899414e-06,0.0,0.0
1650162448,0.0,0.0,0.0,9.715557098388672e-06,9.447336196899414e-06,0.0,0.0
1650162449,0.0,0.0,0.0,9.715557098388672e-06,9.447336196899414e-06,0.0,0.0
1650162450,0.0,0.0,0.0,9.715557098388672e-06,9.447336196899414e-06,0.0,0.0
1650162451,0.0,0.0,0.0,9.715557098388672e-06,9.447336196899414e-06,0.0,0.0
1650162452,0.0,0.0,0.0,9.715557098388672e-06,9.447336196899414e-06,0.0,0.0
1650162453,0.0,0.0,0.0,9.715557098388672e-06,9.447336196899414e-06,0.0,0.0
1650162454,0.0,5.918142857142857e-06,0.0,9.715557098388672e-06,9.447336196899414e-06,0.0,0.0
1650162455,0.0,5.918142857142857e-06,0.0,9.715557098388672e-06,9.447336196899414e-06,0.0,0.0
1650162456,0.0,0.0,0.0,9.715557098388672e-06,9.447336196899414e-06,0.0,0.0
1650162457,0.0,0.0,0.0,9.715557098388672e-06,9.447336196899414e-06,0.0,0.0
1650162458,0.0,0.0001548245,0.0,9.894371032714844e-06,9.626150131225586e-06,202.0,124.5
1650162459,0.0,0.0001548245,0.0,9.894371032714844e-06,9.626150131225586e-06,202.0,124.5
1650162460,0.0,0.0,0.0,9.894371032714844e-06,9.626150131225586e-06,0.0,0.0
1650162461,0.0,0.0,0.0,9.894371032714844e-06,9.626150131225586e-06,0.0,0.0
1650162462,0.0,0.0,0.0,9.894371032714844e-06,9.626150131225586e-06,0.0,0.0
1650162463,0.0,1.2020333333333334e-05,0.0,9.894371032714844e-06,9.626150131225586e-06,14.0,14.0
1650162464,0.0,0.0,0.0,9.894371032714844e-06,9.626150131225586e-06,0.0,0.0
1650162465,0.0,0.0,0.0,9.894371032714844e-06,9.626150131225586e-06,0.0,0.0
1650162466,0.0,0.0,0.0,9.894371032714844e-06,9.626150131225586e-06,0.0,0.0
1650162467,0.0,8.1987e-05,0.0,9.894371032714844e-06,9.626150131225586e-06,87.66666666666667,58.333333333333336
1650162468,0.0,0.0,0.0,9.894371032714844e-06,9.626150131225586e-06,0.0,0.0
1650162469,0.0,0.0,0.0,9.894371032714844e-06,9.626150131225586e-06,0.0,0.0
1650162470,0.0,0.0,0.0,9.894371032714844e-06,9.626150131225586e-06,0.0,0.0
1650162471,0.0,8.296233333333333e-05,0.0,9.715557098388672e-06,9.447336196899414e-06,132.0,58.333333333333336
1650162472,0.0,0.0,0.0,9.715557098388672e-06,9.447336196899414e-06,0.0,0.0
1650162473,0.0,0.0,0.0,9.715557098388672e-06,9.447336196899414e-06,0.0,0.0
1650162474,0.0,0.0,0.0,9.715557098388672e-06,9.447336196899414e-06,0.0,0.0
1650162475,0.0,0.0001490543333333,0.0,9.894371032714844e-06,9.626150131225586e-06,134.66666666666666,172.0
1650162476,0.0,0.000153978,0.0,9.894371032714844e-06,9.626150131225586e-06,264.0,175.0
1650162477,0.0,0.000153978,0.0,9.894371032714844e-06,9.626150131225586e-06,264.0,175.0
1650162478,0.0,0.000176277,0.0,9.894371032714844e-06,9.626150131225586e-06,264.0,175.0
1650162479,0.0,0.000390953,0.0,9.894371032714844e-06,9.626150131225586e-06,570.0,260.0
1650162480,0.0,0.000390953,0.0,9.894371032714844e-06,9.626150131225586e-06,570.0,260.0
1650162481,0.0,0.0003072745,0.0,9.894371032714844e-06,9.626150131225586e-06,396.0,163.5
1650162482,0.0,0.000661671,0.0,9.894371032714844e-06,9.626150131225586e-06,791.0,327.0
1650162483,0.0,0.000661671,0.0,9.894371032714844e-06,9.626150131225586e-06,791.0,327.0
1650162484,0.0,0.000317657,0.0,9.894371032714844e-06,9.626150131225586e-06,416.5,350.0
1650162485,0.0,0.000486403,0.0,9.715557098388672e-06,9.447336196899414e-06,660.0,218.0
1650162486,0.0,0.000486403,0.0,9.715557098388672e-06,9.447336196899414e-06,660.0,218.0
1650162487,0.0,0.0003688125,0.0,9.894371032714844e-06,9.626150131225586e-06,465.0,299.5
1650162488,0.0,0.000343844,0.0,9.894371032714844e-06,9.626150131225586e-06,527.0,284.0
1650162489,0.0,0.000343844,0.0,9.894371032714844e-06,9.626150131225586e-06,527.0,284.0
1650162490,0.0,0.0002203635,0.0,9.894371032714844e-06,9.626150131225586e-06,263.5,109.0
1650162491,0.0,0.000182776,0.0,9.894371032714844e-06,9.626150131225586e-06,264.0,109.0
1650162492,0.0,0.000354312,0.0,9.894371032714844e-06,9.626150131225586e-06,528.0,218.0
1650162493,0.0,0.000354312,0.0,9.894371032714844e-06,9.626150131225586e-06,528.0,218.0
1650162494,0.0,0.0002538185,0.0,9.894371032714844e-06,9.626150131225586e-06,264.0,349.0
1650162495,0.0,0.0002538185,0.0,9.894371032714844e-06,9.626150131225586e-06,264.0,349.0
1650162496,0.0,0.000370473,0.0,9.894371032714844e-06,9.626150131225586e-06,528.0,218.0
1650162497,0.0,0.000896918,0.0,9.894371032714844e-06,9.626150131225586e-06,1063.0,533.0
1650162498,0.0,0.00015687,0.0,9.894371032714844e-06,9.626150131225586e-06,264.0,175.0
1650162499,0.0,0.00015687,0.0,9.894371032714844e-06,9.626150131225586e-06,264.0,175.0
1650162500,0.0,0.000175127,0.0,9.894371032714844e-06,9.626150131225586e-06,264.0,142.0
1650162501,0.0,0.000366381,0.0,9.894371032714844e-06,9.626150131225586e-06,528.0,218.0
1650162502,0.0,0.000526092,0.0,9.894371032714844e-06,9.626150131225586e-06,792.0,327.0
1650162503,0.0,0.000526092,0.0,9.894371032714844e-06,9.626150131225586e-06,792.0,327.0
1650162504,0.0,0.0002389645,0.0,9.894371032714844e-06,9.626150131225586e-06,264.0,295.0
1650162505,0.0,0.0002389645,0.0,9.894371032714844e-06,9.626150131225586e-06,264.0,295.0
1650162506,0.0,0.000295862,0.0,9.894371032714844e-06,9.626150131225586e-06,396.0,163.5
1650162507,0.0,0.000295862,0.0,9.894371032714844e-06,9.626150131225586e-06,396.0,163.5
1650162508,0.0,0.0002232575,0.0,9.715557098388672e-06,9.447336196899414e-06,330.0,109.0
1650162509,0.0,0.000469614,0.0,9.894371032714844e-06,9.626150131225586e-06,666.0,424.0
1650162510,0.0,0.000469614,0.0,9.894371032714844e-06,9.626150131225586e-06,666.0,424.0
1650162511,0.0,0.000312564,0.0,9.894371032714844e-06,9.626150131225586e-06,660.0,338.5
1650162512,0.0,0.000323306,0.0,9.894371032714844e-06,9.626150131225586e-06,528.0,218.0
1650162513,0.0,0.000323306,0.0,9.894371032714844e-06,9.626150131225586e-06,528.0,218.0
1650162514,0.0,0.0003318225,0.0,9.894371032714844e-06,9.626150131225586e-06,527.5,405.0
1650162515,0.0,0.000419185,0.0,9.894371032714844e-06,9.626150131225586e-06,527.0,218.0
1650162516,0.0,0.000419185,0.0,9.894371032714844e-06,9.626150131225586e-06,527.0,218.0
1650162517,0.0,0.0003236415,0.0,9.894371032714844e-06,9.626150131225586e-06,527.5,218.0
1650162518,0.0,0.000243669,0.0,9.715557098388672e-06,9.447336196899414e-06,438.0,151.0
1650162519,0.0,0.000243669,0.0,9.715557098388672e-06,9.447336196899414e-06,438.0,151.0
1650162520,0.0,0.0003674675,0.0,9.894371032714844e-06,9.626150131225586e-06,598.0,387.0
1650162521,0.0,0.0003674675,0.0,9.894371032714844e-06,9.626150131225586e-06,598.0,387.0
1650162522,0.0,0.0002208805,0.0,9.894371032714844e-06,9.626150131225586e-06,396.0,163.5
1650162523,0.0,0.000236553,0.0,9.894371032714844e-06,9.626150131225586e-06,264.0,583.0
1650162524,0.0,0.00081431,0.0,9.894371032714844e-06,9.626150131225586e-06,1318.0,545.0
1650162525,0.0,0.00081431,0.0,9.894371032714844e-06,9.626150131225586e-06,1318.0,545.0
1650162526,0.0,0.0001531695,0.0,9.894371032714844e-06,9.626150131225586e-06,264.0,109.0
1650162527,0.0,0.0001531695,0.0,9.894371032714844e-06,9.626150131225586e-06,264.0,109.0
1650162528,0.0,0.000543819,0.0,9.894371032714844e-06,9.626150131225586e-06,791.0,327.0
1650162529,0.0,0.000430416,0.0,9.894371032714844e-06,9.626150131225586e-06,527.0,218.0
1650162530,0.0,0.000248079,0.0,9.715557098388672e-06,9.447336196899414e-06,396.0,109.0
1650162531,0.0,0.000835103,0.0,9.894371032714844e-06,9.626150131225586e-06,1194.0,774.0
1650162532,0.0,0.000290939,0.0,9.894371032714844e-06,9.626150131225586e-06,528.0,218.0
1650162533,0.0,0.000290939,0.0,9.894371032714844e-06,9.626150131225586e-06,528.0,218.0
1650162534,0.0,0.000196121,0.0,9.894371032714844e-06,9.626150131225586e-06,262.5,610.0
1650162535,0.0,0.000312972,0.0,9.894371032714844e-06,9.626150131225586e-06,527.0,218.0
1650162536,0.0,0.000371478,0.0,9.894371032714844e-06,9.626150131225586e-06,528.0,218.0
1650162537,0.0,0.000371478,0.0,9.894371032714844e-06,9.626150131225586e-06,528.0,218.0
1650162538,0.0,0.000135268,0.0,9.894371032714844e-06,9.626150131225586e-06,264.0,109.0
1650162539,0.0,0.000135268,0.0,9.894371032714844e-06,9.626150131225586e-06,264.0,109.0
1650162540,0.0,0.00042535,0.0,9.894371032714844e-06,9.626150131225586e-06,660.0,272.5
1650162541,0.0,0.000452505,0.0,9.715557098388672e-06,9.447336196899414e-06,658.0,218.0
1650162542,0.0,0.000452505,0.0,9.715557098388672e-06,9.447336196899414e-06,658.0,218.0
1650162543,0.0,0.0002247655,0.0,9.894371032714844e-06,9.626150131225586e-06,202.0,363.0
1650162544,0.0,0.0002247655,0.0,9.894371032714844e-06,9.626150131225586e-06,202.0,363.0
1650162545,0.0,0.0001388725,0.0,9.894371032714844e-06,9.626150131225586e-06,263.0,175.0
1650162546,0.0,0.0001388725,0.0,9.894371032714844e-06,9.626150131225586e-06,263.0,175.0
1650162547,0.0,0.000432989,0.0,9.894371032714844e-06,9.626150131225586e-06,660.0,305.5
1650162548,0.0,0.000685843,0.0,9.894371032714844e-06,9.626150131225586e-06,1054.0,436.0
1650162549,0.0,0.0003973,0.0,9.894371032714844e-06,9.626150131225586e-06,527.0,218.0
1650162550,0.0,0.0003973,0.0,9.894371032714844e-06,9.626150131225586e-06,527.0,218.0
1650162551,0.0,0.000204673,0.0,9.894371032714844e-06,9.626150131225586e-06,395.5,163.5
1650162552,0.0,0.000590011,0.0,9.775161743164062e-06,9.506940841674805e-06,923.0,327.0
1650162553,0.0,0.000590011,0.0,9.775161743164062e-06,9.506940841674805e-06,923.0,327.0
1650162554,0.0,0.0006775455,0.0,9.894371032714844e-06,9.626150131225586e-06,862.0,733.0
1650162555,0.0,0.000525253,0.0,9.894371032714844e-06,9.626150131225586e-06,791.0,327.0
1650162556,0.0,0.000525253,0.0,9.894371032714844e-06,9.626150131225586e-06,791.0,327.0
1650162557,0.0,0.000122826,0.0,9.894371032714844e-06,9.626150131225586e-06,132.0,54.5
1650162558,0.0,0.000483441,0.0,9.894371032714844e-06,9.626150131225586e-06,834.0,369.0
1650162559,0.0,0.000483441,0.0,9.894371032714844e-06,9.626150131225586e-06,834.0,369.0
1650162560,0.0,0.000224316,0.0,9.894371032714844e-06,9.626150131225586e-06,396.0,163.5
1650162561,0.0,0.000416037,0.0,9.894371032714844e-06,9.626150131225586e-06,792.0,327.0
1650162562,0.0,0.000342136,0.0,9.894371032714844e-06,9.626150131225586e-06,528.0,218.0
1650162563,0.0,0.000342136,0.0,9.894371032714844e-06,9.626150131225586e-06,528.0,218.0
1650162564,0.0,0.000202775,0.0,9.715557098388672e-06,9.447336196899414e-06,198.0,396.0
1650162565,0.0,0.000486287,0.0,9.894371032714844e-06,9.626150131225586e-06,931.0,599.0
1650162566,0.0,0.000292349,0.0,9.894371032714844e-06,9.626150131225586e-06,528.0,284.0
1650162567,0.0,0.000292349,0.0,9.894371032714844e-06,9.626150131225586e-06,528.0,284.0
1650162568,0.0,0.000467055,0.0,9.894371032714844e-06,9.626150131225586e-06,658.5,272.5
1650162569,0.0,0.000467055,0.0,9.894371032714844e-06,9.626150131225586e-06,658.5,272.5
1650162570,0.0,0.0003727055,0.005,9.894371032714844e-06,9.626150131225586e-06,658.5,272.5
1650162571,0.0,0.000487397,0.0,9.894371032714844e-06,9.626150131225586e-06,790.0,327.0
1650162572,0.0,0.000487397,0.0,9.894371032714844e-06,9.626150131225586e-06,790.0,327.0
1650162573,0.0,0.0002731135,0.0,9.894371032714844e-06,9.626150131225586e-06,395.0,163.5
1650162574,0.0,0.000625331,0.0,9.894371032714844e-06,9.626150131225586e-06,792.0,1118.0
1650162575,0.0,0.000251825,0.0,9.715557098388672e-06,9.447336196899414e-06,396.0,109.0
1650162576,0.0,0.000251825,0.0,9.715557098388672e-06,9.447336196899414e-06,396.0,109.0
1650162577,0.0,0.000445107,0.0,9.894371032714844e-06,9.626150131225586e-06,730.0,441.5
1650162578,0.0,0.000562763,0.0,9.894371032714844e-06,9.626150131225586e-06,790.0,327.0
1650162579,0.0,0.000562763,0.0,9.894371032714844e-06,9.626150131225586e-06,790.0,327.0
1650162580,0.0,0.000185914,0.0,9.894371032714844e-06,9.626150131225586e-06,263.0,109.0
1650162581,0.0,0.000185914,0.0,9.894371032714844e-06,9.626150131225586e-06,263.0,109.0
1650162582,0.0,0.000286875,0.0,9.894371032714844e-06,9.626150131225586e-06,395.5,163.5
1650162583,0.0,0.000286875,0.0,9.894371032714844e-06,9.626150131225586e-06,395.5,163.5
1650162584,0.0,0.000334256,0.0,9.894371032714844e-06,9.626150131225586e-06,396.0,558.5
1650162585,0.0,0.000177624,0.0,9.894371032714844e-06,9.626150131225586e-06,264.0,109.0
1650162586,0.0,0.000691617,0.0,9.715557098388672e-06,9.447336196899414e-06,924.0,327.0
1650162587,0.0,0.000691617,0.0,9.715557098388672e-06,9.447336196899414e-06,924.0,327.0
1650162588,0.0,0.000146921,0.0,9.894371032714844e-06,9.626150131225586e-06,202.0,124.5
1650162589,0.0,0.000146921,0.0,9.894371032714844e-06,9.626150131225586e-06,202.0,124.5
1650162590,0.0,0.000221085,0.0,9.894371032714844e-06,9.626150131225586e-06,395.5,262.5
1650162591,0.0,0.000285447,0.0,9.894371032714844e-06,9.626150131225586e-06,528.0,218.0
1650162592,0.0,0.000285447,0.0,9.894371032714844e-06,9.626150131225586e-06,528.0,218.0
1650162593,0.0,0.0002058765,0.0,9.894371032714844e-06,9.626150131225586e-06,264.0,398.5
1650162594,0.0,0.000416239,0.0,9.894371032714844e-06,9.626150131225586e-06,790.0,327.0
1650162595,0.0,0.000416239,0.0,9.894371032714844e-06,9.626150131225586e-06,790.0,327.0
1650162596,0.0,0.00038243,0.0,9.894371032714844e-06,9.626150131225586e-06,659.0,272.5
1650162597,0.0,0.000307693,0.0,9.894371032714844e-06,9.626150131225586e-06,528.0,218.0
1650162598,0.0,0.000307693,0.0,9.894371032714844e-06,9.626150131225586e-06,528.0,218.0
1650162599,0.0,0.000136528,0.0,9.715557098388672e-06,9.447336196899414e-06,218.5,75.5
1650162600,0.0,0.000136528,0.0,9.715557098388672e-06,9.447336196899414e-06,218.5,75.5
1650162601,0.0,0.0002870545,0.0,9.894371032714844e-06,9.626150131225586e-06,465.5,299.5
1650162602,0.0,0.000276494,0.0,9.894371032714844e-06,9.626150131225586e-06,528.0,284.0
1650162603,0.0,0.000276494,0.0,9.894371032714844e-06,9.626150131225586e-06,528.0,284.0
1650162604,0.005,0.000226917,0.0,9.894371032714844e-06,9.626150131225586e-06,264.0,243.5
1650162605,0.005,0.000226917,0.0,9.894371032714844e-06,9.626150131225586e-06,264.0,243.5
1650162606,0.0,0.0001443365,0.0,9.894371032714844e-06,9.626150131225586e-06,262.5,109.0
1650162607,0.0,0.0001443365,0.0,9.894371032714844e-06,9.626150131225586e-06,262.5,109.0
1650162608,0.0,0.000281084,0.0,9.894371032714844e-06,9.626150131225586e-06,395.0,163.5
1650162609,0.0,0.000389384,0.0,9.894371032714844e-06,9.626150131225586e-06,792.0,327.0
1650162610,0.0,0.000389384,0.0,9.894371032714844e-06,9.626150131225586e-06,792.0,327.0
1650162611,0.0,0.00041131,0.0,9.894371032714844e-06,9.626150131225586e-06,663.5,354.0
1650162612,0.0,0.000182761,0.0,9.894371032714844e-06,9.626150131225586e-06,264.0,175.0
1650162613,0.0,0.000182761,0.0,9.894371032714844e-06,9.626150131225586e-06,264.0,175.0
1650162614,0.0,0.0003195925,0.0,9.894371032714844e-06,9.626150131225586e-06,528.0,457.5
1650162615,0.0,0.000751154,0.0,9.894371032714844e-06,9.626150131225586e-06,1054.0,436.0
1650162616,0.0,0.000751154,0.0,9.894371032714844e-06,9.626150131225586e-06,1054.0,436.0
1650162617,0.0,0.000181137,0.0,9.894371032714844e-06,9.626150131225586e-06,263.5,109.0
1650162618,0.0,0.000349959,0.0,9.894371032714844e-06,9.626150131225586e-06,526.0,218.0
1650162619,0.0,0.000312814,0.0,9.894371032714844e-06,9.626150131225586e-06,527.0,218.0
1650162620,0.0,0.000344104,0.0,9.715557098388672e-06,9.447336196899414e-06,396.0,109.0
1650162621,0.0,0.000504887,0.0,9.894371032714844e-06,9.626150131225586e-06,667.0,424.0
1650162622,0.0,0.000504887,0.0,9.894371032714844e-06,9.626150131225586e-06,667.0,424.0
1650162623,0.0,0.00033558,0.0,9.894371032714844e-06,9.626150131225586e-06,528.0,678.5
1650162624,0.0,0.00033558,0.0,9.894371032714844e-06,9.626150131225586e-06,528.0,678.5
1650162625,0.0,0.0001587975,0.0,9.894371032714844e-06,9.626150131225586e-06,264.0,109.0
1650162626,0.0,0.000379288,0.0,9.894371032714844e-06,9.626150131225586e-06,792.0,327.0
1650162627,0.0,0.000379288,0.0,9.894371032714844e-06,9.626150131225586e-06,792.0,327.0
1650162628,0.0,0.000127801,0.0,9.894371032714844e-06,9.626150131225586e-06,263.5,109.0
1650162629,0.0,0.000509449,0.0,9.894371032714844e-06,9.626150131225586e-06,792.0,327.0
1650162630,0.0,0.000509449,0.0,9.894371032714844e-06,9.626150131225586e-06,792.0,327.0
1650162631,0.0,0.0001593415,0.0,9.894371032714844e-06,9.626150131225586e-06,263.5,109.0
1650162632,0.0,0.0001593415,0.0,9.894371032714844e-06,9.626150131225586e-06,263.5,109.0
1650162633,0.0,0.0003948245,0.0,9.894371032714844e-06,9.626150131225586e-06,399.5,312.0
1650162634,0.0,0.000575615,0.0,9.894371032714844e-06,9.626150131225586e-06,791.0,525.0
1650162635,0.0,0.000575615,0.0,9.894371032714844e-06,9.626150131225586e-06,791.0,525.0
1650162636,0.0,0.000272487,0.0,9.894371032714844e-06,9.626150131225586e-06,396.0,163.5
1650162637,0.0,0.000451162,0.0,9.894371032714844e-06,9.626150131225586e-06,527.0,218.0
1650162638,0.0,0.000460135,0.0,9.894371032714844e-06,9.626150131225586e-06,569.0,260.0
1650162639,0.0,0.000189627,0.0,9.894371032714844e-06,9.626150131225586e-06,263.0,109.0
1650162640,0.0,0.000189627,0.0,9.894371032714844e-06,9.626150131225586e-06,263.0,109.0
1650162641,0.0,0.0002431095,0.0,9.894371032714844e-06,9.626150131225586e-06,263.5,109.0
1650162642,0.0,0.0002431095,0.0,9.894371032714844e-06,9.626150131225586e-06,263.5,109.0
1650162643,0.0,0.000504051,0.0,9.715557098388672e-06,9.447336196899414e-06,593.5,665.0
1650162644,0.0,0.000504051,0.0,9.715557098388672e-06,9.447336196899414e-06,593.5,665.0
1650162645,0.0,0.0004457695,0.005,9.894371032714844e-06,9.626150131225586e-06,597.5,387.0
1650162646,0.0,0.0005593,0.0,9.894371032714844e-06,9.626150131225586e-06,792.0,327.0
1650162647,0.0,0.0005593,0.0,9.894371032714844e-06,9.626150131225586e-06,792.0,327.0
1650162648,0.0,0.000333257,0.0,9.894371032714844e-06,9.626150131225586e-06,528.0,218.0
1650162649,0.0,0.000333257,0.0,9.894371032714844e-06,9.626150131225586e-06,528.0,218.0
1650162650,0.0,8.303e-05,0.0,9.894371032714844e-06,9.626150131225586e-06,132.0,54.5
1650162651,0.0,8.303e-05,0.0,9.894371032714844e-06,9.626150131225586e-06,132.0,54.5
1650162652,0.0,0.000464789,0.0,9.894371032714844e-06,9.626150131225586e-06,659.5,272.5
1650162653,0.0,0.000403931,0.0,9.715557098388672e-06,9.447336196899414e-06,396.0,374.0
1650162654,0.0,0.0,0.0,9.715557098388672e-06,9.447336196899414e-06,0.0,0.0
1650162655,0.0,0.0,0.0,9.715557098388672e-06,9.447336196899414e-06,0.0,0.0
1650162656,0.0,0.0,0.0,9.715557098388672e-06,9.447336196899414e-06,0.0,0.0
1650162657,0.0,0.0,0.0,9.715557098388672e-06,9.447336196899414e-06,0.0,0.0
1650162658,0.0,0.00011844475,0.0,9.894371032714844e-06,9.626150131225586e-06,167.0,106.0
1650162659,0.0,0.000159708,0.0,9.894371032714844e-06,9.626150131225586e-06,264.0,175.0
1650162660,0.0,0.000159708,0.0,9.894371032714844e-06,9.626150131225586e-06,264.0,175.0
1650162661,0.0,0.0,0.0,9.894371032714844e-06,9.626150131225586e-06,0.0,0.0
1650162662,0.0,0.0,0.0,9.894371032714844e-06,9.626150131225586e-06,0.0,0.0
1650162663,0.0,0.0002101815,0.0,9.894371032714844e-06,9.626150131225586e-06,264.0,142.0
1650162664,0.0,0.0002101815,0.0,9.894371032714844e-06,9.626150131225586e-06,264.0,142.0
1650162665,0.0,0.0,0.0,9.894371032714844e-06,9.626150131225586e-06,0.0,0.0
1650162666,0.0,0.0,0.0,9.894371032714844e-06,9.626150131225586e-06,0.0,0.0
1650162667,0.0,0.0,0.0,9.894371032714844e-06,9.626150131225586e-06,0.0,0.0
1650162668,0.0,0.0002779613333333,0.0,9.894371032714844e-06,9.626150131225586e-06,266.6666666666667,119.33333333333331
1650162669,0.0,0.0002779613333333,0.0,9.894371032714844e-06,9.626150131225586e-06,266.6666666666667,119.33333333333331
1650162670,0.0,0.000130865,0.0,9.894371032714844e-06,9.626150131225586e-06,132.0,87.5
1650162671,0.0,0.000130865,0.0,9.894371032714844e-06,9.626150131225586e-06,132.0,87.5
1650162672,0.0,0.0001046525,0.0,9.894371032714844e-06,9.626150131225586e-06,132.0,87.5
1650162673,0.0,0.000137429,0.0,9.894371032714844e-06,9.626150131225586e-06,0.0,267.0
1650162674,0.0,0.000137429,0.0,9.894371032714844e-06,9.626150131225586e-06,0.0,267.0
1650162675,0.0,9.70715e-05,0.0,9.894371032714844e-06,9.626150131225586e-06,132.0,87.5
1650162676,0.0,0.000166848,0.0,9.894371032714844e-06,9.626150131225586e-06,264.0,109.0
1650162677,0.0,0.000166848,0.0,9.894371032714844e-06,9.626150131225586e-06,264.0,109.0
1650162678,0.0,0.000139272,0.0,9.715557098388672e-06,9.447336196899414e-06,219.0,75.5
1650162679,0.0,0.0,0.0,9.715557098388672e-06,9.447336196899414e-06,0.0,0.0
1650162680,0.0,0.0,0.0,9.715557098388672e-06,9.447336196899414e-06,0.0,0.0
1650162681,0.0,0.0,0.0,9.715557098388672e-06,9.447336196899414e-06,0.0,0.0
1650162682,0.0,0.0002014093333333,0.0,9.894371032714844e-06,9.626150131225586e-06,222.66666666666663,141.33333333333334
1650162683,0.0,0.000110678,0.0,9.894371032714844e-06,9.626150131225586e-06,0.0,269.0
1650162684,0.0,0.000110678,0.0,9.894371032714844e-06,9.626150131225586e-06,0.0,269.0
1650162685,0.0,9.30785e-05,0.0,9.894371032714844e-06,9.626150131225586e-06,132.0,87.5
1650162686,0.0,0.0,0.0,9.894371032714844e-06,9.626150131225586e-06,0.0,0.0
1650162687,0.0,0.0,0.0,9.894371032714844e-06,9.626150131225586e-06,0.0,0.0
1650162688,0.0,0.0,0.0,9.894371032714844e-06,9.626150131225586e-06,0.0,0.0
1650162689,0.0,0.0001475186666666,0.0,9.894371032714844e-06,9.626150131225586e-06,175.66666666666666,94.66666666666669
1650162690,0.0,0.0001475186666666,0.0,9.894371032714844e-06,9.626150131225586e-06,175.66666666666666,94.66666666666669
1650162691,0.0,0.0001951685,0.0,9.715557098388672e-06,9.447336196899414e-06,196.5,54.5
1650162692,0.0,0.000326488,0.0,9.894371032714844e-06,9.626150131225586e-06,404.0,249.0
1650162693,0.0,0.000326488,0.0,9.894371032714844e-06,9.626150131225586e-06,404.0,249.0
1650162694,0.0,5.35085e-05,0.0,9.894371032714844e-06,9.626150131225586e-06,0.0,186.0
1650162695,0.0,0.000158364,0.0,9.894371032714844e-06,9.626150131225586e-06,264.0,175.0
1650162696,0.0,0.000158364,0.0,9.894371032714844e-06,9.626150131225586e-06,264.0,175.0
1650162697,0.0,7.7592e-05,0.0,9.894371032714844e-06,9.626150131225586e-06,132.0,87.5
1650162698,0.0,7.7592e-05,0.0,9.894371032714844e-06,9.626150131225586e-06,132.0,87.5
1650162699,0.0,9.67995e-05,0.0,9.894371032714844e-06,9.626150131225586e-06,132.0,87.5
1650162700,0.0,0.00016511,0.0,9.894371032714844e-06,9.626150131225586e-06,264.0,109.0
1650162701,0.0,0.00016511,0.0,9.894371032714844e-06,9.626150131225586e-06,264.0,109.0
1650162702,0.0,0.000139651,0.0,9.715557098388672e-06,9.447336196899414e-06,198.0,54.5
1650162703,0.0,0.000139651,0.0,9.715557098388672e-06,9.447336196899414e-06,198.0,54.5
1650162704,0.0,1.49315e-05,0.0,9.715557098388672e-06,9.447336196899414e-06,0.0,0.0
1650162705,0.0,0.000371861,0.0,9.894371032714844e-06,9.626150131225586e-06,404.0,249.0
1650162706,0.0,0.000162215,0.0,9.894371032714844e-06,9.626150131225586e-06,264.0,175.0
1650162707,0.0,0.0,0.0,9.894371032714844e-06,9.626150131225586e-06,0.0,0.0
1650162708,0.0,0.0,0.0,9.894371032714844e-06,9.626150131225586e-06,0.0,0.0
1650162709,0.0,0.0,0.0,9.894371032714844e-06,9.626150131225586e-06,0.0,0.0
1650162710,0.0,0.0,0.0,9.894371032714844e-06,9.626150131225586e-06,0.0,0.0
1650162711,0.0,8.5249e-05,0.0,9.894371032714844e-06,9.626150131225586e-06,132.0,87.5
1650162712,0.0,8.5249e-05,0.0,9.894371032714844e-06,9.626150131225586e-06,132.0,87.5
1650162713,0.0,0.0001557545,0.0,9.894371032714844e-06,9.626150131225586e-06,131.5,188.0
1650162714,0.0,0.0001557545,0.0,9.894371032714844e-06,9.626150131225586e-06,131.5,188.0
1650162715,0.0,0.0001545475,0.0,9.715557098388672e-06,9.447336196899414e-06,198.0,54.5
1650162716,0.0,0.0,0.0,9.715557098388672e-06,9.447336196899414e-06,0.0,0.0
1650162717,0.0,0.0,0.0,9.715557098388672e-06,9.447336196899414e-06,0.0,0.0
1650162718,0.0,0.0002708825,0.0,9.894371032714844e-06,9.626150131225586e-06,334.0,212.0
1650162719,0.0,0.0002708825,0.0,9.894371032714844e-06,9.626150131225586e-06,334.0,212.0
1650162720,0.0,0.0,0.0,9.894371032714844e-06,9.626150131225586e-06,0.0,0.0
1650162721,0.0,0.0,0.0,9.894371032714844e-06,9.626150131225586e-06,0.0,0.0
1650162722,0.0,0.0,0.0,9.894371032714844e-06,9.626150131225586e-06,0.0,0.0
1650162723,0.0,0.0002027286666666,0.0,9.894371032714844e-06,9.626150131225586e-06,175.33333333333334,205.66666666666663
1650162724,0.0,0.0002027286666666,0.0,9.894371032714844e-06,9.626150131225586e-06,175.33333333333334,205.66666666666663
1650162725,0.0,8.3977e-05,0.0,9.894371032714844e-06,9.626150131225586e-06,132.0,54.5
1650162726,0.0,8.3977e-05,0.0,9.894371032714844e-06,9.626150131225586e-06,132.0,54.5
1650162727,0.0,0.0001441105,0.0,9.715557098388672e-06,9.447336196899414e-06,198.0,54.5
1650162728,0.0,0.0,0.0,9.715557098388672e-06,9.447336196899414e-06,42.0,42.0
1650162729,0.0,0.0,0.0,9.715557098388672e-06,9.447336196899414e-06,42.0,42.0
1650162730,0.0,0.000183655,0.0,9.894371032714844e-06,9.626150131225586e-06,201.0,124.5
1650162731,0.0,0.000183655,0.0,9.894371032714844e-06,9.626150131225586e-06,201.0,124.5
1650162732,0.0,8.51005e-05,0.0,9.894371032714844e-06,9.626150131225586e-06,132.0,87.5
1650162733,0.0,0.000311618,0.0,9.894371032714844e-06,9.626150131225586e-06,264.0,443.0
1650162734,0.0,0.0,0.0,9.894371032714844e-06,9.626150131225586e-06,0.0,0.0
1650162735,0.0,0.0,0.0,9.894371032714844e-06,9.626150131225586e-06,0.0,0.0
1650162736,0.0,0.0,0.0,9.894371032714844e-06,9.626150131225586e-06,0.0,0.0
1650162737,0.0,0.0001292073333333,0.0,9.894371032714844e-06,9.626150131225586e-06,176.0,94.66666666666669
1650162738,0.0,0.0001292073333333,0.0,9.894371032714844e-06,9.626150131225586e-06,176.0,94.66666666666669
1650162739,0.0,0.0,0.0,9.894371032714844e-06,9.626150131225586e-06,0.0,0.0
1650162740,0.0,0.0,0.0,9.894371032714844e-06,9.626150131225586e-06,0.0,0.0
1650162741,0.0,0.0003387055,0.0,9.894371032714844e-06,9.626150131225586e-06,399.5,179.0
1650162742,0.0,0.0003387055,0.0,9.894371032714844e-06,9.626150131225586e-06,399.5,179.0
1650162743,0.0,5.76765e-05,0.0,9.894371032714844e-06,9.626150131225586e-06,0.0,134.0
1650162744,0.0,0.000254042,0.0,9.894371032714844e-06,9.626150131225586e-06,264.0,175.0
1650162745,0.0,0.000254042,0.0,9.894371032714844e-06,9.626150131225586e-06,264.0,175.0
1650162746,0.0,8.01355e-05,0.0,9.894371032714844e-06,9.626150131225586e-06,131.0,87.5
1650162747,0.0,0.000198611,0.0,9.894371032714844e-06,9.626150131225586e-06,264.0,175.0
1650162748,0.0,0.000198611,0.0,9.894371032714844e-06,9.626150131225586e-06,264.0,175.0
1650162749,0.0,0.0,0.0,9.894371032714844e-06,9.626150131225586e-06,0.0,0.0
1650162750,0.0,0.0,0.0,9.894371032714844e-06,9.626150131225586e-06,0.0,0.0
1650162751,0.0,0.0,0.0,9.894371032714844e-06,9.626150131225586e-06,0.0,0.0
1650162752,0.0,0.0001798036666666,0.0,9.715557098388672e-06,9.447336196899414e-06,219.33333333333331,72.66666666666667
1650162753,0.0,0.000475957,0.0,9.894371032714844e-06,9.626150131225586e-06,404.0,621.0
1650162754,0.0,0.000475957,0.0,9.894371032714844e-06,9.626150131225586e-06,404.0,621.0
1650162755,0.0,0.0,0.0,9.894371032714844e-06,9.626150131225586e-06,0.0,0.0
1650162756,0.0,0.0,0.0,9.894371032714844e-06,9.626150131225586e-06,0.0,0.0
1650162757,0.0,0.0,0.0,9.894371032714844e-06,9.626150131225586e-06,0.0,0.0
1650162758,0.0,0.000156459,0.0,9.894371032714844e-06,9.626150131225586e-06,175.66666666666666,116.66666666666669
1650162759,0.0,0.000156459,0.0,9.894371032714844e-06,9.626150131225586e-06,175.66666666666666,116.66666666666669
1650162760,0.0,8.06855e-05,0.0,9.894371032714844e-06,9.626150131225586e-06,132.0,87.5
1650162761,0.0,0.000168615,0.0,9.894371032714844e-06,9.626150131225586e-06,264.0,109.0
1650162762,0.0,0.0,0.0,9.894371032714844e-06,9.626150131225586e-06,0.0,0.0
1650162763,0.0,0.0,0.0,9.894371032714844e-06,9.626150131225586e-06,0.0,0.0
1650162764,0.0,0.0,0.0,9.894371032714844e-06,9.626150131225586e-06,0.0,0.0
1650162765,0.0,0.0,0.0,9.894371032714844e-06,9.626150131225586e-06,0.0,0.0
1650162766,0.0,0.00021167375,0.0,9.894371032714844e-06,9.626150131225586e-06,199.5,156.5
1650162767,0.0,0.00021167375,0.0,9.894371032714844e-06,9.626150131225586e-06,199.5,156.5
1650162768,0.0,8.82965e-05,0.0,9.894371032714844e-06,9.626150131225586e-06,132.0,87.5
1650162769,0.0,8.82965e-05,0.0,9.894371032714844e-06,9.626150131225586e-06,132.0,87.5
1650162770,0.0,8.12455e-05,0.0,9.894371032714844e-06,9.626150131225586e-06,132.0,87.5
1650162771,0.0,8.12455e-05,0.0,9.894371032714844e-06,9.626150131225586e-06,132.0,87.5
1650162772,0.0,8.19365e-05,0.0,9.894371032714844e-06,9.626150131225586e-06,132.0,87.5
1650162773,0.0,0.000117673,0.0,9.894371032714844e-06,9.626150131225586e-06,0.0,267.0
1650162774,0.0,0.000156342,0.0,9.894371032714844e-06,9.626150131225586e-06,264.0,109.0
1650162775,0.0,0.000156342,0.0,9.894371032714844e-06,9.626150131225586e-06,264.0,109.0
1650162776,0.0,0.0001902475,0.0,9.715557098388672e-06,9.447336196899414e-06,197.5,54.5
1650162777,0.0,0.0001902475,0.0,9.715557098388672e-06,9.447336196899414e-06,197.5,54.5
1650162778,0.0,0.0002030205,0.0,9.894371032714844e-06,9.626150131225586e-06,223.0,145.5
1650162779,0.0,0.0002030205,0.0,9.894371032714844e-06,9.626150131225586e-06,223.0,145.5
1650162780,0.0,0.0001145625,0.0,9.894371032714844e-06,9.626150131225586e-06,132.0,87.5
1650162781,0.0,0.0,0.0,9.894371032714844e-06,9.626150131225586e-06,0.0,0.0
1650162782,0.0,0.0,0.0,9.894371032714844e-06,9.626150131225586e-06,0.0,0.0
1650162783,0.0,0.0,0.0,9.894371032714844e-06,9.626150131225586e-06,0.0,0.0
1650162784,0.0,0.0001446506666666,0.0,9.894371032714844e-06,9.626150131225586e-06,176.0,276.0
1650162785,0.0,0.000407468,0.0,9.894371032714844e-06,9.626150131225586e-06,528.0,218.0
1650162786,0.0,0.000407468,0.0,9.894371032714844e-06,9.626150131225586e-06,528.0,218.0
1650162787,0.0,0.000291891,0.0,9.894371032714844e-06,9.626150131225586e-06,396.0,163.5
1650162788,0.0,0.000819957,0.0,9.715557098388672e-06,9.447336196899414e-06,1187.0,436.0
1650162789,0.0,0.000819957,0.0,9.715557098388672e-06,9.447336196899414e-06,1187.0,436.0
1650162790,0.0,0.00033668,0.0,9.894371032714844e-06,9.626150131225586e-06,466.0,299.5
1650162791,0.0,0.00033668,0.0,9.894371032714844e-06,9.626150131225586e-06,466.0,299.5
1650162792,0.0,0.000412155,0.0,9.894371032714844e-06,9.626150131225586e-06,527.0,251.0
1650162793,0.0,0.00046077,0.0,9.894371032714844e-06,9.626150131225586e-06,527.0,697.0
1650162794,0.0,0.000357619,0.0,9.894371032714844e-06,9.626150131225586e-06,528.0,218.0
1650162795,0.0,0.000160164,0.0,9.894371032714844e-06,9.626150131225586e-06,264.0,109.0
1650162796,0.0,0.000160164,0.0,9.894371032714844e-06,9.626150131225586e-06,264.0,109.0
1650162797,0.0,0.0002761,0.0,9.894371032714844e-06,9.626150131225586e-06,395.0,163.5
1650162798,0.0,0.000600127,0.0,9.894371032714844e-06,9.626150131225586e-06,791.0,327.0
1650162799,0.0,0.000600127,0.0,9.894371032714844e-06,9.626150131225586e-06,791.0,327.0
1650162800,0.0,0.00046844,0.005,9.894371032714844e-06,9.626150131225586e-06,664.0,321.0
1650162801,0.0,0.00046844,0.005,9.894371032714844e-06,9.626150131225586e-06,664.0,321.0
1650162802,0.005,0.0001649285,0.0,9.894371032714844e-06,9.626150131225586e-06,264.0,175.0
1650162803,0.0,0.000717183,0.0,9.894371032714844e-06,9.626150131225586e-06,791.0,699.0
1650162804,0.0,0.000717183,0.0,9.894371032714844e-06,9.626150131225586e-06,791.0,699.0
1650162805,0.0,0.0003079185,0.0,9.894371032714844e-06,9.626150131225586e-06,395.5,163.5
1650162806,0.0,0.0003079185,0.0,9.894371032714844e-06,9.626150131225586e-06,395.5,163.5
1650162807,0.0,0.0003539975,0.0,9.894371032714844e-06,9.626150131225586e-06,395.5,163.5
1650162808,0.0,0.0003539975,0.0,9.894371032714844e-06,9.626150131225586e-06,395.5,163.5
1650162809,0.0,0.000228296,0.0,9.894371032714844e-06,9.626150131225586e-06,263.5,109.0
1650162810,0.0,0.000863461,0.0,9.894371032714844e-06,9.626150131225586e-06,1062.0,467.0
1650162811,0.0,0.000863461,0.0,9.894371032714844e-06,9.626150131225586e-06,1062.0,467.0
1650162812,0.0,0.0003442705,0.0,9.894371032714844e-06,9.626150131225586e-06,527.5,317.0
1650162813,0.0,0.000560334,0.0,9.894371032714844e-06,9.626150131225586e-06,528.0,796.0
1650162814,0.0,0.000366429,0.0,9.894371032714844e-06,9.626150131225586e-06,526.0,218.0
1650162815,0.0,0.000366429,0.0,9.894371032714844e-06,9.626150131225586e-06,526.0,218.0
1650162816,0.0,8.0593e-05,0.0,9.894371032714844e-06,9.626150131225586e-06,131.5,54.5
1650162817,0.0,0.00023894,0.0,9.894371032714844e-06,9.626150131225586e-06,263.0,109.0
1650162818,0.0,0.000153855,0.0,9.894371032714844e-06,9.626150131225586e-06,264.0,109.0
1650162819,0.01,0.000162915,0.0,9.894371032714844e-06,9.626150131225586e-06,264.0,109.0
1650162820,0.0,0.000260513,0.0,9.715557098388672e-06,9.447336196899414e-06,396.0,109.0
1650162821,0.0,0.000260513,0.0,9.715557098388672e-06,9.447336196899414e-06,396.0,109.0
1650162822,0.0,0.000156501,0.0,9.894371032714844e-06,9.626150131225586e-06,202.0,124.5
1650162823,0.0,0.00042989,0.0,9.894371032714844e-06,9.626150131225586e-06,528.0,826.0
1650162824,0.0,0.00042989,0.0,9.894371032714844e-06,9.626150131225586e-06,528.0,826.0
1650162825,0.0,8.53755e-05,0.0,9.894371032714844e-06,9.626150131225586e-06,132.0,87.5
1650162826,0.0,0.0,0.0,9.894371032714844e-06,9.626150131225586e-06,0.0,0.0
1650162827,0.0,0.0,0.0,9.894371032714844e-06,9.626150131225586e-06,0.0,0.0
1650162828,0.0,0.0,0.0,9.894371032714844e-06,9.626150131225586e-06,0.0,0.0
1650162829,0.0,0.0001292113333333,0.0,9.894371032714844e-06,9.626150131225586e-06,190.0,86.66666666666667
1650162830,0.0,0.000594522,0.0,9.894371032714844e-06,9.626150131225586e-06,791.0,327.0
1650162831,0.0,0.000594522,0.0,9.894371032714844e-06,9.626150131225586e-06,791.0,327.0
1650162832,0.0,0.000243449,0.0,9.715557098388672e-06,9.447336196899414e-06,330.0,109.0
1650162833,0.0,0.000455094,0.0,9.894371032714844e-06,9.626150131225586e-06,404.0,515.0
1650162834,0.0,0.000455094,0.0,9.894371032714844e-06,9.626150131225586e-06,404.0,515.0
1650162835,0.0,0.000159086,0.0,9.894371032714844e-06,9.626150131225586e-06,264.0,175.0
1650162836,0.0,0.000159086,0.0,9.894371032714844e-06,9.626150131225586e-06,264.0,175.0
1650162837,0.0,7.71505e-05,0.0,9.894371032714844e-06,9.626150131225586e-06,132.0,87.5
1650162838,0.0,0.000317945,0.0,9.894371032714844e-06,9.626150131225586e-06,528.0,218.0
1650162839,0.0,0.000164921,0.0,9.894371032714844e-06,9.626150131225586e-06,264.0,109.0
1650162840,0.0,0.000164921,0.0,9.894371032714844e-06,9.626150131225586e-06,264.0,109.0
1650162841,0.0,9.579e-05,0.0,9.894371032714844e-06,9.626150131225586e-06,132.0,54.5
1650162842,0.0,0.000234442,0.0,9.894371032714844e-06,9.626150131225586e-06,264.0,109.0
1650162843,0.0,0.000370735,0.0,9.715557098388672e-06,9.447336196899414e-06,396.0,378.0
1650162844,0.0,0.000370735,0.0,9.715557098388672e-06,9.447336196899414e-06,396.0,378.0
1650162845,0.0,0.0002077655,0.0,9.894371032714844e-06,9.626150131225586e-06,333.5,212.0
1650162846,0.0,0.0002077655,0.0,9.894371032714844e-06,9.626150131225586e-06,333.5,212.0
1650162847,0.0,8.57545e-05,0.0,9.894371032714844e-06,9.626150131225586e-06,131.5,87.5
1650162848,0.0,8.57545e-05,0.0,9.894371032714844e-06,9.626150131225586e-06,131.5,87.5
1650162849,0.0,0.0002008765,0.0,9.894371032714844e-06,9.626150131225586e-06,264.0,142.0
1650162850,0.0,0.000236317,0.0,9.894371032714844e-06,9.626150131225586e-06,264.0,109.0
1650162851,0.0,0.000461788,0.0,9.894371032714844e-06,9.626150131225586e-06,527.0,218.0
1650162852,0.0,0.000461788,0.0,9.894371032714844e-06,9.626150131225586e-06,527.0,218.0
1650162853,0.0,0.0001365375,0.0,9.894371032714844e-06,9.626150131225586e-06,132.0,293.5
1650162854,0.0,0.0001365375,0.0,9.894371032714844e-06,9.626150131225586e-06,132.0,293.5
1650162855,0.0,0.000214502,0.0,9.715557098388672e-06,9.447336196899414e-06,329.5,109.0
1650162856,0.0,0.000387162,0.0,9.894371032714844e-06,9.626150131225586e-06,404.0,249.0
1650162857,0.0,0.000387162,0.0,9.894371032714844e-06,9.626150131225586e-06,404.0,249.0
1650162858,0.0,0.00017567,0.0,9.894371032714844e-06,9.626150131225586e-06,264.0,175.0
1650162859,0.0,0.000541461,0.0,9.894371032714844e-06,9.626150131225586e-06,791.0,393.0
1650162860,0.0,0.0,0.0,9.894371032714844e-06,9.626150131225586e-06,0.0,0.0
1650162861,0.0,0.0,0.0,9.894371032714844e-06,9.626150131225586e-06,0.0,0.0
1650162862,0.0,0.0,0.0,9.894371032714844e-06,9.626150131225586e-06,0.0,0.0
1650162863,0.0,0.000251406,0.0,9.894371032714844e-06,9.626150131225586e-06,263.6666666666667,267.3333333333333
1650162864,0.0,0.000168557,0.0,9.894371032714844e-06,9.626150131225586e-06,264.0,109.0
1650162865,0.0,0.000168557,0.0,9.894371032714844e-06,9.626150131225586e-06,264.0,109.0
1650162866,0.0,0.0,0.0,9.894371032714844e-06,9.626150131225586e-06,0.0,0.0
1650162867,0.0,0.0,0.0,9.894371032714844e-06,9.626150131225586e-06,0.0,0.0
1650162868,0.0,0.0003870605,0.0,9.894371032714844e-06,9.626150131225586e-06,531.5,266.5
1650162869,0.0,0.0003870605,0.0,9.894371032714844e-06,9.626150131225586e-06,531.5,266.5
1650162870,0.0,0.000258866,0.0,9.894371032714844e-06,9.626150131225586e-06,394.5,229.5
1650162871,0.0,0.000181034,0.0,9.894371032714844e-06,9.626150131225586e-06,263.0,109.0
1650162872,0.0,0.000181034,0.0,9.894371032714844e-06,9.626150131225586e-06,263.0,109.0
1650162873,0.0,0.0001183255,0.0,9.894371032714844e-06,9.626150131225586e-06,131.5,54.5
1650162874,0.0,0.0001183255,0.0,9.894371032714844e-06,9.626150131225586e-06,131.5,54.5
1650162875,0.0,0.0001912415,0.0,9.894371032714844e-06,9.626150131225586e-06,264.0,109.0
1650162876,0.0,0.0001912415,0.0,9.894371032714844e-06,9.626150131225586e-06,264.0,109.0
1650162877,0.0,0.000172464,0.0,9.894371032714844e-06,9.626150131225586e-06,264.0,109.0
1650162878,0.0,0.000277376,0.0,9.715557098388672e-06,9.447336196899414e-06,396.0,109.0
1650162879,0.0,0.000277376,0.0,9.715557098388672e-06,9.447336196899414e-06,396.0,109.0
1650162880,0.0,0.0001641355,0.0,9.894371032714844e-06,9.626150131225586e-06,202.0,124.5
1650162881,0.0,0.0001641355,0.0,9.894371032714844e-06,9.626150131225586e-06,202.0,124.5
1650162882,0.0,7.40735e-05,0.0,9.894371032714844e-06,9.626150131225586e-06,132.0,87.5
1650162883,0.0,3.2899e-05,0.0,9.894371032714844e-06,9.626150131225586e-06,0.0,0.0
1650162884,0.0,0.000407952,0.0,9.894371032714844e-06,9.626150131225586e-06,528.0,350.0
1650162885,0.0,0.000357409,0.0,9.894371032714844e-06,9.626150131225586e-06,528.0,218.0
1650162886,0.0,0.000357409,0.0,9.894371032714844e-06,9.626150131225586e-06,528.0,218.0
1650162887,0.0,9.55895e-05,0.0,9.894371032714844e-06,9.626150131225586e-06,132.0,54.5
1650162888,0.0,9.55895e-05,0.0,9.894371032714844e-06,9.626150131225586e-06,132.0,54.5
1650162889,0.0,0.0002155595,0.0,9.894371032714844e-06,9.626150131225586e-06,263.5,109.0
1650162890,0.0,0.0002155595,0.0,9.894371032714844e-06,9.626150131225586e-06,263.5,109.0
1650162891,0.0,0.0002349095,0.0,9.715557098388672e-06,9.447336196899414e-06,330.0,109.0
1650162892,0.0,0.000335129,0.0,9.894371032714844e-06,9.626150131225586e-06,404.0,249.0
1650162893,0.0,0.000491405,0.0,9.894371032714844e-06,9.626150131225586e-06,527.0,723.0
1650162894,0.0,0.000491405,0.0,9.894371032714844e-06,9.626150131225586e-06,527.0,723.0
1650162895,0.0,0.000231485,0.0,9.894371032714844e-06,9.626150131225586e-06,264.0,142.0
1650162896,0.0,0.000231485,0.0,9.894371032714844e-06,9.626150131225586e-06,264.0,142.0
1650162897,0.0,0.0001733075,0.0,9.894371032714844e-06,9.626150131225586e-06,264.0,109.0
1650162898,0.0,0.0001733075,0.0,9.894371032714844e-06,9.626150131225586e-06,264.0,109.0
1650162899,0.0,0.0,0.0,9.894371032714844e-06,9.626150131225586e-06,21.0,21.0
1650162900,0.0,0.000476694,0.0,9.894371032714844e-06,9.626150131225586e-06,792.0,327.0
1650162901,0.0,0.000158156,0.0,9.894371032714844e-06,9.626150131225586e-06,264.0,109.0
1650162902,0.0,0.000158156,0.0,9.894371032714844e-06,9.626150131225586e-06,264.0,109.0
1650162903,0.0,0.000198911,0.0,9.715557098388672e-06,9.447336196899414e-06,197.0,188.0
1650162904,0.0,0.000617097,0.0,9.894371032714844e-06,9.626150131225586e-06,668.0,424.0
1650162905,0.0,0.000617097,0.0,9.894371032714844e-06,9.626150131225586e-06,668.0,424.0
1650162906,0.0,0.000197501,0.0,9.894371032714844e-06,9.626150131225586e-06,264.0,175.0
1650162907,0.0,0.00016439,0.0,9.894371032714844e-06,9.626150131225586e-06,264.0,109.0
1650162908,0.0,0.000158755,0.0,9.894371032714844e-06,9.626150131225586e-06,264.0,109.0
1650162909,0.0,0.000158755,0.0,9.894371032714844e-06,9.626150131225586e-06,264.0,109.0
1650162910,0.0,0.0001340835,0.0,9.894371032714844e-06,9.626150131225586e-06,132.0,54.5
1650162911,0.0,0.0,0.0,9.894371032714844e-06,9.626150131225586e-06,0.0,0.0
1650162912,0.0,0.0,0.0,9.894371032714844e-06,9.626150131225586e-06,0.0,0.0
1650162913,0.0,0.0,0.0,9.894371032714844e-06,9.626150131225586e-06,0.0,0.0
1650162914,0.0,0.0,0.0,9.894371032714844e-06,9.626150131225586e-06,0.0,0.0
1650162915,0.0,0.00035210775,0.0025,9.894371032714844e-06,9.626150131225586e-06,397.25,290.5
1650162916,0.0,0.00035210775,0.0025,9.894371032714844e-06,9.626150131225586e-06,397.25,290.5
1650162917,0.0,0.0,0.0,9.894371032714844e-06,9.626150131225586e-06,0.0,0.0
1650162918,0.0,0.0,0.0,9.894371032714844e-06,9.626150131225586e-06,0.0,0.0
1650162919,0.0,0.000287561,0.0,9.894371032714844e-06,9.626150131225586e-06,396.0,262.5
1650162920,0.0,0.000287561,0.0,9.894371032714844e-06,9.626150131225586e-06,396.0,262.5
1650162921,0.0,0.000134288,0.0,9.894371032714844e-06,9.626150131225586e-06,131.5,54.5
1650162922,0.0,0.000262962,0.0,9.894371032714844e-06,9.626150131225586e-06,264.0,109.0
1650162923,0.0,0.000532678,0.0,9.894371032714844e-06,9.626150131225586e-06,527.0,589.0
1650162924,0.0,0.000532678,0.0,9.894371032714844e-06,9.626150131225586e-06,527.0,589.0
1650162925,0.0,0.0001985755,0.0,9.894371032714844e-06,9.626150131225586e-06,264.0,109.0
1650162926,0.0,0.0001985755,0.0,9.894371032714844e-06,9.626150131225586e-06,264.0,109.0
1650162927,0.0,0.0001426245,0.0,9.715557098388672e-06,9.447336196899414e-06,198.0,54.5
1650162928,0.0,0.000390411,0.0,9.894371032714844e-06,9.626150131225586e-06,403.0,249.0
1650162929,0.0,0.000390411,0.0,9.894371032714844e-06,9.626150131225586e-06,403.0,249.0
1650162930,0.0,0.000310872,0.0,9.894371032714844e-06,9.626150131225586e-06,395.5,262.5
1650162931,0.0,0.000187422,0.0,9.894371032714844e-06,9.626150131225586e-06,263.0,109.0
1650162932,0.0,0.000187841,0.0,9.894371032714844e-06,9.626150131225586e-06,264.0,109.0
1650162933,0.0,0.000187841,0.0,9.894371032714844e-06,9.626150131225586e-06,264.0,109.0
1650162934,0.0,0.000150372,0.0,9.894371032714844e-06,9.626150131225586e-06,132.0,343.5
1650162935,0.0,0.000150372,0.0,9.894371032714844e-06,9.626150131225586e-06,132.0,343.5
1650162936,0.0,7.9049e-05,0.0,9.894371032714844e-06,9.626150131225586e-06,132.0,54.5
1650162937,0.0,0.0,0.0,9.894371032714844e-06,9.626150131225586e-06,0.0,0.0
1650162938,0.0,0.0,0.0,9.894371032714844e-06,9.626150131225586e-06,0.0,0.0
1650162939,0.0,0.0,0.0,9.894371032714844e-06,9.626150131225586e-06,0.0,0.0
1650162940,0.0,0.0003851386666666,0.0033333333333333,9.894371032714844e-06,9.626150131225586e-06,530.6666666666666,272.3333333333333
1650162941,0.0,0.0003851386666666,0.0033333333333333,9.894371032714844e-06,9.626150131225586e-06,530.6666666666666,272.3333333333333
1650162942,0.0,0.000207943,0.0,9.894371032714844e-06,9.626150131225586e-06,263.0,142.0
1650162943,0.0,0.000207943,0.0,9.894371032714844e-06,9.626150131225586e-06,263.0,142.0
1650162944,0.0,0.0001405115,0.0,9.894371032714844e-06,9.626150131225586e-06,132.0,187.5
1650162945,0.0,0.0001405115,0.0,9.894371032714844e-06,9.626150131225586e-06,132.0,187.5
1650162946,0.0,0.000123195,0.0,9.894371032714844e-06,9.626150131225586e-06,132.0,54.5
1650162947,0.0,0.000573795,0.0,9.894371032714844e-06,9.626150131225586e-06,792.0,327.0
1650162948,0.0,0.000371771,0.0,9.894371032714844e-06,9.626150131225586e-06,569.0,260.0
1650162949,0.0,0.000371771,0.0,9.894371032714844e-06,9.626150131225586e-06,569.0,260.0
1650162950,0.0,0.00041527,0.0,9.894371032714844e-06,9.626150131225586e-06,531.5,266.5
1650162951,0.0,0.000174794,0.0,9.894371032714844e-06,9.626150131225586e-06,264.0,175.0
1650162952,0.0,0.000951558,0.0,9.894371032714844e-06,9.626150131225586e-06,1319.0,611.0
1650162953,0.0,0.000951558,0.0,9.894371032714844e-06,9.626150131225586e-06,1319.0,611.0
1650162954,0.005,0.000477566,0.0,9.894371032714844e-06,9.626150131225586e-06,527.0,557.5
1650162955,0.005,0.000477566,0.0,9.894371032714844e-06,9.626150131225586e-06,527.0,557.5
1650162956,0.0,0.0001710525,0.0,9.894371032714844e-06,9.626150131225586e-06,263.0,109.0
1650162957,0.0,0.000263945,0.0,9.894371032714844e-06,9.626150131225586e-06,263.0,109.0
1650162958,0.0,0.000603015,0.0,9.894371032714844e-06,9.626150131225586e-06,791.0,327.0
1650162959,0.0,0.000603015,0.0,9.894371032714844e-06,9.626150131225586e-06,791.0,327.0
1650162960,0.0,0.0009808455,0.005,9.894371032714844e-06,9.626150131225586e-06,1323.5,659.5
1650162961,0.0,0.0009808455,0.005,9.894371032714844e-06,9.626150131225586e-06,1323.5,659.5
1650162962,0.0,0.000246198,0.0,9.894371032714844e-06,9.626150131225586e-06,264.0,109.0
1650162963,0.0,0.000246198,0.0,9.894371032714844e-06,9.626150131225586e-06,264.0,109.0
1650162964,0.0,0.000433867,0.0,9.894371032714844e-06,9.626150131225586e-06,527.5,667.0
1650162965,0.0,0.000345889,0.0,9.894371032714844e-06,9.626150131225586e-06,526.0,218.0
1650162966,0.0,0.000345889,0.0,9.894371032714844e-06,9.626150131225586e-06,526.0,218.0
1650162967,0.0,0.0002844635,0.0,9.894371032714844e-06,9.626150131225586e-06,396.0,163.5
1650162968,0.0,0.0002844635,0.0,9.894371032714844e-06,9.626150131225586e-06,396.0,163.5
1650162969,0.0,0.0003712725,0.0,9.894371032714844e-06,9.626150131225586e-06,395.0,163.5
1650162970,0.0,0.000776362,0.0,9.894371032714844e-06,9.626150131225586e-06,1064.0,533.0
1650162971,0.0,0.000776362,0.0,9.894371032714844e-06,9.626150131225586e-06,1064.0,533.0
1650162972,0.0,0.0004646445,0.0,9.894371032714844e-06,9.626150131225586e-06,660.0,338.5
1650162973,0.0,0.0004646445,0.0,9.894371032714844e-06,9.626150131225586e-06,660.0,338.5
1650162974,0.0,0.000321311,0.0,9.894371032714844e-06,9.626150131225586e-06,395.5,401.5
1650162975,0.0,0.00050719,0.0,9.894371032714844e-06,9.626150131225586e-06,791.0,327.0
