timestamp,cpu_usage_system,cpu_usage_total,cpu_usage_user,memory_usage,memory_working_set,rx_bytes,tx_bytes
1650161565,0.63,1.6955830275,1.05,0.0002151131629943,0.0002149045467376,1399.0,1747.5
1650161566,0.63,1.6955830275,1.05,0.0002151131629943,0.0002149045467376,1399.0,1747.5
1650161567,0.63,1.6955830275,1.05,0.0002151131629943,0.0002149045467376,1399.0,1747.5
1650161568,0.63,1.6955830275,1.05,7.405877113342285e-05,7.382035255432129e-05,1399.0,1747.5
1650161569,0.63,1.6955830275,1.05,7.405877113342285e-05,7.382035255432129e-05,1399.0,1747.5
1650161570,2.56,5.962361325,3.355,7.411837577819824e-05,7.387995719909668e-05,481.0,660.0
1650161571,2.56,5.962361325,3.355,7.411837577819824e-05,7.387995719909668e-05,481.0,660.0
1650161572,2.15,5.5022513335,3.32,7.447600364685059e-05,7.423758506774902e-05,481.0,660.0
1650161573,3.47,8.595293715,5.06,7.492303848266602e-05,7.468461990356445e-05,480.0,2043.0
1650161574,3.73,8.523369305,4.63,7.516145706176758e-05,7.492303848266602e-05,962.0,1320.0
1650161575,3.73,8.523369305,4.63,7.516145706176758e-05,7.492303848266602e-05,962.0,1320.0
1650161576,1.985,4.7870080835,2.795,7.560849189758301e-05,7.537007331848145e-05,721.5,990.0
1650161577,4.26,10.543921366,6.22,7.56382942199707e-05,7.539987564086914e-05,1575.0,2244.0
1650161578,2.79,6.805100322,3.95,7.599592208862305e-05,7.575750350952148e-05,943.0,1122.0
1650161579,2.79,6.805100322,3.95,7.599592208862305e-05,7.575750350952148e-05,943.0,1122.0
1650161580,2.0,4.761000151,2.755,7.599592208862305e-05,7.575750350952148e-05,918.5,1088.0
1650161581,2.0,4.761000151,2.755,7.599592208862305e-05,7.575750350952148e-05,918.5,1088.0
1650161582,2.375,6.207982374,3.59,7.62939453125e-05,7.605552673339844e-05,1202.5,1648.5
1650161583,3.27,8.012721532,4.59,7.62939453125e-05,7.605552673339844e-05,962.0,3060.0
1650161584,4.63,10.863200048,6.03,7.644295692443848e-05,7.620453834533691e-05,1443.0,1980.0
1650161585,4.63,10.863200048,6.03,7.644295692443848e-05,7.620453834533691e-05,1443.0,1980.0
1650161586,2.115,4.8376366625,2.655,7.644295692443848e-05,7.620453834533691e-05,481.0,660.0
1650161587,2.115,4.8376366625,2.655,7.644295692443848e-05,7.620453834533691e-05,481.0,660.0
1650161588,2.45,6.224997144,3.67,7.659196853637695e-05,7.635354995727539e-05,819.5,1120.0
1650161589,2.65,6.446665821,3.8,7.677078247070312e-05,7.653236389160156e-05,2126.0,2532.0
1650161590,2.65,6.446665821,3.8,7.677078247070312e-05,7.653236389160156e-05,2126.0,2532.0
1650161591,2.505,6.122488815,3.55,7.709860801696777e-05,7.686018943786621e-05,547.0,692.5
1650161592,2.9,7.187869561,4.19,7.715821266174316e-05,7.69197940826416e-05,1443.0,1978.0
1650161593,2.9,7.187869561,4.19,7.715821266174316e-05,7.69197940826416e-05,1443.0,1978.0
1650161594,2.335,5.7619524335,3.305,7.751584053039551e-05,7.727742195129395e-05,961.0,2188.5
1650161595,2.335,5.7619524335,3.305,7.751584053039551e-05,7.727742195129395e-05,961.0,2188.5
1650161596,2.07,4.856596628,2.72,7.75456428527832e-05,7.730722427368164e-05,721.5,989.5
1650161597,2.07,4.856596628,2.72,7.75456428527832e-05,7.730722427368164e-05,721.5,989.5
1650161598,2.19,5.456475227,3.16,7.790327072143555e-05,7.766485214233398e-05,721.5,989.0
1650161599,2.97,7.198505099,4.08,7.769465446472168e-05,7.745623588562012e-05,613.0,924.0
1650161600,4.42,11.2258819,6.52,7.811188697814941e-05,7.787346839904785e-05,3220.0,3918.0
1650161601,4.42,11.2258819,6.52,7.811188697814941e-05,7.787346839904785e-05,3220.0,3918.0
1650161602,1.88,4.6623890575,2.72,7.814168930053711e-05,7.790327072143555e-05,720.5,988.5
1650161603,2.96,7.08267256,4.04,7.829070091247559e-05,7.805228233337402e-05,481.0,1742.0
1650161604,4.21,10.163605264,5.82,7.846951484680176e-05,7.82310962677002e-05,481.0,660.0
1650161605,4.21,10.163605264,5.82,7.846951484680176e-05,7.82310962677002e-05,481.0,660.0
1650161606,2.685,6.6728543135,3.85,7.858872413635254e-05,7.835030555725098e-05,721.0,989.0
1650161607,2.685,6.6728543135,3.85,7.858872413635254e-05,7.835030555725098e-05,721.0,989.0
1650161608,1.815,4.5721774415,2.67,7.861852645874023e-05,7.838010787963867e-05,721.0,988.5
1650161609,3.21,7.94935488,4.6,7.873773574829102e-05,7.849931716918945e-05,2122.0,2904.0
1650161610,3.21,7.94935488,4.6,7.873773574829102e-05,7.849931716918945e-05,2122.0,2904.0
1650161611,2.07,5.2471325125,3.115,7.88569450378418e-05,7.861852645874023e-05,757.0,903.0
1650161612,2.62,6.630572812,3.98,7.897615432739258e-05,7.873773574829102e-05,1226.0,1452.0
1650161613,4.77,11.678194063,6.75,7.903575897216797e-05,7.87973403930664e-05,1922.0,4039.0
1650161614,4.77,11.678194063,6.75,7.903575897216797e-05,7.87973403930664e-05,1922.0,4039.0
1650161615,1.735,4.310949927,2.52,7.924437522888184e-05,7.900595664978027e-05,481.0,660.0
1650161616,3.95,9.470494305,5.28,7.924437522888184e-05,7.900595664978027e-05,1924.0,2640.0
1650161617,3.95,9.470494305,5.28,7.924437522888184e-05,7.900595664978027e-05,1924.0,2640.0
1650161618,1.92,4.5869070635,2.57,7.936358451843262e-05,7.912516593933105e-05,721.5,990.0
1650161619,2.25,5.471259821,3.19,7.936358451843262e-05,7.912516593933105e-05,481.0,660.0
1650161620,4.2,10.734612893,6.36,7.957220077514648e-05,7.933378219604492e-05,1646.0,1980.0
1650161621,4.2,10.734612893,6.36,7.957220077514648e-05,7.933378219604492e-05,1646.0,1980.0
1650161622,2.165,5.0776597415,2.84,7.960200309753418e-05,7.936358451843262e-05,994.5,1364.0
1650161623,2.165,5.0776597415,2.84,7.960200309753418e-05,7.936358451843262e-05,994.5,1364.0
1650161624,2.37,5.738211521,3.305,7.984042167663574e-05,7.960200309753418e-05,853.5,2239.0
1650161625,2.72,6.79486011,4.0,7.984042167663574e-05,7.960200309753418e-05,961.0,1320.0
1650161626,4.48,11.007236208,6.39,8.001923561096191e-05,7.978081703186035e-05,1442.0,1978.0
1650161627,4.48,11.007236208,6.39,8.001923561096191e-05,7.978081703186035e-05,1442.0,1978.0
1650161628,2.22,5.4836038205,3.185,8.0108642578125e-05,7.987022399902344e-05,742.0,1009.5
1650161629,2.22,5.4836038205,3.185,8.0108642578125e-05,7.987022399902344e-05,742.0,1009.5
1650161630,2.48,5.9190643555,3.37,8.034706115722656e-05,8.0108642578125e-05,721.5,990.0
1650161631,4.46,10.703592017,6.16,8.016824722290039e-05,7.992982864379883e-05,1159.0,1584.0
1650161632,4.46,10.703592017,6.16,8.016824722290039e-05,7.992982864379883e-05,1159.0,1584.0
1650161633,2.29,5.6127251025,3.23,8.061528205871582e-05,8.037686347961426e-05,450.5,771.0
1650161634,2.29,5.6127251025,3.23,8.061528205871582e-05,8.037686347961426e-05,450.5,771.0
1650161635,2.395,5.690809591,3.21,8.061528205871582e-05,8.037686347961426e-05,1399.5,1748.5
1650161636,4.17,10.091670598,5.89,8.07642936706543e-05,8.052587509155273e-05,1924.0,2640.0
1650161637,2.99,7.0808612,3.96,8.082389831542969e-05,8.058547973632812e-05,481.0,659.0
1650161638,2.99,7.0808612,3.96,8.082389831542969e-05,8.058547973632812e-05,481.0,659.0
1650161639,2.115,5.0311365335,2.88,8.091330528259277e-05,8.067488670349121e-05,481.0,660.0
1650161640,3.89,9.435123191,5.52,8.186697959899902e-05,8.162856101989746e-05,962.0,1320.0
1650161641,3.04,7.401819561,4.27,8.121132850646973e-05,8.097290992736816e-05,961.0,1319.0
1650161642,2.72,6.960183245,3.92,8.124113082885742e-05,8.100271224975586e-05,1442.0,1980.0
1650161643,2.72,6.960183245,3.92,8.124113082885742e-05,8.100271224975586e-05,1442.0,1980.0
1650161644,2.785,6.838456265,3.99,8.147954940795898e-05,8.124113082885742e-05,1096.0,2235.0
1650161645,2.785,6.838456265,3.99,8.147954940795898e-05,8.124113082885742e-05,1096.0,2235.0
1650161646,2.65,6.381718591,3.67,8.147954940795898e-05,8.124113082885742e-05,613.0,725.0
1650161647,2.65,6.381718591,3.67,8.147954940795898e-05,8.124113082885742e-05,613.0,725.0
1650161648,2.145,5.385096473,3.145,8.162856101989746e-05,8.13901424407959e-05,480.5,660.0
1650161649,3.2,7.838422253,4.56,8.162856101989746e-05,8.13901424407959e-05,481.0,660.0
1650161650,4.44,10.786770872,6.21,8.186697959899902e-05,8.162856101989746e-05,2405.0,3300.0
1650161651,2.92,7.166268918,4.08,8.183717727661133e-05,8.159875869750977e-05,962.0,1319.0
1650161652,2.92,7.166268918,4.08,8.183717727661133e-05,8.159875869750977e-05,962.0,1319.0
1650161653,2.83,6.764304136,3.835,8.222460746765137e-05,8.19861888885498e-05,906.0,2057.0
1650161654,2.83,6.764304136,3.835,8.222460746765137e-05,8.19861888885498e-05,906.0,2057.0
1650161655,1.535,3.6354547205,2.095,8.20457935333252e-05,8.180737495422363e-05,943.5,1167.5
1650161656,4.71,11.77998473,6.91,8.228421211242676e-05,8.20457935333252e-05,2668.0,3430.0
1650161657,4.71,11.77998473,6.91,8.228421211242676e-05,8.20457935333252e-05,2668.0,3430.0
1650161658,1.775,4.3400684975,2.525,8.219480514526367e-05,8.195638656616211e-05,240.5,330.0
1650161659,4.15,9.771449685,5.43,8.317828178405762e-05,8.293986320495605e-05,1443.0,1980.0
1650161660,4.15,9.771449685,5.43,8.317828178405762e-05,8.293986320495605e-05,1443.0,1980.0
1650161661,2.315,5.3962121895,3.025,8.243322372436523e-05,8.219480514526367e-05,721.0,990.0
1650161662,3.42,8.588591295,5.07,8.237361907958984e-05,8.213520050048828e-05,481.0,660.0
1650161663,3.42,8.588591295,5.07,8.237361907958984e-05,8.213520050048828e-05,481.0,660.0
1650161664,2.585,6.2609407765,3.635,8.252263069152832e-05,8.228421211242676e-05,1202.0,2037.5
1650161665,4.66,10.96196773,6.1,8.273124694824219e-05,8.249282836914062e-05,2872.0,3454.0
1650161666,4.66,10.96196773,6.1,8.273124694824219e-05,8.249282836914062e-05,2872.0,3454.0
1650161667,1.725,4.3461299825,2.575,8.273124694824219e-05,8.249282836914062e-05,787.0,1023.0
1650161668,2.89,7.206918702,4.21,8.276104927062988e-05,8.252263069152832e-05,481.0,660.0
1650161669,3.93,9.362952122,5.35,8.293986320495605e-05,8.270144462585449e-05,962.0,1318.0
1650161670,3.93,9.362952122,5.35,8.293986320495605e-05,8.270144462585449e-05,962.0,1318.0
1650161671,2.295,5.5805256455,3.23,8.296966552734375e-05,8.273124694824219e-05,962.0,1320.0
1650161672,2.88,7.116163434,4.15,8.314847946166992e-05,8.291006088256836e-05,1443.0,1980.0
1650161673,4.86,11.686377758,6.68,8.320808410644531e-05,8.296966552734375e-05,959.0,1780.0
1650161674,2.86,7.205621062,4.24,8.311867713928223e-05,8.288025856018066e-05,1226.0,1584.0
1650161675,3.14,7.738667328,4.49,8.335709571838379e-05,8.311867713928223e-05,901.0,1080.0
1650161676,3.14,7.738667328,4.49,8.335709571838379e-05,8.311867713928223e-05,901.0,1080.0
1650161677,1.525,3.882647931,2.285,8.338689804077148e-05,8.314847946166992e-05,613.0,726.0
1650161678,3.71,9.212546925,5.41,8.353590965270996e-05,8.32974910736084e-05,1135.0,1426.0
1650161679,3.53,8.883618921,5.22,8.356571197509766e-05,8.33272933959961e-05,962.0,1320.0
1650161680,3.53,8.883618921,5.22,8.356571197509766e-05,8.33272933959961e-05,962.0,1320.0
1650161681,2.01,4.8501632375,2.79,8.386373519897461e-05,8.362531661987305e-05,721.5,990.0
1650161682,2.01,4.8501632375,2.79,8.386373519897461e-05,8.362531661987305e-05,721.5,990.0
1650161683,2.84,6.8272130975,3.9,8.383393287658691e-05,8.359551429748535e-05,481.0,1203.0
1650161684,5.03,12.282862074,7.11,8.39531421661377e-05,8.371472358703613e-05,961.0,1318.0
1650161685,5.03,12.282862074,7.11,8.39531421661377e-05,8.371472358703613e-05,961.0,1318.0
1650161686,2.265,5.716014332,3.355,8.392333984375e-05,8.368492126464844e-05,612.5,791.0
1650161687,2.265,5.716014332,3.355,8.392333984375e-05,8.368492126464844e-05,612.5,791.0
1650161688,2.64,6.4836130505,3.75,8.419156074523926e-05,8.39531421661377e-05,757.0,903.0
1650161689,2.64,6.4836130505,3.75,8.419156074523926e-05,8.39531421661377e-05,757.0,903.0
1650161690,1.835,4.824496784,2.92,1.5288591384887695e-05,1.5050172805786133e-05,612.5,724.5
1650161691,0.0,0.000935207,0.0,1.5288591384887695e-05,1.5050172805786133e-05,481.0,660.0
1650161692,0.0,0.001795992,0.0,1.5288591384887695e-05,1.5050172805786133e-05,961.0,1318.0
1650161693,0.0,0.001795992,0.0,1.5288591384887695e-05,1.5050172805786133e-05,961.0,1318.0
1650161694,0.0,0.0016985125,0.0,1.5288591384887695e-05,1.5050172805786133e-05,962.0,1867.0
1650161695,0.0,0.002742023,0.0,1.5288591384887695e-05,1.5050172805786133e-05,1443.0,1976.0
1650161696,0.0,0.002742023,0.0,1.5288591384887695e-05,1.5050172805786133e-05,1443.0,1976.0
1650161697,0.0,0.002622864,0.0,1.5288591384887695e-05,1.5050172805786133e-05,1478.0,1988.0
1650161698,0.0,0.002622864,0.0,1.5288591384887695e-05,1.5050172805786133e-05,1478.0,1988.0
1650161699,0.005,0.0018864425,0.005,1.531839370727539e-05,1.5079975128173828e-05,1159.5,1419.0
1650161700,0.0,0.001681844,0.0,1.5288591384887695e-05,1.5050172805786133e-05,962.0,1319.0
1650161701,0.0,0.001681844,0.0,1.5288591384887695e-05,1.5050172805786133e-05,962.0,1319.0
1650161702,0.0,0.0009688305,0.0,1.5288591384887695e-05,1.5050172805786133e-05,481.0,660.0
1650161703,0.0,0.003622199,0.0,1.5288591384887695e-05,1.5050172805786133e-05,1923.0,4373.0
1650161704,0.0,0.003622199,0.0,1.5288591384887695e-05,1.5050172805786133e-05,1923.0,4373.0
1650161705,0.0,0.000886657,0.0,1.5288591384887695e-05,1.5050172805786133e-05,480.0,659.0
1650161706,0.0,0.000886657,0.0,1.5288591384887695e-05,1.5050172805786133e-05,480.0,659.0
1650161707,0.0,0.0016890835,0.0,1.5288591384887695e-05,1.5050172805786133e-05,960.5,1320.0
1650161708,0.0,0.0016890835,0.0,1.5288591384887695e-05,1.5050172805786133e-05,960.5,1320.0
1650161709,0.005,0.001771864,0.0,1.5288591384887695e-05,1.5050172805786133e-05,1063.5,1365.0
1650161710,0.0,0.000965117,0.0,1.5288591384887695e-05,1.5050172805786133e-05,613.0,726.0
1650161711,0.0,0.001285882,0.0,1.564621925354004e-05,1.5407800674438477e-05,1219.0,725.0
1650161712,0.0,0.001285882,0.0,1.564621925354004e-05,1.5407800674438477e-05,1219.0,725.0
1650161713,0.0,4.8507e-05,0.0,1.564621925354004e-05,1.5407800674438477e-05,239.0,0.0
1650161714,0.0,4.8507e-05,0.0,1.564621925354004e-05,1.5407800674438477e-05,239.0,0.0
1650161715,0.0,0.0001988405,0.0,1.5288591384887695e-05,1.5050172805786133e-05,498.0,349.0
1650161716,0.0,0.000816188,0.0,1.6421079635620117e-05,1.6182661056518555e-05,554.0,1233.0
1650161717,0.0,0.000816188,0.0,1.6421079635620117e-05,1.6182661056518555e-05,554.0,1233.0
1650161718,0.0,0.0004795785,0.0,1.6242265701293945e-05,1.6003847122192383e-05,167.5,439.0
1650161719,0.0,0.0004795785,0.0,1.6242265701293945e-05,1.6003847122192383e-05,167.5,439.0
1650161720,0.0,0.0010067465,0.0,1.6748905181884766e-05,1.6510486602783203e-05,411.5,421.0
1650161721,0.0,0.0010067465,0.0,1.6748905181884766e-05,1.6510486602783203e-05,411.5,421.0
1650161722,0.0,0.000229132,0.0,1.6748905181884766e-05,1.6510486602783203e-05,402.0,253.0
1650161723,0.0,0.001387474,0.0,1.7374753952026367e-05,1.7136335372924805e-05,820.0,600.0
1650161724,0.0,0.001387474,0.0,1.7374753952026367e-05,1.7136335372924805e-05,820.0,600.0
1650161725,0.0,0.0011098115,0.0,1.761317253112793e-05,1.7374753952026367e-05,646.0,760.5
1650161726,0.0,0.0011098115,0.0,1.761317253112793e-05,1.7374753952026367e-05,646.0,760.5
1650161727,0.0,0.000386243,0.0,1.7136335372924805e-05,1.6897916793823242e-05,526.0,718.0
1650161728,0.0,0.000678636,0.0,1.659989356994629e-05,1.6361474990844727e-05,616.0,726.0
1650161729,0.0,0.000678636,0.0,1.659989356994629e-05,1.6361474990844727e-05,616.0,726.0
1650161730,0.0,0.000832799,0.0,1.609325408935547e-05,1.5854835510253906e-05,512.5,572.0
1650161731,0.0,0.001581971,0.0,1.609325408935547e-05,1.5854835510253906e-05,1017.0,1210.0
1650161732,0.01,0.001958078,0.0,1.8596649169921875e-05,1.8358230590820312e-05,472.0,74.0
1650161733,0.01,0.001958078,0.0,1.8596649169921875e-05,1.8358230590820312e-05,472.0,74.0
1650161734,0.0,0.000320659,0.0,1.6957521438598633e-05,1.671910285949707e-05,242.0,306.0
1650161735,0.0,0.000521005,0.0,1.659989356994629e-05,1.6361474990844727e-05,682.0,990.0
1650161736,0.0,0.000521005,0.0,1.659989356994629e-05,1.6361474990844727e-05,682.0,990.0
1650161737,0.0,0.0013592065,0.0,1.7583370208740234e-05,1.7344951629638672e-05,549.0,640.5
1650161738,0.0,0.001941845,0.0,1.7940998077392578e-05,1.7702579498291016e-05,1157.0,1580.0
1650161739,0.0,0.001941845,0.0,1.7940998077392578e-05,1.7702579498291016e-05,1157.0,1580.0
1650161740,0.0,8.87695e-05,0.0,1.7762184143066406e-05,1.7523765563964844e-05,259.0,362.0
1650161741,0.0,8.87695e-05,0.0,1.7762184143066406e-05,1.7523765563964844e-05,259.0,362.0
1650161742,0.0,0.0003548455,0.0,1.7255544662475586e-05,1.7017126083374023e-05,535.0,545.0
1650161743,0.0,0.0003548455,0.0,1.7255544662475586e-05,1.7017126083374023e-05,535.0,545.0
1650161744,0.0,0.000867406,0.0,1.6689300537109375e-05,1.6450881958007812e-05,639.0,794.0
1650161745,0.0,0.000951313,0.0,1.704692840576172e-05,1.6808509826660156e-05,541.0,468.0
1650161746,0.0,0.000951313,0.0,1.704692840576172e-05,1.6808509826660156e-05,541.0,468.0
1650161747,0.0,0.000820206,0.0,1.820921897888184e-05,1.7970800399780273e-05,574.5,605.0
1650161748,0.0,0.000438986,0.0,1.6480684280395508e-05,1.6242265701293945e-05,558.0,612.0
1650161749,0.0,0.000438986,0.0,1.6480684280395508e-05,1.6242265701293945e-05,558.0,612.0
1650161750,0.0,0.001236405,0.0,1.704692840576172e-05,1.6808509826660156e-05,631.0,606.0
1650161751,0.0,0.001236405,0.0,1.704692840576172e-05,1.6808509826660156e-05,631.0,606.0
1650161752,0.0,0.001406652,0.0,1.7702579498291016e-05,1.7464160919189453e-05,600.0,660.0
1650161753,0.0,0.000329859,0.0,1.7583370208740234e-05,1.7344951629638672e-05,478.0,740.0
1650161754,0.0,0.000329859,0.0,1.7583370208740234e-05,1.7344951629638672e-05,478.0,740.0
1650161755,0.005,0.000770447,0.0,1.8268823623657227e-05,1.8030405044555664e-05,556.5,558.0
1650161756,0.0,0.000959034,0.0,1.8268823623657227e-05,1.8030405044555664e-05,761.0,1216.0
1650161757,0.0,0.000959034,0.0,1.8268823623657227e-05,1.8030405044555664e-05,761.0,1216.0
1650161758,0.0,0.0003353745,0.0,1.7940998077392578e-05,1.7702579498291016e-05,312.0,585.0
1650161759,0.0,0.000954739,0.0,1.6957521438598633e-05,1.671910285949707e-05,1314.0,1388.0
1650161760,0.0,0.000742535,0.0,1.5944242477416992e-05,1.570582389831543e-05,616.0,792.0
1650161761,0.0,0.000742535,0.0,1.5944242477416992e-05,1.570582389831543e-05,616.0,792.0
1650161762,0.0,0.0005734705,0.0,1.609325408935547e-05,1.5854835510253906e-05,439.5,439.0
1650161763,0.0,0.001137248,0.0,1.6450881958007812e-05,1.621246337890625e-05,541.0,336.0
1650161764,0.0,0.001137248,0.0,1.6450881958007812e-05,1.621246337890625e-05,541.0,336.0
1650161765,0.0,0.000732484,0.0,1.7195940017700195e-05,1.6957521438598633e-05,413.5,343.0
1650161766,0.0,0.000538479,0.0,1.621246337890625e-05,1.5974044799804688e-05,484.0,1079.0
1650161767,0.0,0.000538479,0.0,1.621246337890625e-05,1.5974044799804688e-05,484.0,1079.0
1650161768,0.0,0.000436615,0.0,1.6689300537109375e-05,1.6450881958007812e-05,330.5,300.0
1650161769,0.0,0.001504273,0.0,1.6748905181884766e-05,1.6510486602783203e-05,613.0,612.0
1650161770,0.0,0.001504273,0.0,1.6748905181884766e-05,1.6510486602783203e-05,613.0,612.0
1650161771,0.0,0.001518856,0.005,1.7642974853515625e-05,1.7404556274414062e-05,599.5,687.0
1650161772,0.0,0.001518856,0.005,1.7642974853515625e-05,1.7404556274414062e-05,599.5,687.0
1650161773,0.0,0.0007517725,0.0,1.8358230590820312e-05,1.811981201171875e-05,488.5,558.0
1650161774,0.0,0.001381477,0.0,1.8268823623657227e-05,1.8030405044555664e-05,1321.0,1486.0
1650161775,0.0,0.001381477,0.0,1.8268823623657227e-05,1.8030405044555664e-05,1321.0,1486.0
1650161776,0.0,0.0003107255,0.0,1.7940998077392578e-05,1.7702579498291016e-05,279.0,438.0
1650161777,0.0,0.0003107255,0.0,1.7940998077392578e-05,1.7702579498291016e-05,279.0,438.0
1650161778,0.0,0.000505597,0.005,1.677870750427246e-05,1.65402889251709e-05,624.0,868.0
1650161779,0.0,0.000572872,0.0,1.58846378326416e-05,1.564621925354004e-05,682.0,792.0
1650161780,0.0,0.000572872,0.0,1.58846378326416e-05,1.564621925354004e-05,682.0,792.0
1650161781,0.0,0.000599243,0.0,1.6033649444580078e-05,1.5795230865478516e-05,439.0,439.0
1650161782,0.0,0.001755367,0.0,1.6003847122192383e-05,1.576542854309082e-05,1025.0,944.0
1650161783,0.0,0.001755367,0.0,1.6003847122192383e-05,1.576542854309082e-05,1025.0,944.0
1650161784,0.0,0.0004953335,0.0,1.6510486602783203e-05,1.627206802368164e-05,171.5,37.0
1650161785,0.0,0.000563807,0.0,1.615285873413086e-05,1.5914440155029297e-05,484.0,612.0
1650161786,0.0,0.000563807,0.0,1.615285873413086e-05,1.5914440155029297e-05,484.0,612.0
1650161787,0.0,0.0011212335,0.0,1.6748905181884766e-05,1.6510486602783203e-05,643.0,997.0
1650161788,0.0,0.001453938,0.0,1.761317253112793e-05,1.7374753952026367e-05,533.0,600.0
1650161789,0.0,0.001453938,0.0,1.761317253112793e-05,1.7374753952026367e-05,533.0,600.0
1650161790,0.0,0.00085708,0.0,1.755356788635254e-05,1.7315149307250977e-05,539.5,784.0
1650161791,0.0,0.001465915,0.0,1.829862594604492e-05,1.806020736694336e-05,1059.0,1116.0
1650161792,0.0,0.001465915,0.0,1.829862594604492e-05,1.806020736694336e-05,1059.0,1116.0
1650161793,0.0,0.000473787,0.0,1.829862594604492e-05,1.806020736694336e-05,413.5,346.0
1650161794,0.0,0.000645388,0.0,1.7970800399780273e-05,1.773238182067871e-05,558.0,876.0
1650161795,0.0,0.000309284,0.0,1.761317253112793e-05,1.7374753952026367e-05,698.0,824.0
1650161796,0.0,0.000814189,0.0,1.6570091247558594e-05,1.633167266845703e-05,814.0,1120.0
1650161797,0.0,0.000814189,0.0,1.6570091247558594e-05,1.633167266845703e-05,814.0,1120.0
1650161798,0.0,0.0006980795,0.0,1.704692840576172e-05,1.6808509826660156e-05,512.5,499.0
1650161799,0.0,0.000183981,0.0,1.6063451766967773e-05,1.582503318786621e-05,338.0,410.0
1650161800,0.0,0.000183981,0.0,1.6063451766967773e-05,1.582503318786621e-05,338.0,410.0
1650161801,0.0,0.0007325025,0.0,1.6063451766967773e-05,1.582503318786621e-05,475.5,437.0
1650161802,0.0,0.000874083,0.0,1.7315149307250977e-05,1.7076730728149414e-05,417.0,148.0
1650161803,0.0,0.000662186,0.0,1.621246337890625e-05,1.5974044799804688e-05,484.0,612.0
1650161804,0.0,0.000839376,0.0,1.665949821472168e-05,1.6421079635620117e-05,607.0,600.0
1650161805,0.0,0.000839376,0.0,1.665949821472168e-05,1.6421079635620117e-05,607.0,600.0
1650161806,0.0,0.0014094755,0.005,1.984834671020508e-05,1.960992813110352e-05,605.5,606.0
1650161807,0.01,0.001507351,0.0,1.7642974853515625e-05,1.7404556274414062e-05,613.0,774.0
1650161808,0.0,0.000221605,0.0,1.7583370208740234e-05,1.7344951629638672e-05,412.0,740.0
1650161809,0.0,0.000221605,0.0,1.7583370208740234e-05,1.7344951629638672e-05,412.0,740.0
1650161810,0.0,0.0005919285,0.0,1.829862594604492e-05,1.806020736694336e-05,375.5,478.0
1650161811,0.0,0.001094046,0.0,1.829862594604492e-05,1.806020736694336e-05,1057.0,906.0
1650161812,0.0,0.001094046,0.0,1.829862594604492e-05,1.806020736694336e-05,1057.0,906.0
1650161813,0.0,0.000327214,0.0,1.7940998077392578e-05,1.7702579498291016e-05,312.0,492.0
1650161814,0.0,0.000363006,0.0,1.761317253112793e-05,1.7374753952026367e-05,698.0,662.0
1650161815,0.0,0.000363006,0.0,1.761317253112793e-05,1.7374753952026367e-05,698.0,662.0
1650161816,0.0,0.000859018,0.0,1.5914440155029297e-05,1.5676021575927734e-05,649.0,825.0
1650161817,0.0,0.001218962,0.0,1.6063451766967773e-05,1.582503318786621e-05,877.0,878.0
1650161818,0.0,0.001052021,0.0,1.7017126083374023e-05,1.677870750427246e-05,541.0,336.0
1650161819,0.0,0.001052021,0.0,1.7017126083374023e-05,1.677870750427246e-05,541.0,336.0
1650161820,0.0,0.000306375,0.0,1.6063451766967773e-05,1.582503318786621e-05,242.0,305.0
1650161821,0.0,0.001510446,0.0,1.6182661056518555e-05,1.5944242477416992e-05,827.0,686.0
1650161822,0.0,0.001510446,0.0,1.6182661056518555e-05,1.5944242477416992e-05,827.0,686.0
1650161823,0.0,0.001185403,0.0,1.671910285949707e-05,1.6480684280395508e-05,603.5,606.0
1650161824,0.0,0.001370853,0.0,1.84476375579834e-05,1.820921897888184e-05,532.0,600.0
1650161825,0.0,0.001370853,0.0,1.84476375579834e-05,1.820921897888184e-05,532.0,600.0
1650161826,0.0,0.0008510905,0.0,1.7583370208740234e-05,1.7344951629638672e-05,478.5,1282.5
1650161827,0.0,0.0008510905,0.0,1.7583370208740234e-05,1.7344951629638672e-05,478.5,1282.5
1650161828,0.0,0.000643669,0.0,1.8358230590820312e-05,1.811981201171875e-05,249.5,188.0
1650161829,0.0,0.001072853,0.0,1.829862594604492e-05,1.806020736694336e-05,1386.0,1378.0
1650161830,0.0,0.001072853,0.0,1.829862594604492e-05,1.806020736694336e-05,1386.0,1378.0
1650161831,0.0,0.000277602,0.0,1.7940998077392578e-05,1.7702579498291016e-05,300.0,458.5
1650161832,0.0,0.00152498,0.0,1.6927719116210938e-05,1.6689300537109375e-05,1290.0,1723.0
1650161833,0.0,0.00152498,0.0,1.6927719116210938e-05,1.6689300537109375e-05,1290.0,1723.0
1650161834,0.0,0.0003969375,0.0,1.58846378326416e-05,1.564621925354004e-05,329.0,416.5
1650161835,0.0,0.000970691,0.0,1.6242265701293945e-05,1.6003847122192383e-05,541.0,468.0
1650161836,0.0,0.000970691,0.0,1.6242265701293945e-05,1.6003847122192383e-05,541.0,468.0
1650161837,0.0,0.0005587325,0.0,1.6391277313232422e-05,1.615285873413086e-05,439.0,767.5
1650161838,0.0,0.000552362,0.0,1.6003847122192383e-05,1.576542854309082e-05,484.0,612.0
1650161839,0.0,0.000552362,0.0,1.6003847122192383e-05,1.576542854309082e-05,484.0,612.0
1650161840,0.0,0.0007029975,0.0,1.615285873413086e-05,1.5914440155029297e-05,413.5,343.0
1650161841,0.0,0.000868524,0.0,1.6629695892333984e-05,1.6391277313232422e-05,837.0,803.0
1650161842,0.0,0.000868524,0.0,1.6629695892333984e-05,1.6391277313232422e-05,837.0,803.0
1650161843,0.0,0.0025624895,0.0,1.6689300537109375e-05,1.6450881958007812e-05,1518.0,1876.5
1650161844,0.0,0.0025624895,0.0,1.6689300537109375e-05,1.6450881958007812e-05,1518.0,1876.5
1650161845,0.0,0.001388325,0.0,1.6510486602783203e-05,1.627206802368164e-05,985.5,1089.0
1650161846,0.0,0.002786039,0.01,1.6510486602783203e-05,1.627206802368164e-05,1707.0,2046.0
1650161847,0.0,0.002786039,0.01,1.6510486602783203e-05,1.627206802368164e-05,1707.0,2046.0
1650161848,0.0,0.0013435035,0.0,1.5407800674438477e-05,1.5169382095336914e-05,956.5,1272.0
1650161849,0.0,0.0013435035,0.0,1.5407800674438477e-05,1.5169382095336914e-05,956.5,1272.0
1650161850,0.0,0.002150877,0.0,1.531839370727539e-05,1.5079975128173828e-05,1334.5,1704.0
1650161851,0.0,0.001016693,0.0,1.5437602996826172e-05,1.519918441772461e-05,621.0,800.0
1650161852,0.01,0.00193773,0.0,1.5407800674438477e-05,1.5169382095336914e-05,962.0,1452.0
1650161853,0.0,0.002865667,0.01,1.537799835205078e-05,1.513957977294922e-05,1442.0,4306.0
1650161854,0.0,0.002438415,0.0,1.5407800674438477e-05,1.5169382095336914e-05,1374.0,1598.0
1650161855,0.0,0.002438415,0.0,1.5407800674438477e-05,1.5169382095336914e-05,1374.0,1598.0
1650161856,0.0,0.0018380815,0.0,1.537799835205078e-05,1.513957977294922e-05,1094.0,1319.0
1650161857,0.0,0.0018380815,0.0,1.537799835205078e-05,1.513957977294922e-05,1094.0,1319.0
1650161858,0.0,0.0012565525,0.0,1.537799835205078e-05,1.513957977294922e-05,721.5,989.5
1650161859,0.0,0.004475607,0.0,1.537799835205078e-05,1.513957977294922e-05,2404.0,3298.0
1650161860,0.0,0.004475607,0.0,1.537799835205078e-05,1.513957977294922e-05,2404.0,3298.0
1650161861,0.0,0.000931921,0.0,1.519918441772461e-05,1.4960765838623049e-05,546.5,659.0
1650161862,0.0,0.00182243,0.0,1.537799835205078e-05,1.513957977294922e-05,1102.0,1525.0
1650161863,0.0,0.00182243,0.0,1.537799835205078e-05,1.513957977294922e-05,1102.0,1525.0
1650161864,0.0,0.0010020245,0.0,1.531839370727539e-05,1.5079975128173828e-05,481.0,1402.0
1650161865,0.0,0.003524613,0.0,1.537799835205078e-05,1.513957977294922e-05,1986.0,2258.0
1650161866,0.0,0.003524613,0.0,1.537799835205078e-05,1.513957977294922e-05,1986.0,2258.0
1650161867,0.0,0.001712392,0.0,1.537799835205078e-05,1.513957977294922e-05,1027.5,1320.0
1650161868,0.0,0.001712392,0.0,1.537799835205078e-05,1.513957977294922e-05,1027.5,1320.0
1650161869,0.005,0.000917152,0.0,1.537799835205078e-05,1.513957977294922e-05,501.5,680.0
1650161870,0.005,0.000917152,0.0,1.537799835205078e-05,1.513957977294922e-05,501.5,680.0
1650161871,0.0,0.0017722655,0.0,1.621246337890625e-05,1.5974044799804688e-05,961.0,1318.0
1650161872,0.0,0.000982723,0.0,1.519918441772461e-05,1.4960765838623049e-05,612.0,659.0
1650161873,0.0,0.000982723,0.0,1.519918441772461e-05,1.4960765838623049e-05,612.0,659.0
1650161874,0.0,0.0010138875,0.0,1.537799835205078e-05,1.513957977294922e-05,551.0,1632.5
1650161875,0.0,0.002035701,0.0,1.531839370727539e-05,1.5079975128173828e-05,1270.0,1310.0
1650161876,0.0,0.002035701,0.0,1.531839370727539e-05,1.5079975128173828e-05,1270.0,1310.0
1650161877,0.0,0.0008134735,0.0,1.5527009963989258e-05,1.5288591384887695e-05,772.0,486.0
1650161878,0.0,0.000552059,0.0,1.58846378326416e-05,1.564621925354004e-05,516.0,78.0
1650161879,0.0,0.000479376,0.0,1.5527009963989258e-05,1.5288591384887695e-05,788.0,868.0
1650161880,0.0,0.000479376,0.0,1.5527009963989258e-05,1.5288591384887695e-05,788.0,868.0
1650161881,0.0,0.0004179625,0.0,1.5527009963989258e-05,1.5288591384887695e-05,721.0,375.0
1650161882,0.0,0.0004179625,0.0,1.5527009963989258e-05,1.5288591384887695e-05,721.0,375.0
1650161883,0.0,0.0005841275,0.0,1.5527009963989258e-05,1.5288591384887695e-05,463.0,741.0
1650161884,0.0,0.000702216,0.0,1.570582389831543e-05,1.5467405319213867e-05,305.0,327.0
1650161885,0.0,0.00099834,0.0,1.5944242477416992e-05,1.570582389831543e-05,305.0,327.0
1650161886,0.0,0.000278225,0.0,1.570582389831543e-05,1.5467405319213867e-05,176.0,323.0
1650161887,0.0,0.000278225,0.0,1.570582389831543e-05,1.5467405319213867e-05,176.0,323.0
1650161888,0.0,0.000890048,0.0,1.58846378326416e-05,1.564621925354004e-05,428.5,335.5
1650161889,0.0,0.000368949,0.0,1.570582389831543e-05,1.5467405319213867e-05,344.0,387.0
1650161890,0.0,0.000368949,0.0,1.570582389831543e-05,1.5467405319213867e-05,344.0,387.0
1650161891,0.0,0.0004676185,0.0,1.58846378326416e-05,1.564621925354004e-05,281.5,204.5
1650161892,0.0,0.0004676185,0.0,1.58846378326416e-05,1.564621925354004e-05,281.5,204.5
1650161893,0.0,0.0006010795,0.0,1.5735626220703125e-05,1.5497207641601562e-05,390.5,460.5
1650161894,0.01,0.000663147,0.0,1.58846378326416e-05,1.564621925354004e-05,437.0,391.0
1650161895,0.0,0.001144201,0.0,1.5735626220703125e-05,1.5497207641601562e-05,789.0,993.0
1650161896,0.0,0.001144201,0.0,1.5735626220703125e-05,1.5497207641601562e-05,789.0,993.0
1650161897,0.0,0.0007815115,0.0,1.58846378326416e-05,1.564621925354004e-05,397.0,464.5
1650161898,0.0,0.0,0.0,1.58846378326416e-05,1.564621925354004e-05,0.0,0.0
1650161899,0.0,0.0,0.0,1.58846378326416e-05,1.564621925354004e-05,0.0,0.0
1650161900,0.0,0.0,0.0,1.58846378326416e-05,1.564621925354004e-05,0.0,0.0
1650161901,0.0,0.0008582023333333,0.0033333333333333,1.6301870346069336e-05,1.6063451766967773e-05,709.6666666666666,496.0
1650161902,0.0,0.0008582023333333,0.0033333333333333,1.6301870346069336e-05,1.6063451766967773e-05,709.6666666666666,496.0
1650161903,0.0,0.0007168805,0.0,1.6391277313232422e-05,1.615285873413086e-05,446.5,399.0
1650161904,0.0,0.002216091,0.0,1.6033649444580078e-05,1.5795230865478516e-05,1662.0,1645.0
1650161905,0.0,0.000630956,0.0,1.621246337890625e-05,1.5974044799804688e-05,516.0,347.0
1650161906,0.0,0.001136397,0.0,1.621246337890625e-05,1.5974044799804688e-05,677.0,730.0
1650161907,0.0,0.001136397,0.0,1.621246337890625e-05,1.5974044799804688e-05,677.0,730.0
1650161908,0.005,0.0010751085,0.0,1.621246337890625e-05,1.5974044799804688e-05,480.0,626.0
1650161909,0.005,0.0010751085,0.0,1.621246337890625e-05,1.5974044799804688e-05,480.0,626.0
1650161910,0.0,0.0004462385,0.0,1.6182661056518555e-05,1.5944242477416992e-05,346.5,438.0
1650161911,0.0,0.000475566,0.0,1.5854835510253906e-05,1.5616416931152344e-05,504.0,324.0
1650161912,0.0,0.000475566,0.0,1.5854835510253906e-05,1.5616416931152344e-05,504.0,324.0
1650161913,0.0,0.000766045,0.0,1.6033649444580078e-05,1.5795230865478516e-05,327.5,489.5
1650161914,0.0,0.001484014,0.0,1.621246337890625e-05,1.5974044799804688e-05,1553.0,874.0
1650161915,0.0,0.001484014,0.0,1.621246337890625e-05,1.5974044799804688e-05,1553.0,874.0
1650161916,0.0,0.0005402435,0.0,1.621246337890625e-05,1.5974044799804688e-05,416.0,407.0
1650161917,0.0,0.000811061,0.0,1.6391277313232422e-05,1.615285873413086e-05,953.0,425.0
1650161918,0.0,0.000620377,0.0,1.609325408935547e-05,1.5854835510253906e-05,564.0,441.0
1650161919,0.0,0.0,0.0,1.6033649444580078e-05,1.5795230865478516e-05,74.0,0.0
1650161920,0.0,0.0,0.0,1.6033649444580078e-05,1.5795230865478516e-05,74.0,0.0
1650161921,0.0,0.00129101,0.0,1.6391277313232422e-05,1.615285873413086e-05,585.0,269.0
1650161922,0.0,0.00129101,0.0,1.6391277313232422e-05,1.615285873413086e-05,585.0,269.0
1650161923,0.0,0.0006436975,0.0,1.6927719116210938e-05,1.6689300537109375e-05,273.0,546.5
1650161924,0.0,0.000679765,0.0,1.665949821472168e-05,1.6421079635620117e-05,750.0,620.0
1650161925,0.0,0.000679765,0.0,1.665949821472168e-05,1.6421079635620117e-05,750.0,620.0
1650161926,0.0,0.0007864205,0.0,1.677870750427246e-05,1.65402889251709e-05,592.5,438.0
1650161927,0.0,0.0007864205,0.0,1.677870750427246e-05,1.65402889251709e-05,592.5,438.0
1650161928,0.0,0.001256006,0.0,1.7136335372924805e-05,1.6897916793823242e-05,891.0,768.0
1650161929,0.0,0.002154322,0.0,1.6957521438598633e-05,1.671910285949707e-05,1671.0,1252.0
1650161930,0.0,0.000594974,0.0,1.7136335372924805e-05,1.6897916793823242e-05,445.0,333.0
1650161931,0.0,0.0,0.0,1.7136335372924805e-05,1.6897916793823242e-05,0.0,0.0
1650161932,0.0,0.0,0.0,1.7136335372924805e-05,1.6897916793823242e-05,0.0,0.0
1650161933,0.0,0.0,0.0,1.7136335372924805e-05,1.6897916793823242e-05,0.0,0.0
1650161934,0.0,0.0014030323333333,0.0,1.704692840576172e-05,1.6808509826660156e-05,1259.0,1370.6666666666667
1650161935,0.0,0.0014030323333333,0.0,1.704692840576172e-05,1.6808509826660156e-05,1259.0,1370.6666666666667
1650161936,0.0,0.0,0.0,1.704692840576172e-05,1.6808509826660156e-05,236.0,65.0
1650161937,0.0,0.0,0.0,1.704692840576172e-05,1.6808509826660156e-05,236.0,65.0
1650161938,0.0,0.0008865375,0.0,1.704692840576172e-05,1.6808509826660156e-05,674.5,362.0
1650161939,0.0,0.000302523,0.0,1.683831214904785e-05,1.659989356994629e-05,481.0,471.0
1650161940,0.0,0.000302523,0.0,1.683831214904785e-05,1.659989356994629e-05,481.0,471.0
1650161941,0.0,0.0005231835,0.0,1.722574234008789e-05,1.6987323760986328e-05,560.0,167.5
1650161942,0.0,0.0,0.0,1.722574234008789e-05,1.6987323760986328e-05,277.0,0.0
1650161943,0.0,0.003676424,0.0,1.7404556274414062e-05,1.71661376953125e-05,2107.0,1892.0
1650161944,0.0,0.003676424,0.0,1.7404556274414062e-05,1.71661376953125e-05,2107.0,1892.0
1650161945,0.0,0.0001647515,0.0,1.7136335372924805e-05,1.6897916793823242e-05,794.0,201.5
1650161946,0.0,0.00101675,0.0,1.7315149307250977e-05,1.7076730728149414e-05,772.0,469.0
1650161947,0.0,0.00101675,0.0,1.7315149307250977e-05,1.7076730728149414e-05,772.0,469.0
1650161948,0.0,0.0,0.0,1.7136335372924805e-05,1.6897916793823242e-05,295.0,39.0
1650161949,0.0,0.000518735,0.0,1.6957521438598633e-05,1.671910285949707e-05,316.0,399.0
1650161950,0.0,0.000518735,0.0,1.6957521438598633e-05,1.671910285949707e-05,316.0,399.0
1650161951,0.0,0.000303777,0.0,1.7136335372924805e-05,1.6897916793823242e-05,314.5,166.5
1650161952,0.0,0.000862437,0.0,1.7315149307250977e-05,1.7076730728149414e-05,516.0,269.0
1650161953,0.0,0.000862437,0.0,1.7315149307250977e-05,1.7076730728149414e-05,516.0,269.0
1650161954,0.0,0.0006231775,0.0,1.7315149307250977e-05,1.7076730728149414e-05,390.0,730.0
1650161955,0.0,0.0006231775,0.0,1.7315149307250977e-05,1.7076730728149414e-05,390.0,730.0
1650161956,0.0,0.001272074,0.0,1.7851591110229492e-05,1.761317253112793e-05,709.0,478.5
1650161957,0.0,0.002113547,0.0,1.7136335372924805e-05,1.6897916793823242e-05,1565.0,1711.0
1650161958,0.0,0.002113547,0.0,1.7136335372924805e-05,1.6897916793823242e-05,1565.0,1711.0
1650161959,0.0,0.000521178,0.0,1.6987323760986328e-05,1.6748905181884766e-05,411.5,357.0
1650161960,0.0,0.000947359,0.0,1.7136335372924805e-05,1.6897916793823242e-05,1164.0,470.0
1650161961,0.0,0.000860697,0.0,1.7136335372924805e-05,1.6897916793823242e-05,962.0,946.0
1650161962,0.0,0.000860697,0.0,1.7136335372924805e-05,1.6897916793823242e-05,962.0,946.0
1650161963,0.0,0.000376673,0.0,1.7315149307250977e-05,1.7076730728149414e-05,155.5,167.5
1650161964,0.0,0.000376673,0.0,1.7315149307250977e-05,1.7076730728149414e-05,155.5,167.5
1650161965,0.0,0.00071206,0.005,1.755356788635254e-05,1.7315149307250977e-05,525.0,308.5
1650161966,0.0,0.000168081,0.0,1.7374753952026367e-05,1.7136335372924805e-05,360.0,257.0
1650161967,0.0,0.000168081,0.0,1.7374753952026367e-05,1.7136335372924805e-05,360.0,257.0
1650161968,0.0,0.001080857,0.0,1.77919864654541e-05,1.755356788635254e-05,608.5,549.0
1650161969,0.0,0.001080857,0.0,1.77919864654541e-05,1.755356788635254e-05,608.5,549.0
1650161970,0.0,0.000711904,0.0,1.7940998077392578e-05,1.7702579498291016e-05,555.5,361.0
1650161971,0.0,0.002453182,0.0,1.728534698486328e-05,1.704692840576172e-05,1944.0,1544.0
1650161972,0.0,0.002453182,0.0,1.728534698486328e-05,1.704692840576172e-05,1944.0,1544.0
1650161973,0.0,0.0005243075,0.0,1.728534698486328e-05,1.704692840576172e-05,491.0,357.0
1650161974,0.0,0.0005243075,0.0,1.728534698486328e-05,1.704692840576172e-05,491.0,357.0
1650161975,0.0,0.0005164145,0.0,1.710653305053711e-05,1.6868114471435547e-05,478.5,400.5
1650161976,0.0,0.001808384,0.0,1.710653305053711e-05,1.6868114471435547e-05,1526.0,1410.0
1650161977,0.0,0.001808384,0.0,1.710653305053711e-05,1.6868114471435547e-05,1526.0,1410.0
1650161978,0.005,0.0009489725,0.0,1.7076730728149414e-05,1.683831214904785e-05,542.0,460.0
1650161979,0.005,0.0009489725,0.0,1.7076730728149414e-05,1.683831214904785e-05,542.0,460.0
1650161980,0.0,0.001155524,0.0,1.6391277313232422e-05,1.615285873413086e-05,883.5,670.5
1650161981,0.0,0.001155524,0.0,1.6391277313232422e-05,1.615285873413086e-05,883.5,670.5
1650161982,0.0,0.00061387,0.0,1.6391277313232422e-05,1.615285873413086e-05,601.5,338.0
1650161983,0.0,0.00061387,0.0,1.6391277313232422e-05,1.615285873413086e-05,601.5,338.0
1650161984,0.0,4.8805e-05,0.0,1.6391277313232422e-05,1.615285873413086e-05,240.0,39.0
1650161985,0.0,0.000930208,0.0,1.65402889251709e-05,1.6301870346069336e-05,585.0,597.0
1650161986,0.0,0.000930208,0.0,1.65402889251709e-05,1.6301870346069336e-05,585.0,597.0
1650161987,0.0,0.0010952885,0.0,1.6689300537109375e-05,1.6450881958007812e-05,938.0,625.0
1650161988,0.0,0.000455133,0.0,1.6361474990844727e-05,1.6123056411743164e-05,658.0,684.0
1650161989,0.0,0.001814512,0.0,1.6361474990844727e-05,1.6123056411743164e-05,1267.0,1212.0
1650161990,0.0,0.001814512,0.0,1.6361474990844727e-05,1.6123056411743164e-05,1267.0,1212.0
1650161991,0.0,0.0004844125,0.005,1.633167266845703e-05,1.609325408935547e-05,313.5,238.0
1650161992,0.0,0.00099014,0.0,1.6510486602783203e-05,1.627206802368164e-05,481.0,391.0
1650161993,0.0,0.00099014,0.0,1.6510486602783203e-05,1.627206802368164e-05,481.0,391.0
1650161994,0.0,0.0009392215,0.005,1.6063451766967773e-05,1.582503318786621e-05,786.5,570.0
1650161995,0.0,0.0009392215,0.005,1.6063451766967773e-05,1.582503318786621e-05,786.5,570.0
1650161996,0.0,0.000385666,0.0,1.6361474990844727e-05,1.6123056411743164e-05,467.0,231.5
1650161997,0.0,0.000385666,0.0,1.6361474990844727e-05,1.6123056411743164e-05,467.0,231.5
1650161998,0.0,0.0005551605,0.0,1.671910285949707e-05,1.6480684280395508e-05,516.0,177.5
1650161999,0.0,0.001181976,0.0,1.677870750427246e-05,1.65402889251709e-05,924.0,824.0
1650162000,0.0,0.001181976,0.0,1.677870750427246e-05,1.65402889251709e-05,924.0,824.0
1650162001,0.0,0.0,0.0,1.671910285949707e-05,1.6480684280395508e-05,55.0,39.0
1650162002,0.0,0.001658121,0.0,1.7017126083374023e-05,1.677870750427246e-05,1039.0,1069.0
1650162003,0.0,0.000787953,0.0,1.7195940017700195e-05,1.6957521438598633e-05,378.0,398.0
1650162004,0.0,0.000787953,0.0,1.7195940017700195e-05,1.6957521438598633e-05,378.0,398.0
1650162005,0.0,0.0003706445,0.0,1.6182661056518555e-05,1.5944242477416992e-05,267.0,292.5
1650162006,0.0,0.0003706445,0.0,1.6182661056518555e-05,1.5944242477416992e-05,267.0,292.5
1650162007,0.0,0.0012428775,0.0,1.5556812286376953e-05,1.531839370727539e-05,1073.5,1160.0
1650162008,0.0,0.001692783,0.0,1.558661460876465e-05,1.5348196029663086e-05,1268.0,1494.0
1650162009,0.0,0.001929369,0.0,1.5348196029663086e-05,1.5109777450561523e-05,1160.0,1583.0
1650162010,0.0,0.001929369,0.0,1.5348196029663086e-05,1.5109777450561523e-05,1160.0,1583.0
1650162011,0.0,0.000859178,0.0,1.5348196029663086e-05,1.5109777450561523e-05,481.0,659.0
1650162012,0.0,0.003186794,0.0,1.5407800674438477e-05,1.5169382095336914e-05,1921.0,2453.0
1650162013,0.0,0.002824586,0.0,1.5348196029663086e-05,1.5109777450561523e-05,1574.0,2577.0
1650162014,0.0,0.002824586,0.0,1.5348196029663086e-05,1.5109777450561523e-05,1574.0,2577.0
1650162015,0.0,0.001795637,0.0,1.5407800674438477e-05,1.5169382095336914e-05,961.5,1319.0
1650162016,0.0,0.001795637,0.0,1.5407800674438477e-05,1.5169382095336914e-05,961.5,1319.0
1650162017,0.0,0.0004418795,0.0,1.5348196029663086e-05,1.5109777450561523e-05,240.5,396.0
1650162018,0.0,0.002121997,0.0,1.5348196029663086e-05,1.5109777450561523e-05,1168.0,1460.0
1650162019,0.0,0.002527338,0.01,1.5348196029663086e-05,1.5109777450561523e-05,1572.0,1980.0
1650162020,0.0,0.002527338,0.01,1.5348196029663086e-05,1.5109777450561523e-05,1572.0,1980.0
1650162021,0.0,0.0004370955,0.0,1.5348196029663086e-05,1.5109777450561523e-05,240.5,329.5
1650162022,0.0,0.005259652,0.01,1.5437602996826172e-05,1.519918441772461e-05,2815.0,3708.0
1650162023,0.0,0.002834062,0.0,1.5348196029663086e-05,1.5109777450561523e-05,1640.0,3914.0
1650162024,0.0,0.002834062,0.0,1.5348196029663086e-05,1.5109777450561523e-05,1640.0,3914.0
1650162025,0.005,0.0027769355,0.0,1.5348196029663086e-05,1.5109777450561523e-05,1443.0,1979.0
1650162026,0.005,0.0027769355,0.0,1.5348196029663086e-05,1.5109777450561523e-05,1443.0,1979.0
1650162027,0.0,0.0012866225,0.0,1.5348196029663086e-05,1.5109777450561523e-05,721.5,989.0
1650162028,0.0,0.002103787,0.0,1.5348196029663086e-05,1.5109777450561523e-05,1102.0,1592.0
1650162029,0.0,0.002103787,0.0,1.5348196029663086e-05,1.5109777450561523e-05,1102.0,1592.0
1650162030,0.0,0.002092924,0.0,1.5348196029663086e-05,1.5109777450561523e-05,1301.0,1650.0
1650162031,0.0,0.001680987,0.0,1.5407800674438477e-05,1.5169382095336914e-05,962.0,1320.0
1650162032,0.0,0.001680987,0.0,1.5407800674438477e-05,1.5169382095336914e-05,962.0,1320.0
1650162033,0.0,0.0021725205,0.0,1.5407800674438477e-05,1.5169382095336914e-05,1168.0,2067.0
1650162034,0.0,0.0021725205,0.0,1.5407800674438477e-05,1.5169382095336914e-05,1168.0,2067.0
1650162035,0.0,0.0018210725,0.0,1.5348196029663086e-05,1.5109777450561523e-05,1061.0,1417.5
1650162036,0.0,0.00237474,0.0,1.5348196029663086e-05,1.5109777450561523e-05,1443.0,1978.0
1650162037,0.0,0.00237474,0.0,1.5348196029663086e-05,1.5109777450561523e-05,1443.0,1978.0
1650162038,0.0,0.00177978,0.0,1.5348196029663086e-05,1.5109777450561523e-05,961.5,1386.0
1650162039,0.0,0.00177978,0.0,1.5348196029663086e-05,1.5109777450561523e-05,961.5,1386.0
1650162040,0.0,0.0009839345,0.0,1.5348196029663086e-05,1.5109777450561523e-05,584.0,730.0
1650162041,0.0,0.002774571,0.0,1.5348196029663086e-05,1.5109777450561523e-05,1574.0,1980.0
1650162042,0.0,0.002774571,0.0,1.5348196029663086e-05,1.5109777450561523e-05,1574.0,1980.0
1650162043,0.0,0.001276946,0.0,1.5407800674438477e-05,1.5169382095336914e-05,721.0,2166.5
1650162044,0.01,0.00273303,0.0,1.5348196029663086e-05,1.5109777450561523e-05,1851.0,2391.0
1650162045,0.0,0.001550034,0.0,1.5348196029663086e-05,1.5109777450561523e-05,1094.0,1451.0
1650162046,0.0,0.00152697,0.0,1.5348196029663086e-05,1.5109777450561523e-05,1028.0,1386.0
1650162047,0.0,0.00152697,0.0,1.5348196029663086e-05,1.5109777450561523e-05,1028.0,1386.0
1650162048,0.0,0.0007652675,0.0,1.5348196029663086e-05,1.5109777450561523e-05,502.0,680.0
1650162049,0.0,0.002997491,0.01,1.5348196029663086e-05,1.5109777450561523e-05,1922.0,2636.0
1650162050,0.0,0.000882811,0.0,1.5348196029663086e-05,1.5109777450561523e-05,480.0,790.0
1650162051,0.0,0.000882811,0.0,1.5348196029663086e-05,1.5109777450561523e-05,480.0,790.0
1650162052,0.0,0.0016349705,0.0,1.5348196029663086e-05,1.5109777450561523e-05,1131.0,1389.5
1650162053,0.0,0.001779986,0.0,1.5348196029663086e-05,1.5109777450561523e-05,962.0,2708.0
1650162054,0.01,0.00277303,0.0,1.5348196029663086e-05,1.5109777450561523e-05,1854.0,2392.0
1650162055,0.0,0.001434195,0.0,1.5348196029663086e-05,1.5109777450561523e-05,1093.0,1450.0
1650162056,0.0,0.001434195,0.0,1.5348196029663086e-05,1.5109777450561523e-05,1093.0,1450.0
1650162057,0.0,0.000827682,0.0,1.5348196029663086e-05,1.5109777450561523e-05,514.0,693.0
1650162058,0.0,0.002137835,0.0,1.5348196029663086e-05,1.5109777450561523e-05,1443.0,1980.0
1650162059,0.0,0.002137835,0.0,1.5348196029663086e-05,1.5109777450561523e-05,1443.0,1980.0
1650162060,0.0,0.0003807095,0.0,1.5348196029663086e-05,1.5109777450561523e-05,240.5,329.5
1650162061,0.0,0.003638199,0.01,1.5348196029663086e-05,1.5109777450561523e-05,1583.0,2252.0
1650162062,0.0,0.003638199,0.01,1.5348196029663086e-05,1.5109777450561523e-05,1583.0,2252.0
1650162063,0.0,0.001232662,0.0,1.5348196029663086e-05,1.5109777450561523e-05,820.5,1684.5
1650162064,0.0,0.002197529,0.0,1.537799835205078e-05,1.513957977294922e-05,1443.0,1980.0
1650162065,0.0,0.002197529,0.0,1.537799835205078e-05,1.513957977294922e-05,1443.0,1980.0
1650162066,0.005,0.00098344,0.0,1.5348196029663086e-05,1.5109777450561523e-05,687.0,865.5
1650162067,0.0,0.001437182,0.0,1.5348196029663086e-05,1.5109777450561523e-05,1094.0,1452.0
1650162068,0.0,0.00240814,0.0,1.5348196029663086e-05,1.5109777450561523e-05,1508.0,2043.0
1650162069,0.0,0.00240814,0.0,1.5348196029663086e-05,1.5109777450561523e-05,1508.0,2043.0
1650162070,0.0,0.000361595,0.0,1.5348196029663086e-05,1.5109777450561523e-05,240.5,330.0
1650162071,0.0,0.002226396,0.0,1.5348196029663086e-05,1.5109777450561523e-05,1442.0,1979.0
1650162072,0.0,0.002226396,0.0,1.5348196029663086e-05,1.5109777450561523e-05,1442.0,1979.0
1650162073,0.0,0.0027555615,0.0,1.5407800674438477e-05,1.5169382095336914e-05,1610.5,2657.0
1650162074,0.0,0.0027555615,0.0,1.5407800674438477e-05,1.5169382095336914e-05,1610.5,2657.0
1650162075,0.005,0.000759203,0.0,1.5348196029663086e-05,1.5109777450561523e-05,481.0,659.5
1650162076,0.0,0.001826093,0.0,1.5169382095336914e-05,1.4930963516235352e-05,1094.0,1451.0
1650162077,0.0,0.001826093,0.0,1.5169382095336914e-05,1.4930963516235352e-05,1094.0,1451.0
1650162078,0.0,0.001820678,0.0,1.5348196029663086e-05,1.5109777450561523e-05,1201.0,1558.0
1650162079,0.0,0.001507514,0.0,1.537799835205078e-05,1.513957977294922e-05,962.0,1319.0
1650162080,0.01,0.002269916,0.0,1.5348196029663086e-05,1.5109777450561523e-05,1443.0,1979.0
1650162081,0.01,0.002269916,0.0,1.5348196029663086e-05,1.5109777450561523e-05,1443.0,1979.0
1650162082,0.005,0.001231641,0.0,1.5467405319213867e-05,1.5228986740112305e-05,721.5,1056.0
1650162083,0.005,0.001231641,0.0,1.5467405319213867e-05,1.5228986740112305e-05,721.5,1056.0
1650162084,0.0,0.000982659,0.01,1.5348196029663086e-05,1.5109777450561523e-05,584.0,1755.0
1650162085,0.0,0.001406802,0.0,1.5348196029663086e-05,1.5109777450561523e-05,1094.0,1320.0
1650162086,0.0,0.001406802,0.0,1.5348196029663086e-05,1.5109777450561523e-05,1094.0,1320.0
1650162087,0.0,0.0007814975,0.0,1.5348196029663086e-05,1.5109777450561523e-05,481.0,660.0
1650162088,0.0,0.000928992,0.0,1.5169382095336914e-05,1.4930963516235352e-05,655.0,834.0
1650162089,0.0,0.00249052,0.0,1.5348196029663086e-05,1.5109777450561523e-05,1855.0,2392.0
1650162090,0.0,0.00249052,0.0,1.5348196029663086e-05,1.5109777450561523e-05,1855.0,2392.0
1650162091,0.0,0.000815912,0.0,1.5348196029663086e-05,1.5109777450561523e-05,513.5,692.0
1650162092,0.0,0.000815912,0.0,1.5348196029663086e-05,1.5109777450561523e-05,513.5,692.0
1650162093,0.0,0.001916799,0.0,1.537799835205078e-05,1.513957977294922e-05,1202.5,1949.5
1650162094,0.0,0.001875655,0.0,1.537799835205078e-05,1.513957977294922e-05,1167.0,1460.0
1650162095,0.0,0.001875655,0.0,1.537799835205078e-05,1.513957977294922e-05,1167.0,1460.0
1650162096,0.0,0.0007352805,0.0,1.5348196029663086e-05,1.5109777450561523e-05,547.0,660.0
1650162097,0.0,0.000698737,0.0,1.5348196029663086e-05,1.5109777450561523e-05,481.0,660.0
1650162098,0.0,0.000769839,0.0,1.5348196029663086e-05,1.5109777450561523e-05,480.0,660.0
1650162099,0.01,0.003768851,0.0,1.537799835205078e-05,1.513957977294922e-05,2335.0,3050.0
1650162100,0.01,0.003768851,0.0,1.537799835205078e-05,1.513957977294922e-05,2335.0,3050.0
1650162101,0.0,0.0007752765,0.0,1.5348196029663086e-05,1.5109777450561523e-05,547.0,726.0
1650162102,0.0,0.002165408,0.0,1.5348196029663086e-05,1.5109777450561523e-05,1509.0,2043.0
1650162103,0.0,0.002165408,0.0,1.5348196029663086e-05,1.5109777450561523e-05,1509.0,2043.0
1650162104,0.0,0.0018342425,0.005,1.5348196029663086e-05,1.5109777450561523e-05,1032.0,1843.0
1650162105,0.0,0.0018342425,0.005,1.5348196029663086e-05,1.5109777450561523e-05,1032.0,1843.0
1650162106,0.005,0.0007465945,0.0,1.5348196029663086e-05,1.5109777450561523e-05,547.0,660.0
1650162107,0.005,0.0007465945,0.0,1.5348196029663086e-05,1.5109777450561523e-05,547.0,660.0
1650162108,0.0,0.001046489,0.0,1.5348196029663086e-05,1.5109777450561523e-05,754.0,989.0
1650162109,0.0,0.002176107,0.0,1.5348196029663086e-05,1.5109777450561523e-05,1443.0,1980.0
1650162110,0.0,0.000871833,0.0,1.5169382095336914e-05,1.4930963516235352e-05,613.0,792.0
1650162111,0.0,0.000871833,0.0,1.5169382095336914e-05,1.4930963516235352e-05,613.0,792.0
1650162112,0.0,0.0013507915,0.0,1.5556812286376953e-05,1.531839370727539e-05,927.0,1195.5
1650162113,0.0,0.0015521,0.0,1.5348196029663086e-05,1.5109777450561523e-05,1028.0,1385.0
1650162114,0.0,0.0015521,0.0,1.5348196029663086e-05,1.5109777450561523e-05,1028.0,1385.0
1650162115,0.0,0.0011308275,0.0,1.5467405319213867e-05,1.5228986740112305e-05,721.5,1056.0
1650162116,0.0,0.0011308275,0.0,1.5467405319213867e-05,1.5228986740112305e-05,721.5,1056.0
1650162117,0.0,0.000854501,0.0,1.5348196029663086e-05,1.5109777450561523e-05,584.0,729.0
1650162118,0.0,0.001577525,0.0,1.5348196029663086e-05,1.5109777450561523e-05,1093.0,1320.0
1650162119,0.0,0.001624355,0.0,1.5348196029663086e-05,1.5109777450561523e-05,961.0,1318.0
1650162120,0.0,0.001538452,0.0,1.537799835205078e-05,1.513957977294922e-05,960.0,1318.0
1650162121,0.0,0.001538452,0.0,1.537799835205078e-05,1.513957977294922e-05,960.0,1318.0
1650162122,0.0,0.001476426,0.0,1.537799835205078e-05,1.513957977294922e-05,960.5,1229.0
1650162123,0.0,0.001476426,0.0,1.537799835205078e-05,1.513957977294922e-05,960.5,1229.0
1650162124,0.0,0.000844042,0.0,1.5348196029663086e-05,1.5109777450561523e-05,547.0,1113.5
1650162125,0.01,0.001531002,0.01,1.5348196029663086e-05,1.5109777450561523e-05,961.0,1317.0
1650162126,0.01,0.002008763,0.0,1.5348196029663086e-05,1.5109777450561523e-05,1102.0,1589.0
1650162127,0.01,0.002008763,0.0,1.5348196029663086e-05,1.5109777450561523e-05,1102.0,1589.0
1650162128,0.0,0.000711853,0.0,1.5348196029663086e-05,1.5109777450561523e-05,547.0,660.0
1650162129,0.0,0.001436128,0.0,1.5348196029663086e-05,1.5109777450561523e-05,1027.0,1320.0
1650162130,0.0,0.001564502,0.0,1.5348196029663086e-05,1.5109777450561523e-05,962.0,1320.0
1650162131,0.0,0.001527259,0.0,1.537799835205078e-05,1.513957977294922e-05,962.0,1318.0
1650162132,0.0,0.001527259,0.0,1.537799835205078e-05,1.513957977294922e-05,962.0,1318.0
1650162133,0.005,0.0014855395,0.0,1.564621925354004e-05,1.5407800674438477e-05,927.5,1580.5
1650162134,0.005,0.0014855395,0.0,1.564621925354004e-05,1.5407800674438477e-05,927.5,1580.5
1650162135,0.0,0.0015424735,0.0,1.6301870346069336e-05,1.6063451766967773e-05,1027.0,1353.0
1650162136,0.0,0.0015424735,0.0,1.6301870346069336e-05,1.6063451766967773e-05,1027.0,1353.0
1650162137,0.0,0.0007724645,0.0,1.5348196029663086e-05,1.5109777450561523e-05,513.5,790.0
1650162138,0.0,0.00249939,0.0,1.5348196029663086e-05,1.5109777450561523e-05,1757.0,2160.0
1650162139,0.0,0.00249939,0.0,1.5348196029663086e-05,1.5109777450561523e-05,1757.0,2160.0
1650162140,0.005,0.001134756,0.0,1.5348196029663086e-05,1.5109777450561523e-05,754.0,990.0
1650162141,0.0,0.001365241,0.0,1.5348196029663086e-05,1.5109777450561523e-05,962.0,1320.0
1650162142,0.0,0.001365241,0.0,1.5348196029663086e-05,1.5109777450561523e-05,962.0,1320.0
1650162143,0.0,0.001579391,0.005,1.5407800674438477e-05,1.5169382095336914e-05,962.0,1863.0
1650162144,0.0,0.001579391,0.005,1.5407800674438477e-05,1.5169382095336914e-05,962.0,1863.0
1650162145,0.0,0.0010758155,0.0,1.537799835205078e-05,1.513957977294922e-05,687.0,866.0
1650162146,0.0,0.001446111,0.01,1.5348196029663086e-05,1.5109777450561523e-05,1093.0,1452.0
1650162147,0.0,0.001446111,0.01,1.5348196029663086e-05,1.5109777450561523e-05,1093.0,1452.0
1650162148,0.0,0.0013538385,0.0,1.537799835205078e-05,1.513957977294922e-05,824.5,1158.0
1650162149,0.0,0.0013538385,0.0,1.537799835205078e-05,1.513957977294922e-05,824.5,1158.0
1650162150,0.0,0.001167337,0.0,1.5407800674438477e-05,1.5169382095336914e-05,820.5,990.0
1650162151,0.0,0.000708733,0.0,1.5348196029663086e-05,1.5109777450561523e-05,480.0,660.0
1650162152,0.0,0.000708733,0.0,1.5348196029663086e-05,1.5109777450561523e-05,480.0,660.0
1650162153,0.0,0.0016056775,0.005,1.5348196029663086e-05,1.5109777450561523e-05,962.0,1550.5
1650162154,0.0,0.000729792,0.0,1.5348196029663086e-05,1.5109777450561523e-05,481.0,660.0
1650162155,0.0,0.002557235,0.0,1.5169382095336914e-05,1.4930963516235352e-05,1574.0,2107.0
1650162156,0.0,0.002557235,0.0,1.5169382095336914e-05,1.4930963516235352e-05,1574.0,2107.0
1650162157,0.005,0.0014099745,0.0,1.537799835205078e-05,1.513957977294922e-05,927.5,1193.5
1650162158,0.005,0.0014099745,0.0,1.537799835205078e-05,1.513957977294922e-05,927.5,1193.5
1650162159,0.0,0.000784105,0.005,1.5348196029663086e-05,1.5109777450561523e-05,514.0,759.0
1650162160,0.01,0.003563,0.0,1.537799835205078e-05,1.513957977294922e-05,2262.0,2780.0
1650162161,0.01,0.003563,0.0,1.537799835205078e-05,1.513957977294922e-05,2262.0,2780.0
1650162162,0.0,0.0017063325,0.0,1.5348196029663086e-05,1.5109777450561523e-05,961.0,1319.0
1650162163,0.0,0.0017063325,0.0,1.5348196029663086e-05,1.5109777450561523e-05,961.0,1319.0
1650162164,0.0,0.001358883,0.0,1.537799835205078e-05,1.513957977294922e-05,721.5,1688.5
1650162165,0.0,0.001358883,0.0,1.537799835205078e-05,1.513957977294922e-05,721.5,1688.5
1650162166,0.0,0.00090088,0.0,1.5348196029663086e-05,1.5109777450561523e-05,480.5,659.0
1650162167,0.0,0.00090088,0.0,1.5348196029663086e-05,1.5109777450561523e-05,480.5,659.0
1650162168,0.0,0.0016339595,0.0,1.5348196029663086e-05,1.5109777450561523e-05,960.0,1229.0
1650162169,0.0,0.000787418,0.0,1.5348196029663086e-05,1.5109777450561523e-05,547.0,726.0
1650162170,0.0,0.000787418,0.0,1.5348196029663086e-05,1.5109777450561523e-05,547.0,726.0
1650162171,0.0,0.0016495925,0.0,1.5348196029663086e-05,1.5109777450561523e-05,823.5,1159.0
1650162172,0.01,0.003707036,0.0,1.5467405319213867e-05,1.5228986740112305e-05,2120.0,2635.0
1650162173,0.01,0.003707036,0.0,1.5467405319213867e-05,1.5228986740112305e-05,2120.0,2635.0
1650162174,0.0,0.002160848,0.0,1.5348196029663086e-05,1.5109777450561523e-05,1201.5,2517.0
1650162175,0.0,0.000797231,0.0,1.537799835205078e-05,1.513957977294922e-05,481.0,660.0
1650162176,0.0,0.000797231,0.0,1.537799835205078e-05,1.513957977294922e-05,481.0,660.0
1650162177,0.0,0.0018300595,0.0,1.5228986740112305e-05,1.4990568161010742e-05,1027.5,1385.0
1650162178,0.0,0.0018300595,0.0,1.5228986740112305e-05,1.4990568161010742e-05,1027.5,1385.0
1650162179,0.0,0.001171228,0.0,1.5407800674438477e-05,1.5169382095336914e-05,653.5,832.0
1650162180,0.0,0.002849305,0.0,1.5348196029663086e-05,1.5109777450561523e-05,1574.0,2112.0
1650162181,0.0,0.002849305,0.0,1.5348196029663086e-05,1.5109777450561523e-05,1574.0,2112.0
1650162182,0.0,0.00043696,0.0,1.5348196029663086e-05,1.5109777450561523e-05,240.5,396.0
1650162183,0.0,0.00043696,0.0,1.5348196029663086e-05,1.5109777450561523e-05,240.5,396.0
1650162184,0.0,7.7707e-05,0.0,1.5348196029663086e-05,1.5109777450561523e-05,0.0,546.0
1650162185,0.0,0.0,0.0,1.5348196029663086e-05,1.5109777450561523e-05,0.0,0.0
1650162186,0.0,0.0,0.0,1.5348196029663086e-05,1.5109777450561523e-05,0.0,0.0
1650162187,0.0,0.0,0.0,1.5348196029663086e-05,1.5109777450561523e-05,0.0,0.0
1650162188,0.0,0.0,0.0,1.5348196029663086e-05,1.5109777450561523e-05,0.0,0.0
1650162189,0.0,0.0,0.0,1.5348196029663086e-05,1.5109777450561523e-05,0.0,0.0
1650162190,0.0,0.0,0.0,1.5348196029663086e-05,1.5109777450561523e-05,0.0,0.0
1650162191,0.0,0.0,0.0,1.5348196029663086e-05,1.5109777450561523e-05,0.0,0.0
1650162192,0.0,0.0,0.0,1.5348196029663086e-05,1.5109777450561523e-05,8.4,8.4
1650162193,0.0,3.918e-05,0.0,1.5348196029663086e-05,1.5109777450561523e-05,0.0,0.0
1650162194,0.0,3.918e-05,0.0,1.5348196029663086e-05,1.5109777450561523e-05,0.0,0.0
1650162195,0.0,0.0,0.0,1.5348196029663086e-05,1.5109777450561523e-05,0.0,0.0
1650162196,0.0,0.0,0.0,1.5348196029663086e-05,1.5109777450561523e-05,0.0,0.0
1650162197,0.0,0.0,0.0,1.5348196029663086e-05,1.5109777450561523e-05,0.0,0.0
1650162198,0.0,0.0,0.0,1.5348196029663086e-05,1.5109777450561523e-05,0.0,0.0
1650162199,0.0,0.0,0.0,1.5348196029663086e-05,1.5109777450561523e-05,0.0,0.0
1650162200,0.0,0.0,0.0,1.5348196029663086e-05,1.5109777450561523e-05,0.0,0.0
1650162201,0.0,0.0,0.0,1.5348196029663086e-05,1.5109777450561523e-05,0.0,0.0
1650162202,0.0,0.0,0.0,1.5348196029663086e-05,1.5109777450561523e-05,0.0,0.0
1650162203,0.0,5.231666666666667e-06,0.0,1.5348196029663086e-05,1.5109777450561523e-05,0.0,0.0
1650162204,0.0,0.0,0.0,1.5348196029663086e-05,1.5109777450561523e-05,0.0,0.0
1650162205,0.0,0.0,0.0,1.5348196029663086e-05,1.5109777450561523e-05,0.0,0.0
1650162206,0.0,0.0,0.0,1.5348196029663086e-05,1.5109777450561523e-05,0.0,0.0
1650162207,0.0,0.0,0.0,1.5348196029663086e-05,1.5109777450561523e-05,0.0,0.0
1650162208,0.0,0.0,0.0,1.5348196029663086e-05,1.5109777450561523e-05,0.0,0.0
1650162209,0.0,0.0,0.0,1.5348196029663086e-05,1.5109777450561523e-05,0.0,0.0
1650162210,0.0,0.0,0.0,1.5348196029663086e-05,1.5109777450561523e-05,0.0,0.0
1650162211,0.0,0.0,0.0,1.5348196029663086e-05,1.5109777450561523e-05,0.0,0.0
1650162212,0.0,0.0,0.0,1.5348196029663086e-05,1.5109777450561523e-05,0.0,0.0
1650162213,0.0,0.0,0.0,1.5348196029663086e-05,1.5109777450561523e-05,0.0,0.0
1650162214,0.0,5.432714285714286e-06,0.0,1.5348196029663086e-05,1.5109777450561523e-05,0.0,0.0
1650162215,0.0,0.0,0.0,1.5348196029663086e-05,1.5109777450561523e-05,0.0,0.0
1650162216,0.0,0.0,0.0,1.5348196029663086e-05,1.5109777450561523e-05,0.0,0.0
1650162217,0.0,0.0,0.0,1.5348196029663086e-05,1.5109777450561523e-05,0.0,0.0
1650162218,0.0,0.0,0.0,1.5348196029663086e-05,1.5109777450561523e-05,0.0,0.0
1650162219,0.0,0.0,0.0,1.5348196029663086e-05,1.5109777450561523e-05,0.0,0.0
1650162220,0.0,0.0,0.0,1.5348196029663086e-05,1.5109777450561523e-05,0.0,0.0
1650162221,0.0,0.0,0.0,1.5348196029663086e-05,1.5109777450561523e-05,0.0,0.0
1650162222,0.0,0.0,0.0,1.5348196029663086e-05,1.5109777450561523e-05,0.0,0.0
1650162223,0.0,0.0,0.0,1.5348196029663086e-05,1.5109777450561523e-05,0.0,0.0
1650162224,0.0,0.0,0.0,1.5348196029663086e-05,1.5109777450561523e-05,0.0,0.0
1650162225,0.0,4.880428571428572e-06,0.0,1.5348196029663086e-05,1.5109777450561523e-05,0.0,0.0
1650162226,0.0,0.0,0.0,1.5348196029663086e-05,1.5109777450561523e-05,0.0,0.0
1650162227,0.0,0.0,0.0,1.5348196029663086e-05,1.5109777450561523e-05,0.0,0.0
1650162228,0.0,0.0,0.0,1.5348196029663086e-05,1.5109777450561523e-05,0.0,0.0
1650162229,0.0,0.0,0.0,1.5348196029663086e-05,1.5109777450561523e-05,0.0,0.0
1650162230,0.0,0.0,0.0,1.5348196029663086e-05,1.5109777450561523e-05,0.0,0.0
1650162231,0.0,0.0,0.0,1.5348196029663086e-05,1.5109777450561523e-05,0.0,0.0
1650162232,0.0,0.0,0.0,1.5348196029663086e-05,1.5109777450561523e-05,0.0,0.0
1650162233,0.0,0.0,0.0,1.5348196029663086e-05,1.5109777450561523e-05,0.0,0.0
1650162234,0.0,0.0,0.0,1.5348196029663086e-05,1.5109777450561523e-05,0.0,0.0
1650162235,0.0,0.0,0.0,1.5348196029663086e-05,1.5109777450561523e-05,0.0,0.0
1650162236,0.0,4.905285714285714e-06,0.0,1.5348196029663086e-05,1.5109777450561523e-05,0.0,0.0
1650162237,0.0,0.0,0.0,1.5348196029663086e-05,1.5109777450561523e-05,0.0,0.0
1650162238,0.0,0.0,0.0,1.5348196029663086e-05,1.5109777450561523e-05,0.0,0.0
1650162239,0.0,0.0,0.0,1.5348196029663086e-05,1.5109777450561523e-05,0.0,0.0
1650162240,0.0033333333333333,0.0004734923333333,0.0,1.5169382095336914e-05,1.4930963516235352e-05,251.0,310.0
1650162241,0.0033333333333333,0.0004734923333333,0.0,1.5169382095336914e-05,1.4930963516235352e-05,251.0,310.0
1650162242,0.0,0.0,0.0,1.5169382095336914e-05,1.4930963516235352e-05,0.0,0.0
1650162243,0.0,0.0,0.0,1.5169382095336914e-05,1.4930963516235352e-05,0.0,0.0
1650162244,0.0,2.0935e-05,0.0,1.5169382095336914e-05,1.4930963516235352e-05,126.0,126.0
1650162245,0.0,2.0935e-05,0.0,1.5169382095336914e-05,1.4930963516235352e-05,126.0,126.0
1650162246,0.0,0.0,0.0,1.5169382095336914e-05,1.4930963516235352e-05,0.0,0.0
1650162247,0.0,0.0,0.0,1.5169382095336914e-05,1.4930963516235352e-05,0.0,0.0
1650162248,0.0,0.0,0.0,1.5169382095336914e-05,1.4930963516235352e-05,0.0,0.0
1650162249,0.0,0.0,0.0,1.5169382095336914e-05,1.4930963516235352e-05,0.0,0.0
1650162250,0.0,0.0,0.0,1.5169382095336914e-05,1.4930963516235352e-05,0.0,0.0
1650162251,0.0,0.0,0.0,1.5169382095336914e-05,1.4930963516235352e-05,0.0,0.0
1650162252,0.0,0.0,0.0,1.5169382095336914e-05,1.4930963516235352e-05,0.0,0.0
1650162253,0.0,0.0,0.0,1.5169382095336914e-05,1.4930963516235352e-05,0.0,0.0
1650162254,0.0,0.0,0.0,1.5169382095336914e-05,1.4930963516235352e-05,0.0,0.0
1650162255,0.0,0.0,0.0,1.5169382095336914e-05,1.4930963516235352e-05,0.0,0.0
1650162256,0.0,4.5225714285714286e-06,0.0,1.5169382095336914e-05,1.4930963516235352e-05,0.0,0.0
1650162257,0.0,0.0,0.0,1.5169382095336914e-05,1.4930963516235352e-05,0.0,0.0
1650162258,0.0,0.0,0.0,1.5169382095336914e-05,1.4930963516235352e-05,0.0,0.0
1650162259,0.0,0.0,0.0,1.5169382095336914e-05,1.4930963516235352e-05,0.0,0.0
1650162260,0.0,0.0,0.0,1.5169382095336914e-05,1.4930963516235352e-05,0.0,0.0
1650162261,0.0,0.00034624775,0.0,1.5348196029663086e-05,1.5109777450561523e-05,206.75,268.0
1650162262,0.0,0.00034624775,0.0,1.5348196029663086e-05,1.5109777450561523e-05,206.75,268.0
1650162263,0.0,0.000653468,0.0,1.5348196029663086e-05,1.5109777450561523e-05,343.0,433.0
1650162264,0.0,0.000653468,0.0,1.5348196029663086e-05,1.5109777450561523e-05,343.0,433.0
1650162265,0.0,0.0,0.0,1.5348196029663086e-05,1.5109777450561523e-05,0.0,0.0
1650162266,0.0,0.0,0.0,1.5348196029663086e-05,1.5109777450561523e-05,0.0,0.0
1650162267,0.0,0.0,0.0,1.5348196029663086e-05,1.5109777450561523e-05,0.0,0.0
1650162268,0.0,0.0,0.0,1.5348196029663086e-05,1.5109777450561523e-05,0.0,0.0
1650162269,0.0,0.0,0.0,1.5348196029663086e-05,1.5109777450561523e-05,0.0,0.0
1650162270,0.0,0.0,0.0,1.5348196029663086e-05,1.5109777450561523e-05,0.0,0.0
1650162271,0.0,0.0,0.0,1.5348196029663086e-05,1.5109777450561523e-05,0.0,0.0
1650162272,0.0,0.0,0.0,1.5348196029663086e-05,1.5109777450561523e-05,0.0,0.0
1650162273,0.0,0.0,0.0,1.5348196029663086e-05,1.5109777450561523e-05,0.0,0.0
1650162274,0.0,0.0,0.0,1.5348196029663086e-05,1.5109777450561523e-05,0.0,0.0
1650162275,0.0,0.0,0.0,1.5348196029663086e-05,1.5109777450561523e-05,0.0,0.0
1650162276,0.0,0.0,0.0,1.5348196029663086e-05,1.5109777450561523e-05,0.0,0.0
1650162277,0.0,0.0,0.0,1.5348196029663086e-05,1.5109777450561523e-05,0.0,0.0
1650162278,0.0,0.0,0.0,1.5348196029663086e-05,1.5109777450561523e-05,0.0,0.0
1650162279,0.0,0.0,0.0,1.5348196029663086e-05,1.5109777450561523e-05,0.0,0.0
1650162280,0.0,0.0,0.0,1.5348196029663086e-05,1.5109777450561523e-05,0.0,0.0
1650162281,0.0,0.0,0.0,1.5348196029663086e-05,1.5109777450561523e-05,0.0,0.0
1650162282,0.0,0.0,0.0,1.5348196029663086e-05,1.5109777450561523e-05,0.0,0.0
1650162283,0.0,0.0,0.0,1.5348196029663086e-05,1.5109777450561523e-05,0.0,0.0
1650162284,0.0,0.0,0.0,1.5348196029663086e-05,1.5109777450561523e-05,0.0,0.0
1650162285,0.0,0.0,0.0,1.5348196029663086e-05,1.5109777450561523e-05,0.0,0.0
1650162286,0.0,5.285785714285714e-06,0.0,1.5348196029663086e-05,1.5109777450561523e-05,0.0,0.0
1650162287,0.0,5.285785714285714e-06,0.0,1.5348196029663086e-05,1.5109777450561523e-05,0.0,0.0
1650162288,0.0,0.0,0.0,1.5348196029663086e-05,1.5109777450561523e-05,0.0,0.0
1650162289,0.0,0.0,0.0,1.5348196029663086e-05,1.5109777450561523e-05,0.0,0.0
1650162290,0.0,0.0,0.0,1.5348196029663086e-05,1.5109777450561523e-05,0.0,0.0
1650162291,0.0,0.0,0.0,1.5348196029663086e-05,1.5109777450561523e-05,0.0,0.0
1650162292,0.0,0.0,0.0,1.5348196029663086e-05,1.5109777450561523e-05,0.0,0.0
1650162293,0.0,0.0,0.0,1.5348196029663086e-05,1.5109777450561523e-05,0.0,0.0
1650162294,0.0,0.0,0.0,1.5348196029663086e-05,1.5109777450561523e-05,0.0,0.0
1650162295,0.0,0.0,0.0,1.5348196029663086e-05,1.5109777450561523e-05,0.0,0.0
1650162296,0.0,0.0,0.0,1.5348196029663086e-05,1.5109777450561523e-05,0.0,0.0
1650162297,0.0,5.205285714285715e-06,0.0,1.5348196029663086e-05,1.5109777450561523e-05,0.0,0.0
1650162298,0.0,0.0,0.0,1.5348196029663086e-05,1.5109777450561523e-05,0.0,0.0
1650162299,0.0,0.0,0.0,1.5348196029663086e-05,1.5109777450561523e-05,0.0,0.0
1650162300,0.0,0.0,0.0,1.5348196029663086e-05,1.5109777450561523e-05,0.0,0.0
1650162301,0.0,0.0,0.0,1.5348196029663086e-05,1.5109777450561523e-05,0.0,0.0
1650162302,0.0,0.0,0.0,1.5348196029663086e-05,1.5109777450561523e-05,0.0,0.0
1650162303,0.0,0.0,0.0,1.5348196029663086e-05,1.5109777450561523e-05,0.0,0.0
1650162304,0.0,0.0,0.0,1.5348196029663086e-05,1.5109777450561523e-05,0.0,0.0
1650162305,0.0,9.936e-06,0.0,1.5348196029663086e-05,1.5109777450561523e-05,0.0,0.0
1650162306,0.0,9.936e-06,0.0,1.5348196029663086e-05,1.5109777450561523e-05,0.0,0.0
1650162307,0.0,0.0,0.0,1.5348196029663086e-05,1.5109777450561523e-05,0.0,0.0
1650162308,0.0,0.0,0.0,1.5348196029663086e-05,1.5109777450561523e-05,0.0,0.0
1650162309,0.0,0.0,0.0,1.5348196029663086e-05,1.5109777450561523e-05,0.0,0.0
1650162310,0.0,0.0,0.0,1.5348196029663086e-05,1.5109777450561523e-05,0.0,0.0
1650162311,0.0,0.0,0.0,1.5348196029663086e-05,1.5109777450561523e-05,0.0,0.0
1650162312,0.0,0.0,0.0,1.5348196029663086e-05,1.5109777450561523e-05,0.0,0.0
1650162313,0.0,0.0,0.0,1.5348196029663086e-05,1.5109777450561523e-05,0.0,0.0
1650162314,0.0,0.0005428261999999,0.0,1.5437602996826172e-05,1.519918441772461e-05,329.2,414.0
1650162315,0.0,0.0005428261999999,0.0,1.5437602996826172e-05,1.519918441772461e-05,329.2,414.0
1650162316,0.0,0.0009332305,0.0,1.5348196029663086e-05,1.5109777450561523e-05,613.0,725.0
1650162317,0.0,0.0009332305,0.0,1.5348196029663086e-05,1.5109777450561523e-05,613.0,725.0
1650162318,0.0,0.0012574365,0.0,1.5348196029663086e-05,1.5109777450561523e-05,787.5,1022.5
1650162319,0.0,0.001598532,0.0,1.5348196029663086e-05,1.5109777450561523e-05,961.0,1320.0
1650162320,0.0,0.001598532,0.0,1.5348196029663086e-05,1.5109777450561523e-05,961.0,1320.0
1650162321,0.0,0.001331685,0.0,1.5407800674438477e-05,1.5169382095336914e-05,721.0,989.0
1650162322,0.01,0.003334611,0.0,1.537799835205078e-05,1.513957977294922e-05,1924.0,2640.0
1650162323,0.01,0.003334611,0.0,1.537799835205078e-05,1.513957977294922e-05,1924.0,2640.0
1650162324,0.0,0.0009742435,0.0,1.5348196029663086e-05,1.5109777450561523e-05,481.0,1200.5
1650162325,0.0,0.003942788,0.01,1.5437602996826172e-05,1.519918441772461e-05,1995.0,2663.0
1650162326,0.0,0.003942788,0.01,1.5437602996826172e-05,1.519918441772461e-05,1995.0,2663.0
1650162327,0.0,0.000828821,0.0,1.537799835205078e-05,1.513957977294922e-05,613.0,726.0
1650162328,0.0,0.000830953,0.0,1.5348196029663086e-05,1.5109777450561523e-05,655.0,768.0
1650162329,0.0,0.000830953,0.0,1.5348196029663086e-05,1.5109777450561523e-05,655.0,768.0
1650162330,0.0,0.001736444,0.0,1.5348196029663086e-05,1.5109777450561523e-05,961.5,1320.0
1650162331,0.0,0.002510288,0.0,1.5348196029663086e-05,1.5109777450561523e-05,1443.0,1980.0
1650162332,0.0,0.002510288,0.0,1.5348196029663086e-05,1.5109777450561523e-05,1443.0,1980.0
1650162333,0.0,0.0013871955,0.005,1.5348196029663086e-05,1.5109777450561523e-05,721.0,1532.0
1650162334,0.01,0.001893274,0.0,1.537799835205078e-05,1.513957977294922e-05,961.0,1320.0
1650162335,0.01,0.001893274,0.0,1.537799835205078e-05,1.513957977294922e-05,961.0,1320.0
1650162336,0.0,0.0017878055,0.0,1.537799835205078e-05,1.513957977294922e-05,997.0,1330.5
1650162337,0.0,0.0017878055,0.0,1.537799835205078e-05,1.513957977294922e-05,997.0,1330.5
1650162338,0.0,0.000987755,0.0,1.5348196029663086e-05,1.5109777450561523e-05,613.0,724.5
1650162339,0.0,0.001851453,0.0,1.537799835205078e-05,1.513957977294922e-05,1094.0,1386.0
1650162340,0.0,0.001851453,0.0,1.537799835205078e-05,1.513957977294922e-05,1094.0,1386.0
1650162341,0.0,0.002129077,0.0,1.5348196029663086e-05,1.5109777450561523e-05,1202.5,1649.5
1650162342,0.0,0.001772411,0.0,1.5348196029663086e-05,1.5109777450561523e-05,962.0,1320.0
1650162343,0.0,0.001772411,0.0,1.5348196029663086e-05,1.5109777450561523e-05,962.0,1320.0
1650162344,0.0,0.001810958,0.0,1.5348196029663086e-05,1.5109777450561523e-05,961.5,1702.0
1650162345,0.0,0.0,0.0,1.5348196029663086e-05,1.5109777450561523e-05,0.0,0.0
1650162346,0.0,0.0,0.0,1.5348196029663086e-05,1.5109777450561523e-05,0.0,0.0
1650162347,0.0,0.0,0.0,1.5348196029663086e-05,1.5109777450561523e-05,0.0,0.0
1650162348,0.0,0.0,0.0,1.5348196029663086e-05,1.5109777450561523e-05,0.0,0.0
1650162349,0.0,0.0,0.0,1.5348196029663086e-05,1.5109777450561523e-05,0.0,0.0
1650162350,0.0,0.0,0.0,1.5348196029663086e-05,1.5109777450561523e-05,0.0,0.0
1650162351,0.0,0.0,0.0,1.5348196029663086e-05,1.5109777450561523e-05,0.0,0.0
1650162352,0.0,0.0,0.0,1.5348196029663086e-05,1.5109777450561523e-05,0.0,0.0
1650162353,0.0,0.0,0.0,1.5348196029663086e-05,1.5109777450561523e-05,0.0,0.0
1650162354,0.0,0.0,0.0,1.5348196029663086e-05,1.5109777450561523e-05,0.0,0.0
1650162355,0.0,1.23845e-05,0.0,1.5348196029663086e-05,1.5109777450561523e-05,0.0,0.0
1650162356,0.0,0.0,0.0,1.5348196029663086e-05,1.5109777450561523e-05,0.0,0.0
1650162357,0.0,0.0,0.0,1.5348196029663086e-05,1.5109777450561523e-05,0.0,0.0
1650162358,0.0,0.0,0.0,1.5348196029663086e-05,1.5109777450561523e-05,0.0,0.0
1650162359,0.0,0.0003793896666666,0.0,1.513957977294922e-05,1.4901161193847656e-05,204.33333333333331,308.0
1650162360,0.0,0.0,0.0,1.513957977294922e-05,1.4901161193847656e-05,0.0,0.0
1650162361,0.0,0.0,0.0,1.513957977294922e-05,1.4901161193847656e-05,0.0,0.0
1650162362,0.0,0.0,0.0,1.513957977294922e-05,1.4901161193847656e-05,0.0,0.0
1650162363,0.0,1.1956e-05,0.0,1.513957977294922e-05,1.4901161193847656e-05,0.0,0.0
1650162364,0.0,1.1956e-05,0.0,1.513957977294922e-05,1.4901161193847656e-05,0.0,0.0
1650162365,0.0,0.000800146,0.0,1.558661460876465e-05,1.5348196029663086e-05,450.0,540.0
1650162366,0.0,0.0,0.0,1.5348196029663086e-05,1.5109777450561523e-05,0.0,0.0
1650162367,0.0,0.0,0.0,1.5348196029663086e-05,1.5109777450561523e-05,0.0,0.0
1650162368,0.0,0.0,0.0,1.5348196029663086e-05,1.5109777450561523e-05,0.0,0.0
1650162369,0.0,0.0,0.0,1.5348196029663086e-05,1.5109777450561523e-05,0.0,0.0
1650162370,0.0,0.00052226,0.0,1.5348196029663086e-05,1.5109777450561523e-05,306.5,363.0
1650162371,0.0,0.00052226,0.0,1.5348196029663086e-05,1.5109777450561523e-05,306.5,363.0
1650162372,0.0,0.0,0.0,1.5348196029663086e-05,1.5109777450561523e-05,0.0,0.0
1650162373,0.0,0.0,0.0,1.5348196029663086e-05,1.5109777450561523e-05,0.0,0.0
1650162374,0.0,2.11945e-05,0.0,1.5348196029663086e-05,1.5109777450561523e-05,0.0,0.0
1650162375,0.0,2.11945e-05,0.0,1.5348196029663086e-05,1.5109777450561523e-05,0.0,0.0
1650162376,0.0,0.0,0.0,1.5348196029663086e-05,1.5109777450561523e-05,0.0,0.0
1650162377,0.0,0.0,0.0,1.5348196029663086e-05,1.5109777450561523e-05,0.0,0.0
1650162378,0.0,0.0,0.0,1.5348196029663086e-05,1.5109777450561523e-05,0.0,0.0
1650162379,0.0,0.0003673066666666,0.0,1.5169382095336914e-05,1.4930963516235352e-05,248.33333333333331,329.6666666666667
1650162380,0.01,0.001846215,0.0,1.5348196029663086e-05,1.5109777450561523e-05,900.0,1080.0
1650162381,0.01,0.001846215,0.0,1.5348196029663086e-05,1.5109777450561523e-05,900.0,1080.0
1650162382,0.0,0.0,0.0,1.5348196029663086e-05,1.5109777450561523e-05,0.0,0.0
1650162383,0.0,0.0,0.0,1.5348196029663086e-05,1.5109777450561523e-05,0.0,0.0
1650162384,0.0,0.0,0.0,1.5348196029663086e-05,1.5109777450561523e-05,0.0,0.0
1650162385,0.0,6.3261e-05,0.0,1.5348196029663086e-05,1.5109777450561523e-05,0.0,155.66666666666666
1650162386,0.0,6.3261e-05,0.0,1.5348196029663086e-05,1.5109777450561523e-05,0.0,155.66666666666666
1650162387,0.0,0.0,0.0,1.5348196029663086e-05,1.5109777450561523e-05,0.0,0.0
1650162388,0.0,0.0,0.0,1.5348196029663086e-05,1.5109777450561523e-05,0.0,0.0
1650162389,0.0,0.0,0.0,1.5348196029663086e-05,1.5109777450561523e-05,0.0,0.0
1650162390,0.0,0.0003686716666666,0.0,1.5348196029663086e-05,1.5109777450561523e-05,218.33333333333331,256.0
1650162391,0.0,0.0003686716666666,0.0,1.5348196029663086e-05,1.5109777450561523e-05,218.33333333333331,256.0
1650162392,0.0,0.0,0.0,1.5348196029663086e-05,1.5109777450561523e-05,0.0,0.0
1650162393,0.0,0.0,0.0,1.5348196029663086e-05,1.5109777450561523e-05,0.0,0.0
1650162394,0.0,8.53295e-05,0.0,1.5348196029663086e-05,1.5109777450561523e-05,0.0,230.0
1650162395,0.0,0.0,0.0,1.5348196029663086e-05,1.5109777450561523e-05,0.0,0.0
1650162396,0.0,0.0,0.0,1.5348196029663086e-05,1.5109777450561523e-05,0.0,0.0
1650162397,0.0,0.000529032,0.0,1.513957977294922e-05,1.4901161193847656e-05,372.5,493.5
1650162398,0.0,0.000529032,0.0,1.513957977294922e-05,1.4901161193847656e-05,372.5,493.5
1650162399,0.0,0.0,0.0,1.513957977294922e-05,1.4901161193847656e-05,0.0,0.0
1650162400,0.0,0.0,0.0,1.513957977294922e-05,1.4901161193847656e-05,0.0,0.0
1650162401,0.0,0.0,0.0,1.513957977294922e-05,1.4901161193847656e-05,0.0,0.0
1650162402,0.0,0.0,0.0,1.513957977294922e-05,1.4901161193847656e-05,0.0,0.0
1650162403,0.0,8.92725e-06,0.0,1.513957977294922e-05,1.4901161193847656e-05,0.0,0.0
1650162404,0.0,0.0,0.0,1.513957977294922e-05,1.4901161193847656e-05,0.0,0.0
1650162405,0.0,0.0,0.0,1.513957977294922e-05,1.4901161193847656e-05,0.0,0.0
1650162406,0.0,0.0,0.0,1.513957977294922e-05,1.4901161193847656e-05,0.0,0.0
1650162407,0.0,0.0,0.0,1.513957977294922e-05,1.4901161193847656e-05,0.0,0.0
1650162408,0.0,0.00038995,0.0,1.537799835205078e-05,1.513957977294922e-05,225.25,270.0
1650162409,0.0,0.0,0.0,1.537799835205078e-05,1.513957977294922e-05,0.0,0.0
1650162410,0.0,0.0,0.0,1.537799835205078e-05,1.513957977294922e-05,0.0,0.0
1650162411,0.0,0.0,0.0,1.537799835205078e-05,1.513957977294922e-05,0.0,0.0
1650162412,0.0,0.0,0.0,1.537799835205078e-05,1.513957977294922e-05,0.0,0.0
1650162413,0.0,0.0,0.0,1.537799835205078e-05,1.513957977294922e-05,0.0,0.0
1650162414,0.0,0.0,0.0,1.537799835205078e-05,1.513957977294922e-05,0.0,0.0
1650162415,0.0,0.0,0.0,1.537799835205078e-05,1.513957977294922e-05,0.0,0.0
1650162416,0.0,0.0001924506,0.0,1.5348196029663086e-05,1.5109777450561523e-05,122.6,145.0
1650162417,0.0,0.0001924506,0.0,1.5348196029663086e-05,1.5109777450561523e-05,122.6,145.0
1650162418,0.0,0.0004907895,0.0,1.5407800674438477e-05,1.5169382095336914e-05,306.5,363.0
1650162419,0.0,0.0,0.0,1.5407800674438477e-05,1.5169382095336914e-05,0.0,0.0
1650162420,0.0,0.0,0.0,1.5407800674438477e-05,1.5169382095336914e-05,0.0,0.0
1650162421,0.0,0.000561451,0.0,1.513957977294922e-05,1.4901161193847656e-05,372.5,495.0
1650162422,0.0,0.000561451,0.0,1.513957977294922e-05,1.4901161193847656e-05,372.5,495.0
1650162423,0.0,0.000127011,0.0,1.513957977294922e-05,1.4901161193847656e-05,0.0,231.5
1650162424,0.0,0.000127011,0.0,1.513957977294922e-05,1.4901161193847656e-05,0.0,231.5
1650162425,0.0,0.0,0.0,1.513957977294922e-05,1.4901161193847656e-05,0.0,0.0
1650162426,0.0,0.0,0.0,1.513957977294922e-05,1.4901161193847656e-05,0.0,0.0
1650162427,0.0,0.0,0.0,1.513957977294922e-05,1.4901161193847656e-05,0.0,0.0
1650162428,0.0,0.0,0.0,1.513957977294922e-05,1.4901161193847656e-05,0.0,0.0
1650162429,0.0,0.000384912,0.0,1.5348196029663086e-05,1.5109777450561523e-05,225.0,270.0
1650162430,0.0,0.0,0.0,1.5348196029663086e-05,1.5109777450561523e-05,0.0,0.0
1650162431,0.0,0.0,0.0,1.5348196029663086e-05,1.5109777450561523e-05,0.0,0.0
1650162432,0.0,0.0004686025,0.0,1.5348196029663086e-05,1.5109777450561523e-05,306.0,363.0
1650162433,0.0,4.2906e-05,0.0,1.5348196029663086e-05,1.5109777450561523e-05,0.0,0.0
1650162434,0.0,0.000869524,0.0,1.5348196029663086e-05,1.5109777450561523e-05,613.0,726.0
1650162435,0.0,0.000891058,0.0,1.5348196029663086e-05,1.5109777450561523e-05,611.0,726.0
1650162436,0.0,0.000891058,0.0,1.5348196029663086e-05,1.5109777450561523e-05,611.0,726.0
1650162437,0.0,0.0,0.0,1.5348196029663086e-05,1.5109777450561523e-05,0.0,0.0
1650162438,0.0,0.0,0.0,1.5348196029663086e-05,1.5109777450561523e-05,0.0,0.0
1650162439,0.0,0.000576626,0.0,1.513957977294922e-05,1.4901161193847656e-05,306.5,462.0
1650162440,0.0,0.000576626,0.0,1.513957977294922e-05,1.4901161193847656e-05,306.5,462.0
1650162441,0.0,0.0,0.0,1.513957977294922e-05,1.4901161193847656e-05,0.0,0.0
1650162442,0.0,0.0,0.0,1.513957977294922e-05,1.4901161193847656e-05,0.0,0.0
1650162443,0.0,0.0,0.0,1.513957977294922e-05,1.4901161193847656e-05,0.0,0.0
1650162444,0.0,5.5121e-05,0.0,1.513957977294922e-05,1.4901161193847656e-05,0.0,153.33333333333334
1650162445,0.0,5.5121e-05,0.0,1.513957977294922e-05,1.4901161193847656e-05,0.0,153.33333333333334
1650162446,0.0,0.0,0.0,1.513957977294922e-05,1.4901161193847656e-05,0.0,0.0
1650162447,0.0,0.0,0.0,1.513957977294922e-05,1.4901161193847656e-05,0.0,0.0
1650162448,0.0,0.0,0.0,1.513957977294922e-05,1.4901161193847656e-05,0.0,0.0
1650162449,0.0,0.0,0.0,1.513957977294922e-05,1.4901161193847656e-05,14.0,14.0
1650162450,0.0,0.0,0.0,1.513957977294922e-05,1.4901161193847656e-05,0.0,0.0
1650162451,0.0,0.0,0.0,1.513957977294922e-05,1.4901161193847656e-05,0.0,0.0
1650162452,0.0,0.0,0.0,1.513957977294922e-05,1.4901161193847656e-05,0.0,0.0
1650162453,0.0,0.0,0.0,1.513957977294922e-05,1.4901161193847656e-05,0.0,0.0
1650162454,0.0,8.30075e-06,0.0,1.513957977294922e-05,1.4901161193847656e-05,0.0,0.0
1650162455,0.0,0.0,0.0,1.513957977294922e-05,1.4901161193847656e-05,0.0,0.0
1650162456,0.0,0.0,0.0,1.513957977294922e-05,1.4901161193847656e-05,0.0,0.0
1650162457,0.0,0.0,0.0,1.513957977294922e-05,1.4901161193847656e-05,0.0,0.0
1650162458,0.0,0.0005394193333333,0.0,1.537799835205078e-05,1.513957977294922e-05,300.3333333333333,360.0
1650162459,0.0,0.0005394193333333,0.0,1.537799835205078e-05,1.513957977294922e-05,300.3333333333333,360.0
1650162460,0.0,0.0,0.0,1.537799835205078e-05,1.513957977294922e-05,0.0,0.0
1650162461,0.0,0.0,0.0,1.537799835205078e-05,1.513957977294922e-05,0.0,0.0
1650162462,0.0,0.0,0.0,1.537799835205078e-05,1.513957977294922e-05,0.0,0.0
1650162463,0.0,1.1460333333333334e-05,0.0,1.537799835205078e-05,1.513957977294922e-05,14.0,14.0
1650162464,0.0,1.1460333333333334e-05,0.0,1.537799835205078e-05,1.513957977294922e-05,14.0,14.0
1650162465,0.0,0.0,0.0,1.537799835205078e-05,1.513957977294922e-05,0.0,0.0
1650162466,0.0,0.0,0.0,1.537799835205078e-05,1.513957977294922e-05,0.0,0.0
1650162467,0.0,0.0,0.0,1.537799835205078e-05,1.513957977294922e-05,0.0,0.0
1650162468,0.0,0.0,0.0,1.537799835205078e-05,1.513957977294922e-05,0.0,0.0
1650162469,0.0,0.0002871045,0.0,1.5348196029663086e-05,1.5109777450561523e-05,153.0,181.0
1650162470,0.0,0.0002871045,0.0,1.5348196029663086e-05,1.5109777450561523e-05,153.0,181.0
1650162471,0.0,0.0004742375,0.0,1.513957977294922e-05,1.4901161193847656e-05,372.5,495.0
1650162472,0.0,0.0,0.0,1.513957977294922e-05,1.4901161193847656e-05,0.0,0.0
1650162473,0.0,0.0,0.0,1.513957977294922e-05,1.4901161193847656e-05,0.0,0.0
1650162474,0.0,0.0,0.0,1.513957977294922e-05,1.4901161193847656e-05,0.0,0.0
1650162475,0.0,0.0,0.0,1.513957977294922e-05,1.4901161193847656e-05,0.0,0.0
1650162476,0.0,0.0004125485,0.0,1.5348196029663086e-05,1.5109777450561523e-05,225.0,385.5
1650162477,0.0,0.0004125485,0.0,1.5348196029663086e-05,1.5109777450561523e-05,225.0,385.5
1650162478,0.0,0.0012845485,0.0,1.537799835205078e-05,1.513957977294922e-05,919.5,1089.0
1650162479,0.0,0.001717638,0.0,1.5348196029663086e-05,1.5109777450561523e-05,962.0,1320.0
1650162480,0.0,0.001717638,0.0,1.5348196029663086e-05,1.5109777450561523e-05,962.0,1320.0
1650162481,0.0,0.0018187955,0.0,1.5467405319213867e-05,1.5228986740112305e-05,961.5,1319.0
1650162482,0.0,0.002575313,0.0,1.5348196029663086e-05,1.5109777450561523e-05,1442.0,1980.0
1650162483,0.0,0.002575313,0.0,1.5348196029663086e-05,1.5109777450561523e-05,1442.0,1980.0
1650162484,0.0,0.000905905,0.0,1.5348196029663086e-05,1.5109777450561523e-05,502.0,1046.5
1650162485,0.0,0.001946091,0.0,1.513957977294922e-05,1.4901161193847656e-05,1094.0,1584.0
1650162486,0.0,0.001724383,0.0,1.5348196029663086e-05,1.5109777450561523e-05,901.0,1078.0
1650162487,0.0,0.00178302,0.0,1.537799835205078e-05,1.513957977294922e-05,1223.0,1452.0
1650162488,0.0,0.001660196,0.0,1.5407800674438477e-05,1.5169382095336914e-05,1093.0,1386.0
1650162489,0.0,0.001660196,0.0,1.5407800674438477e-05,1.5169382095336914e-05,1093.0,1386.0
1650162490,0.0,0.0008810715,0.0,1.5348196029663086e-05,1.5109777450561523e-05,480.5,657.5
1650162491,0.0,0.0008810715,0.0,1.5348196029663086e-05,1.5109777450561523e-05,480.5,657.5
1650162492,0.0,0.000799148,0.0,1.5348196029663086e-05,1.5109777450561523e-05,481.0,660.0
1650162493,0.0,0.002526032,0.0,1.5348196029663086e-05,1.5109777450561523e-05,1443.0,3064.0
1650162494,0.0,0.002526032,0.0,1.5348196029663086e-05,1.5109777450561523e-05,1443.0,3064.0
1650162495,0.0,0.0009673075,0.0,1.5348196029663086e-05,1.5109777450561523e-05,481.0,660.0
1650162496,0.0,0.001715871,0.0,1.5348196029663086e-05,1.5109777450561523e-05,961.0,1320.0
1650162497,0.0,0.001715871,0.0,1.5348196029663086e-05,1.5109777450561523e-05,961.0,1320.0
1650162498,0.0,0.0018712515,0.0,1.5348196029663086e-05,1.5109777450561523e-05,1084.0,1385.0
1650162499,0.0,0.001702109,0.0,1.5407800674438477e-05,1.5169382095336914e-05,1226.0,1450.0
1650162500,0.0,0.001596266,0.0,1.5348196029663086e-05,1.5109777450561523e-05,962.0,1317.0
1650162501,0.0,0.001596266,0.0,1.5348196029663086e-05,1.5109777450561523e-05,962.0,1317.0
1650162502,0.0,0.0003982725,0.0,1.5348196029663086e-05,1.5109777450561523e-05,240.5,329.5
1650162503,0.0,0.002671963,0.0,1.5348196029663086e-05,1.5109777450561523e-05,1442.0,2757.0
1650162504,0.01,0.00238357,0.0,1.5348196029663086e-05,1.5109777450561523e-05,1443.0,1980.0
1650162505,0.01,0.00238357,0.0,1.5348196029663086e-05,1.5109777450561523e-05,1443.0,1980.0
1650162506,0.0,0.001357406,0.0,1.5348196029663086e-05,1.5109777450561523e-05,721.5,989.5
1650162507,0.0,0.001038202,0.01,1.513957977294922e-05,1.4901161193847656e-05,613.0,923.0
1650162508,0.0,0.001038202,0.01,1.513957977294922e-05,1.4901161193847656e-05,613.0,923.0
1650162509,0.0,0.0012176525,0.0,1.5348196029663086e-05,1.5109777450561523e-05,756.5,902.0
1650162510,0.0,0.0012176525,0.0,1.5348196029663086e-05,1.5109777450561523e-05,756.5,902.0
1650162511,0.0,0.001846471,0.005,1.5348196029663086e-05,1.5109777450561523e-05,1334.0,1715.0
1650162512,0.0,0.001846471,0.005,1.5348196029663086e-05,1.5109777450561523e-05,1334.0,1715.0
1650162513,0.0,0.0012626555,0.005,1.5407800674438477e-05,1.5169382095336914e-05,721.5,1376.0
1650162514,0.0,0.001545497,0.0,1.5348196029663086e-05,1.5109777450561523e-05,960.0,1320.0
1650162515,0.0,0.002728559,0.01,1.5467405319213867e-05,1.5228986740112305e-05,1441.0,1976.0
1650162516,0.0,0.002728559,0.01,1.5467405319213867e-05,1.5228986740112305e-05,1441.0,1976.0
1650162517,0.0,0.00118143,0.005,1.5348196029663086e-05,1.5109777450561523e-05,721.0,988.5
1650162518,0.0,0.000701137,0.0,1.537799835205078e-05,1.513957977294922e-05,480.0,660.0
1650162519,0.0,0.000701137,0.0,1.537799835205078e-05,1.513957977294922e-05,480.0,660.0
1650162520,0.0,0.0019224375,0.0,1.5348196029663086e-05,1.5109777450561523e-05,1370.0,1727.0
1650162521,0.0,0.002235476,0.0,1.5348196029663086e-05,1.5109777450561523e-05,1575.0,2046.0
1650162522,0.0,0.000685008,0.0,1.5348196029663086e-05,1.5109777450561523e-05,481.0,660.0
1650162523,0.0,0.001575917,0.0,1.5467405319213867e-05,1.5228986740112305e-05,962.0,2397.0
1650162524,0.0,0.001575917,0.0,1.5467405319213867e-05,1.5228986740112305e-05,962.0,2397.0
1650162525,0.0,0.002327376,0.0,1.5348196029663086e-05,1.5109777450561523e-05,1442.0,1980.0
1650162526,0.0,0.002327376,0.0,1.5348196029663086e-05,1.5109777450561523e-05,1442.0,1980.0
1650162527,0.005,0.002043426,0.0,1.5348196029663086e-05,1.5109777450561523e-05,1201.0,1649.0
1650162528,0.0,0.001666048,0.0,1.5348196029663086e-05,1.5109777450561523e-05,962.0,1318.0
1650162529,0.0,0.001666048,0.0,1.5348196029663086e-05,1.5109777450561523e-05,962.0,1318.0
1650162530,0.0,0.0007583125,0.0,1.513957977294922e-05,1.4901161193847656e-05,546.5,791.0
1650162531,0.0,0.002354257,0.01,1.5348196029663086e-05,1.5109777450561523e-05,1514.0,1804.0
1650162532,0.01,0.003187052,0.0,1.537799835205078e-05,1.513957977294922e-05,2186.0,2770.0
1650162533,0.01,0.003187052,0.0,1.537799835205078e-05,1.513957977294922e-05,2186.0,2770.0
1650162534,0.0,0.000800345,0.0,1.5348196029663086e-05,1.5109777450561523e-05,480.5,1997.5
1650162535,0.0,0.000800345,0.0,1.5348196029663086e-05,1.5109777450561523e-05,480.5,1997.5
1650162536,0.0,0.001173783,0.005,1.5348196029663086e-05,1.5109777450561523e-05,721.5,990.0
1650162537,0.0,0.001484352,0.0,1.5348196029663086e-05,1.5109777450561523e-05,962.0,1320.0
1650162538,0.0,0.001484352,0.0,1.5348196029663086e-05,1.5109777450561523e-05,962.0,1320.0
1650162539,0.0,0.001472735,0.0,1.537799835205078e-05,1.513957977294922e-05,962.0,1320.0
1650162540,0.0,0.001472735,0.0,1.537799835205078e-05,1.513957977294922e-05,962.0,1320.0
1650162541,0.0,0.0013177785,0.0,1.5348196029663086e-05,1.5109777450561523e-05,721.5,989.0
1650162542,0.0,0.002427829,0.0,1.5348196029663086e-05,1.5109777450561523e-05,1513.0,2003.0
1650162543,0.0,0.000931247,0.0,1.5348196029663086e-05,1.5109777450561523e-05,612.0,1813.0
1650162544,0.0,0.000931247,0.0,1.5348196029663086e-05,1.5109777450561523e-05,612.0,1813.0
1650162545,0.005,0.001565139,0.0,1.5348196029663086e-05,1.5109777450561523e-05,1093.5,1386.0
1650162546,0.0,0.000815774,0.01,1.5348196029663086e-05,1.5109777450561523e-05,481.0,660.0
1650162547,0.0,0.000815774,0.01,1.5348196029663086e-05,1.5109777450561523e-05,481.0,660.0
1650162548,0.0,0.0019642735,0.0,1.5348196029663086e-05,1.5109777450561523e-05,1223.5,1671.0
1650162549,0.0,0.0019642735,0.0,1.5348196029663086e-05,1.5109777450561523e-05,1223.5,1671.0
1650162550,0.0,0.0011808165,0.0,1.537799835205078e-05,1.513957977294922e-05,721.5,988.5
1650162551,0.0,0.0011808165,0.0,1.537799835205078e-05,1.513957977294922e-05,721.5,988.5
1650162552,0.0,0.0014787305,0.005,1.5467405319213867e-05,1.5228986740112305e-05,962.0,1319.5
1650162553,0.0,0.0014787305,0.005,1.5467405319213867e-05,1.5228986740112305e-05,962.0,1319.5
1650162554,0.0,0.00222315,0.0,1.5348196029663086e-05,1.5109777450561523e-05,1369.5,2270.0
1650162555,0.0,0.003906077,0.0,1.5467405319213867e-05,1.5228986740112305e-05,2537.0,3366.0
1650162556,0.0,0.001783841,0.0,1.5348196029663086e-05,1.5109777450561523e-05,961.0,1320.0
1650162557,0.0,0.001783841,0.0,1.5348196029663086e-05,1.5109777450561523e-05,961.0,1320.0
1650162558,0.0,0.0011254445,0.0,1.5348196029663086e-05,1.5109777450561523e-05,721.0,990.0
1650162559,0.0,0.0011254445,0.0,1.5348196029663086e-05,1.5109777450561523e-05,721.0,990.0
1650162560,0.005,0.0010986565,0.0,1.5527009963989258e-05,1.5288591384887695e-05,721.5,990.0
1650162561,0.01,0.002366045,0.01,1.5348196029663086e-05,1.5109777450561523e-05,1443.0,1980.0
1650162562,0.01,0.002366045,0.01,1.5348196029663086e-05,1.5109777450561523e-05,1443.0,1980.0
1650162563,0.0,0.0008699515,0.0,1.5348196029663086e-05,1.5109777450561523e-05,481.0,1531.0
1650162564,0.0,0.002403773,0.0,1.5348196029663086e-05,1.5109777450561523e-05,1514.0,2002.0
1650162565,0.0,0.002403773,0.0,1.5348196029663086e-05,1.5109777450561523e-05,1514.0,2002.0
1650162566,0.0,0.001117397,0.0,1.5348196029663086e-05,1.5109777450561523e-05,919.5,1089.0
1650162567,0.0,0.002231214,0.01,1.5348196029663086e-05,1.5109777450561523e-05,1440.0,1976.0
1650162568,0.0,0.002231214,0.01,1.5348196029663086e-05,1.5109777450561523e-05,1440.0,1976.0
1650162569,0.0,0.0018791505,0.0,1.5348196029663086e-05,1.5109777450561523e-05,1202.0,1649.0
1650162570,0.0,0.002153266,0.0,1.5348196029663086e-05,1.5109777450561523e-05,1441.0,1980.0
1650162571,0.0,0.002153266,0.0,1.5348196029663086e-05,1.5109777450561523e-05,1441.0,1980.0
1650162572,0.0,0.0019104835,0.0,1.5407800674438477e-05,1.5169382095336914e-05,1201.0,1647.0
1650162573,0.0,0.0019104835,0.0,1.5407800674438477e-05,1.5169382095336914e-05,1201.0,1647.0
1650162574,0.0,0.0015598435,0.0,1.537799835205078e-05,1.513957977294922e-05,962.0,2343.0
1650162575,0.0,0.000857035,0.0,1.513957977294922e-05,1.4901161193847656e-05,613.0,924.0
1650162576,0.01,0.003797363,0.0,1.5348196029663086e-05,1.5109777450561523e-05,2740.0,3258.0
1650162577,0.01,0.003797363,0.0,1.5348196029663086e-05,1.5109777450561523e-05,2740.0,3258.0
1650162578,0.005,0.000771905,0.0,1.5348196029663086e-05,1.5109777450561523e-05,479.5,658.0
1650162579,0.005,0.000771905,0.0,1.5348196029663086e-05,1.5109777450561523e-05,479.5,658.0
1650162580,0.0,0.001538061,0.0,1.5348196029663086e-05,1.5109777450561523e-05,961.5,1318.0
1650162581,0.0,0.001467603,0.0,1.5348196029663086e-05,1.5109777450561523e-05,962.0,1320.0
1650162582,0.0,0.001467603,0.0,1.5348196029663086e-05,1.5109777450561523e-05,962.0,1320.0
1650162583,0.0,0.0013155265,0.0,1.5348196029663086e-05,1.5109777450561523e-05,721.0,2017.5
1650162584,0.01,0.001778252,0.0,1.5348196029663086e-05,1.5109777450561523e-05,962.0,1320.0
1650162585,0.01,0.001778252,0.0,1.5348196029663086e-05,1.5109777450561523e-05,962.0,1320.0
1650162586,0.0,0.000828299,0.0,1.5348196029663086e-05,1.5109777450561523e-05,481.0,658.0
1650162587,0.0,0.001005911,0.0,1.513957977294922e-05,1.4901161193847656e-05,613.0,923.0
1650162588,0.0,0.001005911,0.0,1.513957977294922e-05,1.4901161193847656e-05,613.0,923.0
1650162589,0.005,0.00144461,0.0,1.5348196029663086e-05,1.5109777450561523e-05,1063.0,1266.0
1650162590,0.0,0.000724375,0.0,1.5348196029663086e-05,1.5109777450561523e-05,611.0,726.0
1650162591,0.0,0.000724375,0.0,1.5348196029663086e-05,1.5109777450561523e-05,611.0,726.0
1650162592,0.0,0.001486134,0.0,1.5348196029663086e-05,1.5109777450561523e-05,962.0,1320.0
1650162593,0.0,0.001486134,0.0,1.5348196029663086e-05,1.5109777450561523e-05,962.0,1320.0
1650162594,0.0,0.000762741,0.0,1.537799835205078e-05,1.513957977294922e-05,480.5,1353.5
1650162595,0.0,0.00222967,0.0,1.5407800674438477e-05,1.5169382095336914e-05,1443.0,1980.0
1650162596,0.0,0.002378627,0.0,1.5348196029663086e-05,1.5109777450561523e-05,1442.0,1978.0
1650162597,0.0,0.002378627,0.0,1.5348196029663086e-05,1.5109777450561523e-05,1442.0,1978.0
1650162598,0.0,0.0006801605,0.0,1.5348196029663086e-05,1.5109777450561523e-05,481.0,659.5
1650162599,0.0,0.000929841,0.0,1.513957977294922e-05,1.4901161193847656e-05,654.0,966.0
1650162600,0.0,0.002308666,0.0,1.5348196029663086e-05,1.5109777450561523e-05,1514.0,1805.0
1650162601,0.0,0.002308666,0.0,1.5348196029663086e-05,1.5109777450561523e-05,1514.0,1805.0
1650162602,0.0,0.001244481,0.0,1.5348196029663086e-05,1.5109777450561523e-05,613.0,726.0
1650162603,0.0,0.001244481,0.0,1.5348196029663086e-05,1.5109777450561523e-05,613.0,726.0
1650162604,0.0,0.0014406075,0.0,1.5348196029663086e-05,1.5109777450561523e-05,721.5,1224.0
1650162605,0.0,0.000663427,0.0,1.537799835205078e-05,1.513957977294922e-05,481.0,659.0
1650162606,0.0,0.000663427,0.0,1.537799835205078e-05,1.513957977294922e-05,481.0,659.0
1650162607,0.005,0.0011766135,0.0,1.537799835205078e-05,1.513957977294922e-05,721.0,988.5
1650162608,0.005,0.0011766135,0.0,1.537799835205078e-05,1.513957977294922e-05,721.0,988.5
1650162609,0.0,0.000788984,0.0,1.537799835205078e-05,1.513957977294922e-05,480.5,659.0
1650162610,0.01,0.003754675,0.01,1.633167266845703e-05,1.609325408935547e-05,2476.0,3324.0
1650162611,0.0,0.001569863,0.0,1.5348196029663086e-05,1.5109777450561523e-05,1226.0,1449.0
1650162612,0.0,0.001578093,0.0,1.5348196029663086e-05,1.5109777450561523e-05,1094.0,1386.0
1650162613,0.0,0.001578093,0.0,1.5348196029663086e-05,1.5109777450561523e-05,1094.0,1386.0
1650162614,0.0,0.00082189,0.005,1.5348196029663086e-05,1.5109777450561523e-05,481.0,1200.5
1650162615,0.0,0.003928276,0.0,1.5348196029663086e-05,1.5109777450561523e-05,2405.0,3299.0
1650162616,0.0,0.000765346,0.0,1.5348196029663086e-05,1.5109777450561523e-05,481.0,660.0
1650162617,0.0,0.001540751,0.0,1.5348196029663086e-05,1.5109777450561523e-05,962.0,1320.0
1650162618,0.0,0.001540751,0.0,1.5348196029663086e-05,1.5109777450561523e-05,962.0,1320.0
1650162619,0.005,0.0007157375,0.0,1.5348196029663086e-05,1.5109777450561523e-05,480.0,659.5
1650162620,0.01,0.001823324,0.0,1.5169382095336914e-05,1.4930963516235352e-05,1094.0,1584.0
1650162621,0.0,0.002196512,0.0,1.537799835205078e-05,1.513957977294922e-05,1513.0,1805.0
1650162622,0.0,0.002196512,0.0,1.537799835205078e-05,1.513957977294922e-05,1513.0,1805.0
1650162623,0.01,0.0016205115,0.0,1.5348196029663086e-05,1.5109777450561523e-05,1093.5,2417.5
1650162624,0.01,0.0016205115,0.0,1.5348196029663086e-05,1.5109777450561523e-05,1093.5,2417.5
1650162625,0.0,0.000690468,0.0,1.5348196029663086e-05,1.5109777450561523e-05,480.5,660.0
1650162626,0.0,0.00076485,0.0,1.5348196029663086e-05,1.5109777450561523e-05,481.0,660.0
1650162627,0.0,0.00076485,0.0,1.5348196029663086e-05,1.5109777450561523e-05,481.0,660.0
1650162628,0.0,0.001416846,0.0,1.5348196029663086e-05,1.5109777450561523e-05,962.0,1319.5
1650162629,0.0,0.001416846,0.0,1.5348196029663086e-05,1.5109777450561523e-05,962.0,1319.5
1650162630,0.0,0.0014052135,0.0,1.537799835205078e-05,1.513957977294922e-05,961.5,1319.5
1650162631,0.0,0.001868801,0.0,1.513957977294922e-05,1.4901161193847656e-05,1094.0,1583.0
1650162632,0.0,0.001868801,0.0,1.513957977294922e-05,1.4901161193847656e-05,1094.0,1583.0
1650162633,0.0,0.0014673615,0.0,1.5348196029663086e-05,1.5109777450561523e-05,756.5,1131.5
1650162634,0.0,0.0014673615,0.0,1.5348196029663086e-05,1.5109777450561523e-05,756.5,1131.5
1650162635,0.0,0.001258929,0.005,1.537799835205078e-05,1.513957977294922e-05,853.5,1056.0
1650162636,0.0,0.00238872,0.0,1.5348196029663086e-05,1.5109777450561523e-05,1442.0,1979.0
1650162637,0.0,0.00238872,0.0,1.5348196029663086e-05,1.5109777450561523e-05,1442.0,1979.0
1650162638,0.0,0.0008950945,0.0,1.5348196029663086e-05,1.5109777450561523e-05,481.0,660.0
1650162639,0.0,0.001029251,0.0,1.5348196029663086e-05,1.5109777450561523e-05,481.0,660.0
1650162640,0.0,0.001901434,0.0,1.5348196029663086e-05,1.5109777450561523e-05,960.0,1318.0
1650162641,0.0,0.001901434,0.0,1.5348196029663086e-05,1.5109777450561523e-05,960.0,1318.0
1650162642,0.0,0.0013652565,0.0,1.5348196029663086e-05,1.5109777450561523e-05,721.5,990.0
1650162643,0.0,0.003782412,0.01,1.5348196029663086e-05,1.5109777450561523e-05,1994.0,5020.0
1650162644,0.01,0.00249547,0.0,1.5348196029663086e-05,1.5109777450561523e-05,1839.0,2177.0
1650162645,0.0,0.001704988,0.0,1.5467405319213867e-05,1.5228986740112305e-05,962.0,1318.0
1650162646,0.0,0.001704988,0.0,1.5467405319213867e-05,1.5228986740112305e-05,962.0,1318.0
1650162647,0.0,0.0004351025,0.0,1.5348196029663086e-05,1.5109777450561523e-05,240.5,330.0
1650162648,0.0,0.003271129,0.0,1.5407800674438477e-05,1.5169382095336914e-05,1966.0,2680.0
1650162649,0.0,0.000889355,0.0,1.5348196029663086e-05,1.5109777450561523e-05,481.0,660.0
1650162650,0.01,0.00262046,0.0,1.5348196029663086e-05,1.5109777450561523e-05,1442.0,1978.0
1650162651,0.01,0.00262046,0.0,1.5348196029663086e-05,1.5109777450561523e-05,1442.0,1978.0
1650162652,0.0,0.0008196865,0.0,1.5407800674438477e-05,1.5169382095336914e-05,481.0,660.0
1650162653,0.0,0.0008196865,0.0,1.5407800674438477e-05,1.5169382095336914e-05,481.0,660.0
1650162654,0.0,0.0005992535,0.0,1.513957977294922e-05,1.4901161193847656e-05,306.5,693.0
1650162655,0.0,0.0005992535,0.0,1.513957977294922e-05,1.4901161193847656e-05,306.5,693.0
1650162656,0.0,0.0008172715,0.0,1.5348196029663086e-05,1.5109777450561523e-05,450.5,540.0
1650162657,0.0,0.000894644,0.0,1.5407800674438477e-05,1.5169382095336914e-05,613.0,726.0
1650162658,0.0,0.000894644,0.0,1.5407800674438477e-05,1.5169382095336914e-05,613.0,726.0
1650162659,0.0,0.0,0.0,1.5348196029663086e-05,1.5109777450561523e-05,0.0,0.0
1650162660,0.0,0.0,0.0,1.5348196029663086e-05,1.5109777450561523e-05,0.0,0.0
1650162661,0.0,0.000434907,0.0,1.5348196029663086e-05,1.5109777450561523e-05,306.5,362.5
1650162662,0.0,0.000871729,0.0,1.5348196029663086e-05,1.5109777450561523e-05,613.0,726.0
1650162663,0.0,0.000871729,0.0,1.5348196029663086e-05,1.5109777450561523e-05,613.0,726.0
1650162664,0.0,0.0004489705,0.0,1.5348196029663086e-05,1.5109777450561523e-05,240.5,330.0
1650162665,0.0,0.0004489705,0.0,1.5348196029663086e-05,1.5109777450561523e-05,240.5,330.0
1650162666,0.0,0.0006007525,0.0,1.5169382095336914e-05,1.4930963516235352e-05,306.5,462.0
1650162667,0.0,0.0,0.0,1.5169382095336914e-05,1.4930963516235352e-05,0.0,0.0
1650162668,0.0,0.0,0.0,1.5169382095336914e-05,1.4930963516235352e-05,0.0,0.0
1650162669,0.0,0.00082213,0.0,1.537799835205078e-05,1.513957977294922e-05,450.5,540.0
1650162670,0.0,0.00082213,0.0,1.537799835205078e-05,1.513957977294922e-05,450.5,540.0
1650162671,0.0,0.0004826275,0.0,1.5348196029663086e-05,1.5109777450561523e-05,306.5,363.0
1650162672,0.0,0.000822979,0.0,1.5348196029663086e-05,1.5109777450561523e-05,613.0,726.0
1650162673,0.0,0.000822979,0.0,1.5348196029663086e-05,1.5109777450561523e-05,613.0,726.0
1650162674,0.0,0.0005256825,0.0,1.5348196029663086e-05,1.5109777450561523e-05,306.5,593.5
1650162675,0.0,0.0005256825,0.0,1.5348196029663086e-05,1.5109777450561523e-05,306.5,593.5
1650162676,0.0,0.0003840985,0.0,1.5348196029663086e-05,1.5109777450561523e-05,240.5,330.0
1650162677,0.0,0.0,0.0,1.5348196029663086e-05,1.5109777450561523e-05,0.0,0.0
1650162678,0.0,0.0,0.0,1.5348196029663086e-05,1.5109777450561523e-05,0.0,0.0
1650162679,0.0,0.0,0.0,1.5348196029663086e-05,1.5109777450561523e-05,0.0,0.0
1650162680,0.0,0.0,0.0,1.5348196029663086e-05,1.5109777450561523e-05,0.0,0.0
1650162681,0.0,0.00072594525,0.0,1.537799835205078e-05,1.513957977294922e-05,378.5,501.0
1650162682,0.0,0.00072594525,0.0,1.537799835205078e-05,1.513957977294922e-05,378.5,501.0
1650162683,0.0,0.000526431,0.0,1.5437602996826172e-05,1.519918441772461e-05,306.5,593.5
1650162684,0.0,0.000825453,0.0,1.5348196029663086e-05,1.5109777450561523e-05,613.0,726.0
1650162685,0.0,0.0,0.0,1.5348196029663086e-05,1.5109777450561523e-05,0.0,0.0
1650162686,0.0,0.0,0.0,1.5348196029663086e-05,1.5109777450561523e-05,0.0,0.0
1650162687,0.0,0.000543388,0.0,1.5348196029663086e-05,1.5109777450561523e-05,306.5,363.0
1650162688,0.0,0.000907973,0.0,1.5407800674438477e-05,1.5169382095336914e-05,481.0,660.0
1650162689,0.0,0.000907973,0.0,1.5407800674438477e-05,1.5169382095336914e-05,481.0,660.0
1650162690,0.0,0.000557476,0.0,1.513957977294922e-05,1.4901161193847656e-05,305.0,460.0
1650162691,0.0,0.000557476,0.0,1.513957977294922e-05,1.4901161193847656e-05,305.0,460.0
1650162692,0.0,0.000746404,0.0,1.5348196029663086e-05,1.5109777450561523e-05,450.5,539.5
1650162693,0.0,0.000746404,0.0,1.5348196029663086e-05,1.5109777450561523e-05,450.5,539.5
1650162694,0.0,9.26355e-05,0.0,1.5348196029663086e-05,1.5109777450561523e-05,0.0,389.0
1650162695,0.0,0.000748209,0.0,1.537799835205078e-05,1.513957977294922e-05,613.0,726.0
1650162696,0.0,0.000748209,0.0,1.537799835205078e-05,1.513957977294922e-05,613.0,726.0
1650162697,0.0,0.0004190885,0.0,1.5348196029663086e-05,1.5109777450561523e-05,306.5,363.0
1650162698,0.0,0.0004190885,0.0,1.5348196029663086e-05,1.5109777450561523e-05,306.5,363.0
1650162699,0.0,0.000435183,0.0,1.5348196029663086e-05,1.5109777450561523e-05,327.5,384.0
1650162700,0.0,0.0,0.0,1.5348196029663086e-05,1.5109777450561523e-05,0.0,0.0
1650162701,0.0,0.0,0.0,1.5348196029663086e-05,1.5109777450561523e-05,0.0,0.0
1650162702,0.0,0.0,0.0,1.5348196029663086e-05,1.5109777450561523e-05,0.0,0.0
1650162703,0.0,0.0006297326666666,0.0,1.513957977294922e-05,1.4901161193847656e-05,364.6666666666667,527.6666666666666
1650162704,0.0,0.0,0.0,1.513957977294922e-05,1.4901161193847656e-05,0.0,0.0
1650162705,0.0,0.0,0.0,1.513957977294922e-05,1.4901161193847656e-05,0.0,0.0
1650162706,0.0,0.0,0.0,1.513957977294922e-05,1.4901161193847656e-05,0.0,0.0
1650162707,0.0033333333333333,0.0008472276666666,0.0,1.5348196029663086e-05,1.5109777450561523e-05,504.6666666666667,602.0
1650162708,0.0,0.000866299,0.0,1.6033649444580078e-05,1.5795230865478516e-05,613.0,726.0
1650162709,0.0,0.000866299,0.0,1.6033649444580078e-05,1.5795230865478516e-05,613.0,726.0
1650162710,0.0,0.0,0.0,1.537799835205078e-05,1.513957977294922e-05,0.0,0.0
1650162711,0.0,0.000868481,0.0,1.537799835205078e-05,1.513957977294922e-05,613.0,726.0
1650162712,0.0,0.0,0.0,1.537799835205078e-05,1.513957977294922e-05,0.0,0.0
1650162713,0.0,0.0,0.0,1.537799835205078e-05,1.513957977294922e-05,0.0,0.0
1650162714,0.0,0.0,0.0,1.537799835205078e-05,1.513957977294922e-05,0.0,0.0
1650162715,0.0,0.0,0.0,1.537799835205078e-05,1.513957977294922e-05,0.0,0.0
1650162716,0.0,0.00053793375,0.0025,1.513957977294922e-05,1.4901161193847656e-05,273.0,511.25
1650162717,0.0,0.001645608,0.0,1.5348196029663086e-05,1.5109777450561523e-05,901.0,1080.0
1650162718,0.0,0.001645608,0.0,1.5348196029663086e-05,1.5109777450561523e-05,901.0,1080.0
1650162719,0.0,0.0004231765,0.0,1.5348196029663086e-05,1.5109777450561523e-05,306.5,363.0
1650162720,0.0,0.0004231765,0.0,1.5348196029663086e-05,1.5109777450561523e-05,306.5,363.0
1650162721,0.0,0.0004099485,0.0,1.5407800674438477e-05,1.5169382095336914e-05,306.5,363.0
1650162722,0.0,0.0004099485,0.0,1.5407800674438477e-05,1.5169382095336914e-05,306.5,363.0
1650162723,0.005,0.0006506695,0.0,1.5407800674438477e-05,1.5169382095336914e-05,306.5,594.0
1650162724,0.0,0.0,0.0,1.5348196029663086e-05,1.5109777450561523e-05,0.0,0.0
1650162725,0.0,0.0,0.0,1.5348196029663086e-05,1.5109777450561523e-05,0.0,0.0
1650162726,0.0,0.0004121395,0.0,1.5348196029663086e-05,1.5109777450561523e-05,240.5,329.0
1650162727,0.0,0.000986151,0.0,1.5228986740112305e-05,1.4990568161010742e-05,613.0,924.0
1650162728,0.0,0.000986151,0.0,1.5228986740112305e-05,1.4990568161010742e-05,613.0,924.0
1650162729,0.0,0.000892422,0.0,1.5437602996826172e-05,1.519918441772461e-05,449.5,538.0
1650162730,0.0,0.000892422,0.0,1.5437602996826172e-05,1.519918441772461e-05,449.5,538.0
1650162731,0.0,0.0,0.0,1.5348196029663086e-05,1.5109777450561523e-05,0.0,0.0
1650162732,0.0,0.000868241,0.0,1.5348196029663086e-05,1.5109777450561523e-05,613.0,726.0
1650162733,0.0,0.000967022,0.0,1.5348196029663086e-05,1.5109777450561523e-05,613.0,1184.0
1650162734,0.0,0.0,0.0,1.5348196029663086e-05,1.5109777450561523e-05,0.0,0.0
1650162735,0.0,0.0,0.0,1.5348196029663086e-05,1.5109777450561523e-05,0.0,0.0
1650162736,0.0,0.0004556835,0.0,1.5348196029663086e-05,1.5109777450561523e-05,306.5,363.0
1650162737,0.0,0.0004556835,0.0,1.5348196029663086e-05,1.5109777450561523e-05,306.5,363.0
1650162738,0.0,0.0004647965,0.0,1.5944242477416992e-05,1.570582389831543e-05,240.5,330.0
1650162739,0.0,0.0004647965,0.0,1.5944242477416992e-05,1.570582389831543e-05,240.5,330.0
1650162740,0.005,0.000576006,0.0,1.5169382095336914e-05,1.4930963516235352e-05,306.0,461.0
1650162741,0.005,0.000576006,0.0,1.5169382095336914e-05,1.4930963516235352e-05,306.0,461.0
1650162742,0.0,0.00081194,0.0,1.5348196029663086e-05,1.5109777450561523e-05,450.5,540.0
1650162743,0.0,0.001176654,0.0,1.5407800674438477e-05,1.5169382095336914e-05,613.0,1189.0
1650162744,0.0,0.001176654,0.0,1.5407800674438477e-05,1.5169382095336914e-05,613.0,1189.0
1650162745,0.0,0.000463373,0.0,1.5348196029663086e-05,1.5109777450561523e-05,306.5,363.0
1650162746,0.0,0.000463373,0.0,1.5348196029663086e-05,1.5109777450561523e-05,306.5,363.0
1650162747,0.0,0.0,0.0,1.5348196029663086e-05,1.5109777450561523e-05,0.0,0.0
1650162748,0.0,0.0,0.0,1.5348196029663086e-05,1.5109777450561523e-05,0.0,0.0
1650162749,0.0,0.0009705635,0.0,1.5467405319213867e-05,1.5228986740112305e-05,567.5,712.5
1650162750,0.0,0.0009705635,0.0,1.5467405319213867e-05,1.5228986740112305e-05,567.5,712.5
1650162751,0.0,0.0,0.0,1.5348196029663086e-05,1.5109777450561523e-05,0.0,0.0
1650162752,0.0,0.000984136,0.0,1.513957977294922e-05,1.4901161193847656e-05,612.0,924.0
1650162753,0.0,0.000984136,0.0,1.513957977294922e-05,1.4901161193847656e-05,612.0,924.0
1650162754,0.0,0.0008385165,0.0,1.5348196029663086e-05,1.5109777450561523e-05,450.5,928.5
1650162755,0.0,0.000850609,0.0,1.537799835205078e-05,1.513957977294922e-05,613.0,726.0
1650162756,0.0,0.000850609,0.0,1.537799835205078e-05,1.513957977294922e-05,613.0,726.0
1650162757,0.0,0.000509519,0.0,1.5407800674438477e-05,1.5169382095336914e-05,306.0,361.5
1650162758,0.0,0.000509519,0.0,1.5407800674438477e-05,1.5169382095336914e-05,306.0,361.5
1650162759,0.0,0.0,0.0,1.5348196029663086e-05,1.5109777450561523e-05,0.0,0.0
1650162760,0.0,0.000825033,0.01,1.5348196029663086e-05,1.5109777450561523e-05,613.0,726.0
1650162761,0.0,0.000825033,0.01,1.5348196029663086e-05,1.5109777450561523e-05,613.0,726.0
1650162762,0.0,0.0004249255,0.0,1.537799835205078e-05,1.513957977294922e-05,240.5,330.0
1650162763,0.0,0.0004249255,0.0,1.537799835205078e-05,1.513957977294922e-05,240.5,330.0
1650162764,0.005,0.0006833685,0.0,1.513957977294922e-05,1.4901161193847656e-05,306.0,690.5
1650162765,0.005,0.0006833685,0.0,1.513957977294922e-05,1.4901161193847656e-05,306.0,690.5
1650162766,0.0,0.000790439,0.0,1.5348196029663086e-05,1.5109777450561523e-05,450.5,540.0
1650162767,0.0,0.000790439,0.0,1.5348196029663086e-05,1.5109777450561523e-05,450.5,540.0
1650162768,0.0,0.000400786,0.0,1.5348196029663086e-05,1.5109777450561523e-05,306.5,363.0
1650162769,0.0,0.000824127,0.0,1.5467405319213867e-05,1.5228986740112305e-05,613.0,726.0
1650162770,0.0,0.000824127,0.0,1.5467405319213867e-05,1.5228986740112305e-05,613.0,726.0
1650162771,0.0,0.0,0.0,1.5348196029663086e-05,1.5109777450561523e-05,0.0,0.0
1650162772,0.0,0.000837544,0.0,1.5348196029663086e-05,1.5109777450561523e-05,613.0,726.0
1650162773,0.0,0.000941774,0.0,1.5467405319213867e-05,1.5228986740112305e-05,480.0,1120.0
1650162774,0.0,0.000941774,0.0,1.5467405319213867e-05,1.5228986740112305e-05,480.0,1120.0
1650162775,0.0,0.0,0.0,1.5348196029663086e-05,1.5109777450561523e-05,0.0,0.0
1650162776,0.0,0.001188152,0.0,1.513957977294922e-05,1.4901161193847656e-05,612.0,922.0
1650162777,0.0,0.001188152,0.0,1.513957977294922e-05,1.4901161193847656e-05,612.0,922.0
1650162778,0.0,0.0008474815,0.0,1.5348196029663086e-05,1.5109777450561523e-05,471.5,561.0
1650162779,0.0,0.0,0.0,1.5348196029663086e-05,1.5109777450561523e-05,0.0,0.0
1650162780,0.0,0.0,0.0,1.5348196029663086e-05,1.5109777450561523e-05,0.0,0.0
1650162781,0.0,0.0,0.0,1.5348196029663086e-05,1.5109777450561523e-05,0.0,0.0
1650162782,0.0,0.0006933746666666,0.0,1.5348196029663086e-05,1.5109777450561523e-05,408.6666666666667,484.0
1650162783,0.0,0.0006933746666666,0.0,1.5348196029663086e-05,1.5109777450561523e-05,408.6666666666667,484.0
1650162784,0.0,0.0005359095,0.0,1.537799835205078e-05,1.513957977294922e-05,306.5,903.5
1650162785,0.0,0.0005359095,0.0,1.537799835205078e-05,1.513957977294922e-05,306.5,903.5
1650162786,0.005,0.002330283,0.0,1.5348196029663086e-05,1.5109777450561523e-05,1202.0,1649.0
1650162787,0.0,0.002443227,0.0,1.5467405319213867e-05,1.5228986740112305e-05,1443.0,1980.0
1650162788,0.0,0.002443227,0.0,1.5467405319213867e-05,1.5228986740112305e-05,1443.0,1980.0
1650162789,0.0,0.0013189285,0.0,1.5556812286376953e-05,1.531839370727539e-05,757.0,1001.5
1650162790,0.0,0.002513284,0.0,1.5348196029663086e-05,1.5109777450561523e-05,1838.0,2178.0
1650162791,0.0,0.002513284,0.0,1.5348196029663086e-05,1.5109777450561523e-05,1838.0,2178.0
1650162792,0.0,0.0017269675,0.0,1.5348196029663086e-05,1.5109777450561523e-05,962.0,1320.0
1650162793,0.0,0.0017269675,0.0,1.5348196029663086e-05,1.5109777450561523e-05,962.0,1320.0
1650162794,0.0,0.001300486,0.0,1.5407800674438477e-05,1.5169382095336914e-05,721.5,1535.5
1650162795,0.0,0.001300486,0.0,1.5407800674438477e-05,1.5169382095336914e-05,721.5,1535.5
1650162796,0.0,0.000815888,0.0,1.5348196029663086e-05,1.5109777450561523e-05,481.0,659.0
1650162797,0.0,0.002489903,0.0,1.537799835205078e-05,1.513957977294922e-05,1443.0,1980.0
1650162798,0.0,0.002489903,0.0,1.537799835205078e-05,1.513957977294922e-05,1443.0,1980.0
1650162799,0.0,0.001279786,0.0,1.5348196029663086e-05,1.5109777450561523e-05,721.0,989.0
1650162800,0.0,0.00363663,0.01,1.5407800674438477e-05,1.5169382095336914e-05,2127.0,2729.0
1650162801,0.0,0.00363663,0.01,1.5407800674438477e-05,1.5169382095336914e-05,2127.0,2729.0
1650162802,0.0,0.000880972,0.005,1.5348196029663086e-05,1.5109777450561523e-05,613.0,726.0
1650162803,0.0,0.000880972,0.005,1.5348196029663086e-05,1.5109777450561523e-05,613.0,726.0
1650162804,0.0,0.0017883685,0.0,1.558661460876465e-05,1.5348196029663086e-05,961.0,1706.0
1650162805,0.0,0.001627976,0.0,1.5348196029663086e-05,1.5109777450561523e-05,962.0,1320.0
1650162806,0.0,0.001627976,0.0,1.5348196029663086e-05,1.5109777450561523e-05,962.0,1320.0
1650162807,0.0,0.001372714,0.0,1.5348196029663086e-05,1.5109777450561523e-05,720.5,990.0
1650162808,0.0,0.001372714,0.0,1.5348196029663086e-05,1.5109777450561523e-05,720.5,990.0
1650162809,0.0,0.0009226395,0.0,1.5348196029663086e-05,1.5109777450561523e-05,501.5,680.0
1650162810,0.01,0.004623972,0.0,1.537799835205078e-05,1.513957977294922e-05,2606.0,3388.0
1650162811,0.01,0.004623972,0.0,1.537799835205078e-05,1.513957977294922e-05,2606.0,3388.0
1650162812,0.0,0.0013005015,0.005,1.5348196029663086e-05,1.5109777450561523e-05,853.0,1055.5
1650162813,0.0,0.002796228,0.0,1.5348196029663086e-05,1.5109777450561523e-05,1443.0,3384.0
1650162814,0.0,0.002796228,0.0,1.5348196029663086e-05,1.5109777450561523e-05,1443.0,3384.0
1650162815,0.0,0.000932249,0.0,1.5407800674438477e-05,1.5169382095336914e-05,480.0,659.0
1650162816,0.0,0.000932249,0.0,1.5407800674438477e-05,1.5169382095336914e-05,480.0,659.0
1650162817,0.0,0.0004703265,0.0,1.5348196029663086e-05,1.5109777450561523e-05,240.0,328.0
1650162818,0.0,0.0004703265,0.0,1.5348196029663086e-05,1.5109777450561523e-05,240.0,328.0
1650162819,0.0,0.0003933955,0.0,1.5348196029663086e-05,1.5109777450561523e-05,240.5,330.0
1650162820,0.0,0.001917096,0.0,1.5228986740112305e-05,1.4990568161010742e-05,1094.0,1582.0
1650162821,0.0,0.001917096,0.0,1.5228986740112305e-05,1.4990568161010742e-05,1094.0,1582.0
1650162822,0.0,0.0008102795,0.0,1.537799835205078e-05,1.513957977294922e-05,450.5,540.0
1650162823,0.0,0.0008102795,0.0,1.537799835205078e-05,1.513957977294922e-05,450.5,540.0
1650162824,0.0,0.0008988525,0.0,1.5348196029663086e-05,1.5109777450561523e-05,613.0,1269.5
1650162825,0.0,0.000804298,0.0,1.5348196029663086e-05,1.5109777450561523e-05,612.0,725.0
1650162826,0.0,0.000804298,0.0,1.5348196029663086e-05,1.5109777450561523e-05,612.0,725.0
1650162827,0.0,0.000420448,0.0,1.537799835205078e-05,1.513957977294922e-05,240.5,330.0
1650162828,0.0,0.0,0.0,1.537799835205078e-05,1.513957977294922e-05,0.0,0.0
1650162829,0.0,0.0,0.0,1.537799835205078e-05,1.513957977294922e-05,0.0,0.0
1650162830,0.0,0.0,0.0,1.537799835205078e-05,1.513957977294922e-05,0.0,0.0
1650162831,0.0,0.0014200826666666,0.0,1.5407800674438477e-05,1.5169382095336914e-05,801.0,1099.0
1650162832,0.0,0.0014200826666666,0.0,1.5407800674438477e-05,1.5169382095336914e-05,801.0,1099.0
1650162833,0.005,0.0013861235,0.0,1.537799835205078e-05,1.513957977294922e-05,757.0,1231.5
1650162834,0.0,0.000811211,0.0,1.5348196029663086e-05,1.5109777450561523e-05,613.0,726.0
1650162835,0.0,0.000811211,0.0,1.5348196029663086e-05,1.5109777450561523e-05,613.0,726.0
1650162836,0.0,0.0008845445,0.0,1.5348196029663086e-05,1.5109777450561523e-05,613.0,725.0
1650162837,0.0,0.0,0.0,1.5348196029663086e-05,1.5109777450561523e-05,0.0,0.0
1650162838,0.0,0.0,0.0,1.5348196029663086e-05,1.5109777450561523e-05,0.0,0.0
1650162839,0.0,0.0,0.0,1.5348196029663086e-05,1.5109777450561523e-05,0.0,0.0
1650162840,0.0,0.0008070016666666,0.0,1.5348196029663086e-05,1.5109777450561523e-05,495.0,673.6666666666666
1650162841,0.0,0.000940793,0.0,1.5348196029663086e-05,1.5109777450561523e-05,481.0,660.0
1650162842,0.0,0.001019423,0.0,1.5348196029663086e-05,1.5109777450561523e-05,481.0,658.0
1650162843,0.0,0.001228776,0.0,1.513957977294922e-05,1.4901161193847656e-05,613.0,1386.0
1650162844,0.0,0.001228776,0.0,1.513957977294922e-05,1.4901161193847656e-05,613.0,1386.0
1650162845,0.0,0.001160167,0.0,1.537799835205078e-05,1.513957977294922e-05,757.0,903.0
1650162846,0.0,0.000828178,0.0,1.537799835205078e-05,1.513957977294922e-05,612.0,726.0
1650162847,0.0,0.000828178,0.0,1.537799835205078e-05,1.513957977294922e-05,612.0,726.0
1650162848,0.0,0.0004984055,0.0,1.5348196029663086e-05,1.5109777450561523e-05,306.5,363.0
1650162849,0.0,0.0004984055,0.0,1.5348196029663086e-05,1.5109777450561523e-05,306.5,363.0
1650162850,0.0,0.0009892565,0.0,1.5348196029663086e-05,1.5109777450561523e-05,481.0,660.0
1650162851,0.0,0.001779571,0.0,1.5348196029663086e-05,1.5109777450561523e-05,961.0,1318.0
1650162852,0.0,0.001779571,0.0,1.5348196029663086e-05,1.5109777450561523e-05,961.0,1318.0
1650162853,0.0,0.0004309875,0.0,1.5348196029663086e-05,1.5109777450561523e-05,240.5,330.0
1650162854,0.0,0.001024776,0.0,1.5348196029663086e-05,1.5109777450561523e-05,481.0,1743.0
1650162855,0.0,0.001024776,0.0,1.5348196029663086e-05,1.5109777450561523e-05,481.0,1743.0
1650162856,0.0,0.0013808025,0.0,1.5348196029663086e-05,1.5109777450561523e-05,757.0,1001.0
1650162857,0.0,0.0013808025,0.0,1.5348196029663086e-05,1.5109777450561523e-05,757.0,1001.0
1650162858,0.01,0.000874143,0.0,1.5348196029663086e-05,1.5109777450561523e-05,613.0,726.0
1650162859,0.0,0.002645282,0.0,1.6063451766967773e-05,1.582503318786621e-05,1574.0,2046.0
1650162860,0.0,0.0,0.0,1.537799835205078e-05,1.513957977294922e-05,0.0,0.0
1650162861,0.0,0.0,0.0,1.537799835205078e-05,1.513957977294922e-05,0.0,0.0
1650162862,0.0,0.0004160955,0.0,1.5348196029663086e-05,1.5109777450561523e-05,240.0,330.0
1650162863,0.0,0.00201994,0.0,1.5348196029663086e-05,1.5109777450561523e-05,961.0,2404.0
1650162864,0.0,0.00201994,0.0,1.5348196029663086e-05,1.5109777450561523e-05,961.0,2404.0
1650162865,0.0,0.000394931,0.0,1.5348196029663086e-05,1.5109777450561523e-05,239.5,330.0
1650162866,0.0,0.0,0.0,1.5348196029663086e-05,1.5109777450561523e-05,0.0,0.0
1650162867,0.0,0.0,0.0,1.5348196029663086e-05,1.5109777450561523e-05,0.0,0.0
1650162868,0.005,0.0017558615,0.0,1.5348196029663086e-05,1.5109777450561523e-05,1084.5,1385.0
1650162869,0.0,0.000948496,0.0,1.5348196029663086e-05,1.5109777450561523e-05,613.0,726.0
1650162870,0.01,0.001799182,0.0,1.5348196029663086e-05,1.5109777450561523e-05,1092.0,1386.0
1650162871,0.0,0.000776821,0.0,1.5348196029663086e-05,1.5109777450561523e-05,481.0,659.0
1650162872,0.0,0.000803121,0.0,1.5348196029663086e-05,1.5109777450561523e-05,480.0,660.0
1650162873,0.0,0.000803121,0.0,1.5348196029663086e-05,1.5109777450561523e-05,480.0,660.0
1650162874,0.0,0.000447719,0.0,1.5348196029663086e-05,1.5109777450561523e-05,240.5,330.0
1650162875,0.0,0.000814016,0.0,1.5348196029663086e-05,1.5109777450561523e-05,481.0,660.0
1650162876,0.0,0.000814016,0.0,1.5348196029663086e-05,1.5109777450561523e-05,481.0,660.0
1650162877,0.0,0.0008763795,0.005,1.5348196029663086e-05,1.5109777450561523e-05,481.0,660.0
1650162878,0.0,0.001096334,0.0,1.519918441772461e-05,1.4960765838623049e-05,613.0,924.0
1650162879,0.0,0.0,0.0,1.519918441772461e-05,1.4960765838623049e-05,0.0,0.0
1650162880,0.0,0.0,0.0,1.519918441772461e-05,1.4960765838623049e-05,0.0,0.0
1650162881,0.0,0.000810983,0.0,1.5348196029663086e-05,1.5109777450561523e-05,450.5,540.0
1650162882,0.0,0.000810983,0.0,1.5348196029663086e-05,1.5109777450561523e-05,450.5,540.0
1650162883,0.0,0.000472829,0.0,1.5348196029663086e-05,1.5109777450561523e-05,306.5,363.0
1650162884,0.0,0.001061816,0.0,1.5348196029663086e-05,1.5109777450561523e-05,613.0,726.0
1650162885,0.0,0.001061816,0.0,1.5348196029663086e-05,1.5109777450561523e-05,613.0,726.0
1650162886,0.005,0.001207686,0.0,1.5348196029663086e-05,1.5109777450561523e-05,787.5,1023.0
1650162887,0.0,0.000919088,0.0,1.5348196029663086e-05,1.5109777450561523e-05,481.0,660.0
1650162888,0.0,0.0,0.0,1.5348196029663086e-05,1.5109777450561523e-05,0.0,0.0
1650162889,0.0,0.0,0.0,1.5348196029663086e-05,1.5109777450561523e-05,0.0,0.0
1650162890,0.0,0.001925446,0.0,1.52587890625e-05,1.5020370483398438e-05,1027.0,1450.0
1650162891,0.0,0.001925446,0.0,1.52587890625e-05,1.5020370483398438e-05,1027.0,1450.0
1650162892,0.0,0.0007771935,0.0,1.5348196029663086e-05,1.5109777450561523e-05,450.5,539.5
1650162893,0.01,0.001167001,0.0,1.5348196029663086e-05,1.5109777450561523e-05,613.0,1492.0
1650162894,0.0,0.002727968,0.01,1.5348196029663086e-05,1.5109777450561523e-05,1707.0,2112.0
1650162895,0.0,0.002727968,0.01,1.5348196029663086e-05,1.5109777450561523e-05,1707.0,2112.0
1650162896,0.0,0.0004091665,0.0,1.5348196029663086e-05,1.5109777450561523e-05,240.5,330.0
1650162897,0.0,0.0,0.0,1.5348196029663086e-05,1.5109777450561523e-05,0.0,0.0
1650162898,0.0,0.0,0.0,1.5348196029663086e-05,1.5109777450561523e-05,0.0,0.0
1650162899,0.0,0.0004361115,0.0,1.5348196029663086e-05,1.5109777450561523e-05,261.5,351.0
1650162900,0.0,0.00264668,0.0,1.558661460876465e-05,1.5348196029663086e-05,1443.0,1980.0
1650162901,0.0,0.00264668,0.0,1.558661460876465e-05,1.5348196029663086e-05,1443.0,1980.0
1650162902,0.0,0.000422876,0.0,1.5348196029663086e-05,1.5109777450561523e-05,240.5,330.0
1650162903,0.0,0.001228306,0.0,1.513957977294922e-05,1.4901161193847656e-05,611.0,1390.0
1650162904,0.0,0.001228306,0.0,1.513957977294922e-05,1.4901161193847656e-05,611.0,1390.0
1650162905,0.0,0.001349623,0.0,1.5348196029663086e-05,1.5109777450561523e-05,757.0,903.0
1650162906,0.0,0.00253177,0.01,1.5348196029663086e-05,1.5109777450561523e-05,1707.0,2112.0
1650162907,0.0,0.00253177,0.01,1.5348196029663086e-05,1.5109777450561523e-05,1707.0,2112.0
1650162908,0.0,0.0,0.0,1.5348196029663086e-05,1.5109777450561523e-05,0.0,0.0
1650162909,0.0,0.0,0.0,1.5348196029663086e-05,1.5109777450561523e-05,0.0,0.0
1650162910,0.0,0.0,0.0,1.5348196029663086e-05,1.5109777450561523e-05,0.0,0.0
1650162911,0.0,0.0005954346666666,0.0,1.5348196029663086e-05,1.5109777450561523e-05,320.6666666666667,440.0
1650162912,0.0,0.0005954346666666,0.0,1.5348196029663086e-05,1.5109777450561523e-05,320.6666666666667,440.0
1650162913,0.0,0.0010156,0.0,1.5348196029663086e-05,1.5109777450561523e-05,481.0,1203.5
1650162914,0.0,0.001869308,0.0,1.513957977294922e-05,1.4901161193847656e-05,1094.0,1583.0
1650162915,0.0,0.001869308,0.0,1.513957977294922e-05,1.4901161193847656e-05,1094.0,1583.0
1650162916,0.005,0.0007940165,0.0,1.5497207641601562e-05,1.52587890625e-05,450.0,540.0
1650162917,0.0,0.001859892,0.0,1.5348196029663086e-05,1.5109777450561523e-05,1226.0,1452.0
1650162918,0.0,0.001859892,0.0,1.5348196029663086e-05,1.5109777450561523e-05,1226.0,1452.0
1650162919,0.0,0.0004726455,0.0,1.537799835205078e-05,1.513957977294922e-05,306.5,362.5
1650162920,0.0,0.0004726455,0.0,1.537799835205078e-05,1.513957977294922e-05,306.5,362.5
1650162921,0.0,0.0005156745,0.0,1.5348196029663086e-05,1.5109777450561523e-05,240.0,328.5
1650162922,0.0,0.001086827,0.0,1.5348196029663086e-05,1.5109777450561523e-05,481.0,660.0
1650162923,0.0,0.000947858,0.0,1.5348196029663086e-05,1.5109777450561523e-05,481.0,1430.0
1650162924,0.0,0.000947858,0.0,1.5348196029663086e-05,1.5109777450561523e-05,481.0,1430.0
1650162925,0.0,0.0014784175,0.0,1.5348196029663086e-05,1.5109777450561523e-05,721.0,989.0
1650162926,0.0,0.0014784175,0.0,1.5348196029663086e-05,1.5109777450561523e-05,721.0,989.0
1650162927,0.0,0.0005247455,0.0,1.513957977294922e-05,1.4901161193847656e-05,306.5,462.0
1650162928,0.0,0.002683371,0.01,1.5348196029663086e-05,1.5109777450561523e-05,1556.0,1848.0
1650162929,0.01,0.000847431,0.0,1.5348196029663086e-05,1.5109777450561523e-05,613.0,726.0
1650162930,0.0,0.00189598,0.0,1.5407800674438477e-05,1.5169382095336914e-05,1094.0,1384.0
1650162931,0.0,0.00189598,0.0,1.5407800674438477e-05,1.5169382095336914e-05,1094.0,1384.0
1650162932,0.0,0.0004407355,0.0,1.5348196029663086e-05,1.5109777450561523e-05,240.5,330.0
1650162933,0.0,0.001022931,0.0,1.537799835205078e-05,1.513957977294922e-05,481.0,2046.0
1650162934,0.0,0.0,0.0,1.537799835205078e-05,1.513957977294922e-05,0.0,0.0
1650162935,0.0,0.0,0.0,1.537799835205078e-05,1.513957977294922e-05,0.0,0.0
1650162936,0.0,0.0,0.0,1.537799835205078e-05,1.513957977294922e-05,0.0,0.0
1650162937,0.0,0.0,0.0,1.537799835205078e-05,1.513957977294922e-05,0.0,0.0
1650162938,0.0,0.0011174095,0.0025,1.5348196029663086e-05,1.5109777450561523e-05,618.75,830.25
1650162939,0.0,0.0011174095,0.0025,1.5348196029663086e-05,1.5109777450561523e-05,618.75,830.25
1650162940,0.0,0.0008782095,0.0,1.5348196029663086e-05,1.5109777450561523e-05,613.0,726.0
1650162941,0.0,0.001063376,0.0,1.5348196029663086e-05,1.5109777450561523e-05,612.0,724.0
1650162942,0.0,0.000800412,0.0,1.5348196029663086e-05,1.5109777450561523e-05,480.0,660.0
1650162943,0.0,0.000800412,0.0,1.5348196029663086e-05,1.5109777450561523e-05,480.0,660.0
1650162944,0.0,0.000516405,0.0,1.5348196029663086e-05,1.5109777450561523e-05,240.5,561.5
1650162945,0.0,0.001015301,0.0,1.5348196029663086e-05,1.5109777450561523e-05,481.0,659.0
1650162946,0.0,0.001015301,0.0,1.5348196029663086e-05,1.5109777450561523e-05,481.0,659.0
1650162947,0.0,0.001313512,0.0,1.5348196029663086e-05,1.5109777450561523e-05,721.5,990.0
1650162948,0.0,0.001681767,0.0,1.5348196029663086e-05,1.5109777450561523e-05,961.0,1320.0
1650162949,0.0,0.001681767,0.0,1.5348196029663086e-05,1.5109777450561523e-05,961.0,1320.0
1650162950,0.0,0.0018952215,0.0,1.5348196029663086e-05,1.5109777450561523e-05,1063.0,1362.5
1650162951,0.0,0.002660392,0.0,1.5348196029663086e-05,1.5109777450561523e-05,1706.0,2106.0
1650162952,0.0,0.002660392,0.0,1.5348196029663086e-05,1.5109777450561523e-05,1706.0,2106.0
1650162953,0.0,0.002302531,0.0,1.5407800674438477e-05,1.5169382095336914e-05,1202.0,2520.0
1650162954,0.0,0.002302531,0.0,1.5407800674438477e-05,1.5169382095336914e-05,1202.0,2520.0
1650162955,0.005,0.00126875,0.0,1.5348196029663086e-05,1.5109777450561523e-05,720.5,987.0
1650162956,0.0,0.000762987,0.0,1.5348196029663086e-05,1.5109777450561523e-05,481.0,660.0
1650162957,0.0,0.001906818,0.0,1.5407800674438477e-05,1.5169382095336914e-05,960.0,1316.0
1650162958,0.0,0.001906818,0.0,1.5407800674438477e-05,1.5169382095336914e-05,960.0,1316.0
1650162959,0.0,0.003132321,0.0,1.5348196029663086e-05,1.5109777450561523e-05,1805.0,2375.0
1650162960,0.0,0.003132321,0.0,1.5348196029663086e-05,1.5109777450561523e-05,1805.0,2375.0
1650162961,0.005,0.002066078,0.005,1.5348196029663086e-05,1.5109777450561523e-05,1333.5,1714.5
1650162962,0.005,0.002066078,0.005,1.5348196029663086e-05,1.5109777450561523e-05,1333.5,1714.5
1650162963,0.0,0.0016033485,0.0,1.5348196029663086e-05,1.5109777450561523e-05,721.5,2173.5
1650162964,0.0,0.003302413,0.0,1.5467405319213867e-05,1.5228986740112305e-05,1922.0,2640.0
1650162965,0.0,0.003302413,0.0,1.5467405319213867e-05,1.5228986740112305e-05,1922.0,2640.0
1650162966,0.0,0.0013645825,0.005,1.537799835205078e-05,1.513957977294922e-05,721.5,989.0
1650162967,0.0,0.0013645825,0.005,1.537799835205078e-05,1.513957977294922e-05,721.5,989.0
1650162968,0.0,0.000839354,0.0,1.5348196029663086e-05,1.5109777450561523e-05,481.0,659.5
1650162969,0.0,0.002110624,0.0,1.5348196029663086e-05,1.5109777450561523e-05,960.0,1318.0
1650162970,0.0,0.003496056,0.0,1.5348196029663086e-05,1.5109777450561523e-05,2127.0,2729.0
1650162971,0.0,0.003496056,0.0,1.5348196029663086e-05,1.5109777450561523e-05,2127.0,2729.0
1650162972,0.0,0.002226364,0.0,1.5348196029663086e-05,1.5109777450561523e-05,1334.5,1715.0
1650162973,0.0,0.002226364,0.0,1.5348196029663086e-05,1.5109777450561523e-05,1334.5,1715.0
1650162974,0.0,0.0013076615,0.0,1.5348196029663086e-05,1.5109777450561523e-05,721.5,1533.5
1650162975,0.0,0.002397993,0.0,1.5348196029663086e-05,1.5109777450561523e-05,1443.0,1980.0
