timestamp,cpu_usage_system,cpu_usage_total,cpu_usage_user,memory_usage,memory_working_set,rx_bytes,tx_bytes
1650480769,0.0,0.0008550465,0.0,2.3752450942993164e-05,2.3573637008666992e-05,1094.5,964.5
1650480770,0.0,0.0008550465,0.0,2.3752450942993164e-05,2.3573637008666992e-05,1094.5,964.5
1650480771,0.0,0.0008550465,0.0,2.3752450942993164e-05,2.3573637008666992e-05,1094.5,964.5
1650480772,0.0,0.0008550465,0.0,2.3752450942993164e-05,2.3573637008666992e-05,1094.5,964.5
1650480773,0.01,0.002243662,0.0,2.3752450942993164e-05,2.3573637008666992e-05,2920.0,2572.0
1650480774,0.01,0.002243662,0.0,2.3752450942993164e-05,2.3573637008666992e-05,2920.0,2572.0
1650480775,0.0,0.0005322265,0.0,2.3752450942993164e-05,2.3573637008666992e-05,730.0,643.0
1650480776,0.0,0.0005322265,0.0,2.3752450942993164e-05,2.3573637008666992e-05,730.0,643.0
1650480777,0.0,0.000710816,0.0,2.3752450942993164e-05,2.3573637008666992e-05,4287.0,738.0
1650480778,0.0,0.001998418,0.0,2.3752450942993164e-05,2.3573637008666992e-05,63903.0,3745.0
1650480779,0.0,0.000595905,0.0,2.3752450942993164e-05,2.3573637008666992e-05,728.0,643.0
1650480780,0.0,0.001922097,0.0,2.339482307434082e-05,2.321600914001465e-05,2453.0,1929.0
1650480781,0.0,0.001251984,0.0,2.3752450942993164e-05,2.3573637008666992e-05,1739.0,1698.0
1650480782,0.0,0.001251984,0.0,2.3752450942993164e-05,2.3573637008666992e-05,1739.0,1698.0
1650480783,0.005,0.000514747,0.0,2.3752450942993164e-05,2.3573637008666992e-05,813.5,796.0
1650480784,0.005,0.000514747,0.0,2.3752450942993164e-05,2.3573637008666992e-05,813.5,796.0
1650480785,0.0,0.000729938,0.0,2.3752450942993164e-05,2.3573637008666992e-05,1094.0,964.5
1650480786,0.0,0.001396506,0.0,2.3752450942993164e-05,2.3573637008666992e-05,2185.0,1929.0
1650480787,0.0,0.001396506,0.0,2.3752450942993164e-05,2.3573637008666992e-05,2185.0,1929.0
1650480788,0.0,0.000987529,0.0,2.3752450942993164e-05,2.3573637008666992e-05,1287.5,1467.0
1650480789,0.0,0.001662441,0.0,2.3752450942993164e-05,2.3573637008666992e-05,2187.0,1929.0
1650480790,0.0,0.001662441,0.0,2.3752450942993164e-05,2.3573637008666992e-05,2187.0,1929.0
1650480791,0.0,0.000963442,0.005,2.339482307434082e-05,2.321600914001465e-05,1226.5,964.5
1650480792,0.0,0.000761635,0.0,2.3752450942993164e-05,2.3573637008666992e-05,1010.0,923.0
1650480793,0.0,0.000761635,0.0,2.3752450942993164e-05,2.3573637008666992e-05,1010.0,923.0
1650480794,0.0,0.001045686,0.0,2.3752450942993164e-05,2.3573637008666992e-05,1459.5,1484.0
1650480795,0.0,0.00055223,0.0,2.3752450942993164e-05,2.3573637008666992e-05,729.0,643.0
1650480796,0.0,0.00055223,0.0,2.3752450942993164e-05,2.3573637008666992e-05,729.0,643.0
1650480797,0.0,0.0011576455,0.0,2.3752450942993164e-05,2.3573637008666992e-05,1287.0,1059.5
1650480798,0.0,0.001276849,0.0,2.3752450942993164e-05,2.3573637008666992e-05,1460.0,3408.0
1650480799,0.0,0.001276849,0.0,2.3752450942993164e-05,2.3573637008666992e-05,1460.0,3408.0
1650480800,0.0,0.0005146395,0.0,2.3752450942993164e-05,2.3573637008666992e-05,729.5,643.0
1650480801,0.0,0.0005146395,0.0,2.3752450942993164e-05,2.3573637008666992e-05,729.5,643.0
1650480802,0.0,0.00053791,0.0,2.3752450942993164e-05,2.3573637008666992e-05,729.5,643.0
1650480803,0.0,0.001408359,0.0,2.3752450942993164e-05,2.3573637008666992e-05,2003.0,1566.0
1650480804,0.0,0.001408359,0.0,2.3752450942993164e-05,2.3573637008666992e-05,2003.0,1566.0
1650480805,0.0,0.001156996,0.0,2.3752450942993164e-05,2.3573637008666992e-05,1823.5,1805.5
1650480806,0.0,0.001156996,0.0,2.3752450942993164e-05,2.3573637008666992e-05,1823.5,1805.5
1650480807,0.0,0.00062614,0.0,2.3752450942993164e-05,2.3573637008666992e-05,922.5,738.0
1650480808,0.0,0.002033902,0.0,2.3752450942993164e-05,2.3573637008666992e-05,2917.0,2953.0
1650480809,0.0,0.002033902,0.0,2.3752450942993164e-05,2.3573637008666992e-05,2917.0,2953.0
1650480810,0.0,0.00049587,0.0,2.3752450942993164e-05,2.3573637008666992e-05,730.0,643.0
1650480811,0.0,0.002094859,0.0,2.3752450942993164e-05,2.3573637008666992e-05,2920.0,2572.0
1650480812,0.0,0.002094859,0.0,2.3752450942993164e-05,2.3573637008666992e-05,2920.0,2572.0
1650480813,0.0,0.0005264715,0.0,2.3752450942993164e-05,2.3573637008666992e-05,750.0,664.0
1650480814,0.0,0.0005264715,0.0,2.3752450942993164e-05,2.3573637008666992e-05,750.0,664.0
1650480815,0.0,0.0009725805,0.0,2.3752450942993164e-05,2.3573637008666992e-05,1367.0,1170.5
1650480816,0.0,0.0009725805,0.0,2.3752450942993164e-05,2.3573637008666992e-05,1367.0,1170.5
1650480817,0.0,0.000635492,0.0,2.3752450942993164e-05,2.3573637008666992e-05,922.0,870.0
1650480818,0.0,0.001594793,0.01,2.3752450942993164e-05,2.3573637008666992e-05,2190.0,2844.0
1650480819,0.0,0.002020424,0.0,2.3752450942993164e-05,2.3573637008666992e-05,2917.0,2572.0
1650480820,0.0,0.002020424,0.0,2.3752450942993164e-05,2.3573637008666992e-05,2917.0,2572.0
1650480821,0.005,0.001175235,0.0,2.3752450942993164e-05,2.3573637008666992e-05,1824.5,1607.5
1650480822,0.0,0.000974895,0.0,2.3752450942993164e-05,2.3573637008666992e-05,1460.0,1286.0
1650480823,0.0,0.000974895,0.0,2.3752450942993164e-05,2.3573637008666992e-05,1460.0,1286.0
1650480824,0.0,0.0002400825,0.0,2.3752450942993164e-05,2.3573637008666992e-05,364.5,321.5
1650480825,0.0,0.0002400825,0.0,2.3752450942993164e-05,2.3573637008666992e-05,364.5,321.5
1650480826,0.0,0.000809516,0.0,2.3752450942993164e-05,2.3573637008666992e-05,1001.5,783.0
1650480827,0.0,0.002218435,0.0,2.3752450942993164e-05,2.3573637008666992e-05,3303.0,3158.0
1650480828,0.0,0.002218435,0.0,2.3752450942993164e-05,2.3573637008666992e-05,3303.0,3158.0
1650480829,0.0,0.000886674,0.0,2.3752450942993164e-05,2.3573637008666992e-05,1094.5,1315.5
1650480830,0.0,0.000886674,0.0,2.3752450942993164e-05,2.3573637008666992e-05,1094.5,1315.5
1650480831,0.0,0.00051351,0.0,2.3752450942993164e-05,2.3573637008666992e-05,729.5,643.0
1650480832,0.0,0.000870966,0.0,2.3752450942993164e-05,2.3573637008666992e-05,1460.0,1286.0
1650480833,0.0,0.000870966,0.0,2.3752450942993164e-05,2.3573637008666992e-05,1460.0,1286.0
1650480834,0.0,0.000780419,0.0,2.3752450942993164e-05,2.3573637008666992e-05,1093.5,964.5
1650480835,0.0,0.000530051,0.0,2.3752450942993164e-05,2.3573637008666992e-05,730.0,643.0
1650480836,0.0,0.000530051,0.0,2.3752450942993164e-05,2.3573637008666992e-05,730.0,643.0
1650480837,0.0,0.001477307,0.0,2.3752450942993164e-05,2.3573637008666992e-05,1923.0,1653.0
1650480838,0.0,0.001477307,0.0,2.3752450942993164e-05,2.3573637008666992e-05,1923.0,1653.0
1650480839,0.0,0.0008431075,0.0,2.3752450942993164e-05,2.3573637008666992e-05,1095.0,2048.0
1650480840,0.0,0.0008431075,0.0,2.3752450942993164e-05,2.3573637008666992e-05,1095.0,2048.0
1650480841,0.0,0.000759106,0.0,2.3752450942993164e-05,2.3573637008666992e-05,1095.0,964.5
1650480842,0.0,0.000759106,0.0,2.3752450942993164e-05,2.3573637008666992e-05,1095.0,964.5
1650480843,0.0,0.0012637445,0.0,2.3752450942993164e-05,2.3573637008666992e-05,1824.5,1607.5
1650480844,0.0,0.000556169,0.0,2.3752450942993164e-05,2.3573637008666992e-05,772.0,685.0
1650480845,0.01,0.00189287,0.0,2.3752450942993164e-05,2.3573637008666992e-05,2920.0,2572.0
1650480846,0.01,0.00189287,0.0,2.3752450942993164e-05,2.3573637008666992e-05,2920.0,2572.0
1650480847,0.0,0.0007172905,0.0,2.339482307434082e-05,2.321600914001465e-05,1054.5,738.0
1650480848,0.0,0.0007172905,0.0,2.339482307434082e-05,2.321600914001465e-05,1054.5,738.0
1650480849,0.0,0.0011527345,0.005,2.3752450942993164e-05,2.3573637008666992e-05,1599.0,2031.0
1650480850,0.0,0.001663122,0.0,2.3752450942993164e-05,2.3573637008666992e-05,2187.0,1929.0
1650480851,0.0,0.000965347,0.0,2.3752450942993164e-05,2.3573637008666992e-05,1460.0,1286.0
1650480852,0.0,0.000965347,0.0,2.3752450942993164e-05,2.3573637008666992e-05,1460.0,1286.0
1650480853,0.005,0.0007055485,0.0,2.3752450942993164e-05,2.3573637008666992e-05,1095.0,964.5
1650480854,0.005,0.0007055485,0.0,2.3752450942993164e-05,2.3573637008666992e-05,1095.0,964.5
1650480855,0.0,0.000502343,0.0,2.3752450942993164e-05,2.3573637008666992e-05,729.5,643.0
1650480856,0.0,0.002730055,0.0,2.3752450942993164e-05,2.3573637008666992e-05,4034.0,3405.0
1650480857,0.0,0.002730055,0.0,2.3752450942993164e-05,2.3573637008666992e-05,4034.0,3405.0
1650480858,0.0,0.0011367065,0.0,2.3752450942993164e-05,2.3573637008666992e-05,1366.0,1614.5
1650480859,0.0,0.0011367065,0.0,2.3752450942993164e-05,2.3573637008666992e-05,1366.0,1614.5
1650480860,0.0,0.0010643315,0.0,2.3752450942993164e-05,2.3573637008666992e-05,1458.5,1484.0
1650480861,0.0,0.001403134,0.0,2.3752450942993164e-05,2.3573637008666992e-05,2189.0,1929.0
1650480862,0.0,0.001403134,0.0,2.3752450942993164e-05,2.3573637008666992e-05,2189.0,1929.0
1650480863,0.0,0.0007149355,0.0,2.3752450942993164e-05,2.3573637008666992e-05,1094.5,964.5
1650480864,0.0,0.001503347,0.01,2.3752450942993164e-05,2.3573637008666992e-05,2188.0,1929.0
1650480865,0.0,0.001503347,0.01,2.3752450942993164e-05,2.3573637008666992e-05,2188.0,1929.0
1650480866,0.0,0.000510374,0.0,2.3752450942993164e-05,2.3573637008666992e-05,729.5,643.0
1650480867,0.0,0.000510374,0.0,2.3752450942993164e-05,2.3573637008666992e-05,729.5,643.0
1650480868,0.0,0.0006756145,0.0,2.3752450942993164e-05,2.3573637008666992e-05,922.5,1256.0
1650480869,0.01,0.002098224,0.01,2.3752450942993164e-05,2.3573637008666992e-05,2732.0,2341.0
1650480870,0.0,0.000986796,0.0,2.3752450942993164e-05,2.3573637008666992e-05,1460.0,1550.0
1650480871,0.0,0.000986796,0.0,2.3752450942993164e-05,2.3573637008666992e-05,1460.0,1550.0
1650480872,0.0,0.00072605,0.0,2.3752450942993164e-05,2.3573637008666992e-05,1094.5,964.5
1650480873,0.0,0.00072605,0.0,2.3752450942993164e-05,2.3573637008666992e-05,1094.5,964.5
1650480874,0.0,0.0008510035,0.005,2.3752450942993164e-05,2.3573637008666992e-05,1116.0,985.5
1650480875,0.0,0.001111914,0.0,2.3752450942993164e-05,2.3573637008666992e-05,1459.0,1286.0
1650480876,0.0,0.001111914,0.0,2.3752450942993164e-05,2.3573637008666992e-05,1459.0,1286.0
1650480877,0.0,0.000416648,0.0,2.3752450942993164e-05,2.3573637008666992e-05,556.0,416.5
1650480878,0.0,0.001183416,0.0,2.3752450942993164e-05,2.3573637008666992e-05,1459.0,2211.0
1650480879,0.0,0.001183416,0.0,2.3752450942993164e-05,2.3573637008666992e-05,1459.0,2211.0
1650480880,0.0,0.0009379255,0.0,2.3752450942993164e-05,2.3573637008666992e-05,1367.0,1104.5
1650480881,0.0,0.001558635,0.0,2.3752450942993164e-05,2.3573637008666992e-05,2189.0,2325.0
1650480882,0.0,0.001558635,0.0,2.3752450942993164e-05,2.3573637008666992e-05,2189.0,2325.0
1650480883,0.0,0.0005009115,0.0,2.3752450942993164e-05,2.3573637008666992e-05,729.5,643.0
1650480884,0.0,0.001105779,0.0,2.3752450942993164e-05,2.3573637008666992e-05,1460.0,1286.0
1650480885,0.0,0.001105779,0.0,2.3752450942993164e-05,2.3573637008666992e-05,1460.0,1286.0
1650480886,0.0,0.0004954785,0.0,2.3752450942993164e-05,2.3573637008666992e-05,729.0,643.0
1650480887,0.0,0.003091878,0.01,2.3752450942993164e-05,2.3573637008666992e-05,4034.0,4765.0
1650480888,0.0,0.003091878,0.01,2.3752450942993164e-05,2.3573637008666992e-05,4034.0,4765.0
1650480889,0.005,0.0005093465,0.0,2.3752450942993164e-05,2.3573637008666992e-05,730.0,643.0
1650480890,0.0,0.000997105,0.0,2.3752450942993164e-05,2.3573637008666992e-05,1459.0,1286.0
1650480891,0.0,0.002570352,0.0,2.3752450942993164e-05,2.3573637008666992e-05,3460.0,3116.0
1650480892,0.0,0.002570352,0.0,2.3752450942993164e-05,2.3573637008666992e-05,3460.0,3116.0
1650480893,0.0,0.000225444,0.0,2.3752450942993164e-05,2.3573637008666992e-05,365.0,387.5
1650480894,0.0,0.000225444,0.0,2.3752450942993164e-05,2.3573637008666992e-05,365.0,387.5
1650480895,0.0,0.000792531,0.0,2.3752450942993164e-05,2.3573637008666992e-05,1094.0,964.5
1650480896,0.0,0.001151981,0.0,2.3752450942993164e-05,2.3573637008666992e-05,1460.0,1286.0
1650480897,0.0,0.001815505,0.0,2.3752450942993164e-05,2.3573637008666992e-05,2572.0,2119.0
1650480898,0.0,0.001815505,0.0,2.3752450942993164e-05,2.3573637008666992e-05,2572.0,2119.0
1650480899,0.0,0.0008476085,0.0,2.3752450942993164e-05,2.3573637008666992e-05,1094.0,1764.0
1650480900,0.0,0.0008476085,0.0,2.3752450942993164e-05,2.3573637008666992e-05,1094.0,1764.0
1650480901,0.0,0.001041055,0.0,2.3752450942993164e-05,2.3573637008666992e-05,1460.0,1286.0
1650480902,0.0,0.002000539,0.0,2.3752450942993164e-05,2.3573637008666992e-05,2733.0,2341.0
1650480903,0.0,0.002000539,0.0,2.3752450942993164e-05,2.3573637008666992e-05,2733.0,2341.0
1650480904,0.0,0.0004932945,0.0,2.3752450942993164e-05,2.3573637008666992e-05,730.0,775.0
1650480905,0.0,0.003185257,0.01,2.3752450942993164e-05,2.3573637008666992e-05,4380.0,3858.0
1650480906,0.0,0.003185257,0.01,2.3752450942993164e-05,2.3573637008666992e-05,4380.0,3858.0
1650480907,0.0,0.000458601,0.0,2.3752450942993164e-05,2.3573637008666992e-05,557.5,416.5
1650480908,0.0,0.00177744,0.0,2.3752450942993164e-05,2.3573637008666992e-05,2317.0,3767.0
1650480909,0.0,0.00177744,0.0,2.3752450942993164e-05,2.3573637008666992e-05,2317.0,3767.0
1650480910,0.0,0.00051783,0.0,2.3752450942993164e-05,2.3573637008666992e-05,730.0,643.0
1650480911,0.0,0.000629984,0.0,2.3752450942993164e-05,2.3573637008666992e-05,1282.0,743.0
1650480912,0.0,0.001331952,0.0,2.3752450942993164e-05,2.3573637008666992e-05,1637.0,1829.0
1650480913,0.0,0.001331952,0.0,2.3752450942993164e-05,2.3573637008666992e-05,1637.0,1829.0
1650480914,0.0,0.0013482225,0.0,2.3752450942993164e-05,2.3573637008666992e-05,1731.5,1558.0
1650480915,0.0,0.001597249,0.0,2.3752450942993164e-05,2.3573637008666992e-05,2189.0,2061.0
1650480916,0.0,0.001597249,0.0,2.3752450942993164e-05,2.3573637008666992e-05,2189.0,2061.0
1650480917,0.0,0.0003461255,0.0,2.3752450942993164e-05,2.3573637008666992e-05,557.5,416.5
1650480918,0.0,0.001161946,0.0,2.3752450942993164e-05,2.3573637008666992e-05,1460.0,3195.0
1650480919,0.0,0.001161946,0.0,2.3752450942993164e-05,2.3573637008666992e-05,1460.0,3195.0
1650480920,0.0,0.001043482,0.0,2.3752450942993164e-05,2.3573637008666992e-05,1459.5,1286.0
1650480921,0.0,0.001043482,0.0,2.3752450942993164e-05,2.3573637008666992e-05,1459.5,1286.0
1650480922,0.0,0.0008768415,0.005,2.3752450942993164e-05,2.3573637008666992e-05,1094.0,964.5
1650480923,0.0,0.001416697,0.0,2.339482307434082e-05,2.321600914001465e-05,1765.0,1328.0
1650480924,0.0,0.001416697,0.0,2.339482307434082e-05,2.321600914001465e-05,1765.0,1328.0
1650480925,0.0,0.001182709,0.0,2.3752450942993164e-05,2.3573637008666992e-05,1599.0,1624.0
1650480926,0.0,0.00208314,0.0,2.3752450942993164e-05,2.3573637008666992e-05,2919.0,2572.0
1650480927,0.0,0.00208314,0.0,2.3752450942993164e-05,2.3573637008666992e-05,2919.0,2572.0
1650480928,0.0,0.000689165,0.0,2.3752450942993164e-05,2.3573637008666992e-05,922.0,1253.5
1650480929,0.0,0.001610213,0.0,2.3752450942993164e-05,2.3573637008666992e-05,2190.0,1929.0
1650480930,0.0,0.001610213,0.0,2.3752450942993164e-05,2.3573637008666992e-05,2190.0,1929.0
1650480931,0.0,0.000916884,0.0,2.3752450942993164e-05,2.3573637008666992e-05,1459.5,1286.0
1650480932,0.0,0.001455438,0.0,2.3752450942993164e-05,2.3573637008666992e-05,2188.0,1929.0
1650480933,0.0,0.001455438,0.0,2.3752450942993164e-05,2.3573637008666992e-05,2188.0,1929.0
1650480934,0.0,0.000617867,0.0,2.345442771911621e-05,2.327561378479004e-05,861.5,643.0
1650480935,0.0,0.000821697,0.0,2.3752450942993164e-05,2.3573637008666992e-05,1009.0,923.0
1650480936,0.0,0.000966449,0.0,2.3752450942993164e-05,2.3573637008666992e-05,1459.0,1550.0
1650480937,0.0,0.000966449,0.0,2.3752450942993164e-05,2.3573637008666992e-05,1459.0,1550.0
1650480938,0.005,0.0009937305,0.0,2.3752450942993164e-05,2.3573637008666992e-05,1287.5,1597.5
1650480939,0.005,0.0009937305,0.0,2.3752450942993164e-05,2.3573637008666992e-05,1287.5,1597.5
1650480940,0.0,0.0013805915,0.0,2.3752450942993164e-05,2.3573637008666992e-05,1824.5,1607.5
1650480941,0.0,0.001671238,0.0,2.3752450942993164e-05,2.3573637008666992e-05,2190.0,1929.0
1650480942,0.0,0.001671238,0.0,2.3752450942993164e-05,2.3573637008666992e-05,2190.0,1929.0
1650480943,0.0,0.00085953,0.0,2.3752450942993164e-05,2.3573637008666992e-05,1092.0,964.5
1650480944,0.0,0.00085953,0.0,2.3752450942993164e-05,2.3573637008666992e-05,1092.0,964.5
1650480945,0.0,0.000685924,0.0,2.3752450942993164e-05,2.3573637008666992e-05,1095.0,964.5
1650480946,0.0,0.00151311,0.0,2.3752450942993164e-05,2.3573637008666992e-05,2004.0,1566.0
1650480947,0.0,0.00151311,0.0,2.3752450942993164e-05,2.3573637008666992e-05,2004.0,1566.0
1650480948,0.0,0.00103622,0.0,2.3752450942993164e-05,2.3573637008666992e-05,1287.5,2117.5
1650480949,0.01,0.001551253,0.0,2.3752450942993164e-05,2.3573637008666992e-05,2189.0,1929.0
1650480950,0.0,0.00045489,0.0,2.3752450942993164e-05,2.3573637008666992e-05,730.0,643.0
1650480951,0.0,0.00045489,0.0,2.3752450942993164e-05,2.3573637008666992e-05,730.0,643.0
1650480952,0.0,0.000743438,0.0,2.3752450942993164e-05,2.3573637008666992e-05,1094.0,964.5
1650480953,0.0,0.000743438,0.0,2.3752450942993164e-05,2.3573637008666992e-05,1094.0,964.5
1650480954,0.0,0.0008542185,0.005,2.3752450942993164e-05,2.3573637008666992e-05,1095.0,964.5
1650480955,0.0,0.001477641,0.0,2.3752450942993164e-05,2.3573637008666992e-05,2189.0,1929.0
1650480956,0.0,0.001477641,0.0,2.3752450942993164e-05,2.3573637008666992e-05,2189.0,1929.0
1650480957,0.0,0.001871347,0.0,2.3752450942993164e-05,2.3573637008666992e-05,2654.5,2362.0
1650480958,0.0,0.000647871,0.0,2.3752450942993164e-05,2.3573637008666992e-05,730.0,1786.0
1650480959,0.0,0.000647871,0.0,2.3752450942993164e-05,2.3573637008666992e-05,730.0,1786.0
1650480960,0.0,0.0008096605,0.0,2.3752450942993164e-05,2.3573637008666992e-05,1093.0,964.5
1650480961,0.0,0.001076612,0.0,2.3752450942993164e-05,2.3573637008666992e-05,1457.0,1286.0
1650480962,0.0,0.00056386,0.0,2.3752450942993164e-05,2.3573637008666992e-05,730.0,643.0
1650480963,0.0,0.00056386,0.0,2.3752450942993164e-05,2.3573637008666992e-05,730.0,643.0
1650480964,0.005,0.000753284,0.0,2.3752450942993164e-05,2.3573637008666992e-05,1094.0,964.5
1650480965,0.005,0.000753284,0.0,2.3752450942993164e-05,2.3573637008666992e-05,1094.0,964.5
1650480966,0.0,0.0010214565,0.0,2.3752450942993164e-05,2.3573637008666992e-05,1459.5,1286.0
1650480967,0.0,0.001296217,0.0,2.339482307434082e-05,2.321600914001465e-05,2109.0,1476.0
1650480968,0.0,0.001296217,0.0,2.339482307434082e-05,2.321600914001465e-05,2109.0,1476.0
1650480969,0.0,0.0009345325,0.0,2.3752450942993164e-05,2.3573637008666992e-05,1234.5,1918.5
1650480970,0.0,0.000627403,0.0,2.3752450942993164e-05,2.3573637008666992e-05,728.0,775.0
1650480971,0.0,0.001568938,0.0,2.3752450942993164e-05,2.3573637008666992e-05,2190.0,1929.0
1650480972,0.0,0.001568938,0.0,2.3752450942993164e-05,2.3573637008666992e-05,2190.0,1929.0
1650480973,0.005,0.000583641,0.0,2.3752450942993164e-05,2.3573637008666992e-05,750.5,664.0
1650480974,0.005,0.000583641,0.0,2.3752450942993164e-05,2.3573637008666992e-05,750.5,664.0
1650480975,0.0,0.000801437,0.005,2.3752450942993164e-05,2.3573637008666992e-05,1094.0,964.5
1650480976,0.0,0.001118545,0.0,2.3752450942993164e-05,2.3573637008666992e-05,1460.0,1286.0
1650480977,0.0,0.001118545,0.0,2.3752450942993164e-05,2.3573637008666992e-05,1460.0,1286.0
1650480978,0.0,0.0008957205,0.0,2.3752450942993164e-05,2.3573637008666992e-05,1287.0,1683.0
1650480979,0.0,0.001578553,0.0,2.3752450942993164e-05,2.3573637008666992e-05,2003.0,1566.0
1650480980,0.0,0.000478886,0.0,2.3752450942993164e-05,2.3573637008666992e-05,730.0,775.0
1650480981,0.0,0.000478886,0.0,2.3752450942993164e-05,2.3573637008666992e-05,730.0,775.0
1650480982,0.0,0.001017188,0.0,2.3752450942993164e-05,2.3573637008666992e-05,1459.5,1418.0
1650480983,0.0,0.001017188,0.0,2.3752450942993164e-05,2.3573637008666992e-05,1459.5,1418.0
1650480984,0.0,0.0005562395,0.0,2.3752450942993164e-05,2.3573637008666992e-05,729.0,643.0
1650480985,0.0,0.001243016,0.0,2.3752450942993164e-05,2.3573637008666992e-05,1458.0,1286.0
1650480986,0.0,0.001753985,0.0,2.3752450942993164e-05,2.3573637008666992e-05,2189.0,1929.0
1650480987,0.0,0.001753985,0.0,2.3752450942993164e-05,2.3573637008666992e-05,2189.0,1929.0
1650480988,0.0,0.000771859,0.0,2.3752450942993164e-05,2.3573637008666992e-05,921.0,1749.5
1650480989,0.0,0.002579491,0.0,2.3752450942993164e-05,2.3573637008666992e-05,3463.0,2852.0
1650480990,0.0,0.002579491,0.0,2.3752450942993164e-05,2.3573637008666992e-05,3463.0,2852.0
1650480991,0.0,0.001038982,0.0,2.3752450942993164e-05,2.3573637008666992e-05,1526.0,1550.0
1650480992,0.0,0.001038982,0.0,2.3752450942993164e-05,2.3573637008666992e-05,1526.0,1550.0
1650480993,0.0,0.0008259375,0.0,2.3752450942993164e-05,2.3573637008666992e-05,1094.5,964.5
1650480994,0.0,0.0008259375,0.0,2.3752450942993164e-05,2.3573637008666992e-05,1094.5,964.5
1650480995,0.0,0.0012003125,0.0,2.3752450942993164e-05,2.3573637008666992e-05,1824.5,1607.5
1650480996,0.0,0.000838576,0.0,2.3752450942993164e-05,2.3573637008666992e-05,1114.0,833.0
1650480997,0.0,0.000838576,0.0,2.3752450942993164e-05,2.3573637008666992e-05,1114.0,833.0
1650480998,0.0,0.0011532585,0.0,2.3752450942993164e-05,2.3573637008666992e-05,1458.5,2258.0
1650480999,0.0,0.001090435,0.0,2.3752450942993164e-05,2.3573637008666992e-05,1460.0,1286.0
1650481000,0.0,0.000769201,0.01,2.3752450942993164e-05,2.3573637008666992e-05,1119.0,743.0
1650481001,0.0,0.000769201,0.01,2.3752450942993164e-05,2.3573637008666992e-05,1119.0,743.0
1650481002,0.0,0.000907326,0.0,2.3752450942993164e-05,2.3573637008666992e-05,1171.0,1120.5
1650481003,0.01,0.001591329,0.0,2.3752450942993164e-05,2.3573637008666992e-05,2187.0,2193.0
1650481004,0.01,0.001591329,0.0,2.3752450942993164e-05,2.3573637008666992e-05,2187.0,2193.0
1650481005,0.0,0.000781794,0.0,2.3752450942993164e-05,2.3573637008666992e-05,1094.5,964.5
1650481006,0.0,0.000487163,0.0,2.3752450942993164e-05,2.3573637008666992e-05,730.0,643.0
1650481007,0.0,0.001344399,0.0,2.3752450942993164e-05,2.3573637008666992e-05,1845.0,1476.0
1650481008,0.0,0.001344399,0.0,2.3752450942993164e-05,2.3573637008666992e-05,1845.0,1476.0
1650481009,0.0,0.0008324035,0.0,2.3752450942993164e-05,2.3573637008666992e-05,1095.0,1480.5
1650481010,0.0,0.002581152,0.0,2.3752450942993164e-05,2.3573637008666992e-05,3647.0,3215.0
1650481011,0.0,0.002581152,0.0,2.3752450942993164e-05,2.3573637008666992e-05,3647.0,3215.0
1650481012,0.0,0.000913652,0.0,2.3752450942993164e-05,2.3573637008666992e-05,1002.0,783.0
1650481013,0.0,0.001953186,0.0,2.3752450942993164e-05,2.3573637008666992e-05,2919.0,2968.0
1650481014,0.0,0.001953186,0.0,2.3752450942993164e-05,2.3573637008666992e-05,2919.0,2968.0
1650481015,0.0,0.000773352,0.0,2.3752450942993164e-05,2.3573637008666992e-05,1095.0,964.5
1650481016,0.0,0.000773352,0.0,2.3752450942993164e-05,2.3573637008666992e-05,1095.0,964.5
1650481017,0.0,0.000847672,0.0,2.3752450942993164e-05,2.3573637008666992e-05,1287.5,1059.5
1650481018,0.0,0.001092077,0.0,2.3752450942993164e-05,2.3573637008666992e-05,1460.0,2757.0
1650481019,0.0,0.001027937,0.0,2.3752450942993164e-05,2.3573637008666992e-05,1460.0,1286.0
1650481020,0.0,0.001027937,0.0,2.3752450942993164e-05,2.3573637008666992e-05,1460.0,1286.0
1650481021,0.0,0.0005088735,0.0,2.3752450942993164e-05,2.3573637008666992e-05,730.0,643.0
1650481022,0.0,0.001192923,0.0,2.339482307434082e-05,2.321600914001465e-05,1724.0,1286.0
1650481023,0.0,0.001192923,0.0,2.339482307434082e-05,2.321600914001465e-05,1724.0,1286.0
1650481024,0.0,0.0009920285,0.0,2.3752450942993164e-05,2.3573637008666992e-05,1255.0,1257.5
1650481025,0.0,0.001119487,0.0,2.3752450942993164e-05,2.3573637008666992e-05,1460.0,1418.0
1650481026,0.0,0.001553914,0.0,2.3752450942993164e-05,2.3573637008666992e-05,2187.0,1929.0
1650481027,0.0,0.001553914,0.0,2.3752450942993164e-05,2.3573637008666992e-05,2187.0,1929.0
1650481028,0.0,0.0006409175,0.0,2.3752450942993164e-05,2.3573637008666992e-05,922.5,1362.0
1650481029,0.0,0.001731372,0.0,2.3752450942993164e-05,2.3573637008666992e-05,2190.0,1929.0
1650481030,0.0,0.001731372,0.0,2.3752450942993164e-05,2.3573637008666992e-05,2190.0,1929.0
1650481031,0.0,0.0005638535,0.0,2.3752450942993164e-05,2.3573637008666992e-05,728.5,643.0
1650481032,0.01,0.001113486,0.01,2.3752450942993164e-05,2.3573637008666992e-05,1460.0,1286.0
1650481033,0.01,0.001113486,0.01,2.3752450942993164e-05,2.3573637008666992e-05,1460.0,1286.0
1650481034,0.0,0.001200835,0.0,2.3752450942993164e-05,2.3573637008666992e-05,1730.5,1558.0
1650481035,0.0,0.001200835,0.0,2.3752450942993164e-05,2.3573637008666992e-05,1730.5,1558.0
1650481036,0.0,0.000457539,0.0,2.3752450942993164e-05,2.3573637008666992e-05,730.0,709.0
1650481037,0.0,0.000457539,0.0,2.3752450942993164e-05,2.3573637008666992e-05,730.0,709.0
1650481038,0.0,0.000759106,0.0,2.3752450942993164e-05,2.3573637008666992e-05,921.5,1356.0
1650481039,0.0,0.000759106,0.0,2.3752450942993164e-05,2.3573637008666992e-05,921.5,1356.0
1650481040,0.0,0.000511866,0.0,2.3752450942993164e-05,2.3573637008666992e-05,730.0,643.0
1650481041,0.0,0.002123818,0.0,2.3752450942993164e-05,2.3573637008666992e-05,2917.0,2572.0
1650481042,0.0,0.002123818,0.0,2.3752450942993164e-05,2.3573637008666992e-05,2917.0,2572.0
1650481043,0.0,0.000766108,0.0,2.3752450942993164e-05,2.3573637008666992e-05,1095.0,964.5
1650481044,0.0,0.000766108,0.0,2.3752450942993164e-05,2.3573637008666992e-05,1095.0,964.5
1650481045,0.0,0.0012278865,0.0,2.3752450942993164e-05,2.3573637008666992e-05,1366.5,1170.5
1650481046,0.0,0.0012278865,0.0,2.3752450942993164e-05,2.3573637008666992e-05,1366.5,1170.5
1650481047,0.0,0.000975223,0.0,2.3752450942993164e-05,2.3573637008666992e-05,1287.5,1191.5
1650481048,0.0,0.002623458,0.0,2.3752450942993164e-05,2.3573637008666992e-05,2918.0,4379.0
1650481049,0.0,0.002623458,0.0,2.3752450942993164e-05,2.3573637008666992e-05,2918.0,4379.0
1650481050,0.0,0.001688785,0.005,2.3752450942993164e-05,2.3573637008666992e-05,2554.5,2250.5
1650481051,0.0,0.001688785,0.005,2.3752450942993164e-05,2.3573637008666992e-05,2554.5,2250.5
1650481052,0.0,0.0003137555,0.0,2.3752450942993164e-05,2.3573637008666992e-05,365.0,321.5
1650481053,0.01,0.001104277,0.0,2.3752450942993164e-05,2.3573637008666992e-05,1460.0,1286.0
1650481054,0.01,0.001104277,0.0,2.3752450942993164e-05,2.3573637008666992e-05,1460.0,1286.0
1650481055,0.0,0.000979715,0.0,2.3752450942993164e-05,2.3573637008666992e-05,1458.5,1286.0
1650481056,0.0,0.000979715,0.0,2.3752450942993164e-05,2.3573637008666992e-05,1458.5,1286.0
1650481057,0.0,0.0011667705,0.0,2.3752450942993164e-05,2.3573637008666992e-05,1559.0,1265.5
1650481058,0.0,0.002141306,0.0,2.3752450942993164e-05,2.3573637008666992e-05,2919.0,4768.0
1650481059,0.0,0.002141306,0.0,2.3752450942993164e-05,2.3573637008666992e-05,2919.0,4768.0
1650481060,0.0,0.0004869785,0.0,2.3752450942993164e-05,2.3573637008666992e-05,729.5,643.0
1650481061,0.0,0.000426124,0.0,2.3752450942993164e-05,2.3573637008666992e-05,730.0,643.0
1650481062,0.0,0.000426124,0.0,2.3752450942993164e-05,2.3573637008666992e-05,730.0,643.0
1650481063,0.0,0.0012516585,0.0,2.3752450942993164e-05,2.3573637008666992e-05,1824.5,1607.5
1650481064,0.0,0.002073043,0.0,2.3752450942993164e-05,2.3573637008666992e-05,2919.0,2572.0
1650481065,0.0,0.002073043,0.0,2.3752450942993164e-05,2.3573637008666992e-05,2919.0,2572.0
1650481066,0.0,0.000860677,0.0,2.3752450942993164e-05,2.3573637008666992e-05,1094.5,964.5
1650481067,0.0,0.000860677,0.0,2.3752450942993164e-05,2.3573637008666992e-05,1094.5,964.5
1650481068,0.0,0.0012395265,0.0,2.3752450942993164e-05,2.3573637008666992e-05,1559.0,1936.0
1650481069,0.0,0.0012395265,0.0,2.3752450942993164e-05,2.3573637008666992e-05,1559.0,1936.0
1650481070,0.005,0.000725985,0.0,2.3752450942993164e-05,2.3573637008666992e-05,1094.5,1096.5
1650481071,0.0,0.000538867,0.0,2.3752450942993164e-05,2.3573637008666992e-05,730.0,643.0
1650481072,0.0,0.001981898,0.0,2.3752450942993164e-05,2.3573637008666992e-05,2920.0,2572.0
1650481073,0.0,0.001981898,0.0,2.3752450942993164e-05,2.3573637008666992e-05,2920.0,2572.0
1650481074,0.0,0.000226229,0.0,2.3752450942993164e-05,2.3573637008666992e-05,386.0,342.5
1650481075,0.0,0.001477305,0.0,2.3752450942993164e-05,2.3573637008666992e-05,2190.0,1929.0
1650481076,0.0,0.001477305,0.0,2.3752450942993164e-05,2.3573637008666992e-05,2190.0,1929.0
1650481077,0.0,0.0006265705,0.0,2.3752450942993164e-05,2.3573637008666992e-05,921.5,738.0
1650481078,0.0,0.0006265705,0.0,2.3752450942993164e-05,2.3573637008666992e-05,921.5,738.0
1650481079,0.0,0.000900474,0.0,2.339482307434082e-05,2.321600914001465e-05,1226.0,1370.0
1650481080,0.0,0.001277983,0.0,2.3752450942993164e-05,2.3573637008666992e-05,1739.0,1698.0
1650481081,0.0,0.001534772,0.0,2.3752450942993164e-05,2.3573637008666992e-05,2187.0,2193.0
1650481082,0.0,0.001534772,0.0,2.3752450942993164e-05,2.3573637008666992e-05,2187.0,2193.0
1650481083,0.005,0.0012774545,0.005,2.3752450942993164e-05,2.3573637008666992e-05,1822.5,1607.5
1650481084,0.005,0.0012774545,0.005,2.3752450942993164e-05,2.3573637008666992e-05,1822.5,1607.5
1650481085,0.0,0.001402599,0.0,2.3752450942993164e-05,2.3573637008666992e-05,1823.5,1607.5
1650481086,0.0,0.001402599,0.0,2.3752450942993164e-05,2.3573637008666992e-05,1823.5,1607.5
1650481087,0.0,0.0010747265,0.0,2.3752450942993164e-05,2.3573637008666992e-05,1652.0,1381.0
1650481088,0.0,0.0010747265,0.0,2.3752450942993164e-05,2.3573637008666992e-05,1652.0,1381.0
1650481089,0.0,0.0003409945,0.0,2.3752450942993164e-05,2.3573637008666992e-05,365.0,1177.0
1650481090,0.0,0.0003409945,0.0,2.3752450942993164e-05,2.3573637008666992e-05,365.0,1177.0
1650481091,0.0,0.0015140295,0.0,2.3752450942993164e-05,2.3573637008666992e-05,2096.0,1813.5
1650481092,0.0,0.00101231,0.0,2.3752450942993164e-05,2.3573637008666992e-05,1460.0,1550.0
1650481093,0.0,0.001023915,0.0,2.3752450942993164e-05,2.3573637008666992e-05,1459.0,1286.0
1650481094,0.0,0.001023915,0.0,2.3752450942993164e-05,2.3573637008666992e-05,1459.0,1286.0
1650481095,0.0,0.0004839695,0.0,2.3752450942993164e-05,2.3573637008666992e-05,730.0,643.0
1650481096,0.0,0.0004839695,0.0,2.3752450942993164e-05,2.3573637008666992e-05,730.0,643.0
1650481097,0.0,0.0009433925,0.0,2.3752450942993164e-05,2.3573637008666992e-05,1285.0,1059.5
1650481098,0.0,0.000531388,0.0,2.3752450942993164e-05,2.3573637008666992e-05,730.0,1777.0
1650481099,0.0,0.000486887,0.0,2.3752450942993164e-05,2.3573637008666992e-05,730.0,643.0
1650481100,0.0,0.000486887,0.0,2.3752450942993164e-05,2.3573637008666992e-05,730.0,643.0
1650481101,0.0,0.0018077395,0.005,2.3752450942993164e-05,2.3573637008666992e-05,2461.5,2135.0
1650481102,0.0,0.000501839,0.0,2.3752450942993164e-05,2.3573637008666992e-05,730.0,775.0
1650481103,0.0,0.000501839,0.0,2.3752450942993164e-05,2.3573637008666992e-05,730.0,775.0
1650481104,0.0,0.000772373,0.0,2.3752450942993164e-05,2.3573637008666992e-05,1094.5,1030.5
1650481105,0.0,0.000772373,0.0,2.3752450942993164e-05,2.3573637008666992e-05,1094.5,1030.5
1650481106,0.0,0.000767536,0.0,2.3752450942993164e-05,2.3573637008666992e-05,1094.5,964.5
1650481107,0.0,0.001449926,0.0,2.3752450942993164e-05,2.3573637008666992e-05,1844.0,1476.0
1650481108,0.0,0.001262926,0.0,2.3752450942993164e-05,2.3573637008666992e-05,1460.0,1899.0
1650481109,0.0,0.001262926,0.0,2.3752450942993164e-05,2.3573637008666992e-05,1460.0,1899.0
1650481110,0.0,0.0008109785,0.0,2.3752450942993164e-05,2.3573637008666992e-05,1094.0,964.5
1650481111,0.0,0.002555566,0.0,2.3752450942993164e-05,2.3573637008666992e-05,3462.0,2852.0
1650481112,0.0,0.000998129,0.0,2.3752450942993164e-05,2.3573637008666992e-05,1460.0,1550.0
1650481113,0.0,0.000998129,0.0,2.3752450942993164e-05,2.3573637008666992e-05,1460.0,1550.0
1650481114,0.0,0.0010108005,0.0,2.3752450942993164e-05,2.3573637008666992e-05,1459.5,1352.0
1650481115,0.0,0.0010108005,0.0,2.3752450942993164e-05,2.3573637008666992e-05,1459.5,1352.0
1650481116,0.0,0.0004879675,0.0,2.3752450942993164e-05,2.3573637008666992e-05,730.0,643.0
1650481117,0.0,0.002336732,0.01,2.3752450942993164e-05,2.3573637008666992e-05,3303.0,2762.0
1650481118,0.0,0.002336732,0.01,2.3752450942993164e-05,2.3573637008666992e-05,3303.0,2762.0
1650481119,0.0,0.000560994,0.0,2.3752450942993164e-05,2.3573637008666992e-05,729.0,1440.5
1650481120,0.01,0.001694285,0.0,2.3752450942993164e-05,2.3573637008666992e-05,2187.0,1929.0
1650481121,0.01,0.001694285,0.0,2.3752450942993164e-05,2.3573637008666992e-05,2187.0,1929.0
1650481122,0.0,0.001230357,0.0,2.339482307434082e-05,2.321600914001465e-05,1591.5,1286.0
1650481123,0.0,0.001740863,0.0,2.3752450942993164e-05,2.3573637008666992e-05,2511.0,2515.0
1650481124,0.0,0.001740863,0.0,2.3752450942993164e-05,2.3573637008666992e-05,2511.0,2515.0
1650481125,0.0,0.0007138635,0.0,2.3752450942993164e-05,2.3573637008666992e-05,1095.0,1030.5
1650481126,0.0,0.000443507,0.0,2.3752450942993164e-05,2.3573637008666992e-05,730.0,643.0
1650481127,0.0,0.000443507,0.0,2.3752450942993164e-05,2.3573637008666992e-05,730.0,643.0
1650481128,0.0,0.000651563,0.0,2.3752450942993164e-05,2.3573637008666992e-05,922.5,1414.0
1650481129,0.0,0.001476546,0.0,2.3752450942993164e-05,2.3573637008666992e-05,2189.0,1929.0
1650481130,0.0,0.001476546,0.0,2.3752450942993164e-05,2.3573637008666992e-05,2189.0,1929.0
1650481131,0.0,0.000968264,0.0,2.3752450942993164e-05,2.3573637008666992e-05,1460.0,1286.0
1650481132,0.0,0.000968264,0.0,2.3752450942993164e-05,2.3573637008666992e-05,1460.0,1286.0
1650481133,0.0,0.00106562,0.0,2.3752450942993164e-05,2.3573637008666992e-05,1458.5,1286.0
1650481134,0.0,0.001554326,0.0,2.3752450942993164e-05,2.3573637008666992e-05,2002.0,1566.0
1650481135,0.0,0.001314806,0.0,2.3752450942993164e-05,2.3573637008666992e-05,2190.0,2325.0
1650481136,0.0,0.001314806,0.0,2.3752450942993164e-05,2.3573637008666992e-05,2190.0,2325.0
1650481137,0.005,0.000671356,0.0,2.3752450942993164e-05,2.3573637008666992e-05,922.0,738.0
1650481138,0.0,0.001259697,0.0,2.3752450942993164e-05,2.3573637008666992e-05,1458.0,2546.0
1650481139,0.0,0.000583753,0.0,2.3752450942993164e-05,2.3573637008666992e-05,728.0,643.0
1650481140,0.0,0.001465874,0.0,2.3752450942993164e-05,2.3573637008666992e-05,2190.0,1929.0
1650481141,0.0,0.001465874,0.0,2.3752450942993164e-05,2.3573637008666992e-05,2190.0,1929.0
1650481142,0.0,0.000916446,0.0,2.3752450942993164e-05,2.3573637008666992e-05,1094.5,964.5
1650481143,0.0,0.000916446,0.0,2.3752450942993164e-05,2.3573637008666992e-05,1094.5,964.5
1650481144,0.0,0.00112854,0.005,2.345442771911621e-05,2.327561378479004e-05,1591.5,1286.0
1650481145,0.0,0.00112854,0.005,2.345442771911621e-05,2.327561378479004e-05,1591.5,1286.0
1650481146,0.0,0.0006140825,0.0,2.3752450942993164e-05,2.3573637008666992e-05,869.5,849.0
1650481147,0.0,0.001648788,0.0,2.3752450942993164e-05,2.3573637008666992e-05,2574.0,2383.0
1650481148,0.0,0.001648788,0.0,2.3752450942993164e-05,2.3573637008666992e-05,2574.0,2383.0
1650481149,0.0,0.0007770895,0.0,2.3752450942993164e-05,2.3573637008666992e-05,1094.0,1425.5
1650481150,0.0,0.000484713,0.0,2.3752450942993164e-05,2.3573637008666992e-05,730.0,643.0
1650481151,0.0,0.000484713,0.0,2.3752450942993164e-05,2.3573637008666992e-05,730.0,643.0
1650481152,0.0,0.0013105605,0.0,2.3752450942993164e-05,2.3573637008666992e-05,1824.5,1607.5
1650481153,0.0,0.0013105605,0.0,2.3752450942993164e-05,2.3573637008666992e-05,1824.5,1607.5
1650481154,0.0,0.00124735,0.0,2.3752450942993164e-05,2.3573637008666992e-05,1824.0,1607.5
1650481155,0.0,0.001834732,0.0,2.339482307434082e-05,2.321600914001465e-05,2453.0,1929.0
1650481156,0.0,0.001834732,0.0,2.339482307434082e-05,2.321600914001465e-05,2453.0,1929.0
1650481157,0.0,0.001056048,0.0,2.3752450942993164e-05,2.3573637008666992e-05,1427.5,1331.5
1650481158,0.0,0.001056048,0.0,2.3752450942993164e-05,2.3573637008666992e-05,1427.5,1331.5
1650481159,0.0,0.000607995,0.0,2.3752450942993164e-05,2.3573637008666992e-05,729.0,1433.5
1650481160,0.0,0.001082082,0.0,2.3752450942993164e-05,2.3573637008666992e-05,1460.0,1286.0
1650481161,0.0,0.001016621,0.0,2.3752450942993164e-05,2.3573637008666992e-05,1458.0,1286.0
1650481162,0.0,0.001149994,0.0,2.3752450942993164e-05,2.3573637008666992e-05,1459.0,1286.0
1650481163,0.0,0.001149994,0.0,2.3752450942993164e-05,2.3573637008666992e-05,1459.0,1286.0
1650481164,0.0,0.0005510715,0.0,2.3752450942993164e-05,2.3573637008666992e-05,728.0,643.0
1650481165,0.0,0.002675224,0.0,2.3752450942993164e-05,2.3573637008666992e-05,3649.0,3215.0
1650481166,0.0,0.002675224,0.0,2.3752450942993164e-05,2.3573637008666992e-05,3649.0,3215.0
1650481167,0.0,0.0007046675,0.0,2.339482307434082e-05,2.321600914001465e-05,1054.5,738.0
1650481168,0.01,0.001455898,0.0,2.3752450942993164e-05,2.3573637008666992e-05,1740.0,3169.0
1650481169,0.01,0.001455898,0.0,2.3752450942993164e-05,2.3573637008666992e-05,1740.0,3169.0
1650481170,0.0,0.001259525,0.0,2.3752450942993164e-05,2.3573637008666992e-05,1589.5,1468.0
1650481171,0.0,0.001259525,0.0,2.3752450942993164e-05,2.3573637008666992e-05,1589.5,1468.0
1650481172,0.0,0.0014863105,0.0,2.3752450942993164e-05,2.3573637008666992e-05,1694.5,1557.5
1650481173,0.0,0.0014863105,0.0,2.3752450942993164e-05,2.3573637008666992e-05,1694.5,1557.5
1650481174,0.0,0.0005121915,0.0,2.3752450942993164e-05,2.3573637008666992e-05,750.5,664.0
1650481175,0.0,0.000492247,0.0,2.3752450942993164e-05,2.3573637008666992e-05,729.0,643.0
1650481176,0.0,0.000492247,0.0,2.3752450942993164e-05,2.3573637008666992e-05,729.0,643.0
1650481177,0.005,0.0008766635,0.0,2.3752450942993164e-05,2.3573637008666992e-05,1287.5,1059.5
1650481178,0.0,0.001259504,0.0,2.339482307434082e-05,2.321600914001465e-05,1724.0,3321.0
1650481179,0.0,0.001259504,0.0,2.339482307434082e-05,2.321600914001465e-05,1724.0,3321.0
1650481180,0.0,0.0007050225,0.0,2.3752450942993164e-05,2.3573637008666992e-05,869.5,849.0
1650481181,0.0,0.001459063,0.0,2.3752450942993164e-05,2.3573637008666992e-05,2190.0,2193.0
1650481182,0.0,0.001459063,0.0,2.3752450942993164e-05,2.3573637008666992e-05,2190.0,2193.0
1650481183,0.0,0.000294803,0.0,2.3752450942993164e-05,2.3573637008666992e-05,365.0,321.5
1650481184,0.0,0.001732071,0.0,2.3752450942993164e-05,2.3573637008666992e-05,2189.0,1929.0
1650481185,0.0,0.001732071,0.0,2.3752450942993164e-05,2.3573637008666992e-05,2189.0,1929.0
1650481186,0.0,0.0005670045,0.0,2.3752450942993164e-05,2.3573637008666992e-05,729.5,643.0
1650481187,0.0,0.00127899,0.01,2.3752450942993164e-05,2.3573637008666992e-05,1844.0,1476.0
1650481188,0.0,0.001210152,0.0,2.3752450942993164e-05,2.3573637008666992e-05,1458.0,2886.0
1650481189,0.0,0.001210152,0.0,2.3752450942993164e-05,2.3573637008666992e-05,1458.0,2886.0
1650481190,0.0,0.000965177,0.0,2.3752450942993164e-05,2.3573637008666992e-05,1366.5,1170.5
1650481191,0.0,0.000961869,0.0,2.3752450942993164e-05,2.3573637008666992e-05,1460.0,1550.0
1650481192,0.0,0.000967537,0.0,2.3752450942993164e-05,2.3573637008666992e-05,1460.0,1286.0
1650481193,0.0,0.000967537,0.0,2.3752450942993164e-05,2.3573637008666992e-05,1460.0,1286.0
1650481194,0.0,0.00072212,0.0,2.3752450942993164e-05,2.3573637008666992e-05,1093.5,964.5
1650481195,0.0,0.001066894,0.0,2.3752450942993164e-05,2.3573637008666992e-05,1459.0,1286.0
1650481196,0.0,0.00145365,0.0,2.3752450942993164e-05,2.3573637008666992e-05,2190.0,1929.0
1650481197,0.0,0.00145365,0.0,2.3752450942993164e-05,2.3573637008666992e-05,2190.0,1929.0
1650481198,0.0,0.0009299355,0.0,2.3752450942993164e-05,2.3573637008666992e-05,1287.0,1517.5
1650481199,0.0,0.000613682,0.0,2.3752450942993164e-05,2.3573637008666992e-05,729.0,643.0
1650481200,0.0,0.001602764,0.01,2.3752450942993164e-05,2.3573637008666992e-05,2004.0,1566.0
1650481201,0.0,0.001629024,0.0,2.3752450942993164e-05,2.3573637008666992e-05,2187.0,2325.0
1650481202,0.0,0.001629024,0.0,2.3752450942993164e-05,2.3573637008666992e-05,2187.0,2325.0
1650481203,0.0,0.0006288755,0.0,2.3752450942993164e-05,2.3573637008666992e-05,728.5,643.0
1650481204,0.0,0.001153873,0.0,2.3752450942993164e-05,2.3573637008666992e-05,1458.0,1286.0
1650481205,0.0,0.00117933,0.0,2.3752450942993164e-05,2.3573637008666992e-05,1458.0,1286.0
1650481206,0.0,0.00117933,0.0,2.3752450942993164e-05,2.3573637008666992e-05,1458.0,1286.0
1650481207,0.0,0.0008451805,0.005,2.3752450942993164e-05,2.3573637008666992e-05,1287.5,1059.5
1650481208,0.0,0.0008451805,0.005,2.3752450942993164e-05,2.3573637008666992e-05,1287.5,1059.5
1650481209,0.0,0.000599552,0.0,2.3752450942993164e-05,2.3573637008666992e-05,729.5,1985.5
1650481210,0.0,0.001148619,0.0,2.339482307434082e-05,2.321600914001465e-05,1722.0,1286.0
1650481211,0.0,0.001846704,0.0,2.3752450942993164e-05,2.3573637008666992e-05,2469.0,2473.0
1650481212,0.0,0.001158887,0.0,2.3752450942993164e-05,2.3573637008666992e-05,1458.0,1418.0
1650481213,0.0,0.001000646,0.0,2.3752450942993164e-05,2.3573637008666992e-05,1459.0,1286.0
1650481214,0.0,0.001000646,0.0,2.3752450942993164e-05,2.3573637008666992e-05,1459.0,1286.0
1650481215,0.0,0.0006213415,0.0,2.3752450942993164e-05,2.3573637008666992e-05,729.0,643.0
1650481216,0.0,0.002183979,0.01,2.3752450942993164e-05,2.3573637008666992e-05,2918.0,2572.0
1650481217,0.0,0.002183979,0.01,2.3752450942993164e-05,2.3573637008666992e-05,2918.0,2572.0
1650481218,0.0,0.000726189,0.0,2.3752450942993164e-05,2.3573637008666992e-05,922.0,1473.0
1650481219,0.0,0.000726189,0.0,2.3752450942993164e-05,2.3573637008666992e-05,922.0,1473.0
1650481220,0.0,0.001221283,0.0,2.3752450942993164e-05,2.3573637008666992e-05,1890.5,1673.5
1650481221,0.0,0.001748331,0.0,2.339482307434082e-05,2.321600914001465e-05,2454.0,1929.0
1650481222,0.0,0.001748331,0.0,2.339482307434082e-05,2.321600914001465e-05,2454.0,1929.0
1650481223,0.0,0.0006548435,0.0,2.3752450942993164e-05,2.3573637008666992e-05,890.5,870.0
1650481224,0.0,0.001511424,0.0,2.3752450942993164e-05,2.3573637008666992e-05,2189.0,2193.0
1650481225,0.0,0.001077092,0.0,2.3752450942993164e-05,2.3573637008666992e-05,1456.0,1286.0
1650481226,0.0,0.001077092,0.0,2.3752450942993164e-05,2.3573637008666992e-05,1456.0,1286.0
1650481227,0.0,0.0012337675,0.0,2.3752450942993164e-05,2.3573637008666992e-05,1652.5,1381.0
1650481228,0.0,0.0012337675,0.0,2.3752450942993164e-05,2.3573637008666992e-05,1652.5,1381.0
1650481229,0.005,0.000626516,0.0,2.3752450942993164e-05,2.3573637008666992e-05,729.5,1707.5
1650481230,0.005,0.000626516,0.0,2.3752450942993164e-05,2.3573637008666992e-05,729.5,1707.5
1650481231,0.0,0.001588301,0.0,2.3752450942993164e-05,2.3573637008666992e-05,2189.5,1929.0
1650481232,0.0,0.001078615,0.01,2.3752450942993164e-05,2.3573637008666992e-05,1460.0,1286.0
1650481233,0.0,0.001078615,0.01,2.3752450942993164e-05,2.3573637008666992e-05,1460.0,1286.0
1650481234,0.0,0.001233165,0.0,2.3752450942993164e-05,2.3573637008666992e-05,1729.5,1558.0
1650481235,0.0,0.001233165,0.0,2.3752450942993164e-05,2.3573637008666992e-05,1729.5,1558.0
1650481236,0.0,0.001201739,0.0,2.3752450942993164e-05,2.3573637008666992e-05,1459.0,1352.0
1650481237,0.0,0.001201739,0.0,2.3752450942993164e-05,2.3573637008666992e-05,1459.0,1352.0
1650481238,0.0,0.001039818,0.0,2.3752450942993164e-05,2.3573637008666992e-05,1287.0,2185.0
1650481239,0.0,0.001039818,0.0,2.3752450942993164e-05,2.3573637008666992e-05,1287.0,2185.0
1650481240,0.0,0.0007695235,0.0,2.3752450942993164e-05,2.3573637008666992e-05,1093.5,964.5
1650481241,0.0,0.000470013,0.0,2.3752450942993164e-05,2.3573637008666992e-05,729.0,643.0
1650481242,0.0,0.00112942,0.0,2.3752450942993164e-05,2.3573637008666992e-05,1460.0,1286.0
1650481243,0.0,0.00112942,0.0,2.3752450942993164e-05,2.3573637008666992e-05,1460.0,1286.0
1650481244,0.0,0.0010444735,0.0,2.339482307434082e-05,2.321600914001465e-05,1591.5,1286.0
1650481245,0.0,0.0010444735,0.0,2.339482307434082e-05,2.321600914001465e-05,1591.5,1286.0
1650481246,0.0,0.001503898,0.0,2.3752450942993164e-05,2.3573637008666992e-05,1964.0,1945.5
1650481247,0.0,0.001503898,0.0,2.3752450942993164e-05,2.3573637008666992e-05,1964.0,1945.5
1650481248,0.005,0.001015318,0.0,2.3752450942993164e-05,2.3573637008666992e-05,1287.0,1792.5
1650481249,0.0,0.001518818,0.0,2.3752450942993164e-05,2.3573637008666992e-05,2190.0,1929.0
1650481250,0.0,0.000495076,0.0,2.3752450942993164e-05,2.3573637008666992e-05,730.0,643.0
1650481251,0.0,0.000495076,0.0,2.3752450942993164e-05,2.3573637008666992e-05,730.0,643.0
1650481252,0.0,0.0005493555,0.0,2.3752450942993164e-05,2.3573637008666992e-05,729.5,643.0
1650481253,0.0,0.0005493555,0.0,2.3752450942993164e-05,2.3573637008666992e-05,729.5,643.0
1650481254,0.0,0.0007267175,0.0,2.3752450942993164e-05,2.3573637008666992e-05,1094.5,964.5
1650481255,0.0,0.002483508,0.0,2.3752450942993164e-05,2.3573637008666992e-05,3464.0,2984.0
1650481256,0.0,0.002483508,0.0,2.3752450942993164e-05,2.3573637008666992e-05,3464.0,2984.0
1650481257,0.0,0.0007952285,0.0,2.3752450942993164e-05,2.3573637008666992e-05,921.0,870.0
1650481258,0.0,0.001255834,0.0,2.3752450942993164e-05,2.3573637008666992e-05,1460.0,2894.0
1650481259,0.0,0.001255834,0.0,2.3752450942993164e-05,2.3573637008666992e-05,1460.0,2894.0
1650481260,0.0,0.0009836105,0.0,2.3752450942993164e-05,2.3573637008666992e-05,1460.0,1286.0
1650481261,0.0,0.0009836105,0.0,2.3752450942993164e-05,2.3573637008666992e-05,1460.0,1286.0
1650481262,0.0,0.001245667,0.0,2.3752450942993164e-05,2.3573637008666992e-05,1824.5,1607.5
1650481263,0.0,0.00153156,0.0,2.3752450942993164e-05,2.3573637008666992e-05,2232.0,1971.0
1650481264,0.0,0.00153156,0.0,2.3752450942993164e-05,2.3573637008666992e-05,2232.0,1971.0
1650481265,0.0,0.0005415395,0.0,2.3752450942993164e-05,2.3573637008666992e-05,729.0,643.0
1650481266,0.0,0.0005415395,0.0,2.3752450942993164e-05,2.3573637008666992e-05,729.0,643.0
1650481267,0.0,0.0016671305,0.0,2.3752450942993164e-05,2.3573637008666992e-05,2289.5,2040.5
1650481268,0.0,0.001595105,0.0,2.3752450942993164e-05,2.3573637008666992e-05,2190.0,3532.0
1650481269,0.0,0.000951829,0.0,2.3752450942993164e-05,2.3573637008666992e-05,1459.0,1286.0
1650481270,0.0,0.000951829,0.0,2.3752450942993164e-05,2.3573637008666992e-05,1459.0,1286.0
1650481271,0.0,0.0007402655,0.0,2.3752450942993164e-05,2.3573637008666992e-05,1095.0,964.5
1650481272,0.0,0.001819642,0.0,2.3752450942993164e-05,2.3573637008666992e-05,2187.0,1929.0
1650481273,0.0,0.001819642,0.0,2.3752450942993164e-05,2.3573637008666992e-05,2187.0,1929.0
1650481274,0.0,0.000221865,0.0,2.3752450942993164e-05,2.3573637008666992e-05,365.0,321.5
1650481275,0.0,0.000997465,0.0,2.3752450942993164e-05,2.3573637008666992e-05,1460.0,1286.0
1650481276,0.0,0.001366154,0.0,2.339482307434082e-05,2.321600914001465e-05,1721.0,1286.0
1650481277,0.0,0.001366154,0.0,2.339482307434082e-05,2.321600914001465e-05,1721.0,1286.0
1650481278,0.005,0.000862803,0.0,2.3752450942993164e-05,2.3573637008666992e-05,1062.5,1745.5
1650481279,0.005,0.000862803,0.0,2.3752450942993164e-05,2.3573637008666992e-05,1062.5,1745.5
1650481280,0.0,0.0013298625,0.0,2.3752450942993164e-05,2.3573637008666992e-05,1823.5,1739.5
1650481281,0.0,0.001160343,0.0,2.3752450942993164e-05,2.3573637008666992e-05,1460.0,1286.0
1650481282,0.0,0.000488567,0.0,2.3752450942993164e-05,2.3573637008666992e-05,730.0,643.0
1650481283,0.0,0.000488567,0.0,2.3752450942993164e-05,2.3573637008666992e-05,730.0,643.0
1650481284,0.0,0.001028835,0.0,2.3752450942993164e-05,2.3573637008666992e-05,1460.0,1286.0
1650481285,0.0,0.000557075,0.0,2.3752450942993164e-05,2.3573637008666992e-05,730.0,643.0
1650481286,0.0,0.000557075,0.0,2.3752450942993164e-05,2.3573637008666992e-05,730.0,643.0
1650481287,0.0,0.0012311995,0.0,2.345442771911621e-05,2.327561378479004e-05,1784.0,1381.0
1650481288,0.0,0.0012311995,0.0,2.345442771911621e-05,2.327561378479004e-05,1784.0,1381.0
1650481289,0.0,0.000719056,0.0,2.3752450942993164e-05,2.3573637008666992e-05,869.5,1701.0
1650481290,0.0,0.00117483,0.0,2.3752450942993164e-05,2.3573637008666992e-05,1459.0,1550.0
1650481291,0.0,0.00117483,0.0,2.3752450942993164e-05,2.3573637008666992e-05,1459.0,1550.0
1650481292,0.0,0.0005439775,0.005,2.3752450942993164e-05,2.3573637008666992e-05,729.5,643.0
1650481293,0.0,0.00177103,0.0,2.3752450942993164e-05,2.3573637008666992e-05,2188.0,1929.0
1650481294,0.0,0.001123366,0.0,2.3752450942993164e-05,2.3573637008666992e-05,1458.0,1286.0
1650481295,0.0,0.001123366,0.0,2.3752450942993164e-05,2.3573637008666992e-05,1458.0,1286.0
1650481296,0.0,0.001426491,0.0,2.3752450942993164e-05,2.3573637008666992e-05,1823.0,1607.5
1650481297,0.0,0.002773732,0.0,2.3752450942993164e-05,2.3573637008666992e-05,3304.0,5117.0
1650481298,0.0,0.002773732,0.0,2.3752450942993164e-05,2.3573637008666992e-05,3304.0,5117.0
1650481299,0.0,0.00083294,0.0,2.3752450942993164e-05,2.3573637008666992e-05,1001.5,783.0
1650481300,0.0,0.00083294,0.0,2.3752450942993164e-05,2.3573637008666992e-05,1001.5,783.0
1650481301,0.0,0.001295054,0.0,2.3752450942993164e-05,2.3573637008666992e-05,1890.0,1871.5
1650481302,0.0,0.001295054,0.0,2.3752450942993164e-05,2.3573637008666992e-05,1890.0,1871.5
1650481303,0.0,0.001232993,0.005,2.3752450942993164e-05,2.3573637008666992e-05,1845.5,1628.5
1650481304,0.0,0.001232993,0.005,2.3752450942993164e-05,2.3573637008666992e-05,1845.5,1628.5
1650481305,0.0,0.000710829,0.0,2.3752450942993164e-05,2.3573637008666992e-05,1094.0,964.5
1650481306,0.0,0.001000753,0.0,2.3752450942993164e-05,2.3573637008666992e-05,1460.0,1286.0
1650481307,0.0,0.001000753,0.0,2.3752450942993164e-05,2.3573637008666992e-05,1460.0,1286.0
1650481308,0.0,0.0009819325,0.0,2.3752450942993164e-05,2.3573637008666992e-05,1287.0,1690.5
1650481309,0.0,0.001164814,0.0,2.339482307434082e-05,2.321600914001465e-05,1721.0,1286.0
1650481310,0.0,0.001164814,0.0,2.339482307434082e-05,2.321600914001465e-05,1721.0,1286.0
1650481311,0.0,0.0012733135,0.0,2.3752450942993164e-05,2.3573637008666992e-05,1599.5,1624.0
1650481312,0.0,0.0012733135,0.0,2.3752450942993164e-05,2.3573637008666992e-05,1599.5,1624.0
1650481313,0.0,0.001130705,0.0,2.3752450942993164e-05,2.3573637008666992e-05,1458.5,1286.0
1650481314,0.0,0.00046208,0.0,2.3752450942993164e-05,2.3573637008666992e-05,730.0,643.0
1650481315,0.0,0.000525013,0.0,2.3752450942993164e-05,2.3573637008666992e-05,730.0,643.0
1650481316,0.0,0.000525013,0.0,2.3752450942993164e-05,2.3573637008666992e-05,730.0,643.0
1650481317,0.0,0.001156037,0.0,2.3752450942993164e-05,2.3573637008666992e-05,1651.5,1381.0
1650481318,0.0,0.000687456,0.0,2.3752450942993164e-05,2.3573637008666992e-05,729.0,1780.0
1650481319,0.0,0.000598229,0.0,2.3752450942993164e-05,2.3573637008666992e-05,729.0,643.0
1650481320,0.0,0.000598229,0.0,2.3752450942993164e-05,2.3573637008666992e-05,729.0,643.0
1650481321,0.0,0.000753487,0.0,2.3752450942993164e-05,2.3573637008666992e-05,1001.5,783.0
1650481322,0.0,0.001056914,0.0,2.3752450942993164e-05,2.3573637008666992e-05,1459.0,1550.0
1650481323,0.0,0.002044899,0.01,2.3752450942993164e-05,2.3573637008666992e-05,2919.0,2704.0
1650481324,0.0,0.001206332,0.0,2.3752450942993164e-05,2.3573637008666992e-05,1458.0,1286.0
1650481325,0.0,0.001206332,0.0,2.3752450942993164e-05,2.3573637008666992e-05,1458.0,1286.0
1650481326,0.005,0.0009378325,0.0,2.3752450942993164e-05,2.3573637008666992e-05,1094.0,964.5
1650481327,0.0,0.001249492,0.0,2.3752450942993164e-05,2.3573637008666992e-05,1845.0,1476.0
1650481328,0.0,0.001249492,0.0,2.3752450942993164e-05,2.3573637008666992e-05,1845.0,1476.0
1650481329,0.0,0.000893643,0.0,2.3752450942993164e-05,2.3573637008666992e-05,1094.0,1927.5
1650481330,0.0,0.001129803,0.01,2.3752450942993164e-05,2.3573637008666992e-05,1458.0,1286.0
1650481331,0.0,0.000718899,0.0,2.339482307434082e-05,2.321600914001465e-05,994.0,643.0
1650481332,0.0,0.000718899,0.0,2.339482307434082e-05,2.321600914001465e-05,994.0,643.0
1650481333,0.0,0.00155572,0.0,2.3752450942993164e-05,2.3573637008666992e-05,1963.5,1945.5
1650481334,0.0,0.00155572,0.0,2.3752450942993164e-05,2.3573637008666992e-05,1963.5,1945.5
1650481335,0.0,0.001024578,0.005,2.3752450942993164e-05,2.3573637008666992e-05,1459.5,1286.0
1650481336,0.0,0.001006267,0.0,2.3752450942993164e-05,2.3573637008666992e-05,1459.0,1286.0
1650481337,0.0,0.001006267,0.0,2.3752450942993164e-05,2.3573637008666992e-05,1459.0,1286.0
1650481338,0.0,0.000986335,0.0,2.3752450942993164e-05,2.3573637008666992e-05,1287.0,1787.0
1650481339,0.0,0.000986335,0.0,2.3752450942993164e-05,2.3573637008666992e-05,1287.0,1787.0
1650481340,0.0,0.00080053,0.0,2.3752450942993164e-05,2.3573637008666992e-05,1095.0,964.5
1650481341,0.0,0.002066795,0.0,2.3752450942993164e-05,2.3573637008666992e-05,2919.0,2572.0
1650481342,0.0,0.002066795,0.0,2.3752450942993164e-05,2.3573637008666992e-05,2919.0,2572.0
1650481343,0.0,0.0010080735,0.0,2.3752450942993164e-05,2.3573637008666992e-05,1387.0,1125.5
1650481344,0.0,0.0010080735,0.0,2.3752450942993164e-05,2.3573637008666992e-05,1387.0,1125.5
1650481345,0.0,0.001111451,0.0,2.3752450942993164e-05,2.3573637008666992e-05,1459.5,1484.0
1650481346,0.0,0.00101028,0.0,2.3752450942993164e-05,2.3573637008666992e-05,1459.0,1286.0
1650481347,0.0,0.001252537,0.0,2.3752450942993164e-05,2.3573637008666992e-05,1845.0,1476.0
1650481348,0.0,0.001252537,0.0,2.3752450942993164e-05,2.3573637008666992e-05,1845.0,1476.0
1650481349,0.0,0.000626017,0.0,2.3752450942993164e-05,2.3573637008666992e-05,728.5,1267.0
1650481350,0.0,0.000926006,0.0,2.3752450942993164e-05,2.3573637008666992e-05,1460.0,1286.0
1650481351,0.0,0.000926006,0.0,2.3752450942993164e-05,2.3573637008666992e-05,1460.0,1286.0
1650481352,0.0,0.0007276875,0.0,2.3752450942993164e-05,2.3573637008666992e-05,1094.5,964.5
1650481353,0.0,0.0007276875,0.0,2.3752450942993164e-05,2.3573637008666992e-05,1094.5,964.5
1650481354,0.0,0.0005421475,0.0,2.345442771911621e-05,2.327561378479004e-05,862.0,643.0
1650481355,0.01,0.003523162,0.0,2.3752450942993164e-05,2.3573637008666992e-05,4659.0,4534.0
1650481356,0.01,0.003523162,0.0,2.3752450942993164e-05,2.3573637008666992e-05,4659.0,4534.0
1650481357,0.0,0.0010826135,0.0,2.3752450942993164e-05,2.3573637008666992e-05,1652.0,1381.0
1650481358,0.0,0.0010826135,0.0,2.3752450942993164e-05,2.3573637008666992e-05,1652.0,1381.0
1650481359,0.0,0.0006075815,0.0,2.3752450942993164e-05,2.3573637008666992e-05,729.5,1263.5
1650481360,0.0,0.0006075815,0.0,2.3752450942993164e-05,2.3573637008666992e-05,729.5,1263.5
1650481361,0.0,0.0007722505,0.0,2.3752450942993164e-05,2.3573637008666992e-05,1093.5,964.5
1650481362,0.0,0.001611649,0.0,2.3752450942993164e-05,2.3573637008666992e-05,2189.0,1929.0
1650481363,0.0,0.001611649,0.0,2.3752450942993164e-05,2.3573637008666992e-05,2189.0,1929.0
1650481364,0.0,0.0007327205,0.0,2.3752450942993164e-05,2.3573637008666992e-05,1095.0,964.5
1650481365,0.0,0.001552405,0.0,2.3752450942993164e-05,2.3573637008666992e-05,2003.0,1566.0
1650481366,0.0,0.000987307,0.0,2.3752450942993164e-05,2.3573637008666992e-05,1459.0,1550.0
1650481367,0.0,0.000987307,0.0,2.3752450942993164e-05,2.3573637008666992e-05,1459.0,1550.0
1650481368,0.0,0.000761517,0.0,2.3752450942993164e-05,2.3573637008666992e-05,922.5,1216.5
1650481369,0.0,0.001586365,0.01,2.3752450942993164e-05,2.3573637008666992e-05,2189.0,1929.0
1650481370,0.0,0.001586365,0.01,2.3752450942993164e-05,2.3573637008666992e-05,2189.0,1929.0
1650481371,0.0,0.00024477,0.0,2.3752450942993164e-05,2.3573637008666992e-05,365.0,321.5
1650481372,0.0,0.00024477,0.0,2.3752450942993164e-05,2.3573637008666992e-05,365.0,321.5
1650481373,0.0,0.001229575,0.0,2.3752450942993164e-05,2.3573637008666992e-05,1825.0,1607.5
1650481374,0.01,0.001641224,0.0,2.3752450942993164e-05,2.3573637008666992e-05,2190.0,1929.0
1650481375,0.01,0.001641224,0.0,2.3752450942993164e-05,2.3573637008666992e-05,2190.0,1929.0
1650481376,0.0,0.001297543,0.0,2.3752450942993164e-05,2.3573637008666992e-05,1731.0,1426.0
1650481377,0.0,0.001297543,0.0,2.3752450942993164e-05,2.3573637008666992e-05,1731.0,1426.0
1650481378,0.0,0.000930407,0.005,2.3752450942993164e-05,2.3573637008666992e-05,1287.0,1769.5
1650481379,0.0,0.000930407,0.005,2.3752450942993164e-05,2.3573637008666992e-05,1287.0,1769.5
1650481380,0.0,0.0007538865,0.0,2.3752450942993164e-05,2.3573637008666992e-05,1093.5,964.5
1650481381,0.0,0.002047183,0.0,2.3752450942993164e-05,2.3573637008666992e-05,2917.0,2572.0
1650481382,0.0,0.002047183,0.0,2.3752450942993164e-05,2.3573637008666992e-05,2917.0,2572.0
1650481383,0.0,0.0005129145,0.0,2.3752450942993164e-05,2.3573637008666992e-05,750.0,664.0
1650481384,0.0,0.002031634,0.0,2.3752450942993164e-05,2.3573637008666992e-05,2919.0,2572.0
1650481385,0.0,0.000628763,0.0,2.3752450942993164e-05,2.3573637008666992e-05,729.0,643.0
1650481386,0.0,0.001744803,0.0,2.3752450942993164e-05,2.3573637008666992e-05,2001.0,1566.0
1650481387,0.0,0.001744803,0.0,2.3752450942993164e-05,2.3573637008666992e-05,2001.0,1566.0
1650481388,0.0,0.000454194,0.0,2.3752450942993164e-05,2.3573637008666992e-05,557.0,1274.5
1650481389,0.0,0.001872549,0.0,2.3752450942993164e-05,2.3573637008666992e-05,2918.0,2836.0
1650481390,0.0,0.001872549,0.0,2.3752450942993164e-05,2.3573637008666992e-05,2918.0,2836.0
1650481391,0.0,0.000517821,0.0,2.3752450942993164e-05,2.3573637008666992e-05,730.0,643.0
1650481392,0.01,0.000985229,0.0,2.3752450942993164e-05,2.3573637008666992e-05,1459.0,1286.0
1650481393,0.0,0.000493526,0.0,2.3752450942993164e-05,2.3573637008666992e-05,730.0,643.0
1650481394,0.0,0.002018882,0.01,2.3752450942993164e-05,2.3573637008666992e-05,2917.0,2572.0
1650481395,0.0,0.001167873,0.0,2.3752450942993164e-05,2.3573637008666992e-05,1455.0,1286.0
1650481396,0.0,0.001167873,0.0,2.3752450942993164e-05,2.3573637008666992e-05,1455.0,1286.0
1650481397,0.0,0.001166574,0.0,2.3752450942993164e-05,2.3573637008666992e-05,1557.5,1199.5
1650481398,0.0,0.001166574,0.0,2.3752450942993164e-05,2.3573637008666992e-05,1557.5,1199.5
1650481399,0.0,0.000874264,0.0,2.3752450942993164e-05,2.3573637008666992e-05,1094.0,1729.0
1650481400,0.0,0.000874264,0.0,2.3752450942993164e-05,2.3573637008666992e-05,1094.0,1729.0
1650481401,0.0,0.0007814035,0.0,2.3752450942993164e-05,2.3573637008666992e-05,1094.0,964.5
1650481402,0.0,0.001047199,0.0,2.3752450942993164e-05,2.3573637008666992e-05,1460.0,1286.0
1650481403,0.0,0.001047199,0.0,2.3752450942993164e-05,2.3573637008666992e-05,1460.0,1286.0
1650481404,0.0,0.000810887,0.0,2.3752450942993164e-05,2.3573637008666992e-05,1094.0,964.5
1650481405,0.0,0.000810887,0.0,2.3752450942993164e-05,2.3573637008666992e-05,1094.0,964.5
1650481406,0.005,0.000550848,0.0,2.3752450942993164e-05,2.3573637008666992e-05,730.0,643.0
1650481407,0.0,0.000856846,0.0,2.3752450942993164e-05,2.3573637008666992e-05,1114.0,833.0
1650481408,0.0,0.002191083,0.0,2.3752450942993164e-05,2.3573637008666992e-05,2733.0,3346.0
1650481409,0.0,0.002191083,0.0,2.3752450942993164e-05,2.3573637008666992e-05,2733.0,3346.0
1650481410,0.0,0.0002227195,0.0,2.3752450942993164e-05,2.3573637008666992e-05,365.0,387.5
1650481411,0.0,0.002147772,0.0,2.3752450942993164e-05,2.3573637008666992e-05,2919.0,2836.0
1650481412,0.0,0.002147772,0.0,2.3752450942993164e-05,2.3573637008666992e-05,2919.0,2836.0
1650481413,0.0,0.001074312,0.0,2.3752450942993164e-05,2.3573637008666992e-05,1458.5,1286.0
1650481414,0.0,0.001509769,0.0,2.3752450942993164e-05,2.3573637008666992e-05,2189.0,1929.0
1650481415,0.0,0.001509769,0.0,2.3752450942993164e-05,2.3573637008666992e-05,2189.0,1929.0
1650481416,0.0,0.0007429765,0.0,2.3752450942993164e-05,2.3573637008666992e-05,1095.0,964.5
1650481417,0.0,0.002511141,0.0,2.3752450942993164e-05,2.3573637008666992e-05,3305.0,4465.0
1650481418,0.0,0.002511141,0.0,2.3752450942993164e-05,2.3573637008666992e-05,3305.0,4465.0
1650481419,0.005,0.001689819,0.0,2.3752450942993164e-05,2.3573637008666992e-05,2097.0,1879.5
1650481420,0.005,0.001689819,0.0,2.3752450942993164e-05,2.3573637008666992e-05,2097.0,1879.5
1650481421,0.0,0.000838753,0.0,2.3752450942993164e-05,2.3573637008666992e-05,1094.5,1030.5
1650481422,0.0,0.001107909,0.0,2.3752450942993164e-05,2.3573637008666992e-05,1459.0,1286.0
1650481423,0.0,0.001107909,0.0,2.3752450942993164e-05,2.3573637008666992e-05,1459.0,1286.0
1650481424,0.0,0.000477946,0.0,2.3752450942993164e-05,2.3573637008666992e-05,751.0,664.0
1650481425,0.0,0.000477946,0.0,2.3752450942993164e-05,2.3573637008666992e-05,751.0,664.0
1650481426,0.0,0.001102312,0.0,2.3752450942993164e-05,2.3573637008666992e-05,1459.0,1286.0
1650481427,0.0,0.002315259,0.0,2.3752450942993164e-05,2.3573637008666992e-05,3303.0,2762.0
1650481428,0.0,0.002315259,0.0,2.3752450942993164e-05,2.3573637008666992e-05,3303.0,2762.0
1650481429,0.0,0.0007600125,0.0,2.3633241653442383e-05,2.345442771911621e-05,1071.5,1498.5
1650481430,0.0,0.002900313,0.0,2.3752450942993164e-05,2.3573637008666992e-05,3505.0,3791.0
1650481431,0.0,0.002900313,0.0,2.3752450942993164e-05,2.3573637008666992e-05,3505.0,3791.0
1650481432,0.0,0.000485534,0.0,2.3752450942993164e-05,2.3573637008666992e-05,730.0,643.0
1650481433,0.0,0.000485534,0.0,2.3752450942993164e-05,2.3573637008666992e-05,730.0,643.0
1650481434,0.0,0.0007836755,0.0,2.3752450942993164e-05,2.3573637008666992e-05,1094.0,964.5
1650481435,0.0,0.001062782,0.01,2.3752450942993164e-05,2.3573637008666992e-05,1460.0,1286.0
1650481436,0.0,0.001062782,0.01,2.3752450942993164e-05,2.3573637008666992e-05,1460.0,1286.0
1650481437,0.0,0.000837439,0.0,2.3752450942993164e-05,2.3573637008666992e-05,1287.0,1059.5
1650481438,0.0,0.000573973,0.0,2.3752450942993164e-05,2.3573637008666992e-05,729.0,2547.0
1650481439,0.0,0.000573973,0.0,2.3752450942993164e-05,2.3573637008666992e-05,729.0,2547.0
1650481440,0.0,0.000576811,0.0,2.339482307434082e-05,2.321600914001465e-05,861.5,643.0
1650481441,0.0,0.001432426,0.0,2.3752450942993164e-05,2.3573637008666992e-05,1737.0,1698.0
1650481442,0.0,0.001432426,0.0,2.3752450942993164e-05,2.3573637008666992e-05,1737.0,1698.0
1650481443,0.0,0.0015974565,0.0,2.3752450942993164e-05,2.3573637008666992e-05,2188.5,2061.0
1650481444,0.01,0.001189141,0.0,2.3752450942993164e-05,2.3573637008666992e-05,1457.0,1286.0
1650481445,0.01,0.001189141,0.0,2.3752450942993164e-05,2.3573637008666992e-05,1457.0,1286.0
1650481446,0.0,0.0005388395,0.0,2.3752450942993164e-05,2.3573637008666992e-05,729.0,643.0
1650481447,0.0,0.001266383,0.0,2.3752450942993164e-05,2.3573637008666992e-05,1845.0,1476.0
1650481448,0.0,0.001235118,0.0,2.3752450942993164e-05,2.3573637008666992e-05,1459.0,3301.0
1650481449,0.0,0.001235118,0.0,2.3752450942993164e-05,2.3573637008666992e-05,1459.0,3301.0
1650481450,0.0,0.0004889315,0.0,2.3752450942993164e-05,2.3573637008666992e-05,730.0,643.0
1650481451,0.0,0.0004889315,0.0,2.3752450942993164e-05,2.3573637008666992e-05,730.0,643.0
1650481452,0.0,0.000641412,0.0,2.339482307434082e-05,2.321600914001465e-05,861.0,643.0
1650481453,0.0,0.001264996,0.0,2.3752450942993164e-05,2.3573637008666992e-05,1739.0,1698.0
1650481454,0.0,0.001264996,0.0,2.3752450942993164e-05,2.3573637008666992e-05,1739.0,1698.0
1650481455,0.0,0.0006151305,0.0,2.3752450942993164e-05,2.3573637008666992e-05,730.0,775.0
1650481456,0.0,0.0006151305,0.0,2.3752450942993164e-05,2.3573637008666992e-05,730.0,775.0
1650481457,0.0,0.000826661,0.0,2.3752450942993164e-05,2.3573637008666992e-05,1287.5,1059.5
1650481458,0.0,0.000826661,0.0,2.3752450942993164e-05,2.3573637008666992e-05,1287.5,1059.5
1650481459,0.0,0.000495417,0.0,2.3752450942993164e-05,2.3573637008666992e-05,730.0,1260.5
1650481460,0.0,0.002457097,0.0,2.3752450942993164e-05,2.3573637008666992e-05,3649.0,3215.0
1650481461,0.0,0.002457097,0.0,2.3752450942993164e-05,2.3573637008666992e-05,3649.0,3215.0
1650481462,0.0,0.0006081615,0.005,2.3752450942993164e-05,2.3573637008666992e-05,729.5,643.0
1650481463,0.0,0.001450307,0.0,2.3752450942993164e-05,2.3573637008666992e-05,2045.0,1608.0
1650481464,0.0,0.001450307,0.0,2.3752450942993164e-05,2.3573637008666992e-05,2045.0,1608.0
1650481465,0.0,0.000969042,0.0,2.3752450942993164e-05,2.3573637008666992e-05,1459.5,1484.0
1650481466,0.01,0.002271398,0.0,2.3752450942993164e-05,2.3573637008666992e-05,3303.0,2762.0
1650481467,0.01,0.002271398,0.0,2.3752450942993164e-05,2.3573637008666992e-05,3303.0,2762.0
1650481468,0.0,0.0008137815,0.0,2.3752450942993164e-05,2.3573637008666992e-05,1094.0,1697.0
1650481469,0.0,0.000519622,0.0,2.3752450942993164e-05,2.3573637008666992e-05,730.0,643.0
1650481470,0.0,0.00152566,0.0,2.3752450942993164e-05,2.3573637008666992e-05,2189.0,1929.0
1650481471,0.0,0.00152566,0.0,2.3752450942993164e-05,2.3573637008666992e-05,2189.0,1929.0
1650481472,0.0,0.0004857345,0.0,2.3752450942993164e-05,2.3573637008666992e-05,730.0,643.0
1650481473,0.0,0.0004857345,0.0,2.3752450942993164e-05,2.3573637008666992e-05,730.0,643.0
1650481474,0.0,0.0012639795,0.0,2.3752450942993164e-05,2.3573637008666992e-05,1731.0,1492.0
1650481475,0.0,0.000961806,0.0,2.3752450942993164e-05,2.3573637008666992e-05,1460.0,1550.0
1650481476,0.0,0.000961806,0.0,2.3752450942993164e-05,2.3573637008666992e-05,1460.0,1550.0
1650481477,0.0,0.000367133,0.0,2.3752450942993164e-05,2.3573637008666992e-05,557.5,416.5
1650481478,0.0,0.002171178,0.0,2.3752450942993164e-05,2.3573637008666992e-05,2920.0,3277.0
1650481479,0.0,0.002171178,0.0,2.3752450942993164e-05,2.3573637008666992e-05,2920.0,3277.0
1650481480,0.0,0.0004981525,0.0,2.3752450942993164e-05,2.3573637008666992e-05,729.5,643.0
1650481481,0.0,0.000931869,0.0,2.3752450942993164e-05,2.3573637008666992e-05,1460.0,1286.0
1650481482,0.0,0.000931869,0.0,2.3752450942993164e-05,2.3573637008666992e-05,1460.0,1286.0
1650481483,0.0,0.0009664075,0.0,2.3752450942993164e-05,2.3573637008666992e-05,1460.0,1286.0
1650481484,0.0,0.002016267,0.0,2.3752450942993164e-05,2.3573637008666992e-05,2733.0,2209.0
1650481485,0.0,0.002016267,0.0,2.3752450942993164e-05,2.3573637008666992e-05,2733.0,2209.0
1650481486,0.0,0.000861264,0.0,2.3752450942993164e-05,2.3573637008666992e-05,1095.0,1162.5
1650481487,0.0,0.000861264,0.0,2.3752450942993164e-05,2.3573637008666992e-05,1095.0,1162.5
1650481488,0.0,0.001348816,0.0,2.3752450942993164e-05,2.3573637008666992e-05,1651.5,2552.5
1650481489,0.01,0.001094986,0.0,2.3752450942993164e-05,2.3573637008666992e-05,1460.0,1286.0
1650481490,0.01,0.001094986,0.0,2.3752450942993164e-05,2.3573637008666992e-05,1460.0,1286.0
1650481491,0.0,0.0005524625,0.0,2.3752450942993164e-05,2.3573637008666992e-05,730.0,643.0
1650481492,0.0,0.0005524625,0.0,2.3752450942993164e-05,2.3573637008666992e-05,730.0,643.0
1650481493,0.0,0.000993251,0.005,2.3752450942993164e-05,2.3573637008666992e-05,1460.0,1286.0
1650481494,0.0,0.000608335,0.0,2.3752450942993164e-05,2.3573637008666992e-05,730.0,643.0
1650481495,0.0,0.001569637,0.0,2.3752450942993164e-05,2.3573637008666992e-05,2004.0,1566.0
1650481496,0.0,0.001569637,0.0,2.3752450942993164e-05,2.3573637008666992e-05,2004.0,1566.0
1650481497,0.0,0.0012217625,0.0,2.3752450942993164e-05,2.3573637008666992e-05,1651.0,1579.0
1650481498,0.0,0.001813484,0.0,2.3752450942993164e-05,2.3573637008666992e-05,2187.0,3855.0
1650481499,0.0,0.001813484,0.0,2.3752450942993164e-05,2.3573637008666992e-05,2187.0,3855.0
1650481500,0.0,0.000732346,0.0,2.3752450942993164e-05,2.3573637008666992e-05,1094.5,964.5
1650481501,0.0,0.000732346,0.0,2.3752450942993164e-05,2.3573637008666992e-05,1094.5,964.5
1650481502,0.0,0.0010297955,0.0,2.3752450942993164e-05,2.3573637008666992e-05,1459.5,1286.0
1650481503,0.0,0.000876216,0.0,2.3752450942993164e-05,2.3573637008666992e-05,1501.0,1328.0
1650481504,0.0,0.000876216,0.0,2.3752450942993164e-05,2.3573637008666992e-05,1501.0,1328.0
1650481505,0.0,0.000739671,0.0,2.3752450942993164e-05,2.3573637008666992e-05,1095.0,964.5
1650481506,0.0,0.000739671,0.0,2.3752450942993164e-05,2.3573637008666992e-05,1095.0,964.5
1650481507,0.0,0.0013417685,0.0,2.3752450942993164e-05,2.3573637008666992e-05,1924.5,1587.0
1650481508,0.0,0.001314665,0.0,2.3752450942993164e-05,2.3573637008666992e-05,1459.0,3355.0
1650481509,0.0,0.001084948,0.0,2.3752450942993164e-05,2.3573637008666992e-05,1458.0,1286.0
1650481510,0.0,0.000495832,0.0,2.3752450942993164e-05,2.3573637008666992e-05,729.0,643.0
1650481511,0.0,0.000495832,0.0,2.3752450942993164e-05,2.3573637008666992e-05,729.0,643.0
1650481512,0.0,0.0005903345,0.0,2.3752450942993164e-05,2.3573637008666992e-05,729.0,643.0
1650481513,0.0,0.001465232,0.01,2.3752450942993164e-05,2.3573637008666992e-05,2189.0,1929.0
1650481514,0.0,0.001440662,0.0,2.3752450942993164e-05,2.3573637008666992e-05,2188.0,1929.0
1650481515,0.0,0.001440662,0.0,2.3752450942993164e-05,2.3573637008666992e-05,2188.0,1929.0
1650481516,0.0,0.0004516255,0.0,2.3752450942993164e-05,2.3573637008666992e-05,730.0,643.0
1650481517,0.0,0.0004516255,0.0,2.3752450942993164e-05,2.3573637008666992e-05,730.0,643.0
1650481518,0.005,0.0017814265,0.0,2.3752450942993164e-05,2.3573637008666992e-05,2288.5,2826.0
1650481519,0.005,0.0017814265,0.0,2.3752450942993164e-05,2.3573637008666992e-05,2288.5,2826.0
1650481520,0.0,0.0005815275,0.0,2.3752450942993164e-05,2.3573637008666992e-05,729.5,709.0
1650481521,0.0,0.00045213,0.0,2.3752450942993164e-05,2.3573637008666992e-05,729.0,643.0
1650481522,0.0,0.000550837,0.0,2.3752450942993164e-05,2.3573637008666992e-05,730.0,643.0
1650481523,0.0,0.002670286,0.0,2.3752450942993164e-05,2.3573637008666992e-05,3649.0,3215.0
1650481524,0.0,0.002670286,0.0,2.3752450942993164e-05,2.3573637008666992e-05,3649.0,3215.0
1650481525,0.0,0.000555218,0.0,2.3752450942993164e-05,2.3573637008666992e-05,729.5,643.0
1650481526,0.0,0.000473725,0.0,2.3752450942993164e-05,2.3573637008666992e-05,730.0,643.0
1650481527,0.01,0.003255949,0.0,2.3752450942993164e-05,2.3573637008666992e-05,3845.0,4868.0
1650481528,0.01,0.003255949,0.0,2.3752450942993164e-05,2.3573637008666992e-05,3845.0,4868.0
1650481529,0.0,0.000507812,0.0,2.3752450942993164e-05,2.3573637008666992e-05,730.0,775.0
1650481530,0.0,0.000507812,0.0,2.3752450942993164e-05,2.3573637008666992e-05,730.0,775.0
1650481531,0.0,0.0010704265,0.0,2.3752450942993164e-05,2.3573637008666992e-05,1525.0,1418.0
1650481532,0.0,0.001051811,0.0,2.3752450942993164e-05,2.3573637008666992e-05,1460.0,1286.0
1650481533,0.0,0.001051811,0.0,2.3752450942993164e-05,2.3573637008666992e-05,1460.0,1286.0
1650481534,0.005,0.0005053905,0.0,2.3752450942993164e-05,2.3573637008666992e-05,729.5,643.0
1650481535,0.0,0.000992376,0.0,2.3752450942993164e-05,2.3573637008666992e-05,1459.0,1286.0
1650481536,0.0,0.000992376,0.0,2.3752450942993164e-05,2.3573637008666992e-05,1459.0,1286.0
1650481537,0.0,0.000716794,0.0,2.3752450942993164e-05,2.3573637008666992e-05,922.5,738.0
1650481538,0.0,0.001861674,0.0,2.339482307434082e-05,2.321600914001465e-05,2452.0,3166.0
1650481539,0.0,0.001861674,0.0,2.339482307434082e-05,2.321600914001465e-05,2452.0,3166.0
1650481540,0.0,0.000599491,0.0,2.3752450942993164e-05,2.3573637008666992e-05,870.0,849.0
1650481541,0.0,0.001025065,0.0,2.3752450942993164e-05,2.3573637008666992e-05,1460.0,1550.0
1650481542,0.0,0.000467494,0.0,2.3752450942993164e-05,2.3573637008666992e-05,772.0,685.0
1650481543,0.0,0.000467494,0.0,2.3752450942993164e-05,2.3573637008666992e-05,772.0,685.0
1650481544,0.0,0.0005205195,0.0,2.3752450942993164e-05,2.3573637008666992e-05,730.0,643.0
1650481545,0.0,0.001168761,0.0,2.3752450942993164e-05,2.3573637008666992e-05,1456.0,1286.0
1650481546,0.0,0.002030133,0.0,2.3752450942993164e-05,2.3573637008666992e-05,2189.0,1929.0
1650481547,0.0,0.002030133,0.0,2.3752450942993164e-05,2.3573637008666992e-05,2189.0,1929.0
1650481548,0.0,0.0005065225,0.0,2.3752450942993164e-05,2.3573637008666992e-05,557.5,1210.5
1650481549,0.0,0.00123775,0.0,2.3752450942993164e-05,2.3573637008666992e-05,1458.0,1286.0
1650481550,0.0,0.00123775,0.0,2.3752450942993164e-05,2.3573637008666992e-05,1458.0,1286.0
1650481551,0.0,0.001211709,0.0,2.3752450942993164e-05,2.3573637008666992e-05,1732.0,1558.0
1650481552,0.01,0.001013389,0.0,2.3752450942993164e-05,2.3573637008666992e-05,1459.0,1418.0
1650481553,0.0,0.000910661,0.0,2.3752450942993164e-05,2.3573637008666992e-05,1460.0,1286.0
1650481554,0.0,0.000910661,0.0,2.3752450942993164e-05,2.3573637008666992e-05,1460.0,1286.0
1650481555,0.0,0.0002677955,0.0,2.3752450942993164e-05,2.3573637008666992e-05,364.5,321.5
1650481556,0.0,0.001829402,0.0,2.3752450942993164e-05,2.3573637008666992e-05,2573.0,2119.0
1650481557,0.0,0.001829402,0.0,2.3752450942993164e-05,2.3573637008666992e-05,2573.0,2119.0
1650481558,0.005,0.0010391845,0.0,2.3752450942993164e-05,2.3573637008666992e-05,1459.0,1853.0
1650481559,0.005,0.0010391845,0.0,2.3752450942993164e-05,2.3573637008666992e-05,1459.0,1853.0
1650481560,0.0,0.0002707955,0.0,2.3752450942993164e-05,2.3573637008666992e-05,364.5,321.5
1650481561,0.0,0.00209182,0.0,2.3752450942993164e-05,2.3573637008666992e-05,2732.0,2341.0
1650481562,0.0,0.001108597,0.0,2.3752450942993164e-05,2.3573637008666992e-05,1460.0,1550.0
1650481563,0.0,0.000625404,0.0,2.3752450942993164e-05,2.3573637008666992e-05,730.0,643.0
1650481564,0.0,0.000625404,0.0,2.3752450942993164e-05,2.3573637008666992e-05,730.0,643.0
1650481565,0.0,0.000711444,0.0,2.3752450942993164e-05,2.3573637008666992e-05,1093.5,964.5
1650481566,0.0,0.000711444,0.0,2.3752450942993164e-05,2.3573637008666992e-05,1093.5,964.5
1650481567,0.0,0.0008767215,0.0,2.3752450942993164e-05,2.3573637008666992e-05,1287.5,1059.5
1650481568,0.0,0.0008767215,0.0,2.3752450942993164e-05,2.3573637008666992e-05,1287.5,1059.5
1650481569,0.0,0.000602624,0.0,2.3752450942993164e-05,2.3573637008666992e-05,729.5,1316.0
1650481570,0.0,0.001481545,0.0,2.3752450942993164e-05,2.3573637008666992e-05,2190.0,1929.0
1650481571,0.0,0.001481545,0.0,2.3752450942993164e-05,2.3573637008666992e-05,2190.0,1929.0
1650481572,0.0,0.000379505,0.0,2.339482307434082e-05,2.321600914001465e-05,497.0,321.5
1650481573,0.0,0.001838475,0.0,2.3752450942993164e-05,2.3573637008666992e-05,2468.0,2473.0
1650481574,0.0,0.001838475,0.0,2.3752450942993164e-05,2.3573637008666992e-05,2468.0,2473.0
1650481575,0.0,0.0012791525,0.0,2.3752450942993164e-05,2.3573637008666992e-05,1824.5,1673.5
1650481576,0.0,0.001080807,0.0,2.3752450942993164e-05,2.3573637008666992e-05,1460.0,1286.0
1650481577,0.0,0.001080807,0.0,2.3752450942993164e-05,2.3573637008666992e-05,1460.0,1286.0
1650481578,0.0,0.00145163,0.005,2.3752450942993164e-05,2.3573637008666992e-05,2017.5,2500.5
1650481579,0.0,0.00145163,0.005,2.3752450942993164e-05,2.3573637008666992e-05,2017.5,2500.5
1650481580,0.0,0.000459877,0.0,2.3752450942993164e-05,2.3573637008666992e-05,730.0,643.0
1650481581,0.0,0.001016558,0.0,2.3752450942993164e-05,2.3573637008666992e-05,1459.0,1286.0
1650481582,0.0,0.001016558,0.0,2.3752450942993164e-05,2.3573637008666992e-05,1459.0,1286.0
1650481583,0.0,0.001007145,0.0,2.3752450942993164e-05,2.3573637008666992e-05,1386.5,1191.5
1650481584,0.0,0.001007145,0.0,2.3752450942993164e-05,2.3573637008666992e-05,1386.5,1191.5
1650481585,0.0,0.000751994,0.0,2.3752450942993164e-05,2.3573637008666992e-05,1095.0,1096.5
1650481586,0.0,0.00160363,0.01,2.3752450942993164e-05,2.3573637008666992e-05,2188.0,1929.0
1650481587,0.0,0.00160363,0.01,2.3752450942993164e-05,2.3573637008666992e-05,2188.0,1929.0
1650481588,0.0,0.000651746,0.0,2.3752450942993164e-05,2.3573637008666992e-05,922.5,1199.5
1650481589,0.0,0.001111115,0.0,2.3752450942993164e-05,2.3573637008666992e-05,1459.0,1286.0
1650481590,0.01,0.001659062,0.0,2.3752450942993164e-05,2.3573637008666992e-05,2190.0,1929.0
1650481591,0.01,0.001659062,0.0,2.3752450942993164e-05,2.3573637008666992e-05,2190.0,1929.0
1650481592,0.0,0.0007169625,0.0,2.3752450942993164e-05,2.3573637008666992e-05,1095.0,964.5
1650481593,0.0,0.0007169625,0.0,2.3752450942993164e-05,2.3573637008666992e-05,1095.0,964.5
1650481594,0.0,0.0010863265,0.0,2.3752450942993164e-05,2.3573637008666992e-05,1366.0,1104.5
1650481595,0.0,0.00159705,0.0,2.3752450942993164e-05,2.3573637008666992e-05,2188.0,2325.0
1650481596,0.0,0.00159705,0.0,2.3752450942993164e-05,2.3573637008666992e-05,2188.0,2325.0
1650481597,0.0,0.0005874725,0.0,2.3752450942993164e-05,2.3573637008666992e-05,922.5,738.0
1650481598,0.0,0.0005874725,0.0,2.3752450942993164e-05,2.3573637008666992e-05,922.5,738.0
1650481599,0.0,0.0008375185,0.0,2.3752450942993164e-05,2.3573637008666992e-05,1094.0,1696.5
1650481600,0.0,0.001430139,0.0,2.3752450942993164e-05,2.3573637008666992e-05,2189.0,1929.0
1650481601,0.0,0.001430139,0.0,2.3752450942993164e-05,2.3573637008666992e-05,2189.0,1929.0
1650481602,0.0,0.0005542325,0.0,2.3752450942993164e-05,2.3573637008666992e-05,730.0,643.0
1650481603,0.0,0.001115516,0.0,2.3752450942993164e-05,2.3573637008666992e-05,1458.0,1286.0
1650481604,0.0,0.001115516,0.0,2.3752450942993164e-05,2.3573637008666992e-05,1458.0,1286.0
1650481605,0.005,0.0010264,0.0,2.3752450942993164e-05,2.3573637008666992e-05,1365.5,1104.5
1650481606,0.0,0.001566678,0.0,2.3752450942993164e-05,2.3573637008666992e-05,2189.0,2325.0
1650481607,0.0,0.001566678,0.0,2.3752450942993164e-05,2.3573637008666992e-05,2189.0,2325.0
1650481608,0.0,0.000816266,0.0,2.3752450942993164e-05,2.3573637008666992e-05,922.0,1593.0
1650481609,0.0,0.001560663,0.0,2.3752450942993164e-05,2.3573637008666992e-05,2188.0,1929.0
1650481610,0.0,0.001560663,0.0,2.3752450942993164e-05,2.3573637008666992e-05,2188.0,1929.0
1650481611,0.0,0.0010747835,0.0,2.3752450942993164e-05,2.3573637008666992e-05,1459.0,1286.0
1650481612,0.0,0.002020425,0.0,2.3752450942993164e-05,2.3573637008666992e-05,3050.0,2704.0
1650481613,0.0,0.002020425,0.0,2.3752450942993164e-05,2.3573637008666992e-05,3050.0,2704.0
1650481614,0.0,0.001074891,0.0,2.3752450942993164e-05,2.3573637008666992e-05,1458.5,1286.0
1650481615,0.0,0.001074891,0.0,2.3752450942993164e-05,2.3573637008666992e-05,1458.5,1286.0
1650481616,0.0,0.0010239755,0.0,2.3752450942993164e-05,2.3573637008666992e-05,1366.0,1104.5
1650481617,0.0,0.001721806,0.0,2.3752450942993164e-05,2.3573637008666992e-05,2574.0,3667.0
1650481618,0.0,0.001721806,0.0,2.3752450942993164e-05,2.3573637008666992e-05,2574.0,3667.0
1650481619,0.0,0.000759315,0.0,2.3752450942993164e-05,2.3573637008666992e-05,1095.0,964.5
1650481620,0.0,0.000759315,0.0,2.3752450942993164e-05,2.3573637008666992e-05,1095.0,964.5
1650481621,0.0,0.000547085,0.0,2.3752450942993164e-05,2.3573637008666992e-05,729.5,643.0
1650481622,0.0,0.000595254,0.0,2.3752450942993164e-05,2.3573637008666992e-05,730.0,643.0
1650481623,0.01,0.001853653,0.0,2.3752450942993164e-05,2.3573637008666992e-05,2958.0,2614.0
1650481624,0.01,0.001853653,0.0,2.3752450942993164e-05,2.3573637008666992e-05,2958.0,2614.0
1650481625,0.0,0.000513887,0.0,2.3752450942993164e-05,2.3573637008666992e-05,729.5,643.0
1650481626,0.0,0.001576823,0.0,2.3752450942993164e-05,2.3573637008666992e-05,2003.0,1566.0
1650481627,0.0,0.000643259,0.0,2.3752450942993164e-05,2.3573637008666992e-05,1115.0,965.0
1650481628,0.0,0.000643259,0.0,2.3752450942993164e-05,2.3573637008666992e-05,1115.0,965.0
1650481629,0.0,0.0008224875,0.0,2.3752450942993164e-05,2.3573637008666992e-05,1093.5,1613.0
1650481630,0.0,0.001603197,0.0,2.3752450942993164e-05,2.3573637008666992e-05,2189.0,1929.0
1650481631,0.0,0.001603197,0.0,2.3752450942993164e-05,2.3573637008666992e-05,2189.0,1929.0
1650481632,0.0,0.0007827795,0.0,2.3752450942993164e-05,2.3573637008666992e-05,1094.5,964.5
1650481633,0.0,0.001133337,0.0,2.3752450942993164e-05,2.3573637008666992e-05,1458.0,1286.0
1650481634,0.0,0.001048885,0.0,2.3752450942993164e-05,2.3573637008666992e-05,1459.0,1286.0
1650481635,0.0,0.00093832,0.0,2.3752450942993164e-05,2.3573637008666992e-05,1460.0,1286.0
1650481636,0.0,0.00093832,0.0,2.3752450942993164e-05,2.3573637008666992e-05,1460.0,1286.0
1650481637,0.005,0.0013244065,0.0,2.3752450942993164e-05,2.3573637008666992e-05,1924.0,1587.0
1650481638,0.0,0.001605236,0.0,2.3752450942993164e-05,2.3573637008666992e-05,2190.0,3651.0
1650481639,0.0,0.001605236,0.0,2.3752450942993164e-05,2.3573637008666992e-05,2190.0,3651.0
1650481640,0.0,0.0009078775,0.0,2.3752450942993164e-05,2.3573637008666992e-05,1094.5,964.5
1650481641,0.0,0.0009078775,0.0,2.3752450942993164e-05,2.3573637008666992e-05,1094.5,964.5
1650481642,0.0,0.0009996575,0.0,2.3752450942993164e-05,2.3573637008666992e-05,1459.0,1286.0
1650481643,0.02,0.002086899,0.0,2.3752450942993164e-05,2.3573637008666992e-05,2919.0,2572.0
1650481644,0.02,0.002086899,0.0,2.3752450942993164e-05,2.3573637008666992e-05,2919.0,2572.0
1650481645,0.0,0.000280608,0.0,2.3752450942993164e-05,2.3573637008666992e-05,365.0,321.5
1650481646,0.0,0.001170669,0.0,2.3752450942993164e-05,2.3573637008666992e-05,1459.0,1286.0
1650481647,0.0,0.001170669,0.0,2.3752450942993164e-05,2.3573637008666992e-05,1459.0,1286.0
1650481648,0.0,0.0015373325,0.005,2.3752450942993164e-05,2.3573637008666992e-05,1923.5,2610.0
1650481649,0.0,0.0015373325,0.005,2.3752450942993164e-05,2.3573637008666992e-05,1923.5,2610.0
1650481650,0.0,0.0006760695,0.0,2.3752450942993164e-05,2.3573637008666992e-05,1095.0,1030.5
1650481651,0.0,0.001655183,0.0,2.3752450942993164e-05,2.3573637008666992e-05,2190.0,1929.0
1650481652,0.0,0.001655183,0.0,2.3752450942993164e-05,2.3573637008666992e-05,2190.0,1929.0
1650481653,0.0,0.000909615,0.0,2.3752450942993164e-05,2.3573637008666992e-05,1460.0,1286.0
1650481654,0.0,0.000909615,0.0,2.3752450942993164e-05,2.3573637008666992e-05,1460.0,1286.0
1650481655,0.0,0.0007498875,0.0,2.3752450942993164e-05,2.3573637008666992e-05,1095.0,964.5
1650481656,0.0,0.0007498875,0.0,2.3752450942993164e-05,2.3573637008666992e-05,1095.0,964.5
1650481657,0.0,0.000670171,0.0,2.3752450942993164e-05,2.3573637008666992e-05,921.5,738.0
1650481658,0.0,0.002082326,0.0,2.3752450942993164e-05,2.3573637008666992e-05,2734.0,3445.0
1650481659,0.0,0.001220103,0.0,2.3752450942993164e-05,2.3573637008666992e-05,1460.0,1550.0
1650481660,0.0,0.001220103,0.0,2.3752450942993164e-05,2.3573637008666992e-05,1460.0,1550.0
1650481661,0.0,0.000740788,0.0,2.3752450942993164e-05,2.3573637008666992e-05,1095.0,1030.5
1650481662,0.0,0.001500593,0.0,2.3752450942993164e-05,2.3573637008666992e-05,2189.0,1929.0
1650481663,0.0,0.000956908,0.0,2.3752450942993164e-05,2.3573637008666992e-05,1502.0,1328.0
1650481664,0.0,0.000956908,0.0,2.3752450942993164e-05,2.3573637008666992e-05,1502.0,1328.0
1650481665,0.0,0.000533308,0.0,2.3752450942993164e-05,2.3573637008666992e-05,730.0,643.0
1650481666,0.0,0.000533308,0.0,2.3752450942993164e-05,2.3573637008666992e-05,730.0,643.0
1650481667,0.0,0.000937555,0.005,2.3752450942993164e-05,2.3573637008666992e-05,1287.5,1059.5
1650481668,0.0,0.000937555,0.005,2.3752450942993164e-05,2.3573637008666992e-05,1287.5,1059.5
1650481669,0.0,0.0011192835,0.0,2.3752450942993164e-05,2.3573637008666992e-05,1366.0,1620.5
1650481670,0.0,0.001188679,0.0,2.3752450942993164e-05,2.3573637008666992e-05,1460.0,1550.0
1650481671,0.0,0.001188679,0.0,2.3752450942993164e-05,2.3573637008666992e-05,1460.0,1550.0
1650481672,0.0,0.001261418,0.005,2.3752450942993164e-05,2.3573637008666992e-05,1459.0,1352.0
1650481673,0.0,0.001002419,0.0,2.3752450942993164e-05,2.3573637008666992e-05,1458.0,1286.0
1650481674,0.0,0.001002419,0.0,2.3752450942993164e-05,2.3573637008666992e-05,1458.0,1286.0
1650481675,0.0,0.000250206,0.0,2.3752450942993164e-05,2.3573637008666992e-05,364.5,321.5
1650481676,0.0,0.000250206,0.0,2.3752450942993164e-05,2.3573637008666992e-05,364.5,321.5
1650481677,0.0,0.0006865435,0.0,2.3752450942993164e-05,2.3573637008666992e-05,922.5,738.0
1650481678,0.0,0.0006865435,0.0,2.3752450942993164e-05,2.3573637008666992e-05,922.5,738.0
1650481679,0.0,0.0017621255,0.0,2.3752450942993164e-05,2.3573637008666992e-05,2461.0,2739.0
1650481680,0.0,0.001140584,0.0,2.3752450942993164e-05,2.3573637008666992e-05,1458.0,1550.0
1650481681,0.0,0.001140584,0.0,2.3752450942993164e-05,2.3573637008666992e-05,1458.0,1550.0
1650481682,0.0,0.0002809955,0.0,2.3752450942993164e-05,2.3573637008666992e-05,365.0,387.5
1650481683,0.0,0.001164806,0.0,2.3752450942993164e-05,2.3573637008666992e-05,1457.0,1286.0
1650481684,0.0,0.001164806,0.0,2.3752450942993164e-05,2.3573637008666992e-05,1457.0,1286.0
1650481685,0.0,0.000766339,0.0,2.3752450942993164e-05,2.3573637008666992e-05,1095.0,964.5
1650481686,0.0,0.000471679,0.0,2.3752450942993164e-05,2.3573637008666992e-05,730.0,643.0
1650481687,0.0,0.002212263,0.0,2.3752450942993164e-05,2.3573637008666992e-05,3304.0,2762.0
1650481688,0.0,0.002212263,0.0,2.3752450942993164e-05,2.3573637008666992e-05,3304.0,2762.0
1650481689,0.0,0.000792361,0.0,2.3752450942993164e-05,2.3573637008666992e-05,1095.0,1480.0
1650481690,0.0,0.001992113,0.0,2.3752450942993164e-05,2.3573637008666992e-05,2732.0,2341.0
1650481691,0.0,0.000885876,0.0,2.3752450942993164e-05,2.3573637008666992e-05,1460.0,1550.0
1650481692,0.0,0.000885876,0.0,2.3752450942993164e-05,2.3573637008666992e-05,1460.0,1550.0
1650481693,0.0,0.000513126,0.0,2.3752450942993164e-05,2.3573637008666992e-05,729.0,643.0
1650481694,0.0,0.000966924,0.0,2.3752450942993164e-05,2.3573637008666992e-05,1460.0,1286.0
1650481695,0.0,0.000966924,0.0,2.3752450942993164e-05,2.3573637008666992e-05,1460.0,1286.0
1650481696,0.0,0.0007915635,0.005,2.3752450942993164e-05,2.3573637008666992e-05,1095.0,964.5
1650481697,0.0,0.001351975,0.0,2.3752450942993164e-05,2.3573637008666992e-05,1845.0,1476.0
1650481698,0.0,0.001351975,0.0,2.3752450942993164e-05,2.3573637008666992e-05,1845.0,1476.0
1650481699,0.0,0.0013095445,0.0,2.3752450942993164e-05,2.3573637008666992e-05,1822.5,1912.5
1650481700,0.0,0.0013095445,0.0,2.3752450942993164e-05,2.3573637008666992e-05,1822.5,1912.5
1650481701,0.0,0.0014168795,0.0,2.3752450942993164e-05,2.3573637008666992e-05,2096.0,1945.5
1650481702,0.0,0.0014168795,0.0,2.3752450942993164e-05,2.3573637008666992e-05,2096.0,1945.5
1650481703,0.0,0.0007354145,0.0,2.3752450942993164e-05,2.3573637008666992e-05,1115.0,985.5
1650481704,0.0,0.000571043,0.0,2.3752450942993164e-05,2.3573637008666992e-05,729.0,643.0
1650481705,0.0,0.001084988,0.0,2.3752450942993164e-05,2.3573637008666992e-05,1459.0,1286.0
1650481706,0.0,0.001084988,0.0,2.3752450942993164e-05,2.3573637008666992e-05,1459.0,1286.0
1650481707,0.0,0.000906375,0.0,2.3752450942993164e-05,2.3573637008666992e-05,1287.5,1059.5
1650481708,0.0,0.000906375,0.0,2.3752450942993164e-05,2.3573637008666992e-05,1287.5,1059.5
1650481709,0.0,0.0005704845,0.0,2.3752450942993164e-05,2.3573637008666992e-05,729.5,1158.5
1650481710,0.0,0.001585935,0.0,2.3752450942993164e-05,2.3573637008666992e-05,2190.0,1929.0
1650481711,0.0,0.001585935,0.0,2.3752450942993164e-05,2.3573637008666992e-05,2190.0,1929.0
1650481712,0.005,0.000966934,0.0,2.3752450942993164e-05,2.3573637008666992e-05,1366.0,1104.5
1650481713,0.0,0.001081381,0.0,2.3752450942993164e-05,2.3573637008666992e-05,1458.0,1550.0
1650481714,0.0,0.001081381,0.0,2.3752450942993164e-05,2.3573637008666992e-05,1458.0,1550.0
1650481715,0.0,0.000492784,0.0,2.3752450942993164e-05,2.3573637008666992e-05,730.0,709.0
1650481716,0.0,0.000530197,0.0,2.3752450942993164e-05,2.3573637008666992e-05,730.0,643.0
1650481717,0.0,0.000530197,0.0,2.3752450942993164e-05,2.3573637008666992e-05,730.0,643.0
1650481718,0.0,0.0014838705,0.0,2.3752450942993164e-05,2.3573637008666992e-05,2016.0,2374.0
1650481719,0.0,0.001031914,0.0,2.3752450942993164e-05,2.3573637008666992e-05,1460.0,1286.0
1650481720,0.0,0.001031914,0.0,2.3752450942993164e-05,2.3573637008666992e-05,1460.0,1286.0
1650481721,0.0,0.0007521245,0.0,2.3752450942993164e-05,2.3573637008666992e-05,1094.5,964.5
1650481722,0.0,0.00127901,0.0,2.339482307434082e-05,2.321600914001465e-05,1724.0,1286.0
1650481723,0.0,0.00127901,0.0,2.339482307434082e-05,2.321600914001465e-05,1724.0,1286.0
1650481724,0.0,0.0009331185,0.005,2.3752450942993164e-05,2.3573637008666992e-05,1234.0,1236.5
1650481725,0.0,0.0009331185,0.005,2.3752450942993164e-05,2.3573637008666992e-05,1234.0,1236.5
1650481726,0.0,0.000729368,0.0,2.3752450942993164e-05,2.3573637008666992e-05,1094.5,1030.5
1650481727,0.0,0.001856969,0.0,2.3752450942993164e-05,2.3573637008666992e-05,2575.0,2819.0
1650481728,0.0,0.001856969,0.0,2.3752450942993164e-05,2.3573637008666992e-05,2575.0,2819.0
1650481729,0.0,0.0005714425,0.0,2.3752450942993164e-05,2.3573637008666992e-05,729.0,643.0
1650481730,0.0,0.001168843,0.0,2.3752450942993164e-05,2.3573637008666992e-05,1460.0,1286.0
1650481731,0.0,0.001168843,0.0,2.3752450942993164e-05,2.3573637008666992e-05,1460.0,1286.0
1650481732,0.0,0.000843297,0.0,2.3752450942993164e-05,2.3573637008666992e-05,1095.0,964.5
1650481733,0.0,0.002565834,0.0,2.3752450942993164e-05,2.3573637008666992e-05,3462.0,3116.0
1650481734,0.0,0.002565834,0.0,2.3752450942993164e-05,2.3573637008666992e-05,3462.0,3116.0
1650481735,0.0,0.0012543675,0.0,2.3752450942993164e-05,2.3573637008666992e-05,1825.0,1673.5
1650481736,0.0,0.000491578,0.0,2.3752450942993164e-05,2.3573637008666992e-05,730.0,643.0
1650481737,0.0,0.000491578,0.0,2.3752450942993164e-05,2.3573637008666992e-05,730.0,643.0
1650481738,0.005,0.0019047875,0.0,2.3752450942993164e-05,2.3573637008666992e-05,2747.5,3305.0
1650481739,0.005,0.0019047875,0.0,2.3752450942993164e-05,2.3573637008666992e-05,2747.5,3305.0
1650481740,0.0,0.000999526,0.0,2.3752450942993164e-05,2.3573637008666992e-05,1459.5,1286.0
1650481741,0.0,0.000529215,0.0,2.3752450942993164e-05,2.3573637008666992e-05,730.0,643.0
1650481742,0.0,0.001063032,0.0,2.3752450942993164e-05,2.3573637008666992e-05,1459.0,1286.0
1650481743,0.0,0.001063032,0.0,2.3752450942993164e-05,2.3573637008666992e-05,1459.0,1286.0
1650481744,0.0,0.0007772485,0.0,2.3752450942993164e-05,2.3573637008666992e-05,1022.0,804.0
1650481745,0.0,0.001030171,0.0,2.3752450942993164e-05,2.3573637008666992e-05,1459.0,1550.0
1650481746,0.0,0.000999252,0.0,2.3752450942993164e-05,2.3573637008666992e-05,1459.0,1418.0
1650481747,0.0,0.000999252,0.0,2.3752450942993164e-05,2.3573637008666992e-05,1459.0,1418.0
1650481748,0.0,0.000687192,0.0,2.3752450942993164e-05,2.3573637008666992e-05,922.5,1144.0
1650481749,0.0,0.001534407,0.0,2.3752450942993164e-05,2.3573637008666992e-05,2186.0,1929.0
1650481750,0.0,0.001534407,0.0,2.3752450942993164e-05,2.3573637008666992e-05,2186.0,1929.0
1650481751,0.0,0.0005259085,0.0,2.3752450942993164e-05,2.3573637008666992e-05,729.0,643.0
1650481752,0.0,0.0005259085,0.0,2.3752450942993164e-05,2.3573637008666992e-05,729.0,643.0
1650481753,0.0,0.0007471475,0.0,2.3752450942993164e-05,2.3573637008666992e-05,1095.0,964.5
1650481754,0.0,0.001841281,0.0,2.339482307434082e-05,2.321600914001465e-05,2453.0,1929.0
1650481755,0.0,0.001297689,0.0,2.3752450942993164e-05,2.3573637008666992e-05,1740.0,1698.0
1650481756,0.0,0.001297689,0.0,2.3752450942993164e-05,2.3573637008666992e-05,1740.0,1698.0
1650481757,0.0,0.0008738835,0.0,2.3752450942993164e-05,2.3573637008666992e-05,1287.0,1191.5
1650481758,0.0,0.001623544,0.01,2.3752450942993164e-05,2.3573637008666992e-05,2190.0,3173.0
1650481759,0.0,0.001623544,0.01,2.3752450942993164e-05,2.3573637008666992e-05,2190.0,3173.0
1650481760,0.005,0.000703463,0.0,2.3752450942993164e-05,2.3573637008666992e-05,1094.0,964.5
1650481761,0.0,0.000415879,0.0,2.3752450942993164e-05,2.3573637008666992e-05,730.0,643.0
1650481762,0.0,0.000415879,0.0,2.3752450942993164e-05,2.3573637008666992e-05,730.0,643.0
1650481763,0.0,0.001009076,0.0,2.3752450942993164e-05,2.3573637008666992e-05,1459.5,1286.0
1650481764,0.0,0.002039229,0.0,2.3752450942993164e-05,2.3573637008666992e-05,2919.0,2572.0
1650481765,0.0,0.002039229,0.0,2.3752450942993164e-05,2.3573637008666992e-05,2919.0,2572.0
1650481766,0.0,0.0010252855,0.0,2.3752450942993164e-05,2.3573637008666992e-05,1366.5,1104.5
1650481767,0.0,0.002132933,0.0,2.3752450942993164e-05,2.3573637008666992e-05,3304.0,3158.0
1650481768,0.0,0.001173959,0.0,2.3752450942993164e-05,2.3573637008666992e-05,1460.0,3214.0
1650481769,0.0,0.000480599,0.0,2.3752450942993164e-05,2.3573637008666992e-05,730.0,643.0
1650481770,0.0,0.000480599,0.0,2.3752450942993164e-05,2.3573637008666992e-05,730.0,643.0
1650481771,0.0,0.001010607,0.0,2.3752450942993164e-05,2.3573637008666992e-05,1460.0,1286.0
1650481772,0.0,0.001010607,0.0,2.3752450942993164e-05,2.3573637008666992e-05,1460.0,1286.0
1650481773,0.0,0.00098741,0.0,2.3752450942993164e-05,2.3573637008666992e-05,1459.5,1286.0
1650481774,0.0,0.000947833,0.0,2.3752450942993164e-05,2.3573637008666992e-05,1460.0,1286.0
1650481775,0.0,0.00104969,0.0,2.3752450942993164e-05,2.3573637008666992e-05,1459.0,1286.0
1650481776,0.0,0.00104969,0.0,2.3752450942993164e-05,2.3573637008666992e-05,1459.0,1286.0
1650481777,0.0,0.0011239295,0.0,2.3752450942993164e-05,2.3573637008666992e-05,1559.5,1199.5
1650481778,0.0,0.000649534,0.0,2.3752450942993164e-05,2.3573637008666992e-05,728.0,1808.0
1650481779,0.0,0.001377762,0.0,2.3752450942993164e-05,2.3573637008666992e-05,2189.0,2193.0
1650481780,0.0,0.001377762,0.0,2.3752450942993164e-05,2.3573637008666992e-05,2189.0,2193.0
1650481781,0.0,0.0007392155,0.0,2.3752450942993164e-05,2.3573637008666992e-05,1093.0,964.5
1650481782,0.0,0.0007392155,0.0,2.3752450942993164e-05,2.3573637008666992e-05,1093.0,964.5
1650481783,0.0,0.000679247,0.0,2.3752450942993164e-05,2.3573637008666992e-05,1094.5,964.5
1650481784,0.0,0.001103067,0.0,2.3752450942993164e-05,2.3573637008666992e-05,1501.0,1328.0
1650481785,0.0,0.001103067,0.0,2.3752450942993164e-05,2.3573637008666992e-05,1501.0,1328.0
1650481786,0.0,0.0009796035,0.0,2.3752450942993164e-05,2.3573637008666992e-05,1458.0,1286.0
1650481787,0.0,0.000681029,0.0,2.3752450942993164e-05,2.3573637008666992e-05,1115.0,833.0
1650481788,0.0,0.000681029,0.0,2.3752450942993164e-05,2.3573637008666992e-05,1115.0,833.0
1650481789,0.005,0.0013297195,0.0,2.3752450942993164e-05,2.3573637008666992e-05,1732.0,1860.5
1650481790,0.005,0.0013297195,0.0,2.3752450942993164e-05,2.3573637008666992e-05,1732.0,1860.5
1650481791,0.0,0.00125741,0.0,2.3752450942993164e-05,2.3573637008666992e-05,1824.0,1673.5
1650481792,0.0,0.00125741,0.0,2.3752450942993164e-05,2.3573637008666992e-05,1824.0,1673.5
1650481793,0.0,0.0007910265,0.0,2.3752450942993164e-05,2.3573637008666992e-05,1094.0,964.5
1650481794,0.0,0.001123009,0.0,2.3752450942993164e-05,2.3573637008666992e-05,1460.0,1286.0
1650481795,0.0,0.001535313,0.0,2.3752450942993164e-05,2.3573637008666992e-05,2189.0,1929.0
1650481796,0.0,0.001535313,0.0,2.3752450942993164e-05,2.3573637008666992e-05,2189.0,1929.0
1650481797,0.005,0.0010472805,0.0,2.3752450942993164e-05,2.3573637008666992e-05,1286.5,1059.5
1650481798,0.0,0.000662064,0.0,2.3752450942993164e-05,2.3573637008666992e-05,730.0,2084.0
1650481799,0.0,0.001647966,0.0,2.3752450942993164e-05,2.3573637008666992e-05,2000.0,1566.0
1650481800,0.0,0.001647966,0.0,2.3752450942993164e-05,2.3573637008666992e-05,2000.0,1566.0
1650481801,0.0,0.0010790395,0.0,2.3752450942993164e-05,2.3573637008666992e-05,1459.5,1484.0
1650481802,0.0,0.002203748,0.01,2.3752450942993164e-05,2.3573637008666992e-05,2918.0,2572.0
1650481803,0.0,0.000489839,0.0,2.3752450942993164e-05,2.3573637008666992e-05,730.0,643.0
1650481804,0.0,0.000489839,0.0,2.3752450942993164e-05,2.3573637008666992e-05,730.0,643.0
1650481805,0.0,0.0009598935,0.0,2.3752450942993164e-05,2.3573637008666992e-05,1458.5,1286.0
1650481806,0.0,0.0009598935,0.0,2.3752450942993164e-05,2.3573637008666992e-05,1458.5,1286.0
1650481807,0.0,0.000697582,0.0,2.3752450942993164e-05,2.3573637008666992e-05,922.0,738.0
1650481808,0.0,0.001568269,0.0,2.3752450942993164e-05,2.3573637008666992e-05,2190.0,3761.0
1650481809,0.0,0.001568269,0.0,2.3752450942993164e-05,2.3573637008666992e-05,2190.0,3761.0
1650481810,0.0,0.0009445215,0.005,2.3752450942993164e-05,2.3573637008666992e-05,1367.0,1104.5
1650481811,0.0,0.00049378,0.0,2.3752450942993164e-05,2.3573637008666992e-05,729.0,775.0
1650481812,0.0,0.00049378,0.0,2.3752450942993164e-05,2.3573637008666992e-05,729.0,775.0
1650481813,0.0,0.0005912795,0.0,2.3752450942993164e-05,2.3573637008666992e-05,751.0,796.0
1650481814,0.0,0.0005912795,0.0,2.3752450942993164e-05,2.3573637008666992e-05,751.0,796.0
1650481815,0.0,0.0009399725,0.0,2.3752450942993164e-05,2.3573637008666992e-05,1458.5,1286.0
1650481816,0.0,0.001041956,0.0,2.3752450942993164e-05,2.3573637008666992e-05,1460.0,1286.0
1650481817,0.0,0.001041956,0.0,2.3752450942993164e-05,2.3573637008666992e-05,1460.0,1286.0
1650481818,0.0,0.000726355,0.0,2.3752450942993164e-05,2.3573637008666992e-05,922.0,1254.5
1650481819,0.0,0.000726355,0.0,2.3752450942993164e-05,2.3573637008666992e-05,922.0,1254.5
1650481820,0.0,0.0009460915,0.0,2.339482307434082e-05,2.321600914001465e-05,1226.5,964.5
1650481821,0.0,0.0009460915,0.0,2.339482307434082e-05,2.321600914001465e-05,1226.5,964.5
1650481822,0.0,0.000654004,0.0,2.3752450942993164e-05,2.3573637008666992e-05,870.0,849.0
1650481823,0.0,0.000654004,0.0,2.3752450942993164e-05,2.3573637008666992e-05,870.0,849.0
1650481824,0.0,0.001580299,0.0,2.3752450942993164e-05,2.3573637008666992e-05,2189.5,2061.0
1650481825,0.0,0.000515706,0.0,2.3752450942993164e-05,2.3573637008666992e-05,921.0,743.0
1650481826,0.0,0.001500422,0.0,2.3752450942993164e-05,2.3573637008666992e-05,1997.0,1829.0
1650481827,0.0,0.001183545,0.0,2.3752450942993164e-05,2.3573637008666992e-05,1845.0,1476.0
1650481828,0.0,0.001183545,0.0,2.3752450942993164e-05,2.3573637008666992e-05,1845.0,1476.0
1650481829,0.0,0.0005776415,0.0,2.3752450942993164e-05,2.3573637008666992e-05,729.5,1263.0
1650481830,0.01,0.002567805,0.01,2.3752450942993164e-05,2.3573637008666992e-05,3648.0,3215.0
1650481831,0.01,0.002567805,0.01,2.3752450942993164e-05,2.3573637008666992e-05,3648.0,3215.0
1650481832,0.0,0.001360426,0.0,2.3752450942993164e-05,2.3573637008666992e-05,1731.5,1492.0
1650481833,0.0,0.000947523,0.0,2.3752450942993164e-05,2.3573637008666992e-05,1460.0,1550.0
1650481834,0.0,0.000947523,0.0,2.3752450942993164e-05,2.3573637008666992e-05,1460.0,1550.0
1650481835,0.005,0.000840204,0.0,2.3752450942993164e-05,2.3573637008666992e-05,1094.5,964.5
1650481836,0.0,0.000473129,0.0,2.3752450942993164e-05,2.3573637008666992e-05,729.0,643.0
1650481837,0.0,0.000473129,0.0,2.3752450942993164e-05,2.3573637008666992e-05,729.0,643.0
1650481838,0.0,0.0009892715,0.0,2.3752450942993164e-05,2.3573637008666992e-05,1287.5,1629.0
1650481839,0.0,0.0009892715,0.0,2.3752450942993164e-05,2.3573637008666992e-05,1287.5,1629.0
1650481840,0.0,0.000513908,0.0,2.3752450942993164e-05,2.3573637008666992e-05,729.5,643.0
1650481841,0.0,0.00157922,0.0,2.3752450942993164e-05,2.3573637008666992e-05,2189.0,1929.0
1650481842,0.0,0.001105138,0.0,2.339482307434082e-05,2.321600914001465e-05,1855.0,1418.0
1650481843,0.0,0.001105138,0.0,2.339482307434082e-05,2.321600914001465e-05,1855.0,1418.0
1650481844,0.0,0.000981941,0.0,2.3752450942993164e-05,2.3573637008666992e-05,1256.0,1257.5
1650481845,0.0,0.000981941,0.0,2.3752450942993164e-05,2.3573637008666992e-05,1256.0,1257.5
1650481846,0.0,0.001086719,0.0,2.3752450942993164e-05,2.3573637008666992e-05,1458.5,1352.0
1650481847,0.0,0.002130333,0.0,2.3752450942993164e-05,2.3573637008666992e-05,2573.0,4244.0
1650481848,0.0,0.002130333,0.0,2.3752450942993164e-05,2.3573637008666992e-05,2573.0,4244.0
1650481849,0.0,0.001252969,0.0,2.3752450942993164e-05,2.3573637008666992e-05,1824.5,1607.5
1650481850,0.0,0.001252969,0.0,2.3752450942993164e-05,2.3573637008666992e-05,1824.5,1607.5
1650481851,0.0,0.0012710115,0.0,2.3752450942993164e-05,2.3573637008666992e-05,1824.0,1607.5
1650481852,0.0,0.0012710115,0.0,2.3752450942993164e-05,2.3573637008666992e-05,1824.0,1607.5
1650481853,0.0,0.0005272225,0.0,2.3752450942993164e-05,2.3573637008666992e-05,729.5,643.0
1650481854,0.0,0.0005272225,0.0,2.3752450942993164e-05,2.3573637008666992e-05,729.5,643.0
1650481855,0.0,0.0010061895,0.0,2.3752450942993164e-05,2.3573637008666992e-05,1366.5,1170.5
1650481856,0.0,0.000422264,0.0,2.3752450942993164e-05,2.3573637008666992e-05,730.0,775.0
1650481857,0.0,0.000422264,0.0,2.3752450942993164e-05,2.3573637008666992e-05,730.0,775.0
1650481858,0.0,0.001215088,0.0,2.3752450942993164e-05,2.3573637008666992e-05,1652.5,2017.5
1650481859,0.0,0.001500517,0.0,2.3752450942993164e-05,2.3573637008666992e-05,2190.0,1929.0
1650481860,0.0,0.001500517,0.0,2.3752450942993164e-05,2.3573637008666992e-05,2190.0,1929.0
1650481861,0.0,0.0009442235,0.0,2.3752450942993164e-05,2.3573637008666992e-05,1458.5,1286.0
1650481862,0.0,0.0009442235,0.0,2.3752450942993164e-05,2.3573637008666992e-05,1458.5,1286.0
1650481863,0.0,0.0002573725,0.0,2.3752450942993164e-05,2.3573637008666992e-05,364.0,321.5
1650481864,0.0,0.002149291,0.0,2.3752450942993164e-05,2.3573637008666992e-05,2733.0,2209.0
1650481865,0.0,0.002149291,0.0,2.3752450942993164e-05,2.3573637008666992e-05,2733.0,2209.0
1650481866,0.0,0.000782682,0.0,2.3752450942993164e-05,2.3573637008666992e-05,1094.5,1162.5
1650481867,0.0,0.000782682,0.0,2.3752450942993164e-05,2.3573637008666992e-05,1094.5,1162.5
1650481868,0.005,0.0009709005,0.0,2.3752450942993164e-05,2.3573637008666992e-05,1286.5,1680.0
1650481869,0.0,0.001653627,0.0,2.3752450942993164e-05,2.3573637008666992e-05,2189.0,1929.0
1650481870,0.0,0.001156561,0.01,2.3752450942993164e-05,2.3573637008666992e-05,1459.0,1286.0
1650481871,0.0,0.000510037,0.0,2.3752450942993164e-05,2.3573637008666992e-05,730.0,643.0
1650481872,0.0,0.000510037,0.0,2.3752450942993164e-05,2.3573637008666992e-05,730.0,643.0
1650481873,0.0,0.000724512,0.0,2.3752450942993164e-05,2.3573637008666992e-05,1116.0,985.5
1650481874,0.0,0.000493582,0.0,2.3752450942993164e-05,2.3573637008666992e-05,730.0,643.0
1650481875,0.0,0.000493582,0.0,2.3752450942993164e-05,2.3573637008666992e-05,730.0,643.0
1650481876,0.0,0.001820366,0.0,2.3752450942993164e-05,2.3573637008666992e-05,2496.0,2267.0
1650481877,0.01,0.001740998,0.0,2.3752450942993164e-05,2.3573637008666992e-05,2572.0,2119.0
1650481878,0.01,0.001740998,0.0,2.3752450942993164e-05,2.3573637008666992e-05,2572.0,2119.0
1650481879,0.0,0.000836867,0.0,2.3752450942993164e-05,2.3573637008666992e-05,1095.0,2140.0
1650481880,0.0,0.000836867,0.0,2.3752450942993164e-05,2.3573637008666992e-05,1095.0,2140.0
1650481881,0.0,0.00075498,0.0,2.3752450942993164e-05,2.3573637008666992e-05,1095.0,964.5
1650481882,0.0,0.001571998,0.0,2.3752450942993164e-05,2.3573637008666992e-05,2188.0,1929.0
1650481883,0.0,0.001571998,0.0,2.3752450942993164e-05,2.3573637008666992e-05,2188.0,1929.0
1650481884,0.0,0.0007598905,0.0,2.3752450942993164e-05,2.3573637008666992e-05,1094.5,964.5
1650481885,0.0,0.0007598905,0.0,2.3752450942993164e-05,2.3573637008666992e-05,1094.5,964.5
1650481886,0.0,0.000936488,0.0,2.3752450942993164e-05,2.3573637008666992e-05,1367.0,1170.5
1650481887,0.0,0.000936488,0.0,2.3752450942993164e-05,2.3573637008666992e-05,1367.0,1170.5
1650481888,0.0,0.000977479,0.0,2.3752450942993164e-05,2.3573637008666992e-05,1287.0,1492.5
1650481889,0.0,0.000977479,0.0,2.3752450942993164e-05,2.3573637008666992e-05,1287.0,1492.5
1650481890,0.0,0.0007087055,0.0,2.3752450942993164e-05,2.3573637008666992e-05,1094.5,964.5
1650481891,0.0,0.000883784,0.0,2.3752450942993164e-05,2.3573637008666992e-05,1460.0,1286.0
1650481892,0.0,0.000883784,0.0,2.3752450942993164e-05,2.3573637008666992e-05,1460.0,1286.0
1650481893,0.0,0.000760745,0.0,2.3752450942993164e-05,2.3573637008666992e-05,1093.0,964.5
1650481894,0.0,0.000526837,0.0,2.3752450942993164e-05,2.3573637008666992e-05,730.0,643.0
1650481895,0.0,0.000526837,0.0,2.3752450942993164e-05,2.3573637008666992e-05,730.0,643.0
1650481896,0.0,0.000825957,0.0,2.339482307434082e-05,2.321600914001465e-05,1227.0,964.5
1650481897,0.0,0.000825957,0.0,2.339482307434082e-05,2.321600914001465e-05,1227.0,964.5
1650481898,0.0,0.001813137,0.0,2.3752450942993164e-05,2.3573637008666992e-05,2521.0,2882.5
1650481899,0.0,0.001040238,0.0,2.3752450942993164e-05,2.3573637008666992e-05,1460.0,1286.0
1650481900,0.0,0.000444087,0.0,2.3752450942993164e-05,2.3573637008666992e-05,730.0,643.0
1650481901,0.0,0.000444087,0.0,2.3752450942993164e-05,2.3573637008666992e-05,730.0,643.0
1650481902,0.0,0.000858322,0.0,2.3752450942993164e-05,2.3573637008666992e-05,1094.0,964.5
1650481903,0.0,0.000858322,0.0,2.3752450942993164e-05,2.3573637008666992e-05,1094.0,964.5
1650481904,0.0,0.0006579145,0.0,2.3752450942993164e-05,2.3573637008666992e-05,749.0,664.0
1650481905,0.0,0.0006579145,0.0,2.3752450942993164e-05,2.3573637008666992e-05,749.0,664.0
1650481906,0.0,0.00103141,0.005,2.3752450942993164e-05,2.3573637008666992e-05,1459.0,1286.0
1650481907,0.0,0.00103141,0.005,2.3752450942993164e-05,2.3573637008666992e-05,1459.0,1286.0
1650481908,0.0,0.0009599195,0.0,2.3752450942993164e-05,2.3573637008666992e-05,1194.5,1775.5
1650481909,0.0,0.001642166,0.0,2.3752450942993164e-05,2.3573637008666992e-05,2187.0,2325.0
1650481910,0.0,0.001642166,0.0,2.3752450942993164e-05,2.3573637008666992e-05,2187.0,2325.0
1650481911,0.0,0.0006456415,0.0,2.3752450942993164e-05,2.3573637008666992e-05,730.0,643.0
1650481912,0.0,0.001082707,0.0,2.3752450942993164e-05,2.3573637008666992e-05,1460.0,1286.0
1650481913,0.0,0.001082707,0.0,2.3752450942993164e-05,2.3573637008666992e-05,1460.0,1286.0
1650481914,0.0,0.0004739715,0.0,2.3752450942993164e-05,2.3573637008666992e-05,729.5,643.0
1650481915,0.0,0.0004739715,0.0,2.3752450942993164e-05,2.3573637008666992e-05,729.5,643.0
1650481916,0.0,0.001133414,0.0,2.3752450942993164e-05,2.3573637008666992e-05,1459.5,1286.0
1650481917,0.0,0.001832255,0.0,2.3752450942993164e-05,2.3573637008666992e-05,2575.0,2119.0
1650481918,0.0,0.002032003,0.01,2.3752450942993164e-05,2.3573637008666992e-05,2002.0,4031.0
1650481919,0.0,0.000496987,0.0,2.3752450942993164e-05,2.3573637008666992e-05,730.0,775.0
1650481920,0.0,0.001065402,0.0,2.3752450942993164e-05,2.3573637008666992e-05,1459.0,1550.0
1650481921,0.0,0.001656696,0.0,2.3752450942993164e-05,2.3573637008666992e-05,2190.0,1929.0
1650481922,0.0,0.001656696,0.0,2.3752450942993164e-05,2.3573637008666992e-05,2190.0,1929.0
1650481923,0.0,0.000496674,0.0,2.3752450942993164e-05,2.3573637008666992e-05,729.5,643.0
1650481924,0.0,0.000496674,0.0,2.3752450942993164e-05,2.3573637008666992e-05,729.5,643.0
1650481925,0.0,0.000771829,0.0,2.3752450942993164e-05,2.3573637008666992e-05,1160.5,1030.5
1650481926,0.0,0.001092849,0.0,2.3752450942993164e-05,2.3573637008666992e-05,1459.0,1286.0
1650481927,0.0,0.001092849,0.0,2.3752450942993164e-05,2.3573637008666992e-05,1459.0,1286.0
1650481928,0.0,0.0006536115,0.0,2.3752450942993164e-05,2.3573637008666992e-05,921.5,1199.5
1650481929,0.01,0.002029024,0.0,2.3752450942993164e-05,2.3573637008666992e-05,2734.0,2209.0
1650481930,0.01,0.002029024,0.0,2.3752450942993164e-05,2.3573637008666992e-05,2734.0,2209.0
1650481931,0.0,0.000487651,0.0,2.3752450942993164e-05,2.3573637008666992e-05,730.0,775.0
1650481932,0.0,0.001611761,0.0,2.3752450942993164e-05,2.3573637008666992e-05,2188.0,2061.0
1650481933,0.0,0.001611761,0.0,2.3752450942993164e-05,2.3573637008666992e-05,2188.0,2061.0
1650481934,0.0,0.001260244,0.0,2.3752450942993164e-05,2.3573637008666992e-05,1845.0,1628.5
1650481935,0.0,0.001260244,0.0,2.3752450942993164e-05,2.3573637008666992e-05,1845.0,1628.5
1650481936,0.0,0.0007474515,0.0,2.3752450942993164e-05,2.3573637008666992e-05,1093.5,964.5
1650481937,0.0,0.000614368,0.0,2.3752450942993164e-05,2.3573637008666992e-05,1115.0,833.0
1650481938,0.0,0.000614368,0.0,2.3752450942993164e-05,2.3573637008666992e-05,1115.0,833.0
1650481939,0.0,0.0008565035,0.0,2.3752450942993164e-05,2.3573637008666992e-05,1094.5,1433.0
1650481940,0.0,0.0008565035,0.0,2.3752450942993164e-05,2.3573637008666992e-05,1094.5,1433.0
1650481941,0.0,0.000781828,0.0,2.3752450942993164e-05,2.3573637008666992e-05,1002.0,783.0
1650481942,0.0,0.000781828,0.0,2.3752450942993164e-05,2.3573637008666992e-05,1002.0,783.0
1650481943,0.0,0.000965222,0.0,2.3752450942993164e-05,2.3573637008666992e-05,1460.0,1484.0
1650481944,0.0,0.000990249,0.0,2.3752450942993164e-05,2.3573637008666992e-05,1458.0,1286.0
1650481945,0.0,0.000990249,0.0,2.3752450942993164e-05,2.3573637008666992e-05,1458.0,1286.0
1650481946,0.0,0.001120906,0.0,2.3752450942993164e-05,2.3573637008666992e-05,1459.5,1286.0
1650481947,0.0,0.000830844,0.0,2.3752450942993164e-05,2.3573637008666992e-05,1114.0,833.0
1650481948,0.0,0.001781281,0.0,2.3752450942993164e-05,2.3573637008666992e-05,2189.0,4061.0
1650481949,0.01,0.000954194,0.0,2.3752450942993164e-05,2.3573637008666992e-05,1460.0,1286.0
1650481950,0.01,0.000954194,0.0,2.3752450942993164e-05,2.3573637008666992e-05,1460.0,1286.0
1650481951,0.0,0.0009765875,0.0,2.3752450942993164e-05,2.3573637008666992e-05,1367.0,1104.5
1650481952,0.0,0.0009765875,0.0,2.3752450942993164e-05,2.3573637008666992e-05,1367.0,1104.5
1650481953,0.0,0.0006827285,0.0,2.3752450942993164e-05,2.3573637008666992e-05,1094.0,1162.5
1650481954,0.0,0.002106797,0.0,2.3752450942993164e-05,2.3573637008666992e-05,2918.0,2572.0
1650481955,0.0,0.002106797,0.0,2.3752450942993164e-05,2.3573637008666992e-05,2918.0,2572.0
1650481956,0.0,0.001964117,0.005,2.3752450942993164e-05,2.3573637008666992e-05,2553.5,2250.5
1650481957,0.0,0.001964117,0.005,2.3752450942993164e-05,2.3573637008666992e-05,2553.5,2250.5
1650481958,0.0,0.0007189415,0.0,2.3752450942993164e-05,2.3573637008666992e-05,922.0,1645.5
1650481959,0.0,0.000992055,0.0,2.3752450942993164e-05,2.3573637008666992e-05,1459.0,1286.0
1650481960,0.0,0.002006055,0.0,2.3752450942993164e-05,2.3573637008666992e-05,2920.0,2572.0
1650481961,0.0,0.002006055,0.0,2.3752450942993164e-05,2.3573637008666992e-05,2920.0,2572.0
1650481962,0.0,0.000865451,0.0,2.339482307434082e-05,2.321600914001465e-05,1226.5,964.5
1650481963,0.0,0.000885167,0.0,2.3752450942993164e-05,2.3573637008666992e-05,1052.0,965.0
1650481964,0.0,0.001159573,0.0,2.3752450942993164e-05,2.3573637008666992e-05,1459.0,1550.0
1650481965,0.0,0.001159573,0.0,2.3752450942993164e-05,2.3573637008666992e-05,1459.0,1550.0
1650481966,0.0,0.0008191575,0.0,2.3752450942993164e-05,2.3573637008666992e-05,1094.0,1030.5
1650481967,0.0,0.001212401,0.0,2.3752450942993164e-05,2.3573637008666992e-05,1845.0,1476.0
1650481968,0.0,0.001255201,0.0,2.3752450942993164e-05,2.3573637008666992e-05,1459.0,2330.0
1650481969,0.0,0.001255201,0.0,2.3752450942993164e-05,2.3573637008666992e-05,1459.0,2330.0
1650481970,0.0,0.0007592035,0.0,2.3752450942993164e-05,2.3573637008666992e-05,1094.5,964.5
1650481971,0.0,0.001401454,0.0,2.3752450942993164e-05,2.3573637008666992e-05,2188.0,1929.0
1650481972,0.0,0.001401454,0.0,2.3752450942993164e-05,2.3573637008666992e-05,2188.0,1929.0
1650481973,0.0,0.0014565235,0.0,2.3752450942993164e-05,2.3573637008666992e-05,2189.5,1929.0
1650481974,0.01,0.002265824,0.0,2.3752450942993164e-05,2.3573637008666992e-05,2728.0,2341.0
1650481975,0.0,0.00048388,0.0,2.3752450942993164e-05,2.3573637008666992e-05,729.0,775.0
1650481976,0.0,0.00058339,0.0,2.3752450942993164e-05,2.3573637008666992e-05,729.0,775.0
1650481977,0.0,0.00058339,0.0,2.3752450942993164e-05,2.3573637008666992e-05,729.0,775.0
1650481978,0.0,0.0009204635,0.0,2.3752450942993164e-05,2.3573637008666992e-05,1287.0,2075.0
1650481979,0.0,0.001045565,0.0,2.3752450942993164e-05,2.3573637008666992e-05,1458.0,1286.0
1650481980,0.0,0.001045565,0.0,2.3752450942993164e-05,2.3573637008666992e-05,1458.0,1286.0
1650481981,0.0,0.0007663295,0.0,2.3752450942993164e-05,2.3573637008666992e-05,1094.5,964.5
1650481982,0.0,0.000608866,0.0,2.3752450942993164e-05,2.3573637008666992e-05,728.0,643.0
1650481983,0.0,0.001449905,0.0,2.3752450942993164e-05,2.3573637008666992e-05,2190.0,1929.0
1650481984,0.0,0.001449905,0.0,2.3752450942993164e-05,2.3573637008666992e-05,2190.0,1929.0
1650481985,0.0,0.000781588,0.0,2.3752450942993164e-05,2.3573637008666992e-05,1001.5,783.0
1650481986,0.0,0.000965782,0.0,2.3752450942993164e-05,2.3573637008666992e-05,1458.0,1550.0
1650481987,0.0,0.000965782,0.0,2.3752450942993164e-05,2.3573637008666992e-05,1458.0,1550.0
1650481988,0.005,0.0009700885,0.0,2.3752450942993164e-05,2.3573637008666992e-05,1287.0,1806.5
1650481989,0.0,0.000609149,0.0,2.3752450942993164e-05,2.3573637008666992e-05,730.0,643.0
1650481990,0.0,0.000609149,0.0,2.3752450942993164e-05,2.3573637008666992e-05,730.0,643.0
1650481991,0.0,0.0017950195,0.0,2.3752450942993164e-05,2.3573637008666992e-05,2555.0,2250.5
1650481992,0.01,0.000948763,0.0,2.3752450942993164e-05,2.3573637008666992e-05,1460.0,1286.0
1650481993,0.01,0.000948763,0.0,2.3752450942993164e-05,2.3573637008666992e-05,1460.0,1286.0
1650481994,0.0,0.0004610615,0.0,2.3752450942993164e-05,2.3573637008666992e-05,751.0,664.0
1650481995,0.0,0.001176952,0.0,2.339482307434082e-05,2.321600914001465e-05,1723.0,1286.0
1650481996,0.0,0.001176952,0.0,2.339482307434082e-05,2.321600914001465e-05,1723.0,1286.0
1650481997,0.0,0.000759892,0.0,2.3752450942993164e-05,2.3573637008666992e-05,1062.0,944.0
1650481998,0.0,0.00110872,0.01,2.3752450942993164e-05,2.3573637008666992e-05,1459.0,2374.0
1650481999,0.0,0.00110872,0.01,2.3752450942993164e-05,2.3573637008666992e-05,1459.0,2374.0
1650482000,0.0,0.000778623,0.0,2.3752450942993164e-05,2.3573637008666992e-05,1094.5,964.5
1650482001,0.0,0.00157519,0.0,2.3752450942993164e-05,2.3573637008666992e-05,2190.0,1929.0
1650482002,0.0,0.000543348,0.0,2.3752450942993164e-05,2.3573637008666992e-05,729.0,643.0
1650482003,0.0,0.000543348,0.0,2.3752450942993164e-05,2.3573637008666992e-05,729.0,643.0
1650482004,0.0,0.0007702205,0.0,2.3752450942993164e-05,2.3573637008666992e-05,1095.0,964.5
1650482005,0.0,0.0007702205,0.0,2.3752450942993164e-05,2.3573637008666992e-05,1095.0,964.5
1650482006,0.0,0.000905204,0.005,2.345442771911621e-05,2.327561378479004e-05,1226.5,964.5
1650482007,0.0,0.000905204,0.005,2.345442771911621e-05,2.327561378479004e-05,1226.5,964.5
1650482008,0.0,0.000779727,0.0,2.3752450942993164e-05,2.3573637008666992e-05,1062.5,2053.5
1650482009,0.0,0.001523971,0.0,2.3752450942993164e-05,2.3573637008666992e-05,2186.0,2193.0
1650482010,0.0,0.001523971,0.0,2.3752450942993164e-05,2.3573637008666992e-05,2186.0,2193.0
1650482011,0.0,0.0004852585,0.0,2.3752450942993164e-05,2.3573637008666992e-05,729.5,643.0
1650482012,0.0,0.000976519,0.0,2.3752450942993164e-05,2.3573637008666992e-05,1459.0,1286.0
1650482013,0.0,0.001010203,0.0,2.3752450942993164e-05,2.3573637008666992e-05,1458.0,1286.0
1650482014,0.0,0.001010203,0.0,2.3752450942993164e-05,2.3573637008666992e-05,1458.0,1286.0
1650482015,0.0,0.0004964645,0.0,2.3752450942993164e-05,2.3573637008666992e-05,730.0,643.0
1650482016,0.0,0.0004964645,0.0,2.3752450942993164e-05,2.3573637008666992e-05,730.0,643.0
1650482017,0.0,0.0009224435,0.0,2.345442771911621e-05,2.327561378479004e-05,1419.5,1059.5
1650482018,0.0,0.001445042,0.0,2.3752450942993164e-05,2.3573637008666992e-05,1739.0,2296.0
1650482019,0.0,0.001175368,0.0,2.3752450942993164e-05,2.3573637008666992e-05,1457.0,1550.0
1650482020,0.0,0.001175368,0.0,2.3752450942993164e-05,2.3573637008666992e-05,1457.0,1550.0
1650482021,0.0,0.000765325,0.0,2.3752450942993164e-05,2.3573637008666992e-05,1094.5,964.5
1650482022,0.0,0.002077897,0.0,2.3752450942993164e-05,2.3573637008666992e-05,2919.0,2572.0
1650482023,0.0,0.002077897,0.0,2.3752450942993164e-05,2.3573637008666992e-05,2919.0,2572.0
1650482024,0.0,0.0010532075,0.0,2.3752450942993164e-05,2.3573637008666992e-05,1479.5,1307.0
1650482025,0.0,0.001600584,0.0,2.3752450942993164e-05,2.3573637008666992e-05,2187.0,1929.0
1650482026,0.0,0.001600584,0.0,2.3752450942993164e-05,2.3573637008666992e-05,2187.0,1929.0
1650482027,0.0,0.0013697285,0.0,2.3752450942993164e-05,2.3573637008666992e-05,2016.5,1702.5
1650482028,0.0,0.0013697285,0.0,2.3752450942993164e-05,2.3573637008666992e-05,2016.5,1702.5
1650482029,0.0,0.000815337,0.0,2.3752450942993164e-05,2.3573637008666992e-05,1002.0,1799.5
1650482030,0.01,0.001125687,0.01,2.3752450942993164e-05,2.3573637008666992e-05,1458.0,1550.0
1650482031,0.01,0.001125687,0.01,2.3752450942993164e-05,2.3573637008666992e-05,1458.0,1550.0
1650482032,0.0,0.0008197665,0.0,2.3752450942993164e-05,2.3573637008666992e-05,1093.5,1030.5
1650482033,0.0,0.00091387,0.0,2.3752450942993164e-05,2.3573637008666992e-05,1459.0,1286.0
1650482034,0.0,0.000939091,0.0,2.3752450942993164e-05,2.3573637008666992e-05,1459.0,1286.0
1650482035,0.0,0.000939091,0.0,2.3752450942993164e-05,2.3573637008666992e-05,1459.0,1286.0
1650482036,0.0,0.0004861585,0.0,2.3752450942993164e-05,2.3573637008666992e-05,729.5,643.0
1650482037,0.0,0.0004861585,0.0,2.3752450942993164e-05,2.3573637008666992e-05,729.5,643.0
1650482038,0.0,0.000934074,0.0,2.3752450942993164e-05,2.3573637008666992e-05,1287.0,1416.0
1650482039,0.0,0.001833022,0.0,2.339482307434082e-05,2.321600914001465e-05,2452.0,1929.0
1650482040,0.0,0.001872391,0.0,2.3752450942993164e-05,2.3573637008666992e-05,2469.0,2473.0
1650482041,0.0,0.001872391,0.0,2.3752450942993164e-05,2.3573637008666992e-05,2469.0,2473.0
1650482042,0.0,0.000507109,0.0,2.3752450942993164e-05,2.3573637008666992e-05,729.0,709.0
1650482043,0.0,0.000593837,0.0,2.3752450942993164e-05,2.3573637008666992e-05,730.0,643.0
1650482044,0.01,0.001025622,0.0,2.3752450942993164e-05,2.3573637008666992e-05,1460.0,1286.0
1650482045,0.01,0.001025622,0.0,2.3752450942993164e-05,2.3573637008666992e-05,1460.0,1286.0
1650482046,0.0,0.001051106,0.0,2.3752450942993164e-05,2.3573637008666992e-05,1459.5,1286.0
1650482047,0.0,0.000803741,0.0,2.3752450942993164e-05,2.3573637008666992e-05,1114.0,833.0
1650482048,0.0,0.000803741,0.0,2.3752450942993164e-05,2.3573637008666992e-05,1114.0,833.0
1650482049,0.0,0.001081855,0.005,2.3752450942993164e-05,2.3573637008666992e-05,1458.5,1907.5
1650482050,0.0,0.001200888,0.0,2.339482307434082e-05,2.321600914001465e-05,1724.0,1286.0
1650482051,0.0,0.001324956,0.0,2.3752450942993164e-05,2.3573637008666992e-05,1738.0,1698.0
1650482052,0.0,0.000964762,0.0,2.3752450942993164e-05,2.3573637008666992e-05,1460.0,1550.0
1650482053,0.0,0.000964762,0.0,2.3752450942993164e-05,2.3573637008666992e-05,1460.0,1550.0
1650482054,0.0,0.000255492,0.0,2.3752450942993164e-05,2.3573637008666992e-05,385.0,342.5
1650482055,0.0,0.002593525,0.0,2.3752450942993164e-05,2.3573637008666992e-05,3648.0,3215.0
1650482056,0.0,0.002593525,0.0,2.3752450942993164e-05,2.3573637008666992e-05,3648.0,3215.0
1650482057,0.0,0.000942422,0.0,2.3752450942993164e-05,2.3573637008666992e-05,1286.5,1059.5
1650482058,0.0,0.000942422,0.0,2.3752450942993164e-05,2.3573637008666992e-05,1286.5,1059.5
1650482059,0.0,0.0005589125,0.0,2.3752450942993164e-05,2.3573637008666992e-05,730.0,1371.0
1650482060,0.01,0.001041562,0.0,2.3752450942993164e-05,2.3573637008666992e-05,1458.0,1286.0
1650482061,0.0,0.00189457,0.0,2.3752450942993164e-05,2.3573637008666992e-05,2732.0,2341.0
1650482062,0.0,0.00189457,0.0,2.3752450942993164e-05,2.3573637008666992e-05,2732.0,2341.0
1650482063,0.0,0.000711206,0.005,2.3752450942993164e-05,2.3573637008666992e-05,1095.0,1096.5
1650482064,0.0,0.001016321,0.0,2.3752450942993164e-05,2.3573637008666992e-05,1459.0,1286.0
1650482065,0.0,0.001016321,0.0,2.3752450942993164e-05,2.3573637008666992e-05,1459.0,1286.0
1650482066,0.0,0.0008391565,0.0,2.3752450942993164e-05,2.3573637008666992e-05,1093.5,964.5
1650482067,0.0,0.001706683,0.0,2.3752450942993164e-05,2.3573637008666992e-05,2574.0,2119.0
1650482068,0.0,0.000744288,0.0,2.3752450942993164e-05,2.3573637008666992e-05,729.0,1772.0
1650482069,0.0,0.000744288,0.0,2.3752450942993164e-05,2.3573637008666992e-05,729.0,1772.0
1650482070,0.0,0.001267955,0.0,2.3752450942993164e-05,2.3573637008666992e-05,1824.5,1607.5
1650482071,0.0,0.001267955,0.0,2.3752450942993164e-05,2.3573637008666992e-05,1824.5,1607.5
1650482072,0.0,0.001042482,0.0,2.3752450942993164e-05,2.3573637008666992e-05,1366.5,1104.5
1650482073,0.0,0.001042482,0.0,2.3752450942993164e-05,2.3573637008666992e-05,1366.5,1104.5
1650482074,0.0,0.000470037,0.0,2.3752450942993164e-05,2.3573637008666992e-05,729.5,775.0
1650482075,0.0,0.000466054,0.0,2.3752450942993164e-05,2.3573637008666992e-05,730.0,775.0
1650482076,0.0,0.000466054,0.0,2.3752450942993164e-05,2.3573637008666992e-05,730.0,775.0
1650482077,0.0,0.001127308,0.0,2.3752450942993164e-05,2.3573637008666992e-05,1652.0,1381.0
1650482078,0.0,0.001737868,0.01,2.3752450942993164e-05,2.3573637008666992e-05,2189.0,3621.0
1650482079,0.0,0.000553521,0.0,2.3752450942993164e-05,2.3573637008666992e-05,730.0,643.0
1650482080,0.0,0.000553521,0.0,2.3752450942993164e-05,2.3573637008666992e-05,730.0,643.0
1650482081,0.0,0.0008733415,0.0,2.3752450942993164e-05,2.3573637008666992e-05,1095.0,964.5
1650482082,0.0,0.001660125,0.0,2.345442771911621e-05,2.327561378479004e-05,2453.0,1929.0
1650482083,0.0,0.001660125,0.0,2.345442771911621e-05,2.327561378479004e-05,2453.0,1929.0
1650482084,0.0,0.00039301,0.0,2.3752450942993164e-05,2.3573637008666992e-05,525.5,482.5
1650482085,0.0,0.001088724,0.0,2.3752450942993164e-05,2.3573637008666992e-05,1457.0,1550.0
1650482086,0.0,0.000995404,0.0,2.3752450942993164e-05,2.3573637008666992e-05,1460.0,1418.0
1650482087,0.0,0.000995404,0.0,2.3752450942993164e-05,2.3573637008666992e-05,1460.0,1418.0
1650482088,0.0,0.0008621265,0.0,2.3752450942993164e-05,2.3573637008666992e-05,1287.0,1733.5
1650482089,0.0,0.0008621265,0.0,2.3752450942993164e-05,2.3573637008666992e-05,1287.0,1733.5
1650482090,0.0,0.0007669735,0.0,2.3752450942993164e-05,2.3573637008666992e-05,1095.0,964.5
1650482091,0.0,0.001619691,0.0,2.3752450942993164e-05,2.3573637008666992e-05,2190.0,1929.0
1650482092,0.0,0.000531191,0.0,2.3752450942993164e-05,2.3573637008666992e-05,730.0,643.0
1650482093,0.0,0.000531191,0.0,2.3752450942993164e-05,2.3573637008666992e-05,730.0,643.0
1650482094,0.005,0.000646809,0.0,2.3752450942993164e-05,2.3573637008666992e-05,925.5,693.0
1650482095,0.005,0.000646809,0.0,2.3752450942993164e-05,2.3573637008666992e-05,925.5,693.0
1650482096,0.0,0.0011371905,0.0,2.3752450942993164e-05,2.3573637008666992e-05,1536.0,1508.0
1650482097,0.0,0.001805515,0.0,2.3752450942993164e-05,2.3573637008666992e-05,2574.0,2251.0
1650482098,0.0,0.001805515,0.0,2.3752450942993164e-05,2.3573637008666992e-05,2574.0,2251.0
1650482099,0.0,0.000553556,0.0,2.3752450942993164e-05,2.3573637008666992e-05,729.0,1161.5
1650482100,0.0,0.001481849,0.0,2.3752450942993164e-05,2.3573637008666992e-05,2190.0,1929.0
1650482101,0.0,0.001481849,0.0,2.3752450942993164e-05,2.3573637008666992e-05,2190.0,1929.0
1650482102,0.0,0.000517402,0.0,2.3752450942993164e-05,2.3573637008666992e-05,729.5,643.0
1650482103,0.0,0.002063559,0.0,2.3752450942993164e-05,2.3573637008666992e-05,2919.0,2572.0
1650482104,0.0,0.002063559,0.0,2.3752450942993164e-05,2.3573637008666992e-05,2919.0,2572.0
1650482105,0.0,0.000591011,0.0,2.345442771911621e-05,2.327561378479004e-05,861.0,643.0
1650482106,0.0,0.000922223,0.0,2.3752450942993164e-05,2.3573637008666992e-05,1009.0,923.0
1650482107,0.0,0.001288973,0.0,2.3752450942993164e-05,2.3573637008666992e-05,1844.0,1740.0
1650482108,0.0,0.00169875,0.0,2.3752450942993164e-05,2.3573637008666992e-05,2184.0,3309.0
1650482109,0.0,0.001136156,0.0,2.3752450942993164e-05,2.3573637008666992e-05,1459.0,1286.0
1650482110,0.0,0.001136156,0.0,2.3752450942993164e-05,2.3573637008666992e-05,1459.0,1286.0
1650482111,0.0,0.000603334,0.0,2.3752450942993164e-05,2.3573637008666992e-05,729.5,643.0
1650482112,0.0,0.000603334,0.0,2.3752450942993164e-05,2.3573637008666992e-05,729.5,643.0
1650482113,0.0,0.0007952425,0.0,2.3752450942993164e-05,2.3573637008666992e-05,1095.0,964.5
1650482114,0.0,0.001047122,0.0,2.3752450942993164e-05,2.3573637008666992e-05,1459.0,1286.0
1650482115,0.0,0.001032992,0.0,2.3752450942993164e-05,2.3573637008666992e-05,1459.0,1286.0
1650482116,0.0,0.001032992,0.0,2.3752450942993164e-05,2.3573637008666992e-05,1459.0,1286.0
1650482117,0.0,0.0012107865,0.0,2.3752450942993164e-05,2.3573637008666992e-05,1559.0,1199.5
1650482118,0.0,0.00315662,0.0,2.3752450942993164e-05,2.3573637008666992e-05,4376.0,6932.0
1650482119,0.0,0.001033856,0.0,2.3752450942993164e-05,2.3573637008666992e-05,1460.0,1286.0
1650482120,0.0,0.001033856,0.0,2.3752450942993164e-05,2.3573637008666992e-05,1460.0,1286.0
1650482121,0.0,0.0005170755,0.0,2.3752450942993164e-05,2.3573637008666992e-05,730.0,643.0
1650482122,0.0,0.001512,0.0,2.3752450942993164e-05,2.3573637008666992e-05,2188.0,1929.0
1650482123,0.0,0.001745408,0.0,2.3752450942993164e-05,2.3573637008666992e-05,2189.0,1929.0
1650482124,0.0,0.001745408,0.0,2.3752450942993164e-05,2.3573637008666992e-05,2189.0,1929.0
1650482125,0.0,0.0009772335,0.0,2.3752450942993164e-05,2.3573637008666992e-05,1459.0,1286.0
1650482126,0.0,0.0009772335,0.0,2.3752450942993164e-05,2.3573637008666992e-05,1459.0,1286.0
1650482127,0.0,0.000636272,0.005,2.339482307434082e-05,2.321600914001465e-05,1054.5,738.0
1650482128,0.0,0.001453529,0.0,2.3752450942993164e-05,2.3573637008666992e-05,1740.0,3712.0
1650482129,0.0,0.001453529,0.0,2.3752450942993164e-05,2.3573637008666992e-05,1740.0,3712.0
1650482130,0.005,0.0009988115,0.0,2.3752450942993164e-05,2.3573637008666992e-05,1459.5,1418.0
1650482131,0.0,0.000483861,0.0,2.3752450942993164e-05,2.3573637008666992e-05,730.0,643.0
1650482132,0.0,0.000483861,0.0,2.3752450942993164e-05,2.3573637008666992e-05,730.0,643.0
1650482133,0.0,0.0007229485,0.0,2.3752450942993164e-05,2.3573637008666992e-05,1116.0,985.5
1650482134,0.0,0.0007229485,0.0,2.3752450942993164e-05,2.3573637008666992e-05,1116.0,985.5
1650482135,0.0,0.0008029255,0.0,2.3752450942993164e-05,2.3573637008666992e-05,1094.0,964.5
1650482136,0.0,0.001030603,0.0,2.3752450942993164e-05,2.3573637008666992e-05,1460.0,1286.0
1650482137,0.0,0.001030603,0.0,2.3752450942993164e-05,2.3573637008666992e-05,1460.0,1286.0
1650482138,0.005,0.001531022,0.0,2.3752450942993164e-05,2.3573637008666992e-05,1922.5,2371.5
1650482139,0.005,0.001531022,0.0,2.3752450942993164e-05,2.3573637008666992e-05,1922.5,2371.5
1650482140,0.0,0.000588033,0.0,2.3752450942993164e-05,2.3573637008666992e-05,729.0,775.0
1650482141,0.0,0.000499266,0.0,2.3752450942993164e-05,2.3573637008666992e-05,730.0,775.0
1650482142,0.0,0.002221641,0.0,2.3752450942993164e-05,2.3573637008666992e-05,2916.0,2572.0
1650482143,0.0,0.002221641,0.0,2.3752450942993164e-05,2.3573637008666992e-05,2916.0,2572.0
1650482144,0.0,0.0008430155,0.0,2.3752450942993164e-05,2.3573637008666992e-05,1094.5,964.5
1650482145,0.0,0.0008430155,0.0,2.3752450942993164e-05,2.3573637008666992e-05,1094.5,964.5
1650482146,0.0,0.000505654,0.0,2.3752450942993164e-05,2.3573637008666992e-05,729.0,643.0
1650482147,0.0,0.001700045,0.0,2.3752450942993164e-05,2.3573637008666992e-05,2572.0,2119.0
1650482148,0.0,0.001700045,0.0,2.3752450942993164e-05,2.3573637008666992e-05,2572.0,2119.0
1650482149,0.005,0.001067106,0.0,2.3752450942993164e-05,2.3573637008666992e-05,1367.0,1972.5
1650482150,0.0,0.00117081,0.0,2.3752450942993164e-05,2.3573637008666992e-05,1459.0,1550.0
1650482151,0.0,0.00117081,0.0,2.3752450942993164e-05,2.3573637008666992e-05,1459.0,1550.0
1650482152,0.0,0.000703048,0.0,2.3752450942993164e-05,2.3573637008666992e-05,1095.0,964.5
1650482153,0.0,0.000703048,0.0,2.3752450942993164e-05,2.3573637008666992e-05,1095.0,964.5
1650482154,0.0,0.001292883,0.0,2.3752450942993164e-05,2.3573637008666992e-05,1889.0,1673.5
1650482155,0.0,0.000948037,0.0,2.3752450942993164e-05,2.3573637008666992e-05,1458.0,1286.0
1650482156,0.0,0.000948037,0.0,2.3752450942993164e-05,2.3573637008666992e-05,1458.0,1286.0
1650482157,0.0,0.000873956,0.0,2.3752450942993164e-05,2.3573637008666992e-05,1286.5,1059.5
1650482158,0.0,0.001980936,0.0,2.3752450942993164e-05,2.3573637008666992e-05,2919.0,3603.0
1650482159,0.0,0.002509395,0.0,2.3752450942993164e-05,2.3573637008666992e-05,3461.0,3116.0
1650482160,0.0,0.00093653,0.0,2.3752450942993164e-05,2.3573637008666992e-05,1460.0,1418.0
1650482161,0.0,0.00093653,0.0,2.3752450942993164e-05,2.3573637008666992e-05,1460.0,1418.0
1650482162,0.0,0.0006788485,0.0,2.3752450942993164e-05,2.3573637008666992e-05,1095.0,964.5
1650482163,0.0,0.000465855,0.0,2.3752450942993164e-05,2.3573637008666992e-05,729.0,643.0
1650482164,0.01,0.001161678,0.01,2.3752450942993164e-05,2.3573637008666992e-05,1459.0,1286.0
1650482165,0.01,0.001161678,0.01,2.3752450942993164e-05,2.3573637008666992e-05,1459.0,1286.0
1650482166,0.0,0.0011599875,0.0,2.3752450942993164e-05,2.3573637008666992e-05,1825.0,1607.5
1650482167,0.0,0.000660143,0.0,2.3752450942993164e-05,2.3573637008666992e-05,1115.0,833.0
1650482168,0.0,0.000660143,0.0,2.3752450942993164e-05,2.3573637008666992e-05,1115.0,833.0
1650482169,0.0,0.0008012405,0.0,2.339482307434082e-05,2.321600914001465e-05,862.0,1261.0
1650482170,0.0,0.0008012405,0.0,2.339482307434082e-05,2.321600914001465e-05,862.0,1261.0
1650482171,0.0,0.0006992755,0.0,2.3752450942993164e-05,2.3573637008666992e-05,870.0,849.0
1650482172,0.0,0.001605225,0.0,2.3752450942993164e-05,2.3573637008666992e-05,2189.0,2193.0
1650482173,0.0,0.001605225,0.0,2.3752450942993164e-05,2.3573637008666992e-05,2189.0,2193.0
1650482174,0.0,0.0007049575,0.0,2.3752450942993164e-05,2.3573637008666992e-05,1095.0,964.5
1650482175,0.0,0.001093087,0.0,2.3752450942993164e-05,2.3573637008666992e-05,1459.0,1286.0
1650482176,0.0,0.001093087,0.0,2.3752450942993164e-05,2.3573637008666992e-05,1459.0,1286.0
1650482177,0.0,0.0010824075,0.0,2.3752450942993164e-05,2.3573637008666992e-05,1652.0,1381.0
1650482178,0.0,0.001128512,0.0,2.3752450942993164e-05,2.3573637008666992e-05,1460.0,2633.0
1650482179,0.0,0.001563588,0.0,2.3633241653442383e-05,2.345442771911621e-05,2453.0,1929.0
1650482180,0.0,0.001563588,0.0,2.3633241653442383e-05,2.345442771911621e-05,2453.0,1929.0
1650482181,0.0,0.0008765575,0.0,2.3752450942993164e-05,2.3573637008666992e-05,1235.0,1236.5
1650482182,0.0,0.001045469,0.0,2.3752450942993164e-05,2.3573637008666992e-05,1458.0,1418.0
1650482183,0.0,0.001045469,0.0,2.3752450942993164e-05,2.3573637008666992e-05,1458.0,1418.0
1650482184,0.0,0.0008023075,0.0,2.3752450942993164e-05,2.3573637008666992e-05,1115.5,985.5
1650482185,0.0,0.0008023075,0.0,2.3752450942993164e-05,2.3573637008666992e-05,1115.5,985.5
1650482186,0.0,0.000752558,0.0,2.3752450942993164e-05,2.3573637008666992e-05,1094.5,964.5
1650482187,0.0,0.002624826,0.0,2.3752450942993164e-05,2.3573637008666992e-05,4034.0,3405.0
1650482188,0.0,0.002624826,0.0,2.3752450942993164e-05,2.3573637008666992e-05,4034.0,3405.0
1650482189,0.0,0.000594989,0.0,2.3752450942993164e-05,2.3573637008666992e-05,730.0,1104.5
1650482190,0.0,0.002100507,0.0,2.3752450942993164e-05,2.3573637008666992e-05,2731.0,2209.0
1650482191,0.0,0.002100507,0.0,2.3752450942993164e-05,2.3573637008666992e-05,2731.0,2209.0
1650482192,0.0,0.000534607,0.0,2.3752450942993164e-05,2.3573637008666992e-05,730.0,775.0
1650482193,0.0,0.000534607,0.0,2.3752450942993164e-05,2.3573637008666992e-05,730.0,775.0
1650482194,0.0,0.001160641,0.005,2.3752450942993164e-05,2.3573637008666992e-05,1824.0,1673.5
1650482195,0.0,0.000547977,0.0,2.3752450942993164e-05,2.3573637008666992e-05,728.0,643.0
1650482196,0.0,0.000995369,0.0,2.3752450942993164e-05,2.3573637008666992e-05,1459.0,1286.0
1650482197,0.0,0.000995369,0.0,2.3752450942993164e-05,2.3573637008666992e-05,1459.0,1286.0
1650482198,0.0,0.0015491135,0.0,2.3752450942993164e-05,2.3573637008666992e-05,2016.5,2509.0
1650482199,0.0,0.0015491135,0.0,2.3752450942993164e-05,2.3573637008666992e-05,2016.5,2509.0
1650482200,0.0,0.0005275875,0.0,2.3752450942993164e-05,2.3573637008666992e-05,730.0,643.0
1650482201,0.0,0.0005275875,0.0,2.3752450942993164e-05,2.3573637008666992e-05,730.0,643.0
1650482202,0.0,0.0010257535,0.0,2.3752450942993164e-05,2.3573637008666992e-05,1366.5,1104.5
1650482203,0.0,0.002109539,0.0,2.3752450942993164e-05,2.3573637008666992e-05,2919.0,2968.0
1650482204,0.0,0.001107118,0.0,2.3752450942993164e-05,2.3573637008666992e-05,1460.0,1286.0
1650482205,0.0,0.001148711,0.0,2.3752450942993164e-05,2.3573637008666992e-05,1460.0,1286.0
1650482206,0.0,0.000975986,0.0,2.3752450942993164e-05,2.3573637008666992e-05,1460.0,1286.0
1650482207,0.0,0.000975986,0.0,2.3752450942993164e-05,2.3573637008666992e-05,1460.0,1286.0
1650482208,0.0,0.0008059295,0.0,2.3752450942993164e-05,2.3573637008666992e-05,1287.0,1782.5
1650482209,0.0,0.000981694,0.0,2.3752450942993164e-05,2.3573637008666992e-05,1459.0,1286.0
1650482210,0.0,0.000582974,0.0,2.3752450942993164e-05,2.3573637008666992e-05,729.0,643.0
