timestamp,service,event
1650497590,social-graph-service,1
1650497590,social-graph-service,1
1650497590,social-graph-service,1
1650497590,social-graph-service,1
1650497590,social-graph-service,1
1650497590,social-graph-service,1
1650497591,social-graph-service,1
1650497591,social-graph-service,1
1650497591,social-graph-service,1
1650497591,social-graph-service,1
1650497591,social-graph-service,1
1650497591,social-graph-service,1
1650497592,social-graph-service,1
1650497592,social-graph-service,1
1650497592,social-graph-service,1
1650497592,social-graph-service,1
1650497592,social-graph-service,1
1650497592,social-graph-service,1
1650497593,social-graph-service,1
1650497593,social-graph-service,1
1650497593,social-graph-service,1
1650497593,social-graph-service,1
1650497593,social-graph-service,1
1650497593,social-graph-service,1
1650497594,social-graph-service,1
1650497594,social-graph-service,1
1650497594,social-graph-service,1
1650497595,social-graph-service,1
1650497595,social-graph-service,1
1650497595,social-graph-service,1
1650497596,social-graph-service,1
1650497596,social-graph-service,1
1650497596,social-graph-service,1
1650497596,social-graph-service,1
1650497596,social-graph-service,1
1650497596,social-graph-service,1
1650497596,social-graph-service,1
1650497596,social-graph-service,1
1650497596,social-graph-service,1
1650497597,social-graph-service,1
1650497597,social-graph-service,1
1650497597,social-graph-service,1
1650497597,social-graph-service,1
1650497597,social-graph-service,1
1650497597,social-graph-service,1
1650497598,social-graph-service,1
1650497598,social-graph-service,1
1650497598,social-graph-service,1
1650497599,social-graph-service,1
1650497599,social-graph-service,1
1650497599,social-graph-service,1
1650497599,social-graph-service,1
1650497599,social-graph-service,1
1650497599,social-graph-service,1
1650497599,social-graph-service,1
1650497599,social-graph-service,1
1650497599,social-graph-service,1
1650497600,social-graph-service,1
1650497600,social-graph-service,1
1650497600,social-graph-service,1
1650497600,social-graph-service,1
1650497600,social-graph-service,1
1650497600,social-graph-service,1
1650497600,social-graph-service,1
1650497600,social-graph-service,1
1650497600,social-graph-service,1
1650497601,social-graph-service,1
1650497601,social-graph-service,1
1650497601,social-graph-service,1
1650497601,social-graph-service,1
1650497601,social-graph-service,1
1650497601,social-graph-service,1
1650497602,social-graph-service,1
1650497602,social-graph-service,1
1650497602,social-graph-service,1
1650497603,social-graph-service,1
1650497603,social-graph-service,1
1650497603,social-graph-service,1
1650497604,social-graph-service,1
1650497604,social-graph-service,1
1650497604,social-graph-service,1
1650497604,social-graph-service,1
1650497604,social-graph-service,1
1650497604,social-graph-service,1
1650497605,social-graph-service,1
1650497605,social-graph-service,1
1650497605,social-graph-service,1
1650497606,social-graph-service,1
1650497606,social-graph-service,1
1650497606,social-graph-service,1
1650497606,social-graph-service,1
1650497606,social-graph-service,1
1650497606,social-graph-service,1
1650497607,social-graph-service,1
1650497607,social-graph-service,1
1650497607,social-graph-service,1
1650497608,social-graph-service,1
1650497608,social-graph-service,1
1650497608,social-graph-service,1
1650497609,social-graph-service,1
1650497609,social-graph-service,1
1650497609,social-graph-service,1
1650497609,social-graph-service,1
1650497609,social-graph-service,1
1650497609,social-graph-service,1
1650497610,social-graph-service,1
1650497610,social-graph-service,1
1650497610,social-graph-service,1
1650497611,social-graph-service,1
1650497611,social-graph-service,1
1650497611,social-graph-service,1
1650497611,social-graph-service,1
1650497611,social-graph-service,1
1650497611,social-graph-service,1
1650497612,social-graph-service,1
1650497612,social-graph-service,1
1650497612,social-graph-service,1
1650497612,social-graph-service,1
1650497612,social-graph-service,1
1650497612,social-graph-service,1
1650497612,social-graph-service,1
1650497612,social-graph-service,1
1650497612,social-graph-service,1
1650497613,social-graph-service,1
1650497613,social-graph-service,1
1650497613,social-graph-service,1
1650497614,social-graph-service,1
1650497614,social-graph-service,1
1650497614,social-graph-service,1
1650497614,social-graph-service,1
1650497614,social-graph-service,1
1650497614,social-graph-service,1
1650497615,social-graph-service,1
1650497615,social-graph-service,1
1650497615,social-graph-service,1
1650497615,social-graph-service,1
1650497615,social-graph-service,1
1650497615,social-graph-service,1
1650497616,social-graph-service,1
1650497616,social-graph-service,1
1650497616,social-graph-service,1
1650497617,social-graph-service,1
1650497617,social-graph-service,1
1650497617,social-graph-service,1
1650497617,social-graph-service,1
1650497617,social-graph-service,1
1650497617,social-graph-service,1
1650497617,social-graph-service,1
1650497617,social-graph-service,1
1650497617,social-graph-service,1
1650497618,social-graph-service,1
1650497618,social-graph-service,1
1650497618,social-graph-service,1
1650497618,social-graph-service,1
1650497618,social-graph-service,1
1650497618,social-graph-service,1
1650497619,social-graph-service,1
1650497619,social-graph-service,1
1650497619,social-graph-service,1
1650497619,social-graph-service,1
1650497619,social-graph-service,1
1650497619,social-graph-service,1
1650497619,social-graph-service,1
1650497619,social-graph-service,1
1650497619,social-graph-service,1
1650497620,social-graph-service,1
1650497620,social-graph-service,1
1650497620,social-graph-service,1
1650497621,social-graph-service,1
1650497621,social-graph-service,1
1650497621,social-graph-service,1
1650497621,social-graph-service,1
1650497621,social-graph-service,1
1650497621,social-graph-service,1
1650497622,social-graph-service,1
1650497622,social-graph-service,1
1650497622,social-graph-service,1
1650497623,social-graph-service,1
1650497623,social-graph-service,1
1650497623,social-graph-service,1
1650497623,social-graph-service,1
1650497623,social-graph-service,1
1650497623,social-graph-service,1
1650497624,social-graph-service,1
1650497624,social-graph-service,1
1650497624,social-graph-service,1
1650497624,social-graph-service,1
1650497624,social-graph-service,1
1650497624,social-graph-service,1
1650497625,social-graph-service,1
1650497625,social-graph-service,1
1650497625,social-graph-service,1
1650497625,social-graph-service,1
1650497625,social-graph-service,1
1650497625,social-graph-service,1
1650497626,social-graph-service,1
1650497626,social-graph-service,1
1650497626,social-graph-service,1
1650497626,social-graph-service,1
1650497626,social-graph-service,1
1650497626,social-graph-service,1
1650497627,social-graph-service,1
1650497627,social-graph-service,1
1650497627,social-graph-service,1
1650497627,social-graph-service,1
1650497627,social-graph-service,1
1650497627,social-graph-service,1
1650497628,social-graph-service,1
1650497628,social-graph-service,1
1650497628,social-graph-service,1
1650497629,social-graph-service,1
1650497629,social-graph-service,1
1650497629,social-graph-service,1
1650497629,social-graph-service,1
1650497629,social-graph-service,1
1650497629,social-graph-service,1
1650497630,social-graph-service,1
1650497630,social-graph-service,1
1650497630,social-graph-service,1
1650497630,social-graph-service,1
1650497630,social-graph-service,1
1650497630,social-graph-service,1
1650497630,social-graph-service,1
1650497630,social-graph-service,1
1650497630,social-graph-service,1
1650497631,social-graph-service,1
1650497631,social-graph-service,1
1650497631,social-graph-service,1
1650497632,social-graph-service,1
1650497632,social-graph-service,1
1650497632,social-graph-service,1
1650497633,social-graph-service,1
1650497633,social-graph-service,1
1650497633,social-graph-service,1
1650497634,social-graph-service,1
1650497634,social-graph-service,1
1650497634,social-graph-service,1
1650497634,social-graph-service,1
1650497634,social-graph-service,1
1650497634,social-graph-service,1
1650497635,social-graph-service,1
1650497635,social-graph-service,1
1650497635,social-graph-service,1
1650497636,social-graph-service,1
1650497636,social-graph-service,1
1650497636,social-graph-service,1
1650497636,social-graph-service,1
1650497636,social-graph-service,1
1650497636,social-graph-service,1
1650497637,social-graph-service,1
1650497637,social-graph-service,1
1650497637,social-graph-service,1
1650497637,social-graph-service,1
1650497637,social-graph-service,1
1650497637,social-graph-service,1
1650497638,social-graph-service,1
1650497638,social-graph-service,1
1650497638,social-graph-service,1
1650497639,social-graph-service,1
1650497639,social-graph-service,1
1650497639,social-graph-service,1
1650497639,social-graph-service,1
1650497639,social-graph-service,1
1650497639,social-graph-service,1
1650497640,social-graph-service,1
1650497640,social-graph-service,1
1650497640,social-graph-service,1
1650497641,social-graph-service,1
1650497641,social-graph-service,1
1650497641,social-graph-service,1
1650497642,social-graph-service,1
1650497642,social-graph-service,1
1650497642,social-graph-service,1
1650497642,social-graph-service,1
1650497642,social-graph-service,1
1650497642,social-graph-service,1
1650497642,social-graph-service,1
1650497642,social-graph-service,1
1650497642,social-graph-service,1
1650497643,social-graph-service,1
1650497643,social-graph-service,1
1650497643,social-graph-service,1
1650497643,social-graph-service,1
1650497643,social-graph-service,1
1650497643,social-graph-service,1
1650497644,social-graph-service,1
1650497644,social-graph-service,1
1650497644,social-graph-service,1
1650497644,social-graph-service,1
1650497644,social-graph-service,1
1650497644,social-graph-service,1
1650497645,social-graph-service,1
1650497645,social-graph-service,1
1650497645,social-graph-service,1
1650497645,social-graph-service,1
1650497645,social-graph-service,1
1650497645,social-graph-service,1
1650497646,social-graph-service,1
1650497646,social-graph-service,1
1650497646,social-graph-service,1
1650497647,social-graph-service,1
1650497647,social-graph-service,1
1650497647,social-graph-service,1
1650497647,social-graph-service,1
1650497647,social-graph-service,1
1650497647,social-graph-service,1
1650497648,social-graph-service,1
1650497648,social-graph-service,1
1650497648,social-graph-service,1
1650497649,social-graph-service,1
1650497649,social-graph-service,1
1650497649,social-graph-service,1
1650497650,social-graph-service,1
1650497650,social-graph-service,1
1650497650,social-graph-service,1
1650497650,social-graph-service,1
1650497650,social-graph-service,1
1650497650,social-graph-service,1
1650497651,social-graph-service,1
1650497651,social-graph-service,1
1650497651,social-graph-service,1
1650497652,social-graph-service,1
1650497652,social-graph-service,1
1650497652,social-graph-service,1
1650497652,social-graph-service,1
1650497652,social-graph-service,1
1650497652,social-graph-service,1
1650497652,social-graph-service,1
1650497652,social-graph-service,1
1650497652,social-graph-service,1
1650497653,social-graph-service,1
1650497653,social-graph-service,1
1650497653,social-graph-service,1
1650497653,social-graph-service,1
1650497653,social-graph-service,1
1650497653,social-graph-service,1
1650497654,social-graph-service,1
1650497654,social-graph-service,1
1650497654,social-graph-service,1
1650497654,social-graph-service,1
1650497654,social-graph-service,1
1650497655,social-graph-service,1
1650497655,social-graph-service,1
1650497655,social-graph-service,1
1650497655,social-graph-service,1
1650497655,social-graph-service,1
1650497655,social-graph-service,1
1650497655,social-graph-service,1
1650497656,social-graph-service,1
1650497656,social-graph-service,1
1650497656,social-graph-service,1
1650497657,social-graph-service,1
1650497657,social-graph-service,1
1650497657,social-graph-service,1
1650497657,social-graph-service,1
1650497657,social-graph-service,1
1650497657,social-graph-service,1
1650497658,social-graph-service,1
1650497658,social-graph-service,1
1650497658,social-graph-service,1
1650497658,social-graph-service,1
1650497658,social-graph-service,1
1650497658,social-graph-service,1
1650497658,social-graph-service,1
1650497658,social-graph-service,1
1650497658,social-graph-service,1
1650497659,social-graph-service,1
1650497659,social-graph-service,1
1650497659,social-graph-service,1
1650497659,social-graph-service,1
1650497659,social-graph-service,1
1650497659,social-graph-service,1
1650497660,social-graph-service,1
1650497660,social-graph-service,1
1650497660,social-graph-service,1
1650497660,social-graph-service,1
1650497660,social-graph-service,1
1650497660,social-graph-service,1
1650497661,social-graph-service,1
1650497661,social-graph-service,1
1650497661,social-graph-service,1
1650497661,social-graph-service,1
1650497661,social-graph-service,1
1650497661,social-graph-service,1
1650497662,social-graph-service,1
1650497662,social-graph-service,1
1650497662,social-graph-service,1
1650497662,social-graph-service,1
1650497662,social-graph-service,1
1650497662,social-graph-service,1
1650497663,social-graph-service,1
1650497663,social-graph-service,1
1650497663,social-graph-service,1
1650497663,social-graph-service,1
1650497663,social-graph-service,1
1650497663,social-graph-service,1
1650497663,social-graph-service,1
1650497664,social-graph-service,1
1650497664,social-graph-service,1
1650497664,social-graph-service,1
1650497664,social-graph-service,1
1650497664,social-graph-service,1
1650497665,social-graph-service,1
1650497665,social-graph-service,1
1650497665,social-graph-service,1
1650497666,social-graph-service,1
1650497666,social-graph-service,1
1650497666,social-graph-service,1
1650497666,social-graph-service,1
1650497666,social-graph-service,1
1650497666,social-graph-service,1
1650497667,social-graph-service,1
1650497667,social-graph-service,1
1650497667,social-graph-service,1
1650497668,social-graph-service,1
1650497668,social-graph-service,1
1650497668,social-graph-service,1
1650497668,social-graph-service,1
1650497668,social-graph-service,1
1650497668,social-graph-service,1
1650497668,social-graph-service,1
1650497668,social-graph-service,1
1650497668,social-graph-service,1
1650497669,social-graph-service,1
1650497669,social-graph-service,1
1650497669,social-graph-service,1
1650497670,social-graph-service,1
1650497670,social-graph-service,1
1650497670,social-graph-service,1
1650497671,social-graph-service,1
1650497671,social-graph-service,1
1650497671,social-graph-service,1
1650497672,social-graph-service,1
1650497672,social-graph-service,1
1650497672,social-graph-service,1
1650497673,social-graph-service,1
1650497673,social-graph-service,1
1650497673,social-graph-service,1
1650497673,social-graph-service,1
1650497673,social-graph-service,1
1650497673,social-graph-service,1
1650497674,social-graph-service,1
1650497674,social-graph-service,1
1650497674,social-graph-service,1
1650497675,social-graph-service,1
1650497675,social-graph-service,1
1650497675,social-graph-service,1
1650497676,social-graph-service,1
1650497676,social-graph-service,1
1650497676,social-graph-service,1
1650497677,social-graph-service,1
1650497677,social-graph-service,1
1650497677,social-graph-service,1
1650497677,social-graph-service,1
1650497677,social-graph-service,1
1650497677,social-graph-service,1
1650497678,social-graph-service,1
1650497678,social-graph-service,1
1650497678,social-graph-service,1
1650497679,social-graph-service,1
1650497679,social-graph-service,1
1650497679,social-graph-service,1
1650497679,social-graph-service,1
1650497679,social-graph-service,1
1650497679,social-graph-service,1
1650497679,social-graph-service,1
1650497679,social-graph-service,1
1650497679,social-graph-service,1
1650497680,social-graph-service,1
1650497680,social-graph-service,1
1650497680,social-graph-service,1
1650497680,social-graph-service,1
1650497680,social-graph-service,1
1650497680,social-graph-service,1
1650497681,social-graph-service,1
1650497681,social-graph-service,1
1650497681,social-graph-service,1
1650497681,social-graph-service,1
1650497681,social-graph-service,1
1650497681,social-graph-service,1
1650497682,social-graph-service,1
1650497682,social-graph-service,1
1650497682,social-graph-service,1
1650497682,social-graph-service,1
1650497682,social-graph-service,1
1650497682,social-graph-service,1
1650497683,social-graph-service,1
1650497683,social-graph-service,1
1650497683,social-graph-service,1
1650497683,social-graph-service,1
1650497683,social-graph-service,1
1650497683,social-graph-service,1
1650497684,social-graph-service,1
1650497684,social-graph-service,1
1650497684,social-graph-service,1
1650497684,social-graph-service,1
1650497684,social-graph-service,1
1650497685,social-graph-service,1
1650497685,social-graph-service,1
1650497685,social-graph-service,1
1650497685,social-graph-service,1
1650497685,social-graph-service,1
1650497685,social-graph-service,1
1650497685,social-graph-service,1
1650497686,social-graph-service,1
1650497686,social-graph-service,1
1650497686,social-graph-service,1
1650497686,social-graph-service,1
1650497686,social-graph-service,1
1650497686,social-graph-service,1
1650497687,social-graph-service,1
1650497687,social-graph-service,1
1650497687,social-graph-service,1
1650497688,social-graph-service,1
1650497688,social-graph-service,1
1650497688,social-graph-service,1
1650497688,social-graph-service,1
1650497688,social-graph-service,1
1650497688,social-graph-service,1
1650497689,social-graph-service,1
1650497689,social-graph-service,1
1650497689,social-graph-service,1
1650497690,social-graph-service,1
1650497690,social-graph-service,1
1650497690,social-graph-service,1
1650497690,social-graph-service,1
1650497690,social-graph-service,1
1650497690,social-graph-service,1
1650497691,social-graph-service,1
1650497691,social-graph-service,1
1650497691,social-graph-service,1
1650497691,social-graph-service,1
1650497691,social-graph-service,1
1650497691,social-graph-service,1
1650497692,social-graph-service,1
1650497692,social-graph-service,1
1650497692,social-graph-service,1
1650497692,social-graph-service,1
1650497692,social-graph-service,1
1650497692,social-graph-service,1
1650497693,social-graph-service,1
1650497693,social-graph-service,1
1650497693,social-graph-service,1
1650497693,social-graph-service,1
1650497693,social-graph-service,1
1650497693,social-graph-service,1
1650497694,social-graph-service,1
1650497694,social-graph-service,1
1650497694,social-graph-service,1
1650497694,social-graph-service,1
1650497694,social-graph-service,1
1650497694,social-graph-service,1
1650497694,social-graph-service,1
1650497694,social-graph-service,1
1650497694,social-graph-service,1
1650497695,social-graph-service,1
1650497695,social-graph-service,1
1650497695,social-graph-service,1
1650497695,social-graph-service,1
1650497695,social-graph-service,1
1650497695,social-graph-service,1
1650497696,social-graph-service,1
1650497696,social-graph-service,1
1650497696,social-graph-service,1
1650497696,social-graph-service,1
1650497696,social-graph-service,1
1650497696,social-graph-service,1
1650497697,social-graph-service,1
1650497697,social-graph-service,1
1650497697,social-graph-service,1
1650497697,social-graph-service,1
1650497697,social-graph-service,1
1650497697,social-graph-service,1
1650497698,social-graph-service,1
1650497698,social-graph-service,1
1650497698,social-graph-service,1
1650497699,social-graph-service,1
1650497699,social-graph-service,1
1650497699,social-graph-service,1
1650497700,social-graph-service,1
1650497700,social-graph-service,1
1650497700,social-graph-service,1
1650497701,social-graph-service,1
1650497701,social-graph-service,1
1650497701,social-graph-service,1
1650497701,social-graph-service,1
1650497701,social-graph-service,1
1650497701,social-graph-service,1
1650497701,social-graph-service,1
1650497701,social-graph-service,1
1650497701,social-graph-service,1
1650497701,social-graph-service,1
1650497701,social-graph-service,1
1650497701,social-graph-service,1
1650497702,social-graph-service,1
1650497702,social-graph-service,1
1650497702,social-graph-service,1
1650497703,social-graph-service,1
1650497703,social-graph-service,1
1650497703,social-graph-service,1
1650497703,social-graph-service,1
1650497703,social-graph-service,1
1650497703,social-graph-service,1
1650497704,social-graph-service,1
1650497704,social-graph-service,1
1650497704,social-graph-service,1
1650497704,social-graph-service,1
1650497704,social-graph-service,1
1650497704,social-graph-service,1
1650497705,social-graph-service,1
1650497705,social-graph-service,1
1650497705,social-graph-service,1
1650497705,social-graph-service,1
1650497705,social-graph-service,1
1650497705,social-graph-service,1
1650497706,social-graph-service,1
1650497706,social-graph-service,1
1650497706,social-graph-service,1
1650497707,social-graph-service,1
1650497707,social-graph-service,1
1650497707,social-graph-service,1
1650497707,social-graph-service,1
1650497707,social-graph-service,1
1650497707,social-graph-service,1
1650497708,social-graph-service,1
1650497708,social-graph-service,1
1650497708,social-graph-service,1
1650497708,social-graph-service,1
1650497708,social-graph-service,1
1650497708,social-graph-service,1
1650497709,social-graph-service,1
1650497709,social-graph-service,1
1650497709,social-graph-service,1
1650497710,social-graph-service,1
1650497710,social-graph-service,1
1650497710,social-graph-service,1
1650497710,social-graph-service,1
1650497710,social-graph-service,1
1650497710,social-graph-service,1
1650497710,social-graph-service,1
1650497710,social-graph-service,1
1650497710,social-graph-service,1
1650497711,social-graph-service,1
1650497711,social-graph-service,1
1650497711,social-graph-service,1
1650497711,social-graph-service,1
1650497711,social-graph-service,1
1650497711,social-graph-service,1
1650497712,social-graph-service,1
1650497712,social-graph-service,1
1650497712,social-graph-service,1
1650497713,social-graph-service,1
1650497713,social-graph-service,1
1650497713,social-graph-service,1
1650497714,social-graph-service,1
1650497714,social-graph-service,1
1650497714,social-graph-service,1
1650497715,social-graph-service,1
1650497715,social-graph-service,1
1650497715,social-graph-service,1
1650497715,social-graph-service,1
1650497715,social-graph-service,1
1650497715,social-graph-service,1
1650497715,social-graph-service,1
1650497715,social-graph-service,1
1650497715,social-graph-service,1
1650497716,social-graph-service,1
1650497716,social-graph-service,1
1650497716,social-graph-service,1
1650497717,social-graph-service,1
1650497717,social-graph-service,1
1650497717,social-graph-service,1
1650497717,social-graph-service,1
1650497717,social-graph-service,1
1650497717,social-graph-service,1
1650497718,social-graph-service,1
1650497718,social-graph-service,1
1650497718,social-graph-service,1
1650497719,social-graph-service,1
1650497719,social-graph-service,1
1650497719,social-graph-service,1
1650497720,social-graph-service,1
1650497720,social-graph-service,1
1650497720,social-graph-service,1
1650497720,social-graph-service,1
1650497720,social-graph-service,1
1650497720,social-graph-service,1
1650497721,social-graph-service,1
1650497721,social-graph-service,1
1650497721,social-graph-service,1
1650497722,social-graph-service,1
1650497722,social-graph-service,1
1650497722,social-graph-service,1
1650497723,social-graph-service,1
1650497723,social-graph-service,1
1650497723,social-graph-service,1
1650497723,social-graph-service,1
1650497723,social-graph-service,1
1650497723,social-graph-service,1
1650497724,social-graph-service,1
1650497724,social-graph-service,1
1650497724,social-graph-service,1
1650497724,social-graph-service,1
1650497724,social-graph-service,1
1650497724,social-graph-service,1
1650497725,social-graph-service,1
1650497725,social-graph-service,1
1650497725,social-graph-service,1
1650497726,social-graph-service,1
1650497726,social-graph-service,1
1650497726,social-graph-service,1
1650497727,social-graph-service,1
1650497727,social-graph-service,1
1650497727,social-graph-service,1
1650497727,social-graph-service,1
1650497727,social-graph-service,1
1650497727,social-graph-service,1
1650497728,social-graph-service,1
1650497728,social-graph-service,1
1650497728,social-graph-service,1
1650497729,social-graph-service,1
1650497729,social-graph-service,1
1650497729,social-graph-service,1
1650497730,social-graph-service,1
1650497730,social-graph-service,1
1650497730,social-graph-service,1
1650497730,social-graph-service,1
1650497730,social-graph-service,1
1650497730,social-graph-service,1
1650497731,social-graph-service,1
1650497731,social-graph-service,1
1650497731,social-graph-service,1
1650497731,social-graph-service,1
1650497731,social-graph-service,1
1650497731,social-graph-service,1
1650497732,social-graph-service,1
1650497732,social-graph-service,1
1650497732,social-graph-service,1
1650497732,social-graph-service,1
1650497732,social-graph-service,1
1650497732,social-graph-service,1
1650497733,social-graph-service,1
1650497733,social-graph-service,1
1650497733,social-graph-service,1
1650497733,social-graph-service,1
1650497733,social-graph-service,1
1650497733,social-graph-service,1
1650497733,social-graph-service,1
1650497733,social-graph-service,1
1650497733,social-graph-service,1
1650497733,social-graph-service,1
1650497733,social-graph-service,1
1650497733,social-graph-service,1
1650497734,social-graph-service,1
1650497734,social-graph-service,1
1650497734,social-graph-service,1
1650497735,social-graph-service,1
1650497735,social-graph-service,1
1650497735,social-graph-service,1
1650497735,social-graph-service,1
1650497735,social-graph-service,1
1650497736,social-graph-service,1
1650497737,social-graph-service,1
1650497737,social-graph-service,1
1650497737,social-graph-service,1
1650497737,social-graph-service,1
1650497737,social-graph-service,1
1650497737,social-graph-service,1
1650497737,social-graph-service,1
1650497737,social-graph-service,1
1650497737,social-graph-service,1
1650497738,social-graph-service,1
1650497738,social-graph-service,1
1650497738,social-graph-service,1
1650497739,social-graph-service,1
1650497739,social-graph-service,1
1650497739,social-graph-service,1
1650497739,social-graph-service,1
1650497739,social-graph-service,1
1650497739,social-graph-service,1
1650497739,social-graph-service,1
1650497739,social-graph-service,1
1650497739,social-graph-service,1
1650497740,social-graph-service,1
1650497740,social-graph-service,1
1650497740,social-graph-service,1
1650497741,social-graph-service,1
1650497741,social-graph-service,1
1650497741,social-graph-service,1
1650497741,social-graph-service,1
1650497741,social-graph-service,1
1650497741,social-graph-service,1
1650497742,social-graph-service,1
1650497742,social-graph-service,1
1650497742,social-graph-service,1
1650497743,social-graph-service,1
1650497743,social-graph-service,1
1650497743,social-graph-service,1
1650497743,social-graph-service,1
1650497743,social-graph-service,1
1650497743,social-graph-service,1
1650497743,social-graph-service,1
1650497743,social-graph-service,1
1650497743,social-graph-service,1
1650497744,social-graph-service,1
1650497744,social-graph-service,1
1650497744,social-graph-service,1
1650497745,social-graph-service,1
1650497745,social-graph-service,1
1650497745,social-graph-service,1
1650497746,social-graph-service,1
1650497746,social-graph-service,1
1650497746,social-graph-service,1
1650497746,social-graph-service,1
1650497746,social-graph-service,1
1650497746,social-graph-service,1
1650497747,social-graph-service,1
1650497747,social-graph-service,1
1650497747,social-graph-service,1
1650497747,social-graph-service,1
1650497747,social-graph-service,1
1650497747,social-graph-service,1
1650497747,social-graph-service,1
1650497747,social-graph-service,1
1650497747,social-graph-service,1
1650497748,social-graph-service,1
1650497748,social-graph-service,1
1650497748,social-graph-service,1
1650497749,social-graph-service,1
1650497749,social-graph-service,1
1650497749,social-graph-service,1
1650497749,social-graph-service,1
1650497749,social-graph-service,1
1650497749,social-graph-service,1
1650497749,social-graph-service,1
1650497749,social-graph-service,1
1650497749,social-graph-service,1
1650497750,social-graph-service,1
1650497750,social-graph-service,1
1650497750,social-graph-service,1
1650497750,social-graph-service,1
1650497750,social-graph-service,1
1650497750,social-graph-service,1
1650497750,social-graph-service,1
1650497750,social-graph-service,1
1650497750,social-graph-service,1
1650497751,social-graph-service,1
1650497751,social-graph-service,1
1650497751,social-graph-service,1
1650497752,social-graph-service,1
1650497752,social-graph-service,1
1650497752,social-graph-service,1
1650497753,social-graph-service,1
1650497753,social-graph-service,1
1650497753,social-graph-service,1
1650497753,social-graph-service,1
1650497753,social-graph-service,1
1650497753,social-graph-service,1
1650497753,social-graph-service,1
1650497753,social-graph-service,1
1650497753,social-graph-service,1
1650497754,social-graph-service,1
1650497754,social-graph-service,1
1650497754,social-graph-service,1
1650497754,social-graph-service,1
1650497754,social-graph-service,1
1650497754,social-graph-service,1
1650497755,social-graph-service,1
1650497755,social-graph-service,1
1650497755,social-graph-service,1
1650497755,social-graph-service,1
1650497755,social-graph-service,1
1650497755,social-graph-service,1
1650497756,social-graph-service,1
1650497756,social-graph-service,1
1650497756,social-graph-service,1
1650497756,social-graph-service,1
1650497756,social-graph-service,1
1650497756,social-graph-service,1
1650497757,social-graph-service,1
1650497757,social-graph-service,1
1650497757,social-graph-service,1
1650497758,social-graph-service,1
1650497758,social-graph-service,1
1650497758,social-graph-service,1
1650497758,social-graph-service,1
1650497758,social-graph-service,1
1650497758,social-graph-service,1
1650497759,social-graph-service,1
1650497759,social-graph-service,1
1650497759,social-graph-service,1
1650497760,social-graph-service,1
1650497760,social-graph-service,1
1650497760,social-graph-service,1
1650497760,social-graph-service,1
1650497760,social-graph-service,1
1650497760,social-graph-service,1
1650497761,social-graph-service,1
1650497761,social-graph-service,1
1650497761,social-graph-service,1
1650497762,social-graph-service,1
1650497762,social-graph-service,1
1650497762,social-graph-service,1
1650497763,social-graph-service,1
1650497763,social-graph-service,1
1650497763,social-graph-service,1
1650497763,social-graph-service,1
1650497763,social-graph-service,1
1650497763,social-graph-service,1
1650497764,social-graph-service,1
1650497764,social-graph-service,1
1650497764,social-graph-service,1
1650497765,social-graph-service,1
1650497765,social-graph-service,1
1650497765,social-graph-service,1
1650497765,social-graph-service,1
1650497765,social-graph-service,1
1650497765,social-graph-service,1
1650497766,social-graph-service,1
1650497766,social-graph-service,1
1650497766,social-graph-service,1
1650497766,social-graph-service,1
1650497766,social-graph-service,1
1650497766,social-graph-service,1
1650497767,social-graph-service,1
1650497767,social-graph-service,1
1650497767,social-graph-service,1
1650497768,social-graph-service,1
1650497768,social-graph-service,1
1650497768,social-graph-service,1
1650497768,social-graph-service,1
1650497768,social-graph-service,1
1650497768,social-graph-service,1
1650497769,social-graph-service,1
1650497769,social-graph-service,1
1650497769,social-graph-service,1
1650497770,social-graph-service,1
1650497770,social-graph-service,1
1650497770,social-graph-service,1
1650497770,social-graph-service,1
1650497770,social-graph-service,1
1650497770,social-graph-service,1
1650497771,social-graph-service,1
1650497771,social-graph-service,1
1650497771,social-graph-service,1
1650497771,social-graph-service,1
1650497771,social-graph-service,1
1650497771,social-graph-service,1
1650497771,social-graph-service,1
1650497771,social-graph-service,1
1650497771,social-graph-service,1
1650497772,social-graph-service,1
1650497772,social-graph-service,1
1650497772,social-graph-service,1
1650497772,social-graph-service,1
1650497772,social-graph-service,1
1650497772,social-graph-service,1
1650497772,social-graph-service,1
1650497772,social-graph-service,1
1650497773,social-graph-service,1
1650497773,social-graph-service,1
1650497773,social-graph-service,1
1650497773,social-graph-service,1
1650497774,social-graph-service,1
1650497774,social-graph-service,1
1650497774,social-graph-service,1
1650497774,social-graph-service,1
1650497774,social-graph-service,1
1650497774,social-graph-service,1
1650497774,social-graph-service,1
1650497774,social-graph-service,1
1650497775,social-graph-service,1
1650497775,social-graph-service,1
1650497775,social-graph-service,1
1650497775,social-graph-service,1
1650497775,social-graph-service,1
1650497775,social-graph-service,1
1650497775,social-graph-service,1
1650497776,social-graph-service,1
1650497776,social-graph-service,1
1650497776,social-graph-service,1
1650497777,social-graph-service,1
1650497777,social-graph-service,1
1650497777,social-graph-service,1
1650497778,social-graph-service,1
1650497778,social-graph-service,1
1650497778,social-graph-service,1
1650497779,social-graph-service,1
1650497779,social-graph-service,1
1650497779,social-graph-service,1
1650497779,social-graph-service,1
1650497779,social-graph-service,1
1650497779,social-graph-service,1
1650497780,social-graph-service,1
1650497780,social-graph-service,1
1650497780,social-graph-service,1
1650497780,social-graph-service,1
1650497780,social-graph-service,1
1650497780,social-graph-service,1
1650497781,social-graph-service,1
1650497781,social-graph-service,1
1650497781,social-graph-service,1
1650497781,social-graph-service,1
1650497781,social-graph-service,1
1650497781,social-graph-service,1
1650497782,social-graph-service,1
1650497782,social-graph-service,1
1650497782,social-graph-service,1
1650497783,social-graph-service,1
1650497783,social-graph-service,1
1650497783,social-graph-service,1
1650497783,social-graph-service,1
1650497783,social-graph-service,1
1650497783,social-graph-service,1
1650497783,social-graph-service,1
1650497783,social-graph-service,1
1650497783,social-graph-service,1
1650497784,social-graph-service,1
1650497784,social-graph-service,1
1650497785,social-graph-service,1
1650497785,social-graph-service,1
1650497785,social-graph-service,1
1650497785,social-graph-service,1
1650497786,social-graph-service,1
1650497786,social-graph-service,1
1650497786,social-graph-service,1
1650497786,social-graph-service,1
1650497786,social-graph-service,1
1650497786,social-graph-service,1
1650497787,social-graph-service,1
1650497787,social-graph-service,1
1650497787,social-graph-service,1
1650497788,social-graph-service,1
1650497788,social-graph-service,1
1650497788,social-graph-service,1
1650497788,social-graph-service,1
1650497788,social-graph-service,1
1650497788,social-graph-service,1
1650497789,social-graph-service,1
1650497789,social-graph-service,1
1650497789,social-graph-service,1
1650497790,social-graph-service,1
1650497790,social-graph-service,1
1650497790,social-graph-service,1
1650497790,social-graph-service,1
1650497790,social-graph-service,1
1650497790,social-graph-service,1
1650497791,social-graph-service,1
1650497791,social-graph-service,1
1650497791,social-graph-service,1
1650497791,social-graph-service,1
1650497791,social-graph-service,1
1650497791,social-graph-service,1
1650497791,social-graph-service,1
1650497791,social-graph-service,1
1650497791,social-graph-service,1
1650497792,social-graph-service,1
1650497792,social-graph-service,1
1650497792,social-graph-service,1
1650497792,social-graph-service,1
1650497792,social-graph-service,1
1650497792,social-graph-service,1
1650497793,social-graph-service,1
1650497793,social-graph-service,1
1650497793,social-graph-service,1
1650497793,social-graph-service,1
1650497793,social-graph-service,1
1650497793,social-graph-service,1
1650497794,social-graph-service,1
1650497794,social-graph-service,1
1650497794,social-graph-service,1
1650497795,social-graph-service,1
1650497795,social-graph-service,1
1650497795,social-graph-service,1
1650497795,social-graph-service,1
1650497795,social-graph-service,1
1650497795,social-graph-service,1
1650497796,social-graph-service,1
1650497796,social-graph-service,1
1650497796,social-graph-service,1
1650497797,social-graph-service,1
1650497797,social-graph-service,1
1650497797,social-graph-service,1
1650497798,social-graph-service,1
1650497798,social-graph-service,1
1650497798,social-graph-service,1
1650497798,social-graph-service,1
1650497798,social-graph-service,1
1650497798,social-graph-service,1
1650497799,social-graph-service,1
1650497799,social-graph-service,1
1650497799,social-graph-service,1
1650497800,social-graph-service,1
1650497800,social-graph-service,1
1650497800,social-graph-service,1
1650497800,social-graph-service,1
1650497800,social-graph-service,1
1650497800,social-graph-service,1
1650497801,social-graph-service,1
1650497801,social-graph-service,1
1650497801,social-graph-service,1
1650497801,social-graph-service,1
1650497801,social-graph-service,1
1650497801,social-graph-service,1
1650497802,social-graph-service,1
1650497802,social-graph-service,1
1650497802,social-graph-service,1
1650497802,social-graph-service,1
1650497802,social-graph-service,1
1650497802,social-graph-service,1
1650497803,social-graph-service,1
1650497803,social-graph-service,1
1650497803,social-graph-service,1
1650497804,social-graph-service,1
1650497804,social-graph-service,1
1650497804,social-graph-service,1
1650497804,social-graph-service,1
1650497804,social-graph-service,1
1650497804,social-graph-service,1
1650497805,social-graph-service,1
1650497805,social-graph-service,1
1650497805,social-graph-service,1
1650497805,social-graph-service,1
1650497805,social-graph-service,1
1650497805,social-graph-service,1
1650497806,social-graph-service,1
1650497806,social-graph-service,1
1650497806,social-graph-service,1
1650497806,social-graph-service,1
1650497806,social-graph-service,1
1650497806,social-graph-service,1
1650497806,social-graph-service,1
1650497806,social-graph-service,1
1650497806,social-graph-service,1
1650497807,social-graph-service,1
1650497807,social-graph-service,1
1650497807,social-graph-service,1
1650497808,social-graph-service,1
1650497808,social-graph-service,1
1650497808,social-graph-service,1
1650497808,social-graph-service,1
1650497808,social-graph-service,1
1650497808,social-graph-service,1
1650497809,social-graph-service,1
1650497809,social-graph-service,1
1650497809,social-graph-service,1
1650497810,social-graph-service,1
1650497810,social-graph-service,1
1650497810,social-graph-service,1
1650497810,social-graph-service,1
1650497810,social-graph-service,1
1650497810,social-graph-service,1
1650497811,social-graph-service,1
1650497811,social-graph-service,1
1650497811,social-graph-service,1
1650497811,social-graph-service,1
1650497811,social-graph-service,1
1650497811,social-graph-service,1
1650497812,social-graph-service,1
1650497812,social-graph-service,1
1650497812,social-graph-service,1
1650497812,social-graph-service,1
1650497812,social-graph-service,1
1650497812,social-graph-service,1
1650497812,social-graph-service,1
1650497812,social-graph-service,1
1650497812,social-graph-service,1
1650497813,social-graph-service,1
1650497813,social-graph-service,1
1650497813,social-graph-service,1
1650497813,social-graph-service,1
1650497813,social-graph-service,1
1650497813,social-graph-service,1
1650497814,social-graph-service,1
1650497814,social-graph-service,1
1650497814,social-graph-service,1
1650497815,social-graph-service,1
1650497815,social-graph-service,1
1650497815,social-graph-service,1
1650497815,social-graph-service,1
1650497815,social-graph-service,1
1650497815,social-graph-service,1
1650497816,social-graph-service,1
1650497816,social-graph-service,1
1650497816,social-graph-service,1
1650497816,social-graph-service,1
1650497816,social-graph-service,1
1650497816,social-graph-service,1
1650497817,social-graph-service,1
1650497817,social-graph-service,1
1650497817,social-graph-service,1
1650497818,social-graph-service,1
1650497818,social-graph-service,1
1650497818,social-graph-service,1
1650497819,social-graph-service,1
1650497819,social-graph-service,1
1650497819,social-graph-service,1
1650497819,social-graph-service,1
1650497819,social-graph-service,1
1650497819,social-graph-service,1
1650497819,social-graph-service,1
1650497819,social-graph-service,1
1650497819,social-graph-service,1
1650497820,social-graph-service,1
1650497820,social-graph-service,1
1650497820,social-graph-service,1
1650497821,social-graph-service,1
1650497821,social-graph-service,1
1650497821,social-graph-service,1
1650497821,social-graph-service,1
1650497821,social-graph-service,1
1650497821,social-graph-service,1
1650497822,social-graph-service,1
1650497822,social-graph-service,1
1650497822,social-graph-service,1
1650497822,social-graph-service,1
1650497822,social-graph-service,1
1650497822,social-graph-service,1
1650497822,social-graph-service,1
1650497822,social-graph-service,1
1650497822,social-graph-service,1
1650497823,social-graph-service,1
1650497823,social-graph-service,1
1650497823,social-graph-service,1
1650497824,social-graph-service,1
1650497824,social-graph-service,1
1650497824,social-graph-service,1
1650497825,social-graph-service,1
1650497825,social-graph-service,1
1650497825,social-graph-service,1
1650497825,social-graph-service,1
1650497825,social-graph-service,1
1650497825,social-graph-service,1
1650497825,social-graph-service,1
1650497825,social-graph-service,1
1650497825,social-graph-service,1
1650497826,social-graph-service,1
1650497826,social-graph-service,1
1650497826,social-graph-service,1
1650497826,social-graph-service,1
1650497826,social-graph-service,1
1650497827,social-graph-service,1
1650497827,social-graph-service,1
1650497827,social-graph-service,1
1650497827,social-graph-service,1
1650497828,social-graph-service,1
1650497828,social-graph-service,1
1650497828,social-graph-service,1
1650497829,social-graph-service,1
1650497829,social-graph-service,1
1650497829,social-graph-service,1
1650497829,social-graph-service,1
1650497829,social-graph-service,1
1650497829,social-graph-service,1
1650497830,social-graph-service,1
1650497830,social-graph-service,1
1650497830,social-graph-service,1
1650497830,social-graph-service,1
1650497830,social-graph-service,1
1650497830,social-graph-service,1
1650497831,social-graph-service,1
1650497831,social-graph-service,1
1650497831,social-graph-service,1
1650497831,social-graph-service,1
1650497831,social-graph-service,1
1650497831,social-graph-service,1
1650497831,social-graph-service,1
1650497831,social-graph-service,1
1650497831,social-graph-service,1
1650497832,social-graph-service,1
1650497832,social-graph-service,1
1650497832,social-graph-service,1
1650497833,social-graph-service,1
1650497833,social-graph-service,1
1650497833,social-graph-service,1
1650497833,social-graph-service,1
1650497833,social-graph-service,1
1650497833,social-graph-service,1
1650497834,social-graph-service,1
1650497834,social-graph-service,1
1650497834,social-graph-service,1
1650497834,social-graph-service,1
1650497834,social-graph-service,1
1650497834,social-graph-service,1
1650497835,social-graph-service,1
1650497835,social-graph-service,1
1650497835,social-graph-service,1
1650497836,social-graph-service,1
1650497836,social-graph-service,1
1650497836,social-graph-service,1
1650497836,social-graph-service,1
1650497836,social-graph-service,1
1650497836,social-graph-service,1
1650497836,social-graph-service,1
1650497836,social-graph-service,1
1650497836,social-graph-service,1
1650497837,social-graph-service,1
1650497837,social-graph-service,1
1650497837,social-graph-service,1
1650497838,social-graph-service,1
1650497838,social-graph-service,1
1650497838,social-graph-service,1
1650497839,social-graph-service,1
1650497839,social-graph-service,1
1650497839,social-graph-service,1
1650497839,social-graph-service,1
1650497839,social-graph-service,1
1650497839,social-graph-service,1
1650497840,social-graph-service,1
1650497840,social-graph-service,1
1650497840,social-graph-service,1
1650497840,social-graph-service,1
1650497840,social-graph-service,1
1650497840,social-graph-service,1
1650497841,social-graph-service,1
1650497841,social-graph-service,1
1650497841,social-graph-service,1
1650497841,social-graph-service,1
1650497841,social-graph-service,1
1650497841,social-graph-service,1
1650497842,social-graph-service,1
1650497842,social-graph-service,1
1650497842,social-graph-service,1
1650497842,social-graph-service,1
1650497842,social-graph-service,1
1650497842,social-graph-service,1
1650497843,social-graph-service,1
1650497843,social-graph-service,1
1650497843,social-graph-service,1
1650497843,social-graph-service,1
1650497843,social-graph-service,1
1650497843,social-graph-service,1
1650497844,social-graph-service,1
1650497844,social-graph-service,1
1650497844,social-graph-service,1
1650497845,social-graph-service,1
1650497845,social-graph-service,1
1650497845,social-graph-service,1
1650497845,social-graph-service,1
1650497845,social-graph-service,1
1650497845,social-graph-service,1
1650497845,social-graph-service,1
1650497845,social-graph-service,1
1650497845,social-graph-service,1
1650497846,social-graph-service,1
1650497846,social-graph-service,1
1650497846,social-graph-service,1
1650497847,social-graph-service,1
1650497847,social-graph-service,1
1650497847,social-graph-service,1
1650497848,social-graph-service,1
1650497848,social-graph-service,1
1650497848,social-graph-service,1
1650497848,social-graph-service,1
1650497848,social-graph-service,1
1650497848,social-graph-service,1
1650497849,social-graph-service,1
1650497849,social-graph-service,1
1650497849,social-graph-service,1
1650497849,social-graph-service,1
1650497849,social-graph-service,1
1650497849,social-graph-service,1
1650497850,social-graph-service,1
1650497850,social-graph-service,1
1650497850,social-graph-service,1
1650497850,social-graph-service,1
1650497850,social-graph-service,1
1650497850,social-graph-service,1
1650497851,social-graph-service,1
1650497851,social-graph-service,1
1650497851,social-graph-service,1
1650497851,social-graph-service,1
1650497851,social-graph-service,1
1650497852,social-graph-service,1
1650497852,social-graph-service,1
1650497852,social-graph-service,1
1650497852,social-graph-service,1
1650497853,social-graph-service,1
1650497853,social-graph-service,1
1650497853,social-graph-service,1
1650497854,social-graph-service,1
1650497854,social-graph-service,1
1650497854,social-graph-service,1
1650497855,social-graph-service,1
1650497855,social-graph-service,1
1650497855,social-graph-service,1
1650497855,social-graph-service,1
1650497855,social-graph-service,1
1650497855,social-graph-service,1
1650497856,social-graph-service,1
1650497856,social-graph-service,1
1650497856,social-graph-service,1
1650497856,social-graph-service,1
1650497856,social-graph-service,1
1650497856,social-graph-service,1
1650497857,social-graph-service,1
1650497857,social-graph-service,1
1650497857,social-graph-service,1
1650497858,social-graph-service,1
1650497858,social-graph-service,1
1650497858,social-graph-service,1
1650497859,social-graph-service,1
1650497859,social-graph-service,1
1650497859,social-graph-service,1
1650497859,social-graph-service,1
1650497859,social-graph-service,1
1650497859,social-graph-service,1
1650497859,social-graph-service,1
1650497859,social-graph-service,1
1650497859,social-graph-service,1
1650497860,social-graph-service,1
1650497860,social-graph-service,1
1650497860,social-graph-service,1
1650497860,social-graph-service,1
1650497860,social-graph-service,1
1650497860,social-graph-service,1
1650497861,social-graph-service,1
1650497861,social-graph-service,1
1650497861,social-graph-service,1
1650497861,social-graph-service,1
1650497861,social-graph-service,1
1650497861,social-graph-service,1
1650497862,social-graph-service,1
1650497862,social-graph-service,1
1650497862,social-graph-service,1
1650497862,social-graph-service,1
1650497862,social-graph-service,1
1650497862,social-graph-service,1
1650497863,social-graph-service,1
1650497863,social-graph-service,1
1650497863,social-graph-service,1
1650497864,social-graph-service,1
1650497864,social-graph-service,1
1650497864,social-graph-service,1
1650497864,social-graph-service,1
1650497864,social-graph-service,1
1650497864,social-graph-service,1
1650497865,social-graph-service,1
1650497865,social-graph-service,1
1650497865,social-graph-service,1
1650497866,social-graph-service,1
1650497866,social-graph-service,1
1650497866,social-graph-service,1
1650497866,social-graph-service,1
1650497866,social-graph-service,1
1650497866,social-graph-service,1
1650497867,social-graph-service,1
1650497867,social-graph-service,1
1650497867,social-graph-service,1
1650497867,social-graph-service,1
1650497867,social-graph-service,1
1650497867,social-graph-service,1
1650497868,social-graph-service,1
1650497868,social-graph-service,1
1650497868,social-graph-service,1
1650497868,social-graph-service,1
1650497868,social-graph-service,1
1650497868,social-graph-service,1
1650497869,social-graph-service,1
1650497869,social-graph-service,1
1650497869,social-graph-service,1
1650497869,social-graph-service,1
1650497869,social-graph-service,1
1650497869,social-graph-service,1
1650497869,social-graph-service,1
1650497869,social-graph-service,1
1650497869,social-graph-service,1
1650497870,social-graph-service,1
1650497870,social-graph-service,1
1650497870,social-graph-service,1
1650497871,social-graph-service,1
1650497871,social-graph-service,1
1650497871,social-graph-service,1
1650497871,social-graph-service,1
1650497871,social-graph-service,1
1650497871,social-graph-service,1
1650497872,social-graph-service,1
1650497872,social-graph-service,1
1650497872,social-graph-service,1
1650497873,social-graph-service,1
1650497873,social-graph-service,1
1650497873,social-graph-service,1
1650497873,social-graph-service,1
1650497873,social-graph-service,1
1650497873,social-graph-service,1
1650497873,social-graph-service,1
1650497873,social-graph-service,1
1650497873,social-graph-service,1
1650497874,social-graph-service,1
1650497874,social-graph-service,1
1650497874,social-graph-service,1
1650497874,social-graph-service,1
1650497874,social-graph-service,1
1650497874,social-graph-service,1
1650497875,social-graph-service,1
1650497875,social-graph-service,1
1650497875,social-graph-service,1
1650497875,social-graph-service,1
1650497875,social-graph-service,1
1650497875,social-graph-service,1
1650497876,social-graph-service,1
1650497876,social-graph-service,1
1650497876,social-graph-service,1
1650497876,social-graph-service,1
1650497876,social-graph-service,1
1650497876,social-graph-service,1
1650497877,social-graph-service,1
1650497877,social-graph-service,1
1650497877,social-graph-service,1
1650497878,social-graph-service,1
1650497878,social-graph-service,1
1650497878,social-graph-service,1
1650497879,social-graph-service,1
1650497879,social-graph-service,1
1650497879,social-graph-service,1
1650497880,social-graph-service,1
1650497880,social-graph-service,1
1650497880,social-graph-service,1
1650497881,social-graph-service,1
1650497881,social-graph-service,1
1650497881,social-graph-service,1
1650497881,social-graph-service,1
1650497881,social-graph-service,1
1650497881,social-graph-service,1
1650497882,social-graph-service,1
1650497882,social-graph-service,1
1650497882,social-graph-service,1
1650497883,social-graph-service,1
1650497883,social-graph-service,1
1650497883,social-graph-service,1
1650497883,social-graph-service,1
1650497883,social-graph-service,1
1650497883,social-graph-service,1
1650497884,social-graph-service,1
1650497884,social-graph-service,1
1650497884,social-graph-service,1
1650497885,social-graph-service,1
1650497885,social-graph-service,1
1650497885,social-graph-service,1
1650497885,social-graph-service,1
1650497885,social-graph-service,1
1650497885,social-graph-service,1
1650497886,social-graph-service,1
1650497886,social-graph-service,1
1650497886,social-graph-service,1
1650497886,social-graph-service,1
1650497886,social-graph-service,1
1650497886,social-graph-service,1
1650497887,social-graph-service,1
1650497887,social-graph-service,1
1650497887,social-graph-service,1
1650497887,social-graph-service,1
1650497887,social-graph-service,1
1650497887,social-graph-service,1
1650497888,social-graph-service,1
1650497888,social-graph-service,1
1650497888,social-graph-service,1
1650497888,social-graph-service,1
1650497888,social-graph-service,1
1650497888,social-graph-service,1
1650497889,social-graph-service,1
1650497889,social-graph-service,1
1650497889,social-graph-service,1
1650497889,social-graph-service,1
1650497889,social-graph-service,1
1650497889,social-graph-service,1
1650497890,social-graph-service,1
1650497890,social-graph-service,1
1650497890,social-graph-service,1
1650497891,social-graph-service,1
1650497891,social-graph-service,1
1650497891,social-graph-service,1
1650497891,social-graph-service,1
1650497891,social-graph-service,1
1650497891,social-graph-service,1
1650497892,social-graph-service,1
1650497892,social-graph-service,1
1650497892,social-graph-service,1
1650497892,social-graph-service,1
1650497892,social-graph-service,1
1650497893,social-graph-service,1
1650497893,social-graph-service,1
1650497893,social-graph-service,1
1650497893,social-graph-service,1
1650497894,social-graph-service,1
1650497894,social-graph-service,1
1650497894,social-graph-service,1
1650497894,social-graph-service,1
1650497894,social-graph-service,1
1650497894,social-graph-service,1
1650497894,social-graph-service,1
1650497894,social-graph-service,1
1650497894,social-graph-service,1
1650497895,social-graph-service,1
1650497895,social-graph-service,1
1650497895,social-graph-service,1
1650497896,social-graph-service,1
1650497896,social-graph-service,1
1650497896,social-graph-service,1
1650497896,social-graph-service,1
1650497896,social-graph-service,1
1650497896,social-graph-service,1
1650497897,social-graph-service,1
1650497897,social-graph-service,1
1650497897,social-graph-service,1
1650497898,social-graph-service,1
1650497898,social-graph-service,1
1650497898,social-graph-service,1
1650497898,social-graph-service,1
1650497898,social-graph-service,1
1650497898,social-graph-service,1
1650497899,social-graph-service,1
1650497899,social-graph-service,1
1650497899,social-graph-service,1
1650497900,social-graph-service,1
1650497900,social-graph-service,1
1650497900,social-graph-service,1
1650497901,social-graph-service,1
1650497901,social-graph-service,1
1650497901,social-graph-service,1
1650497902,social-graph-service,1
1650497902,social-graph-service,1
1650497902,social-graph-service,1
1650497902,social-graph-service,1
1650497902,social-graph-service,1
1650497902,social-graph-service,1
1650497903,social-graph-service,1
1650497903,social-graph-service,1
1650497903,social-graph-service,1
1650497903,social-graph-service,1
1650497903,social-graph-service,1
1650497903,social-graph-service,1
1650497903,social-graph-service,1
1650497903,social-graph-service,1
1650497903,social-graph-service,1
1650497904,social-graph-service,1
1650497904,social-graph-service,1
1650497904,social-graph-service,1
1650497905,social-graph-service,1
1650497905,social-graph-service,1
1650497905,social-graph-service,1
1650497905,social-graph-service,1
1650497905,social-graph-service,1
1650497905,social-graph-service,1
1650497906,social-graph-service,1
1650497906,social-graph-service,1
1650497906,social-graph-service,1
1650497907,social-graph-service,1
1650497907,social-graph-service,1
1650497907,social-graph-service,1
1650497907,social-graph-service,1
1650497907,social-graph-service,1
1650497907,social-graph-service,1
1650497908,social-graph-service,1
1650497908,social-graph-service,1
1650497908,social-graph-service,1
1650497908,social-graph-service,1
1650497908,social-graph-service,1
1650497908,social-graph-service,1
1650497908,social-graph-service,1
1650497908,social-graph-service,1
1650497908,social-graph-service,1
1650497909,social-graph-service,1
1650497909,social-graph-service,1
1650497909,social-graph-service,1
1650497909,social-graph-service,1
1650497909,social-graph-service,1
1650497909,social-graph-service,1
1650497910,social-graph-service,1
1650497910,social-graph-service,1
1650497910,social-graph-service,1
1650497910,social-graph-service,1
1650497910,social-graph-service,1
1650497910,social-graph-service,1
1650497911,social-graph-service,1
1650497911,social-graph-service,1
1650497911,social-graph-service,1
1650497911,social-graph-service,1
1650497911,social-graph-service,1
1650497911,social-graph-service,1
1650497912,social-graph-service,1
1650497912,social-graph-service,1
1650497912,social-graph-service,1
1650497913,social-graph-service,1
1650497913,social-graph-service,1
1650497913,social-graph-service,1
1650497913,social-graph-service,1
1650497913,social-graph-service,1
1650497913,social-graph-service,1
1650497914,social-graph-service,1
1650497914,social-graph-service,1
1650497914,social-graph-service,1
1650497916,social-graph-service,1
1650497916,social-graph-service,1
1650497916,social-graph-service,1
1650497916,social-graph-service,1
1650497916,social-graph-service,1
1650497916,social-graph-service,1
1650497916,social-graph-service,1
1650497916,social-graph-service,1
1650497916,social-graph-service,1
1650497917,social-graph-service,1
1650497917,social-graph-service,1
1650497917,social-graph-service,1
1650497917,social-graph-service,1
1650497917,social-graph-service,1
1650497917,social-graph-service,1
1650497918,social-graph-service,1
1650497918,social-graph-service,1
1650497918,social-graph-service,1
1650497919,social-graph-service,1
1650497919,social-graph-service,1
1650497919,social-graph-service,1
1650497919,social-graph-service,1
1650497919,social-graph-service,1
1650497919,social-graph-service,1
1650497919,social-graph-service,1
1650497919,social-graph-service,1
1650497919,social-graph-service,1
1650497920,social-graph-service,1
1650497920,social-graph-service,1
1650497920,social-graph-service,1
1650497921,social-graph-service,1
1650497921,social-graph-service,1
1650497921,social-graph-service,1
1650497921,social-graph-service,1
1650497921,social-graph-service,1
1650497921,social-graph-service,1
1650497921,social-graph-service,1
1650497921,social-graph-service,1
1650497921,social-graph-service,1
1650497922,social-graph-service,1
1650497922,social-graph-service,1
1650497922,social-graph-service,1
1650497922,social-graph-service,1
1650497922,social-graph-service,1
1650497922,social-graph-service,1
1650497923,social-graph-service,1
1650497923,social-graph-service,1
1650497923,social-graph-service,1
1650497923,social-graph-service,1
1650497923,social-graph-service,1
1650497923,social-graph-service,1
1650497924,social-graph-service,1
1650497924,social-graph-service,1
1650497924,social-graph-service,1
1650497925,social-graph-service,1
1650497925,social-graph-service,1
1650497925,social-graph-service,1
1650497925,social-graph-service,1
1650497925,social-graph-service,1
1650497925,social-graph-service,1
1650497926,social-graph-service,1
1650497926,social-graph-service,1
1650497926,social-graph-service,1
1650497926,social-graph-service,1
1650497926,social-graph-service,1
1650497926,social-graph-service,1
1650497926,social-graph-service,1
1650497926,social-graph-service,1
1650497926,social-graph-service,1
1650497927,social-graph-service,1
1650497927,social-graph-service,1
1650497927,social-graph-service,1
1650497927,social-graph-service,1
1650497927,social-graph-service,1
1650497927,social-graph-service,1
1650497928,social-graph-service,1
1650497928,social-graph-service,1
1650497928,social-graph-service,1
1650497929,social-graph-service,1
1650497929,social-graph-service,1
1650497929,social-graph-service,1
1650497929,social-graph-service,1
1650497929,social-graph-service,1
1650497929,social-graph-service,1
1650497929,social-graph-service,1
1650497929,social-graph-service,1
1650497929,social-graph-service,1
1650497929,social-graph-service,1
1650497929,social-graph-service,1
1650497929,social-graph-service,1
1650497929,social-graph-service,1
1650497929,social-graph-service,1
1650497929,social-graph-service,1
1650497930,social-graph-service,1
1650497930,social-graph-service,1
1650497930,social-graph-service,1
1650497931,social-graph-service,1
1650497931,social-graph-service,1
1650497931,social-graph-service,1
1650497931,social-graph-service,1
1650497931,social-graph-service,1
1650497931,social-graph-service,1
1650497932,social-graph-service,1
1650497932,social-graph-service,1
1650497932,social-graph-service,1
1650497933,social-graph-service,1
1650497933,social-graph-service,1
1650497933,social-graph-service,1
1650497933,social-graph-service,1
1650497933,social-graph-service,1
1650497933,social-graph-service,1
1650497933,social-graph-service,1
1650497933,social-graph-service,1
1650497933,social-graph-service,1
1650497934,social-graph-service,1
1650497934,social-graph-service,1
1650497934,social-graph-service,1
1650497934,social-graph-service,1
1650497934,social-graph-service,1
1650497934,social-graph-service,1
1650497935,social-graph-service,1
1650497935,social-graph-service,1
1650497935,social-graph-service,1
1650497935,social-graph-service,1
1650497935,social-graph-service,1
1650497935,social-graph-service,1
1650497936,social-graph-service,1
1650497936,social-graph-service,1
1650497936,social-graph-service,1
1650497937,social-graph-service,1
1650497937,social-graph-service,1
1650497937,social-graph-service,1
1650497937,social-graph-service,1
1650497937,social-graph-service,1
1650497937,social-graph-service,1
1650497938,social-graph-service,1
1650497938,social-graph-service,1
1650497938,social-graph-service,1
1650497939,social-graph-service,1
1650497939,social-graph-service,1
1650497939,social-graph-service,1
1650497939,social-graph-service,1
1650497939,social-graph-service,1
1650497939,social-graph-service,1
1650497940,social-graph-service,1
1650497940,social-graph-service,1
1650497940,social-graph-service,1
1650497941,social-graph-service,1
1650497941,social-graph-service,1
1650497941,social-graph-service,1
1650497941,social-graph-service,1
1650497941,social-graph-service,1
1650497941,social-graph-service,1
1650497942,social-graph-service,1
1650497942,social-graph-service,1
1650497942,social-graph-service,1
1650497943,social-graph-service,1
1650497943,social-graph-service,1
1650497943,social-graph-service,1
1650497943,social-graph-service,1
1650497943,social-graph-service,1
1650497943,social-graph-service,1
1650497944,social-graph-service,1
1650497944,social-graph-service,1
1650497944,social-graph-service,1
1650497944,social-graph-service,1
1650497944,social-graph-service,1
1650497944,social-graph-service,1
1650497944,social-graph-service,1
1650497944,social-graph-service,1
1650497944,social-graph-service,1
1650497945,social-graph-service,1
1650497945,social-graph-service,1
1650497945,social-graph-service,1
1650497946,social-graph-service,1
1650497946,social-graph-service,1
1650497946,social-graph-service,1
1650497946,social-graph-service,1
1650497946,social-graph-service,1
1650497946,social-graph-service,1
1650497947,social-graph-service,1
1650497947,social-graph-service,1
1650497947,social-graph-service,1
1650497948,social-graph-service,1
1650497948,social-graph-service,1
1650497948,social-graph-service,1
1650497949,social-graph-service,1
1650497949,social-graph-service,1
1650497949,social-graph-service,1
1650497950,social-graph-service,1
1650497950,social-graph-service,1
1650497950,social-graph-service,1
1650497950,social-graph-service,1
1650497950,social-graph-service,1
1650497950,social-graph-service,1
1650497951,social-graph-service,1
1650497951,social-graph-service,1
1650497951,social-graph-service,1
1650497951,social-graph-service,1
1650497951,social-graph-service,1
1650497951,social-graph-service,1
1650497952,social-graph-service,1
1650497952,social-graph-service,1
1650497952,social-graph-service,1
1650497952,social-graph-service,1
1650497952,social-graph-service,1
1650497952,social-graph-service,1
1650497953,social-graph-service,1
1650497953,social-graph-service,1
1650497953,social-graph-service,1
1650497954,social-graph-service,1
1650497954,social-graph-service,1
1650497954,social-graph-service,1
1650497955,social-graph-service,1
1650497955,social-graph-service,1
1650497955,social-graph-service,1
1650497955,social-graph-service,1
1650497955,social-graph-service,1
1650497955,social-graph-service,1
1650497956,social-graph-service,1
1650497956,social-graph-service,1
1650497956,social-graph-service,1
1650497956,social-graph-service,1
1650497956,social-graph-service,1
1650497956,social-graph-service,1
1650497957,social-graph-service,1
1650497957,social-graph-service,1
1650497957,social-graph-service,1
1650497957,social-graph-service,1
1650497957,social-graph-service,1
1650497957,social-graph-service,1
1650497957,social-graph-service,1
1650497957,social-graph-service,1
1650497957,social-graph-service,1
1650497958,social-graph-service,1
1650497958,social-graph-service,1
1650497958,social-graph-service,1
1650497958,social-graph-service,1
1650497958,social-graph-service,1
1650497958,social-graph-service,1
1650497959,social-graph-service,1
1650497959,social-graph-service,1
1650497959,social-graph-service,1
1650497959,social-graph-service,1
1650497959,social-graph-service,1
1650497959,social-graph-service,1
1650497960,social-graph-service,1
1650497960,social-graph-service,1
1650497960,social-graph-service,1
1650497961,social-graph-service,1
1650497961,social-graph-service,1
1650497961,social-graph-service,1
1650497961,social-graph-service,1
1650497961,social-graph-service,1
1650497961,social-graph-service,1
1650497961,social-graph-service,1
1650497961,social-graph-service,1
1650497961,social-graph-service,1
1650497962,social-graph-service,1
1650497962,social-graph-service,1
1650497962,social-graph-service,1
1650497962,social-graph-service,1
1650497962,social-graph-service,1
1650497962,social-graph-service,1
1650497963,social-graph-service,1
1650497963,social-graph-service,1
1650497963,social-graph-service,1
1650497964,social-graph-service,1
1650497964,social-graph-service,1
1650497964,social-graph-service,1
1650497964,social-graph-service,1
1650497964,social-graph-service,1
1650497964,social-graph-service,1
1650497965,social-graph-service,1
1650497965,social-graph-service,1
1650497965,social-graph-service,1
1650497966,social-graph-service,1
1650497966,social-graph-service,1
1650497966,social-graph-service,1
1650497966,social-graph-service,1
1650497966,social-graph-service,1
1650497966,social-graph-service,1
1650497966,social-graph-service,1
1650497966,social-graph-service,1
1650497966,social-graph-service,1
1650497966,social-graph-service,1
1650497966,social-graph-service,1
1650497966,social-graph-service,1
1650497966,social-graph-service,1
1650497966,social-graph-service,1
1650497966,social-graph-service,1
1650497967,social-graph-service,1
1650497967,social-graph-service,1
1650497967,social-graph-service,1
1650497967,social-graph-service,1
1650497967,social-graph-service,1
1650497967,social-graph-service,1
1650497967,social-graph-service,1
1650497967,social-graph-service,1
1650497967,social-graph-service,1
1650497968,social-graph-service,1
1650497968,social-graph-service,1
1650497968,social-graph-service,1
1650497968,social-graph-service,1
1650497968,social-graph-service,1
1650497968,social-graph-service,1
1650497969,social-graph-service,1
1650497969,social-graph-service,1
1650497969,social-graph-service,1
1650497969,social-graph-service,1
1650497969,social-graph-service,1
1650497969,social-graph-service,1
1650497970,social-graph-service,1
1650497970,social-graph-service,1
1650497970,social-graph-service,1
1650497970,social-graph-service,1
1650497970,social-graph-service,1
1650497970,social-graph-service,1
1650497971,social-graph-service,1
1650497971,social-graph-service,1
1650497971,social-graph-service,1
1650497972,social-graph-service,1
1650497972,social-graph-service,1
1650497972,social-graph-service,1
1650497973,social-graph-service,1
1650497973,social-graph-service,1
1650497973,social-graph-service,1
1650497973,social-graph-service,1
1650497973,social-graph-service,1
1650497973,social-graph-service,1
1650497973,social-graph-service,1
1650497973,social-graph-service,1
1650497973,social-graph-service,1
1650497974,social-graph-service,1
1650497974,social-graph-service,1
1650497974,social-graph-service,1
1650497974,social-graph-service,1
1650497974,social-graph-service,1
1650497974,social-graph-service,1
1650497975,social-graph-service,1
1650497975,social-graph-service,1
1650497975,social-graph-service,1
1650497975,social-graph-service,1
1650497975,social-graph-service,1
1650497975,social-graph-service,1
1650497975,social-graph-service,1
1650497975,social-graph-service,1
1650497975,social-graph-service,1
1650497976,social-graph-service,1
1650497976,social-graph-service,1
1650497976,social-graph-service,1
1650497977,social-graph-service,1
1650497977,social-graph-service,1
1650497977,social-graph-service,1
1650497978,social-graph-service,1
1650497978,social-graph-service,1
1650497978,social-graph-service,1
1650497979,social-graph-service,1
1650497979,social-graph-service,1
1650497979,social-graph-service,1
1650497979,social-graph-service,1
1650497979,social-graph-service,1
1650497979,social-graph-service,1
1650497980,social-graph-service,1
1650497980,social-graph-service,1
1650497980,social-graph-service,1
1650497980,social-graph-service,1
1650497980,social-graph-service,1
1650497980,social-graph-service,1
1650497981,social-graph-service,1
1650497981,social-graph-service,1
1650497981,social-graph-service,1
1650497982,social-graph-service,1
1650497982,social-graph-service,1
1650497982,social-graph-service,1
1650497983,social-graph-service,1
1650497983,social-graph-service,1
1650497983,social-graph-service,1
1650497983,social-graph-service,1
1650497983,social-graph-service,1
1650497983,social-graph-service,1
1650497983,social-graph-service,1
1650497983,social-graph-service,1
1650497983,social-graph-service,1
1650497984,social-graph-service,1
1650497984,social-graph-service,1
1650497984,social-graph-service,1
1650497984,social-graph-service,1
1650497984,social-graph-service,1
1650497984,social-graph-service,1
1650497985,social-graph-service,1
1650497985,social-graph-service,1
1650497985,social-graph-service,1
1650497985,social-graph-service,1
1650497985,social-graph-service,1
1650497985,social-graph-service,1
1650497986,social-graph-service,1
1650497986,social-graph-service,1
1650497986,social-graph-service,1
1650497987,social-graph-service,1
1650497987,social-graph-service,1
1650497987,social-graph-service,1
1650497987,social-graph-service,1
1650497987,social-graph-service,1
1650497987,social-graph-service,1
1650497988,social-graph-service,1
1650497988,social-graph-service,1
1650497988,social-graph-service,1
1650497988,social-graph-service,1
1650497988,social-graph-service,1
1650497989,social-graph-service,1
1650497989,social-graph-service,1
1650497989,social-graph-service,1
1650497989,social-graph-service,1
1650497990,social-graph-service,1
1650497990,social-graph-service,1
1650497990,social-graph-service,1
1650497990,social-graph-service,1
1650497990,social-graph-service,1
1650497990,social-graph-service,1
1650497991,social-graph-service,1
1650497991,social-graph-service,1
1650497991,social-graph-service,1
1650497991,social-graph-service,1
1650497991,social-graph-service,1
1650497991,social-graph-service,1
1650497991,social-graph-service,1
1650497991,social-graph-service,1
1650497991,social-graph-service,1
1650497992,social-graph-service,1
1650497992,social-graph-service,1
1650497992,social-graph-service,1
1650497992,social-graph-service,1
1650497992,social-graph-service,1
1650497992,social-graph-service,1
1650497993,social-graph-service,1
1650497993,social-graph-service,1
1650497993,social-graph-service,1
1650497993,social-graph-service,1
1650497993,social-graph-service,1
1650497993,social-graph-service,1
1650497994,social-graph-service,1
1650497994,social-graph-service,1
1650497994,social-graph-service,1
1650497995,social-graph-service,1
1650497995,social-graph-service,1
1650497995,social-graph-service,1
1650497996,social-graph-service,1
1650497996,social-graph-service,1
1650497996,social-graph-service,1
1650497997,social-graph-service,1
1650497997,social-graph-service,1
1650497997,social-graph-service,1
1650497997,social-graph-service,1
1650497997,social-graph-service,1
1650497997,social-graph-service,1
1650497997,social-graph-service,1
1650497997,social-graph-service,1
1650497997,social-graph-service,1
1650497998,social-graph-service,1
1650497998,social-graph-service,1
1650497998,social-graph-service,1
1650497998,social-graph-service,1
1650497998,social-graph-service,1
1650497998,social-graph-service,1
1650497999,social-graph-service,1
1650497999,social-graph-service,1
1650497999,social-graph-service,1
1650498000,social-graph-service,1
1650498000,social-graph-service,1
1650498000,social-graph-service,1
1650498000,social-graph-service,1
1650498000,social-graph-service,1
1650498000,social-graph-service,1
1650498001,social-graph-service,1
1650498001,social-graph-service,1
1650498001,social-graph-service,1
1650498001,social-graph-service,1
1650498001,social-graph-service,1
1650498001,social-graph-service,1
1650498002,social-graph-service,1
1650498002,social-graph-service,1
1650498002,social-graph-service,1
1650498003,social-graph-service,1
1650498003,social-graph-service,1
1650498003,social-graph-service,1
1650498004,social-graph-service,1
1650498004,social-graph-service,1
1650498004,social-graph-service,1
1650498005,social-graph-service,1
1650498005,social-graph-service,1
1650498005,social-graph-service,1
1650498005,social-graph-service,1
1650498005,social-graph-service,1
1650498005,social-graph-service,1
1650498006,social-graph-service,1
1650498006,social-graph-service,1
1650498006,social-graph-service,1
1650498006,social-graph-service,1
1650498006,social-graph-service,1
1650498006,social-graph-service,1
1650498006,social-graph-service,1
1650498006,social-graph-service,1
1650498006,social-graph-service,1
1650498007,social-graph-service,1
1650498007,social-graph-service,1
1650498007,social-graph-service,1
1650498007,social-graph-service,1
1650498007,social-graph-service,1
1650498007,social-graph-service,1
1650498007,social-graph-service,1
1650498007,social-graph-service,1
1650498007,social-graph-service,1
1650498008,social-graph-service,1
1650498008,social-graph-service,1
1650498009,social-graph-service,1
1650498009,social-graph-service,1
1650498009,social-graph-service,1
1650498009,social-graph-service,1
1650498009,social-graph-service,1
1650498009,social-graph-service,1
1650498009,social-graph-service,1
1650498010,social-graph-service,1
1650498010,social-graph-service,1
1650498010,social-graph-service,1
1650498010,social-graph-service,1
1650498010,social-graph-service,1
1650498010,social-graph-service,1
1650498011,social-graph-service,1
1650498011,social-graph-service,1
1650498011,social-graph-service,1
1650498011,social-graph-service,1
1650498011,social-graph-service,1
1650498011,social-graph-service,1
1650498012,social-graph-service,1
1650498012,social-graph-service,1
1650498012,social-graph-service,1
1650498012,social-graph-service,1
1650498012,social-graph-service,1
1650498012,social-graph-service,1
1650498013,social-graph-service,1
1650498013,social-graph-service,1
1650498013,social-graph-service,1
1650498014,social-graph-service,1
1650498014,social-graph-service,1
1650498014,social-graph-service,1
1650498014,social-graph-service,1
1650498014,social-graph-service,1
1650498014,social-graph-service,1
1650498015,social-graph-service,1
1650498015,social-graph-service,1
1650498015,social-graph-service,1
1650498015,social-graph-service,1
1650498015,social-graph-service,1
1650498015,social-graph-service,1
1650498016,social-graph-service,1
1650498016,social-graph-service,1
1650498016,social-graph-service,1
1650498017,social-graph-service,1
1650498017,social-graph-service,1
1650498017,social-graph-service,1
1650498018,social-graph-service,1
1650498018,social-graph-service,1
1650498018,social-graph-service,1
1650498018,social-graph-service,1
1650498018,social-graph-service,1
1650498018,social-graph-service,1
1650498019,social-graph-service,1
1650498019,social-graph-service,1
1650498019,social-graph-service,1
1650498020,social-graph-service,1
1650498020,social-graph-service,1
1650498020,social-graph-service,1
1650498020,social-graph-service,1
1650498020,social-graph-service,1
1650498020,social-graph-service,1
1650498020,social-graph-service,1
1650498020,social-graph-service,1
1650498020,social-graph-service,1
1650498021,social-graph-service,1
1650498021,social-graph-service,1
1650498021,social-graph-service,1
1650498021,social-graph-service,1
1650498021,social-graph-service,1
1650498021,social-graph-service,1
1650498021,social-graph-service,1
1650498021,social-graph-service,1
1650498021,social-graph-service,1
1650498022,social-graph-service,1
1650498022,social-graph-service,1
1650498022,social-graph-service,1
1650498022,social-graph-service,1
1650498022,social-graph-service,1
1650498023,social-graph-service,1
1650498023,social-graph-service,1
1650498023,social-graph-service,1
1650498023,social-graph-service,1
1650498023,social-graph-service,1
1650498023,social-graph-service,1
1650498023,social-graph-service,1
1650498023,social-graph-service,1
1650498023,social-graph-service,1
1650498023,social-graph-service,1
1650498024,social-graph-service,1
1650498024,social-graph-service,1
1650498024,social-graph-service,1
1650498025,social-graph-service,1
1650498025,social-graph-service,1
1650498025,social-graph-service,1
1650498026,social-graph-service,1
1650498026,social-graph-service,1
1650498026,social-graph-service,1
1650498026,social-graph-service,1
1650498026,social-graph-service,1
1650498026,social-graph-service,1
1650498027,social-graph-service,1
1650498027,social-graph-service,1
1650498027,social-graph-service,1
1650498027,social-graph-service,1
1650498027,social-graph-service,1
1650498027,social-graph-service,1
1650498028,social-graph-service,1
1650498028,social-graph-service,1
1650498028,social-graph-service,1
1650498029,social-graph-service,1
1650498029,social-graph-service,1
1650498029,social-graph-service,1
1650498029,social-graph-service,1
1650498029,social-graph-service,1
1650498029,social-graph-service,1
1650498029,social-graph-service,1
1650498029,social-graph-service,1
1650498029,social-graph-service,1
1650498030,social-graph-service,1
1650498030,social-graph-service,1
1650498030,social-graph-service,1
1650498031,social-graph-service,1
1650498031,social-graph-service,1
1650498031,social-graph-service,1
1650498032,social-graph-service,1
1650498032,social-graph-service,1
1650498032,social-graph-service,1
1650498032,social-graph-service,1
1650498032,social-graph-service,1
1650498032,social-graph-service,1
1650498032,social-graph-service,1
1650498032,social-graph-service,1
1650498032,social-graph-service,1
1650498033,social-graph-service,1
1650498033,social-graph-service,1
1650498033,social-graph-service,1
1650498033,social-graph-service,1
1650498033,social-graph-service,1
1650498033,social-graph-service,1
1650498033,social-graph-service,1
1650498033,social-graph-service,1
1650498033,social-graph-service,1
1650498034,social-graph-service,1
1650498034,social-graph-service,1
1650498034,social-graph-service,1
1650498034,social-graph-service,1
1650498034,social-graph-service,1
1650498034,social-graph-service,1
1650498035,social-graph-service,1
1650498035,social-graph-service,1
1650498035,social-graph-service,1
1650498035,social-graph-service,1
1650498035,social-graph-service,1
1650498035,social-graph-service,1
1650498036,social-graph-service,1
1650498036,social-graph-service,1
1650498036,social-graph-service,1
1650498037,social-graph-service,1
1650498037,social-graph-service,1
1650498037,social-graph-service,1
1650498037,social-graph-service,1
1650498037,social-graph-service,1
1650498037,social-graph-service,1
1650498038,social-graph-service,1
1650498038,social-graph-service,1
1650498038,social-graph-service,1
1650498038,social-graph-service,1
1650498038,social-graph-service,1
1650498038,social-graph-service,1
1650498039,social-graph-service,1
1650498039,social-graph-service,1
1650498039,social-graph-service,1
1650498040,social-graph-service,1
1650498040,social-graph-service,1
1650498040,social-graph-service,1
1650498040,social-graph-service,1
1650498040,social-graph-service,1
1650498040,social-graph-service,1
1650498040,social-graph-service,1
1650498040,social-graph-service,1
1650498040,social-graph-service,1
1650498040,social-graph-service,1
1650498040,social-graph-service,1
1650498040,social-graph-service,1
1650498041,social-graph-service,1
1650498041,social-graph-service,1
1650498041,social-graph-service,1
1650498041,social-graph-service,1
1650498041,social-graph-service,1
1650498042,social-graph-service,1
1650498042,social-graph-service,1
1650498042,social-graph-service,1
1650498042,social-graph-service,1
1650498042,social-graph-service,1
1650498042,social-graph-service,1
1650498042,social-graph-service,1
1650498042,social-graph-service,1
1650498042,social-graph-service,1
1650498042,social-graph-service,1
1650498043,social-graph-service,1
1650498043,social-graph-service,1
1650498043,social-graph-service,1
1650498044,social-graph-service,1
1650498044,social-graph-service,1
1650498044,social-graph-service,1
1650498045,social-graph-service,1
1650498045,social-graph-service,1
1650498045,social-graph-service,1
1650498046,social-graph-service,1
1650498046,social-graph-service,1
1650498046,social-graph-service,1
1650498046,social-graph-service,1
1650498046,social-graph-service,1
1650498046,social-graph-service,1
1650498047,social-graph-service,1
1650498047,social-graph-service,1
1650498047,social-graph-service,1
1650498048,social-graph-service,1
1650498048,social-graph-service,1
1650498048,social-graph-service,1
1650498048,social-graph-service,1
1650498048,social-graph-service,1
1650498048,social-graph-service,1
1650498049,social-graph-service,1
1650498049,social-graph-service,1
1650498049,social-graph-service,1
1650498049,social-graph-service,1
1650498049,social-graph-service,1
1650498049,social-graph-service,1
1650498050,social-graph-service,1
1650498050,social-graph-service,1
1650498050,social-graph-service,1
1650498050,social-graph-service,1
1650498050,social-graph-service,1
1650498050,social-graph-service,1
1650498050,social-graph-service,1
1650498050,social-graph-service,1
1650498050,social-graph-service,1
1650498050,social-graph-service,1
1650498050,social-graph-service,1
1650498050,social-graph-service,1
1650498051,social-graph-service,1
1650498051,social-graph-service,1
1650498051,social-graph-service,1
1650498052,social-graph-service,1
1650498052,social-graph-service,1
1650498052,social-graph-service,1
1650498052,social-graph-service,1
1650498052,social-graph-service,1
1650498052,social-graph-service,1
1650498053,social-graph-service,1
1650498053,social-graph-service,1
1650498053,social-graph-service,1
1650498053,social-graph-service,1
1650498053,social-graph-service,1
1650498053,social-graph-service,1
1650498053,social-graph-service,1
1650498053,social-graph-service,1
1650498053,social-graph-service,1
1650498054,social-graph-service,1
1650498054,social-graph-service,1
1650498054,social-graph-service,1
1650498054,social-graph-service,1
1650498054,social-graph-service,1
1650498054,social-graph-service,1
1650498055,social-graph-service,1
1650498055,social-graph-service,1
1650498055,social-graph-service,1
1650498055,social-graph-service,1
1650498055,social-graph-service,1
1650498055,social-graph-service,1
1650498055,social-graph-service,1
1650498055,social-graph-service,1
1650498055,social-graph-service,1
1650498056,social-graph-service,1
1650498056,social-graph-service,1
1650498056,social-graph-service,1
1650498057,social-graph-service,1
1650498057,social-graph-service,1
1650498057,social-graph-service,1
1650498057,social-graph-service,1
1650498057,social-graph-service,1
1650498057,social-graph-service,1
1650498058,social-graph-service,1
1650498058,social-graph-service,1
1650498058,social-graph-service,1
1650498058,social-graph-service,1
1650498058,social-graph-service,1
1650498058,social-graph-service,1
1650498059,social-graph-service,1
1650498059,social-graph-service,1
1650498059,social-graph-service,1
1650498059,social-graph-service,1
1650498059,social-graph-service,1
1650498059,social-graph-service,1
1650498059,social-graph-service,1
1650498059,social-graph-service,1
1650498059,social-graph-service,1
1650498060,social-graph-service,1
1650498060,social-graph-service,1
1650498060,social-graph-service,1
1650498060,social-graph-service,1
1650498060,social-graph-service,1
1650498060,social-graph-service,1
1650498061,social-graph-service,1
1650498061,social-graph-service,1
1650498061,social-graph-service,1
1650498061,social-graph-service,1
1650498061,social-graph-service,1
1650498061,social-graph-service,1
1650498062,social-graph-service,1
1650498062,social-graph-service,1
1650498062,social-graph-service,1
1650498062,social-graph-service,1
1650498062,social-graph-service,1
1650498062,social-graph-service,1
1650498063,social-graph-service,1
1650498063,social-graph-service,1
1650498063,social-graph-service,1
1650498064,social-graph-service,1
1650498064,social-graph-service,1
1650498064,social-graph-service,1
1650498064,social-graph-service,1
1650498064,social-graph-service,1
1650498064,social-graph-service,1
1650498065,social-graph-service,1
1650498065,social-graph-service,1
1650498065,social-graph-service,1
1650498065,social-graph-service,1
1650498065,social-graph-service,1
1650498065,social-graph-service,1
1650498066,social-graph-service,1
1650498066,social-graph-service,1
1650498066,social-graph-service,1
1650498067,social-graph-service,1
1650498067,social-graph-service,1
1650498067,social-graph-service,1
1650498068,social-graph-service,1
1650498068,social-graph-service,1
1650498068,social-graph-service,1
1650498069,social-graph-service,1
1650498069,social-graph-service,1
1650498069,social-graph-service,1
1650498069,social-graph-service,1
1650498069,social-graph-service,1
1650498069,social-graph-service,1
1650498070,social-graph-service,1
1650498070,social-graph-service,1
1650498070,social-graph-service,1
1650498070,social-graph-service,1
1650498070,social-graph-service,1
1650498070,social-graph-service,1
1650498071,social-graph-service,1
1650498071,social-graph-service,1
1650498071,social-graph-service,1
1650498072,social-graph-service,1
1650498072,social-graph-service,1
1650498072,social-graph-service,1
1650498073,social-graph-service,1
1650498073,social-graph-service,1
1650498073,social-graph-service,1
1650498074,social-graph-service,1
1650498074,social-graph-service,1
1650498074,social-graph-service,1
1650498074,social-graph-service,1
1650498074,social-graph-service,1
1650498074,social-graph-service,1
1650498075,social-graph-service,1
1650498075,social-graph-service,1
1650498075,social-graph-service,1
1650498075,social-graph-service,1
1650498075,social-graph-service,1
1650498075,social-graph-service,1
1650498076,social-graph-service,1
1650498076,social-graph-service,1
1650498076,social-graph-service,1
1650498077,social-graph-service,1
1650498077,social-graph-service,1
1650498077,social-graph-service,1
1650498077,social-graph-service,1
1650498077,social-graph-service,1
1650498077,social-graph-service,1
1650498078,social-graph-service,1
1650498078,social-graph-service,1
1650498078,social-graph-service,1
1650498078,social-graph-service,1
1650498078,social-graph-service,1
1650498078,social-graph-service,1
1650498079,social-graph-service,1
1650498079,social-graph-service,1
1650498079,social-graph-service,1
1650498079,social-graph-service,1
1650498079,social-graph-service,1
1650498079,social-graph-service,1
1650498080,social-graph-service,1
1650498080,social-graph-service,1
1650498080,social-graph-service,1
1650498080,social-graph-service,1
1650498080,social-graph-service,1
1650498080,social-graph-service,1
1650498081,social-graph-service,1
1650498081,social-graph-service,1
1650498081,social-graph-service,1
1650498081,social-graph-service,1
1650498081,social-graph-service,1
1650498081,social-graph-service,1
1650498082,social-graph-service,1
1650498082,social-graph-service,1
1650498082,social-graph-service,1
1650498083,social-graph-service,1
1650498083,social-graph-service,1
1650498083,social-graph-service,1
1650498083,social-graph-service,1
1650498083,social-graph-service,1
1650498083,social-graph-service,1
1650498084,social-graph-service,1
1650498084,social-graph-service,1
1650498084,social-graph-service,1
1650498085,social-graph-service,1
1650498085,social-graph-service,1
1650498085,social-graph-service,1
1650498085,social-graph-service,1
1650498085,social-graph-service,1
1650498085,social-graph-service,1
1650498086,social-graph-service,1
1650498086,social-graph-service,1
1650498086,social-graph-service,1
1650498086,social-graph-service,1
1650498086,social-graph-service,1
1650498086,social-graph-service,1
1650498087,social-graph-service,1
1650498087,social-graph-service,1
1650498087,social-graph-service,1
1650498088,social-graph-service,1
1650498088,social-graph-service,1
1650498088,social-graph-service,1
1650498088,social-graph-service,1
1650498088,social-graph-service,1
1650498088,social-graph-service,1
1650498089,social-graph-service,1
1650498089,social-graph-service,1
1650498089,social-graph-service,1
1650498090,social-graph-service,1
1650498090,social-graph-service,1
1650498090,social-graph-service,1
1650498090,social-graph-service,1
1650498090,social-graph-service,1
1650498090,social-graph-service,1
1650498090,social-graph-service,1
1650498090,social-graph-service,1
1650498090,social-graph-service,1
1650498091,social-graph-service,1
1650498091,social-graph-service,1
1650498091,social-graph-service,1
1650498092,social-graph-service,1
1650498092,social-graph-service,1
1650498092,social-graph-service,1
1650498092,social-graph-service,1
1650498092,social-graph-service,1
1650498092,social-graph-service,1
1650498092,social-graph-service,1
1650498092,social-graph-service,1
1650498092,social-graph-service,1
1650498092,social-graph-service,1
1650498092,social-graph-service,1
1650498092,social-graph-service,1
1650498093,social-graph-service,1
1650498093,social-graph-service,1
1650498093,social-graph-service,1
1650498093,social-graph-service,1
1650498093,social-graph-service,1
1650498093,social-graph-service,1
1650498093,social-graph-service,1
1650498093,social-graph-service,1
1650498093,social-graph-service,1
1650498094,social-graph-service,1
1650498094,social-graph-service,1
1650498094,social-graph-service,1
1650498094,social-graph-service,1
1650498094,social-graph-service,1
1650498094,social-graph-service,1
1650498095,social-graph-service,1
1650498095,social-graph-service,1
1650498095,social-graph-service,1
1650498095,social-graph-service,1
1650498095,social-graph-service,1
1650498095,social-graph-service,1
1650498096,social-graph-service,1
1650498096,social-graph-service,1
1650498096,social-graph-service,1
1650498097,social-graph-service,1
1650498097,social-graph-service,1
1650498097,social-graph-service,1
1650498097,social-graph-service,1
1650498097,social-graph-service,1
1650498097,social-graph-service,1
1650498098,social-graph-service,1
1650498098,social-graph-service,1
1650498098,social-graph-service,1
1650498098,social-graph-service,1
1650498098,social-graph-service,1
1650498098,social-graph-service,1
1650498099,social-graph-service,1
1650498099,social-graph-service,1
1650498099,social-graph-service,1
1650498100,social-graph-service,1
1650498100,social-graph-service,1
1650498100,social-graph-service,1
1650498101,social-graph-service,1
1650498101,social-graph-service,1
1650498101,social-graph-service,1
1650498101,social-graph-service,1
1650498101,social-graph-service,1
1650498101,social-graph-service,1
1650498101,social-graph-service,1
1650498101,social-graph-service,1
1650498101,social-graph-service,1
1650498102,social-graph-service,1
1650498102,social-graph-service,1
1650498102,social-graph-service,1
1650498103,social-graph-service,1
1650498103,social-graph-service,1
1650498103,social-graph-service,1
1650498103,social-graph-service,1
1650498103,social-graph-service,1
1650498103,social-graph-service,1
1650498104,social-graph-service,1
1650498104,social-graph-service,1
1650498104,social-graph-service,1
1650498104,social-graph-service,1
1650498104,social-graph-service,1
1650498104,social-graph-service,1
1650498105,social-graph-service,1
1650498105,social-graph-service,1
1650498105,social-graph-service,1
1650498105,social-graph-service,1
1650498105,social-graph-service,1
1650498105,social-graph-service,1
1650498106,social-graph-service,1
1650498106,social-graph-service,1
1650498106,social-graph-service,1
1650498107,social-graph-service,1
1650498107,social-graph-service,1
1650498107,social-graph-service,1
1650498108,social-graph-service,1
1650498108,social-graph-service,1
1650498108,social-graph-service,1
1650498108,social-graph-service,1
1650498108,social-graph-service,1
1650498108,social-graph-service,1
1650498108,social-graph-service,1
1650498108,social-graph-service,1
1650498108,social-graph-service,1
1650498108,social-graph-service,1
1650498108,social-graph-service,1
1650498108,social-graph-service,1
1650498109,social-graph-service,1
1650498109,social-graph-service,1
1650498109,social-graph-service,1
1650498109,social-graph-service,1
1650498109,social-graph-service,1
1650498109,social-graph-service,1
1650498110,social-graph-service,1
1650498110,social-graph-service,1
1650498110,social-graph-service,1
1650498110,social-graph-service,1
1650498110,social-graph-service,1
1650498110,social-graph-service,1
1650498111,social-graph-service,1
1650498111,social-graph-service,1
1650498111,social-graph-service,1
1650498112,social-graph-service,1
1650498112,social-graph-service,1
1650498112,social-graph-service,1
1650498112,social-graph-service,1
1650498112,social-graph-service,1
1650498112,social-graph-service,1
1650498113,social-graph-service,1
1650498113,social-graph-service,1
1650498113,social-graph-service,1
1650498113,social-graph-service,1
1650498113,social-graph-service,1
1650498113,social-graph-service,1
1650498114,social-graph-service,1
1650498114,social-graph-service,1
1650498114,social-graph-service,1
1650498115,social-graph-service,1
1650498115,social-graph-service,1
1650498115,social-graph-service,1
1650498115,social-graph-service,1
1650498115,social-graph-service,1
1650498115,social-graph-service,1
1650498116,social-graph-service,1
1650498116,social-graph-service,1
1650498116,social-graph-service,1
1650498117,social-graph-service,1
1650498117,social-graph-service,1
1650498117,social-graph-service,1
1650498118,social-graph-service,1
1650498118,social-graph-service,1
1650498118,social-graph-service,1
1650498118,social-graph-service,1
1650498118,social-graph-service,1
1650498118,social-graph-service,1
1650498118,social-graph-service,1
1650498118,social-graph-service,1
1650498118,social-graph-service,1
1650498118,social-graph-service,1
1650498118,social-graph-service,1
1650498118,social-graph-service,1
1650498119,social-graph-service,1
1650498119,social-graph-service,1
1650498119,social-graph-service,1
1650498120,social-graph-service,1
1650498120,social-graph-service,1
1650498120,social-graph-service,1
1650498120,social-graph-service,1
1650498120,social-graph-service,1
1650498121,social-graph-service,1
1650498121,social-graph-service,1
1650498121,social-graph-service,1
1650498121,social-graph-service,1
1650498121,social-graph-service,1
1650498121,social-graph-service,1
1650498121,social-graph-service,1
1650498122,social-graph-service,1
1650498122,social-graph-service,1
1650498122,social-graph-service,1
1650498122,social-graph-service,1
1650498122,social-graph-service,1
1650498122,social-graph-service,1
1650498123,social-graph-service,1
1650498123,social-graph-service,1
1650498123,social-graph-service,1
1650498123,social-graph-service,1
1650498123,social-graph-service,1
1650498123,social-graph-service,1
1650498124,social-graph-service,1
1650498124,social-graph-service,1
1650498124,social-graph-service,1
1650498124,social-graph-service,1
1650498124,social-graph-service,1
1650498124,social-graph-service,1
1650498124,social-graph-service,1
1650498124,social-graph-service,1
1650498124,social-graph-service,1
1650498124,social-graph-service,1
1650498124,social-graph-service,1
1650498124,social-graph-service,1
1650498125,social-graph-service,1
1650498125,social-graph-service,1
1650498125,social-graph-service,1
1650498126,social-graph-service,1
1650498126,social-graph-service,1
1650498126,social-graph-service,1
1650498126,social-graph-service,1
1650498126,social-graph-service,1
1650498126,social-graph-service,1
1650498127,social-graph-service,1
1650498127,social-graph-service,1
1650498127,social-graph-service,1
1650498128,social-graph-service,1
1650498128,social-graph-service,1
1650498128,social-graph-service,1
1650498128,social-graph-service,1
1650498128,social-graph-service,1
1650498128,social-graph-service,1
1650498129,social-graph-service,1
1650498129,social-graph-service,1
1650498129,social-graph-service,1
1650498130,social-graph-service,1
1650498130,social-graph-service,1
1650498130,social-graph-service,1
1650498130,social-graph-service,1
1650498130,social-graph-service,1
1650498130,social-graph-service,1
1650498130,social-graph-service,1
1650498130,social-graph-service,1
1650498130,social-graph-service,1
1650498131,social-graph-service,1
1650498131,social-graph-service,1
1650498131,social-graph-service,1
1650498131,social-graph-service,1
1650498131,social-graph-service,1
1650498131,social-graph-service,1
1650498132,social-graph-service,1
1650498132,social-graph-service,1
1650498132,social-graph-service,1
1650498132,social-graph-service,1
1650498132,social-graph-service,1
1650498132,social-graph-service,1
1650498133,social-graph-service,1
1650498133,social-graph-service,1
1650498133,social-graph-service,1
1650498134,social-graph-service,1
1650498134,social-graph-service,1
1650498134,social-graph-service,1
1650498134,social-graph-service,1
1650498134,social-graph-service,1
1650498134,social-graph-service,1
1650498135,social-graph-service,1
1650498135,social-graph-service,1
1650498135,social-graph-service,1
1650498135,social-graph-service,1
1650498135,social-graph-service,1
1650498135,social-graph-service,1
1650498135,social-graph-service,1
1650498135,social-graph-service,1
1650498135,social-graph-service,1
1650498136,social-graph-service,1
1650498136,social-graph-service,1
1650498136,social-graph-service,1
1650498136,social-graph-service,1
1650498136,social-graph-service,1
1650498136,social-graph-service,1
1650498137,social-graph-service,1
1650498137,social-graph-service,1
1650498137,social-graph-service,1
1650498137,social-graph-service,1
1650498137,social-graph-service,1
1650498138,social-graph-service,1
1650498138,social-graph-service,1
1650498138,social-graph-service,1
1650498138,social-graph-service,1
1650498138,social-graph-service,1
1650498138,social-graph-service,1
1650498138,social-graph-service,1
1650498139,social-graph-service,1
1650498139,social-graph-service,1
1650498139,social-graph-service,1
1650498140,social-graph-service,1
1650498140,social-graph-service,1
1650498140,social-graph-service,1
1650498140,social-graph-service,1
1650498140,social-graph-service,1
1650498140,social-graph-service,1
1650498141,social-graph-service,1
1650498141,social-graph-service,1
1650498141,social-graph-service,1
1650498141,social-graph-service,1
1650498142,social-graph-service,1
1650498142,social-graph-service,1
1650498142,social-graph-service,1
1650498142,social-graph-service,1
1650498142,social-graph-service,1
1650498143,social-graph-service,1
1650498143,social-graph-service,1
1650498143,social-graph-service,1
1650498144,social-graph-service,1
1650498144,social-graph-service,1
1650498144,social-graph-service,1
1650498144,social-graph-service,1
1650498144,social-graph-service,1
1650498144,social-graph-service,1
1650498145,social-graph-service,1
1650498145,social-graph-service,1
1650498145,social-graph-service,1
1650498146,social-graph-service,1
1650498146,social-graph-service,1
1650498146,social-graph-service,1
1650498146,social-graph-service,1
1650498146,social-graph-service,1
1650498146,social-graph-service,1
1650498147,social-graph-service,1
1650498147,social-graph-service,1
1650498147,social-graph-service,1
1650498147,social-graph-service,1
1650498147,social-graph-service,1
1650498147,social-graph-service,1
1650498148,social-graph-service,1
1650498148,social-graph-service,1
1650498148,social-graph-service,1
1650498148,social-graph-service,1
1650498148,social-graph-service,1
1650498148,social-graph-service,1
1650498148,social-graph-service,1
1650498148,social-graph-service,1
1650498148,social-graph-service,1
1650498149,social-graph-service,1
1650498149,social-graph-service,1
1650498149,social-graph-service,1
1650498150,social-graph-service,1
1650498150,social-graph-service,1
1650498150,social-graph-service,1
1650498150,social-graph-service,1
1650498150,social-graph-service,1
1650498150,social-graph-service,1
1650498151,social-graph-service,1
1650498151,social-graph-service,1
1650498151,social-graph-service,1
1650498151,social-graph-service,1
1650498151,social-graph-service,1
1650498151,social-graph-service,1
1650498152,social-graph-service,1
1650498152,social-graph-service,1
1650498152,social-graph-service,1
1650498152,social-graph-service,1
1650498152,social-graph-service,1
1650498152,social-graph-service,1
1650498153,social-graph-service,1
1650498153,social-graph-service,1
1650498153,social-graph-service,1
1650498153,social-graph-service,1
1650498153,social-graph-service,1
1650498153,social-graph-service,1
1650498154,social-graph-service,1
1650498154,social-graph-service,1
1650498154,social-graph-service,1
1650498154,social-graph-service,1
1650498154,social-graph-service,1
1650498154,social-graph-service,1
1650498155,social-graph-service,1
1650498155,social-graph-service,1
1650498155,social-graph-service,1
1650498156,social-graph-service,1
1650498156,social-graph-service,1
1650498156,social-graph-service,1
1650498156,social-graph-service,1
1650498156,social-graph-service,1
1650498156,social-graph-service,1
1650498157,social-graph-service,1
1650498157,social-graph-service,1
1650498157,social-graph-service,1
1650498158,social-graph-service,1
1650498158,social-graph-service,1
1650498158,social-graph-service,1
1650498159,social-graph-service,1
1650498159,social-graph-service,1
1650498159,social-graph-service,1
1650498159,social-graph-service,1
1650498159,social-graph-service,1
1650498159,social-graph-service,1
1650498160,social-graph-service,1
1650498160,social-graph-service,1
1650498160,social-graph-service,1
1650498160,social-graph-service,1
1650498160,social-graph-service,1
1650498160,social-graph-service,1
1650498160,social-graph-service,1
1650498160,social-graph-service,1
1650498160,social-graph-service,1
1650498161,social-graph-service,1
1650498161,social-graph-service,1
1650498161,social-graph-service,1
1650498161,social-graph-service,1
1650498161,social-graph-service,1
1650498161,social-graph-service,1
1650498161,social-graph-service,1
1650498161,social-graph-service,1
1650498161,social-graph-service,1
1650498162,social-graph-service,1
1650498162,social-graph-service,1
1650498162,social-graph-service,1
1650498162,social-graph-service,1
1650498162,social-graph-service,1
1650498162,social-graph-service,1
1650498162,social-graph-service,1
1650498162,social-graph-service,1
1650498162,social-graph-service,1
1650498162,social-graph-service,1
1650498162,social-graph-service,1
1650498162,social-graph-service,1
1650498162,social-graph-service,1
1650498162,social-graph-service,1
1650498162,social-graph-service,1
1650498163,social-graph-service,1
1650498163,social-graph-service,1
1650498163,social-graph-service,1
1650498163,social-graph-service,1
1650498164,social-graph-service,1
1650498164,social-graph-service,1
1650498164,social-graph-service,1
1650498164,social-graph-service,1
1650498164,social-graph-service,1
1650498165,social-graph-service,1
1650498165,social-graph-service,1
1650498165,social-graph-service,1
1650498165,social-graph-service,1
1650498165,social-graph-service,1
1650498166,social-graph-service,1
1650498166,social-graph-service,1
1650498166,social-graph-service,1
1650498166,social-graph-service,1
1650498166,social-graph-service,1
1650498166,social-graph-service,1
1650498166,social-graph-service,1
1650498167,social-graph-service,1
1650498167,social-graph-service,1
1650498167,social-graph-service,1
1650498168,social-graph-service,1
1650498168,social-graph-service,1
1650498168,social-graph-service,1
1650498168,social-graph-service,1
1650498168,social-graph-service,1
1650498168,social-graph-service,1
1650498169,social-graph-service,1
1650498169,social-graph-service,1
1650498169,social-graph-service,1
1650498170,social-graph-service,1
1650498170,social-graph-service,1
1650498170,social-graph-service,1
1650498171,social-graph-service,1
1650498171,social-graph-service,1
1650498171,social-graph-service,1
1650498172,social-graph-service,1
1650498172,social-graph-service,1
1650498172,social-graph-service,1
1650498172,social-graph-service,1
1650498172,social-graph-service,1
1650498172,social-graph-service,1
1650498173,social-graph-service,1
1650498173,social-graph-service,1
1650498173,social-graph-service,1
1650498174,social-graph-service,1
1650498174,social-graph-service,1
1650498174,social-graph-service,1
1650498174,social-graph-service,1
1650498174,social-graph-service,1
1650498174,social-graph-service,1
1650498175,social-graph-service,1
1650498175,social-graph-service,1
1650498175,social-graph-service,1
1650498175,social-graph-service,1
1650498175,social-graph-service,1
1650498175,social-graph-service,1
1650498176,social-graph-service,1
1650498176,social-graph-service,1
1650498176,social-graph-service,1
1650498177,social-graph-service,1
1650498177,social-graph-service,1
1650498177,social-graph-service,1
1650498178,social-graph-service,1
1650498178,social-graph-service,1
1650498178,social-graph-service,1
1650498179,social-graph-service,1
1650498179,social-graph-service,1
1650498179,social-graph-service,1
1650498179,social-graph-service,1
1650498179,social-graph-service,1
1650498179,social-graph-service,1
1650498179,social-graph-service,1
1650498179,social-graph-service,1
1650498179,social-graph-service,1
1650498179,social-graph-service,1
1650498179,social-graph-service,1
1650498179,social-graph-service,1
1650498180,social-graph-service,1
1650498180,social-graph-service,1
1650498180,social-graph-service,1
1650498181,social-graph-service,1
1650498181,social-graph-service,1
1650498181,social-graph-service,1
1650498181,social-graph-service,1
1650498181,social-graph-service,1
1650498181,social-graph-service,1
1650498181,social-graph-service,1
1650498181,social-graph-service,1
1650498181,social-graph-service,1
1650498182,social-graph-service,1
1650498182,social-graph-service,1
1650498182,social-graph-service,1
1650498182,social-graph-service,1
1650498182,social-graph-service,1
1650498182,social-graph-service,1
1650498183,social-graph-service,1
1650498183,social-graph-service,1
1650498183,social-graph-service,1
1650498184,social-graph-service,1
1650498184,social-graph-service,1
1650498184,social-graph-service,1
1650498184,social-graph-service,1
1650498184,social-graph-service,1
1650498184,social-graph-service,1
1650498185,social-graph-service,1
1650498185,social-graph-service,1
1650498185,social-graph-service,1
1650498186,social-graph-service,1
1650498186,social-graph-service,1
1650498186,social-graph-service,1
1650498186,social-graph-service,1
1650498186,social-graph-service,1
1650498186,social-graph-service,1
1650498187,social-graph-service,1
1650498187,social-graph-service,1
1650498187,social-graph-service,1
1650498187,social-graph-service,1
1650498187,social-graph-service,1
1650498187,social-graph-service,1
1650498187,social-graph-service,1
1650498187,social-graph-service,1
1650498187,social-graph-service,1
1650498187,social-graph-service,1
1650498187,social-graph-service,1
1650498187,social-graph-service,1
1650498188,social-graph-service,1
1650498188,social-graph-service,1
1650498188,social-graph-service,1
1650498189,social-graph-service,1
1650498189,social-graph-service,1
1650498189,social-graph-service,1
1650498189,social-graph-service,1
1650498189,social-graph-service,1
1650498189,social-graph-service,1
1650498190,social-graph-service,1
1650498190,social-graph-service,1
1650498190,social-graph-service,1
1650498191,social-graph-service,1
1650498191,social-graph-service,1
1650498191,social-graph-service,1
1650498191,social-graph-service,1
1650498191,social-graph-service,1
1650498191,social-graph-service,1
1650498192,social-graph-service,1
1650498192,social-graph-service,1
1650498192,social-graph-service,1
1650498192,social-graph-service,1
1650498192,social-graph-service,1
1650498192,social-graph-service,1
1650498193,social-graph-service,1
1650498193,social-graph-service,1
1650498193,social-graph-service,1
1650498193,social-graph-service,1
1650498193,social-graph-service,1
1650498193,social-graph-service,1
1650498194,social-graph-service,1
1650498194,social-graph-service,1
1650498194,social-graph-service,1
1650498195,social-graph-service,1
1650498195,social-graph-service,1
1650498195,social-graph-service,1
1650498195,social-graph-service,1
1650498195,social-graph-service,1
1650498195,social-graph-service,1
1650498196,social-graph-service,1
1650498196,social-graph-service,1
1650498196,social-graph-service,1
1650498196,social-graph-service,1
1650498196,social-graph-service,1
1650498196,social-graph-service,1
1650498197,social-graph-service,1
1650498197,social-graph-service,1
1650498197,social-graph-service,1
1650498197,social-graph-service,1
1650498197,social-graph-service,1
1650498197,social-graph-service,1
1650498198,social-graph-service,1
1650498198,social-graph-service,1
1650498198,social-graph-service,1
1650498199,social-graph-service,1
1650498199,social-graph-service,1
1650498199,social-graph-service,1
1650498199,social-graph-service,1
1650498199,social-graph-service,1
1650498199,social-graph-service,1
1650498200,social-graph-service,1
1650498200,social-graph-service,1
1650498200,social-graph-service,1
1650498201,social-graph-service,1
1650498201,social-graph-service,1
1650498201,social-graph-service,1
1650498201,social-graph-service,1
1650498201,social-graph-service,1
1650498201,social-graph-service,1
1650498202,social-graph-service,1
1650498202,social-graph-service,1
1650498202,social-graph-service,1
1650498203,social-graph-service,1
1650498203,social-graph-service,1
1650498203,social-graph-service,1
1650498203,social-graph-service,1
1650498203,social-graph-service,1
1650498203,social-graph-service,1
1650498203,social-graph-service,1
1650498203,social-graph-service,1
1650498203,social-graph-service,1
1650498203,social-graph-service,1
1650498203,social-graph-service,1
1650498203,social-graph-service,1
1650498204,social-graph-service,1
1650498204,social-graph-service,1
1650498204,social-graph-service,1
1650498205,social-graph-service,1
1650498205,social-graph-service,1
1650498205,social-graph-service,1
1650498206,social-graph-service,1
1650498206,social-graph-service,1
1650498206,social-graph-service,1
1650498206,social-graph-service,1
1650498206,social-graph-service,1
1650498206,social-graph-service,1
1650498207,social-graph-service,1
1650498207,social-graph-service,1
1650498207,social-graph-service,1
1650498207,social-graph-service,1
1650498207,social-graph-service,1
1650498207,social-graph-service,1
1650498208,social-graph-service,1
1650498208,social-graph-service,1
1650498208,social-graph-service,1
1650498209,social-graph-service,1
1650498209,social-graph-service,1
1650498209,social-graph-service,1
1650498210,social-graph-service,1
1650498210,social-graph-service,1
1650498210,social-graph-service,1
1650498210,social-graph-service,1
1650498210,social-graph-service,1
1650498210,social-graph-service,1
1650498210,social-graph-service,1
1650498210,social-graph-service,1
1650498210,social-graph-service,1
1650498211,social-graph-service,1
1650498211,social-graph-service,1
1650498211,social-graph-service,1
1650498211,social-graph-service,1
1650498211,social-graph-service,1
1650498211,social-graph-service,1
1650498211,social-graph-service,1
1650498211,social-graph-service,1
1650498211,social-graph-service,1
1650498212,social-graph-service,1
1650498212,social-graph-service,1
1650498212,social-graph-service,1
1650498212,social-graph-service,1
1650498212,social-graph-service,1
1650498212,social-graph-service,1
1650498213,social-graph-service,1
1650498213,social-graph-service,1
1650498213,social-graph-service,1
1650498214,social-graph-service,1
1650498214,social-graph-service,1
1650498214,social-graph-service,1
1650498214,social-graph-service,1
1650498214,social-graph-service,1
1650498214,social-graph-service,1
1650498215,social-graph-service,1
1650498215,social-graph-service,1
1650498215,social-graph-service,1
1650498216,social-graph-service,1
1650498216,social-graph-service,1
1650498216,social-graph-service,1
1650498216,social-graph-service,1
1650498216,social-graph-service,1
1650498216,social-graph-service,1
1650498217,social-graph-service,1
1650498217,social-graph-service,1
1650498217,social-graph-service,1
1650498217,social-graph-service,1
1650498217,social-graph-service,1
1650498218,social-graph-service,1
1650498218,social-graph-service,1
1650498218,social-graph-service,1
1650498218,social-graph-service,1
1650498219,social-graph-service,1
1650498219,social-graph-service,1
1650498219,social-graph-service,1
1650498220,social-graph-service,1
1650498220,social-graph-service,1
1650498220,social-graph-service,1
1650498221,social-graph-service,1
1650498221,social-graph-service,1
1650498221,social-graph-service,1
1650498222,social-graph-service,1
1650498222,social-graph-service,1
1650498222,social-graph-service,1
1650498222,social-graph-service,1
1650498222,social-graph-service,1
1650498222,social-graph-service,1
1650498222,social-graph-service,1
1650498222,social-graph-service,1
1650498222,social-graph-service,1
1650498222,social-graph-service,1
1650498222,social-graph-service,1
1650498222,social-graph-service,1
1650498223,social-graph-service,1
1650498223,social-graph-service,1
1650498223,social-graph-service,1
1650498224,social-graph-service,1
1650498224,social-graph-service,1
1650498224,social-graph-service,1
1650498224,social-graph-service,1
1650498224,social-graph-service,1
1650498224,social-graph-service,1
1650498224,social-graph-service,1
1650498224,social-graph-service,1
1650498224,social-graph-service,1
1650498225,social-graph-service,1
1650498225,social-graph-service,1
1650498225,social-graph-service,1
1650498225,social-graph-service,1
1650498225,social-graph-service,1
1650498225,social-graph-service,1
1650498225,social-graph-service,1
1650498225,social-graph-service,1
1650498225,social-graph-service,1
1650498226,social-graph-service,1
1650498226,social-graph-service,1
1650498226,social-graph-service,1
1650498227,social-graph-service,1
1650498227,social-graph-service,1
1650498227,social-graph-service,1
1650498227,social-graph-service,1
1650498227,social-graph-service,1
1650498227,social-graph-service,1
1650498228,social-graph-service,1
1650498228,social-graph-service,1
1650498228,social-graph-service,1
1650498229,social-graph-service,1
1650498229,social-graph-service,1
1650498229,social-graph-service,1
1650498230,social-graph-service,1
1650498230,social-graph-service,1
1650498230,social-graph-service,1
1650498231,social-graph-service,1
1650498231,social-graph-service,1
1650498231,social-graph-service,1
1650498231,social-graph-service,1
1650498231,social-graph-service,1
1650498231,social-graph-service,1
1650498232,social-graph-service,1
1650498232,social-graph-service,1
1650498232,social-graph-service,1
1650498233,social-graph-service,1
1650498233,social-graph-service,1
1650498233,social-graph-service,1
1650498233,social-graph-service,1
1650498233,social-graph-service,1
1650498233,social-graph-service,1
1650498234,social-graph-service,1
1650498234,social-graph-service,1
1650498234,social-graph-service,1
1650498234,social-graph-service,1
1650498234,social-graph-service,1
1650498234,social-graph-service,1
1650498235,social-graph-service,1
1650498235,social-graph-service,1
1650498235,social-graph-service,1
1650498236,social-graph-service,1
1650498236,social-graph-service,1
1650498236,social-graph-service,1
1650498237,social-graph-service,1
1650498237,social-graph-service,1
1650498237,social-graph-service,1
1650498237,social-graph-service,1
1650498237,social-graph-service,1
1650498237,social-graph-service,1
1650498238,social-graph-service,1
1650498238,social-graph-service,1
1650498238,social-graph-service,1
1650498239,social-graph-service,1
1650498239,social-graph-service,1
1650498239,social-graph-service,1
1650498239,social-graph-service,1
1650498239,social-graph-service,1
1650498239,social-graph-service,1
1650498239,social-graph-service,1
1650498239,social-graph-service,1
1650498239,social-graph-service,1
1650498239,social-graph-service,1
1650498239,social-graph-service,1
1650498239,social-graph-service,1
1650498239,social-graph-service,1
1650498239,social-graph-service,1
1650498239,social-graph-service,1
1650498240,social-graph-service,1
1650498240,social-graph-service,1
1650498240,social-graph-service,1
1650498241,social-graph-service,1
1650498241,social-graph-service,1
1650498241,social-graph-service,1
1650498241,social-graph-service,1
1650498241,social-graph-service,1
1650498241,social-graph-service,1
1650498241,social-graph-service,1
1650498241,social-graph-service,1
1650498241,social-graph-service,1
1650498242,social-graph-service,1
1650498242,social-graph-service,1
1650498242,social-graph-service,1
1650498242,social-graph-service,1
1650498242,social-graph-service,1
1650498242,social-graph-service,1
1650498243,social-graph-service,1
1650498243,social-graph-service,1
1650498243,social-graph-service,1
1650498243,social-graph-service,1
1650498243,social-graph-service,1
1650498243,social-graph-service,1
1650498244,social-graph-service,1
1650498244,social-graph-service,1
1650498244,social-graph-service,1
1650498244,social-graph-service,1
1650498244,social-graph-service,1
1650498244,social-graph-service,1
1650498244,social-graph-service,1
1650498244,social-graph-service,1
1650498244,social-graph-service,1
1650498245,social-graph-service,1
1650498245,social-graph-service,1
1650498245,social-graph-service,1
1650498245,social-graph-service,1
1650498245,social-graph-service,1
1650498245,social-graph-service,1
1650498246,social-graph-service,1
1650498246,social-graph-service,1
1650498246,social-graph-service,1
1650498247,social-graph-service,1
1650498247,social-graph-service,1
1650498247,social-graph-service,1
1650498248,social-graph-service,1
1650498248,social-graph-service,1
1650498248,social-graph-service,1
1650498248,social-graph-service,1
1650498248,social-graph-service,1
1650498248,social-graph-service,1
1650498249,social-graph-service,1
1650498249,social-graph-service,1
1650498249,social-graph-service,1
1650498249,social-graph-service,1
1650498249,social-graph-service,1
1650498249,social-graph-service,1
1650498250,social-graph-service,1
1650498250,social-graph-service,1
1650498250,social-graph-service,1
1650498250,social-graph-service,1
1650498250,social-graph-service,1
1650498250,social-graph-service,1
1650498250,social-graph-service,1
1650498250,social-graph-service,1
1650498250,social-graph-service,1
1650498251,social-graph-service,1
1650498251,social-graph-service,1
1650498251,social-graph-service,1
1650498252,social-graph-service,1
1650498252,social-graph-service,1
1650498252,social-graph-service,1
1650498252,social-graph-service,1
1650498252,social-graph-service,1
1650498252,social-graph-service,1
1650498253,social-graph-service,1
1650498253,social-graph-service,1
1650498253,social-graph-service,1
1650498254,social-graph-service,1
1650498254,social-graph-service,1
1650498254,social-graph-service,1
1650498254,social-graph-service,1
1650498254,social-graph-service,1
1650498254,social-graph-service,1
1650498255,social-graph-service,1
1650498255,social-graph-service,1
1650498255,social-graph-service,1
1650498255,social-graph-service,1
1650498255,social-graph-service,1
1650498255,social-graph-service,1
1650498255,social-graph-service,1
1650498255,social-graph-service,1
1650498255,social-graph-service,1
1650498256,social-graph-service,1
1650498256,social-graph-service,1
1650498256,social-graph-service,1
1650498257,social-graph-service,1
1650498257,social-graph-service,1
1650498257,social-graph-service,1
1650498257,social-graph-service,1
1650498257,social-graph-service,1
1650498257,social-graph-service,1
1650498257,social-graph-service,1
1650498257,social-graph-service,1
1650498257,social-graph-service,1
1650498258,social-graph-service,1
1650498258,social-graph-service,1
1650498258,social-graph-service,1
1650498259,social-graph-service,1
1650498259,social-graph-service,1
1650498259,social-graph-service,1
1650498259,social-graph-service,1
1650498259,social-graph-service,1
1650498259,social-graph-service,1
1650498260,social-graph-service,1
1650498260,social-graph-service,1
1650498260,social-graph-service,1
1650498260,social-graph-service,1
1650498260,social-graph-service,1
1650498260,social-graph-service,1
1650498260,social-graph-service,1
1650498260,social-graph-service,1
1650498260,social-graph-service,1
1650498261,social-graph-service,1
1650498261,social-graph-service,1
1650498261,social-graph-service,1
1650498262,social-graph-service,1
1650498262,social-graph-service,1
1650498262,social-graph-service,1
1650498262,social-graph-service,1
1650498262,social-graph-service,1
1650498262,social-graph-service,1
1650498262,social-graph-service,1
1650498262,social-graph-service,1
1650498262,social-graph-service,1
1650498263,social-graph-service,1
1650498263,social-graph-service,1
1650498263,social-graph-service,1
1650498263,social-graph-service,1
1650498263,social-graph-service,1
1650498263,social-graph-service,1
1650498264,social-graph-service,1
1650498264,social-graph-service,1
1650498264,social-graph-service,1
1650498264,social-graph-service,1
1650498264,social-graph-service,1
1650498264,social-graph-service,1
1650498265,social-graph-service,1
1650498265,social-graph-service,1
1650498265,social-graph-service,1
1650498266,social-graph-service,1
1650498266,social-graph-service,1
1650498266,social-graph-service,1
1650498266,social-graph-service,1
1650498266,social-graph-service,1
1650498266,social-graph-service,1
1650498267,social-graph-service,1
1650498267,social-graph-service,1
1650498267,social-graph-service,1
1650498267,social-graph-service,1
1650498267,social-graph-service,1
1650498267,social-graph-service,1
1650498268,social-graph-service,1
1650498268,social-graph-service,1
1650498268,social-graph-service,1
1650498268,social-graph-service,1
1650498268,social-graph-service,1
1650498268,social-graph-service,1
1650498269,social-graph-service,1
1650498269,social-graph-service,1
1650498269,social-graph-service,1
1650498269,social-graph-service,1
1650498269,social-graph-service,1
1650498270,social-graph-service,1
1650498270,social-graph-service,1
1650498270,social-graph-service,1
1650498270,social-graph-service,1
1650498270,social-graph-service,1
1650498270,social-graph-service,1
1650498270,social-graph-service,1
1650498271,social-graph-service,1
1650498271,social-graph-service,1
1650498271,social-graph-service,1
1650498271,social-graph-service,1
1650498271,social-graph-service,1
1650498271,social-graph-service,1
1650498272,social-graph-service,1
1650498272,social-graph-service,1
1650498272,social-graph-service,1
1650498272,social-graph-service,1
1650498272,social-graph-service,1
1650498272,social-graph-service,1
1650498273,social-graph-service,1
1650498273,social-graph-service,1
1650498273,social-graph-service,1
1650498273,social-graph-service,1
1650498273,social-graph-service,1
1650498273,social-graph-service,1
1650498273,social-graph-service,1
1650498273,social-graph-service,1
1650498273,social-graph-service,1
1650498274,social-graph-service,1
1650498274,social-graph-service,1
1650498274,social-graph-service,1
1650498274,social-graph-service,1
1650498274,social-graph-service,1
1650498274,social-graph-service,1
1650498275,social-graph-service,1
1650498275,social-graph-service,1
1650498275,social-graph-service,1
1650498275,social-graph-service,1
1650498275,social-graph-service,1
1650498275,social-graph-service,1
1650498276,social-graph-service,1
1650498276,social-graph-service,1
1650498276,social-graph-service,1
1650498277,social-graph-service,1
1650498277,social-graph-service,1
1650498277,social-graph-service,1
1650498278,social-graph-service,1
1650498278,social-graph-service,1
1650498278,social-graph-service,1
1650498278,social-graph-service,1
1650498278,social-graph-service,1
1650498278,social-graph-service,1
1650498279,social-graph-service,1
1650498279,social-graph-service,1
1650498279,social-graph-service,1
1650498280,social-graph-service,1
1650498280,social-graph-service,1
1650498280,social-graph-service,1
1650498280,social-graph-service,1
1650498280,social-graph-service,1
1650498280,social-graph-service,1
1650498281,social-graph-service,1
1650498281,social-graph-service,1
1650498281,social-graph-service,1
1650498281,social-graph-service,1
1650498281,social-graph-service,1
1650498281,social-graph-service,1
1650498282,social-graph-service,1
1650498282,social-graph-service,1
1650498282,social-graph-service,1
1650498283,social-graph-service,1
1650498283,social-graph-service,1
1650498283,social-graph-service,1
1650498284,social-graph-service,1
1650498284,social-graph-service,1
1650498284,social-graph-service,1
1650498284,social-graph-service,1
1650498284,social-graph-service,1
1650498284,social-graph-service,1
1650498285,social-graph-service,1
1650498285,social-graph-service,1
1650498285,social-graph-service,1
1650498285,social-graph-service,1
1650498285,social-graph-service,1
1650498285,social-graph-service,1
1650498286,social-graph-service,1
1650498286,social-graph-service,1
1650498286,social-graph-service,1
1650498286,social-graph-service,1
1650498286,social-graph-service,1
1650498286,social-graph-service,1
1650498287,social-graph-service,1
1650498287,social-graph-service,1
1650498287,social-graph-service,1
1650498288,social-graph-service,1
1650498288,social-graph-service,1
1650498288,social-graph-service,1
1650498288,social-graph-service,1
1650498288,social-graph-service,1
1650498288,social-graph-service,1
1650498289,social-graph-service,1
1650498289,social-graph-service,1
1650498289,social-graph-service,1
1650498290,social-graph-service,1
1650498290,social-graph-service,1
1650498290,social-graph-service,1
1650498290,social-graph-service,1
1650498290,social-graph-service,1
1650498290,social-graph-service,1
1650498291,social-graph-service,1
1650498291,social-graph-service,1
1650498291,social-graph-service,1
1650498292,social-graph-service,1
1650498292,social-graph-service,1
1650498292,social-graph-service,1
1650498292,social-graph-service,1
1650498292,social-graph-service,1
1650498292,social-graph-service,1
1650498293,social-graph-service,1
1650498293,social-graph-service,1
1650498293,social-graph-service,1
1650498293,social-graph-service,1
1650498293,social-graph-service,1
1650498293,social-graph-service,1
1650498294,social-graph-service,1
1650498294,social-graph-service,1
1650498294,social-graph-service,1
1650498295,social-graph-service,1
1650498295,social-graph-service,1
1650498295,social-graph-service,1
1650498296,social-graph-service,1
1650498296,social-graph-service,1
1650498296,social-graph-service,1
1650498296,social-graph-service,1
1650498296,social-graph-service,1
1650498296,social-graph-service,1
1650498297,social-graph-service,1
1650498297,social-graph-service,1
1650498297,social-graph-service,1
1650498298,social-graph-service,1
1650498298,social-graph-service,1
1650498298,social-graph-service,1
1650498298,social-graph-service,1
1650498298,social-graph-service,1
1650498298,social-graph-service,1
1650498299,social-graph-service,1
1650498299,social-graph-service,1
1650498299,social-graph-service,1
1650498300,social-graph-service,1
1650498300,social-graph-service,1
1650498300,social-graph-service,1
1650498301,social-graph-service,1
1650498301,social-graph-service,1
1650498301,social-graph-service,1
1650498302,social-graph-service,1
1650498302,social-graph-service,1
1650498302,social-graph-service,1
1650498302,social-graph-service,1
1650498302,social-graph-service,1
1650498302,social-graph-service,1
1650498303,social-graph-service,1
1650498303,social-graph-service,1
1650498303,social-graph-service,1
1650498303,social-graph-service,1
1650498303,social-graph-service,1
1650498303,social-graph-service,1
1650498304,social-graph-service,1
1650498304,social-graph-service,1
1650498304,social-graph-service,1
1650498304,social-graph-service,1
1650498304,social-graph-service,1
1650498304,social-graph-service,1
1650498305,social-graph-service,1
1650498305,social-graph-service,1
1650498305,social-graph-service,1
1650498306,social-graph-service,1
1650498306,social-graph-service,1
1650498306,social-graph-service,1
1650498306,social-graph-service,1
1650498306,social-graph-service,1
1650498306,social-graph-service,1
1650498306,social-graph-service,1
1650498306,social-graph-service,1
1650498307,social-graph-service,1
1650498307,social-graph-service,1
1650498307,social-graph-service,1
1650498307,social-graph-service,1
1650498308,social-graph-service,1
1650498308,social-graph-service,1
1650498308,social-graph-service,1
1650498309,social-graph-service,1
1650498309,social-graph-service,1
1650498309,social-graph-service,1
1650498309,social-graph-service,1
1650498309,social-graph-service,1
1650498309,social-graph-service,1
1650498309,social-graph-service,1
1650498309,social-graph-service,1
1650498309,social-graph-service,1
1650498310,social-graph-service,1
1650498310,social-graph-service,1
1650498310,social-graph-service,1
1650498310,social-graph-service,1
1650498310,social-graph-service,1
1650498310,social-graph-service,1
1650498311,social-graph-service,1
1650498311,social-graph-service,1
1650498311,social-graph-service,1
1650498312,social-graph-service,1
1650498312,social-graph-service,1
1650498312,social-graph-service,1
1650498312,social-graph-service,1
1650498312,social-graph-service,1
1650498312,social-graph-service,1
1650498313,social-graph-service,1
1650498313,social-graph-service,1
1650498313,social-graph-service,1
1650498314,social-graph-service,1
1650498314,social-graph-service,1
1650498314,social-graph-service,1
1650498314,social-graph-service,1
1650498314,social-graph-service,1
1650498314,social-graph-service,1
1650498315,social-graph-service,1
1650498315,social-graph-service,1
1650498315,social-graph-service,1
1650498316,social-graph-service,1
1650498316,social-graph-service,1
1650498316,social-graph-service,1
1650498316,social-graph-service,1
1650498316,social-graph-service,1
1650498316,social-graph-service,1
1650498317,social-graph-service,1
1650498317,social-graph-service,1
1650498317,social-graph-service,1
1650498317,social-graph-service,1
1650498317,social-graph-service,1
1650498317,social-graph-service,1
1650498317,social-graph-service,1
1650498317,social-graph-service,1
1650498317,social-graph-service,1
1650498318,social-graph-service,1
1650498318,social-graph-service,1
1650498318,social-graph-service,1
1650498319,social-graph-service,1
1650498319,social-graph-service,1
1650498319,social-graph-service,1
1650498319,social-graph-service,1
1650498319,social-graph-service,1
1650498319,social-graph-service,1
1650498320,social-graph-service,1
1650498320,social-graph-service,1
1650498320,social-graph-service,1
1650498321,social-graph-service,1
1650498321,social-graph-service,1
1650498321,social-graph-service,1
1650498321,social-graph-service,1
1650498321,social-graph-service,1
1650498321,social-graph-service,1
1650498322,social-graph-service,1
1650498322,social-graph-service,1
1650498322,social-graph-service,1
1650498323,social-graph-service,1
1650498323,social-graph-service,1
1650498323,social-graph-service,1
1650498324,social-graph-service,1
1650498324,social-graph-service,1
1650498324,social-graph-service,1
1650498324,social-graph-service,1
1650498324,social-graph-service,1
1650498324,social-graph-service,1
1650498325,social-graph-service,1
1650498325,social-graph-service,1
1650498325,social-graph-service,1
1650498326,social-graph-service,1
1650498326,social-graph-service,1
1650498326,social-graph-service,1
1650498326,social-graph-service,1
1650498326,social-graph-service,1
1650498326,social-graph-service,1
1650498326,social-graph-service,1
1650498326,social-graph-service,1
1650498326,social-graph-service,1
1650498327,social-graph-service,1
1650498327,social-graph-service,1
1650498327,social-graph-service,1
1650498327,social-graph-service,1
1650498327,social-graph-service,1
1650498327,social-graph-service,1
1650498328,social-graph-service,1
1650498328,social-graph-service,1
1650498328,social-graph-service,1
1650498329,social-graph-service,1
1650498329,social-graph-service,1
1650498329,social-graph-service,1
1650498330,social-graph-service,1
1650498330,social-graph-service,1
1650498330,social-graph-service,1
1650498331,social-graph-service,1
1650498331,social-graph-service,1
1650498331,social-graph-service,1
1650498331,social-graph-service,1
1650498331,social-graph-service,1
1650498331,social-graph-service,1
1650498332,social-graph-service,1
1650498332,social-graph-service,1
1650498332,social-graph-service,1
1650498333,social-graph-service,1
1650498333,social-graph-service,1
1650498333,social-graph-service,1
1650498333,social-graph-service,1
1650498334,social-graph-service,1
1650498334,social-graph-service,1
1650498334,social-graph-service,1
1650498334,social-graph-service,1
1650498334,social-graph-service,1
1650498334,social-graph-service,1
1650498334,social-graph-service,1
1650498334,social-graph-service,1
1650498335,social-graph-service,1
1650498335,social-graph-service,1
1650498335,social-graph-service,1
1650498335,social-graph-service,1
1650498335,social-graph-service,1
1650498335,social-graph-service,1
1650498336,social-graph-service,1
1650498336,social-graph-service,1
1650498336,social-graph-service,1
1650498336,social-graph-service,1
1650498336,social-graph-service,1
1650498336,social-graph-service,1
1650498336,social-graph-service,1
1650498336,social-graph-service,1
1650498336,social-graph-service,1
1650498337,social-graph-service,1
1650498337,social-graph-service,1
1650498337,social-graph-service,1
1650498338,social-graph-service,1
1650498338,social-graph-service,1
1650498338,social-graph-service,1
1650498338,social-graph-service,1
1650498338,social-graph-service,1
1650498338,social-graph-service,1
1650498339,social-graph-service,1
1650498339,social-graph-service,1
1650498339,social-graph-service,1
1650498340,social-graph-service,1
1650498340,social-graph-service,1
1650498340,social-graph-service,1
1650498341,social-graph-service,1
1650498341,social-graph-service,1
1650498341,social-graph-service,1
1650498341,social-graph-service,1
1650498341,social-graph-service,1
1650498341,social-graph-service,1
1650498342,social-graph-service,1
1650498342,social-graph-service,1
1650498342,social-graph-service,1
1650498342,social-graph-service,1
1650498342,social-graph-service,1
1650498342,social-graph-service,1
1650498342,social-graph-service,1
1650498342,social-graph-service,1
1650498342,social-graph-service,1
1650498343,social-graph-service,1
1650498343,social-graph-service,1
1650498343,social-graph-service,1
1650498343,social-graph-service,1
1650498343,social-graph-service,1
1650498343,social-graph-service,1
1650498344,social-graph-service,1
1650498344,social-graph-service,1
1650498344,social-graph-service,1
1650498344,social-graph-service,1
1650498344,social-graph-service,1
1650498344,social-graph-service,1
1650498345,social-graph-service,1
1650498345,social-graph-service,1
1650498345,social-graph-service,1
1650498346,social-graph-service,1
1650498346,social-graph-service,1
1650498346,social-graph-service,1
1650498346,social-graph-service,1
1650498346,social-graph-service,1
1650498346,social-graph-service,1
1650498346,social-graph-service,1
1650498346,social-graph-service,1
1650498346,social-graph-service,1
1650498347,social-graph-service,1
1650498347,social-graph-service,1
1650498347,social-graph-service,1
1650498347,social-graph-service,1
1650498347,social-graph-service,1
1650498347,social-graph-service,1
1650498348,social-graph-service,1
1650498348,social-graph-service,1
1650498348,social-graph-service,1
1650498349,social-graph-service,1
1650498349,social-graph-service,1
1650498349,social-graph-service,1
1650498350,social-graph-service,1
1650498350,social-graph-service,1
1650498350,social-graph-service,1
1650498350,social-graph-service,1
1650498350,social-graph-service,1
1650498350,social-graph-service,1
1650498350,social-graph-service,1
1650498350,social-graph-service,1
1650498350,social-graph-service,1
1650498350,social-graph-service,1
1650498350,social-graph-service,1
1650498350,social-graph-service,1
1650498351,social-graph-service,1
1650498351,social-graph-service,1
1650498351,social-graph-service,1
1650498351,social-graph-service,1
1650498351,social-graph-service,1
1650498351,social-graph-service,1
1650498351,social-graph-service,1
1650498351,social-graph-service,1
1650498351,social-graph-service,1
1650498352,social-graph-service,1
1650498352,social-graph-service,1
1650498352,social-graph-service,1
1650498352,social-graph-service,1
1650498352,social-graph-service,1
1650498352,social-graph-service,1
1650498353,social-graph-service,1
1650498353,social-graph-service,1
1650498353,social-graph-service,1
1650498353,social-graph-service,1
1650498353,social-graph-service,1
1650498353,social-graph-service,1
1650498354,social-graph-service,1
1650498354,social-graph-service,1
1650498354,social-graph-service,1
1650498354,social-graph-service,1
1650498355,social-graph-service,1
1650498355,social-graph-service,1
1650498355,social-graph-service,1
1650498355,social-graph-service,1
1650498355,social-graph-service,1
1650498355,social-graph-service,1
1650498355,social-graph-service,1
1650498355,social-graph-service,1
1650498356,social-graph-service,1
1650498356,social-graph-service,1
1650498356,social-graph-service,1
1650498357,social-graph-service,1
1650498357,social-graph-service,1
1650498357,social-graph-service,1
1650498358,social-graph-service,1
1650498358,social-graph-service,1
1650498358,social-graph-service,1
1650498359,social-graph-service,1
1650498359,social-graph-service,1
1650498359,social-graph-service,1
1650498359,social-graph-service,1
1650498359,social-graph-service,1
1650498359,social-graph-service,1
1650498360,social-graph-service,1
1650498360,social-graph-service,1
1650498360,social-graph-service,1
1650498361,social-graph-service,1
1650498361,social-graph-service,1
1650498361,social-graph-service,1
1650498361,social-graph-service,1
1650498361,social-graph-service,1
1650498361,social-graph-service,1
1650498362,social-graph-service,1
1650498362,social-graph-service,1
1650498362,social-graph-service,1
1650498363,social-graph-service,1
1650498363,social-graph-service,1
1650498363,social-graph-service,1
1650498363,social-graph-service,1
1650498363,social-graph-service,1
1650498363,social-graph-service,1
1650498363,social-graph-service,1
1650498363,social-graph-service,1
1650498364,social-graph-service,1
1650498364,social-graph-service,1
1650498364,social-graph-service,1
1650498364,social-graph-service,1
1650498365,social-graph-service,1
1650498365,social-graph-service,1
1650498365,social-graph-service,1
1650498366,social-graph-service,1
1650498366,social-graph-service,1
1650498366,social-graph-service,1
1650498367,social-graph-service,1
1650498367,social-graph-service,1
1650498367,social-graph-service,1
1650498367,social-graph-service,1
1650498367,social-graph-service,1
1650498367,social-graph-service,1
1650498367,social-graph-service,1
1650498367,social-graph-service,1
1650498367,social-graph-service,1
1650498368,social-graph-service,1
1650498368,social-graph-service,1
1650498368,social-graph-service,1
1650498369,social-graph-service,1
1650498369,social-graph-service,1
1650498369,social-graph-service,1
1650498369,social-graph-service,1
1650498369,social-graph-service,1
1650498369,social-graph-service,1
1650498369,social-graph-service,1
1650498369,social-graph-service,1
1650498369,social-graph-service,1
1650498370,social-graph-service,1
1650498370,social-graph-service,1
1650498370,social-graph-service,1
1650498370,social-graph-service,1
1650498370,social-graph-service,1
1650498370,social-graph-service,1
1650498371,social-graph-service,1
1650498371,social-graph-service,1
1650498371,social-graph-service,1
1650498371,social-graph-service,1
1650498371,social-graph-service,1
1650498371,social-graph-service,1
1650498372,social-graph-service,1
1650498372,social-graph-service,1
1650498372,social-graph-service,1
1650498373,social-graph-service,1
1650498373,social-graph-service,1
1650498373,social-graph-service,1
1650498374,social-graph-service,1
1650498374,social-graph-service,1
1650498374,social-graph-service,1
1650498375,social-graph-service,1
1650498375,social-graph-service,1
1650498375,social-graph-service,1
1650498375,social-graph-service,1
1650498375,social-graph-service,1
1650498375,social-graph-service,1
1650498376,social-graph-service,1
1650498376,social-graph-service,1
1650498376,social-graph-service,1
1650498376,social-graph-service,1
1650498376,social-graph-service,1
1650498376,social-graph-service,1
1650498377,social-graph-service,1
1650498377,social-graph-service,1
1650498377,social-graph-service,1
1650498378,social-graph-service,1
1650498378,social-graph-service,1
1650498378,social-graph-service,1
1650498378,social-graph-service,1
1650498378,social-graph-service,1
1650498378,social-graph-service,1
1650498378,social-graph-service,1
1650498378,social-graph-service,1
1650498378,social-graph-service,1
1650498379,social-graph-service,1
1650498379,social-graph-service,1
1650498379,social-graph-service,1
1650498379,social-graph-service,1
1650498379,social-graph-service,1
1650498379,social-graph-service,1
1650498379,social-graph-service,1
1650498379,social-graph-service,1
1650498379,social-graph-service,1
1650498379,social-graph-service,1
1650498379,social-graph-service,1
1650498380,social-graph-service,1
1650498380,social-graph-service,1
1650498380,social-graph-service,1
1650498380,social-graph-service,1
1650498380,social-graph-service,1
1650498380,social-graph-service,1
1650498381,social-graph-service,1
1650498381,social-graph-service,1
1650498381,social-graph-service,1
1650498381,social-graph-service,1
1650498382,social-graph-service,1
1650498382,social-graph-service,1
1650498382,social-graph-service,1
1650498382,social-graph-service,1
1650498382,social-graph-service,1
1650498382,social-graph-service,1
1650498382,social-graph-service,1
1650498382,social-graph-service,1
1650498382,social-graph-service,1
1650498383,social-graph-service,1
1650498383,social-graph-service,1
1650498383,social-graph-service,1
1650498383,social-graph-service,1
1650498383,social-graph-service,1
1650498383,social-graph-service,1
1650498384,social-graph-service,1
1650498384,social-graph-service,1
1650498384,social-graph-service,1
1650498384,social-graph-service,1
1650498384,social-graph-service,1
1650498384,social-graph-service,1
1650498385,social-graph-service,1
1650498385,social-graph-service,1
1650498385,social-graph-service,1
1650498385,social-graph-service,1
1650498385,social-graph-service,1
1650498385,social-graph-service,1
1650498386,social-graph-service,1
1650498386,social-graph-service,1
1650498386,social-graph-service,1
1650498387,social-graph-service,1
1650498387,social-graph-service,1
1650498387,social-graph-service,1
1650498387,social-graph-service,1
1650498387,social-graph-service,1
1650498387,social-graph-service,1
1650498388,social-graph-service,1
1650498388,social-graph-service,1
1650498388,social-graph-service,1
1650498389,social-graph-service,1
1650498389,social-graph-service,1
1650498389,social-graph-service,1
1650498390,social-graph-service,1
1650498390,social-graph-service,1
1650498390,social-graph-service,1
1650498391,social-graph-service,1
1650498391,social-graph-service,1
1650498391,social-graph-service,1
1650498392,social-graph-service,1
1650498392,social-graph-service,1
1650498392,social-graph-service,1
1650498393,social-graph-service,1
1650498393,social-graph-service,1
1650498393,social-graph-service,1
1650498393,social-graph-service,1
1650498393,social-graph-service,1
1650498393,social-graph-service,1
1650498394,social-graph-service,1
1650498394,social-graph-service,1
1650498394,social-graph-service,1
1650498395,social-graph-service,1
1650498395,social-graph-service,1
1650498395,social-graph-service,1
1650498396,social-graph-service,1
1650498396,social-graph-service,1
1650498396,social-graph-service,1
1650498396,social-graph-service,1
1650498396,social-graph-service,1
1650498396,social-graph-service,1
1650498396,social-graph-service,1
1650498396,social-graph-service,1
1650498396,social-graph-service,1
1650498397,social-graph-service,1
1650498397,social-graph-service,1
1650498397,social-graph-service,1
1650498397,social-graph-service,1
1650498397,social-graph-service,1
1650498397,social-graph-service,1
1650498397,social-graph-service,1
1650498397,social-graph-service,1
1650498397,social-graph-service,1
1650498398,social-graph-service,1
1650498398,social-graph-service,1
1650498398,social-graph-service,1
1650498399,social-graph-service,1
1650498399,social-graph-service,1
1650498399,social-graph-service,1
1650498400,social-graph-service,1
1650498400,social-graph-service,1
1650498400,social-graph-service,1
1650498400,social-graph-service,1
1650498400,social-graph-service,1
1650498400,social-graph-service,1
1650498401,social-graph-service,1
1650498401,social-graph-service,1
1650498401,social-graph-service,1
1650498401,social-graph-service,1
1650498401,social-graph-service,1
1650498401,social-graph-service,1
1650498402,social-graph-service,1
1650498402,social-graph-service,1
1650498402,social-graph-service,1
1650498403,social-graph-service,1
1650498403,social-graph-service,1
1650498403,social-graph-service,1
1650498404,social-graph-service,1
1650498404,social-graph-service,1
1650498404,social-graph-service,1
1650498404,social-graph-service,1
1650498404,social-graph-service,1
1650498404,social-graph-service,1
1650498405,social-graph-service,1
1650498405,social-graph-service,1
1650498405,social-graph-service,1
1650498405,social-graph-service,1
1650498405,social-graph-service,1
1650498405,social-graph-service,1
1650498406,social-graph-service,1
1650498406,social-graph-service,1
1650498406,social-graph-service,1
1650498406,social-graph-service,1
1650498406,social-graph-service,1
1650498406,social-graph-service,1
1650498407,social-graph-service,1
1650498407,social-graph-service,1
1650498407,social-graph-service,1
1650498408,social-graph-service,1
1650498408,social-graph-service,1
1650498408,social-graph-service,1
1650498409,social-graph-service,1
1650498409,social-graph-service,1
1650498409,social-graph-service,1
1650498409,social-graph-service,1
1650498409,social-graph-service,1
1650498409,social-graph-service,1
1650498410,social-graph-service,1
1650498410,social-graph-service,1
1650498410,social-graph-service,1
1650498410,social-graph-service,1
1650498410,social-graph-service,1
1650498410,social-graph-service,1
1650498410,social-graph-service,1
1650498410,social-graph-service,1
1650498410,social-graph-service,1
1650498411,social-graph-service,1
1650498411,social-graph-service,1
1650498411,social-graph-service,1
1650498412,social-graph-service,1
1650498412,social-graph-service,1
1650498412,social-graph-service,1
1650498413,social-graph-service,1
1650498413,social-graph-service,1
1650498413,social-graph-service,1
1650498414,social-graph-service,1
1650498414,social-graph-service,1
1650498414,social-graph-service,1
1650498414,social-graph-service,1
1650498414,social-graph-service,1
1650498414,social-graph-service,1
1650498415,social-graph-service,1
1650498415,social-graph-service,1
1650498415,social-graph-service,1
1650498415,social-graph-service,1
1650498415,social-graph-service,1
1650498415,social-graph-service,1
1650498416,social-graph-service,1
1650498416,social-graph-service,1
1650498416,social-graph-service,1
1650498417,social-graph-service,1
1650498417,social-graph-service,1
1650498417,social-graph-service,1
1650498418,social-graph-service,1
1650498418,social-graph-service,1
1650498418,social-graph-service,1
1650498418,social-graph-service,1
1650498418,social-graph-service,1
1650498418,social-graph-service,1
1650498419,social-graph-service,1
1650498419,social-graph-service,1
1650498419,social-graph-service,1
1650498419,social-graph-service,1
1650498419,social-graph-service,1
1650498419,social-graph-service,1
1650498419,social-graph-service,1
1650498419,social-graph-service,1
1650498419,social-graph-service,1
1650498420,social-graph-service,1
1650498420,social-graph-service,1
1650498420,social-graph-service,1
1650498420,social-graph-service,1
1650498420,social-graph-service,1
1650498420,social-graph-service,1
1650498421,social-graph-service,1
1650498421,social-graph-service,1
1650498421,social-graph-service,1
1650498422,social-graph-service,1
1650498422,social-graph-service,1
1650498422,social-graph-service,1
1650498422,social-graph-service,1
1650498422,social-graph-service,1
1650498422,social-graph-service,1
1650498423,social-graph-service,1
1650498423,social-graph-service,1
1650498423,social-graph-service,1
1650498423,social-graph-service,1
1650498423,social-graph-service,1
1650498423,social-graph-service,1
1650498423,social-graph-service,1
1650498423,social-graph-service,1
1650498423,social-graph-service,1
1650498424,social-graph-service,1
1650498424,social-graph-service,1
1650498424,social-graph-service,1
1650498424,social-graph-service,1
1650498424,social-graph-service,1
1650498424,social-graph-service,1
1650498425,social-graph-service,1
1650498425,social-graph-service,1
1650498426,social-graph-service,1
1650498426,social-graph-service,1
1650498426,social-graph-service,1
1650498426,social-graph-service,1
1650498426,social-graph-service,1
1650498426,social-graph-service,1
1650498426,social-graph-service,1
1650498427,social-graph-service,1
1650498427,social-graph-service,1
1650498427,social-graph-service,1
1650498428,social-graph-service,1
1650498428,social-graph-service,1
1650498428,social-graph-service,1
1650498428,social-graph-service,1
1650498428,social-graph-service,1
1650498428,social-graph-service,1
1650498429,social-graph-service,1
1650498429,social-graph-service,1
1650498429,social-graph-service,1
1650498429,social-graph-service,1
1650498429,social-graph-service,1
1650498429,social-graph-service,1
1650498430,social-graph-service,1
1650498430,social-graph-service,1
1650498430,social-graph-service,1
1650498430,social-graph-service,1
1650498430,social-graph-service,1
1650498430,social-graph-service,1
1650498431,social-graph-service,1
1650498431,social-graph-service,1
1650498431,social-graph-service,1
1650498431,social-graph-service,1
1650498431,social-graph-service,1
1650498431,social-graph-service,1
1650498431,social-graph-service,1
1650498431,social-graph-service,1
1650498431,social-graph-service,1
1650498432,social-graph-service,1
1650498432,social-graph-service,1
1650498432,social-graph-service,1
1650498433,social-graph-service,1
1650498433,social-graph-service,1
1650498433,social-graph-service,1
1650498433,social-graph-service,1
1650498433,social-graph-service,1
1650498433,social-graph-service,1
1650498433,social-graph-service,1
1650498434,social-graph-service,1
1650498434,social-graph-service,1
1650498434,social-graph-service,1
1650498434,social-graph-service,1
1650498434,social-graph-service,1
1650498434,social-graph-service,1
1650498434,social-graph-service,1
1650498434,social-graph-service,1
1650498435,social-graph-service,1
1650498435,social-graph-service,1
1650498435,social-graph-service,1
1650498436,social-graph-service,1
1650498436,social-graph-service,1
1650498436,social-graph-service,1
1650498436,social-graph-service,1
1650498436,social-graph-service,1
1650498436,social-graph-service,1
1650498437,social-graph-service,1
1650498437,social-graph-service,1
1650498437,social-graph-service,1
1650498438,social-graph-service,1
1650498438,social-graph-service,1
1650498438,social-graph-service,1
1650498439,social-graph-service,1
1650498439,social-graph-service,1
1650498439,social-graph-service,1
1650498439,social-graph-service,1
1650498439,social-graph-service,1
1650498439,social-graph-service,1
1650498439,social-graph-service,1
1650498439,social-graph-service,1
1650498439,social-graph-service,1
1650498440,social-graph-service,1
1650498440,social-graph-service,1
1650498440,social-graph-service,1
1650498440,social-graph-service,1
1650498440,social-graph-service,1
1650498440,social-graph-service,1
1650498441,social-graph-service,1
1650498441,social-graph-service,1
1650498441,social-graph-service,1
1650498441,social-graph-service,1
1650498441,social-graph-service,1
1650498441,social-graph-service,1
1650498442,social-graph-service,1
1650498442,social-graph-service,1
1650498442,social-graph-service,1
1650498443,social-graph-service,1
1650498443,social-graph-service,1
1650498443,social-graph-service,1
1650498444,social-graph-service,1
1650498444,social-graph-service,1
1650498444,social-graph-service,1
1650498444,social-graph-service,1
1650498444,social-graph-service,1
1650498444,social-graph-service,1
1650498445,social-graph-service,1
1650498445,social-graph-service,1
1650498445,social-graph-service,1
1650498446,social-graph-service,1
1650498446,social-graph-service,1
1650498446,social-graph-service,1
1650498446,social-graph-service,1
1650498446,social-graph-service,1
1650498446,social-graph-service,1
1650498447,social-graph-service,1
1650498447,social-graph-service,1
1650498447,social-graph-service,1
1650498447,social-graph-service,1
1650498447,social-graph-service,1
1650498447,social-graph-service,1
1650498448,social-graph-service,1
1650498448,social-graph-service,1
1650498448,social-graph-service,1
1650498449,social-graph-service,1
1650498449,social-graph-service,1
1650498449,social-graph-service,1
1650498450,social-graph-service,1
1650498450,social-graph-service,1
1650498450,social-graph-service,1
1650498450,social-graph-service,1
1650498450,social-graph-service,1
1650498450,social-graph-service,1
1650498451,social-graph-service,1
1650498451,social-graph-service,1
1650498451,social-graph-service,1
1650498451,social-graph-service,1
1650498451,social-graph-service,1
1650498451,social-graph-service,1
1650498451,social-graph-service,1
1650498451,social-graph-service,1
1650498451,social-graph-service,1
1650498452,social-graph-service,1
1650498452,social-graph-service,1
1650498452,social-graph-service,1
1650498452,social-graph-service,1
1650498452,social-graph-service,1
1650498452,social-graph-service,1
1650498452,social-graph-service,1
1650498452,social-graph-service,1
1650498452,social-graph-service,1
1650498452,social-graph-service,1
1650498452,social-graph-service,1
1650498452,social-graph-service,1
1650498453,social-graph-service,1
1650498453,social-graph-service,1
1650498453,social-graph-service,1
1650498453,social-graph-service,1
1650498453,social-graph-service,1
1650498453,social-graph-service,1
1650498454,social-graph-service,1
1650498454,social-graph-service,1
1650498454,social-graph-service,1
1650498455,social-graph-service,1
1650498455,social-graph-service,1
1650498455,social-graph-service,1
1650498455,social-graph-service,1
1650498455,social-graph-service,1
1650498455,social-graph-service,1
1650498456,social-graph-service,1
1650498456,social-graph-service,1
1650498456,social-graph-service,1
1650498456,social-graph-service,1
1650498456,social-graph-service,1
1650498456,social-graph-service,1
1650498457,social-graph-service,1
1650498457,social-graph-service,1
1650498457,social-graph-service,1
1650498457,social-graph-service,1
1650498457,social-graph-service,1
1650498457,social-graph-service,1
1650498457,social-graph-service,1
1650498457,social-graph-service,1
1650498458,social-graph-service,1
1650498458,social-graph-service,1
1650498458,social-graph-service,1
1650498458,social-graph-service,1
1650498458,social-graph-service,1
1650498458,social-graph-service,1
1650498458,social-graph-service,1
1650498458,social-graph-service,1
1650498458,social-graph-service,1
1650498458,social-graph-service,1
1650498458,social-graph-service,1
1650498458,social-graph-service,1
1650498458,social-graph-service,1
1650498459,social-graph-service,1
1650498459,social-graph-service,1
1650498459,social-graph-service,1
1650498459,social-graph-service,1
1650498459,social-graph-service,1
1650498460,social-graph-service,1
1650498460,social-graph-service,1
1650498460,social-graph-service,1
1650498460,social-graph-service,1
1650498461,social-graph-service,1
1650498461,social-graph-service,1
1650498461,social-graph-service,1
1650498461,social-graph-service,1
1650498461,social-graph-service,1
1650498461,social-graph-service,1
1650498462,social-graph-service,1
1650498462,social-graph-service,1
1650498462,social-graph-service,1
1650498463,social-graph-service,1
1650498463,social-graph-service,1
1650498463,social-graph-service,1
1650498463,social-graph-service,1
1650498463,social-graph-service,1
1650498463,social-graph-service,1
1650498464,social-graph-service,1
1650498464,social-graph-service,1
1650498464,social-graph-service,1
1650498464,social-graph-service,1
1650498464,social-graph-service,1
1650498464,social-graph-service,1
1650498465,social-graph-service,1
1650498465,social-graph-service,1
1650498465,social-graph-service,1
1650498465,social-graph-service,1
1650498465,social-graph-service,1
1650498465,social-graph-service,1
1650498466,social-graph-service,1
1650498466,social-graph-service,1
1650498466,social-graph-service,1
1650498467,social-graph-service,1
1650498467,social-graph-service,1
1650498467,social-graph-service,1
1650498467,social-graph-service,1
1650498467,social-graph-service,1
1650498467,social-graph-service,1
1650498468,social-graph-service,1
1650498468,social-graph-service,1
1650498468,social-graph-service,1
1650498469,social-graph-service,1
1650498469,social-graph-service,1
1650498469,social-graph-service,1
1650498470,social-graph-service,1
1650498470,social-graph-service,1
1650498470,social-graph-service,1
1650498470,social-graph-service,1
1650498470,social-graph-service,1
1650498470,social-graph-service,1
1650498470,social-graph-service,1
1650498470,social-graph-service,1
1650498470,social-graph-service,1
1650498471,social-graph-service,1
1650498471,social-graph-service,1
1650498471,social-graph-service,1
1650498472,social-graph-service,1
1650498472,social-graph-service,1
1650498472,social-graph-service,1
1650498472,social-graph-service,1
1650498472,social-graph-service,1
1650498472,social-graph-service,1
1650498473,social-graph-service,1
1650498473,social-graph-service,1
1650498473,social-graph-service,1
1650498473,social-graph-service,1
1650498473,social-graph-service,1
1650498473,social-graph-service,1
1650498474,social-graph-service,1
1650498474,social-graph-service,1
1650498474,social-graph-service,1
1650498474,social-graph-service,1
1650498474,social-graph-service,1
1650498474,social-graph-service,1
1650498474,social-graph-service,1
1650498474,social-graph-service,1
1650498474,social-graph-service,1
1650498474,social-graph-service,1
1650498474,social-graph-service,1
1650498474,social-graph-service,1
1650498475,social-graph-service,1
1650498475,social-graph-service,1
1650498475,social-graph-service,1
1650498476,social-graph-service,1
1650498476,social-graph-service,1
1650498476,social-graph-service,1
1650498476,social-graph-service,1
1650498476,social-graph-service,1
1650498476,social-graph-service,1
1650498477,social-graph-service,1
1650498477,social-graph-service,1
1650498477,social-graph-service,1
1650498477,social-graph-service,1
1650498477,social-graph-service,1
1650498477,social-graph-service,1
1650498478,social-graph-service,1
1650498478,social-graph-service,1
1650498478,social-graph-service,1
1650498479,social-graph-service,1
1650498479,social-graph-service,1
1650498479,social-graph-service,1
1650498479,social-graph-service,1
1650498479,social-graph-service,1
1650498479,social-graph-service,1
1650498479,social-graph-service,1
1650498479,social-graph-service,1
1650498479,social-graph-service,1
1650498480,social-graph-service,1
1650498480,social-graph-service,1
1650498480,social-graph-service,1
1650498480,social-graph-service,1
1650498480,social-graph-service,1
1650498480,social-graph-service,1
1650498480,social-graph-service,1
1650498480,social-graph-service,1
1650498480,social-graph-service,1
1650498481,social-graph-service,1
1650498481,social-graph-service,1
1650498481,social-graph-service,1
1650498481,social-graph-service,1
1650498481,social-graph-service,1
1650498481,social-graph-service,1
1650498482,social-graph-service,1
1650498482,social-graph-service,1
1650498482,social-graph-service,1
1650498483,social-graph-service,1
1650498483,social-graph-service,1
1650498483,social-graph-service,1
1650498483,social-graph-service,1
1650498483,social-graph-service,1
1650498483,social-graph-service,1
1650498484,social-graph-service,1
1650498484,social-graph-service,1
1650498484,social-graph-service,1
1650498484,social-graph-service,1
1650498484,social-graph-service,1
1650498484,social-graph-service,1
1650498485,social-graph-service,1
1650498485,social-graph-service,1
1650498485,social-graph-service,1
1650498485,social-graph-service,1
1650498485,social-graph-service,1
1650498485,social-graph-service,1
1650498485,social-graph-service,1
1650498485,social-graph-service,1
1650498485,social-graph-service,1
1650498485,social-graph-service,1
1650498486,social-graph-service,1
1650498486,social-graph-service,1
1650498486,social-graph-service,1
1650498486,social-graph-service,1
1650498486,social-graph-service,1
1650498487,social-graph-service,1
1650498487,social-graph-service,1
1650498487,social-graph-service,1
1650498487,social-graph-service,1
1650498487,social-graph-service,1
1650498487,social-graph-service,1
1650498488,social-graph-service,1
1650498488,social-graph-service,1
1650498488,social-graph-service,1
1650498488,social-graph-service,1
1650498488,social-graph-service,1
1650498488,social-graph-service,1
1650498489,social-graph-service,1
1650498489,social-graph-service,1
1650498489,social-graph-service,1
1650498490,social-graph-service,1
1650498490,social-graph-service,1
1650498490,social-graph-service,1
1650498490,social-graph-service,1
1650498490,social-graph-service,1
1650498490,social-graph-service,1
1650498491,social-graph-service,1
1650498491,social-graph-service,1
1650498491,social-graph-service,1
1650498492,social-graph-service,1
1650498492,social-graph-service,1
1650498492,social-graph-service,1
1650498493,social-graph-service,1
1650498493,social-graph-service,1
1650498493,social-graph-service,1
1650498494,social-graph-service,1
1650498494,social-graph-service,1
1650498494,social-graph-service,1
1650498495,social-graph-service,1
1650498495,social-graph-service,1
1650498495,social-graph-service,1
1650498495,social-graph-service,1
1650498495,social-graph-service,1
1650498495,social-graph-service,1
1650498496,social-graph-service,1
1650498496,social-graph-service,1
1650498496,social-graph-service,1
1650498496,social-graph-service,1
1650498496,social-graph-service,1
1650498496,social-graph-service,1
1650498497,social-graph-service,1
1650498497,social-graph-service,1
1650498497,social-graph-service,1
1650498498,social-graph-service,1
1650498498,social-graph-service,1
1650498498,social-graph-service,1
1650498499,social-graph-service,1
1650498499,social-graph-service,1
1650498499,social-graph-service,1
1650498500,social-graph-service,1
1650498500,social-graph-service,1
1650498500,social-graph-service,1
1650498501,social-graph-service,1
1650498501,social-graph-service,1
1650498501,social-graph-service,1
1650498501,social-graph-service,1
1650498501,social-graph-service,1
1650498501,social-graph-service,1
1650498501,social-graph-service,1
1650498501,social-graph-service,1
1650498501,social-graph-service,1
1650498502,social-graph-service,1
1650498502,social-graph-service,1
1650498502,social-graph-service,1
1650498503,social-graph-service,1
1650498503,social-graph-service,1
1650498503,social-graph-service,1
1650498504,social-graph-service,1
1650498504,social-graph-service,1
1650498504,social-graph-service,1
1650498505,social-graph-service,1
1650498505,social-graph-service,1
1650498505,social-graph-service,1
1650498505,social-graph-service,1
1650498505,social-graph-service,1
1650498505,social-graph-service,1
1650498505,social-graph-service,1
1650498505,social-graph-service,1
1650498505,social-graph-service,1
1650498506,social-graph-service,1
1650498506,social-graph-service,1
1650498506,social-graph-service,1
1650498506,social-graph-service,1
1650498506,social-graph-service,1
1650498506,social-graph-service,1
1650498506,social-graph-service,1
1650498506,social-graph-service,1
1650498506,social-graph-service,1
1650498507,social-graph-service,1
1650498507,social-graph-service,1
1650498507,social-graph-service,1
1650498508,social-graph-service,1
1650498508,social-graph-service,1
1650498508,social-graph-service,1
1650498509,social-graph-service,1
1650498509,social-graph-service,1
1650498509,social-graph-service,1
1650498510,social-graph-service,1
1650498510,social-graph-service,1
1650498510,social-graph-service,1
1650498510,social-graph-service,1
1650498510,social-graph-service,1
1650498510,social-graph-service,1
1650498511,social-graph-service,1
1650498511,social-graph-service,1
1650498511,social-graph-service,1
1650498511,social-graph-service,1
1650498511,social-graph-service,1
1650498511,social-graph-service,1
1650498512,social-graph-service,1
1650498512,social-graph-service,1
1650498512,social-graph-service,1
1650498513,social-graph-service,1
1650498513,social-graph-service,1
1650498513,social-graph-service,1
1650498514,social-graph-service,1
1650498514,social-graph-service,1
1650498514,social-graph-service,1
1650498515,social-graph-service,1
1650498515,social-graph-service,1
1650498515,social-graph-service,1
1650498516,social-graph-service,1
1650498516,social-graph-service,1
1650498516,social-graph-service,1
1650498516,social-graph-service,1
1650498517,social-graph-service,1
1650498517,social-graph-service,1
1650498517,social-graph-service,1
1650498517,social-graph-service,1
1650498517,social-graph-service,1
1650498518,social-graph-service,1
1650498518,social-graph-service,1
1650498518,social-graph-service,1
1650498519,social-graph-service,1
1650498519,social-graph-service,1
1650498519,social-graph-service,1
1650498519,social-graph-service,1
1650498519,social-graph-service,1
1650498519,social-graph-service,1
1650498519,social-graph-service,1
1650498519,social-graph-service,1
1650498519,social-graph-service,1
1650498519,social-graph-service,1
1650498519,social-graph-service,1
1650498519,social-graph-service,1
1650498520,social-graph-service,1
1650498520,social-graph-service,1
1650498520,social-graph-service,1
1650498520,social-graph-service,1
1650498520,social-graph-service,1
1650498520,social-graph-service,1
1650498521,social-graph-service,1
1650498521,social-graph-service,1
1650498521,social-graph-service,1
1650498521,social-graph-service,1
1650498521,social-graph-service,1
1650498521,social-graph-service,1
1650498522,social-graph-service,1
1650498522,social-graph-service,1
1650498522,social-graph-service,1
1650498523,social-graph-service,1
1650498523,social-graph-service,1
1650498523,social-graph-service,1
1650498523,social-graph-service,1
1650498523,social-graph-service,1
1650498523,social-graph-service,1
1650498524,social-graph-service,1
1650498524,social-graph-service,1
1650498524,social-graph-service,1
1650498525,social-graph-service,1
1650498525,social-graph-service,1
1650498525,social-graph-service,1
1650498525,social-graph-service,1
1650498525,social-graph-service,1
1650498525,social-graph-service,1
1650498525,social-graph-service,1
1650498525,social-graph-service,1
1650498525,social-graph-service,1
1650498525,social-graph-service,1
1650498525,social-graph-service,1
1650498525,social-graph-service,1
1650498526,social-graph-service,1
1650498526,social-graph-service,1
1650498526,social-graph-service,1
1650498526,social-graph-service,1
1650498526,social-graph-service,1
1650498526,social-graph-service,1
1650498527,social-graph-service,1
1650498527,social-graph-service,1
1650498527,social-graph-service,1
1650498527,social-graph-service,1
1650498527,social-graph-service,1
1650498527,social-graph-service,1
1650498527,social-graph-service,1
1650498527,social-graph-service,1
1650498527,social-graph-service,1
1650498528,social-graph-service,1
1650498528,social-graph-service,1
1650498528,social-graph-service,1
1650498528,social-graph-service,1
1650498528,social-graph-service,1
1650498528,social-graph-service,1
1650498529,social-graph-service,1
1650498529,social-graph-service,1
1650498529,social-graph-service,1
1650498529,social-graph-service,1
1650498529,social-graph-service,1
1650498529,social-graph-service,1
1650498530,social-graph-service,1
1650498530,social-graph-service,1
1650498530,social-graph-service,1
1650498530,social-graph-service,1
1650498531,social-graph-service,1
1650498531,social-graph-service,1
1650498531,social-graph-service,1
1650498531,social-graph-service,1
1650498531,social-graph-service,1
1650498532,social-graph-service,1
1650498532,social-graph-service,1
1650498532,social-graph-service,1
1650498532,social-graph-service,1
1650498532,social-graph-service,1
1650498532,social-graph-service,1
1650498532,social-graph-service,1
1650498532,social-graph-service,1
1650498532,social-graph-service,1
1650498533,social-graph-service,1
1650498533,social-graph-service,1
1650498533,social-graph-service,1
1650498533,social-graph-service,1
1650498533,social-graph-service,1
1650498533,social-graph-service,1
1650498534,social-graph-service,1
1650498534,social-graph-service,1
1650498534,social-graph-service,1
1650498534,social-graph-service,1
1650498534,social-graph-service,1
1650498534,social-graph-service,1
1650498535,social-graph-service,1
1650498535,social-graph-service,1
1650498535,social-graph-service,1
1650498535,social-graph-service,1
1650498535,social-graph-service,1
1650498535,social-graph-service,1
1650498536,social-graph-service,1
1650498536,social-graph-service,1
1650498536,social-graph-service,1
1650498536,social-graph-service,1
1650498536,social-graph-service,1
1650498536,social-graph-service,1
1650498536,social-graph-service,1
1650498536,social-graph-service,1
1650498537,social-graph-service,1
1650498537,social-graph-service,1
1650498537,social-graph-service,1
1650498537,social-graph-service,1
1650498538,social-graph-service,1
1650498538,social-graph-service,1
1650498538,social-graph-service,1
1650498538,social-graph-service,1
1650498538,social-graph-service,1
1650498538,social-graph-service,1
1650498539,social-graph-service,1
1650498539,social-graph-service,1
1650498539,social-graph-service,1
1650498540,social-graph-service,1
1650498540,social-graph-service,1
1650498540,social-graph-service,1
1650498541,social-graph-service,1
1650498541,social-graph-service,1
1650498541,social-graph-service,1
1650498542,social-graph-service,1
1650498542,social-graph-service,1
1650498542,social-graph-service,1
1650498542,social-graph-service,1
1650498542,social-graph-service,1
1650498542,social-graph-service,1
1650498543,social-graph-service,1
1650498543,social-graph-service,1
1650498543,social-graph-service,1
1650498543,social-graph-service,1
1650498543,social-graph-service,1
1650498543,social-graph-service,1
1650498544,social-graph-service,1
1650498544,social-graph-service,1
1650498544,social-graph-service,1
1650498545,social-graph-service,1
1650498545,social-graph-service,1
1650498545,social-graph-service,1
1650498545,social-graph-service,1
1650498545,social-graph-service,1
1650498545,social-graph-service,1
1650498546,social-graph-service,1
1650498546,social-graph-service,1
1650498546,social-graph-service,1
1650498546,social-graph-service,1
1650498546,social-graph-service,1
1650498546,social-graph-service,1
1650498547,social-graph-service,1
1650498547,social-graph-service,1
1650498547,social-graph-service,1
1650498547,social-graph-service,1
1650498547,social-graph-service,1
1650498547,social-graph-service,1
1650498548,social-graph-service,1
1650498548,social-graph-service,1
1650498548,social-graph-service,1
1650498549,social-graph-service,1
1650498549,social-graph-service,1
1650498549,social-graph-service,1
1650498549,social-graph-service,1
1650498549,social-graph-service,1
1650498549,social-graph-service,1
1650498549,social-graph-service,1
1650498549,social-graph-service,1
1650498549,social-graph-service,1
1650498550,social-graph-service,1
1650498550,social-graph-service,1
1650498550,social-graph-service,1
1650498551,social-graph-service,1
1650498551,social-graph-service,1
1650498551,social-graph-service,1
1650498552,social-graph-service,1
1650498552,social-graph-service,1
1650498552,social-graph-service,1
1650498553,social-graph-service,1
1650498553,social-graph-service,1
1650498553,social-graph-service,1
1650498554,social-graph-service,1
1650498554,social-graph-service,1
1650498554,social-graph-service,1
1650498554,social-graph-service,1
1650498554,social-graph-service,1
1650498554,social-graph-service,1
1650498554,social-graph-service,1
1650498554,social-graph-service,1
1650498554,social-graph-service,1
1650498555,social-graph-service,1
1650498555,social-graph-service,1
1650498555,social-graph-service,1
1650498555,social-graph-service,1
1650498555,social-graph-service,1
1650498555,social-graph-service,1
1650498556,social-graph-service,1
1650498556,social-graph-service,1
1650498556,social-graph-service,1
1650498556,social-graph-service,1
1650498556,social-graph-service,1
1650498556,social-graph-service,1
1650498556,social-graph-service,1
1650498556,social-graph-service,1
1650498556,social-graph-service,1
1650498556,social-graph-service,1
1650498556,social-graph-service,1
1650498556,social-graph-service,1
1650498557,social-graph-service,1
1650498557,social-graph-service,1
1650498557,social-graph-service,1
1650498558,social-graph-service,1
1650498558,social-graph-service,1
1650498558,social-graph-service,1
1650498559,social-graph-service,1
1650498559,social-graph-service,1
1650498559,social-graph-service,1
1650498559,social-graph-service,1
1650498559,social-graph-service,1
1650498559,social-graph-service,1
1650498559,social-graph-service,1
1650498559,social-graph-service,1
1650498559,social-graph-service,1
1650498560,social-graph-service,1
1650498560,social-graph-service,1
1650498560,social-graph-service,1
1650498560,social-graph-service,1
1650498560,social-graph-service,1
1650498560,social-graph-service,1
1650498561,social-graph-service,1
1650498561,social-graph-service,1
1650498561,social-graph-service,1
1650498561,social-graph-service,1
1650498561,social-graph-service,1
1650498561,social-graph-service,1
1650498562,social-graph-service,1
1650498562,social-graph-service,1
1650498562,social-graph-service,1
1650498563,social-graph-service,1
1650498563,social-graph-service,1
1650498563,social-graph-service,1
1650498563,social-graph-service,1
1650498563,social-graph-service,1
1650498563,social-graph-service,1
1650498564,social-graph-service,1
1650498564,social-graph-service,1
1650498564,social-graph-service,1
1650498565,social-graph-service,1
1650498565,social-graph-service,1
1650498565,social-graph-service,1
1650498566,social-graph-service,1
1650498566,social-graph-service,1
1650498566,social-graph-service,1
1650498566,social-graph-service,1
1650498566,social-graph-service,1
1650498566,social-graph-service,1
1650498567,social-graph-service,1
1650498567,social-graph-service,1
1650498567,social-graph-service,1
1650498567,social-graph-service,1
1650498567,social-graph-service,1
1650498567,social-graph-service,1
1650498568,social-graph-service,1
1650498568,social-graph-service,1
1650498568,social-graph-service,1
1650498569,social-graph-service,1
1650498569,social-graph-service,1
1650498569,social-graph-service,1
1650498570,social-graph-service,1
1650498570,social-graph-service,1
1650498570,social-graph-service,1
1650498570,social-graph-service,1
1650498570,social-graph-service,1
1650498570,social-graph-service,1
1650498570,social-graph-service,1
1650498570,social-graph-service,1
1650498570,social-graph-service,1
1650498571,social-graph-service,1
1650498571,social-graph-service,1
1650498571,social-graph-service,1
1650498572,social-graph-service,1
1650498572,social-graph-service,1
1650498572,social-graph-service,1
1650498572,social-graph-service,1
1650498572,social-graph-service,1
1650498572,social-graph-service,1
1650498572,social-graph-service,1
1650498572,social-graph-service,1
1650498572,social-graph-service,1
1650498573,social-graph-service,1
1650498573,social-graph-service,1
1650498573,social-graph-service,1
1650498574,social-graph-service,1
1650498574,social-graph-service,1
1650498574,social-graph-service,1
1650498574,social-graph-service,1
1650498574,social-graph-service,1
1650498574,social-graph-service,1
1650498575,social-graph-service,1
1650498575,social-graph-service,1
1650498575,social-graph-service,1
1650498575,social-graph-service,1
1650498575,social-graph-service,1
1650498575,social-graph-service,1
1650498576,social-graph-service,1
1650498576,social-graph-service,1
1650498576,social-graph-service,1
1650498577,social-graph-service,1
1650498577,social-graph-service,1
1650498577,social-graph-service,1
1650498578,social-graph-service,1
1650498578,social-graph-service,1
1650498578,social-graph-service,1
1650498578,social-graph-service,1
1650498578,social-graph-service,1
1650498578,social-graph-service,1
1650498579,social-graph-service,1
1650498579,social-graph-service,1
1650498579,social-graph-service,1
1650498579,social-graph-service,1
1650498579,social-graph-service,1
1650498579,social-graph-service,1
1650498580,social-graph-service,1
1650498580,social-graph-service,1
1650498580,social-graph-service,1
1650498580,social-graph-service,1
1650498580,social-graph-service,1
1650498580,social-graph-service,1
1650498580,social-graph-service,1
1650498580,social-graph-service,1
1650498581,social-graph-service,1
1650498581,social-graph-service,1
1650498581,social-graph-service,1
1650498581,social-graph-service,1
1650498582,social-graph-service,1
1650498582,social-graph-service,1
1650498582,social-graph-service,1
1650498583,social-graph-service,1
1650498583,social-graph-service,1
1650498583,social-graph-service,1
1650498583,social-graph-service,1
1650498583,social-graph-service,1
1650498583,social-graph-service,1
1650498583,social-graph-service,1
1650498583,social-graph-service,1
1650498583,social-graph-service,1
1650498583,social-graph-service,1
1650498583,social-graph-service,1
1650498583,social-graph-service,1
1650498584,social-graph-service,1
1650498584,social-graph-service,1
1650498584,social-graph-service,1
1650498584,social-graph-service,1
1650498584,social-graph-service,1
1650498584,social-graph-service,1
1650498585,social-graph-service,1
1650498585,social-graph-service,1
1650498585,social-graph-service,1
1650498585,social-graph-service,1
1650498585,social-graph-service,1
1650498585,social-graph-service,1
1650498585,social-graph-service,1
1650498585,social-graph-service,1
1650498585,social-graph-service,1
1650498586,social-graph-service,1
1650498586,social-graph-service,1
1650498586,social-graph-service,1
1650498586,social-graph-service,1
1650498586,social-graph-service,1
1650498586,social-graph-service,1
1650498587,social-graph-service,1
1650498587,social-graph-service,1
1650498587,social-graph-service,1
1650498587,social-graph-service,1
1650498587,social-graph-service,1
1650498587,social-graph-service,1
1650498587,social-graph-service,1
1650498587,social-graph-service,1
1650498587,social-graph-service,1
1650498588,social-graph-service,1
1650498588,social-graph-service,1
1650498588,social-graph-service,1
1650498589,social-graph-service,1
1650498589,social-graph-service,1
1650498589,social-graph-service,1
1650498590,social-graph-service,1
1650498590,social-graph-service,1
1650498590,social-graph-service,1
1650498590,social-graph-service,1
1650498590,social-graph-service,1
1650498590,social-graph-service,1
1650498590,social-graph-service,1
1650498590,social-graph-service,1
1650498590,social-graph-service,1
1650498591,social-graph-service,1
1650498591,social-graph-service,1
1650498591,social-graph-service,1
1650498592,social-graph-service,1
1650498592,social-graph-service,1
1650498592,social-graph-service,1
1650498592,social-graph-service,1
1650498592,social-graph-service,1
1650498592,social-graph-service,1
1650498593,social-graph-service,1
1650498593,social-graph-service,1
1650498593,social-graph-service,1
1650498593,social-graph-service,1
1650498593,social-graph-service,1
1650498593,social-graph-service,1
1650498594,social-graph-service,1
1650498594,social-graph-service,1
1650498594,social-graph-service,1
1650498594,social-graph-service,1
1650498594,social-graph-service,1
1650498594,social-graph-service,1
1650498594,social-graph-service,1
1650498594,social-graph-service,1
1650498594,social-graph-service,1
1650498595,social-graph-service,1
1650498595,social-graph-service,1
1650498595,social-graph-service,1
1650498595,social-graph-service,1
1650498595,social-graph-service,1
1650498596,social-graph-service,1
1650498596,social-graph-service,1
1650498596,social-graph-service,1
1650498596,social-graph-service,1
1650498597,social-graph-service,1
1650498597,social-graph-service,1
1650498597,social-graph-service,1
1650498598,social-graph-service,1
1650498598,social-graph-service,1
1650498598,social-graph-service,1
1650498598,social-graph-service,1
1650498598,social-graph-service,1
1650498598,social-graph-service,1
1650498599,social-graph-service,1
1650498599,social-graph-service,1
1650498599,social-graph-service,1
1650498600,social-graph-service,1
1650498600,social-graph-service,1
1650498600,social-graph-service,1
1650498601,social-graph-service,1
1650498601,social-graph-service,1
1650498601,social-graph-service,1
1650498601,social-graph-service,1
1650498601,social-graph-service,1
1650498601,social-graph-service,1
1650498602,social-graph-service,1
1650498602,social-graph-service,1
1650498602,social-graph-service,1
1650498602,social-graph-service,1
1650498602,social-graph-service,1
1650498602,social-graph-service,1
1650498602,social-graph-service,1
1650498602,social-graph-service,1
1650498602,social-graph-service,1
1650498602,social-graph-service,1
1650498602,social-graph-service,1
1650498602,social-graph-service,1
1650498603,social-graph-service,1
1650498603,social-graph-service,1
1650498603,social-graph-service,1
1650498603,social-graph-service,1
1650498603,social-graph-service,1
1650498603,social-graph-service,1
1650498604,social-graph-service,1
1650498604,social-graph-service,1
1650498604,social-graph-service,1
1650498604,social-graph-service,1
1650498604,social-graph-service,1
1650498604,social-graph-service,1
1650498604,social-graph-service,1
1650498604,social-graph-service,1
1650498604,social-graph-service,1
1650498605,social-graph-service,1
1650498605,social-graph-service,1
1650498605,social-graph-service,1
1650498605,social-graph-service,1
1650498605,social-graph-service,1
1650498605,social-graph-service,1
1650498606,social-graph-service,1
1650498606,social-graph-service,1
1650498606,social-graph-service,1
1650498607,social-graph-service,1
1650498607,social-graph-service,1
1650498607,social-graph-service,1
1650498608,social-graph-service,1
1650498608,social-graph-service,1
1650498608,social-graph-service,1
1650498608,social-graph-service,1
1650498608,social-graph-service,1
1650498608,social-graph-service,1
1650498609,social-graph-service,1
1650498609,social-graph-service,1
1650498609,social-graph-service,1
1650498610,social-graph-service,1
1650498610,social-graph-service,1
1650498610,social-graph-service,1
1650498610,social-graph-service,1
1650498610,social-graph-service,1
1650498610,social-graph-service,1
1650498611,social-graph-service,1
1650498611,social-graph-service,1
1650498611,social-graph-service,1
1650498611,social-graph-service,1
1650498611,social-graph-service,1
1650498611,social-graph-service,1
1650498612,social-graph-service,1
1650498612,social-graph-service,1
1650498612,social-graph-service,1
1650498612,social-graph-service,1
1650498612,social-graph-service,1
1650498612,social-graph-service,1
1650498613,social-graph-service,1
1650498613,social-graph-service,1
1650498613,social-graph-service,1
1650498613,social-graph-service,1
1650498613,social-graph-service,1
1650498613,social-graph-service,1
1650498614,social-graph-service,1
1650498614,social-graph-service,1
1650498614,social-graph-service,1
1650498614,social-graph-service,1
1650498614,social-graph-service,1
1650498614,social-graph-service,1
1650498614,social-graph-service,1
1650498614,social-graph-service,1
1650498614,social-graph-service,1
1650498614,social-graph-service,1
1650498614,social-graph-service,1
1650498614,social-graph-service,1
1650498615,social-graph-service,1
1650498615,social-graph-service,1
1650498615,social-graph-service,1
1650498616,social-graph-service,1
1650498616,social-graph-service,1
1650498616,social-graph-service,1
1650498617,social-graph-service,1
1650498617,social-graph-service,1
1650498617,social-graph-service,1
1650498618,social-graph-service,1
1650498618,social-graph-service,1
1650498618,social-graph-service,1
1650498619,social-graph-service,1
1650498619,social-graph-service,1
1650498619,social-graph-service,1
1650498619,social-graph-service,1
1650498619,social-graph-service,1
1650498619,social-graph-service,1
1650498620,social-graph-service,1
1650498620,social-graph-service,1
1650498620,social-graph-service,1
1650498620,social-graph-service,1
1650498620,social-graph-service,1
1650498620,social-graph-service,1
1650498621,social-graph-service,1
1650498621,social-graph-service,1
1650498621,social-graph-service,1
1650498621,social-graph-service,1
1650498621,social-graph-service,1
1650498621,social-graph-service,1
1650498622,social-graph-service,1
1650498622,social-graph-service,1
1650498622,social-graph-service,1
1650498623,social-graph-service,1
1650498623,social-graph-service,1
1650498623,social-graph-service,1
1650498623,social-graph-service,1
1650498623,social-graph-service,1
1650498623,social-graph-service,1
1650498623,social-graph-service,1
1650498623,social-graph-service,1
1650498623,social-graph-service,1
1650498624,social-graph-service,1
1650498624,social-graph-service,1
1650498624,social-graph-service,1
1650498624,social-graph-service,1
1650498624,social-graph-service,1
1650498624,social-graph-service,1
1650498624,social-graph-service,1
1650498624,social-graph-service,1
1650498624,social-graph-service,1
1650498625,social-graph-service,1
1650498625,social-graph-service,1
1650498625,social-graph-service,1
1650498625,social-graph-service,1
1650498625,social-graph-service,1
1650498625,social-graph-service,1
1650498625,social-graph-service,1
1650498625,social-graph-service,1
1650498625,social-graph-service,1
1650498626,social-graph-service,1
1650498626,social-graph-service,1
1650498626,social-graph-service,1
1650498627,social-graph-service,1
1650498627,social-graph-service,1
1650498627,social-graph-service,1
1650498628,social-graph-service,1
1650498628,social-graph-service,1
1650498628,social-graph-service,1
1650498628,social-graph-service,1
1650498628,social-graph-service,1
1650498628,social-graph-service,1
1650498629,social-graph-service,1
1650498629,social-graph-service,1
1650498629,social-graph-service,1
1650498629,social-graph-service,1
1650498629,social-graph-service,1
1650498629,social-graph-service,1
1650498630,social-graph-service,1
1650498630,social-graph-service,1
1650498630,social-graph-service,1
1650498630,social-graph-service,1
1650498630,social-graph-service,1
1650498630,social-graph-service,1
1650498630,social-graph-service,1
1650498630,social-graph-service,1
1650498630,social-graph-service,1
1650498630,social-graph-service,1
1650498630,social-graph-service,1
1650498630,social-graph-service,1
1650498631,social-graph-service,1
1650498631,social-graph-service,1
1650498631,social-graph-service,1
1650498631,social-graph-service,1
1650498631,social-graph-service,1
1650498631,social-graph-service,1
1650498632,social-graph-service,1
1650498632,social-graph-service,1
1650498632,social-graph-service,1
1650498633,social-graph-service,1
1650498633,social-graph-service,1
1650498633,social-graph-service,1
1650498633,social-graph-service,1
1650498633,social-graph-service,1
1650498633,social-graph-service,1
1650498634,social-graph-service,1
1650498634,social-graph-service,1
1650498634,social-graph-service,1
1650498635,social-graph-service,1
1650498635,social-graph-service,1
1650498635,social-graph-service,1
1650498635,social-graph-service,1
1650498635,social-graph-service,1
1650498635,social-graph-service,1
1650498636,social-graph-service,1
1650498636,social-graph-service,1
1650498636,social-graph-service,1
1650498636,social-graph-service,1
1650498636,social-graph-service,1
1650498636,social-graph-service,1
1650498637,social-graph-service,1
1650498637,social-graph-service,1
1650498637,social-graph-service,1
1650498638,social-graph-service,1
1650498638,social-graph-service,1
1650498638,social-graph-service,1
1650498638,social-graph-service,1
1650498638,social-graph-service,1
1650498638,social-graph-service,1
1650498639,social-graph-service,1
1650498639,social-graph-service,1
1650498639,social-graph-service,1
1650498640,social-graph-service,1
1650498640,social-graph-service,1
1650498640,social-graph-service,1
1650498641,social-graph-service,1
1650498641,social-graph-service,1
1650498641,social-graph-service,1
1650498642,social-graph-service,1
1650498642,social-graph-service,1
1650498642,social-graph-service,1
1650498642,social-graph-service,1
1650498642,social-graph-service,1
1650498642,social-graph-service,1
1650498643,social-graph-service,1
1650498643,social-graph-service,1
1650498643,social-graph-service,1
1650498643,social-graph-service,1
1650498643,social-graph-service,1
1650498643,social-graph-service,1
1650498644,social-graph-service,1
1650498644,social-graph-service,1
1650498644,social-graph-service,1
1650498645,social-graph-service,1
1650498645,social-graph-service,1
1650498645,social-graph-service,1
1650498646,social-graph-service,1
1650498646,social-graph-service,1
1650498646,social-graph-service,1
1650498646,social-graph-service,1
1650498646,social-graph-service,1
1650498646,social-graph-service,1
1650498647,social-graph-service,1
1650498647,social-graph-service,1
1650498647,social-graph-service,1
1650498647,social-graph-service,1
1650498647,social-graph-service,1
1650498647,social-graph-service,1
1650498648,social-graph-service,1
1650498648,social-graph-service,1
1650498648,social-graph-service,1
1650498648,social-graph-service,1
1650498648,social-graph-service,1
1650498648,social-graph-service,1
1650498649,social-graph-service,1
1650498649,social-graph-service,1
1650498649,social-graph-service,1
1650498649,social-graph-service,1
1650498649,social-graph-service,1
1650498649,social-graph-service,1
1650498650,social-graph-service,1
1650498650,social-graph-service,1
1650498650,social-graph-service,1
1650498651,social-graph-service,1
1650498651,social-graph-service,1
1650498651,social-graph-service,1
1650498651,social-graph-service,1
1650498651,social-graph-service,1
1650498651,social-graph-service,1
1650498652,social-graph-service,1
1650498652,social-graph-service,1
1650498652,social-graph-service,1
1650498652,social-graph-service,1
1650498652,social-graph-service,1
1650498652,social-graph-service,1
1650498653,social-graph-service,1
1650498653,social-graph-service,1
1650498653,social-graph-service,1
1650498654,social-graph-service,1
1650498654,social-graph-service,1
1650498654,social-graph-service,1
1650498655,social-graph-service,1
1650498655,social-graph-service,1
1650498655,social-graph-service,1
1650498656,social-graph-service,1
1650498656,social-graph-service,1
1650498656,social-graph-service,1
1650498656,social-graph-service,1
1650498656,social-graph-service,1
1650498656,social-graph-service,1
1650498657,social-graph-service,1
1650498657,social-graph-service,1
1650498657,social-graph-service,1
1650498657,social-graph-service,1
1650498657,social-graph-service,1
1650498657,social-graph-service,1
1650498658,social-graph-service,1
1650498658,social-graph-service,1
1650498658,social-graph-service,1
1650498658,social-graph-service,1
1650498658,social-graph-service,1
1650498658,social-graph-service,1
1650498659,social-graph-service,1
1650498659,social-graph-service,1
1650498659,social-graph-service,1
1650498659,social-graph-service,1
1650498659,social-graph-service,1
1650498659,social-graph-service,1
1650498659,social-graph-service,1
1650498659,social-graph-service,1
1650498659,social-graph-service,1
1650498660,social-graph-service,1
1650498660,social-graph-service,1
1650498660,social-graph-service,1
1650498660,social-graph-service,1
1650498660,social-graph-service,1
1650498660,social-graph-service,1
1650498661,social-graph-service,1
1650498661,social-graph-service,1
1650498661,social-graph-service,1
1650498661,social-graph-service,1
1650498661,social-graph-service,1
1650498661,social-graph-service,1
1650498662,social-graph-service,1
1650498662,social-graph-service,1
1650498662,social-graph-service,1
1650498663,social-graph-service,1
1650498663,social-graph-service,1
1650498663,social-graph-service,1
1650498663,social-graph-service,1
1650498663,social-graph-service,1
1650498663,social-graph-service,1
1650498664,social-graph-service,1
1650498664,social-graph-service,1
1650498664,social-graph-service,1
1650498664,social-graph-service,1
1650498664,social-graph-service,1
1650498664,social-graph-service,1
1650498666,social-graph-service,1
1650498666,social-graph-service,1
1650498666,social-graph-service,1
1650498666,social-graph-service,1
1650498666,social-graph-service,1
1650498666,social-graph-service,1
1650498666,social-graph-service,1
1650498666,social-graph-service,1
1650498666,social-graph-service,1
1650498667,social-graph-service,1
1650498667,social-graph-service,1
1650498667,social-graph-service,1
1650498667,social-graph-service,1
1650498667,social-graph-service,1
1650498667,social-graph-service,1
1650498668,social-graph-service,1
1650498668,social-graph-service,1
1650498668,social-graph-service,1
1650498668,social-graph-service,1
1650498668,social-graph-service,1
1650498668,social-graph-service,1
1650498669,social-graph-service,1
1650498669,social-graph-service,1
1650498669,social-graph-service,1
1650498669,social-graph-service,1
1650498669,social-graph-service,1
1650498669,social-graph-service,1
1650498670,social-graph-service,1
1650498670,social-graph-service,1
1650498670,social-graph-service,1
1650498671,social-graph-service,1
1650498671,social-graph-service,1
1650498671,social-graph-service,1
1650498672,social-graph-service,1
1650498672,social-graph-service,1
1650498672,social-graph-service,1
1650498672,social-graph-service,1
1650498672,social-graph-service,1
1650498672,social-graph-service,1
1650498672,social-graph-service,1
1650498672,social-graph-service,1
1650498673,social-graph-service,1
1650498673,social-graph-service,1
1650498673,social-graph-service,1
1650498673,social-graph-service,1
1650498673,social-graph-service,1
1650498673,social-graph-service,1
1650498673,social-graph-service,1
1650498674,social-graph-service,1
1650498674,social-graph-service,1
1650498674,social-graph-service,1
1650498674,social-graph-service,1
1650498674,social-graph-service,1
1650498674,social-graph-service,1
1650498675,social-graph-service,1
1650498675,social-graph-service,1
1650498675,social-graph-service,1
1650498675,social-graph-service,1
1650498675,social-graph-service,1
1650498675,social-graph-service,1
1650498675,social-graph-service,1
1650498675,social-graph-service,1
1650498675,social-graph-service,1
1650498675,social-graph-service,1
1650498675,social-graph-service,1
1650498675,social-graph-service,1
1650498676,social-graph-service,1
1650498676,social-graph-service,1
1650498676,social-graph-service,1
1650498677,social-graph-service,1
1650498677,social-graph-service,1
1650498677,social-graph-service,1
1650498677,social-graph-service,1
1650498677,social-graph-service,1
1650498677,social-graph-service,1
1650498678,social-graph-service,1
1650498678,social-graph-service,1
1650498678,social-graph-service,1
1650498679,social-graph-service,1
1650498679,social-graph-service,1
1650498679,social-graph-service,1
1650498679,social-graph-service,1
1650498679,social-graph-service,1
1650498679,social-graph-service,1
1650498680,social-graph-service,1
1650498680,social-graph-service,1
1650498680,social-graph-service,1
1650498680,social-graph-service,1
1650498680,social-graph-service,1
1650498680,social-graph-service,1
1650498681,social-graph-service,1
1650498681,social-graph-service,1
1650498681,social-graph-service,1
1650498682,social-graph-service,1
1650498682,social-graph-service,1
1650498682,social-graph-service,1
1650498683,social-graph-service,1
1650498683,social-graph-service,1
1650498683,social-graph-service,1
1650498683,social-graph-service,1
1650498683,social-graph-service,1
1650498683,social-graph-service,1
1650498684,social-graph-service,1
1650498684,social-graph-service,1
1650498684,social-graph-service,1
1650498685,social-graph-service,1
1650498685,social-graph-service,1
1650498685,social-graph-service,1
1650498685,social-graph-service,1
1650498685,social-graph-service,1
1650498685,social-graph-service,1
1650498686,social-graph-service,1
1650498686,social-graph-service,1
1650498686,social-graph-service,1
1650498687,social-graph-service,1
1650498687,social-graph-service,1
1650498687,social-graph-service,1
1650498687,social-graph-service,1
1650498687,social-graph-service,1
1650498687,social-graph-service,1
1650498687,social-graph-service,1
1650498687,social-graph-service,1
1650498687,social-graph-service,1
1650498687,social-graph-service,1
1650498687,social-graph-service,1
1650498687,social-graph-service,1
1650498688,social-graph-service,1
1650498688,social-graph-service,1
1650498688,social-graph-service,1
1650498689,social-graph-service,1
1650498689,social-graph-service,1
1650498689,social-graph-service,1
1650498689,social-graph-service,1
1650498689,social-graph-service,1
1650498689,social-graph-service,1
1650498690,social-graph-service,1
1650498690,social-graph-service,1
1650498690,social-graph-service,1
1650498690,social-graph-service,1
1650498690,social-graph-service,1
1650498690,social-graph-service,1
1650498691,social-graph-service,1
1650498691,social-graph-service,1
1650498691,social-graph-service,1
1650498692,social-graph-service,1
1650498692,social-graph-service,1
1650498692,social-graph-service,1
1650498692,social-graph-service,1
1650498692,social-graph-service,1
1650498692,social-graph-service,1
1650498693,social-graph-service,1
1650498693,social-graph-service,1
1650498693,social-graph-service,1
1650498693,social-graph-service,1
1650498693,social-graph-service,1
1650498693,social-graph-service,1
1650498694,social-graph-service,1
1650498694,social-graph-service,1
1650498694,social-graph-service,1
1650498694,social-graph-service,1
1650498694,social-graph-service,1
1650498694,social-graph-service,1
1650498694,social-graph-service,1
1650498694,social-graph-service,1
1650498694,social-graph-service,1
1650498695,social-graph-service,1
1650498695,social-graph-service,1
1650498695,social-graph-service,1
1650498696,social-graph-service,1
1650498696,social-graph-service,1
1650498696,social-graph-service,1
1650498697,social-graph-service,1
1650498697,social-graph-service,1
1650498697,social-graph-service,1
1650498698,social-graph-service,1
1650498698,social-graph-service,1
1650498698,social-graph-service,1
1650498699,social-graph-service,1
1650498699,social-graph-service,1
1650498699,social-graph-service,1
1650498700,social-graph-service,1
1650498700,social-graph-service,1
1650498700,social-graph-service,1
1650498701,social-graph-service,1
1650498701,social-graph-service,1
1650498701,social-graph-service,1
1650498701,social-graph-service,1
1650498701,social-graph-service,1
1650498701,social-graph-service,1
1650498701,social-graph-service,1
1650498701,social-graph-service,1
1650498701,social-graph-service,1
1650498701,social-graph-service,1
1650498701,social-graph-service,1
1650498701,social-graph-service,1
1650498702,social-graph-service,1
1650498702,social-graph-service,1
1650498702,social-graph-service,1
1650498702,social-graph-service,1
1650498702,social-graph-service,1
1650498702,social-graph-service,1
1650498702,social-graph-service,1
1650498702,social-graph-service,1
1650498702,social-graph-service,1
1650498702,social-graph-service,1
1650498702,social-graph-service,1
1650498702,social-graph-service,1
1650498703,social-graph-service,1
1650498703,social-graph-service,1
1650498703,social-graph-service,1
1650498703,social-graph-service,1
1650498703,social-graph-service,1
1650498703,social-graph-service,1
1650498704,social-graph-service,1
1650498704,social-graph-service,1
1650498704,social-graph-service,1
1650498704,social-graph-service,1
1650498704,social-graph-service,1
1650498704,social-graph-service,1
1650498704,social-graph-service,1
1650498704,social-graph-service,1
1650498704,social-graph-service,1
1650498705,social-graph-service,1
1650498705,social-graph-service,1
1650498705,social-graph-service,1
1650498705,social-graph-service,1
1650498705,social-graph-service,1
1650498705,social-graph-service,1
1650498706,social-graph-service,1
1650498706,social-graph-service,1
1650498706,social-graph-service,1
1650498707,social-graph-service,1
1650498707,social-graph-service,1
1650498707,social-graph-service,1
1650498708,social-graph-service,1
1650498708,social-graph-service,1
1650498708,social-graph-service,1
1650498708,social-graph-service,1
1650498708,social-graph-service,1
1650498708,social-graph-service,1
1650498709,social-graph-service,1
1650498709,social-graph-service,1
1650498709,social-graph-service,1
1650498709,social-graph-service,1
1650498709,social-graph-service,1
1650498709,social-graph-service,1
1650498710,social-graph-service,1
1650498710,social-graph-service,1
1650498710,social-graph-service,1
1650498710,social-graph-service,1
1650498710,social-graph-service,1
1650498711,social-graph-service,1
1650498711,social-graph-service,1
1650498711,social-graph-service,1
1650498711,social-graph-service,1
1650498712,social-graph-service,1
1650498712,social-graph-service,1
1650498712,social-graph-service,1
1650498713,social-graph-service,1
1650498713,social-graph-service,1
1650498713,social-graph-service,1
1650498713,social-graph-service,1
1650498713,social-graph-service,1
1650498713,social-graph-service,1
1650498714,social-graph-service,1
1650498714,social-graph-service,1
1650498714,social-graph-service,1
1650498715,social-graph-service,1
1650498715,social-graph-service,1
1650498715,social-graph-service,1
1650498716,social-graph-service,1
1650498716,social-graph-service,1
1650498716,social-graph-service,1
1650498717,social-graph-service,1
1650498717,social-graph-service,1
1650498717,social-graph-service,1
1650498718,social-graph-service,1
1650498718,social-graph-service,1
1650498718,social-graph-service,1
1650498718,social-graph-service,1
1650498718,social-graph-service,1
1650498718,social-graph-service,1
1650498719,social-graph-service,1
1650498719,social-graph-service,1
1650498719,social-graph-service,1
1650498720,social-graph-service,1
1650498720,social-graph-service,1
1650498720,social-graph-service,1
1650498721,social-graph-service,1
1650498721,social-graph-service,1
1650498721,social-graph-service,1
1650498722,social-graph-service,1
1650498722,social-graph-service,1
1650498722,social-graph-service,1
1650498722,social-graph-service,1
1650498722,social-graph-service,1
1650498722,social-graph-service,1
1650498722,social-graph-service,1
1650498722,social-graph-service,1
1650498722,social-graph-service,1
1650498722,social-graph-service,1
1650498722,social-graph-service,1
1650498722,social-graph-service,1
1650498723,social-graph-service,1
1650498723,social-graph-service,1
1650498723,social-graph-service,1
1650498724,social-graph-service,1
1650498724,social-graph-service,1
1650498724,social-graph-service,1
1650498724,social-graph-service,1
1650498724,social-graph-service,1
1650498724,social-graph-service,1
1650498725,social-graph-service,1
1650498725,social-graph-service,1
1650498725,social-graph-service,1
1650498726,social-graph-service,1
1650498726,social-graph-service,1
1650498726,social-graph-service,1
1650498726,social-graph-service,1
1650498726,social-graph-service,1
1650498726,social-graph-service,1
1650498727,social-graph-service,1
1650498727,social-graph-service,1
1650498727,social-graph-service,1
1650498728,social-graph-service,1
1650498728,social-graph-service,1
1650498728,social-graph-service,1
1650498729,social-graph-service,1
1650498729,social-graph-service,1
1650498729,social-graph-service,1
1650498729,social-graph-service,1
1650498729,social-graph-service,1
1650498729,social-graph-service,1
1650498729,social-graph-service,1
1650498729,social-graph-service,1
1650498729,social-graph-service,1
1650498730,social-graph-service,1
1650498730,social-graph-service,1
1650498730,social-graph-service,1
1650498730,social-graph-service,1
1650498730,social-graph-service,1
1650498730,social-graph-service,1
1650498731,social-graph-service,1
1650498731,social-graph-service,1
1650498731,social-graph-service,1
1650498731,social-graph-service,1
1650498731,social-graph-service,1
1650498731,social-graph-service,1
1650498732,social-graph-service,1
1650498732,social-graph-service,1
1650498732,social-graph-service,1
1650498733,social-graph-service,1
1650498733,social-graph-service,1
1650498733,social-graph-service,1
1650498734,social-graph-service,1
1650498734,social-graph-service,1
1650498734,social-graph-service,1
1650498735,social-graph-service,1
1650498735,social-graph-service,1
1650498735,social-graph-service,1
1650498735,social-graph-service,1
1650498735,social-graph-service,1
1650498735,social-graph-service,1
1650498736,social-graph-service,1
1650498736,social-graph-service,1
1650498736,social-graph-service,1
1650498737,social-graph-service,1
1650498737,social-graph-service,1
1650498737,social-graph-service,1
1650498737,social-graph-service,1
1650498737,social-graph-service,1
1650498737,social-graph-service,1
1650498737,social-graph-service,1
1650498737,social-graph-service,1
1650498737,social-graph-service,1
1650498738,social-graph-service,1
1650498738,social-graph-service,1
1650498738,social-graph-service,1
1650498739,social-graph-service,1
1650498739,social-graph-service,1
1650498739,social-graph-service,1
1650498740,social-graph-service,1
1650498740,social-graph-service,1
1650498740,social-graph-service,1
1650498740,social-graph-service,1
1650498740,social-graph-service,1
1650498740,social-graph-service,1
1650498741,social-graph-service,1
1650498741,social-graph-service,1
1650498741,social-graph-service,1
1650498741,social-graph-service,1
1650498741,social-graph-service,1
1650498741,social-graph-service,1
1650498741,social-graph-service,1
1650498741,social-graph-service,1
1650498742,social-graph-service,1
1650498742,social-graph-service,1
1650498742,social-graph-service,1
1650498742,social-graph-service,1
1650498743,social-graph-service,1
1650498743,social-graph-service,1
1650498743,social-graph-service,1
1650498743,social-graph-service,1
1650498744,social-graph-service,1
1650498744,social-graph-service,1
1650498744,social-graph-service,1
1650498744,social-graph-service,1
1650498744,social-graph-service,1
1650498745,social-graph-service,1
1650498745,social-graph-service,1
1650498745,social-graph-service,1
1650498746,social-graph-service,1
1650498746,social-graph-service,1
1650498746,social-graph-service,1
1650498746,social-graph-service,1
1650498746,social-graph-service,1
1650498746,social-graph-service,1
1650498747,social-graph-service,1
1650498747,social-graph-service,1
1650498747,social-graph-service,1
1650498747,social-graph-service,1
1650498747,social-graph-service,1
1650498747,social-graph-service,1
1650498748,social-graph-service,1
1650498748,social-graph-service,1
1650498748,social-graph-service,1
1650498748,social-graph-service,1
1650498748,social-graph-service,1
1650498748,social-graph-service,1
1650498749,social-graph-service,1
1650498749,social-graph-service,1
1650498749,social-graph-service,1
1650498749,social-graph-service,1
1650498749,social-graph-service,1
1650498749,social-graph-service,1
1650498749,social-graph-service,1
1650498749,social-graph-service,1
1650498750,social-graph-service,1
1650498750,social-graph-service,1
1650498750,social-graph-service,1
1650498750,social-graph-service,1
1650498751,social-graph-service,1
1650498751,social-graph-service,1
1650498751,social-graph-service,1
1650498752,social-graph-service,1
1650498752,social-graph-service,1
1650498752,social-graph-service,1
1650498752,social-graph-service,1
1650498752,social-graph-service,1
1650498752,social-graph-service,1
1650498753,social-graph-service,1
1650498753,social-graph-service,1
1650498753,social-graph-service,1
1650498754,social-graph-service,1
1650498754,social-graph-service,1
1650498754,social-graph-service,1
1650498755,social-graph-service,1
1650498755,social-graph-service,1
1650498755,social-graph-service,1
1650498755,social-graph-service,1
1650498755,social-graph-service,1
1650498755,social-graph-service,1
1650498756,social-graph-service,1
1650498756,social-graph-service,1
1650498756,social-graph-service,1
1650498757,social-graph-service,1
1650498757,social-graph-service,1
1650498757,social-graph-service,1
1650498757,social-graph-service,1
1650498757,social-graph-service,1
1650498757,social-graph-service,1
1650498758,social-graph-service,1
1650498758,social-graph-service,1
1650498758,social-graph-service,1
1650498758,social-graph-service,1
1650498758,social-graph-service,1
1650498758,social-graph-service,1
1650498759,social-graph-service,1
1650498759,social-graph-service,1
1650498759,social-graph-service,1
1650498760,social-graph-service,1
1650498760,social-graph-service,1
1650498760,social-graph-service,1
1650498761,social-graph-service,1
1650498761,social-graph-service,1
1650498761,social-graph-service,1
1650498762,social-graph-service,1
1650498762,social-graph-service,1
1650498762,social-graph-service,1
1650498763,social-graph-service,1
1650498763,social-graph-service,1
1650498763,social-graph-service,1
1650498763,social-graph-service,1
1650498763,social-graph-service,1
1650498763,social-graph-service,1
1650498763,social-graph-service,1
1650498763,social-graph-service,1
1650498763,social-graph-service,1
1650498764,social-graph-service,1
1650498764,social-graph-service,1
1650498765,social-graph-service,1
1650498765,social-graph-service,1
1650498765,social-graph-service,1
1650498765,social-graph-service,1
1650498765,social-graph-service,1
1650498765,social-graph-service,1
1650498765,social-graph-service,1
1650498766,social-graph-service,1
1650498766,social-graph-service,1
1650498766,social-graph-service,1
1650498767,social-graph-service,1
1650498767,social-graph-service,1
1650498767,social-graph-service,1
1650498768,social-graph-service,1
1650498768,social-graph-service,1
1650498768,social-graph-service,1
1650498769,social-graph-service,1
1650498769,social-graph-service,1
1650498769,social-graph-service,1
1650498770,social-graph-service,1
1650498770,social-graph-service,1
1650498770,social-graph-service,1
1650498771,social-graph-service,1
1650498771,social-graph-service,1
1650498771,social-graph-service,1
1650498771,social-graph-service,1
1650498771,social-graph-service,1
1650498771,social-graph-service,1
1650498771,social-graph-service,1
1650498771,social-graph-service,1
1650498771,social-graph-service,1
1650498772,social-graph-service,1
1650498772,social-graph-service,1
1650498772,social-graph-service,1
1650498772,social-graph-service,1
1650498772,social-graph-service,1
1650498772,social-graph-service,1
1650498773,social-graph-service,1
1650498773,social-graph-service,1
1650498773,social-graph-service,1
1650498774,social-graph-service,1
1650498774,social-graph-service,1
1650498774,social-graph-service,1
1650498775,social-graph-service,1
1650498775,social-graph-service,1
1650498775,social-graph-service,1
1650498775,social-graph-service,1
1650498775,social-graph-service,1
1650498775,social-graph-service,1
1650498775,social-graph-service,1
1650498775,social-graph-service,1
1650498775,social-graph-service,1
1650498777,social-graph-service,1
1650498777,social-graph-service,1
1650498777,social-graph-service,1
1650498777,social-graph-service,1
1650498777,social-graph-service,1
1650498777,social-graph-service,1
1650498778,social-graph-service,1
1650498778,social-graph-service,1
1650498778,social-graph-service,1
1650498779,social-graph-service,1
1650498779,social-graph-service,1
1650498779,social-graph-service,1
1650498779,social-graph-service,1
1650498779,social-graph-service,1
1650498779,social-graph-service,1
1650498780,social-graph-service,1
1650498780,social-graph-service,1
1650498780,social-graph-service,1
1650498780,social-graph-service,1
1650498780,social-graph-service,1
1650498780,social-graph-service,1
1650498781,social-graph-service,1
1650498781,social-graph-service,1
1650498781,social-graph-service,1
1650498781,social-graph-service,1
1650498781,social-graph-service,1
1650498781,social-graph-service,1
1650498782,social-graph-service,1
1650498782,social-graph-service,1
1650498782,social-graph-service,1
1650498782,social-graph-service,1
1650498782,social-graph-service,1
1650498782,social-graph-service,1
1650498783,social-graph-service,1
1650498783,social-graph-service,1
1650498783,social-graph-service,1
1650498784,social-graph-service,1
1650498784,social-graph-service,1
1650498784,social-graph-service,1
1650498785,social-graph-service,1
1650498785,social-graph-service,1
1650498785,social-graph-service,1
1650498786,social-graph-service,1
1650498786,social-graph-service,1
1650498786,social-graph-service,1
1650498786,social-graph-service,1
1650498786,social-graph-service,1
1650498786,social-graph-service,1
1650498787,social-graph-service,1
1650498787,social-graph-service,1
1650498787,social-graph-service,1
1650498787,social-graph-service,1
1650498787,social-graph-service,1
1650498787,social-graph-service,1
1650498787,social-graph-service,1
1650498787,social-graph-service,1
1650498787,social-graph-service,1
1650498788,social-graph-service,1
1650498788,social-graph-service,1
1650498788,social-graph-service,1
1650498789,social-graph-service,1
1650498789,social-graph-service,1
1650498789,social-graph-service,1
1650498789,social-graph-service,1
1650498789,social-graph-service,1
1650498789,social-graph-service,1
1650498790,social-graph-service,1
1650498790,social-graph-service,1
1650498790,social-graph-service,1
1650498790,social-graph-service,1
1650498790,social-graph-service,1
1650498790,social-graph-service,1
1650498791,social-graph-service,1
1650498791,social-graph-service,1
1650498791,social-graph-service,1
1650498792,social-graph-service,1
1650498792,social-graph-service,1
1650498792,social-graph-service,1
1650498793,social-graph-service,1
1650498793,social-graph-service,1
1650498793,social-graph-service,1
1650498793,social-graph-service,1
1650498793,social-graph-service,1
1650498793,social-graph-service,1
1650498794,social-graph-service,1
1650498794,social-graph-service,1
1650498794,social-graph-service,1
1650498794,social-graph-service,1
1650498794,social-graph-service,1
1650498795,social-graph-service,1
1650498795,social-graph-service,1
1650498795,social-graph-service,1
1650498795,social-graph-service,1
1650498795,social-graph-service,1
1650498795,social-graph-service,1
1650498795,social-graph-service,1
1650498796,social-graph-service,1
1650498796,social-graph-service,1
1650498796,social-graph-service,1
1650498796,social-graph-service,1
1650498796,social-graph-service,1
1650498796,social-graph-service,1
1650498797,social-graph-service,1
1650498797,social-graph-service,1
1650498797,social-graph-service,1
1650498798,social-graph-service,1
1650498798,social-graph-service,1
1650498798,social-graph-service,1
1650498798,social-graph-service,1
1650498798,social-graph-service,1
1650498798,social-graph-service,1
1650498799,social-graph-service,1
1650498799,social-graph-service,1
1650498799,social-graph-service,1
1650498800,social-graph-service,1
1650498800,social-graph-service,1
1650498800,social-graph-service,1
1650498800,social-graph-service,1
1650498800,social-graph-service,1
1650498800,social-graph-service,1
1650498801,social-graph-service,1
1650498801,social-graph-service,1
1650498801,social-graph-service,1
1650498801,social-graph-service,1
1650498801,social-graph-service,1
1650498801,social-graph-service,1
1650498801,social-graph-service,1
1650498801,social-graph-service,1
1650498801,social-graph-service,1
1650498802,social-graph-service,1
1650498802,social-graph-service,1
1650498802,social-graph-service,1
1650498803,social-graph-service,1
1650498803,social-graph-service,1
1650498803,social-graph-service,1
1650498803,social-graph-service,1
1650498804,social-graph-service,1
1650498804,social-graph-service,1
1650498804,social-graph-service,1
1650498804,social-graph-service,1
1650498804,social-graph-service,1
1650498805,social-graph-service,1
1650498805,social-graph-service,1
1650498805,social-graph-service,1
1650498805,social-graph-service,1
1650498805,social-graph-service,1
1650498805,social-graph-service,1
1650498805,social-graph-service,1
1650498805,social-graph-service,1
1650498805,social-graph-service,1
1650498806,social-graph-service,1
1650498806,social-graph-service,1
1650498806,social-graph-service,1
1650498807,social-graph-service,1
1650498807,social-graph-service,1
1650498807,social-graph-service,1
1650498808,social-graph-service,1
1650498808,social-graph-service,1
1650498808,social-graph-service,1
1650498809,social-graph-service,1
1650498809,social-graph-service,1
1650498809,social-graph-service,1
1650498809,social-graph-service,1
1650498809,social-graph-service,1
1650498809,social-graph-service,1
1650498810,social-graph-service,1
1650498810,social-graph-service,1
1650498810,social-graph-service,1
1650498810,social-graph-service,1
1650498810,social-graph-service,1
1650498810,social-graph-service,1
1650498810,social-graph-service,1
1650498810,social-graph-service,1
1650498810,social-graph-service,1
1650498810,social-graph-service,1
1650498810,social-graph-service,1
1650498810,social-graph-service,1
1650498811,social-graph-service,1
1650498811,social-graph-service,1
1650498811,social-graph-service,1
1650498812,social-graph-service,1
1650498812,social-graph-service,1
1650498812,social-graph-service,1
1650498813,social-graph-service,1
1650498813,social-graph-service,1
1650498813,social-graph-service,1
1650498814,social-graph-service,1
1650498814,social-graph-service,1
1650498814,social-graph-service,1
1650498814,social-graph-service,1
1650498814,social-graph-service,1
1650498814,social-graph-service,1
1650498815,social-graph-service,1
1650498815,social-graph-service,1
1650498815,social-graph-service,1
1650498816,social-graph-service,1
1650498816,social-graph-service,1
1650498816,social-graph-service,1
1650498817,social-graph-service,1
1650498817,social-graph-service,1
1650498817,social-graph-service,1
1650498817,social-graph-service,1
1650498817,social-graph-service,1
1650498817,social-graph-service,1
1650498817,social-graph-service,1
1650498817,social-graph-service,1
1650498817,social-graph-service,1
1650498818,social-graph-service,1
1650498818,social-graph-service,1
1650498818,social-graph-service,1
1650498819,social-graph-service,1
1650498819,social-graph-service,1
1650498819,social-graph-service,1
1650498820,social-graph-service,1
1650498820,social-graph-service,1
1650498820,social-graph-service,1
1650498820,social-graph-service,1
1650498820,social-graph-service,1
1650498820,social-graph-service,1
1650498821,social-graph-service,1
1650498821,social-graph-service,1
1650498821,social-graph-service,1
1650498821,social-graph-service,1
1650498821,social-graph-service,1
1650498821,social-graph-service,1
1650498822,social-graph-service,1
1650498822,social-graph-service,1
1650498822,social-graph-service,1
1650498823,social-graph-service,1
1650498823,social-graph-service,1
1650498823,social-graph-service,1
1650498824,social-graph-service,1
1650498824,social-graph-service,1
1650498824,social-graph-service,1
1650498824,social-graph-service,1
1650498824,social-graph-service,1
1650498824,social-graph-service,1
1650498825,social-graph-service,1
1650498825,social-graph-service,1
1650498825,social-graph-service,1
1650498825,social-graph-service,1
1650498825,social-graph-service,1
1650498825,social-graph-service,1
1650498826,social-graph-service,1
1650498826,social-graph-service,1
1650498826,social-graph-service,1
1650498826,social-graph-service,1
1650498826,social-graph-service,1
1650498826,social-graph-service,1
1650498827,social-graph-service,1
1650498827,social-graph-service,1
1650498827,social-graph-service,1
1650498827,social-graph-service,1
1650498827,social-graph-service,1
1650498827,social-graph-service,1
1650498828,social-graph-service,1
1650498828,social-graph-service,1
1650498828,social-graph-service,1
1650498828,social-graph-service,1
1650498828,social-graph-service,1
1650498828,social-graph-service,1
1650498829,social-graph-service,1
1650498829,social-graph-service,1
1650498829,social-graph-service,1
1650498829,social-graph-service,1
1650498829,social-graph-service,1
1650498829,social-graph-service,1
1650498829,social-graph-service,1
1650498829,social-graph-service,1
1650498829,social-graph-service,1
1650498830,social-graph-service,1
1650498830,social-graph-service,1
1650498830,social-graph-service,1
1650498830,social-graph-service,1
1650498830,social-graph-service,1
1650498830,social-graph-service,1
1650498830,social-graph-service,1
1650498830,social-graph-service,1
1650498830,social-graph-service,1
1650498831,social-graph-service,1
1650498831,social-graph-service,1
1650498831,social-graph-service,1
1650498831,social-graph-service,1
1650498832,social-graph-service,1
1650498832,social-graph-service,1
1650498832,social-graph-service,1
1650498832,social-graph-service,1
1650498832,social-graph-service,1
1650498832,social-graph-service,1
1650498832,social-graph-service,1
1650498832,social-graph-service,1
1650498833,social-graph-service,1
1650498833,social-graph-service,1
1650498833,social-graph-service,1
1650498834,social-graph-service,1
1650498834,social-graph-service,1
1650498834,social-graph-service,1
1650498834,social-graph-service,1
1650498834,social-graph-service,1
1650498834,social-graph-service,1
1650498834,social-graph-service,1
1650498834,social-graph-service,1
1650498834,social-graph-service,1
1650498835,social-graph-service,1
1650498835,social-graph-service,1
1650498835,social-graph-service,1
1650498836,social-graph-service,1
1650498836,social-graph-service,1
1650498836,social-graph-service,1
1650498836,social-graph-service,1
1650498836,social-graph-service,1
1650498836,social-graph-service,1
1650498837,social-graph-service,1
1650498837,social-graph-service,1
1650498837,social-graph-service,1
1650498837,social-graph-service,1
1650498837,social-graph-service,1
1650498837,social-graph-service,1
1650498838,social-graph-service,1
1650498838,social-graph-service,1
1650498838,social-graph-service,1
1650498838,social-graph-service,1
1650498838,social-graph-service,1
1650498838,social-graph-service,1
1650498839,social-graph-service,1
1650498839,social-graph-service,1
1650498839,social-graph-service,1
1650498840,social-graph-service,1
1650498840,social-graph-service,1
1650498840,social-graph-service,1
1650498840,social-graph-service,1
1650498840,social-graph-service,1
1650498840,social-graph-service,1
1650498841,social-graph-service,1
1650498841,social-graph-service,1
1650498841,social-graph-service,1
1650498841,social-graph-service,1
1650498841,social-graph-service,1
1650498841,social-graph-service,1
1650498841,social-graph-service,1
1650498841,social-graph-service,1
1650498841,social-graph-service,1
1650498842,social-graph-service,1
1650498842,social-graph-service,1
1650498842,social-graph-service,1
1650498843,social-graph-service,1
1650498843,social-graph-service,1
1650498843,social-graph-service,1
1650498843,social-graph-service,1
1650498843,social-graph-service,1
1650498843,social-graph-service,1
1650498844,social-graph-service,1
1650498844,social-graph-service,1
1650498844,social-graph-service,1
1650498844,social-graph-service,1
1650498844,social-graph-service,1
1650498844,social-graph-service,1
1650498845,social-graph-service,1
1650498845,social-graph-service,1
1650498845,social-graph-service,1
1650498846,social-graph-service,1
1650498846,social-graph-service,1
1650498846,social-graph-service,1
1650498846,social-graph-service,1
1650498846,social-graph-service,1
1650498846,social-graph-service,1
1650498847,social-graph-service,1
1650498847,social-graph-service,1
1650498847,social-graph-service,1
1650498847,social-graph-service,1
1650498847,social-graph-service,1
1650498847,social-graph-service,1
1650498848,social-graph-service,1
1650498848,social-graph-service,1
1650498848,social-graph-service,1
1650498848,social-graph-service,1
1650498848,social-graph-service,1
1650498848,social-graph-service,1
1650498849,social-graph-service,1
1650498849,social-graph-service,1
1650498849,social-graph-service,1
1650498849,social-graph-service,1
1650498849,social-graph-service,1
1650498849,social-graph-service,1
1650498850,social-graph-service,1
1650498850,social-graph-service,1
1650498850,social-graph-service,1
1650498850,social-graph-service,1
1650498850,social-graph-service,1
1650498850,social-graph-service,1
1650498851,social-graph-service,1
1650498851,social-graph-service,1
1650498851,social-graph-service,1
1650498851,social-graph-service,1
1650498851,social-graph-service,1
1650498851,social-graph-service,1
1650498851,social-graph-service,1
1650498851,social-graph-service,1
1650498851,social-graph-service,1
1650498852,social-graph-service,1
1650498852,social-graph-service,1
1650498852,social-graph-service,1
1650498852,social-graph-service,1
1650498852,social-graph-service,1
1650498852,social-graph-service,1
1650498853,social-graph-service,1
1650498853,social-graph-service,1
1650498853,social-graph-service,1
1650498854,social-graph-service,1
1650498854,social-graph-service,1
1650498854,social-graph-service,1
1650498855,social-graph-service,1
1650498855,social-graph-service,1
1650498855,social-graph-service,1
1650498855,social-graph-service,1
1650498855,social-graph-service,1
1650498855,social-graph-service,1
1650498856,social-graph-service,1
1650498856,social-graph-service,1
1650498856,social-graph-service,1
1650498856,social-graph-service,1
1650498856,social-graph-service,1
1650498856,social-graph-service,1
1650498857,social-graph-service,1
1650498857,social-graph-service,1
1650498857,social-graph-service,1
1650498857,social-graph-service,1
1650498857,social-graph-service,1
1650498857,social-graph-service,1
1650498857,social-graph-service,1
1650498857,social-graph-service,1
1650498857,social-graph-service,1
1650498858,social-graph-service,1
1650498858,social-graph-service,1
1650498858,social-graph-service,1
1650498858,social-graph-service,1
1650498858,social-graph-service,1
1650498858,social-graph-service,1
1650498858,social-graph-service,1
1650498858,social-graph-service,1
1650498858,social-graph-service,1
1650498859,social-graph-service,1
1650498859,social-graph-service,1
1650498859,social-graph-service,1
1650498859,social-graph-service,1
1650498859,social-graph-service,1
1650498859,social-graph-service,1
1650498860,social-graph-service,1
1650498860,social-graph-service,1
1650498860,social-graph-service,1
1650498861,social-graph-service,1
1650498861,social-graph-service,1
1650498861,social-graph-service,1
1650498861,social-graph-service,1
1650498861,social-graph-service,1
1650498861,social-graph-service,1
1650498862,social-graph-service,1
1650498862,social-graph-service,1
1650498862,social-graph-service,1
1650498862,social-graph-service,1
1650498862,social-graph-service,1
1650498862,social-graph-service,1
1650498862,social-graph-service,1
1650498862,social-graph-service,1
1650498862,social-graph-service,1
1650498863,social-graph-service,1
1650498863,social-graph-service,1
1650498863,social-graph-service,1
1650498864,social-graph-service,1
1650498864,social-graph-service,1
1650498864,social-graph-service,1
1650498864,social-graph-service,1
1650498864,social-graph-service,1
1650498864,social-graph-service,1
1650498865,social-graph-service,1
1650498865,social-graph-service,1
1650498865,social-graph-service,1
1650498866,social-graph-service,1
1650498866,social-graph-service,1
1650498866,social-graph-service,1
1650498866,social-graph-service,1
1650498866,social-graph-service,1
1650498866,social-graph-service,1
1650498867,social-graph-service,1
1650498867,social-graph-service,1
1650498867,social-graph-service,1
1650498868,social-graph-service,1
1650498868,social-graph-service,1
1650498868,social-graph-service,1
1650498868,social-graph-service,1
1650498868,social-graph-service,1
1650498868,social-graph-service,1
1650498869,social-graph-service,1
1650498869,social-graph-service,1
1650498869,social-graph-service,1
1650498869,social-graph-service,1
1650498869,social-graph-service,1
1650498869,social-graph-service,1
1650498869,social-graph-service,1
1650498869,social-graph-service,1
1650498869,social-graph-service,1
1650498869,social-graph-service,1
1650498869,social-graph-service,1
1650498869,social-graph-service,1
1650498870,social-graph-service,1
1650498870,social-graph-service,1
1650498870,social-graph-service,1
1650498871,social-graph-service,1
1650498871,social-graph-service,1
1650498871,social-graph-service,1
1650498872,social-graph-service,1
1650498872,social-graph-service,1
1650498872,social-graph-service,1
1650498872,social-graph-service,1
1650498872,social-graph-service,1
1650498872,social-graph-service,1
1650498872,social-graph-service,1
1650498872,social-graph-service,1
1650498872,social-graph-service,1
1650498873,social-graph-service,1
1650498873,social-graph-service,1
1650498873,social-graph-service,1
1650498874,social-graph-service,1
1650498874,social-graph-service,1
1650498874,social-graph-service,1
1650498875,social-graph-service,1
1650498875,social-graph-service,1
1650498875,social-graph-service,1
1650498876,social-graph-service,1
1650498876,social-graph-service,1
1650498876,social-graph-service,1
1650498876,social-graph-service,1
1650498876,social-graph-service,1
1650498876,social-graph-service,1
1650498877,social-graph-service,1
1650498877,social-graph-service,1
1650498877,social-graph-service,1
1650498878,social-graph-service,1
1650498878,social-graph-service,1
1650498878,social-graph-service,1
1650498879,social-graph-service,1
1650498879,social-graph-service,1
1650498879,social-graph-service,1
1650498879,social-graph-service,1
1650498879,social-graph-service,1
1650498879,social-graph-service,1
1650498880,social-graph-service,1
1650498880,social-graph-service,1
1650498880,social-graph-service,1
1650498880,social-graph-service,1
1650498880,social-graph-service,1
1650498880,social-graph-service,1
1650498880,social-graph-service,1
1650498880,social-graph-service,1
1650498880,social-graph-service,1
1650498881,social-graph-service,1
1650498881,social-graph-service,1
1650498881,social-graph-service,1
1650498881,social-graph-service,1
1650498881,social-graph-service,1
1650498881,social-graph-service,1
1650498881,social-graph-service,1
1650498881,social-graph-service,1
1650498881,social-graph-service,1
1650498882,social-graph-service,1
1650498882,social-graph-service,1
1650498882,social-graph-service,1
1650498882,social-graph-service,1
1650498882,social-graph-service,1
1650498882,social-graph-service,1
1650498883,social-graph-service,1
1650498883,social-graph-service,1
1650498883,social-graph-service,1
1650498884,social-graph-service,1
1650498884,social-graph-service,1
1650498884,social-graph-service,1
1650498885,social-graph-service,1
1650498885,social-graph-service,1
1650498885,social-graph-service,1
1650498886,social-graph-service,1
1650498886,social-graph-service,1
1650498886,social-graph-service,1
1650498886,social-graph-service,1
1650498886,social-graph-service,1
1650498886,social-graph-service,1
1650498887,social-graph-service,1
1650498887,social-graph-service,1
1650498887,social-graph-service,1
1650498888,social-graph-service,1
1650498888,social-graph-service,1
1650498888,social-graph-service,1
1650498889,social-graph-service,1
1650498889,social-graph-service,1
1650498889,social-graph-service,1
1650498890,social-graph-service,1
1650498890,social-graph-service,1
1650498890,social-graph-service,1
1650498891,social-graph-service,1
1650498891,social-graph-service,1
1650498891,social-graph-service,1
1650498892,social-graph-service,1
1650498892,social-graph-service,1
1650498892,social-graph-service,1
1650498892,social-graph-service,1
1650498892,social-graph-service,1
1650498892,social-graph-service,1
1650498893,social-graph-service,1
1650498893,social-graph-service,1
1650498893,social-graph-service,1
1650498893,social-graph-service,1
1650498893,social-graph-service,1
1650498893,social-graph-service,1
1650498893,social-graph-service,1
1650498893,social-graph-service,1
1650498893,social-graph-service,1
1650498894,social-graph-service,1
1650498894,social-graph-service,1
1650498894,social-graph-service,1
1650498895,social-graph-service,1
1650498895,social-graph-service,1
1650498895,social-graph-service,1
1650498895,social-graph-service,1
1650498895,social-graph-service,1
1650498895,social-graph-service,1
1650498896,social-graph-service,1
1650498896,social-graph-service,1
1650498896,social-graph-service,1
1650498896,social-graph-service,1
1650498896,social-graph-service,1
1650498896,social-graph-service,1
1650498897,social-graph-service,1
1650498897,social-graph-service,1
1650498897,social-graph-service,1
1650498898,social-graph-service,1
1650498898,social-graph-service,1
1650498898,social-graph-service,1
1650498899,social-graph-service,1
1650498899,social-graph-service,1
1650498899,social-graph-service,1
1650498899,social-graph-service,1
1650498899,social-graph-service,1
1650498899,social-graph-service,1
1650498900,social-graph-service,1
1650498900,social-graph-service,1
1650498900,social-graph-service,1
1650498900,social-graph-service,1
1650498900,social-graph-service,1
1650498900,social-graph-service,1
1650498901,social-graph-service,1
1650498901,social-graph-service,1
1650498901,social-graph-service,1
1650498901,social-graph-service,1
1650498901,social-graph-service,1
1650498901,social-graph-service,1
1650498902,social-graph-service,1
1650498902,social-graph-service,1
1650498902,social-graph-service,1
1650498903,social-graph-service,1
1650498903,social-graph-service,1
1650498903,social-graph-service,1
1650498904,social-graph-service,1
1650498904,social-graph-service,1
1650498904,social-graph-service,1
1650498905,social-graph-service,1
1650498905,social-graph-service,1
1650498905,social-graph-service,1
1650498905,social-graph-service,1
1650498905,social-graph-service,1
1650498905,social-graph-service,1
1650498905,social-graph-service,1
1650498905,social-graph-service,1
1650498905,social-graph-service,1
1650498906,social-graph-service,1
1650498906,social-graph-service,1
1650498906,social-graph-service,1
1650498907,social-graph-service,1
1650498907,social-graph-service,1
1650498907,social-graph-service,1
1650498908,social-graph-service,1
1650498908,social-graph-service,1
1650498908,social-graph-service,1
1650498908,social-graph-service,1
1650498908,social-graph-service,1
1650498908,social-graph-service,1
1650498909,social-graph-service,1
1650498909,social-graph-service,1
1650498909,social-graph-service,1
1650498909,social-graph-service,1
1650498909,social-graph-service,1
1650498909,social-graph-service,1
1650498910,social-graph-service,1
1650498910,social-graph-service,1
1650498910,social-graph-service,1
1650498910,social-graph-service,1
1650498910,social-graph-service,1
1650498910,social-graph-service,1
1650498911,social-graph-service,1
1650498911,social-graph-service,1
1650498911,social-graph-service,1
1650498911,social-graph-service,1
1650498911,social-graph-service,1
1650498911,social-graph-service,1
1650498911,social-graph-service,1
1650498911,social-graph-service,1
1650498911,social-graph-service,1
1650498912,social-graph-service,1
1650498912,social-graph-service,1
1650498912,social-graph-service,1
1650498913,social-graph-service,1
1650498913,social-graph-service,1
1650498913,social-graph-service,1
1650498913,social-graph-service,1
1650498913,social-graph-service,1
1650498913,social-graph-service,1
1650498914,social-graph-service,1
1650498914,social-graph-service,1
1650498914,social-graph-service,1
1650498915,social-graph-service,1
1650498915,social-graph-service,1
1650498915,social-graph-service,1
1650498915,social-graph-service,1
1650498915,social-graph-service,1
1650498915,social-graph-service,1
1650498915,social-graph-service,1
1650498915,social-graph-service,1
1650498915,social-graph-service,1
1650498915,social-graph-service,1
1650498915,social-graph-service,1
1650498915,social-graph-service,1
1650498916,social-graph-service,1
1650498916,social-graph-service,1
1650498916,social-graph-service,1
1650498917,social-graph-service,1
1650498917,social-graph-service,1
1650498917,social-graph-service,1
1650498917,social-graph-service,1
1650498917,social-graph-service,1
1650498917,social-graph-service,1
1650498918,social-graph-service,1
1650498918,social-graph-service,1
1650498918,social-graph-service,1
1650498918,social-graph-service,1
1650498918,social-graph-service,1
1650498918,social-graph-service,1
1650498919,social-graph-service,1
1650498919,social-graph-service,1
1650498919,social-graph-service,1
1650498920,social-graph-service,1
1650498920,social-graph-service,1
1650498920,social-graph-service,1
1650498920,social-graph-service,1
1650498921,social-graph-service,1
1650498921,social-graph-service,1
1650498921,social-graph-service,1
1650498921,social-graph-service,1
1650498921,social-graph-service,1
1650498921,social-graph-service,1
1650498921,social-graph-service,1
1650498921,social-graph-service,1
1650498922,social-graph-service,1
1650498922,social-graph-service,1
1650498922,social-graph-service,1
1650498923,social-graph-service,1
1650498923,social-graph-service,1
1650498923,social-graph-service,1
1650498923,social-graph-service,1
1650498923,social-graph-service,1
1650498923,social-graph-service,1
1650498923,social-graph-service,1
1650498923,social-graph-service,1
1650498923,social-graph-service,1
1650498924,social-graph-service,1
1650498924,social-graph-service,1
1650498924,social-graph-service,1
1650498925,social-graph-service,1
1650498925,social-graph-service,1
1650498925,social-graph-service,1
1650498925,social-graph-service,1
1650498925,social-graph-service,1
1650498925,social-graph-service,1
1650498926,social-graph-service,1
1650498926,social-graph-service,1
1650498926,social-graph-service,1
1650498927,social-graph-service,1
1650498927,social-graph-service,1
1650498927,social-graph-service,1
1650498927,social-graph-service,1
1650498927,social-graph-service,1
1650498927,social-graph-service,1
1650498928,social-graph-service,1
1650498928,social-graph-service,1
1650498928,social-graph-service,1
1650498928,social-graph-service,1
1650498928,social-graph-service,1
1650498928,social-graph-service,1
1650498929,social-graph-service,1
1650498929,social-graph-service,1
1650498929,social-graph-service,1
1650498929,social-graph-service,1
1650498929,social-graph-service,1
1650498929,social-graph-service,1
1650498930,social-graph-service,1
1650498930,social-graph-service,1
1650498930,social-graph-service,1
1650498931,social-graph-service,1
1650498931,social-graph-service,1
1650498931,social-graph-service,1
1650498932,social-graph-service,1
1650498932,social-graph-service,1
1650498932,social-graph-service,1
1650498932,social-graph-service,1
1650498932,social-graph-service,1
1650498932,social-graph-service,1
1650498933,social-graph-service,1
1650498933,social-graph-service,1
1650498933,social-graph-service,1
1650498934,social-graph-service,1
1650498934,social-graph-service,1
1650498934,social-graph-service,1
1650498935,social-graph-service,1
1650498935,social-graph-service,1
1650498935,social-graph-service,1
1650498935,social-graph-service,1
1650498935,social-graph-service,1
1650498935,social-graph-service,1
1650498935,social-graph-service,1
1650498935,social-graph-service,1
1650498936,social-graph-service,1
1650498936,social-graph-service,1
1650498936,social-graph-service,1
1650498936,social-graph-service,1
1650498937,social-graph-service,1
1650498937,social-graph-service,1
1650498937,social-graph-service,1
1650498938,social-graph-service,1
1650498938,social-graph-service,1
1650498938,social-graph-service,1
1650498939,social-graph-service,1
1650498939,social-graph-service,1
1650498939,social-graph-service,1
1650498939,social-graph-service,1
1650498939,social-graph-service,1
1650498939,social-graph-service,1
1650498939,social-graph-service,1
1650498939,social-graph-service,1
1650498939,social-graph-service,1
1650498940,social-graph-service,1
1650498940,social-graph-service,1
1650498940,social-graph-service,1
1650498940,social-graph-service,1
1650498940,social-graph-service,1
1650498940,social-graph-service,1
1650498941,social-graph-service,1
1650498941,social-graph-service,1
1650498941,social-graph-service,1
1650498941,social-graph-service,1
1650498942,social-graph-service,1
1650498942,social-graph-service,1
1650498942,social-graph-service,1
1650498942,social-graph-service,1
1650498942,social-graph-service,1
1650498943,social-graph-service,1
1650498943,social-graph-service,1
1650498943,social-graph-service,1
1650498943,social-graph-service,1
1650498943,social-graph-service,1
1650498943,social-graph-service,1
1650498943,social-graph-service,1
1650498943,social-graph-service,1
1650498943,social-graph-service,1
1650498944,social-graph-service,1
1650498944,social-graph-service,1
1650498944,social-graph-service,1
1650498945,social-graph-service,1
1650498945,social-graph-service,1
1650498945,social-graph-service,1
1650498945,social-graph-service,1
1650498945,social-graph-service,1
1650498945,social-graph-service,1
1650498945,social-graph-service,1
1650498945,social-graph-service,1
1650498945,social-graph-service,1
1650498946,social-graph-service,1
1650498946,social-graph-service,1
1650498946,social-graph-service,1
1650498947,social-graph-service,1
1650498947,social-graph-service,1
1650498947,social-graph-service,1
1650498948,social-graph-service,1
1650498948,social-graph-service,1
1650498948,social-graph-service,1
1650498948,social-graph-service,1
1650498948,social-graph-service,1
1650498948,social-graph-service,1
1650498948,social-graph-service,1
1650498948,social-graph-service,1
1650498948,social-graph-service,1
1650498949,social-graph-service,1
1650498949,social-graph-service,1
1650498949,social-graph-service,1
1650498950,social-graph-service,1
1650498950,social-graph-service,1
1650498950,social-graph-service,1
1650498950,social-graph-service,1
1650498950,social-graph-service,1
1650498950,social-graph-service,1
1650498950,social-graph-service,1
1650498950,social-graph-service,1
1650498950,social-graph-service,1
1650498951,social-graph-service,1
1650498951,social-graph-service,1
1650498951,social-graph-service,1
1650498951,social-graph-service,1
1650498951,social-graph-service,1
1650498951,social-graph-service,1
1650498951,social-graph-service,1
1650498951,social-graph-service,1
1650498951,social-graph-service,1
1650498951,social-graph-service,1
1650498951,social-graph-service,1
1650498951,social-graph-service,1
1650498952,social-graph-service,1
1650498952,social-graph-service,1
1650498952,social-graph-service,1
1650498952,social-graph-service,1
1650498952,social-graph-service,1
1650498952,social-graph-service,1
1650498953,social-graph-service,1
1650498953,social-graph-service,1
1650498953,social-graph-service,1
1650498954,social-graph-service,1
1650498954,social-graph-service,1
1650498954,social-graph-service,1
1650498954,social-graph-service,1
1650498954,social-graph-service,1
1650498954,social-graph-service,1
1650498955,social-graph-service,1
1650498955,social-graph-service,1
1650498955,social-graph-service,1
1650498955,social-graph-service,1
1650498955,social-graph-service,1
1650498955,social-graph-service,1
1650498956,social-graph-service,1
1650498956,social-graph-service,1
1650498956,social-graph-service,1
1650498957,social-graph-service,1
1650498957,social-graph-service,1
1650498957,social-graph-service,1
1650498958,social-graph-service,1
1650498958,social-graph-service,1
1650498958,social-graph-service,1
1650498958,social-graph-service,1
1650498958,social-graph-service,1
1650498958,social-graph-service,1
1650498958,social-graph-service,1
1650498958,social-graph-service,1
1650498958,social-graph-service,1
1650498959,social-graph-service,1
1650498959,social-graph-service,1
1650498959,social-graph-service,1
1650498959,social-graph-service,1
1650498959,social-graph-service,1
1650498959,social-graph-service,1
1650498960,social-graph-service,1
1650498960,social-graph-service,1
1650498960,social-graph-service,1
1650498961,social-graph-service,1
1650498961,social-graph-service,1
1650498961,social-graph-service,1
1650498961,social-graph-service,1
1650498961,social-graph-service,1
1650498961,social-graph-service,1
1650498962,social-graph-service,1
1650498962,social-graph-service,1
1650498962,social-graph-service,1
1650498962,social-graph-service,1
1650498962,social-graph-service,1
1650498962,social-graph-service,1
1650498963,social-graph-service,1
1650498963,social-graph-service,1
1650498963,social-graph-service,1
1650498964,social-graph-service,1
1650498964,social-graph-service,1
1650498964,social-graph-service,1
1650498964,social-graph-service,1
1650498964,social-graph-service,1
1650498964,social-graph-service,1
1650498965,social-graph-service,1
1650498965,social-graph-service,1
1650498965,social-graph-service,1
1650498966,social-graph-service,1
1650498966,social-graph-service,1
1650498966,social-graph-service,1
1650498967,social-graph-service,1
1650498967,social-graph-service,1
1650498967,social-graph-service,1
1650498968,social-graph-service,1
1650498968,social-graph-service,1
1650498968,social-graph-service,1
1650498968,social-graph-service,1
1650498968,social-graph-service,1
1650498968,social-graph-service,1
1650498968,social-graph-service,1
1650498968,social-graph-service,1
1650498968,social-graph-service,1
1650498968,social-graph-service,1
1650498968,social-graph-service,1
1650498968,social-graph-service,1
1650498968,social-graph-service,1
1650498968,social-graph-service,1
1650498968,social-graph-service,1
1650498969,social-graph-service,1
1650498969,social-graph-service,1
1650498969,social-graph-service,1
1650498970,social-graph-service,1
1650498970,social-graph-service,1
1650498970,social-graph-service,1
1650498970,social-graph-service,1
1650498970,social-graph-service,1
1650498970,social-graph-service,1
1650498970,social-graph-service,1
1650498970,social-graph-service,1
1650498970,social-graph-service,1
1650498971,social-graph-service,1
1650498971,social-graph-service,1
1650498971,social-graph-service,1
1650498971,social-graph-service,1
1650498971,social-graph-service,1
1650498971,social-graph-service,1
1650498972,social-graph-service,1
1650498972,social-graph-service,1
1650498972,social-graph-service,1
1650498972,social-graph-service,1
1650498972,social-graph-service,1
1650498972,social-graph-service,1
1650498973,social-graph-service,1
1650498973,social-graph-service,1
1650498973,social-graph-service,1
1650498973,social-graph-service,1
1650498973,social-graph-service,1
1650498973,social-graph-service,1
1650498974,social-graph-service,1
1650498974,social-graph-service,1
1650498974,social-graph-service,1
1650498975,social-graph-service,1
1650498975,social-graph-service,1
1650498975,social-graph-service,1
1650498975,social-graph-service,1
1650498975,social-graph-service,1
1650498975,social-graph-service,1
1650498976,social-graph-service,1
1650498976,social-graph-service,1
1650498976,social-graph-service,1
1650498976,social-graph-service,1
1650498976,social-graph-service,1
1650498976,social-graph-service,1
1650498977,social-graph-service,1
1650498977,social-graph-service,1
1650498977,social-graph-service,1
1650498978,social-graph-service,1
1650498978,social-graph-service,1
1650498978,social-graph-service,1
1650498978,social-graph-service,1
1650498978,social-graph-service,1
1650498978,social-graph-service,1
1650498979,social-graph-service,1
1650498979,social-graph-service,1
1650498979,social-graph-service,1
1650498979,social-graph-service,1
1650498979,social-graph-service,1
1650498979,social-graph-service,1
1650498979,social-graph-service,1
1650498979,social-graph-service,1
1650498979,social-graph-service,1
1650498980,social-graph-service,1
1650498980,social-graph-service,1
1650498980,social-graph-service,1
1650498980,social-graph-service,1
1650498980,social-graph-service,1
1650498980,social-graph-service,1
1650498981,social-graph-service,1
1650498981,social-graph-service,1
1650498981,social-graph-service,1
1650498982,social-graph-service,1
1650498982,social-graph-service,1
1650498982,social-graph-service,1
1650498983,social-graph-service,1
1650498983,social-graph-service,1
1650498983,social-graph-service,1
1650498983,social-graph-service,1
1650498983,social-graph-service,1
1650498983,social-graph-service,1
1650498983,social-graph-service,1
1650498983,social-graph-service,1
1650498983,social-graph-service,1
1650498984,social-graph-service,1
1650498984,social-graph-service,1
1650498984,social-graph-service,1
1650498985,social-graph-service,1
1650498985,social-graph-service,1
1650498985,social-graph-service,1
1650498985,social-graph-service,1
1650498986,social-graph-service,1
1650498986,social-graph-service,1
1650498986,social-graph-service,1
1650498986,social-graph-service,1
1650498986,social-graph-service,1
1650498986,social-graph-service,1
1650498986,social-graph-service,1
1650498986,social-graph-service,1
1650498987,social-graph-service,1
1650498987,social-graph-service,1
1650498987,social-graph-service,1
1650498988,social-graph-service,1
1650498988,social-graph-service,1
1650498988,social-graph-service,1
1650498988,social-graph-service,1
1650498988,social-graph-service,1
1650498988,social-graph-service,1
1650498989,social-graph-service,1
1650498989,social-graph-service,1
1650498989,social-graph-service,1
1650498989,social-graph-service,1
1650498989,social-graph-service,1
1650498989,social-graph-service,1
1650498990,social-graph-service,1
1650498990,social-graph-service,1
1650498990,social-graph-service,1
1650498991,social-graph-service,1
1650498991,social-graph-service,1
1650498991,social-graph-service,1
1650498991,social-graph-service,1
1650498991,social-graph-service,1
1650498991,social-graph-service,1
1650498992,social-graph-service,1
1650498992,social-graph-service,1
1650498992,social-graph-service,1
1650498993,social-graph-service,1
1650498993,social-graph-service,1
1650498993,social-graph-service,1
1650498994,social-graph-service,1
1650498994,social-graph-service,1
1650498994,social-graph-service,1
1650498994,social-graph-service,1
1650498994,social-graph-service,1
1650498995,social-graph-service,1
1650498995,social-graph-service,1
1650498995,social-graph-service,1
1650498995,social-graph-service,1
1650498995,social-graph-service,1
1650498995,social-graph-service,1
1650498995,social-graph-service,1
1650498996,social-graph-service,1
1650498996,social-graph-service,1
1650498996,social-graph-service,1
1650498997,social-graph-service,1
1650498997,social-graph-service,1
1650498997,social-graph-service,1
1650498997,social-graph-service,1
1650498997,social-graph-service,1
1650498997,social-graph-service,1
1650498998,social-graph-service,1
1650498998,social-graph-service,1
1650498998,social-graph-service,1
1650498999,social-graph-service,1
1650498999,social-graph-service,1
1650498999,social-graph-service,1
1650499000,social-graph-service,1
1650499000,social-graph-service,1
1650499000,social-graph-service,1
1650499000,social-graph-service,1
1650499000,social-graph-service,1
1650499001,social-graph-service,1
1650499001,social-graph-service,1
1650499001,social-graph-service,1
1650499001,social-graph-service,1
1650499002,social-graph-service,1
1650499002,social-graph-service,1
1650499002,social-graph-service,1
1650499003,social-graph-service,1
1650499003,social-graph-service,1
1650499003,social-graph-service,1
1650499003,social-graph-service,1
1650499003,social-graph-service,1
1650499003,social-graph-service,1
1650499004,social-graph-service,1
1650499004,social-graph-service,1
1650499004,social-graph-service,1
1650499004,social-graph-service,1
1650499004,social-graph-service,1
1650499004,social-graph-service,1
1650499005,social-graph-service,1
1650499005,social-graph-service,1
1650499005,social-graph-service,1
1650499005,social-graph-service,1
1650499005,social-graph-service,1
1650499005,social-graph-service,1
1650499006,social-graph-service,1
1650499006,social-graph-service,1
1650499006,social-graph-service,1
1650499007,social-graph-service,1
1650499007,social-graph-service,1
1650499007,social-graph-service,1
1650499007,social-graph-service,1
1650499007,social-graph-service,1
1650499007,social-graph-service,1
1650499008,social-graph-service,1
1650499008,social-graph-service,1
1650499008,social-graph-service,1
1650499008,social-graph-service,1
1650499008,social-graph-service,1
1650499008,social-graph-service,1
1650499009,social-graph-service,1
1650499009,social-graph-service,1
1650499009,social-graph-service,1
1650499010,social-graph-service,1
1650499010,social-graph-service,1
1650499010,social-graph-service,1
1650499010,social-graph-service,1
1650499010,social-graph-service,1
1650499010,social-graph-service,1
1650499011,social-graph-service,1
1650499011,social-graph-service,1
1650499011,social-graph-service,1
1650499012,social-graph-service,1
1650499012,social-graph-service,1
1650499012,social-graph-service,1
1650499013,social-graph-service,1
1650499013,social-graph-service,1
1650499013,social-graph-service,1
1650499013,social-graph-service,1
1650499013,social-graph-service,1
1650499013,social-graph-service,1
1650499013,social-graph-service,1
1650499013,social-graph-service,1
1650499013,social-graph-service,1
1650499014,social-graph-service,1
1650499014,social-graph-service,1
1650499014,social-graph-service,1
1650499015,social-graph-service,1
1650499015,social-graph-service,1
1650499015,social-graph-service,1
1650499016,social-graph-service,1
1650499016,social-graph-service,1
1650499016,social-graph-service,1
1650499017,social-graph-service,1
1650499017,social-graph-service,1
1650499017,social-graph-service,1
1650499017,social-graph-service,1
1650499017,social-graph-service,1
1650499018,social-graph-service,1
1650499019,social-graph-service,1
1650499019,social-graph-service,1
1650499019,social-graph-service,1
1650499019,social-graph-service,1
1650499019,social-graph-service,1
1650499019,social-graph-service,1
1650499020,social-graph-service,1
1650499020,social-graph-service,1
1650499020,social-graph-service,1
1650499020,social-graph-service,1
1650499020,social-graph-service,1
1650499020,social-graph-service,1
1650499021,social-graph-service,1
1650499021,social-graph-service,1
1650499021,social-graph-service,1
1650499021,social-graph-service,1
1650499021,social-graph-service,1
1650499021,social-graph-service,1
1650499022,social-graph-service,1
1650499022,social-graph-service,1
1650499022,social-graph-service,1
1650499023,social-graph-service,1
1650499023,social-graph-service,1
1650499023,social-graph-service,1
1650497590,compose-post-service,2
1650497590,compose-post-service,2
1650497591,compose-post-service,2
1650497591,compose-post-service,2
1650497592,compose-post-service,2
1650497592,compose-post-service,2
1650497593,compose-post-service,2
1650497593,compose-post-service,2
1650497594,compose-post-service,2
1650497595,compose-post-service,2
1650497596,compose-post-service,2
1650497596,compose-post-service,2
1650497596,compose-post-service,2
1650497597,compose-post-service,2
1650497597,compose-post-service,2
1650497598,compose-post-service,2
1650497599,compose-post-service,2
1650497599,compose-post-service,2
1650497599,compose-post-service,2
1650497600,compose-post-service,2
1650497600,compose-post-service,2
1650497600,compose-post-service,2
1650497601,compose-post-service,2
1650497601,compose-post-service,2
1650497602,compose-post-service,2
1650497603,compose-post-service,2
1650497604,compose-post-service,2
1650497604,compose-post-service,2
1650497605,compose-post-service,2
1650497606,compose-post-service,2
1650497606,compose-post-service,2
1650497607,compose-post-service,2
1650497608,compose-post-service,2
1650497609,compose-post-service,2
1650497609,compose-post-service,2
1650497610,compose-post-service,2
1650497611,compose-post-service,2
1650497611,compose-post-service,2
1650497612,compose-post-service,2
1650497612,compose-post-service,2
1650497612,compose-post-service,2
1650497613,compose-post-service,2
1650497614,compose-post-service,2
1650497614,compose-post-service,2
1650497615,compose-post-service,2
1650497615,compose-post-service,2
1650497616,compose-post-service,2
1650497617,compose-post-service,2
1650497617,compose-post-service,2
1650497617,compose-post-service,2
1650497618,compose-post-service,2
1650497618,compose-post-service,2
1650497619,compose-post-service,2
1650497619,compose-post-service,2
1650497619,compose-post-service,2
1650497620,compose-post-service,2
1650497621,compose-post-service,2
1650497621,compose-post-service,2
1650497622,compose-post-service,2
1650497623,compose-post-service,2
1650497623,compose-post-service,2
1650497624,compose-post-service,2
1650497624,compose-post-service,2
1650497625,compose-post-service,2
1650497625,compose-post-service,2
1650497626,compose-post-service,2
1650497626,compose-post-service,2
1650497627,compose-post-service,2
1650497627,compose-post-service,2
1650497628,compose-post-service,2
1650497629,compose-post-service,2
1650497629,compose-post-service,2
1650497630,compose-post-service,2
1650497630,compose-post-service,2
1650497630,compose-post-service,2
1650497631,compose-post-service,2
1650497632,compose-post-service,2
1650497633,compose-post-service,2
1650497634,compose-post-service,2
1650497634,compose-post-service,2
1650497635,compose-post-service,2
1650497636,compose-post-service,2
1650497636,compose-post-service,2
1650497637,compose-post-service,2
1650497637,compose-post-service,2
1650497638,compose-post-service,2
1650497639,compose-post-service,2
1650497639,compose-post-service,2
1650497640,compose-post-service,2
1650497641,compose-post-service,2
1650497642,compose-post-service,2
1650497642,compose-post-service,2
1650497642,compose-post-service,2
1650497643,compose-post-service,2
1650497643,compose-post-service,2
1650497644,compose-post-service,2
1650497644,compose-post-service,2
1650497645,compose-post-service,2
1650497645,compose-post-service,2
1650497646,compose-post-service,2
1650497647,compose-post-service,2
1650497647,compose-post-service,2
1650497648,compose-post-service,2
1650497649,compose-post-service,2
1650497650,compose-post-service,2
1650497650,compose-post-service,2
1650497651,compose-post-service,2
1650497652,compose-post-service,2
1650497652,compose-post-service,2
1650497652,compose-post-service,2
1650497653,compose-post-service,2
1650497653,compose-post-service,2
1650497654,compose-post-service,2
1650497655,compose-post-service,2
1650497655,compose-post-service,2
1650497655,compose-post-service,2
1650497656,compose-post-service,2
1650497657,compose-post-service,2
1650497657,compose-post-service,2
1650497658,compose-post-service,2
1650497658,compose-post-service,2
1650497658,compose-post-service,2
1650497659,compose-post-service,2
1650497659,compose-post-service,2
1650497660,compose-post-service,2
1650497660,compose-post-service,2
1650497661,compose-post-service,2
1650497661,compose-post-service,2
1650497662,compose-post-service,2
1650497662,compose-post-service,2
1650497663,compose-post-service,2
1650497663,compose-post-service,2
1650497664,compose-post-service,2
1650497664,compose-post-service,2
1650497665,compose-post-service,2
1650497666,compose-post-service,2
1650497666,compose-post-service,2
1650497667,compose-post-service,2
1650497668,compose-post-service,2
1650497668,compose-post-service,2
1650497668,compose-post-service,2
1650497669,compose-post-service,2
1650497670,compose-post-service,2
1650497671,compose-post-service,2
1650497672,compose-post-service,2
1650497673,compose-post-service,2
1650497673,compose-post-service,2
1650497674,compose-post-service,2
1650497675,compose-post-service,2
1650497676,compose-post-service,2
1650497677,compose-post-service,2
1650497677,compose-post-service,2
1650497678,compose-post-service,2
1650497679,compose-post-service,2
1650497679,compose-post-service,2
1650497679,compose-post-service,2
1650497680,compose-post-service,2
1650497680,compose-post-service,2
1650497681,compose-post-service,2
1650497681,compose-post-service,2
1650497682,compose-post-service,2
1650497682,compose-post-service,2
1650497683,compose-post-service,2
1650497683,compose-post-service,2
1650497684,compose-post-service,2
1650497685,compose-post-service,2
1650497685,compose-post-service,2
1650497685,compose-post-service,2
1650497686,compose-post-service,2
1650497686,compose-post-service,2
1650497687,compose-post-service,2
1650497688,compose-post-service,2
1650497688,compose-post-service,2
1650497689,compose-post-service,2
1650497690,compose-post-service,2
1650497690,compose-post-service,2
1650497691,compose-post-service,2
1650497691,compose-post-service,2
1650497692,compose-post-service,2
1650497692,compose-post-service,2
1650497693,compose-post-service,2
1650497693,compose-post-service,2
1650497694,compose-post-service,2
1650497694,compose-post-service,2
1650497694,compose-post-service,2
1650497695,compose-post-service,2
1650497695,compose-post-service,2
1650497696,compose-post-service,2
1650497696,compose-post-service,2
1650497697,compose-post-service,2
1650497697,compose-post-service,2
1650497698,compose-post-service,2
1650497699,compose-post-service,2
1650497700,compose-post-service,2
1650497701,compose-post-service,2
1650497701,compose-post-service,2
1650497701,compose-post-service,2
1650497701,compose-post-service,2
1650497702,compose-post-service,2
1650497703,compose-post-service,2
1650497703,compose-post-service,2
1650497704,compose-post-service,2
1650497704,compose-post-service,2
1650497705,compose-post-service,2
1650497705,compose-post-service,2
1650497706,compose-post-service,2
1650497707,compose-post-service,2
1650497707,compose-post-service,2
1650497708,compose-post-service,2
1650497708,compose-post-service,2
1650497709,compose-post-service,2
1650497710,compose-post-service,2
1650497710,compose-post-service,2
1650497710,compose-post-service,2
1650497711,compose-post-service,2
1650497711,compose-post-service,2
1650497712,compose-post-service,2
1650497713,compose-post-service,2
1650497714,compose-post-service,2
1650497715,compose-post-service,2
1650497715,compose-post-service,2
1650497715,compose-post-service,2
1650497716,compose-post-service,2
1650497717,compose-post-service,2
1650497717,compose-post-service,2
1650497718,compose-post-service,2
1650497719,compose-post-service,2
1650497720,compose-post-service,2
1650497720,compose-post-service,2
1650497721,compose-post-service,2
1650497722,compose-post-service,2
1650497723,compose-post-service,2
1650497723,compose-post-service,2
1650497724,compose-post-service,2
1650497724,compose-post-service,2
1650497725,compose-post-service,2
1650497726,compose-post-service,2
1650497727,compose-post-service,2
1650497727,compose-post-service,2
1650497728,compose-post-service,2
1650497729,compose-post-service,2
1650497730,compose-post-service,2
1650497730,compose-post-service,2
1650497731,compose-post-service,2
1650497731,compose-post-service,2
1650497732,compose-post-service,2
1650497732,compose-post-service,2
1650497733,compose-post-service,2
1650497733,compose-post-service,2
1650497733,compose-post-service,2
1650497733,compose-post-service,2
1650497734,compose-post-service,2
1650497735,compose-post-service,2
1650497736,compose-post-service,2
1650497737,compose-post-service,2
1650497737,compose-post-service,2
1650497737,compose-post-service,2
1650497738,compose-post-service,2
1650497739,compose-post-service,2
1650497739,compose-post-service,2
1650497739,compose-post-service,2
1650497740,compose-post-service,2
1650497741,compose-post-service,2
1650497741,compose-post-service,2
1650497742,compose-post-service,2
1650497743,compose-post-service,2
1650497743,compose-post-service,2
1650497743,compose-post-service,2
1650497744,compose-post-service,2
1650497745,compose-post-service,2
1650497746,compose-post-service,2
1650497746,compose-post-service,2
1650497747,compose-post-service,2
1650497747,compose-post-service,2
1650497747,compose-post-service,2
1650497748,compose-post-service,2
1650497749,compose-post-service,2
1650497749,compose-post-service,2
1650497749,compose-post-service,2
1650497750,compose-post-service,2
1650497750,compose-post-service,2
1650497750,compose-post-service,2
1650497751,compose-post-service,2
1650497752,compose-post-service,2
1650497753,compose-post-service,2
1650497753,compose-post-service,2
1650497753,compose-post-service,2
1650497754,compose-post-service,2
1650497754,compose-post-service,2
1650497755,compose-post-service,2
1650497755,compose-post-service,2
1650497756,compose-post-service,2
1650497756,compose-post-service,2
1650497757,compose-post-service,2
1650497758,compose-post-service,2
1650497758,compose-post-service,2
1650497759,compose-post-service,2
1650497760,compose-post-service,2
1650497760,compose-post-service,2
1650497761,compose-post-service,2
1650497762,compose-post-service,2
1650497763,compose-post-service,2
1650497763,compose-post-service,2
1650497764,compose-post-service,2
1650497765,compose-post-service,2
1650497765,compose-post-service,2
1650497766,compose-post-service,2
1650497766,compose-post-service,2
1650497767,compose-post-service,2
1650497768,compose-post-service,2
1650497768,compose-post-service,2
1650497769,compose-post-service,2
1650497770,compose-post-service,2
1650497770,compose-post-service,2
1650497771,compose-post-service,2
1650497771,compose-post-service,2
1650497771,compose-post-service,2
1650497772,compose-post-service,2
1650497772,compose-post-service,2
1650497773,compose-post-service,2
1650497773,compose-post-service,2
1650497774,compose-post-service,2
1650497774,compose-post-service,2
1650497775,compose-post-service,2
1650497775,compose-post-service,2
1650497775,compose-post-service,2
1650497776,compose-post-service,2
1650497777,compose-post-service,2
1650497778,compose-post-service,2
1650497779,compose-post-service,2
1650497779,compose-post-service,2
1650497780,compose-post-service,2
1650497780,compose-post-service,2
1650497781,compose-post-service,2
1650497781,compose-post-service,2
1650497782,compose-post-service,2
1650497783,compose-post-service,2
1650497783,compose-post-service,2
1650497783,compose-post-service,2
1650497785,compose-post-service,2
1650497785,compose-post-service,2
1650497786,compose-post-service,2
1650497786,compose-post-service,2
1650497787,compose-post-service,2
1650497788,compose-post-service,2
1650497788,compose-post-service,2
1650497789,compose-post-service,2
1650497790,compose-post-service,2
1650497790,compose-post-service,2
1650497791,compose-post-service,2
1650497791,compose-post-service,2
1650497791,compose-post-service,2
1650497792,compose-post-service,2
1650497792,compose-post-service,2
1650497793,compose-post-service,2
1650497793,compose-post-service,2
1650497794,compose-post-service,2
1650497795,compose-post-service,2
1650497795,compose-post-service,2
1650497796,compose-post-service,2
1650497797,compose-post-service,2
1650497798,compose-post-service,2
1650497798,compose-post-service,2
1650497799,compose-post-service,2
1650497800,compose-post-service,2
1650497800,compose-post-service,2
1650497801,compose-post-service,2
1650497801,compose-post-service,2
1650497802,compose-post-service,2
1650497802,compose-post-service,2
1650497803,compose-post-service,2
1650497804,compose-post-service,2
1650497804,compose-post-service,2
1650497805,compose-post-service,2
1650497805,compose-post-service,2
1650497806,compose-post-service,2
1650497806,compose-post-service,2
1650497806,compose-post-service,2
1650497807,compose-post-service,2
1650497808,compose-post-service,2
1650497808,compose-post-service,2
1650497809,compose-post-service,2
1650497810,compose-post-service,2
1650497810,compose-post-service,2
1650497811,compose-post-service,2
1650497811,compose-post-service,2
1650497812,compose-post-service,2
1650497812,compose-post-service,2
1650497812,compose-post-service,2
1650497813,compose-post-service,2
1650497813,compose-post-service,2
1650497814,compose-post-service,2
1650497815,compose-post-service,2
1650497815,compose-post-service,2
1650497816,compose-post-service,2
1650497816,compose-post-service,2
1650497817,compose-post-service,2
1650497818,compose-post-service,2
1650497819,compose-post-service,2
1650497819,compose-post-service,2
1650497819,compose-post-service,2
1650497820,compose-post-service,2
1650497821,compose-post-service,2
1650497821,compose-post-service,2
1650497822,compose-post-service,2
1650497822,compose-post-service,2
1650497822,compose-post-service,2
1650497823,compose-post-service,2
1650497824,compose-post-service,2
1650497825,compose-post-service,2
1650497825,compose-post-service,2
1650497825,compose-post-service,2
1650497826,compose-post-service,2
1650497827,compose-post-service,2
1650497827,compose-post-service,2
1650497828,compose-post-service,2
1650497829,compose-post-service,2
1650497829,compose-post-service,2
1650497830,compose-post-service,2
1650497830,compose-post-service,2
1650497831,compose-post-service,2
1650497831,compose-post-service,2
1650497831,compose-post-service,2
1650497832,compose-post-service,2
1650497833,compose-post-service,2
1650497833,compose-post-service,2
1650497834,compose-post-service,2
1650497834,compose-post-service,2
1650497835,compose-post-service,2
1650497836,compose-post-service,2
1650497836,compose-post-service,2
1650497836,compose-post-service,2
1650497837,compose-post-service,2
1650497838,compose-post-service,2
1650497839,compose-post-service,2
1650497839,compose-post-service,2
1650497840,compose-post-service,2
1650497840,compose-post-service,2
1650497841,compose-post-service,2
1650497841,compose-post-service,2
1650497842,compose-post-service,2
1650497842,compose-post-service,2
1650497843,compose-post-service,2
1650497843,compose-post-service,2
1650497844,compose-post-service,2
1650497845,compose-post-service,2
1650497845,compose-post-service,2
1650497845,compose-post-service,2
1650497846,compose-post-service,2
1650497847,compose-post-service,2
1650497848,compose-post-service,2
1650497848,compose-post-service,2
1650497849,compose-post-service,2
1650497849,compose-post-service,2
1650497850,compose-post-service,2
1650497850,compose-post-service,2
1650497851,compose-post-service,2
1650497852,compose-post-service,2
1650497852,compose-post-service,2
1650497853,compose-post-service,2
1650497854,compose-post-service,2
1650497855,compose-post-service,2
1650497855,compose-post-service,2
1650497856,compose-post-service,2
1650497856,compose-post-service,2
1650497857,compose-post-service,2
1650497858,compose-post-service,2
1650497859,compose-post-service,2
1650497859,compose-post-service,2
1650497859,compose-post-service,2
1650497860,compose-post-service,2
1650497860,compose-post-service,2
1650497861,compose-post-service,2
1650497861,compose-post-service,2
1650497862,compose-post-service,2
1650497862,compose-post-service,2
1650497863,compose-post-service,2
1650497864,compose-post-service,2
1650497864,compose-post-service,2
1650497865,compose-post-service,2
1650497866,compose-post-service,2
1650497866,compose-post-service,2
1650497867,compose-post-service,2
1650497867,compose-post-service,2
1650497868,compose-post-service,2
1650497868,compose-post-service,2
1650497869,compose-post-service,2
1650497869,compose-post-service,2
1650497869,compose-post-service,2
1650497870,compose-post-service,2
1650497871,compose-post-service,2
1650497871,compose-post-service,2
1650497872,compose-post-service,2
1650497873,compose-post-service,2
1650497873,compose-post-service,2
1650497873,compose-post-service,2
1650497874,compose-post-service,2
1650497874,compose-post-service,2
1650497875,compose-post-service,2
1650497875,compose-post-service,2
1650497876,compose-post-service,2
1650497876,compose-post-service,2
1650497877,compose-post-service,2
1650497878,compose-post-service,2
1650497879,compose-post-service,2
1650497880,compose-post-service,2
1650497881,compose-post-service,2
1650497881,compose-post-service,2
1650497882,compose-post-service,2
1650497883,compose-post-service,2
1650497883,compose-post-service,2
1650497884,compose-post-service,2
1650497885,compose-post-service,2
1650497885,compose-post-service,2
1650497886,compose-post-service,2
1650497886,compose-post-service,2
1650497887,compose-post-service,2
1650497887,compose-post-service,2
1650497888,compose-post-service,2
1650497888,compose-post-service,2
1650497889,compose-post-service,2
1650497889,compose-post-service,2
1650497890,compose-post-service,2
1650497891,compose-post-service,2
1650497891,compose-post-service,2
1650497892,compose-post-service,2
1650497893,compose-post-service,2
1650497893,compose-post-service,2
1650497894,compose-post-service,2
1650497894,compose-post-service,2
1650497894,compose-post-service,2
1650497895,compose-post-service,2
1650497896,compose-post-service,2
1650497896,compose-post-service,2
1650497897,compose-post-service,2
1650497898,compose-post-service,2
1650497898,compose-post-service,2
1650497899,compose-post-service,2
1650497900,compose-post-service,2
1650497901,compose-post-service,2
1650497902,compose-post-service,2
1650497902,compose-post-service,2
1650497903,compose-post-service,2
1650497903,compose-post-service,2
1650497903,compose-post-service,2
1650497904,compose-post-service,2
1650497905,compose-post-service,2
1650497905,compose-post-service,2
1650497906,compose-post-service,2
1650497907,compose-post-service,2
1650497907,compose-post-service,2
1650497908,compose-post-service,2
1650497908,compose-post-service,2
1650497908,compose-post-service,2
1650497909,compose-post-service,2
1650497909,compose-post-service,2
1650497910,compose-post-service,2
1650497910,compose-post-service,2
1650497911,compose-post-service,2
1650497911,compose-post-service,2
1650497912,compose-post-service,2
1650497913,compose-post-service,2
1650497913,compose-post-service,2
1650497914,compose-post-service,2
1650497916,compose-post-service,2
1650497916,compose-post-service,2
1650497916,compose-post-service,2
1650497917,compose-post-service,2
1650497917,compose-post-service,2
1650497918,compose-post-service,2
1650497919,compose-post-service,2
1650497919,compose-post-service,2
1650497919,compose-post-service,2
1650497920,compose-post-service,2
1650497921,compose-post-service,2
1650497921,compose-post-service,2
1650497921,compose-post-service,2
1650497922,compose-post-service,2
1650497922,compose-post-service,2
1650497923,compose-post-service,2
1650497923,compose-post-service,2
1650497924,compose-post-service,2
1650497925,compose-post-service,2
1650497925,compose-post-service,2
1650497926,compose-post-service,2
1650497926,compose-post-service,2
1650497926,compose-post-service,2
1650497927,compose-post-service,2
1650497927,compose-post-service,2
1650497928,compose-post-service,2
1650497929,compose-post-service,2
1650497929,compose-post-service,2
1650497929,compose-post-service,2
1650497929,compose-post-service,2
1650497929,compose-post-service,2
1650497930,compose-post-service,2
1650497931,compose-post-service,2
1650497931,compose-post-service,2
1650497932,compose-post-service,2
1650497933,compose-post-service,2
1650497933,compose-post-service,2
1650497933,compose-post-service,2
1650497934,compose-post-service,2
1650497934,compose-post-service,2
1650497935,compose-post-service,2
1650497935,compose-post-service,2
1650497936,compose-post-service,2
1650497937,compose-post-service,2
1650497937,compose-post-service,2
1650497938,compose-post-service,2
1650497939,compose-post-service,2
1650497939,compose-post-service,2
1650497940,compose-post-service,2
1650497941,compose-post-service,2
1650497941,compose-post-service,2
1650497942,compose-post-service,2
1650497943,compose-post-service,2
1650497943,compose-post-service,2
1650497944,compose-post-service,2
1650497944,compose-post-service,2
1650497944,compose-post-service,2
1650497945,compose-post-service,2
1650497946,compose-post-service,2
1650497946,compose-post-service,2
1650497947,compose-post-service,2
1650497948,compose-post-service,2
1650497949,compose-post-service,2
1650497950,compose-post-service,2
1650497950,compose-post-service,2
1650497951,compose-post-service,2
1650497951,compose-post-service,2
1650497952,compose-post-service,2
1650497952,compose-post-service,2
1650497953,compose-post-service,2
1650497954,compose-post-service,2
1650497955,compose-post-service,2
1650497955,compose-post-service,2
1650497956,compose-post-service,2
1650497956,compose-post-service,2
1650497957,compose-post-service,2
1650497957,compose-post-service,2
1650497957,compose-post-service,2
1650497958,compose-post-service,2
1650497958,compose-post-service,2
1650497959,compose-post-service,2
1650497959,compose-post-service,2
1650497960,compose-post-service,2
1650497961,compose-post-service,2
1650497961,compose-post-service,2
1650497961,compose-post-service,2
1650497962,compose-post-service,2
1650497962,compose-post-service,2
1650497963,compose-post-service,2
1650497964,compose-post-service,2
1650497964,compose-post-service,2
1650497965,compose-post-service,2
1650497966,compose-post-service,2
1650497966,compose-post-service,2
1650497966,compose-post-service,2
1650497966,compose-post-service,2
1650497966,compose-post-service,2
1650497967,compose-post-service,2
1650497967,compose-post-service,2
1650497967,compose-post-service,2
1650497968,compose-post-service,2
1650497968,compose-post-service,2
1650497969,compose-post-service,2
1650497969,compose-post-service,2
1650497970,compose-post-service,2
1650497970,compose-post-service,2
1650497971,compose-post-service,2
1650497972,compose-post-service,2
1650497973,compose-post-service,2
1650497973,compose-post-service,2
1650497973,compose-post-service,2
1650497974,compose-post-service,2
1650497974,compose-post-service,2
1650497975,compose-post-service,2
1650497975,compose-post-service,2
1650497975,compose-post-service,2
1650497976,compose-post-service,2
1650497977,compose-post-service,2
1650497978,compose-post-service,2
1650497979,compose-post-service,2
1650497979,compose-post-service,2
1650497980,compose-post-service,2
1650497980,compose-post-service,2
1650497981,compose-post-service,2
1650497982,compose-post-service,2
1650497983,compose-post-service,2
1650497983,compose-post-service,2
1650497983,compose-post-service,2
1650497984,compose-post-service,2
1650497984,compose-post-service,2
1650497985,compose-post-service,2
1650497985,compose-post-service,2
1650497986,compose-post-service,2
1650497987,compose-post-service,2
1650497987,compose-post-service,2
1650497988,compose-post-service,2
1650497989,compose-post-service,2
1650497989,compose-post-service,2
1650497990,compose-post-service,2
1650497990,compose-post-service,2
1650497991,compose-post-service,2
1650497991,compose-post-service,2
1650497991,compose-post-service,2
1650497992,compose-post-service,2
1650497992,compose-post-service,2
1650497993,compose-post-service,2
1650497993,compose-post-service,2
1650497994,compose-post-service,2
1650497995,compose-post-service,2
1650497996,compose-post-service,2
1650497997,compose-post-service,2
1650497997,compose-post-service,2
1650497997,compose-post-service,2
1650497998,compose-post-service,2
1650497998,compose-post-service,2
1650497999,compose-post-service,2
1650498000,compose-post-service,2
1650498000,compose-post-service,2
1650498001,compose-post-service,2
1650498001,compose-post-service,2
1650498002,compose-post-service,2
1650498003,compose-post-service,2
1650498004,compose-post-service,2
1650498005,compose-post-service,2
1650498005,compose-post-service,2
1650498006,compose-post-service,2
1650498006,compose-post-service,2
1650498006,compose-post-service,2
1650498007,compose-post-service,2
1650498007,compose-post-service,2
1650498007,compose-post-service,2
1650498009,compose-post-service,2
1650498009,compose-post-service,2
1650498009,compose-post-service,2
1650498010,compose-post-service,2
1650498010,compose-post-service,2
1650498011,compose-post-service,2
1650498011,compose-post-service,2
1650498012,compose-post-service,2
1650498012,compose-post-service,2
1650498013,compose-post-service,2
1650498014,compose-post-service,2
1650498014,compose-post-service,2
1650498015,compose-post-service,2
1650498015,compose-post-service,2
1650498016,compose-post-service,2
1650498017,compose-post-service,2
1650498018,compose-post-service,2
1650498018,compose-post-service,2
1650498019,compose-post-service,2
1650498020,compose-post-service,2
1650498020,compose-post-service,2
1650498020,compose-post-service,2
1650498021,compose-post-service,2
1650498021,compose-post-service,2
1650498021,compose-post-service,2
1650498022,compose-post-service,2
1650498023,compose-post-service,2
1650498023,compose-post-service,2
1650498023,compose-post-service,2
1650498023,compose-post-service,2
1650498024,compose-post-service,2
1650498025,compose-post-service,2
1650498026,compose-post-service,2
1650498026,compose-post-service,2
1650498027,compose-post-service,2
1650498027,compose-post-service,2
1650498028,compose-post-service,2
1650498029,compose-post-service,2
1650498029,compose-post-service,2
1650498029,compose-post-service,2
1650498030,compose-post-service,2
1650498031,compose-post-service,2
1650498032,compose-post-service,2
1650498032,compose-post-service,2
1650498032,compose-post-service,2
1650498033,compose-post-service,2
1650498033,compose-post-service,2
1650498033,compose-post-service,2
1650498034,compose-post-service,2
1650498034,compose-post-service,2
1650498035,compose-post-service,2
1650498035,compose-post-service,2
1650498036,compose-post-service,2
1650498037,compose-post-service,2
1650498037,compose-post-service,2
1650498038,compose-post-service,2
1650498038,compose-post-service,2
1650498039,compose-post-service,2
1650498040,compose-post-service,2
1650498040,compose-post-service,2
1650498040,compose-post-service,2
1650498040,compose-post-service,2
1650498041,compose-post-service,2
1650498042,compose-post-service,2
1650498042,compose-post-service,2
1650498042,compose-post-service,2
1650498042,compose-post-service,2
1650498043,compose-post-service,2
1650498044,compose-post-service,2
1650498045,compose-post-service,2
1650498046,compose-post-service,2
1650498046,compose-post-service,2
1650498047,compose-post-service,2
1650498048,compose-post-service,2
1650498048,compose-post-service,2
1650498049,compose-post-service,2
1650498049,compose-post-service,2
1650498050,compose-post-service,2
1650498050,compose-post-service,2
1650498050,compose-post-service,2
1650498050,compose-post-service,2
1650498051,compose-post-service,2
1650498052,compose-post-service,2
1650498052,compose-post-service,2
1650498053,compose-post-service,2
1650498053,compose-post-service,2
1650498053,compose-post-service,2
1650498054,compose-post-service,2
1650498054,compose-post-service,2
1650498055,compose-post-service,2
1650498055,compose-post-service,2
1650498055,compose-post-service,2
1650498056,compose-post-service,2
1650498057,compose-post-service,2
1650498057,compose-post-service,2
1650498058,compose-post-service,2
1650498058,compose-post-service,2
1650498059,compose-post-service,2
1650498059,compose-post-service,2
1650498059,compose-post-service,2
1650498060,compose-post-service,2
1650498060,compose-post-service,2
1650498061,compose-post-service,2
1650498061,compose-post-service,2
1650498062,compose-post-service,2
1650498062,compose-post-service,2
1650498063,compose-post-service,2
1650498064,compose-post-service,2
1650498064,compose-post-service,2
1650498065,compose-post-service,2
1650498065,compose-post-service,2
1650498066,compose-post-service,2
1650498067,compose-post-service,2
1650498068,compose-post-service,2
1650498069,compose-post-service,2
1650498069,compose-post-service,2
1650498070,compose-post-service,2
1650498070,compose-post-service,2
1650498071,compose-post-service,2
1650498072,compose-post-service,2
1650498073,compose-post-service,2
1650498074,compose-post-service,2
1650498074,compose-post-service,2
1650498075,compose-post-service,2
1650498075,compose-post-service,2
1650498076,compose-post-service,2
1650498077,compose-post-service,2
1650498077,compose-post-service,2
1650498078,compose-post-service,2
1650498078,compose-post-service,2
1650498079,compose-post-service,2
1650498079,compose-post-service,2
1650498080,compose-post-service,2
1650498080,compose-post-service,2
1650498081,compose-post-service,2
1650498081,compose-post-service,2
1650498082,compose-post-service,2
1650498083,compose-post-service,2
1650498083,compose-post-service,2
1650498084,compose-post-service,2
1650498085,compose-post-service,2
1650498085,compose-post-service,2
1650498086,compose-post-service,2
1650498086,compose-post-service,2
1650498087,compose-post-service,2
1650498088,compose-post-service,2
1650498088,compose-post-service,2
1650498089,compose-post-service,2
1650498090,compose-post-service,2
1650498090,compose-post-service,2
1650498090,compose-post-service,2
1650498091,compose-post-service,2
1650498092,compose-post-service,2
1650498092,compose-post-service,2
1650498092,compose-post-service,2
1650498092,compose-post-service,2
1650498093,compose-post-service,2
1650498093,compose-post-service,2
1650498093,compose-post-service,2
1650498094,compose-post-service,2
1650498094,compose-post-service,2
1650498095,compose-post-service,2
1650498095,compose-post-service,2
1650498096,compose-post-service,2
1650498097,compose-post-service,2
1650498097,compose-post-service,2
1650498098,compose-post-service,2
1650498098,compose-post-service,2
1650498099,compose-post-service,2
1650498100,compose-post-service,2
1650498101,compose-post-service,2
1650498101,compose-post-service,2
1650498101,compose-post-service,2
1650498102,compose-post-service,2
1650498103,compose-post-service,2
1650498103,compose-post-service,2
1650498104,compose-post-service,2
1650498104,compose-post-service,2
1650498105,compose-post-service,2
1650498105,compose-post-service,2
1650498106,compose-post-service,2
1650498107,compose-post-service,2
1650498108,compose-post-service,2
1650498108,compose-post-service,2
1650498108,compose-post-service,2
1650498108,compose-post-service,2
1650498109,compose-post-service,2
1650498109,compose-post-service,2
1650498110,compose-post-service,2
1650498110,compose-post-service,2
1650498111,compose-post-service,2
1650498112,compose-post-service,2
1650498112,compose-post-service,2
1650498113,compose-post-service,2
1650498113,compose-post-service,2
1650498114,compose-post-service,2
1650498115,compose-post-service,2
1650498115,compose-post-service,2
1650498116,compose-post-service,2
1650498117,compose-post-service,2
1650498118,compose-post-service,2
1650498118,compose-post-service,2
1650498118,compose-post-service,2
1650498118,compose-post-service,2
1650498119,compose-post-service,2
1650498120,compose-post-service,2
1650498121,compose-post-service,2
1650498121,compose-post-service,2
1650498121,compose-post-service,2
1650498122,compose-post-service,2
1650498122,compose-post-service,2
1650498123,compose-post-service,2
1650498123,compose-post-service,2
1650498124,compose-post-service,2
1650498124,compose-post-service,2
1650498124,compose-post-service,2
1650498124,compose-post-service,2
1650498125,compose-post-service,2
1650498126,compose-post-service,2
1650498126,compose-post-service,2
1650498127,compose-post-service,2
1650498128,compose-post-service,2
1650498128,compose-post-service,2
1650498129,compose-post-service,2
1650498130,compose-post-service,2
1650498130,compose-post-service,2
1650498130,compose-post-service,2
1650498131,compose-post-service,2
1650498131,compose-post-service,2
1650498132,compose-post-service,2
1650498132,compose-post-service,2
1650498133,compose-post-service,2
1650498134,compose-post-service,2
1650498134,compose-post-service,2
1650498135,compose-post-service,2
1650498135,compose-post-service,2
1650498135,compose-post-service,2
1650498136,compose-post-service,2
1650498136,compose-post-service,2
1650498137,compose-post-service,2
1650498138,compose-post-service,2
1650498138,compose-post-service,2
1650498138,compose-post-service,2
1650498139,compose-post-service,2
1650498140,compose-post-service,2
1650498140,compose-post-service,2
1650498141,compose-post-service,2
1650498142,compose-post-service,2
1650498142,compose-post-service,2
1650498143,compose-post-service,2
1650498144,compose-post-service,2
1650498144,compose-post-service,2
1650498145,compose-post-service,2
1650498146,compose-post-service,2
1650498146,compose-post-service,2
1650498147,compose-post-service,2
1650498147,compose-post-service,2
1650498148,compose-post-service,2
1650498148,compose-post-service,2
1650498148,compose-post-service,2
1650498149,compose-post-service,2
1650498150,compose-post-service,2
1650498150,compose-post-service,2
1650498151,compose-post-service,2
1650498151,compose-post-service,2
1650498152,compose-post-service,2
1650498152,compose-post-service,2
1650498153,compose-post-service,2
1650498153,compose-post-service,2
1650498154,compose-post-service,2
1650498154,compose-post-service,2
1650498155,compose-post-service,2
1650498156,compose-post-service,2
1650498156,compose-post-service,2
1650498157,compose-post-service,2
1650498158,compose-post-service,2
1650498159,compose-post-service,2
1650498159,compose-post-service,2
1650498160,compose-post-service,2
1650498160,compose-post-service,2
1650498160,compose-post-service,2
1650498161,compose-post-service,2
1650498161,compose-post-service,2
1650498161,compose-post-service,2
1650498162,compose-post-service,2
1650498162,compose-post-service,2
1650498162,compose-post-service,2
1650498162,compose-post-service,2
1650498162,compose-post-service,2
1650498163,compose-post-service,2
1650498164,compose-post-service,2
1650498164,compose-post-service,2
1650498165,compose-post-service,2
1650498166,compose-post-service,2
1650498166,compose-post-service,2
1650498166,compose-post-service,2
1650498167,compose-post-service,2
1650498168,compose-post-service,2
1650498168,compose-post-service,2
1650498169,compose-post-service,2
1650498170,compose-post-service,2
1650498171,compose-post-service,2
1650498172,compose-post-service,2
1650498172,compose-post-service,2
1650498173,compose-post-service,2
1650498174,compose-post-service,2
1650498174,compose-post-service,2
1650498175,compose-post-service,2
1650498175,compose-post-service,2
1650498176,compose-post-service,2
1650498177,compose-post-service,2
1650498178,compose-post-service,2
1650498179,compose-post-service,2
1650498179,compose-post-service,2
1650498179,compose-post-service,2
1650498179,compose-post-service,2
1650498180,compose-post-service,2
1650498181,compose-post-service,2
1650498181,compose-post-service,2
1650498181,compose-post-service,2
1650498182,compose-post-service,2
1650498182,compose-post-service,2
1650498183,compose-post-service,2
1650498184,compose-post-service,2
1650498184,compose-post-service,2
1650498185,compose-post-service,2
1650498186,compose-post-service,2
1650498186,compose-post-service,2
1650498187,compose-post-service,2
1650498187,compose-post-service,2
1650498187,compose-post-service,2
1650498187,compose-post-service,2
1650498188,compose-post-service,2
1650498189,compose-post-service,2
1650498189,compose-post-service,2
1650498190,compose-post-service,2
1650498191,compose-post-service,2
1650498191,compose-post-service,2
1650498192,compose-post-service,2
1650498192,compose-post-service,2
1650498193,compose-post-service,2
1650498193,compose-post-service,2
1650498194,compose-post-service,2
1650498195,compose-post-service,2
1650498195,compose-post-service,2
1650498196,compose-post-service,2
1650498196,compose-post-service,2
1650498197,compose-post-service,2
1650498197,compose-post-service,2
1650498198,compose-post-service,2
1650498199,compose-post-service,2
1650498199,compose-post-service,2
1650498200,compose-post-service,2
1650498201,compose-post-service,2
1650498201,compose-post-service,2
1650498202,compose-post-service,2
1650498203,compose-post-service,2
1650498203,compose-post-service,2
1650498203,compose-post-service,2
1650498203,compose-post-service,2
1650498204,compose-post-service,2
1650498205,compose-post-service,2
1650498206,compose-post-service,2
1650498206,compose-post-service,2
1650498207,compose-post-service,2
1650498207,compose-post-service,2
1650498208,compose-post-service,2
1650498209,compose-post-service,2
1650498210,compose-post-service,2
1650498210,compose-post-service,2
1650498210,compose-post-service,2
1650498211,compose-post-service,2
1650498211,compose-post-service,2
1650498211,compose-post-service,2
1650498212,compose-post-service,2
1650498212,compose-post-service,2
1650498213,compose-post-service,2
1650498214,compose-post-service,2
1650498214,compose-post-service,2
1650498215,compose-post-service,2
1650498216,compose-post-service,2
1650498216,compose-post-service,2
1650498217,compose-post-service,2
1650498218,compose-post-service,2
1650498218,compose-post-service,2
1650498219,compose-post-service,2
1650498220,compose-post-service,2
1650498221,compose-post-service,2
1650498222,compose-post-service,2
1650498222,compose-post-service,2
1650498222,compose-post-service,2
1650498222,compose-post-service,2
1650498223,compose-post-service,2
1650498224,compose-post-service,2
1650498224,compose-post-service,2
1650498224,compose-post-service,2
1650498225,compose-post-service,2
1650498225,compose-post-service,2
1650498225,compose-post-service,2
1650498226,compose-post-service,2
1650498227,compose-post-service,2
1650498227,compose-post-service,2
1650498228,compose-post-service,2
1650498229,compose-post-service,2
1650498230,compose-post-service,2
1650498231,compose-post-service,2
1650498231,compose-post-service,2
1650498232,compose-post-service,2
1650498233,compose-post-service,2
1650498233,compose-post-service,2
1650498234,compose-post-service,2
1650498234,compose-post-service,2
1650498235,compose-post-service,2
1650498236,compose-post-service,2
1650498237,compose-post-service,2
1650498237,compose-post-service,2
1650498238,compose-post-service,2
1650498239,compose-post-service,2
1650498239,compose-post-service,2
1650498239,compose-post-service,2
1650498239,compose-post-service,2
1650498239,compose-post-service,2
1650498240,compose-post-service,2
1650498241,compose-post-service,2
1650498241,compose-post-service,2
1650498241,compose-post-service,2
1650498242,compose-post-service,2
1650498242,compose-post-service,2
1650498243,compose-post-service,2
1650498243,compose-post-service,2
1650498244,compose-post-service,2
1650498244,compose-post-service,2
1650498244,compose-post-service,2
1650498245,compose-post-service,2
1650498245,compose-post-service,2
1650498246,compose-post-service,2
1650498247,compose-post-service,2
1650498248,compose-post-service,2
1650498248,compose-post-service,2
1650498249,compose-post-service,2
1650498249,compose-post-service,2
1650498250,compose-post-service,2
1650498250,compose-post-service,2
1650498250,compose-post-service,2
1650498251,compose-post-service,2
1650498252,compose-post-service,2
1650498252,compose-post-service,2
1650498253,compose-post-service,2
1650498254,compose-post-service,2
1650498254,compose-post-service,2
1650498255,compose-post-service,2
1650498255,compose-post-service,2
1650498255,compose-post-service,2
1650498256,compose-post-service,2
1650498257,compose-post-service,2
1650498257,compose-post-service,2
1650498257,compose-post-service,2
1650498258,compose-post-service,2
1650498259,compose-post-service,2
1650498259,compose-post-service,2
1650498260,compose-post-service,2
1650498260,compose-post-service,2
1650498260,compose-post-service,2
1650498261,compose-post-service,2
1650498262,compose-post-service,2
1650498262,compose-post-service,2
1650498262,compose-post-service,2
1650498263,compose-post-service,2
1650498263,compose-post-service,2
1650498264,compose-post-service,2
1650498264,compose-post-service,2
1650498265,compose-post-service,2
1650498266,compose-post-service,2
1650498266,compose-post-service,2
1650498267,compose-post-service,2
1650498267,compose-post-service,2
1650498268,compose-post-service,2
1650498268,compose-post-service,2
1650498269,compose-post-service,2
1650498270,compose-post-service,2
1650498270,compose-post-service,2
1650498270,compose-post-service,2
1650498271,compose-post-service,2
1650498271,compose-post-service,2
1650498272,compose-post-service,2
1650498272,compose-post-service,2
1650498273,compose-post-service,2
1650498273,compose-post-service,2
1650498273,compose-post-service,2
1650498274,compose-post-service,2
1650498274,compose-post-service,2
1650498275,compose-post-service,2
1650498275,compose-post-service,2
1650498276,compose-post-service,2
1650498277,compose-post-service,2
1650498278,compose-post-service,2
1650498278,compose-post-service,2
1650498279,compose-post-service,2
1650498280,compose-post-service,2
1650498280,compose-post-service,2
1650498281,compose-post-service,2
1650498281,compose-post-service,2
1650498282,compose-post-service,2
1650498283,compose-post-service,2
1650498284,compose-post-service,2
1650498284,compose-post-service,2
1650498285,compose-post-service,2
1650498285,compose-post-service,2
1650498286,compose-post-service,2
1650498286,compose-post-service,2
1650498287,compose-post-service,2
1650498288,compose-post-service,2
1650498288,compose-post-service,2
1650498289,compose-post-service,2
1650498290,compose-post-service,2
1650498290,compose-post-service,2
1650498291,compose-post-service,2
1650498292,compose-post-service,2
1650498292,compose-post-service,2
1650498293,compose-post-service,2
1650498293,compose-post-service,2
1650498294,compose-post-service,2
1650498295,compose-post-service,2
1650498296,compose-post-service,2
1650498296,compose-post-service,2
1650498297,compose-post-service,2
1650498298,compose-post-service,2
1650498298,compose-post-service,2
1650498299,compose-post-service,2
1650498300,compose-post-service,2
1650498301,compose-post-service,2
1650498302,compose-post-service,2
1650498302,compose-post-service,2
1650498303,compose-post-service,2
1650498303,compose-post-service,2
1650498304,compose-post-service,2
1650498304,compose-post-service,2
1650498305,compose-post-service,2
1650498306,compose-post-service,2
1650498306,compose-post-service,2
1650498307,compose-post-service,2
1650498307,compose-post-service,2
1650498308,compose-post-service,2
1650498309,compose-post-service,2
1650498309,compose-post-service,2
1650498309,compose-post-service,2
1650498310,compose-post-service,2
1650498310,compose-post-service,2
1650498311,compose-post-service,2
1650498312,compose-post-service,2
1650498312,compose-post-service,2
1650498313,compose-post-service,2
1650498314,compose-post-service,2
1650498314,compose-post-service,2
1650498315,compose-post-service,2
1650498316,compose-post-service,2
1650498316,compose-post-service,2
1650498317,compose-post-service,2
1650498317,compose-post-service,2
1650498317,compose-post-service,2
1650498318,compose-post-service,2
1650498319,compose-post-service,2
1650498319,compose-post-service,2
1650498320,compose-post-service,2
1650498321,compose-post-service,2
1650498321,compose-post-service,2
1650498322,compose-post-service,2
1650498323,compose-post-service,2
1650498324,compose-post-service,2
1650498324,compose-post-service,2
1650498325,compose-post-service,2
1650498326,compose-post-service,2
1650498326,compose-post-service,2
1650498326,compose-post-service,2
1650498327,compose-post-service,2
1650498327,compose-post-service,2
1650498328,compose-post-service,2
1650498329,compose-post-service,2
1650498330,compose-post-service,2
1650498331,compose-post-service,2
1650498331,compose-post-service,2
1650498332,compose-post-service,2
1650498333,compose-post-service,2
1650498334,compose-post-service,2
1650498334,compose-post-service,2
1650498334,compose-post-service,2
1650498335,compose-post-service,2
1650498335,compose-post-service,2
1650498336,compose-post-service,2
1650498336,compose-post-service,2
1650498336,compose-post-service,2
1650498337,compose-post-service,2
1650498338,compose-post-service,2
1650498338,compose-post-service,2
1650498339,compose-post-service,2
1650498340,compose-post-service,2
1650498341,compose-post-service,2
1650498341,compose-post-service,2
1650498342,compose-post-service,2
1650498342,compose-post-service,2
1650498342,compose-post-service,2
1650498343,compose-post-service,2
1650498343,compose-post-service,2
1650498344,compose-post-service,2
1650498344,compose-post-service,2
1650498345,compose-post-service,2
1650498346,compose-post-service,2
1650498346,compose-post-service,2
1650498346,compose-post-service,2
1650498347,compose-post-service,2
1650498347,compose-post-service,2
1650498348,compose-post-service,2
1650498349,compose-post-service,2
1650498350,compose-post-service,2
1650498350,compose-post-service,2
1650498350,compose-post-service,2
1650498350,compose-post-service,2
1650498351,compose-post-service,2
1650498351,compose-post-service,2
1650498351,compose-post-service,2
1650498352,compose-post-service,2
1650498352,compose-post-service,2
1650498353,compose-post-service,2
1650498353,compose-post-service,2
1650498354,compose-post-service,2
1650498355,compose-post-service,2
1650498355,compose-post-service,2
1650498355,compose-post-service,2
1650498356,compose-post-service,2
1650498357,compose-post-service,2
1650498358,compose-post-service,2
1650498359,compose-post-service,2
1650498359,compose-post-service,2
1650498360,compose-post-service,2
1650498361,compose-post-service,2
1650498361,compose-post-service,2
1650498362,compose-post-service,2
1650498363,compose-post-service,2
1650498363,compose-post-service,2
1650498364,compose-post-service,2
1650498364,compose-post-service,2
1650498365,compose-post-service,2
1650498366,compose-post-service,2
1650498367,compose-post-service,2
1650498367,compose-post-service,2
1650498367,compose-post-service,2
1650498368,compose-post-service,2
1650498369,compose-post-service,2
1650498369,compose-post-service,2
1650498369,compose-post-service,2
1650498370,compose-post-service,2
1650498370,compose-post-service,2
1650498371,compose-post-service,2
1650498371,compose-post-service,2
1650498372,compose-post-service,2
1650498373,compose-post-service,2
1650498374,compose-post-service,2
1650498375,compose-post-service,2
1650498375,compose-post-service,2
1650498376,compose-post-service,2
1650498376,compose-post-service,2
1650498377,compose-post-service,2
1650498378,compose-post-service,2
1650498378,compose-post-service,2
1650498378,compose-post-service,2
1650498379,compose-post-service,2
1650498379,compose-post-service,2
1650498379,compose-post-service,2
1650498380,compose-post-service,2
1650498380,compose-post-service,2
1650498381,compose-post-service,2
1650498381,compose-post-service,2
1650498382,compose-post-service,2
1650498382,compose-post-service,2
1650498382,compose-post-service,2
1650498383,compose-post-service,2
1650498383,compose-post-service,2
1650498384,compose-post-service,2
1650498384,compose-post-service,2
1650498385,compose-post-service,2
1650498385,compose-post-service,2
1650498386,compose-post-service,2
1650498387,compose-post-service,2
1650498387,compose-post-service,2
1650498388,compose-post-service,2
1650498389,compose-post-service,2
1650498390,compose-post-service,2
1650498391,compose-post-service,2
1650498392,compose-post-service,2
1650498393,compose-post-service,2
1650498393,compose-post-service,2
1650498394,compose-post-service,2
1650498395,compose-post-service,2
1650498396,compose-post-service,2
1650498396,compose-post-service,2
1650498396,compose-post-service,2
1650498397,compose-post-service,2
1650498397,compose-post-service,2
1650498397,compose-post-service,2
1650498398,compose-post-service,2
1650498399,compose-post-service,2
1650498400,compose-post-service,2
1650498400,compose-post-service,2
1650498401,compose-post-service,2
1650498401,compose-post-service,2
1650498402,compose-post-service,2
1650498403,compose-post-service,2
1650498404,compose-post-service,2
1650498404,compose-post-service,2
1650498405,compose-post-service,2
1650498405,compose-post-service,2
1650498406,compose-post-service,2
1650498406,compose-post-service,2
1650498407,compose-post-service,2
1650498408,compose-post-service,2
1650498409,compose-post-service,2
1650498409,compose-post-service,2
1650498410,compose-post-service,2
1650498410,compose-post-service,2
1650498410,compose-post-service,2
1650498411,compose-post-service,2
1650498412,compose-post-service,2
1650498413,compose-post-service,2
1650498414,compose-post-service,2
1650498414,compose-post-service,2
1650498415,compose-post-service,2
1650498415,compose-post-service,2
1650498416,compose-post-service,2
1650498417,compose-post-service,2
1650498418,compose-post-service,2
1650498418,compose-post-service,2
1650498419,compose-post-service,2
1650498419,compose-post-service,2
1650498419,compose-post-service,2
1650498420,compose-post-service,2
1650498420,compose-post-service,2
1650498421,compose-post-service,2
1650498422,compose-post-service,2
1650498422,compose-post-service,2
1650498423,compose-post-service,2
1650498423,compose-post-service,2
1650498423,compose-post-service,2
1650498424,compose-post-service,2
1650498424,compose-post-service,2
1650498426,compose-post-service,2
1650498426,compose-post-service,2
1650498426,compose-post-service,2
1650498427,compose-post-service,2
1650498428,compose-post-service,2
1650498428,compose-post-service,2
1650498429,compose-post-service,2
1650498429,compose-post-service,2
1650498430,compose-post-service,2
1650498430,compose-post-service,2
1650498431,compose-post-service,2
1650498431,compose-post-service,2
1650498431,compose-post-service,2
1650498432,compose-post-service,2
1650498433,compose-post-service,2
1650498433,compose-post-service,2
1650498434,compose-post-service,2
1650498434,compose-post-service,2
1650498434,compose-post-service,2
1650498435,compose-post-service,2
1650498436,compose-post-service,2
1650498436,compose-post-service,2
1650498437,compose-post-service,2
1650498438,compose-post-service,2
1650498439,compose-post-service,2
1650498439,compose-post-service,2
1650498439,compose-post-service,2
1650498440,compose-post-service,2
1650498440,compose-post-service,2
1650498441,compose-post-service,2
1650498441,compose-post-service,2
1650498442,compose-post-service,2
1650498443,compose-post-service,2
1650498444,compose-post-service,2
1650498444,compose-post-service,2
1650498445,compose-post-service,2
1650498446,compose-post-service,2
1650498446,compose-post-service,2
1650498447,compose-post-service,2
1650498447,compose-post-service,2
1650498448,compose-post-service,2
1650498449,compose-post-service,2
1650498450,compose-post-service,2
1650498450,compose-post-service,2
1650498451,compose-post-service,2
1650498451,compose-post-service,2
1650498451,compose-post-service,2
1650498452,compose-post-service,2
1650498452,compose-post-service,2
1650498452,compose-post-service,2
1650498452,compose-post-service,2
1650498453,compose-post-service,2
1650498453,compose-post-service,2
1650498454,compose-post-service,2
1650498455,compose-post-service,2
1650498455,compose-post-service,2
1650498456,compose-post-service,2
1650498456,compose-post-service,2
1650498457,compose-post-service,2
1650498457,compose-post-service,2
1650498458,compose-post-service,2
1650498458,compose-post-service,2
1650498458,compose-post-service,2
1650498458,compose-post-service,2
1650498458,compose-post-service,2
1650498459,compose-post-service,2
1650498460,compose-post-service,2
1650498460,compose-post-service,2
1650498461,compose-post-service,2
1650498461,compose-post-service,2
1650498462,compose-post-service,2
1650498463,compose-post-service,2
1650498463,compose-post-service,2
1650498464,compose-post-service,2
1650498464,compose-post-service,2
1650498465,compose-post-service,2
1650498465,compose-post-service,2
1650498466,compose-post-service,2
1650498467,compose-post-service,2
1650498467,compose-post-service,2
1650498468,compose-post-service,2
1650498469,compose-post-service,2
1650498470,compose-post-service,2
1650498470,compose-post-service,2
1650498470,compose-post-service,2
1650498471,compose-post-service,2
1650498472,compose-post-service,2
1650498472,compose-post-service,2
1650498473,compose-post-service,2
1650498473,compose-post-service,2
1650498474,compose-post-service,2
1650498474,compose-post-service,2
1650498474,compose-post-service,2
1650498474,compose-post-service,2
1650498475,compose-post-service,2
1650498476,compose-post-service,2
1650498476,compose-post-service,2
1650498477,compose-post-service,2
1650498477,compose-post-service,2
1650498478,compose-post-service,2
1650498479,compose-post-service,2
1650498479,compose-post-service,2
1650498479,compose-post-service,2
1650498480,compose-post-service,2
1650498480,compose-post-service,2
1650498480,compose-post-service,2
1650498481,compose-post-service,2
1650498481,compose-post-service,2
1650498482,compose-post-service,2
1650498483,compose-post-service,2
1650498483,compose-post-service,2
1650498484,compose-post-service,2
1650498484,compose-post-service,2
1650498485,compose-post-service,2
1650498485,compose-post-service,2
1650498485,compose-post-service,2
1650498486,compose-post-service,2
1650498486,compose-post-service,2
1650498487,compose-post-service,2
1650498487,compose-post-service,2
1650498488,compose-post-service,2
1650498488,compose-post-service,2
1650498489,compose-post-service,2
1650498490,compose-post-service,2
1650498490,compose-post-service,2
1650498491,compose-post-service,2
1650498492,compose-post-service,2
1650498493,compose-post-service,2
1650498494,compose-post-service,2
1650498495,compose-post-service,2
1650498495,compose-post-service,2
1650498496,compose-post-service,2
1650498496,compose-post-service,2
1650498497,compose-post-service,2
1650498498,compose-post-service,2
1650498499,compose-post-service,2
1650498500,compose-post-service,2
1650498501,compose-post-service,2
1650498501,compose-post-service,2
1650498501,compose-post-service,2
1650498502,compose-post-service,2
1650498503,compose-post-service,2
1650498504,compose-post-service,2
1650498505,compose-post-service,2
1650498505,compose-post-service,2
1650498505,compose-post-service,2
1650498506,compose-post-service,2
1650498506,compose-post-service,2
1650498506,compose-post-service,2
1650498507,compose-post-service,2
1650498508,compose-post-service,2
1650498509,compose-post-service,2
1650498510,compose-post-service,2
1650498510,compose-post-service,2
1650498511,compose-post-service,2
1650498511,compose-post-service,2
1650498512,compose-post-service,2
1650498513,compose-post-service,2
1650498514,compose-post-service,2
1650498515,compose-post-service,2
1650498516,compose-post-service,2
1650498517,compose-post-service,2
1650498517,compose-post-service,2
1650498518,compose-post-service,2
1650498519,compose-post-service,2
1650498519,compose-post-service,2
1650498519,compose-post-service,2
1650498519,compose-post-service,2
1650498520,compose-post-service,2
1650498520,compose-post-service,2
1650498521,compose-post-service,2
1650498521,compose-post-service,2
1650498522,compose-post-service,2
1650498523,compose-post-service,2
1650498523,compose-post-service,2
1650498524,compose-post-service,2
1650498525,compose-post-service,2
1650498525,compose-post-service,2
1650498525,compose-post-service,2
1650498525,compose-post-service,2
1650498526,compose-post-service,2
1650498526,compose-post-service,2
1650498527,compose-post-service,2
1650498527,compose-post-service,2
1650498527,compose-post-service,2
1650498528,compose-post-service,2
1650498528,compose-post-service,2
1650498529,compose-post-service,2
1650498529,compose-post-service,2
1650498530,compose-post-service,2
1650498531,compose-post-service,2
1650498531,compose-post-service,2
1650498532,compose-post-service,2
1650498532,compose-post-service,2
1650498532,compose-post-service,2
1650498533,compose-post-service,2
1650498533,compose-post-service,2
1650498534,compose-post-service,2
1650498534,compose-post-service,2
1650498535,compose-post-service,2
1650498535,compose-post-service,2
1650498536,compose-post-service,2
1650498536,compose-post-service,2
1650498537,compose-post-service,2
1650498537,compose-post-service,2
1650498538,compose-post-service,2
1650498538,compose-post-service,2
1650498539,compose-post-service,2
1650498540,compose-post-service,2
1650498541,compose-post-service,2
1650498542,compose-post-service,2
1650498542,compose-post-service,2
1650498543,compose-post-service,2
1650498543,compose-post-service,2
1650498544,compose-post-service,2
1650498545,compose-post-service,2
1650498545,compose-post-service,2
1650498546,compose-post-service,2
1650498546,compose-post-service,2
1650498547,compose-post-service,2
1650498547,compose-post-service,2
1650498548,compose-post-service,2
1650498549,compose-post-service,2
1650498549,compose-post-service,2
1650498549,compose-post-service,2
1650498550,compose-post-service,2
1650498551,compose-post-service,2
1650498552,compose-post-service,2
1650498553,compose-post-service,2
1650498554,compose-post-service,2
1650498554,compose-post-service,2
1650498554,compose-post-service,2
1650498555,compose-post-service,2
1650498555,compose-post-service,2
1650498556,compose-post-service,2
1650498556,compose-post-service,2
1650498556,compose-post-service,2
1650498556,compose-post-service,2
1650498557,compose-post-service,2
1650498558,compose-post-service,2
1650498559,compose-post-service,2
1650498559,compose-post-service,2
1650498559,compose-post-service,2
1650498560,compose-post-service,2
1650498560,compose-post-service,2
1650498561,compose-post-service,2
1650498561,compose-post-service,2
1650498562,compose-post-service,2
1650498563,compose-post-service,2
1650498563,compose-post-service,2
1650498564,compose-post-service,2
1650498565,compose-post-service,2
1650498566,compose-post-service,2
1650498566,compose-post-service,2
1650498567,compose-post-service,2
1650498567,compose-post-service,2
1650498568,compose-post-service,2
1650498569,compose-post-service,2
1650498570,compose-post-service,2
1650498570,compose-post-service,2
1650498570,compose-post-service,2
1650498571,compose-post-service,2
1650498572,compose-post-service,2
1650498572,compose-post-service,2
1650498572,compose-post-service,2
1650498573,compose-post-service,2
1650498574,compose-post-service,2
1650498574,compose-post-service,2
1650498575,compose-post-service,2
1650498575,compose-post-service,2
1650498576,compose-post-service,2
1650498577,compose-post-service,2
1650498578,compose-post-service,2
1650498578,compose-post-service,2
1650498579,compose-post-service,2
1650498579,compose-post-service,2
1650498580,compose-post-service,2
1650498580,compose-post-service,2
1650498581,compose-post-service,2
1650498581,compose-post-service,2
1650498582,compose-post-service,2
1650498583,compose-post-service,2
1650498583,compose-post-service,2
1650498583,compose-post-service,2
1650498583,compose-post-service,2
1650498584,compose-post-service,2
1650498584,compose-post-service,2
1650498585,compose-post-service,2
1650498585,compose-post-service,2
1650498585,compose-post-service,2
1650498586,compose-post-service,2
1650498586,compose-post-service,2
1650498587,compose-post-service,2
1650498587,compose-post-service,2
1650498587,compose-post-service,2
1650498588,compose-post-service,2
1650498589,compose-post-service,2
1650498590,compose-post-service,2
1650498590,compose-post-service,2
1650498590,compose-post-service,2
1650498591,compose-post-service,2
1650498592,compose-post-service,2
1650498592,compose-post-service,2
1650498593,compose-post-service,2
1650498593,compose-post-service,2
1650498594,compose-post-service,2
1650498594,compose-post-service,2
1650498594,compose-post-service,2
1650498595,compose-post-service,2
1650498596,compose-post-service,2
1650498596,compose-post-service,2
1650498597,compose-post-service,2
1650498598,compose-post-service,2
1650498598,compose-post-service,2
1650498599,compose-post-service,2
1650498600,compose-post-service,2
1650498601,compose-post-service,2
1650498601,compose-post-service,2
1650498602,compose-post-service,2
1650498602,compose-post-service,2
1650498602,compose-post-service,2
1650498602,compose-post-service,2
1650498603,compose-post-service,2
1650498603,compose-post-service,2
1650498604,compose-post-service,2
1650498604,compose-post-service,2
1650498604,compose-post-service,2
1650498605,compose-post-service,2
1650498605,compose-post-service,2
1650498606,compose-post-service,2
1650498607,compose-post-service,2
1650498608,compose-post-service,2
1650498608,compose-post-service,2
1650498609,compose-post-service,2
1650498610,compose-post-service,2
1650498610,compose-post-service,2
1650498611,compose-post-service,2
1650498611,compose-post-service,2
1650498612,compose-post-service,2
1650498612,compose-post-service,2
1650498613,compose-post-service,2
1650498613,compose-post-service,2
1650498614,compose-post-service,2
1650498614,compose-post-service,2
1650498614,compose-post-service,2
1650498614,compose-post-service,2
1650498615,compose-post-service,2
1650498616,compose-post-service,2
1650498617,compose-post-service,2
1650498618,compose-post-service,2
1650498619,compose-post-service,2
1650498619,compose-post-service,2
1650498620,compose-post-service,2
1650498620,compose-post-service,2
1650498621,compose-post-service,2
1650498621,compose-post-service,2
1650498622,compose-post-service,2
1650498623,compose-post-service,2
1650498623,compose-post-service,2
1650498623,compose-post-service,2
1650498624,compose-post-service,2
1650498624,compose-post-service,2
1650498624,compose-post-service,2
1650498625,compose-post-service,2
1650498625,compose-post-service,2
1650498625,compose-post-service,2
1650498626,compose-post-service,2
1650498627,compose-post-service,2
1650498628,compose-post-service,2
1650498628,compose-post-service,2
1650498629,compose-post-service,2
1650498629,compose-post-service,2
1650498630,compose-post-service,2
1650498630,compose-post-service,2
1650498630,compose-post-service,2
1650498630,compose-post-service,2
1650498631,compose-post-service,2
1650498631,compose-post-service,2
1650498632,compose-post-service,2
1650498633,compose-post-service,2
1650498633,compose-post-service,2
1650498634,compose-post-service,2
1650498635,compose-post-service,2
1650498635,compose-post-service,2
1650498636,compose-post-service,2
1650498636,compose-post-service,2
1650498637,compose-post-service,2
1650498638,compose-post-service,2
1650498638,compose-post-service,2
1650498639,compose-post-service,2
1650498640,compose-post-service,2
1650498641,compose-post-service,2
1650498642,compose-post-service,2
1650498642,compose-post-service,2
1650498643,compose-post-service,2
1650498643,compose-post-service,2
1650498644,compose-post-service,2
1650498645,compose-post-service,2
1650498646,compose-post-service,2
1650498646,compose-post-service,2
1650498647,compose-post-service,2
1650498647,compose-post-service,2
1650498648,compose-post-service,2
1650498648,compose-post-service,2
1650498649,compose-post-service,2
1650498649,compose-post-service,2
1650498650,compose-post-service,2
1650498651,compose-post-service,2
1650498651,compose-post-service,2
1650498652,compose-post-service,2
1650498652,compose-post-service,2
1650498653,compose-post-service,2
1650498654,compose-post-service,2
1650498655,compose-post-service,2
1650498656,compose-post-service,2
1650498656,compose-post-service,2
1650498657,compose-post-service,2
1650498657,compose-post-service,2
1650498658,compose-post-service,2
1650498658,compose-post-service,2
1650498659,compose-post-service,2
1650498659,compose-post-service,2
1650498659,compose-post-service,2
1650498660,compose-post-service,2
1650498660,compose-post-service,2
1650498661,compose-post-service,2
1650498661,compose-post-service,2
1650498662,compose-post-service,2
1650498663,compose-post-service,2
1650498663,compose-post-service,2
1650498664,compose-post-service,2
1650498664,compose-post-service,2
1650498666,compose-post-service,2
1650498666,compose-post-service,2
1650498666,compose-post-service,2
1650498667,compose-post-service,2
1650498667,compose-post-service,2
1650498668,compose-post-service,2
1650498668,compose-post-service,2
1650498669,compose-post-service,2
1650498669,compose-post-service,2
1650498670,compose-post-service,2
1650498671,compose-post-service,2
1650498672,compose-post-service,2
1650498672,compose-post-service,2
1650498673,compose-post-service,2
1650498673,compose-post-service,2
1650498673,compose-post-service,2
1650498674,compose-post-service,2
1650498674,compose-post-service,2
1650498675,compose-post-service,2
1650498675,compose-post-service,2
1650498675,compose-post-service,2
1650498675,compose-post-service,2
1650498676,compose-post-service,2
1650498677,compose-post-service,2
1650498677,compose-post-service,2
1650498678,compose-post-service,2
1650498679,compose-post-service,2
1650498679,compose-post-service,2
1650498680,compose-post-service,2
1650498680,compose-post-service,2
1650498681,compose-post-service,2
1650498682,compose-post-service,2
1650498683,compose-post-service,2
1650498683,compose-post-service,2
1650498684,compose-post-service,2
1650498685,compose-post-service,2
1650498685,compose-post-service,2
1650498686,compose-post-service,2
1650498687,compose-post-service,2
1650498687,compose-post-service,2
1650498687,compose-post-service,2
1650498687,compose-post-service,2
1650498688,compose-post-service,2
1650498689,compose-post-service,2
1650498689,compose-post-service,2
1650498690,compose-post-service,2
1650498690,compose-post-service,2
1650498691,compose-post-service,2
1650498692,compose-post-service,2
1650498692,compose-post-service,2
1650498693,compose-post-service,2
1650498693,compose-post-service,2
1650498694,compose-post-service,2
1650498694,compose-post-service,2
1650498694,compose-post-service,2
1650498695,compose-post-service,2
1650498696,compose-post-service,2
1650498697,compose-post-service,2
1650498698,compose-post-service,2
1650498699,compose-post-service,2
1650498700,compose-post-service,2
1650498701,compose-post-service,2
1650498701,compose-post-service,2
1650498701,compose-post-service,2
1650498701,compose-post-service,2
1650498702,compose-post-service,2
1650498702,compose-post-service,2
1650498702,compose-post-service,2
1650498702,compose-post-service,2
1650498703,compose-post-service,2
1650498703,compose-post-service,2
1650498704,compose-post-service,2
1650498704,compose-post-service,2
1650498704,compose-post-service,2
1650498705,compose-post-service,2
1650498705,compose-post-service,2
1650498706,compose-post-service,2
1650498707,compose-post-service,2
1650498708,compose-post-service,2
1650498708,compose-post-service,2
1650498709,compose-post-service,2
1650498709,compose-post-service,2
1650498710,compose-post-service,2
1650498711,compose-post-service,2
1650498711,compose-post-service,2
1650498712,compose-post-service,2
1650498713,compose-post-service,2
1650498713,compose-post-service,2
1650498714,compose-post-service,2
1650498715,compose-post-service,2
1650498716,compose-post-service,2
1650498717,compose-post-service,2
1650498718,compose-post-service,2
1650498718,compose-post-service,2
1650498719,compose-post-service,2
1650498720,compose-post-service,2
1650498721,compose-post-service,2
1650498722,compose-post-service,2
1650498722,compose-post-service,2
1650498722,compose-post-service,2
1650498722,compose-post-service,2
1650498723,compose-post-service,2
1650498724,compose-post-service,2
1650498724,compose-post-service,2
1650498725,compose-post-service,2
1650498726,compose-post-service,2
1650498726,compose-post-service,2
1650498727,compose-post-service,2
1650498728,compose-post-service,2
1650498729,compose-post-service,2
1650498729,compose-post-service,2
1650498729,compose-post-service,2
1650498730,compose-post-service,2
1650498730,compose-post-service,2
1650498731,compose-post-service,2
1650498731,compose-post-service,2
1650498732,compose-post-service,2
1650498733,compose-post-service,2
1650498734,compose-post-service,2
1650498735,compose-post-service,2
1650498735,compose-post-service,2
1650498736,compose-post-service,2
1650498737,compose-post-service,2
1650498737,compose-post-service,2
1650498737,compose-post-service,2
1650498738,compose-post-service,2
1650498739,compose-post-service,2
1650498740,compose-post-service,2
1650498740,compose-post-service,2
1650498741,compose-post-service,2
1650498741,compose-post-service,2
1650498742,compose-post-service,2
1650498742,compose-post-service,2
1650498743,compose-post-service,2
1650498744,compose-post-service,2
1650498744,compose-post-service,2
1650498745,compose-post-service,2
1650498746,compose-post-service,2
1650498746,compose-post-service,2
1650498747,compose-post-service,2
1650498747,compose-post-service,2
1650498748,compose-post-service,2
1650498748,compose-post-service,2
1650498749,compose-post-service,2
1650498749,compose-post-service,2
1650498750,compose-post-service,2
1650498750,compose-post-service,2
1650498751,compose-post-service,2
1650498752,compose-post-service,2
1650498752,compose-post-service,2
1650498753,compose-post-service,2
1650498754,compose-post-service,2
1650498755,compose-post-service,2
1650498755,compose-post-service,2
1650498756,compose-post-service,2
1650498757,compose-post-service,2
1650498757,compose-post-service,2
1650498758,compose-post-service,2
1650498758,compose-post-service,2
1650498759,compose-post-service,2
1650498760,compose-post-service,2
1650498761,compose-post-service,2
1650498762,compose-post-service,2
1650498763,compose-post-service,2
1650498763,compose-post-service,2
1650498763,compose-post-service,2
1650498765,compose-post-service,2
1650498765,compose-post-service,2
1650498765,compose-post-service,2
1650498766,compose-post-service,2
1650498767,compose-post-service,2
1650498768,compose-post-service,2
1650498769,compose-post-service,2
1650498770,compose-post-service,2
1650498771,compose-post-service,2
1650498771,compose-post-service,2
1650498771,compose-post-service,2
1650498772,compose-post-service,2
1650498772,compose-post-service,2
1650498773,compose-post-service,2
1650498774,compose-post-service,2
1650498775,compose-post-service,2
1650498775,compose-post-service,2
1650498775,compose-post-service,2
1650498777,compose-post-service,2
1650498777,compose-post-service,2
1650498778,compose-post-service,2
1650498779,compose-post-service,2
1650498779,compose-post-service,2
1650498780,compose-post-service,2
1650498780,compose-post-service,2
1650498781,compose-post-service,2
1650498781,compose-post-service,2
1650498782,compose-post-service,2
1650498782,compose-post-service,2
1650498783,compose-post-service,2
1650498784,compose-post-service,2
1650498785,compose-post-service,2
1650498786,compose-post-service,2
1650498786,compose-post-service,2
1650498787,compose-post-service,2
1650498787,compose-post-service,2
1650498787,compose-post-service,2
1650498788,compose-post-service,2
1650498789,compose-post-service,2
1650498789,compose-post-service,2
1650498790,compose-post-service,2
1650498790,compose-post-service,2
1650498791,compose-post-service,2
1650498792,compose-post-service,2
1650498793,compose-post-service,2
1650498793,compose-post-service,2
1650498794,compose-post-service,2
1650498795,compose-post-service,2
1650498795,compose-post-service,2
1650498795,compose-post-service,2
1650498796,compose-post-service,2
1650498796,compose-post-service,2
1650498797,compose-post-service,2
1650498798,compose-post-service,2
1650498798,compose-post-service,2
1650498799,compose-post-service,2
1650498800,compose-post-service,2
1650498800,compose-post-service,2
1650498801,compose-post-service,2
1650498801,compose-post-service,2
1650498801,compose-post-service,2
1650498802,compose-post-service,2
1650498803,compose-post-service,2
1650498804,compose-post-service,2
1650498804,compose-post-service,2
1650498805,compose-post-service,2
1650498805,compose-post-service,2
1650498805,compose-post-service,2
1650498806,compose-post-service,2
1650498807,compose-post-service,2
1650498808,compose-post-service,2
1650498809,compose-post-service,2
1650498809,compose-post-service,2
1650498810,compose-post-service,2
1650498810,compose-post-service,2
1650498810,compose-post-service,2
1650498810,compose-post-service,2
1650498811,compose-post-service,2
1650498812,compose-post-service,2
1650498813,compose-post-service,2
1650498814,compose-post-service,2
1650498814,compose-post-service,2
1650498815,compose-post-service,2
1650498816,compose-post-service,2
1650498817,compose-post-service,2
1650498817,compose-post-service,2
1650498817,compose-post-service,2
1650498818,compose-post-service,2
1650498819,compose-post-service,2
1650498820,compose-post-service,2
1650498820,compose-post-service,2
1650498821,compose-post-service,2
1650498821,compose-post-service,2
1650498822,compose-post-service,2
1650498823,compose-post-service,2
1650498824,compose-post-service,2
1650498824,compose-post-service,2
1650498825,compose-post-service,2
1650498825,compose-post-service,2
1650498826,compose-post-service,2
1650498826,compose-post-service,2
1650498827,compose-post-service,2
1650498827,compose-post-service,2
1650498828,compose-post-service,2
1650498828,compose-post-service,2
1650498829,compose-post-service,2
1650498829,compose-post-service,2
1650498829,compose-post-service,2
1650498830,compose-post-service,2
1650498830,compose-post-service,2
1650498830,compose-post-service,2
1650498831,compose-post-service,2
1650498832,compose-post-service,2
1650498832,compose-post-service,2
1650498832,compose-post-service,2
1650498833,compose-post-service,2
1650498834,compose-post-service,2
1650498834,compose-post-service,2
1650498834,compose-post-service,2
1650498835,compose-post-service,2
1650498836,compose-post-service,2
1650498836,compose-post-service,2
1650498837,compose-post-service,2
1650498837,compose-post-service,2
1650498838,compose-post-service,2
1650498838,compose-post-service,2
1650498839,compose-post-service,2
1650498840,compose-post-service,2
1650498840,compose-post-service,2
1650498841,compose-post-service,2
1650498841,compose-post-service,2
1650498841,compose-post-service,2
1650498842,compose-post-service,2
1650498843,compose-post-service,2
1650498843,compose-post-service,2
1650498844,compose-post-service,2
1650498844,compose-post-service,2
1650498845,compose-post-service,2
1650498846,compose-post-service,2
1650498846,compose-post-service,2
1650498847,compose-post-service,2
1650498847,compose-post-service,2
1650498848,compose-post-service,2
1650498848,compose-post-service,2
1650498849,compose-post-service,2
1650498849,compose-post-service,2
1650498850,compose-post-service,2
1650498850,compose-post-service,2
1650498851,compose-post-service,2
1650498851,compose-post-service,2
1650498851,compose-post-service,2
1650498852,compose-post-service,2
1650498852,compose-post-service,2
1650498853,compose-post-service,2
1650498854,compose-post-service,2
1650498855,compose-post-service,2
1650498855,compose-post-service,2
1650498856,compose-post-service,2
1650498856,compose-post-service,2
1650498857,compose-post-service,2
1650498857,compose-post-service,2
1650498857,compose-post-service,2
1650498858,compose-post-service,2
1650498858,compose-post-service,2
1650498858,compose-post-service,2
1650498859,compose-post-service,2
1650498859,compose-post-service,2
1650498860,compose-post-service,2
1650498861,compose-post-service,2
1650498861,compose-post-service,2
1650498862,compose-post-service,2
1650498862,compose-post-service,2
1650498862,compose-post-service,2
1650498863,compose-post-service,2
1650498864,compose-post-service,2
1650498864,compose-post-service,2
1650498865,compose-post-service,2
1650498866,compose-post-service,2
1650498866,compose-post-service,2
1650498867,compose-post-service,2
1650498868,compose-post-service,2
1650498868,compose-post-service,2
1650498869,compose-post-service,2
1650498869,compose-post-service,2
1650498869,compose-post-service,2
1650498869,compose-post-service,2
1650498870,compose-post-service,2
1650498871,compose-post-service,2
1650498872,compose-post-service,2
1650498872,compose-post-service,2
1650498872,compose-post-service,2
1650498873,compose-post-service,2
1650498874,compose-post-service,2
1650498875,compose-post-service,2
1650498876,compose-post-service,2
1650498876,compose-post-service,2
1650498877,compose-post-service,2
1650498878,compose-post-service,2
1650498879,compose-post-service,2
1650498879,compose-post-service,2
1650498880,compose-post-service,2
1650498880,compose-post-service,2
1650498880,compose-post-service,2
1650498881,compose-post-service,2
1650498881,compose-post-service,2
1650498881,compose-post-service,2
1650498882,compose-post-service,2
1650498882,compose-post-service,2
1650498883,compose-post-service,2
1650498884,compose-post-service,2
1650498885,compose-post-service,2
1650498886,compose-post-service,2
1650498886,compose-post-service,2
1650498887,compose-post-service,2
1650498888,compose-post-service,2
1650498889,compose-post-service,2
1650498890,compose-post-service,2
1650498891,compose-post-service,2
1650498892,compose-post-service,2
1650498892,compose-post-service,2
1650498893,compose-post-service,2
1650498893,compose-post-service,2
1650498893,compose-post-service,2
1650498894,compose-post-service,2
1650498895,compose-post-service,2
1650498895,compose-post-service,2
1650498896,compose-post-service,2
1650498896,compose-post-service,2
1650498897,compose-post-service,2
1650498898,compose-post-service,2
1650498899,compose-post-service,2
1650498899,compose-post-service,2
1650498900,compose-post-service,2
1650498900,compose-post-service,2
1650498901,compose-post-service,2
1650498901,compose-post-service,2
1650498902,compose-post-service,2
1650498903,compose-post-service,2
1650498904,compose-post-service,2
1650498905,compose-post-service,2
1650498905,compose-post-service,2
1650498905,compose-post-service,2
1650498906,compose-post-service,2
1650498907,compose-post-service,2
1650498908,compose-post-service,2
1650498908,compose-post-service,2
1650498909,compose-post-service,2
1650498909,compose-post-service,2
1650498910,compose-post-service,2
1650498910,compose-post-service,2
1650498911,compose-post-service,2
1650498911,compose-post-service,2
1650498911,compose-post-service,2
1650498912,compose-post-service,2
1650498913,compose-post-service,2
1650498913,compose-post-service,2
1650498914,compose-post-service,2
1650498915,compose-post-service,2
1650498915,compose-post-service,2
1650498915,compose-post-service,2
1650498915,compose-post-service,2
1650498916,compose-post-service,2
1650498917,compose-post-service,2
1650498917,compose-post-service,2
1650498918,compose-post-service,2
1650498918,compose-post-service,2
1650498919,compose-post-service,2
1650498920,compose-post-service,2
1650498921,compose-post-service,2
1650498921,compose-post-service,2
1650498921,compose-post-service,2
1650498922,compose-post-service,2
1650498923,compose-post-service,2
1650498923,compose-post-service,2
1650498923,compose-post-service,2
1650498924,compose-post-service,2
1650498925,compose-post-service,2
1650498925,compose-post-service,2
1650498926,compose-post-service,2
1650498927,compose-post-service,2
1650498927,compose-post-service,2
1650498928,compose-post-service,2
1650498928,compose-post-service,2
1650498929,compose-post-service,2
1650498929,compose-post-service,2
1650498930,compose-post-service,2
1650498931,compose-post-service,2
1650498932,compose-post-service,2
1650498932,compose-post-service,2
1650498933,compose-post-service,2
1650498934,compose-post-service,2
1650498935,compose-post-service,2
1650498935,compose-post-service,2
1650498936,compose-post-service,2
1650498936,compose-post-service,2
1650498937,compose-post-service,2
1650498938,compose-post-service,2
1650498939,compose-post-service,2
1650498939,compose-post-service,2
1650498939,compose-post-service,2
1650498940,compose-post-service,2
1650498940,compose-post-service,2
1650498941,compose-post-service,2
1650498942,compose-post-service,2
1650498942,compose-post-service,2
1650498943,compose-post-service,2
1650498943,compose-post-service,2
1650498943,compose-post-service,2
1650498944,compose-post-service,2
1650498945,compose-post-service,2
1650498945,compose-post-service,2
1650498945,compose-post-service,2
1650498946,compose-post-service,2
1650498947,compose-post-service,2
1650498948,compose-post-service,2
1650498948,compose-post-service,2
1650498948,compose-post-service,2
1650498949,compose-post-service,2
1650498950,compose-post-service,2
1650498950,compose-post-service,2
1650498950,compose-post-service,2
1650498951,compose-post-service,2
1650498951,compose-post-service,2
1650498951,compose-post-service,2
1650498951,compose-post-service,2
1650498952,compose-post-service,2
1650498952,compose-post-service,2
1650498953,compose-post-service,2
1650498954,compose-post-service,2
1650498954,compose-post-service,2
1650498955,compose-post-service,2
1650498955,compose-post-service,2
1650498956,compose-post-service,2
1650498957,compose-post-service,2
1650498958,compose-post-service,2
1650498958,compose-post-service,2
1650498958,compose-post-service,2
1650498959,compose-post-service,2
1650498959,compose-post-service,2
1650498960,compose-post-service,2
1650498961,compose-post-service,2
1650498961,compose-post-service,2
1650498962,compose-post-service,2
1650498962,compose-post-service,2
1650498963,compose-post-service,2
1650498964,compose-post-service,2
1650498964,compose-post-service,2
1650498965,compose-post-service,2
1650498966,compose-post-service,2
1650498967,compose-post-service,2
1650498968,compose-post-service,2
1650498968,compose-post-service,2
1650498968,compose-post-service,2
1650498968,compose-post-service,2
1650498968,compose-post-service,2
1650498969,compose-post-service,2
1650498970,compose-post-service,2
1650498970,compose-post-service,2
1650498970,compose-post-service,2
1650498971,compose-post-service,2
1650498971,compose-post-service,2
1650498972,compose-post-service,2
1650498972,compose-post-service,2
1650498973,compose-post-service,2
1650498973,compose-post-service,2
1650498974,compose-post-service,2
1650498975,compose-post-service,2
1650498975,compose-post-service,2
1650498976,compose-post-service,2
1650498976,compose-post-service,2
1650498977,compose-post-service,2
1650498978,compose-post-service,2
1650498978,compose-post-service,2
1650498979,compose-post-service,2
1650498979,compose-post-service,2
1650498979,compose-post-service,2
1650498980,compose-post-service,2
1650498980,compose-post-service,2
1650498981,compose-post-service,2
1650498982,compose-post-service,2
1650498983,compose-post-service,2
1650498983,compose-post-service,2
1650498983,compose-post-service,2
1650498984,compose-post-service,2
1650498985,compose-post-service,2
1650498986,compose-post-service,2
1650498986,compose-post-service,2
1650498986,compose-post-service,2
1650498987,compose-post-service,2
1650498988,compose-post-service,2
1650498988,compose-post-service,2
1650498989,compose-post-service,2
1650498989,compose-post-service,2
1650498990,compose-post-service,2
1650498991,compose-post-service,2
1650498991,compose-post-service,2
1650498992,compose-post-service,2
1650498993,compose-post-service,2
1650498994,compose-post-service,2
1650498995,compose-post-service,2
1650498995,compose-post-service,2
1650498995,compose-post-service,2
1650498996,compose-post-service,2
1650498997,compose-post-service,2
1650498997,compose-post-service,2
1650498998,compose-post-service,2
1650498999,compose-post-service,2
1650499000,compose-post-service,2
1650499001,compose-post-service,2
1650499001,compose-post-service,2
1650499002,compose-post-service,2
1650499003,compose-post-service,2
1650499003,compose-post-service,2
1650499004,compose-post-service,2
1650499004,compose-post-service,2
1650499005,compose-post-service,2
1650499005,compose-post-service,2
1650499006,compose-post-service,2
1650499007,compose-post-service,2
1650499007,compose-post-service,2
1650499008,compose-post-service,2
1650499008,compose-post-service,2
1650499009,compose-post-service,2
1650499010,compose-post-service,2
1650499010,compose-post-service,2
1650499011,compose-post-service,2
1650499012,compose-post-service,2
1650499013,compose-post-service,2
1650499013,compose-post-service,2
1650499013,compose-post-service,2
1650499014,compose-post-service,2
1650499015,compose-post-service,2
1650499016,compose-post-service,2
1650499017,compose-post-service,2
1650499018,compose-post-service,2
1650499019,compose-post-service,2
1650499019,compose-post-service,2
1650499020,compose-post-service,2
1650499020,compose-post-service,2
1650499021,compose-post-service,2
1650499021,compose-post-service,2
1650499022,compose-post-service,2
1650499023,compose-post-service,2
1650497590,user-service,3
1650497590,user-service,3
1650497590,user-service,3
1650497590,user-service,3
1650497591,user-service,3
1650497591,user-service,3
1650497591,user-service,3
1650497591,user-service,3
1650497592,user-service,3
1650497592,user-service,3
1650497592,user-service,3
1650497592,user-service,3
1650497593,user-service,3
1650497593,user-service,3
1650497593,user-service,3
1650497593,user-service,3
1650497594,user-service,3
1650497594,user-service,3
1650497595,user-service,3
1650497595,user-service,3
1650497595,user-service,3
1650497595,user-service,3
1650497596,user-service,3
1650497596,user-service,3
1650497596,user-service,3
1650497596,user-service,3
1650497597,user-service,3
1650497597,user-service,3
1650497597,user-service,3
1650497597,user-service,3
1650497598,user-service,3
1650497598,user-service,3
1650497599,user-service,3
1650497599,user-service,3
1650497599,user-service,3
1650497599,user-service,3
1650497599,user-service,3
1650497599,user-service,3
1650497600,user-service,3
1650497600,user-service,3
1650497600,user-service,3
1650497600,user-service,3
1650497600,user-service,3
1650497600,user-service,3
1650497601,user-service,3
1650497601,user-service,3
1650497601,user-service,3
1650497601,user-service,3
1650497602,user-service,3
1650497602,user-service,3
1650497603,user-service,3
1650497603,user-service,3
1650497604,user-service,3
1650497604,user-service,3
1650497604,user-service,3
1650497604,user-service,3
1650497605,user-service,3
1650497605,user-service,3
1650497606,user-service,3
1650497606,user-service,3
1650497606,user-service,3
1650497606,user-service,3
1650497607,user-service,3
1650497607,user-service,3
1650497608,user-service,3
1650497608,user-service,3
1650497609,user-service,3
1650497609,user-service,3
1650497609,user-service,3
1650497609,user-service,3
1650497610,user-service,3
1650497610,user-service,3
1650497611,user-service,3
1650497611,user-service,3
1650497611,user-service,3
1650497611,user-service,3
1650497612,user-service,3
1650497612,user-service,3
1650497612,user-service,3
1650497612,user-service,3
1650497612,user-service,3
1650497612,user-service,3
1650497613,user-service,3
1650497613,user-service,3
1650497614,user-service,3
1650497614,user-service,3
1650497614,user-service,3
1650497614,user-service,3
1650497615,user-service,3
1650497615,user-service,3
1650497615,user-service,3
1650497615,user-service,3
1650497616,user-service,3
1650497616,user-service,3
1650497617,user-service,3
1650497617,user-service,3
1650497617,user-service,3
1650497617,user-service,3
1650497617,user-service,3
1650497617,user-service,3
1650497618,user-service,3
1650497618,user-service,3
1650497618,user-service,3
1650497618,user-service,3
1650497619,user-service,3
1650497619,user-service,3
1650497619,user-service,3
1650497619,user-service,3
1650497619,user-service,3
1650497619,user-service,3
1650497620,user-service,3
1650497620,user-service,3
1650497621,user-service,3
1650497621,user-service,3
1650497621,user-service,3
1650497621,user-service,3
1650497622,user-service,3
1650497622,user-service,3
1650497623,user-service,3
1650497623,user-service,3
1650497623,user-service,3
1650497623,user-service,3
1650497624,user-service,3
1650497624,user-service,3
1650497624,user-service,3
1650497624,user-service,3
1650497625,user-service,3
1650497625,user-service,3
1650497625,user-service,3
1650497625,user-service,3
1650497626,user-service,3
1650497626,user-service,3
1650497626,user-service,3
1650497626,user-service,3
1650497627,user-service,3
1650497627,user-service,3
1650497627,user-service,3
1650497627,user-service,3
1650497628,user-service,3
1650497628,user-service,3
1650497629,user-service,3
1650497629,user-service,3
1650497629,user-service,3
1650497629,user-service,3
1650497630,user-service,3
1650497630,user-service,3
1650497630,user-service,3
1650497630,user-service,3
1650497630,user-service,3
1650497630,user-service,3
1650497631,user-service,3
1650497631,user-service,3
1650497632,user-service,3
1650497632,user-service,3
1650497633,user-service,3
1650497633,user-service,3
1650497634,user-service,3
1650497634,user-service,3
1650497634,user-service,3
1650497634,user-service,3
1650497635,user-service,3
1650497635,user-service,3
1650497636,user-service,3
1650497636,user-service,3
1650497636,user-service,3
1650497636,user-service,3
1650497637,user-service,3
1650497637,user-service,3
1650497637,user-service,3
1650497637,user-service,3
1650497638,user-service,3
1650497638,user-service,3
1650497639,user-service,3
1650497639,user-service,3
1650497639,user-service,3
1650497639,user-service,3
1650497640,user-service,3
1650497640,user-service,3
1650497641,user-service,3
1650497641,user-service,3
1650497642,user-service,3
1650497642,user-service,3
1650497642,user-service,3
1650497642,user-service,3
1650497642,user-service,3
1650497642,user-service,3
1650497643,user-service,3
1650497643,user-service,3
1650497643,user-service,3
1650497643,user-service,3
1650497644,user-service,3
1650497644,user-service,3
1650497644,user-service,3
1650497644,user-service,3
1650497645,user-service,3
1650497645,user-service,3
1650497645,user-service,3
1650497645,user-service,3
1650497646,user-service,3
1650497646,user-service,3
1650497647,user-service,3
1650497647,user-service,3
1650497647,user-service,3
1650497647,user-service,3
1650497648,user-service,3
1650497648,user-service,3
1650497649,user-service,3
1650497649,user-service,3
1650497650,user-service,3
1650497650,user-service,3
1650497650,user-service,3
1650497650,user-service,3
1650497651,user-service,3
1650497651,user-service,3
1650497652,user-service,3
1650497652,user-service,3
1650497652,user-service,3
1650497652,user-service,3
1650497652,user-service,3
1650497652,user-service,3
1650497653,user-service,3
1650497653,user-service,3
1650497653,user-service,3
1650497653,user-service,3
1650497654,user-service,3
1650497654,user-service,3
1650497654,user-service,3
1650497654,user-service,3
1650497655,user-service,3
1650497655,user-service,3
1650497655,user-service,3
1650497655,user-service,3
1650497656,user-service,3
1650497656,user-service,3
1650497657,user-service,3
1650497657,user-service,3
1650497657,user-service,3
1650497657,user-service,3
1650497658,user-service,3
1650497658,user-service,3
1650497658,user-service,3
1650497658,user-service,3
1650497658,user-service,3
1650497658,user-service,3
1650497659,user-service,3
1650497659,user-service,3
1650497659,user-service,3
1650497659,user-service,3
1650497660,user-service,3
1650497660,user-service,3
1650497660,user-service,3
1650497660,user-service,3
1650497661,user-service,3
1650497661,user-service,3
1650497661,user-service,3
1650497661,user-service,3
1650497662,user-service,3
1650497662,user-service,3
1650497662,user-service,3
1650497662,user-service,3
1650497663,user-service,3
1650497663,user-service,3
1650497663,user-service,3
1650497663,user-service,3
1650497663,user-service,3
1650497663,user-service,3
1650497664,user-service,3
1650497664,user-service,3
1650497665,user-service,3
1650497665,user-service,3
1650497666,user-service,3
1650497666,user-service,3
1650497666,user-service,3
1650497666,user-service,3
1650497667,user-service,3
1650497667,user-service,3
1650497668,user-service,3
1650497668,user-service,3
1650497668,user-service,3
1650497668,user-service,3
1650497668,user-service,3
1650497668,user-service,3
1650497669,user-service,3
1650497669,user-service,3
1650497670,user-service,3
1650497670,user-service,3
1650497671,user-service,3
1650497671,user-service,3
1650497672,user-service,3
1650497672,user-service,3
1650497673,user-service,3
1650497673,user-service,3
1650497673,user-service,3
1650497673,user-service,3
1650497674,user-service,3
1650497674,user-service,3
1650497675,user-service,3
1650497675,user-service,3
1650497676,user-service,3
1650497676,user-service,3
1650497676,user-service,3
1650497677,user-service,3
1650497677,user-service,3
1650497677,user-service,3
1650497678,user-service,3
1650497678,user-service,3
1650497679,user-service,3
1650497679,user-service,3
1650497679,user-service,3
1650497679,user-service,3
1650497679,user-service,3
1650497679,user-service,3
1650497680,user-service,3
1650497680,user-service,3
1650497680,user-service,3
1650497680,user-service,3
1650497681,user-service,3
1650497681,user-service,3
1650497681,user-service,3
1650497681,user-service,3
1650497682,user-service,3
1650497682,user-service,3
1650497682,user-service,3
1650497682,user-service,3
1650497683,user-service,3
1650497683,user-service,3
1650497683,user-service,3
1650497683,user-service,3
1650497684,user-service,3
1650497684,user-service,3
1650497684,user-service,3
1650497684,user-service,3
1650497685,user-service,3
1650497685,user-service,3
1650497685,user-service,3
1650497685,user-service,3
1650497686,user-service,3
1650497686,user-service,3
1650497686,user-service,3
1650497686,user-service,3
1650497687,user-service,3
1650497687,user-service,3
1650497688,user-service,3
1650497688,user-service,3
1650497688,user-service,3
1650497688,user-service,3
1650497689,user-service,3
1650497689,user-service,3
1650497690,user-service,3
1650497690,user-service,3
1650497690,user-service,3
1650497690,user-service,3
1650497691,user-service,3
1650497691,user-service,3
1650497691,user-service,3
1650497691,user-service,3
1650497692,user-service,3
1650497692,user-service,3
1650497692,user-service,3
1650497692,user-service,3
1650497693,user-service,3
1650497693,user-service,3
1650497693,user-service,3
1650497693,user-service,3
1650497694,user-service,3
1650497694,user-service,3
1650497694,user-service,3
1650497694,user-service,3
1650497694,user-service,3
1650497694,user-service,3
1650497695,user-service,3
1650497695,user-service,3
1650497695,user-service,3
1650497695,user-service,3
1650497696,user-service,3
1650497696,user-service,3
1650497696,user-service,3
1650497696,user-service,3
1650497697,user-service,3
1650497697,user-service,3
1650497697,user-service,3
1650497697,user-service,3
1650497698,user-service,3
1650497698,user-service,3
1650497699,user-service,3
1650497699,user-service,3
1650497700,user-service,3
1650497700,user-service,3
1650497700,user-service,3
1650497700,user-service,3
1650497701,user-service,3
1650497701,user-service,3
1650497701,user-service,3
1650497701,user-service,3
1650497701,user-service,3
1650497701,user-service,3
1650497702,user-service,3
1650497702,user-service,3
1650497703,user-service,3
1650497703,user-service,3
1650497703,user-service,3
1650497703,user-service,3
1650497704,user-service,3
1650497704,user-service,3
1650497704,user-service,3
1650497704,user-service,3
1650497705,user-service,3
1650497705,user-service,3
1650497705,user-service,3
1650497705,user-service,3
1650497706,user-service,3
1650497706,user-service,3
1650497707,user-service,3
1650497707,user-service,3
1650497707,user-service,3
1650497707,user-service,3
1650497708,user-service,3
1650497708,user-service,3
1650497708,user-service,3
1650497708,user-service,3
1650497709,user-service,3
1650497709,user-service,3
1650497710,user-service,3
1650497710,user-service,3
1650497710,user-service,3
1650497710,user-service,3
1650497710,user-service,3
1650497710,user-service,3
1650497711,user-service,3
1650497711,user-service,3
1650497711,user-service,3
1650497711,user-service,3
1650497712,user-service,3
1650497712,user-service,3
1650497713,user-service,3
1650497713,user-service,3
1650497714,user-service,3
1650497714,user-service,3
1650497715,user-service,3
1650497715,user-service,3
1650497715,user-service,3
1650497715,user-service,3
1650497715,user-service,3
1650497715,user-service,3
1650497716,user-service,3
1650497716,user-service,3
1650497717,user-service,3
1650497717,user-service,3
1650497717,user-service,3
1650497717,user-service,3
1650497718,user-service,3
1650497718,user-service,3
1650497719,user-service,3
1650497719,user-service,3
1650497720,user-service,3
1650497720,user-service,3
1650497720,user-service,3
1650497720,user-service,3
1650497721,user-service,3
1650497721,user-service,3
1650497722,user-service,3
1650497722,user-service,3
1650497723,user-service,3
1650497723,user-service,3
1650497723,user-service,3
1650497723,user-service,3
1650497724,user-service,3
1650497724,user-service,3
1650497724,user-service,3
1650497724,user-service,3
1650497725,user-service,3
1650497725,user-service,3
1650497726,user-service,3
1650497726,user-service,3
1650497727,user-service,3
1650497727,user-service,3
1650497727,user-service,3
1650497727,user-service,3
1650497728,user-service,3
1650497728,user-service,3
1650497729,user-service,3
1650497729,user-service,3
1650497730,user-service,3
1650497730,user-service,3
1650497730,user-service,3
1650497730,user-service,3
1650497731,user-service,3
1650497731,user-service,3
1650497731,user-service,3
1650497731,user-service,3
1650497732,user-service,3
1650497732,user-service,3
1650497732,user-service,3
1650497732,user-service,3
1650497733,user-service,3
1650497733,user-service,3
1650497733,user-service,3
1650497733,user-service,3
1650497733,user-service,3
1650497733,user-service,3
1650497733,user-service,3
1650497733,user-service,3
1650497734,user-service,3
1650497734,user-service,3
1650497735,user-service,3
1650497735,user-service,3
1650497735,user-service,3
1650497735,user-service,3
1650497737,user-service,3
1650497737,user-service,3
1650497737,user-service,3
1650497737,user-service,3
1650497737,user-service,3
1650497737,user-service,3
1650497738,user-service,3
1650497738,user-service,3
1650497739,user-service,3
1650497739,user-service,3
1650497739,user-service,3
1650497739,user-service,3
1650497739,user-service,3
1650497739,user-service,3
1650497740,user-service,3
1650497740,user-service,3
1650497741,user-service,3
1650497741,user-service,3
1650497741,user-service,3
1650497741,user-service,3
1650497742,user-service,3
1650497742,user-service,3
1650497743,user-service,3
1650497743,user-service,3
1650497743,user-service,3
1650497743,user-service,3
1650497743,user-service,3
1650497743,user-service,3
1650497744,user-service,3
1650497744,user-service,3
1650497745,user-service,3
1650497745,user-service,3
1650497746,user-service,3
1650497746,user-service,3
1650497746,user-service,3
1650497746,user-service,3
1650497747,user-service,3
1650497747,user-service,3
1650497747,user-service,3
1650497747,user-service,3
1650497747,user-service,3
1650497747,user-service,3
1650497748,user-service,3
1650497748,user-service,3
1650497749,user-service,3
1650497749,user-service,3
1650497749,user-service,3
1650497749,user-service,3
1650497749,user-service,3
1650497749,user-service,3
1650497750,user-service,3
1650497750,user-service,3
1650497750,user-service,3
1650497750,user-service,3
1650497750,user-service,3
1650497750,user-service,3
1650497751,user-service,3
1650497751,user-service,3
1650497752,user-service,3
1650497752,user-service,3
1650497753,user-service,3
1650497753,user-service,3
1650497753,user-service,3
1650497753,user-service,3
1650497753,user-service,3
1650497753,user-service,3
1650497754,user-service,3
1650497754,user-service,3
1650497754,user-service,3
1650497754,user-service,3
1650497755,user-service,3
1650497755,user-service,3
1650497755,user-service,3
1650497755,user-service,3
1650497756,user-service,3
1650497756,user-service,3
1650497756,user-service,3
1650497756,user-service,3
1650497757,user-service,3
1650497757,user-service,3
1650497758,user-service,3
1650497758,user-service,3
1650497758,user-service,3
1650497758,user-service,3
1650497759,user-service,3
1650497759,user-service,3
1650497760,user-service,3
1650497760,user-service,3
1650497760,user-service,3
1650497760,user-service,3
1650497761,user-service,3
1650497761,user-service,3
1650497762,user-service,3
1650497762,user-service,3
1650497763,user-service,3
1650497763,user-service,3
1650497763,user-service,3
1650497763,user-service,3
1650497764,user-service,3
1650497764,user-service,3
1650497765,user-service,3
1650497765,user-service,3
1650497765,user-service,3
1650497765,user-service,3
1650497766,user-service,3
1650497766,user-service,3
1650497766,user-service,3
1650497766,user-service,3
1650497767,user-service,3
1650497767,user-service,3
1650497768,user-service,3
1650497768,user-service,3
1650497768,user-service,3
1650497768,user-service,3
1650497769,user-service,3
1650497769,user-service,3
1650497770,user-service,3
1650497770,user-service,3
1650497770,user-service,3
1650497770,user-service,3
1650497771,user-service,3
1650497771,user-service,3
1650497771,user-service,3
1650497771,user-service,3
1650497771,user-service,3
1650497771,user-service,3
1650497772,user-service,3
1650497772,user-service,3
1650497772,user-service,3
1650497772,user-service,3
1650497772,user-service,3
1650497772,user-service,3
1650497773,user-service,3
1650497773,user-service,3
1650497774,user-service,3
1650497774,user-service,3
1650497774,user-service,3
1650497774,user-service,3
1650497774,user-service,3
1650497774,user-service,3
1650497775,user-service,3
1650497775,user-service,3
1650497775,user-service,3
1650497775,user-service,3
1650497776,user-service,3
1650497776,user-service,3
1650497777,user-service,3
1650497777,user-service,3
1650497778,user-service,3
1650497778,user-service,3
1650497779,user-service,3
1650497779,user-service,3
1650497779,user-service,3
1650497779,user-service,3
1650497780,user-service,3
1650497780,user-service,3
1650497780,user-service,3
1650497780,user-service,3
1650497781,user-service,3
1650497781,user-service,3
1650497781,user-service,3
1650497781,user-service,3
1650497782,user-service,3
1650497782,user-service,3
1650497783,user-service,3
1650497783,user-service,3
1650497783,user-service,3
1650497783,user-service,3
1650497783,user-service,3
1650497783,user-service,3
1650497784,user-service,3
1650497784,user-service,3
1650497785,user-service,3
1650497785,user-service,3
1650497786,user-service,3
1650497786,user-service,3
1650497786,user-service,3
1650497786,user-service,3
1650497786,user-service,3
1650497786,user-service,3
1650497788,user-service,3
1650497788,user-service,3
1650497788,user-service,3
1650497788,user-service,3
1650497789,user-service,3
1650497789,user-service,3
1650497790,user-service,3
1650497790,user-service,3
1650497790,user-service,3
1650497790,user-service,3
1650497791,user-service,3
1650497791,user-service,3
1650497791,user-service,3
1650497791,user-service,3
1650497791,user-service,3
1650497791,user-service,3
1650497792,user-service,3
1650497792,user-service,3
1650497792,user-service,3
1650497792,user-service,3
1650497793,user-service,3
1650497793,user-service,3
1650497793,user-service,3
1650497793,user-service,3
1650497794,user-service,3
1650497794,user-service,3
1650497795,user-service,3
1650497795,user-service,3
1650497795,user-service,3
1650497795,user-service,3
1650497796,user-service,3
1650497796,user-service,3
1650497797,user-service,3
1650497797,user-service,3
1650497798,user-service,3
1650497798,user-service,3
1650497798,user-service,3
1650497798,user-service,3
1650497799,user-service,3
1650497799,user-service,3
1650497800,user-service,3
1650497800,user-service,3
1650497800,user-service,3
1650497800,user-service,3
1650497801,user-service,3
1650497801,user-service,3
1650497801,user-service,3
1650497801,user-service,3
1650497802,user-service,3
1650497802,user-service,3
1650497802,user-service,3
1650497802,user-service,3
1650497803,user-service,3
1650497803,user-service,3
1650497804,user-service,3
1650497804,user-service,3
1650497804,user-service,3
1650497804,user-service,3
1650497805,user-service,3
1650497805,user-service,3
1650497805,user-service,3
1650497805,user-service,3
1650497806,user-service,3
1650497806,user-service,3
1650497806,user-service,3
1650497806,user-service,3
1650497806,user-service,3
1650497806,user-service,3
1650497807,user-service,3
1650497807,user-service,3
1650497808,user-service,3
1650497808,user-service,3
1650497808,user-service,3
1650497808,user-service,3
1650497809,user-service,3
1650497809,user-service,3
1650497810,user-service,3
1650497810,user-service,3
1650497810,user-service,3
1650497810,user-service,3
1650497811,user-service,3
1650497811,user-service,3
1650497811,user-service,3
1650497811,user-service,3
1650497812,user-service,3
1650497812,user-service,3
1650497812,user-service,3
1650497812,user-service,3
1650497812,user-service,3
1650497812,user-service,3
1650497813,user-service,3
1650497813,user-service,3
1650497813,user-service,3
1650497813,user-service,3
1650497814,user-service,3
1650497814,user-service,3
1650497815,user-service,3
1650497815,user-service,3
1650497815,user-service,3
1650497815,user-service,3
1650497815,user-service,3
1650497815,user-service,3
1650497816,user-service,3
1650497816,user-service,3
1650497817,user-service,3
1650497817,user-service,3
1650497818,user-service,3
1650497818,user-service,3
1650497819,user-service,3
1650497819,user-service,3
1650497819,user-service,3
1650497819,user-service,3
1650497819,user-service,3
1650497819,user-service,3
1650497820,user-service,3
1650497820,user-service,3
1650497821,user-service,3
1650497821,user-service,3
1650497821,user-service,3
1650497821,user-service,3
1650497822,user-service,3
1650497822,user-service,3
1650497822,user-service,3
1650497822,user-service,3
1650497822,user-service,3
1650497822,user-service,3
1650497823,user-service,3
1650497823,user-service,3
1650497824,user-service,3
1650497824,user-service,3
1650497825,user-service,3
1650497825,user-service,3
1650497825,user-service,3
1650497825,user-service,3
1650497825,user-service,3
1650497825,user-service,3
1650497826,user-service,3
1650497826,user-service,3
1650497826,user-service,3
1650497826,user-service,3
1650497827,user-service,3
1650497827,user-service,3
1650497828,user-service,3
1650497828,user-service,3
1650497828,user-service,3
1650497829,user-service,3
1650497829,user-service,3
1650497829,user-service,3
1650497830,user-service,3
1650497830,user-service,3
1650497830,user-service,3
1650497830,user-service,3
1650497831,user-service,3
1650497831,user-service,3
1650497831,user-service,3
1650497831,user-service,3
1650497831,user-service,3
1650497831,user-service,3
1650497832,user-service,3
1650497832,user-service,3
1650497833,user-service,3
1650497833,user-service,3
1650497833,user-service,3
1650497833,user-service,3
1650497833,user-service,3
1650497833,user-service,3
1650497834,user-service,3
1650497834,user-service,3
1650497835,user-service,3
1650497835,user-service,3
1650497836,user-service,3
1650497836,user-service,3
1650497836,user-service,3
1650497836,user-service,3
1650497836,user-service,3
1650497836,user-service,3
1650497837,user-service,3
1650497837,user-service,3
1650497838,user-service,3
1650497838,user-service,3
1650497839,user-service,3
1650497839,user-service,3
1650497839,user-service,3
1650497839,user-service,3
1650497840,user-service,3
1650497840,user-service,3
1650497840,user-service,3
1650497840,user-service,3
1650497841,user-service,3
1650497841,user-service,3
1650497841,user-service,3
1650497841,user-service,3
1650497842,user-service,3
1650497842,user-service,3
1650497842,user-service,3
1650497842,user-service,3
1650497843,user-service,3
1650497843,user-service,3
1650497843,user-service,3
1650497843,user-service,3
1650497844,user-service,3
1650497844,user-service,3
1650497845,user-service,3
1650497845,user-service,3
1650497845,user-service,3
1650497845,user-service,3
1650497845,user-service,3
1650497845,user-service,3
1650497846,user-service,3
1650497846,user-service,3
1650497847,user-service,3
1650497847,user-service,3
1650497848,user-service,3
1650497848,user-service,3
1650497848,user-service,3
1650497848,user-service,3
1650497849,user-service,3
1650497849,user-service,3
1650497849,user-service,3
1650497849,user-service,3
1650497850,user-service,3
1650497850,user-service,3
1650497850,user-service,3
1650497850,user-service,3
1650497851,user-service,3
1650497851,user-service,3
1650497851,user-service,3
1650497851,user-service,3
1650497852,user-service,3
1650497852,user-service,3
1650497853,user-service,3
1650497853,user-service,3
1650497854,user-service,3
1650497854,user-service,3
1650497855,user-service,3
1650497855,user-service,3
1650497855,user-service,3
1650497855,user-service,3
1650497856,user-service,3
1650497856,user-service,3
1650497856,user-service,3
1650497856,user-service,3
1650497857,user-service,3
1650497857,user-service,3
1650497858,user-service,3
1650497858,user-service,3
1650497859,user-service,3
1650497859,user-service,3
1650497859,user-service,3
1650497859,user-service,3
1650497859,user-service,3
1650497859,user-service,3
1650497860,user-service,3
1650497860,user-service,3
1650497860,user-service,3
1650497860,user-service,3
1650497861,user-service,3
1650497861,user-service,3
1650497861,user-service,3
1650497861,user-service,3
1650497862,user-service,3
1650497862,user-service,3
1650497862,user-service,3
1650497862,user-service,3
1650497863,user-service,3
1650497863,user-service,3
1650497864,user-service,3
1650497864,user-service,3
1650497864,user-service,3
1650497864,user-service,3
1650497865,user-service,3
1650497865,user-service,3
1650497865,user-service,3
1650497865,user-service,3
1650497866,user-service,3
1650497866,user-service,3
1650497867,user-service,3
1650497867,user-service,3
1650497867,user-service,3
1650497867,user-service,3
1650497868,user-service,3
1650497868,user-service,3
1650497868,user-service,3
1650497868,user-service,3
1650497869,user-service,3
1650497869,user-service,3
1650497869,user-service,3
1650497869,user-service,3
1650497869,user-service,3
1650497869,user-service,3
1650497870,user-service,3
1650497870,user-service,3
1650497871,user-service,3
1650497871,user-service,3
1650497871,user-service,3
1650497871,user-service,3
1650497872,user-service,3
1650497872,user-service,3
1650497873,user-service,3
1650497873,user-service,3
1650497873,user-service,3
1650497873,user-service,3
1650497873,user-service,3
1650497873,user-service,3
1650497874,user-service,3
1650497874,user-service,3
1650497874,user-service,3
1650497874,user-service,3
1650497875,user-service,3
1650497875,user-service,3
1650497875,user-service,3
1650497875,user-service,3
1650497876,user-service,3
1650497876,user-service,3
1650497876,user-service,3
1650497876,user-service,3
1650497877,user-service,3
1650497877,user-service,3
1650497878,user-service,3
1650497878,user-service,3
1650497879,user-service,3
1650497879,user-service,3
1650497880,user-service,3
1650497880,user-service,3
1650497881,user-service,3
1650497881,user-service,3
1650497881,user-service,3
1650497881,user-service,3
1650497882,user-service,3
1650497882,user-service,3
1650497883,user-service,3
1650497883,user-service,3
1650497883,user-service,3
1650497883,user-service,3
1650497884,user-service,3
1650497884,user-service,3
1650497885,user-service,3
1650497885,user-service,3
1650497885,user-service,3
1650497885,user-service,3
1650497886,user-service,3
1650497886,user-service,3
1650497886,user-service,3
1650497886,user-service,3
1650497887,user-service,3
1650497887,user-service,3
1650497887,user-service,3
1650497887,user-service,3
1650497888,user-service,3
1650497888,user-service,3
1650497888,user-service,3
1650497888,user-service,3
1650497889,user-service,3
1650497889,user-service,3
1650497889,user-service,3
1650497889,user-service,3
1650497890,user-service,3
1650497890,user-service,3
1650497891,user-service,3
1650497891,user-service,3
1650497891,user-service,3
1650497891,user-service,3
1650497892,user-service,3
1650497892,user-service,3
1650497892,user-service,3
1650497892,user-service,3
1650497893,user-service,3
1650497893,user-service,3
1650497894,user-service,3
1650497894,user-service,3
1650497894,user-service,3
1650497894,user-service,3
1650497894,user-service,3
1650497894,user-service,3
1650497895,user-service,3
1650497895,user-service,3
1650497896,user-service,3
1650497896,user-service,3
1650497896,user-service,3
1650497896,user-service,3
1650497897,user-service,3
1650497897,user-service,3
1650497898,user-service,3
1650497898,user-service,3
1650497898,user-service,3
1650497898,user-service,3
1650497899,user-service,3
1650497899,user-service,3
1650497900,user-service,3
1650497900,user-service,3
1650497901,user-service,3
1650497901,user-service,3
1650497902,user-service,3
1650497902,user-service,3
1650497902,user-service,3
1650497902,user-service,3
1650497903,user-service,3
1650497903,user-service,3
1650497903,user-service,3
1650497903,user-service,3
1650497903,user-service,3
1650497903,user-service,3
1650497904,user-service,3
1650497904,user-service,3
1650497905,user-service,3
1650497905,user-service,3
1650497905,user-service,3
1650497905,user-service,3
1650497906,user-service,3
1650497906,user-service,3
1650497907,user-service,3
1650497907,user-service,3
1650497907,user-service,3
1650497907,user-service,3
1650497908,user-service,3
1650497908,user-service,3
1650497908,user-service,3
1650497908,user-service,3
1650497908,user-service,3
1650497908,user-service,3
1650497909,user-service,3
1650497909,user-service,3
1650497909,user-service,3
1650497909,user-service,3
1650497910,user-service,3
1650497910,user-service,3
1650497910,user-service,3
1650497910,user-service,3
1650497911,user-service,3
1650497911,user-service,3
1650497911,user-service,3
1650497911,user-service,3
1650497912,user-service,3
1650497912,user-service,3
1650497913,user-service,3
1650497913,user-service,3
1650497913,user-service,3
1650497913,user-service,3
1650497914,user-service,3
1650497914,user-service,3
1650497915,user-service,3
1650497915,user-service,3
1650497916,user-service,3
1650497916,user-service,3
1650497916,user-service,3
1650497916,user-service,3
1650497917,user-service,3
1650497917,user-service,3
1650497917,user-service,3
1650497917,user-service,3
1650497918,user-service,3
1650497918,user-service,3
1650497919,user-service,3
1650497919,user-service,3
1650497919,user-service,3
1650497919,user-service,3
1650497919,user-service,3
1650497919,user-service,3
1650497920,user-service,3
1650497920,user-service,3
1650497921,user-service,3
1650497921,user-service,3
1650497921,user-service,3
1650497921,user-service,3
1650497921,user-service,3
1650497921,user-service,3
1650497922,user-service,3
1650497922,user-service,3
1650497922,user-service,3
1650497922,user-service,3
1650497923,user-service,3
1650497923,user-service,3
1650497923,user-service,3
1650497923,user-service,3
1650497924,user-service,3
1650497924,user-service,3
1650497925,user-service,3
1650497925,user-service,3
1650497925,user-service,3
1650497925,user-service,3
1650497925,user-service,3
1650497925,user-service,3
1650497926,user-service,3
1650497926,user-service,3
1650497926,user-service,3
1650497926,user-service,3
1650497927,user-service,3
1650497927,user-service,3
1650497927,user-service,3
1650497927,user-service,3
1650497928,user-service,3
1650497928,user-service,3
1650497929,user-service,3
1650497929,user-service,3
1650497929,user-service,3
1650497929,user-service,3
1650497929,user-service,3
1650497929,user-service,3
1650497929,user-service,3
1650497929,user-service,3
1650497929,user-service,3
1650497929,user-service,3
1650497930,user-service,3
1650497930,user-service,3
1650497931,user-service,3
1650497931,user-service,3
1650497931,user-service,3
1650497931,user-service,3
1650497932,user-service,3
1650497932,user-service,3
1650497933,user-service,3
1650497933,user-service,3
1650497933,user-service,3
1650497933,user-service,3
1650497933,user-service,3
1650497933,user-service,3
1650497934,user-service,3
1650497934,user-service,3
1650497934,user-service,3
1650497934,user-service,3
1650497935,user-service,3
1650497935,user-service,3
1650497935,user-service,3
1650497935,user-service,3
1650497936,user-service,3
1650497936,user-service,3
1650497936,user-service,3
1650497937,user-service,3
1650497937,user-service,3
1650497937,user-service,3
1650497938,user-service,3
1650497938,user-service,3
1650497939,user-service,3
1650497939,user-service,3
1650497939,user-service,3
1650497939,user-service,3
1650497940,user-service,3
1650497940,user-service,3
1650497941,user-service,3
1650497941,user-service,3
1650497941,user-service,3
1650497941,user-service,3
1650497942,user-service,3
1650497942,user-service,3
1650497943,user-service,3
1650497943,user-service,3
1650497943,user-service,3
1650497943,user-service,3
1650497944,user-service,3
1650497944,user-service,3
1650497944,user-service,3
1650497944,user-service,3
1650497944,user-service,3
1650497944,user-service,3
1650497945,user-service,3
1650497945,user-service,3
1650497946,user-service,3
1650497946,user-service,3
1650497946,user-service,3
1650497946,user-service,3
1650497947,user-service,3
1650497947,user-service,3
1650497948,user-service,3
1650497948,user-service,3
1650497949,user-service,3
1650497949,user-service,3
1650497950,user-service,3
1650497950,user-service,3
1650497950,user-service,3
1650497950,user-service,3
1650497951,user-service,3
1650497951,user-service,3
1650497951,user-service,3
1650497951,user-service,3
1650497952,user-service,3
1650497952,user-service,3
1650497952,user-service,3
1650497952,user-service,3
1650497953,user-service,3
1650497953,user-service,3
1650497954,user-service,3
1650497954,user-service,3
1650497955,user-service,3
1650497955,user-service,3
1650497955,user-service,3
1650497955,user-service,3
1650497956,user-service,3
1650497956,user-service,3
1650497956,user-service,3
1650497956,user-service,3
1650497957,user-service,3
1650497957,user-service,3
1650497957,user-service,3
1650497957,user-service,3
1650497957,user-service,3
1650497957,user-service,3
1650497958,user-service,3
1650497958,user-service,3
1650497958,user-service,3
1650497958,user-service,3
1650497959,user-service,3
1650497959,user-service,3
1650497959,user-service,3
1650497959,user-service,3
1650497960,user-service,3
1650497960,user-service,3
1650497961,user-service,3
1650497961,user-service,3
1650497961,user-service,3
1650497961,user-service,3
1650497961,user-service,3
1650497961,user-service,3
1650497962,user-service,3
1650497962,user-service,3
1650497962,user-service,3
1650497962,user-service,3
1650497963,user-service,3
1650497963,user-service,3
1650497964,user-service,3
1650497964,user-service,3
1650497964,user-service,3
1650497964,user-service,3
1650497965,user-service,3
1650497965,user-service,3
1650497966,user-service,3
1650497966,user-service,3
1650497966,user-service,3
1650497966,user-service,3
1650497966,user-service,3
1650497966,user-service,3
1650497966,user-service,3
1650497966,user-service,3
1650497966,user-service,3
1650497966,user-service,3
1650497967,user-service,3
1650497967,user-service,3
1650497967,user-service,3
1650497967,user-service,3
1650497967,user-service,3
1650497967,user-service,3
1650497968,user-service,3
1650497968,user-service,3
1650497968,user-service,3
1650497968,user-service,3
1650497969,user-service,3
1650497969,user-service,3
1650497969,user-service,3
1650497969,user-service,3
1650497970,user-service,3
1650497970,user-service,3
1650497970,user-service,3
1650497970,user-service,3
1650497971,user-service,3
1650497971,user-service,3
1650497972,user-service,3
1650497972,user-service,3
1650497972,user-service,3
1650497973,user-service,3
1650497973,user-service,3
1650497973,user-service,3
1650497973,user-service,3
1650497973,user-service,3
1650497973,user-service,3
1650497973,user-service,3
1650497974,user-service,3
1650497974,user-service,3
1650497975,user-service,3
1650497975,user-service,3
1650497975,user-service,3
1650497975,user-service,3
1650497975,user-service,3
1650497975,user-service,3
1650497976,user-service,3
1650497976,user-service,3
1650497977,user-service,3
1650497977,user-service,3
1650497978,user-service,3
1650497978,user-service,3
1650497979,user-service,3
1650497979,user-service,3
1650497979,user-service,3
1650497979,user-service,3
1650497980,user-service,3
1650497980,user-service,3
1650497980,user-service,3
1650497980,user-service,3
1650497981,user-service,3
1650497981,user-service,3
1650497982,user-service,3
1650497982,user-service,3
1650497983,user-service,3
1650497983,user-service,3
1650497983,user-service,3
1650497983,user-service,3
1650497983,user-service,3
1650497983,user-service,3
1650497984,user-service,3
1650497984,user-service,3
1650497984,user-service,3
1650497984,user-service,3
1650497985,user-service,3
1650497985,user-service,3
1650497985,user-service,3
1650497985,user-service,3
1650497986,user-service,3
1650497986,user-service,3
1650497987,user-service,3
1650497987,user-service,3
1650497987,user-service,3
1650497987,user-service,3
1650497988,user-service,3
1650497988,user-service,3
1650497988,user-service,3
1650497988,user-service,3
1650497989,user-service,3
1650497989,user-service,3
1650497990,user-service,3
1650497990,user-service,3
1650497990,user-service,3
1650497990,user-service,3
1650497991,user-service,3
1650497991,user-service,3
1650497991,user-service,3
1650497991,user-service,3
1650497991,user-service,3
1650497991,user-service,3
1650497991,user-service,3
1650497992,user-service,3
1650497992,user-service,3
1650497992,user-service,3
1650497993,user-service,3
1650497993,user-service,3
1650497993,user-service,3
1650497993,user-service,3
1650497994,user-service,3
1650497994,user-service,3
1650497995,user-service,3
1650497995,user-service,3
1650497996,user-service,3
1650497996,user-service,3
1650497997,user-service,3
1650497997,user-service,3
1650497997,user-service,3
1650497997,user-service,3
1650497997,user-service,3
1650497997,user-service,3
1650497998,user-service,3
1650497998,user-service,3
1650497998,user-service,3
1650497998,user-service,3
1650497999,user-service,3
1650497999,user-service,3
1650498000,user-service,3
1650498000,user-service,3
1650498000,user-service,3
1650498000,user-service,3
1650498001,user-service,3
1650498001,user-service,3
1650498001,user-service,3
1650498001,user-service,3
1650498002,user-service,3
1650498002,user-service,3
1650498003,user-service,3
1650498003,user-service,3
1650498004,user-service,3
1650498004,user-service,3
1650498005,user-service,3
1650498005,user-service,3
1650498005,user-service,3
1650498005,user-service,3
1650498006,user-service,3
1650498006,user-service,3
1650498006,user-service,3
1650498006,user-service,3
1650498006,user-service,3
1650498006,user-service,3
1650498007,user-service,3
1650498007,user-service,3
1650498007,user-service,3
1650498007,user-service,3
1650498007,user-service,3
1650498007,user-service,3
1650498008,user-service,3
1650498008,user-service,3
1650498009,user-service,3
1650498009,user-service,3
1650498009,user-service,3
1650498009,user-service,3
1650498010,user-service,3
1650498010,user-service,3
1650498010,user-service,3
1650498010,user-service,3
1650498011,user-service,3
1650498011,user-service,3
1650498011,user-service,3
1650498011,user-service,3
1650498012,user-service,3
1650498012,user-service,3
1650498012,user-service,3
1650498012,user-service,3
1650498013,user-service,3
1650498013,user-service,3
1650498014,user-service,3
1650498014,user-service,3
1650498014,user-service,3
1650498014,user-service,3
1650498015,user-service,3
1650498015,user-service,3
1650498015,user-service,3
1650498015,user-service,3
1650498016,user-service,3
1650498016,user-service,3
1650498017,user-service,3
1650498017,user-service,3
1650498018,user-service,3
1650498018,user-service,3
1650498018,user-service,3
1650498018,user-service,3
1650498018,user-service,3
1650498019,user-service,3
1650498020,user-service,3
1650498020,user-service,3
1650498020,user-service,3
1650498020,user-service,3
1650498020,user-service,3
1650498020,user-service,3
1650498021,user-service,3
1650498021,user-service,3
1650498021,user-service,3
1650498021,user-service,3
1650498021,user-service,3
1650498021,user-service,3
1650498022,user-service,3
1650498022,user-service,3
1650498022,user-service,3
1650498022,user-service,3
1650498023,user-service,3
1650498023,user-service,3
1650498023,user-service,3
1650498023,user-service,3
1650498023,user-service,3
1650498023,user-service,3
1650498024,user-service,3
1650498024,user-service,3
1650498025,user-service,3
1650498025,user-service,3
1650498026,user-service,3
1650498026,user-service,3
1650498026,user-service,3
1650498026,user-service,3
1650498027,user-service,3
1650498027,user-service,3
1650498027,user-service,3
1650498027,user-service,3
1650498028,user-service,3
1650498028,user-service,3
1650498029,user-service,3
1650498029,user-service,3
1650498029,user-service,3
1650498029,user-service,3
1650498029,user-service,3
1650498029,user-service,3
1650498030,user-service,3
1650498030,user-service,3
1650498031,user-service,3
1650498031,user-service,3
1650498031,user-service,3
1650498032,user-service,3
1650498032,user-service,3
1650498032,user-service,3
1650498032,user-service,3
1650498032,user-service,3
1650498033,user-service,3
1650498033,user-service,3
1650498033,user-service,3
1650498033,user-service,3
1650498033,user-service,3
1650498033,user-service,3
1650498034,user-service,3
1650498034,user-service,3
1650498034,user-service,3
1650498034,user-service,3
1650498035,user-service,3
1650498035,user-service,3
1650498035,user-service,3
1650498035,user-service,3
1650498036,user-service,3
1650498036,user-service,3
1650498037,user-service,3
1650498037,user-service,3
1650498037,user-service,3
1650498037,user-service,3
1650498038,user-service,3
1650498038,user-service,3
1650498038,user-service,3
1650498038,user-service,3
1650498039,user-service,3
1650498039,user-service,3
1650498040,user-service,3
1650498040,user-service,3
1650498040,user-service,3
1650498040,user-service,3
1650498040,user-service,3
1650498040,user-service,3
1650498040,user-service,3
1650498040,user-service,3
1650498040,user-service,3
1650498041,user-service,3
1650498041,user-service,3
1650498041,user-service,3
1650498042,user-service,3
1650498042,user-service,3
1650498042,user-service,3
1650498042,user-service,3
1650498042,user-service,3
1650498042,user-service,3
1650498043,user-service,3
1650498043,user-service,3
1650498044,user-service,3
1650498044,user-service,3
1650498045,user-service,3
1650498045,user-service,3
1650498046,user-service,3
1650498046,user-service,3
1650498046,user-service,3
1650498046,user-service,3
1650498047,user-service,3
1650498047,user-service,3
1650498048,user-service,3
1650498048,user-service,3
1650498048,user-service,3
1650498048,user-service,3
1650498049,user-service,3
1650498049,user-service,3
1650498049,user-service,3
1650498049,user-service,3
1650498050,user-service,3
1650498050,user-service,3
1650498050,user-service,3
1650498050,user-service,3
1650498050,user-service,3
1650498050,user-service,3
1650498050,user-service,3
1650498050,user-service,3
1650498051,user-service,3
1650498051,user-service,3
1650498052,user-service,3
1650498052,user-service,3
1650498052,user-service,3
1650498052,user-service,3
1650498053,user-service,3
1650498053,user-service,3
1650498053,user-service,3
1650498053,user-service,3
1650498053,user-service,3
1650498053,user-service,3
1650498054,user-service,3
1650498054,user-service,3
1650498054,user-service,3
1650498054,user-service,3
1650498055,user-service,3
1650498055,user-service,3
1650498055,user-service,3
1650498055,user-service,3
1650498055,user-service,3
1650498055,user-service,3
1650498056,user-service,3
1650498056,user-service,3
1650498057,user-service,3
1650498057,user-service,3
1650498057,user-service,3
1650498057,user-service,3
1650498058,user-service,3
1650498058,user-service,3
1650498058,user-service,3
1650498058,user-service,3
1650498059,user-service,3
1650498059,user-service,3
1650498059,user-service,3
1650498059,user-service,3
1650498059,user-service,3
1650498059,user-service,3
1650498060,user-service,3
1650498060,user-service,3
1650498060,user-service,3
1650498060,user-service,3
1650498061,user-service,3
1650498061,user-service,3
1650498061,user-service,3
1650498061,user-service,3
1650498062,user-service,3
1650498062,user-service,3
1650498062,user-service,3
1650498062,user-service,3
1650498063,user-service,3
1650498063,user-service,3
1650498064,user-service,3
1650498064,user-service,3
1650498064,user-service,3
1650498064,user-service,3
1650498065,user-service,3
1650498065,user-service,3
1650498065,user-service,3
1650498065,user-service,3
1650498066,user-service,3
1650498066,user-service,3
1650498067,user-service,3
1650498067,user-service,3
1650498068,user-service,3
1650498068,user-service,3
1650498069,user-service,3
1650498069,user-service,3
1650498069,user-service,3
1650498069,user-service,3
1650498070,user-service,3
1650498070,user-service,3
1650498070,user-service,3
1650498070,user-service,3
1650498071,user-service,3
1650498071,user-service,3
1650498072,user-service,3
1650498072,user-service,3
1650498073,user-service,3
1650498073,user-service,3
1650498074,user-service,3
1650498074,user-service,3
1650498074,user-service,3
1650498074,user-service,3
1650498075,user-service,3
1650498075,user-service,3
1650498075,user-service,3
1650498075,user-service,3
1650498076,user-service,3
1650498076,user-service,3
1650498077,user-service,3
1650498077,user-service,3
1650498077,user-service,3
1650498077,user-service,3
1650498078,user-service,3
1650498078,user-service,3
1650498078,user-service,3
1650498078,user-service,3
1650498079,user-service,3
1650498079,user-service,3
1650498079,user-service,3
1650498079,user-service,3
1650498080,user-service,3
1650498080,user-service,3
1650498080,user-service,3
1650498080,user-service,3
1650498081,user-service,3
1650498081,user-service,3
1650498081,user-service,3
1650498081,user-service,3
1650498082,user-service,3
1650498082,user-service,3
1650498083,user-service,3
1650498083,user-service,3
1650498083,user-service,3
1650498083,user-service,3
1650498084,user-service,3
1650498084,user-service,3
1650498085,user-service,3
1650498085,user-service,3
1650498085,user-service,3
1650498085,user-service,3
1650498086,user-service,3
1650498086,user-service,3
1650498086,user-service,3
1650498086,user-service,3
1650498087,user-service,3
1650498087,user-service,3
1650498088,user-service,3
1650498088,user-service,3
1650498088,user-service,3
1650498088,user-service,3
1650498089,user-service,3
1650498089,user-service,3
1650498090,user-service,3
1650498090,user-service,3
1650498090,user-service,3
1650498090,user-service,3
1650498090,user-service,3
1650498090,user-service,3
1650498091,user-service,3
1650498091,user-service,3
1650498092,user-service,3
1650498092,user-service,3
1650498092,user-service,3
1650498092,user-service,3
1650498092,user-service,3
1650498092,user-service,3
1650498092,user-service,3
1650498092,user-service,3
1650498093,user-service,3
1650498093,user-service,3
1650498093,user-service,3
1650498093,user-service,3
1650498093,user-service,3
1650498093,user-service,3
1650498094,user-service,3
1650498094,user-service,3
1650498094,user-service,3
1650498094,user-service,3
1650498095,user-service,3
1650498095,user-service,3
1650498095,user-service,3
1650498095,user-service,3
1650498096,user-service,3
1650498096,user-service,3
1650498097,user-service,3
1650498097,user-service,3
1650498097,user-service,3
1650498097,user-service,3
1650498098,user-service,3
1650498098,user-service,3
1650498098,user-service,3
1650498098,user-service,3
1650498099,user-service,3
1650498099,user-service,3
1650498100,user-service,3
1650498100,user-service,3
1650498101,user-service,3
1650498101,user-service,3
1650498101,user-service,3
1650498101,user-service,3
1650498101,user-service,3
1650498101,user-service,3
1650498102,user-service,3
1650498102,user-service,3
1650498103,user-service,3
1650498103,user-service,3
1650498103,user-service,3
1650498103,user-service,3
1650498104,user-service,3
1650498104,user-service,3
1650498104,user-service,3
1650498104,user-service,3
1650498105,user-service,3
1650498105,user-service,3
1650498105,user-service,3
1650498105,user-service,3
1650498106,user-service,3
1650498106,user-service,3
1650498107,user-service,3
1650498107,user-service,3
1650498108,user-service,3
1650498108,user-service,3
1650498108,user-service,3
1650498108,user-service,3
1650498108,user-service,3
1650498108,user-service,3
1650498108,user-service,3
1650498108,user-service,3
1650498109,user-service,3
1650498109,user-service,3
1650498109,user-service,3
1650498109,user-service,3
1650498110,user-service,3
1650498110,user-service,3
1650498110,user-service,3
1650498110,user-service,3
1650498111,user-service,3
1650498111,user-service,3
1650498112,user-service,3
1650498112,user-service,3
1650498112,user-service,3
1650498112,user-service,3
1650498113,user-service,3
1650498113,user-service,3
1650498113,user-service,3
1650498113,user-service,3
1650498114,user-service,3
1650498114,user-service,3
1650498115,user-service,3
1650498115,user-service,3
1650498115,user-service,3
1650498115,user-service,3
1650498116,user-service,3
1650498116,user-service,3
1650498117,user-service,3
1650498117,user-service,3
1650498118,user-service,3
1650498118,user-service,3
1650498118,user-service,3
1650498118,user-service,3
1650498118,user-service,3
1650498118,user-service,3
1650498118,user-service,3
1650498118,user-service,3
1650498119,user-service,3
1650498119,user-service,3
1650498120,user-service,3
1650498120,user-service,3
1650498120,user-service,3
1650498120,user-service,3
1650498121,user-service,3
1650498121,user-service,3
1650498121,user-service,3
1650498121,user-service,3
1650498122,user-service,3
1650498122,user-service,3
1650498122,user-service,3
1650498122,user-service,3
1650498123,user-service,3
1650498123,user-service,3
1650498123,user-service,3
1650498123,user-service,3
1650498124,user-service,3
1650498124,user-service,3
1650498124,user-service,3
1650498124,user-service,3
1650498124,user-service,3
1650498124,user-service,3
1650498124,user-service,3
1650498124,user-service,3
1650498125,user-service,3
1650498125,user-service,3
1650498126,user-service,3
1650498126,user-service,3
1650498126,user-service,3
1650498126,user-service,3
1650498127,user-service,3
1650498127,user-service,3
1650498128,user-service,3
1650498128,user-service,3
1650498128,user-service,3
1650498128,user-service,3
1650498129,user-service,3
1650498129,user-service,3
1650498130,user-service,3
1650498130,user-service,3
1650498130,user-service,3
1650498130,user-service,3
1650498130,user-service,3
1650498130,user-service,3
1650498131,user-service,3
1650498131,user-service,3
1650498131,user-service,3
1650498131,user-service,3
1650498132,user-service,3
1650498132,user-service,3
1650498132,user-service,3
1650498132,user-service,3
1650498133,user-service,3
1650498133,user-service,3
1650498134,user-service,3
1650498134,user-service,3
1650498134,user-service,3
1650498134,user-service,3
1650498135,user-service,3
1650498135,user-service,3
1650498135,user-service,3
1650498135,user-service,3
1650498135,user-service,3
1650498135,user-service,3
1650498136,user-service,3
1650498136,user-service,3
1650498136,user-service,3
1650498136,user-service,3
1650498137,user-service,3
1650498137,user-service,3
1650498137,user-service,3
1650498137,user-service,3
1650498138,user-service,3
1650498138,user-service,3
1650498138,user-service,3
1650498138,user-service,3
1650498139,user-service,3
1650498139,user-service,3
1650498140,user-service,3
1650498140,user-service,3
1650498140,user-service,3
1650498140,user-service,3
1650498141,user-service,3
1650498141,user-service,3
1650498141,user-service,3
1650498141,user-service,3
1650498142,user-service,3
1650498142,user-service,3
1650498143,user-service,3
1650498143,user-service,3
1650498144,user-service,3
1650498144,user-service,3
1650498144,user-service,3
1650498144,user-service,3
1650498145,user-service,3
1650498145,user-service,3
1650498146,user-service,3
1650498146,user-service,3
1650498146,user-service,3
1650498146,user-service,3
1650498147,user-service,3
1650498147,user-service,3
1650498147,user-service,3
1650498147,user-service,3
1650498148,user-service,3
1650498148,user-service,3
1650498148,user-service,3
1650498148,user-service,3
1650498148,user-service,3
1650498148,user-service,3
1650498149,user-service,3
1650498149,user-service,3
1650498150,user-service,3
1650498150,user-service,3
1650498150,user-service,3
1650498150,user-service,3
1650498151,user-service,3
1650498151,user-service,3
1650498151,user-service,3
1650498151,user-service,3
1650498152,user-service,3
1650498152,user-service,3
1650498152,user-service,3
1650498152,user-service,3
1650498153,user-service,3
1650498153,user-service,3
1650498153,user-service,3
1650498153,user-service,3
1650498154,user-service,3
1650498154,user-service,3
1650498154,user-service,3
1650498154,user-service,3
1650498155,user-service,3
1650498155,user-service,3
1650498156,user-service,3
1650498156,user-service,3
1650498156,user-service,3
1650498156,user-service,3
1650498157,user-service,3
1650498157,user-service,3
1650498158,user-service,3
1650498158,user-service,3
1650498159,user-service,3
1650498159,user-service,3
1650498159,user-service,3
1650498159,user-service,3
1650498160,user-service,3
1650498160,user-service,3
1650498160,user-service,3
1650498160,user-service,3
1650498160,user-service,3
1650498160,user-service,3
1650498161,user-service,3
1650498161,user-service,3
1650498161,user-service,3
1650498161,user-service,3
1650498161,user-service,3
1650498161,user-service,3
1650498162,user-service,3
1650498162,user-service,3
1650498162,user-service,3
1650498162,user-service,3
1650498162,user-service,3
1650498162,user-service,3
1650498162,user-service,3
1650498162,user-service,3
1650498162,user-service,3
1650498162,user-service,3
1650498163,user-service,3
1650498163,user-service,3
1650498163,user-service,3
1650498163,user-service,3
1650498164,user-service,3
1650498164,user-service,3
1650498165,user-service,3
1650498165,user-service,3
1650498165,user-service,3
1650498165,user-service,3
1650498166,user-service,3
1650498166,user-service,3
1650498166,user-service,3
1650498166,user-service,3
1650498167,user-service,3
1650498167,user-service,3
1650498168,user-service,3
1650498168,user-service,3
1650498168,user-service,3
1650498168,user-service,3
1650498169,user-service,3
1650498169,user-service,3
1650498170,user-service,3
1650498170,user-service,3
1650498171,user-service,3
1650498171,user-service,3
1650498172,user-service,3
1650498172,user-service,3
1650498172,user-service,3
1650498172,user-service,3
1650498173,user-service,3
1650498173,user-service,3
1650498174,user-service,3
1650498174,user-service,3
1650498174,user-service,3
1650498174,user-service,3
1650498175,user-service,3
1650498175,user-service,3
1650498175,user-service,3
1650498175,user-service,3
1650498176,user-service,3
1650498176,user-service,3
1650498177,user-service,3
1650498177,user-service,3
1650498178,user-service,3
1650498178,user-service,3
1650498179,user-service,3
1650498179,user-service,3
1650498179,user-service,3
1650498179,user-service,3
1650498179,user-service,3
1650498179,user-service,3
1650498179,user-service,3
1650498179,user-service,3
1650498180,user-service,3
1650498180,user-service,3
1650498181,user-service,3
1650498181,user-service,3
1650498181,user-service,3
1650498181,user-service,3
1650498181,user-service,3
1650498181,user-service,3
1650498182,user-service,3
1650498182,user-service,3
1650498182,user-service,3
1650498182,user-service,3
1650498183,user-service,3
1650498183,user-service,3
1650498184,user-service,3
1650498184,user-service,3
1650498184,user-service,3
1650498184,user-service,3
1650498185,user-service,3
1650498185,user-service,3
1650498186,user-service,3
1650498186,user-service,3
1650498186,user-service,3
1650498186,user-service,3
1650498187,user-service,3
1650498187,user-service,3
1650498187,user-service,3
1650498187,user-service,3
1650498187,user-service,3
1650498187,user-service,3
1650498187,user-service,3
1650498187,user-service,3
1650498188,user-service,3
1650498188,user-service,3
1650498189,user-service,3
1650498189,user-service,3
1650498189,user-service,3
1650498189,user-service,3
1650498190,user-service,3
1650498190,user-service,3
1650498191,user-service,3
1650498191,user-service,3
1650498191,user-service,3
1650498191,user-service,3
1650498192,user-service,3
1650498192,user-service,3
1650498192,user-service,3
1650498192,user-service,3
1650498193,user-service,3
1650498193,user-service,3
1650498193,user-service,3
1650498193,user-service,3
1650498194,user-service,3
1650498194,user-service,3
1650498195,user-service,3
1650498195,user-service,3
1650498195,user-service,3
1650498195,user-service,3
1650498196,user-service,3
1650498196,user-service,3
1650498196,user-service,3
1650498196,user-service,3
1650498197,user-service,3
1650498197,user-service,3
1650498197,user-service,3
1650498197,user-service,3
1650498198,user-service,3
1650498198,user-service,3
1650498199,user-service,3
1650498199,user-service,3
1650498199,user-service,3
1650498199,user-service,3
1650498200,user-service,3
1650498200,user-service,3
1650498201,user-service,3
1650498201,user-service,3
1650498201,user-service,3
1650498201,user-service,3
1650498202,user-service,3
1650498202,user-service,3
1650498203,user-service,3
1650498203,user-service,3
1650498203,user-service,3
1650498203,user-service,3
1650498203,user-service,3
1650498203,user-service,3
1650498203,user-service,3
1650498203,user-service,3
1650498204,user-service,3
1650498204,user-service,3
1650498205,user-service,3
1650498205,user-service,3
1650498206,user-service,3
1650498206,user-service,3
1650498206,user-service,3
1650498206,user-service,3
1650498207,user-service,3
1650498207,user-service,3
1650498207,user-service,3
1650498207,user-service,3
1650498208,user-service,3
1650498208,user-service,3
1650498209,user-service,3
1650498209,user-service,3
1650498210,user-service,3
1650498210,user-service,3
1650498210,user-service,3
1650498210,user-service,3
1650498210,user-service,3
1650498210,user-service,3
1650498211,user-service,3
1650498211,user-service,3
1650498211,user-service,3
1650498211,user-service,3
1650498211,user-service,3
1650498211,user-service,3
1650498212,user-service,3
1650498212,user-service,3
1650498212,user-service,3
1650498212,user-service,3
1650498213,user-service,3
1650498213,user-service,3
1650498214,user-service,3
1650498214,user-service,3
1650498214,user-service,3
1650498214,user-service,3
1650498215,user-service,3
1650498215,user-service,3
1650498216,user-service,3
1650498216,user-service,3
1650498216,user-service,3
1650498216,user-service,3
1650498217,user-service,3
1650498217,user-service,3
1650498217,user-service,3
1650498217,user-service,3
1650498218,user-service,3
1650498218,user-service,3
1650498219,user-service,3
1650498219,user-service,3
1650498220,user-service,3
1650498220,user-service,3
1650498221,user-service,3
1650498221,user-service,3
1650498222,user-service,3
1650498222,user-service,3
1650498222,user-service,3
1650498222,user-service,3
1650498222,user-service,3
1650498222,user-service,3
1650498222,user-service,3
1650498222,user-service,3
1650498223,user-service,3
1650498223,user-service,3
1650498224,user-service,3
1650498224,user-service,3
1650498224,user-service,3
1650498224,user-service,3
1650498224,user-service,3
1650498224,user-service,3
1650498225,user-service,3
1650498225,user-service,3
1650498225,user-service,3
1650498225,user-service,3
1650498225,user-service,3
1650498225,user-service,3
1650498226,user-service,3
1650498226,user-service,3
1650498227,user-service,3
1650498227,user-service,3
1650498227,user-service,3
1650498227,user-service,3
1650498228,user-service,3
1650498228,user-service,3
1650498229,user-service,3
1650498229,user-service,3
1650498230,user-service,3
1650498230,user-service,3
1650498231,user-service,3
1650498231,user-service,3
1650498231,user-service,3
1650498231,user-service,3
1650498232,user-service,3
1650498232,user-service,3
1650498233,user-service,3
1650498233,user-service,3
1650498233,user-service,3
1650498233,user-service,3
1650498234,user-service,3
1650498234,user-service,3
1650498234,user-service,3
1650498234,user-service,3
1650498235,user-service,3
1650498235,user-service,3
1650498236,user-service,3
1650498236,user-service,3
1650498237,user-service,3
1650498237,user-service,3
1650498237,user-service,3
1650498237,user-service,3
1650498238,user-service,3
1650498238,user-service,3
1650498239,user-service,3
1650498239,user-service,3
1650498239,user-service,3
1650498239,user-service,3
1650498239,user-service,3
1650498239,user-service,3
1650498239,user-service,3
1650498239,user-service,3
1650498239,user-service,3
1650498239,user-service,3
1650498240,user-service,3
1650498240,user-service,3
1650498241,user-service,3
1650498241,user-service,3
1650498241,user-service,3
1650498241,user-service,3
1650498241,user-service,3
1650498241,user-service,3
1650498242,user-service,3
1650498242,user-service,3
1650498242,user-service,3
1650498242,user-service,3
1650498243,user-service,3
1650498243,user-service,3
1650498243,user-service,3
1650498243,user-service,3
1650498244,user-service,3
1650498244,user-service,3
1650498244,user-service,3
1650498244,user-service,3
1650498244,user-service,3
1650498244,user-service,3
1650498245,user-service,3
1650498245,user-service,3
1650498245,user-service,3
1650498245,user-service,3
1650498246,user-service,3
1650498246,user-service,3
1650498247,user-service,3
1650498247,user-service,3
1650498247,user-service,3
1650498247,user-service,3
1650498248,user-service,3
1650498248,user-service,3
1650498249,user-service,3
1650498249,user-service,3
1650498249,user-service,3
1650498249,user-service,3
1650498250,user-service,3
1650498250,user-service,3
1650498250,user-service,3
1650498250,user-service,3
1650498250,user-service,3
1650498250,user-service,3
1650498251,user-service,3
1650498251,user-service,3
1650498252,user-service,3
1650498252,user-service,3
1650498252,user-service,3
1650498252,user-service,3
1650498253,user-service,3
1650498253,user-service,3
1650498254,user-service,3
1650498254,user-service,3
1650498254,user-service,3
1650498254,user-service,3
1650498255,user-service,3
1650498255,user-service,3
1650498255,user-service,3
1650498255,user-service,3
1650498255,user-service,3
1650498255,user-service,3
1650498256,user-service,3
1650498256,user-service,3
1650498257,user-service,3
1650498257,user-service,3
1650498257,user-service,3
1650498257,user-service,3
1650498257,user-service,3
1650498257,user-service,3
1650498258,user-service,3
1650498258,user-service,3
1650498258,user-service,3
1650498258,user-service,3
1650498259,user-service,3
1650498259,user-service,3
1650498260,user-service,3
1650498260,user-service,3
1650498260,user-service,3
1650498260,user-service,3
1650498260,user-service,3
1650498260,user-service,3
1650498261,user-service,3
1650498261,user-service,3
1650498262,user-service,3
1650498262,user-service,3
1650498262,user-service,3
1650498262,user-service,3
1650498262,user-service,3
1650498262,user-service,3
1650498263,user-service,3
1650498263,user-service,3
1650498263,user-service,3
1650498263,user-service,3
1650498264,user-service,3
1650498264,user-service,3
1650498264,user-service,3
1650498264,user-service,3
1650498265,user-service,3
1650498265,user-service,3
1650498266,user-service,3
1650498266,user-service,3
1650498266,user-service,3
1650498266,user-service,3
1650498267,user-service,3
1650498267,user-service,3
1650498267,user-service,3
1650498267,user-service,3
1650498268,user-service,3
1650498268,user-service,3
1650498268,user-service,3
1650498268,user-service,3
1650498269,user-service,3
1650498269,user-service,3
1650498269,user-service,3
1650498269,user-service,3
1650498270,user-service,3
1650498270,user-service,3
1650498270,user-service,3
1650498270,user-service,3
1650498271,user-service,3
1650498271,user-service,3
1650498271,user-service,3
1650498271,user-service,3
1650498272,user-service,3
1650498272,user-service,3
1650498272,user-service,3
1650498272,user-service,3
1650498273,user-service,3
1650498273,user-service,3
1650498273,user-service,3
1650498273,user-service,3
1650498273,user-service,3
1650498273,user-service,3
1650498274,user-service,3
1650498274,user-service,3
1650498274,user-service,3
1650498274,user-service,3
1650498274,user-service,3
1650498275,user-service,3
1650498275,user-service,3
1650498275,user-service,3
1650498276,user-service,3
1650498276,user-service,3
1650498277,user-service,3
1650498277,user-service,3
1650498278,user-service,3
1650498278,user-service,3
1650498278,user-service,3
1650498278,user-service,3
1650498279,user-service,3
1650498279,user-service,3
1650498280,user-service,3
1650498280,user-service,3
1650498280,user-service,3
1650498280,user-service,3
1650498281,user-service,3
1650498281,user-service,3
1650498281,user-service,3
1650498281,user-service,3
1650498282,user-service,3
1650498282,user-service,3
1650498283,user-service,3
1650498283,user-service,3
1650498284,user-service,3
1650498284,user-service,3
1650498284,user-service,3
1650498284,user-service,3
1650498285,user-service,3
1650498285,user-service,3
1650498285,user-service,3
1650498285,user-service,3
1650498286,user-service,3
1650498286,user-service,3
1650498286,user-service,3
1650498286,user-service,3
1650498287,user-service,3
1650498287,user-service,3
1650498288,user-service,3
1650498288,user-service,3
1650498288,user-service,3
1650498288,user-service,3
1650498289,user-service,3
1650498289,user-service,3
1650498290,user-service,3
1650498290,user-service,3
1650498290,user-service,3
1650498290,user-service,3
1650498291,user-service,3
1650498291,user-service,3
1650498292,user-service,3
1650498292,user-service,3
1650498292,user-service,3
1650498292,user-service,3
1650498293,user-service,3
1650498293,user-service,3
1650498293,user-service,3
1650498293,user-service,3
1650498294,user-service,3
1650498294,user-service,3
1650498295,user-service,3
1650498295,user-service,3
1650498296,user-service,3
1650498296,user-service,3
1650498296,user-service,3
1650498296,user-service,3
1650498297,user-service,3
1650498297,user-service,3
1650498298,user-service,3
1650498298,user-service,3
1650498298,user-service,3
1650498298,user-service,3
1650498299,user-service,3
1650498299,user-service,3
1650498300,user-service,3
1650498300,user-service,3
1650498301,user-service,3
1650498301,user-service,3
1650498302,user-service,3
1650498302,user-service,3
1650498302,user-service,3
1650498302,user-service,3
1650498303,user-service,3
1650498303,user-service,3
1650498303,user-service,3
1650498303,user-service,3
1650498304,user-service,3
1650498304,user-service,3
1650498304,user-service,3
1650498304,user-service,3
1650498305,user-service,3
1650498305,user-service,3
1650498306,user-service,3
1650498306,user-service,3
1650498306,user-service,3
1650498306,user-service,3
1650498306,user-service,3
1650498306,user-service,3
1650498307,user-service,3
1650498307,user-service,3
1650498308,user-service,3
1650498308,user-service,3
1650498309,user-service,3
1650498309,user-service,3
1650498309,user-service,3
1650498309,user-service,3
1650498309,user-service,3
1650498309,user-service,3
1650498310,user-service,3
1650498310,user-service,3
1650498310,user-service,3
1650498310,user-service,3
1650498311,user-service,3
1650498311,user-service,3
1650498312,user-service,3
1650498312,user-service,3
1650498312,user-service,3
1650498312,user-service,3
1650498313,user-service,3
1650498313,user-service,3
1650498314,user-service,3
1650498314,user-service,3
1650498314,user-service,3
1650498314,user-service,3
1650498315,user-service,3
1650498315,user-service,3
1650498315,user-service,3
1650498315,user-service,3
1650498316,user-service,3
1650498316,user-service,3
1650498317,user-service,3
1650498317,user-service,3
1650498317,user-service,3
1650498317,user-service,3
1650498317,user-service,3
1650498317,user-service,3
1650498318,user-service,3
1650498318,user-service,3
1650498319,user-service,3
1650498319,user-service,3
1650498319,user-service,3
1650498319,user-service,3
1650498320,user-service,3
1650498320,user-service,3
1650498321,user-service,3
1650498321,user-service,3
1650498321,user-service,3
1650498321,user-service,3
1650498322,user-service,3
1650498322,user-service,3
1650498323,user-service,3
1650498323,user-service,3
1650498324,user-service,3
1650498324,user-service,3
1650498324,user-service,3
1650498324,user-service,3
1650498325,user-service,3
1650498325,user-service,3
1650498326,user-service,3
1650498326,user-service,3
1650498326,user-service,3
1650498326,user-service,3
1650498326,user-service,3
1650498326,user-service,3
1650498327,user-service,3
1650498327,user-service,3
1650498327,user-service,3
1650498327,user-service,3
1650498328,user-service,3
1650498328,user-service,3
1650498329,user-service,3
1650498329,user-service,3
1650498330,user-service,3
1650498330,user-service,3
1650498331,user-service,3
1650498331,user-service,3
1650498331,user-service,3
1650498331,user-service,3
1650498332,user-service,3
1650498332,user-service,3
1650498333,user-service,3
1650498333,user-service,3
1650498333,user-service,3
1650498333,user-service,3
1650498334,user-service,3
1650498334,user-service,3
1650498334,user-service,3
1650498334,user-service,3
1650498335,user-service,3
1650498335,user-service,3
1650498335,user-service,3
1650498335,user-service,3
1650498336,user-service,3
1650498336,user-service,3
1650498336,user-service,3
1650498336,user-service,3
1650498336,user-service,3
1650498336,user-service,3
1650498337,user-service,3
1650498337,user-service,3
1650498338,user-service,3
1650498338,user-service,3
1650498338,user-service,3
1650498338,user-service,3
1650498339,user-service,3
1650498339,user-service,3
1650498340,user-service,3
1650498340,user-service,3
1650498341,user-service,3
1650498341,user-service,3
1650498341,user-service,3
1650498341,user-service,3
1650498342,user-service,3
1650498342,user-service,3
1650498342,user-service,3
1650498342,user-service,3
1650498342,user-service,3
1650498342,user-service,3
1650498343,user-service,3
1650498343,user-service,3
1650498343,user-service,3
1650498343,user-service,3
1650498344,user-service,3
1650498344,user-service,3
1650498344,user-service,3
1650498344,user-service,3
1650498345,user-service,3
1650498345,user-service,3
1650498346,user-service,3
1650498346,user-service,3
1650498346,user-service,3
1650498346,user-service,3
1650498346,user-service,3
1650498346,user-service,3
1650498347,user-service,3
1650498347,user-service,3
1650498347,user-service,3
1650498347,user-service,3
1650498348,user-service,3
1650498348,user-service,3
1650498349,user-service,3
1650498349,user-service,3
1650498350,user-service,3
1650498350,user-service,3
1650498350,user-service,3
1650498350,user-service,3
1650498350,user-service,3
1650498350,user-service,3
1650498350,user-service,3
1650498350,user-service,3
1650498351,user-service,3
1650498351,user-service,3
1650498351,user-service,3
1650498351,user-service,3
1650498351,user-service,3
1650498351,user-service,3
1650498352,user-service,3
1650498352,user-service,3
1650498352,user-service,3
1650498352,user-service,3
1650498353,user-service,3
1650498353,user-service,3
1650498353,user-service,3
1650498353,user-service,3
1650498354,user-service,3
1650498354,user-service,3
1650498354,user-service,3
1650498354,user-service,3
1650498355,user-service,3
1650498355,user-service,3
1650498355,user-service,3
1650498355,user-service,3
1650498356,user-service,3
1650498356,user-service,3
1650498357,user-service,3
1650498357,user-service,3
1650498358,user-service,3
1650498358,user-service,3
1650498359,user-service,3
1650498359,user-service,3
1650498359,user-service,3
1650498359,user-service,3
1650498360,user-service,3
1650498360,user-service,3
1650498361,user-service,3
1650498361,user-service,3
1650498361,user-service,3
1650498361,user-service,3
1650498362,user-service,3
1650498362,user-service,3
1650498363,user-service,3
1650498363,user-service,3
1650498363,user-service,3
1650498363,user-service,3
1650498363,user-service,3
1650498363,user-service,3
1650498364,user-service,3
1650498364,user-service,3
1650498365,user-service,3
1650498365,user-service,3
1650498366,user-service,3
1650498366,user-service,3
1650498367,user-service,3
1650498367,user-service,3
1650498367,user-service,3
1650498367,user-service,3
1650498367,user-service,3
1650498367,user-service,3
1650498368,user-service,3
1650498368,user-service,3
1650498369,user-service,3
1650498369,user-service,3
1650498369,user-service,3
1650498369,user-service,3
1650498369,user-service,3
1650498369,user-service,3
1650498370,user-service,3
1650498370,user-service,3
1650498370,user-service,3
1650498370,user-service,3
1650498371,user-service,3
1650498371,user-service,3
1650498371,user-service,3
1650498371,user-service,3
1650498372,user-service,3
1650498372,user-service,3
1650498373,user-service,3
1650498373,user-service,3
1650498374,user-service,3
1650498374,user-service,3
1650498375,user-service,3
1650498375,user-service,3
1650498375,user-service,3
1650498375,user-service,3
1650498375,user-service,3
1650498375,user-service,3
1650498376,user-service,3
1650498376,user-service,3
1650498377,user-service,3
1650498377,user-service,3
1650498377,user-service,3
1650498377,user-service,3
1650498378,user-service,3
1650498378,user-service,3
1650498378,user-service,3
1650498378,user-service,3
1650498379,user-service,3
1650498379,user-service,3
1650498379,user-service,3
1650498379,user-service,3
1650498379,user-service,3
1650498379,user-service,3
1650498379,user-service,3
1650498379,user-service,3
1650498380,user-service,3
1650498380,user-service,3
1650498380,user-service,3
1650498380,user-service,3
1650498381,user-service,3
1650498381,user-service,3
1650498382,user-service,3
1650498382,user-service,3
1650498382,user-service,3
1650498382,user-service,3
1650498382,user-service,3
1650498382,user-service,3
1650498382,user-service,3
1650498382,user-service,3
1650498383,user-service,3
1650498383,user-service,3
1650498384,user-service,3
1650498384,user-service,3
1650498384,user-service,3
1650498384,user-service,3
1650498385,user-service,3
1650498385,user-service,3
1650498385,user-service,3
1650498385,user-service,3
1650498386,user-service,3
1650498386,user-service,3
1650498387,user-service,3
1650498387,user-service,3
1650498387,user-service,3
1650498387,user-service,3
1650498388,user-service,3
1650498388,user-service,3
1650498389,user-service,3
1650498389,user-service,3
1650498390,user-service,3
1650498390,user-service,3
1650498391,user-service,3
1650498391,user-service,3
1650498392,user-service,3
1650498392,user-service,3
1650498392,user-service,3
1650498393,user-service,3
1650498393,user-service,3
1650498393,user-service,3
1650498394,user-service,3
1650498394,user-service,3
1650498395,user-service,3
1650498395,user-service,3
1650498396,user-service,3
1650498396,user-service,3
1650498396,user-service,3
1650498396,user-service,3
1650498396,user-service,3
1650498396,user-service,3
1650498397,user-service,3
1650498397,user-service,3
1650498397,user-service,3
1650498397,user-service,3
1650498397,user-service,3
1650498397,user-service,3
1650498398,user-service,3
1650498398,user-service,3
1650498399,user-service,3
1650498399,user-service,3
1650498400,user-service,3
1650498400,user-service,3
1650498400,user-service,3
1650498400,user-service,3
1650498401,user-service,3
1650498401,user-service,3
1650498401,user-service,3
1650498401,user-service,3
1650498402,user-service,3
1650498402,user-service,3
1650498403,user-service,3
1650498403,user-service,3
1650498404,user-service,3
1650498404,user-service,3
1650498404,user-service,3
1650498404,user-service,3
1650498405,user-service,3
1650498405,user-service,3
1650498405,user-service,3
1650498405,user-service,3
1650498406,user-service,3
1650498406,user-service,3
1650498406,user-service,3
1650498406,user-service,3
1650498407,user-service,3
1650498407,user-service,3
1650498408,user-service,3
1650498408,user-service,3
1650498409,user-service,3
1650498409,user-service,3
1650498409,user-service,3
1650498409,user-service,3
1650498410,user-service,3
1650498410,user-service,3
1650498410,user-service,3
1650498410,user-service,3
1650498410,user-service,3
1650498410,user-service,3
1650498411,user-service,3
1650498411,user-service,3
1650498412,user-service,3
1650498412,user-service,3
1650498413,user-service,3
1650498413,user-service,3
1650498414,user-service,3
1650498414,user-service,3
1650498414,user-service,3
1650498414,user-service,3
1650498415,user-service,3
1650498415,user-service,3
1650498415,user-service,3
1650498415,user-service,3
1650498416,user-service,3
1650498416,user-service,3
1650498417,user-service,3
1650498417,user-service,3
1650498418,user-service,3
1650498418,user-service,3
1650498418,user-service,3
1650498418,user-service,3
1650498419,user-service,3
1650498419,user-service,3
1650498419,user-service,3
1650498419,user-service,3
1650498419,user-service,3
1650498419,user-service,3
1650498420,user-service,3
1650498420,user-service,3
1650498420,user-service,3
1650498420,user-service,3
1650498421,user-service,3
1650498421,user-service,3
1650498422,user-service,3
1650498422,user-service,3
1650498422,user-service,3
1650498422,user-service,3
1650498423,user-service,3
1650498423,user-service,3
1650498423,user-service,3
1650498423,user-service,3
1650498423,user-service,3
1650498423,user-service,3
1650498424,user-service,3
1650498424,user-service,3
1650498424,user-service,3
1650498424,user-service,3
1650498425,user-service,3
1650498425,user-service,3
1650498426,user-service,3
1650498426,user-service,3
1650498426,user-service,3
1650498426,user-service,3
1650498427,user-service,3
1650498427,user-service,3
1650498428,user-service,3
1650498428,user-service,3
1650498428,user-service,3
1650498428,user-service,3
1650498429,user-service,3
1650498429,user-service,3
1650498429,user-service,3
1650498429,user-service,3
1650498430,user-service,3
1650498430,user-service,3
1650498430,user-service,3
1650498430,user-service,3
1650498431,user-service,3
1650498431,user-service,3
1650498431,user-service,3
1650498431,user-service,3
1650498431,user-service,3
1650498431,user-service,3
1650498432,user-service,3
1650498432,user-service,3
1650498433,user-service,3
1650498433,user-service,3
1650498433,user-service,3
1650498433,user-service,3
1650498433,user-service,3
1650498433,user-service,3
1650498434,user-service,3
1650498434,user-service,3
1650498434,user-service,3
1650498434,user-service,3
1650498435,user-service,3
1650498435,user-service,3
1650498436,user-service,3
1650498436,user-service,3
1650498436,user-service,3
1650498436,user-service,3
1650498437,user-service,3
1650498437,user-service,3
1650498438,user-service,3
1650498438,user-service,3
1650498439,user-service,3
1650498439,user-service,3
1650498439,user-service,3
1650498439,user-service,3
1650498439,user-service,3
1650498439,user-service,3
1650498440,user-service,3
1650498440,user-service,3
1650498440,user-service,3
1650498440,user-service,3
1650498441,user-service,3
1650498441,user-service,3
1650498441,user-service,3
1650498441,user-service,3
1650498442,user-service,3
1650498442,user-service,3
1650498443,user-service,3
1650498443,user-service,3
1650498444,user-service,3
1650498444,user-service,3
1650498444,user-service,3
1650498444,user-service,3
1650498445,user-service,3
1650498445,user-service,3
1650498446,user-service,3
1650498446,user-service,3
1650498446,user-service,3
1650498446,user-service,3
1650498447,user-service,3
1650498447,user-service,3
1650498447,user-service,3
1650498447,user-service,3
1650498448,user-service,3
1650498448,user-service,3
1650498449,user-service,3
1650498449,user-service,3
1650498450,user-service,3
1650498450,user-service,3
1650498450,user-service,3
1650498450,user-service,3
1650498450,user-service,3
1650498451,user-service,3
1650498451,user-service,3
1650498451,user-service,3
1650498451,user-service,3
1650498451,user-service,3
1650498452,user-service,3
1650498452,user-service,3
1650498452,user-service,3
1650498452,user-service,3
1650498452,user-service,3
1650498452,user-service,3
1650498452,user-service,3
1650498452,user-service,3
1650498453,user-service,3
1650498453,user-service,3
1650498453,user-service,3
1650498453,user-service,3
1650498454,user-service,3
1650498454,user-service,3
1650498455,user-service,3
1650498455,user-service,3
1650498455,user-service,3
1650498455,user-service,3
1650498456,user-service,3
1650498456,user-service,3
1650498456,user-service,3
1650498456,user-service,3
1650498457,user-service,3
1650498457,user-service,3
1650498457,user-service,3
1650498457,user-service,3
1650498457,user-service,3
1650498457,user-service,3
1650498458,user-service,3
1650498458,user-service,3
1650498458,user-service,3
1650498458,user-service,3
1650498458,user-service,3
1650498458,user-service,3
1650498458,user-service,3
1650498458,user-service,3
1650498459,user-service,3
1650498459,user-service,3
1650498459,user-service,3
1650498459,user-service,3
1650498460,user-service,3
1650498460,user-service,3
1650498461,user-service,3
1650498461,user-service,3
1650498461,user-service,3
1650498461,user-service,3
1650498462,user-service,3
1650498462,user-service,3
1650498463,user-service,3
1650498463,user-service,3
1650498463,user-service,3
1650498463,user-service,3
1650498464,user-service,3
1650498464,user-service,3
1650498464,user-service,3
1650498464,user-service,3
1650498465,user-service,3
1650498465,user-service,3
1650498465,user-service,3
1650498465,user-service,3
1650498466,user-service,3
1650498466,user-service,3
1650498467,user-service,3
1650498467,user-service,3
1650498467,user-service,3
1650498467,user-service,3
1650498468,user-service,3
1650498468,user-service,3
1650498469,user-service,3
1650498469,user-service,3
1650498470,user-service,3
1650498470,user-service,3
1650498470,user-service,3
1650498470,user-service,3
1650498470,user-service,3
1650498470,user-service,3
1650498471,user-service,3
1650498471,user-service,3
1650498472,user-service,3
1650498472,user-service,3
1650498472,user-service,3
1650498472,user-service,3
1650498473,user-service,3
1650498473,user-service,3
1650498473,user-service,3
1650498473,user-service,3
1650498474,user-service,3
1650498474,user-service,3
1650498474,user-service,3
1650498474,user-service,3
1650498474,user-service,3
1650498474,user-service,3
1650498474,user-service,3
1650498474,user-service,3
1650498475,user-service,3
1650498475,user-service,3
1650498476,user-service,3
1650498476,user-service,3
1650498476,user-service,3
1650498476,user-service,3
1650498477,user-service,3
1650498477,user-service,3
1650498477,user-service,3
1650498477,user-service,3
1650498478,user-service,3
1650498478,user-service,3
1650498479,user-service,3
1650498479,user-service,3
1650498479,user-service,3
1650498479,user-service,3
1650498479,user-service,3
1650498479,user-service,3
1650498480,user-service,3
1650498480,user-service,3
1650498480,user-service,3
1650498480,user-service,3
1650498480,user-service,3
1650498480,user-service,3
1650498481,user-service,3
1650498481,user-service,3
1650498481,user-service,3
1650498481,user-service,3
1650498482,user-service,3
1650498482,user-service,3
1650498483,user-service,3
1650498483,user-service,3
1650498483,user-service,3
1650498483,user-service,3
1650498484,user-service,3
1650498484,user-service,3
1650498484,user-service,3
1650498484,user-service,3
1650498485,user-service,3
1650498485,user-service,3
1650498485,user-service,3
1650498485,user-service,3
1650498485,user-service,3
1650498485,user-service,3
1650498485,user-service,3
1650498485,user-service,3
1650498486,user-service,3
1650498486,user-service,3
1650498487,user-service,3
1650498487,user-service,3
1650498487,user-service,3
1650498487,user-service,3
1650498488,user-service,3
1650498488,user-service,3
1650498488,user-service,3
1650498488,user-service,3
1650498489,user-service,3
1650498489,user-service,3
1650498490,user-service,3
1650498490,user-service,3
1650498490,user-service,3
1650498490,user-service,3
1650498491,user-service,3
1650498491,user-service,3
1650498492,user-service,3
1650498492,user-service,3
1650498493,user-service,3
1650498493,user-service,3
1650498494,user-service,3
1650498494,user-service,3
1650498495,user-service,3
1650498495,user-service,3
1650498495,user-service,3
1650498495,user-service,3
1650498496,user-service,3
1650498496,user-service,3
1650498496,user-service,3
1650498496,user-service,3
1650498497,user-service,3
1650498497,user-service,3
1650498498,user-service,3
1650498498,user-service,3
1650498499,user-service,3
1650498499,user-service,3
1650498500,user-service,3
1650498500,user-service,3
1650498501,user-service,3
1650498501,user-service,3
1650498501,user-service,3
1650498501,user-service,3
1650498501,user-service,3
1650498501,user-service,3
1650498502,user-service,3
1650498502,user-service,3
1650498503,user-service,3
1650498503,user-service,3
1650498504,user-service,3
1650498504,user-service,3
1650498505,user-service,3
1650498505,user-service,3
1650498505,user-service,3
1650498505,user-service,3
1650498505,user-service,3
1650498505,user-service,3
1650498506,user-service,3
1650498506,user-service,3
1650498506,user-service,3
1650498506,user-service,3
1650498506,user-service,3
1650498506,user-service,3
1650498507,user-service,3
1650498507,user-service,3
1650498508,user-service,3
1650498508,user-service,3
1650498509,user-service,3
1650498509,user-service,3
1650498510,user-service,3
1650498510,user-service,3
1650498510,user-service,3
1650498510,user-service,3
1650498511,user-service,3
1650498511,user-service,3
1650498511,user-service,3
1650498511,user-service,3
1650498512,user-service,3
1650498512,user-service,3
1650498513,user-service,3
1650498513,user-service,3
1650498514,user-service,3
1650498514,user-service,3
1650498515,user-service,3
1650498515,user-service,3
1650498516,user-service,3
1650498516,user-service,3
1650498516,user-service,3
1650498516,user-service,3
1650498517,user-service,3
1650498517,user-service,3
1650498518,user-service,3
1650498518,user-service,3
1650498519,user-service,3
1650498519,user-service,3
1650498519,user-service,3
1650498519,user-service,3
1650498519,user-service,3
1650498519,user-service,3
1650498519,user-service,3
1650498519,user-service,3
1650498520,user-service,3
1650498520,user-service,3
1650498520,user-service,3
1650498520,user-service,3
1650498521,user-service,3
1650498521,user-service,3
1650498521,user-service,3
1650498521,user-service,3
1650498522,user-service,3
1650498522,user-service,3
1650498523,user-service,3
1650498523,user-service,3
1650498523,user-service,3
1650498523,user-service,3
1650498524,user-service,3
1650498524,user-service,3
1650498525,user-service,3
1650498525,user-service,3
1650498525,user-service,3
1650498525,user-service,3
1650498525,user-service,3
1650498525,user-service,3
1650498525,user-service,3
1650498525,user-service,3
1650498526,user-service,3
1650498526,user-service,3
1650498526,user-service,3
1650498526,user-service,3
1650498527,user-service,3
1650498527,user-service,3
1650498527,user-service,3
1650498527,user-service,3
1650498527,user-service,3
1650498527,user-service,3
1650498528,user-service,3
1650498528,user-service,3
1650498528,user-service,3
1650498528,user-service,3
1650498529,user-service,3
1650498529,user-service,3
1650498529,user-service,3
1650498529,user-service,3
1650498530,user-service,3
1650498530,user-service,3
1650498530,user-service,3
1650498530,user-service,3
1650498531,user-service,3
1650498531,user-service,3
1650498532,user-service,3
1650498532,user-service,3
1650498532,user-service,3
1650498532,user-service,3
1650498532,user-service,3
1650498532,user-service,3
1650498533,user-service,3
1650498533,user-service,3
1650498533,user-service,3
1650498533,user-service,3
1650498534,user-service,3
1650498534,user-service,3
1650498534,user-service,3
1650498534,user-service,3
1650498535,user-service,3
1650498535,user-service,3
1650498535,user-service,3
1650498535,user-service,3
1650498536,user-service,3
1650498536,user-service,3
1650498536,user-service,3
1650498536,user-service,3
1650498536,user-service,3
1650498536,user-service,3
1650498537,user-service,3
1650498537,user-service,3
1650498538,user-service,3
1650498538,user-service,3
1650498538,user-service,3
1650498538,user-service,3
1650498539,user-service,3
1650498539,user-service,3
1650498540,user-service,3
1650498540,user-service,3
1650498541,user-service,3
1650498541,user-service,3
1650498542,user-service,3
1650498542,user-service,3
1650498542,user-service,3
1650498542,user-service,3
1650498543,user-service,3
1650498543,user-service,3
1650498543,user-service,3
1650498543,user-service,3
1650498544,user-service,3
1650498544,user-service,3
1650498545,user-service,3
1650498545,user-service,3
1650498545,user-service,3
1650498545,user-service,3
1650498546,user-service,3
1650498546,user-service,3
1650498546,user-service,3
1650498546,user-service,3
1650498547,user-service,3
1650498547,user-service,3
1650498547,user-service,3
1650498547,user-service,3
1650498548,user-service,3
1650498548,user-service,3
1650498549,user-service,3
1650498549,user-service,3
1650498549,user-service,3
1650498549,user-service,3
1650498549,user-service,3
1650498549,user-service,3
1650498550,user-service,3
1650498550,user-service,3
1650498551,user-service,3
1650498551,user-service,3
1650498552,user-service,3
1650498552,user-service,3
1650498553,user-service,3
1650498553,user-service,3
1650498554,user-service,3
1650498554,user-service,3
1650498554,user-service,3
1650498554,user-service,3
1650498554,user-service,3
1650498554,user-service,3
1650498555,user-service,3
1650498555,user-service,3
1650498555,user-service,3
1650498555,user-service,3
1650498555,user-service,3
1650498555,user-service,3
1650498556,user-service,3
1650498556,user-service,3
1650498556,user-service,3
1650498556,user-service,3
1650498556,user-service,3
1650498556,user-service,3
1650498557,user-service,3
1650498557,user-service,3
1650498558,user-service,3
1650498558,user-service,3
1650498559,user-service,3
1650498559,user-service,3
1650498559,user-service,3
1650498559,user-service,3
1650498559,user-service,3
1650498559,user-service,3
1650498560,user-service,3
1650498560,user-service,3
1650498560,user-service,3
1650498560,user-service,3
1650498561,user-service,3
1650498561,user-service,3
1650498561,user-service,3
1650498561,user-service,3
1650498562,user-service,3
1650498562,user-service,3
1650498563,user-service,3
1650498563,user-service,3
1650498563,user-service,3
1650498563,user-service,3
1650498564,user-service,3
1650498564,user-service,3
1650498565,user-service,3
1650498565,user-service,3
1650498566,user-service,3
1650498566,user-service,3
1650498566,user-service,3
1650498566,user-service,3
1650498567,user-service,3
1650498567,user-service,3
1650498567,user-service,3
1650498567,user-service,3
1650498568,user-service,3
1650498568,user-service,3
1650498569,user-service,3
1650498569,user-service,3
1650498570,user-service,3
1650498570,user-service,3
1650498570,user-service,3
1650498570,user-service,3
1650498570,user-service,3
1650498570,user-service,3
1650498571,user-service,3
1650498571,user-service,3
1650498572,user-service,3
1650498572,user-service,3
1650498572,user-service,3
1650498572,user-service,3
1650498572,user-service,3
1650498572,user-service,3
1650498573,user-service,3
1650498573,user-service,3
1650498574,user-service,3
1650498574,user-service,3
1650498574,user-service,3
1650498574,user-service,3
1650498575,user-service,3
1650498575,user-service,3
1650498575,user-service,3
1650498575,user-service,3
1650498576,user-service,3
1650498576,user-service,3
1650498577,user-service,3
1650498577,user-service,3
1650498577,user-service,3
1650498577,user-service,3
1650498578,user-service,3
1650498578,user-service,3
1650498579,user-service,3
1650498579,user-service,3
1650498579,user-service,3
1650498579,user-service,3
1650498580,user-service,3
1650498580,user-service,3
1650498580,user-service,3
1650498580,user-service,3
1650498580,user-service,3
1650498580,user-service,3
1650498581,user-service,3
1650498581,user-service,3
1650498582,user-service,3
1650498582,user-service,3
1650498583,user-service,3
1650498583,user-service,3
1650498583,user-service,3
1650498583,user-service,3
1650498583,user-service,3
1650498583,user-service,3
1650498583,user-service,3
1650498583,user-service,3
1650498584,user-service,3
1650498584,user-service,3
1650498584,user-service,3
1650498584,user-service,3
1650498585,user-service,3
1650498585,user-service,3
1650498585,user-service,3
1650498585,user-service,3
1650498585,user-service,3
1650498585,user-service,3
1650498586,user-service,3
1650498586,user-service,3
1650498586,user-service,3
1650498586,user-service,3
1650498587,user-service,3
1650498587,user-service,3
1650498587,user-service,3
1650498587,user-service,3
1650498587,user-service,3
1650498587,user-service,3
1650498588,user-service,3
1650498588,user-service,3
1650498589,user-service,3
1650498589,user-service,3
1650498590,user-service,3
1650498590,user-service,3
1650498590,user-service,3
1650498590,user-service,3
1650498590,user-service,3
1650498590,user-service,3
1650498591,user-service,3
1650498591,user-service,3
1650498592,user-service,3
1650498592,user-service,3
1650498592,user-service,3
1650498592,user-service,3
1650498593,user-service,3
1650498593,user-service,3
1650498593,user-service,3
1650498593,user-service,3
1650498594,user-service,3
1650498594,user-service,3
1650498594,user-service,3
1650498594,user-service,3
1650498594,user-service,3
1650498594,user-service,3
1650498595,user-service,3
1650498595,user-service,3
1650498595,user-service,3
1650498595,user-service,3
1650498596,user-service,3
1650498596,user-service,3
1650498597,user-service,3
1650498597,user-service,3
1650498598,user-service,3
1650498598,user-service,3
1650498598,user-service,3
1650498598,user-service,3
1650498599,user-service,3
1650498599,user-service,3
1650498600,user-service,3
1650498600,user-service,3
1650498601,user-service,3
1650498601,user-service,3
1650498601,user-service,3
1650498601,user-service,3
1650498602,user-service,3
1650498602,user-service,3
1650498602,user-service,3
1650498602,user-service,3
1650498602,user-service,3
1650498602,user-service,3
1650498602,user-service,3
1650498602,user-service,3
1650498603,user-service,3
1650498603,user-service,3
1650498603,user-service,3
1650498603,user-service,3
1650498604,user-service,3
1650498604,user-service,3
1650498604,user-service,3
1650498604,user-service,3
1650498604,user-service,3
1650498604,user-service,3
1650498605,user-service,3
1650498605,user-service,3
1650498605,user-service,3
1650498605,user-service,3
1650498606,user-service,3
1650498606,user-service,3
1650498607,user-service,3
1650498607,user-service,3
1650498608,user-service,3
1650498608,user-service,3
1650498608,user-service,3
1650498608,user-service,3
1650498609,user-service,3
1650498609,user-service,3
1650498610,user-service,3
1650498610,user-service,3
1650498610,user-service,3
1650498610,user-service,3
1650498611,user-service,3
1650498611,user-service,3
1650498611,user-service,3
1650498611,user-service,3
1650498612,user-service,3
1650498612,user-service,3
1650498612,user-service,3
1650498612,user-service,3
1650498613,user-service,3
1650498613,user-service,3
1650498613,user-service,3
1650498613,user-service,3
1650498614,user-service,3
1650498614,user-service,3
1650498614,user-service,3
1650498614,user-service,3
1650498614,user-service,3
1650498614,user-service,3
1650498614,user-service,3
1650498614,user-service,3
1650498615,user-service,3
1650498615,user-service,3
1650498616,user-service,3
1650498616,user-service,3
1650498617,user-service,3
1650498617,user-service,3
1650498618,user-service,3
1650498618,user-service,3
1650498619,user-service,3
1650498619,user-service,3
1650498619,user-service,3
1650498619,user-service,3
1650498620,user-service,3
1650498620,user-service,3
1650498620,user-service,3
1650498620,user-service,3
1650498621,user-service,3
1650498621,user-service,3
1650498621,user-service,3
1650498621,user-service,3
1650498622,user-service,3
1650498622,user-service,3
1650498622,user-service,3
1650498623,user-service,3
1650498623,user-service,3
1650498623,user-service,3
1650498623,user-service,3
1650498623,user-service,3
1650498624,user-service,3
1650498624,user-service,3
1650498624,user-service,3
1650498624,user-service,3
1650498624,user-service,3
1650498624,user-service,3
1650498624,user-service,3
1650498624,user-service,3
1650498625,user-service,3
1650498625,user-service,3
1650498625,user-service,3
1650498625,user-service,3
1650498626,user-service,3
1650498626,user-service,3
1650498627,user-service,3
1650498627,user-service,3
1650498628,user-service,3
1650498628,user-service,3
1650498628,user-service,3
1650498628,user-service,3
1650498629,user-service,3
1650498629,user-service,3
1650498629,user-service,3
1650498629,user-service,3
1650498630,user-service,3
1650498630,user-service,3
1650498630,user-service,3
1650498630,user-service,3
1650498630,user-service,3
1650498630,user-service,3
1650498630,user-service,3
1650498630,user-service,3
1650498631,user-service,3
1650498631,user-service,3
1650498631,user-service,3
1650498631,user-service,3
1650498632,user-service,3
1650498632,user-service,3
1650498633,user-service,3
1650498633,user-service,3
1650498633,user-service,3
1650498633,user-service,3
1650498634,user-service,3
1650498634,user-service,3
1650498635,user-service,3
1650498635,user-service,3
1650498635,user-service,3
1650498635,user-service,3
1650498636,user-service,3
1650498636,user-service,3
1650498636,user-service,3
1650498636,user-service,3
1650498637,user-service,3
1650498637,user-service,3
1650498638,user-service,3
1650498638,user-service,3
1650498638,user-service,3
1650498638,user-service,3
1650498639,user-service,3
1650498639,user-service,3
1650498640,user-service,3
1650498640,user-service,3
1650498641,user-service,3
1650498641,user-service,3
1650498642,user-service,3
1650498642,user-service,3
1650498642,user-service,3
1650498642,user-service,3
1650498643,user-service,3
1650498643,user-service,3
1650498643,user-service,3
1650498643,user-service,3
1650498644,user-service,3
1650498644,user-service,3
1650498645,user-service,3
1650498645,user-service,3
1650498646,user-service,3
1650498646,user-service,3
1650498646,user-service,3
1650498646,user-service,3
1650498647,user-service,3
1650498647,user-service,3
1650498647,user-service,3
1650498647,user-service,3
1650498648,user-service,3
1650498648,user-service,3
1650498648,user-service,3
1650498648,user-service,3
1650498649,user-service,3
1650498649,user-service,3
1650498649,user-service,3
1650498649,user-service,3
1650498650,user-service,3
1650498650,user-service,3
1650498650,user-service,3
1650498651,user-service,3
1650498651,user-service,3
1650498651,user-service,3
1650498652,user-service,3
1650498652,user-service,3
1650498652,user-service,3
1650498652,user-service,3
1650498653,user-service,3
1650498653,user-service,3
1650498654,user-service,3
1650498654,user-service,3
1650498655,user-service,3
1650498655,user-service,3
1650498656,user-service,3
1650498656,user-service,3
1650498656,user-service,3
1650498656,user-service,3
1650498657,user-service,3
1650498657,user-service,3
1650498657,user-service,3
1650498657,user-service,3
1650498658,user-service,3
1650498658,user-service,3
1650498658,user-service,3
1650498658,user-service,3
1650498659,user-service,3
1650498659,user-service,3
1650498659,user-service,3
1650498659,user-service,3
1650498659,user-service,3
1650498659,user-service,3
1650498660,user-service,3
1650498660,user-service,3
1650498660,user-service,3
1650498660,user-service,3
1650498661,user-service,3
1650498661,user-service,3
1650498661,user-service,3
1650498661,user-service,3
1650498662,user-service,3
1650498662,user-service,3
1650498663,user-service,3
1650498663,user-service,3
1650498663,user-service,3
1650498663,user-service,3
1650498664,user-service,3
1650498664,user-service,3
1650498664,user-service,3
1650498664,user-service,3
1650498665,user-service,3
1650498665,user-service,3
1650498666,user-service,3
1650498666,user-service,3
1650498666,user-service,3
1650498666,user-service,3
1650498667,user-service,3
1650498667,user-service,3
1650498667,user-service,3
1650498667,user-service,3
1650498668,user-service,3
1650498668,user-service,3
1650498668,user-service,3
1650498668,user-service,3
1650498669,user-service,3
1650498669,user-service,3
1650498669,user-service,3
1650498669,user-service,3
1650498670,user-service,3
1650498670,user-service,3
1650498671,user-service,3
1650498671,user-service,3
1650498672,user-service,3
1650498672,user-service,3
1650498672,user-service,3
1650498672,user-service,3
1650498672,user-service,3
1650498672,user-service,3
1650498673,user-service,3
1650498673,user-service,3
1650498673,user-service,3
1650498673,user-service,3
1650498674,user-service,3
1650498674,user-service,3
1650498674,user-service,3
1650498674,user-service,3
1650498675,user-service,3
1650498675,user-service,3
1650498675,user-service,3
1650498675,user-service,3
1650498675,user-service,3
1650498675,user-service,3
1650498675,user-service,3
1650498675,user-service,3
1650498676,user-service,3
1650498676,user-service,3
1650498677,user-service,3
1650498677,user-service,3
1650498677,user-service,3
1650498677,user-service,3
1650498678,user-service,3
1650498678,user-service,3
1650498679,user-service,3
1650498679,user-service,3
1650498679,user-service,3
1650498679,user-service,3
1650498680,user-service,3
1650498680,user-service,3
1650498680,user-service,3
1650498680,user-service,3
1650498681,user-service,3
1650498681,user-service,3
1650498682,user-service,3
1650498682,user-service,3
1650498683,user-service,3
1650498683,user-service,3
1650498683,user-service,3
1650498683,user-service,3
1650498684,user-service,3
1650498684,user-service,3
1650498685,user-service,3
1650498685,user-service,3
1650498685,user-service,3
1650498685,user-service,3
1650498686,user-service,3
1650498686,user-service,3
1650498687,user-service,3
1650498687,user-service,3
1650498687,user-service,3
1650498687,user-service,3
1650498687,user-service,3
1650498687,user-service,3
1650498687,user-service,3
1650498687,user-service,3
1650498688,user-service,3
1650498688,user-service,3
1650498689,user-service,3
1650498689,user-service,3
1650498689,user-service,3
1650498689,user-service,3
1650498690,user-service,3
1650498690,user-service,3
1650498690,user-service,3
1650498690,user-service,3
1650498691,user-service,3
1650498691,user-service,3
1650498692,user-service,3
1650498692,user-service,3
1650498692,user-service,3
1650498692,user-service,3
1650498693,user-service,3
1650498693,user-service,3
1650498693,user-service,3
1650498693,user-service,3
1650498694,user-service,3
1650498694,user-service,3
1650498694,user-service,3
1650498694,user-service,3
1650498694,user-service,3
1650498694,user-service,3
1650498695,user-service,3
1650498695,user-service,3
1650498696,user-service,3
1650498696,user-service,3
1650498697,user-service,3
1650498697,user-service,3
1650498698,user-service,3
1650498698,user-service,3
1650498699,user-service,3
1650498699,user-service,3
1650498700,user-service,3
1650498700,user-service,3
1650498701,user-service,3
1650498701,user-service,3
1650498701,user-service,3
1650498701,user-service,3
1650498701,user-service,3
1650498701,user-service,3
1650498701,user-service,3
1650498701,user-service,3
1650498702,user-service,3
1650498702,user-service,3
1650498702,user-service,3
1650498702,user-service,3
1650498702,user-service,3
1650498702,user-service,3
1650498702,user-service,3
1650498702,user-service,3
1650498703,user-service,3
1650498703,user-service,3
1650498703,user-service,3
1650498703,user-service,3
1650498704,user-service,3
1650498704,user-service,3
1650498704,user-service,3
1650498704,user-service,3
1650498704,user-service,3
1650498704,user-service,3
1650498705,user-service,3
1650498705,user-service,3
1650498705,user-service,3
1650498705,user-service,3
1650498706,user-service,3
1650498706,user-service,3
1650498707,user-service,3
1650498707,user-service,3
1650498708,user-service,3
1650498708,user-service,3
1650498708,user-service,3
1650498708,user-service,3
1650498709,user-service,3
1650498709,user-service,3
1650498709,user-service,3
1650498709,user-service,3
1650498710,user-service,3
1650498710,user-service,3
1650498710,user-service,3
1650498710,user-service,3
1650498711,user-service,3
1650498711,user-service,3
1650498712,user-service,3
1650498712,user-service,3
1650498713,user-service,3
1650498713,user-service,3
1650498713,user-service,3
1650498713,user-service,3
1650498714,user-service,3
1650498714,user-service,3
1650498715,user-service,3
1650498715,user-service,3
1650498716,user-service,3
1650498716,user-service,3
1650498717,user-service,3
1650498717,user-service,3
1650498718,user-service,3
1650498718,user-service,3
1650498718,user-service,3
1650498718,user-service,3
1650498719,user-service,3
1650498719,user-service,3
1650498720,user-service,3
1650498720,user-service,3
1650498721,user-service,3
1650498721,user-service,3
1650498722,user-service,3
1650498722,user-service,3
1650498722,user-service,3
1650498722,user-service,3
1650498722,user-service,3
1650498722,user-service,3
1650498722,user-service,3
1650498722,user-service,3
1650498723,user-service,3
1650498723,user-service,3
1650498724,user-service,3
1650498724,user-service,3
1650498724,user-service,3
1650498724,user-service,3
1650498725,user-service,3
1650498725,user-service,3
1650498726,user-service,3
1650498726,user-service,3
1650498726,user-service,3
1650498726,user-service,3
1650498727,user-service,3
1650498727,user-service,3
1650498728,user-service,3
1650498728,user-service,3
1650498729,user-service,3
1650498729,user-service,3
1650498729,user-service,3
1650498729,user-service,3
1650498729,user-service,3
1650498729,user-service,3
1650498730,user-service,3
1650498730,user-service,3
1650498730,user-service,3
1650498730,user-service,3
1650498731,user-service,3
1650498731,user-service,3
1650498731,user-service,3
1650498731,user-service,3
1650498732,user-service,3
1650498732,user-service,3
1650498733,user-service,3
1650498733,user-service,3
1650498734,user-service,3
1650498734,user-service,3
1650498735,user-service,3
1650498735,user-service,3
1650498735,user-service,3
1650498735,user-service,3
1650498736,user-service,3
1650498736,user-service,3
1650498737,user-service,3
1650498737,user-service,3
1650498737,user-service,3
1650498737,user-service,3
1650498737,user-service,3
1650498737,user-service,3
1650498738,user-service,3
1650498738,user-service,3
1650498739,user-service,3
1650498739,user-service,3
1650498740,user-service,3
1650498740,user-service,3
1650498740,user-service,3
1650498740,user-service,3
1650498741,user-service,3
1650498741,user-service,3
1650498741,user-service,3
1650498741,user-service,3
1650498741,user-service,3
1650498741,user-service,3
1650498742,user-service,3
1650498742,user-service,3
1650498742,user-service,3
1650498742,user-service,3
1650498743,user-service,3
1650498743,user-service,3
1650498744,user-service,3
1650498744,user-service,3
1650498745,user-service,3
1650498745,user-service,3
1650498746,user-service,3
1650498746,user-service,3
1650498746,user-service,3
1650498746,user-service,3
1650498747,user-service,3
1650498747,user-service,3
1650498747,user-service,3
1650498747,user-service,3
1650498748,user-service,3
1650498748,user-service,3
1650498748,user-service,3
1650498748,user-service,3
1650498749,user-service,3
1650498749,user-service,3
1650498749,user-service,3
1650498749,user-service,3
1650498749,user-service,3
1650498749,user-service,3
1650498750,user-service,3
1650498750,user-service,3
1650498751,user-service,3
1650498751,user-service,3
1650498752,user-service,3
1650498752,user-service,3
1650498752,user-service,3
1650498752,user-service,3
1650498753,user-service,3
1650498753,user-service,3
1650498754,user-service,3
1650498754,user-service,3
1650498755,user-service,3
1650498755,user-service,3
1650498755,user-service,3
1650498755,user-service,3
1650498756,user-service,3
1650498756,user-service,3
1650498757,user-service,3
1650498757,user-service,3
1650498757,user-service,3
1650498757,user-service,3
1650498758,user-service,3
1650498758,user-service,3
1650498758,user-service,3
1650498758,user-service,3
1650498759,user-service,3
1650498759,user-service,3
1650498760,user-service,3
1650498760,user-service,3
1650498761,user-service,3
1650498761,user-service,3
1650498762,user-service,3
1650498762,user-service,3
1650498763,user-service,3
1650498763,user-service,3
1650498763,user-service,3
1650498763,user-service,3
1650498763,user-service,3
1650498763,user-service,3
1650498764,user-service,3
1650498764,user-service,3
1650498765,user-service,3
1650498765,user-service,3
1650498765,user-service,3
1650498765,user-service,3
1650498766,user-service,3
1650498766,user-service,3
1650498767,user-service,3
1650498767,user-service,3
1650498768,user-service,3
1650498768,user-service,3
1650498769,user-service,3
1650498769,user-service,3
1650498770,user-service,3
1650498770,user-service,3
1650498771,user-service,3
1650498771,user-service,3
1650498771,user-service,3
1650498771,user-service,3
1650498771,user-service,3
1650498771,user-service,3
1650498772,user-service,3
1650498772,user-service,3
1650498772,user-service,3
1650498772,user-service,3
1650498773,user-service,3
1650498773,user-service,3
1650498774,user-service,3
1650498774,user-service,3
1650498775,user-service,3
1650498775,user-service,3
1650498775,user-service,3
1650498775,user-service,3
1650498775,user-service,3
1650498775,user-service,3
1650498776,user-service,3
1650498776,user-service,3
1650498777,user-service,3
1650498777,user-service,3
1650498778,user-service,3
1650498778,user-service,3
1650498779,user-service,3
1650498779,user-service,3
1650498779,user-service,3
1650498779,user-service,3
1650498780,user-service,3
1650498780,user-service,3
1650498780,user-service,3
1650498780,user-service,3
1650498780,user-service,3
1650498781,user-service,3
1650498781,user-service,3
1650498781,user-service,3
1650498782,user-service,3
1650498782,user-service,3
1650498782,user-service,3
1650498782,user-service,3
1650498783,user-service,3
1650498783,user-service,3
1650498784,user-service,3
1650498784,user-service,3
1650498785,user-service,3
1650498785,user-service,3
1650498786,user-service,3
1650498786,user-service,3
1650498786,user-service,3
1650498786,user-service,3
1650498787,user-service,3
1650498787,user-service,3
1650498787,user-service,3
1650498787,user-service,3
1650498787,user-service,3
1650498787,user-service,3
1650498788,user-service,3
1650498788,user-service,3
1650498788,user-service,3
1650498788,user-service,3
1650498789,user-service,3
1650498789,user-service,3
1650498790,user-service,3
1650498790,user-service,3
1650498790,user-service,3
1650498790,user-service,3
1650498791,user-service,3
1650498791,user-service,3
1650498792,user-service,3
1650498792,user-service,3
1650498793,user-service,3
1650498793,user-service,3
1650498793,user-service,3
1650498793,user-service,3
1650498794,user-service,3
1650498794,user-service,3
1650498794,user-service,3
1650498794,user-service,3
1650498795,user-service,3
1650498795,user-service,3
1650498795,user-service,3
1650498795,user-service,3
1650498796,user-service,3
1650498796,user-service,3
1650498796,user-service,3
1650498796,user-service,3
1650498797,user-service,3
1650498797,user-service,3
1650498798,user-service,3
1650498798,user-service,3
1650498798,user-service,3
1650498798,user-service,3
1650498799,user-service,3
1650498799,user-service,3
1650498800,user-service,3
1650498800,user-service,3
1650498800,user-service,3
1650498800,user-service,3
1650498801,user-service,3
1650498801,user-service,3
1650498801,user-service,3
1650498801,user-service,3
1650498801,user-service,3
1650498801,user-service,3
1650498802,user-service,3
1650498802,user-service,3
1650498803,user-service,3
1650498803,user-service,3
1650498803,user-service,3
1650498803,user-service,3
1650498804,user-service,3
1650498804,user-service,3
1650498805,user-service,3
1650498805,user-service,3
1650498805,user-service,3
1650498805,user-service,3
1650498805,user-service,3
1650498805,user-service,3
1650498806,user-service,3
1650498806,user-service,3
1650498807,user-service,3
1650498807,user-service,3
1650498808,user-service,3
1650498808,user-service,3
1650498809,user-service,3
1650498809,user-service,3
1650498809,user-service,3
1650498809,user-service,3
1650498810,user-service,3
1650498810,user-service,3
1650498810,user-service,3
1650498810,user-service,3
1650498810,user-service,3
1650498810,user-service,3
1650498810,user-service,3
1650498810,user-service,3
1650498811,user-service,3
1650498811,user-service,3
1650498812,user-service,3
1650498812,user-service,3
1650498813,user-service,3
1650498813,user-service,3
1650498814,user-service,3
1650498814,user-service,3
1650498814,user-service,3
1650498814,user-service,3
1650498815,user-service,3
1650498815,user-service,3
1650498816,user-service,3
1650498816,user-service,3
1650498817,user-service,3
1650498817,user-service,3
1650498817,user-service,3
1650498817,user-service,3
1650498817,user-service,3
1650498817,user-service,3
1650498818,user-service,3
1650498818,user-service,3
1650498819,user-service,3
1650498819,user-service,3
1650498820,user-service,3
1650498820,user-service,3
1650498820,user-service,3
1650498820,user-service,3
1650498821,user-service,3
1650498821,user-service,3
1650498821,user-service,3
1650498821,user-service,3
1650498822,user-service,3
1650498822,user-service,3
1650498823,user-service,3
1650498823,user-service,3
1650498824,user-service,3
1650498824,user-service,3
1650498824,user-service,3
1650498824,user-service,3
1650498825,user-service,3
1650498825,user-service,3
1650498825,user-service,3
1650498825,user-service,3
1650498826,user-service,3
1650498826,user-service,3
1650498826,user-service,3
1650498826,user-service,3
1650498827,user-service,3
1650498827,user-service,3
1650498827,user-service,3
1650498827,user-service,3
1650498828,user-service,3
1650498828,user-service,3
1650498828,user-service,3
1650498828,user-service,3
1650498829,user-service,3
1650498829,user-service,3
1650498829,user-service,3
1650498829,user-service,3
1650498829,user-service,3
1650498829,user-service,3
1650498830,user-service,3
1650498830,user-service,3
1650498830,user-service,3
1650498830,user-service,3
1650498830,user-service,3
1650498830,user-service,3
1650498831,user-service,3
1650498831,user-service,3
1650498831,user-service,3
1650498831,user-service,3
1650498832,user-service,3
1650498832,user-service,3
1650498832,user-service,3
1650498832,user-service,3
1650498833,user-service,3
1650498833,user-service,3
1650498834,user-service,3
1650498834,user-service,3
1650498834,user-service,3
1650498834,user-service,3
1650498834,user-service,3
1650498834,user-service,3
1650498835,user-service,3
1650498835,user-service,3
1650498835,user-service,3
1650498836,user-service,3
1650498836,user-service,3
1650498836,user-service,3
1650498837,user-service,3
1650498837,user-service,3
1650498837,user-service,3
1650498837,user-service,3
1650498838,user-service,3
1650498838,user-service,3
1650498838,user-service,3
1650498838,user-service,3
1650498839,user-service,3
1650498839,user-service,3
1650498839,user-service,3
1650498839,user-service,3
1650498840,user-service,3
1650498840,user-service,3
1650498841,user-service,3
1650498841,user-service,3
1650498841,user-service,3
1650498841,user-service,3
1650498841,user-service,3
1650498841,user-service,3
1650498842,user-service,3
1650498842,user-service,3
1650498843,user-service,3
1650498843,user-service,3
1650498843,user-service,3
1650498843,user-service,3
1650498844,user-service,3
1650498844,user-service,3
1650498844,user-service,3
1650498844,user-service,3
1650498845,user-service,3
1650498845,user-service,3
1650498846,user-service,3
1650498846,user-service,3
1650498846,user-service,3
1650498846,user-service,3
1650498847,user-service,3
1650498847,user-service,3
1650498847,user-service,3
1650498847,user-service,3
1650498848,user-service,3
1650498848,user-service,3
1650498848,user-service,3
1650498848,user-service,3
1650498849,user-service,3
1650498849,user-service,3
1650498849,user-service,3
1650498849,user-service,3
1650498850,user-service,3
1650498850,user-service,3
1650498850,user-service,3
1650498850,user-service,3
1650498851,user-service,3
1650498851,user-service,3
1650498851,user-service,3
1650498851,user-service,3
1650498851,user-service,3
1650498851,user-service,3
1650498852,user-service,3
1650498852,user-service,3
1650498852,user-service,3
1650498852,user-service,3
1650498853,user-service,3
1650498853,user-service,3
1650498854,user-service,3
1650498854,user-service,3
1650498855,user-service,3
1650498855,user-service,3
1650498855,user-service,3
1650498855,user-service,3
1650498856,user-service,3
1650498856,user-service,3
1650498856,user-service,3
1650498856,user-service,3
1650498857,user-service,3
1650498857,user-service,3
1650498857,user-service,3
1650498857,user-service,3
1650498857,user-service,3
1650498857,user-service,3
1650498858,user-service,3
1650498858,user-service,3
1650498858,user-service,3
1650498858,user-service,3
1650498858,user-service,3
1650498858,user-service,3
1650498859,user-service,3
1650498859,user-service,3
1650498859,user-service,3
1650498859,user-service,3
1650498860,user-service,3
1650498860,user-service,3
1650498861,user-service,3
1650498861,user-service,3
1650498861,user-service,3
1650498861,user-service,3
1650498862,user-service,3
1650498862,user-service,3
1650498862,user-service,3
1650498862,user-service,3
1650498862,user-service,3
1650498862,user-service,3
1650498863,user-service,3
1650498863,user-service,3
1650498864,user-service,3
1650498864,user-service,3
1650498864,user-service,3
1650498864,user-service,3
1650498865,user-service,3
1650498865,user-service,3
1650498866,user-service,3
1650498866,user-service,3
1650498866,user-service,3
1650498866,user-service,3
1650498867,user-service,3
1650498867,user-service,3
1650498868,user-service,3
1650498868,user-service,3
1650498868,user-service,3
1650498868,user-service,3
1650498869,user-service,3
1650498869,user-service,3
1650498869,user-service,3
1650498869,user-service,3
1650498869,user-service,3
1650498869,user-service,3
1650498869,user-service,3
1650498869,user-service,3
1650498870,user-service,3
1650498870,user-service,3
1650498871,user-service,3
1650498871,user-service,3
1650498871,user-service,3
1650498871,user-service,3
1650498872,user-service,3
1650498872,user-service,3
1650498872,user-service,3
1650498872,user-service,3
1650498873,user-service,3
1650498873,user-service,3
1650498874,user-service,3
1650498874,user-service,3
1650498875,user-service,3
1650498875,user-service,3
1650498875,user-service,3
1650498875,user-service,3
1650498876,user-service,3
1650498876,user-service,3
1650498877,user-service,3
1650498877,user-service,3
1650498878,user-service,3
1650498878,user-service,3
1650498879,user-service,3
1650498879,user-service,3
1650498879,user-service,3
1650498879,user-service,3
1650498880,user-service,3
1650498880,user-service,3
1650498880,user-service,3
1650498880,user-service,3
1650498880,user-service,3
1650498880,user-service,3
1650498881,user-service,3
1650498881,user-service,3
1650498881,user-service,3
1650498881,user-service,3
1650498881,user-service,3
1650498881,user-service,3
1650498882,user-service,3
1650498882,user-service,3
1650498882,user-service,3
1650498882,user-service,3
1650498883,user-service,3
1650498883,user-service,3
1650498884,user-service,3
1650498884,user-service,3
1650498885,user-service,3
1650498885,user-service,3
1650498886,user-service,3
1650498886,user-service,3
1650498886,user-service,3
1650498886,user-service,3
1650498887,user-service,3
1650498887,user-service,3
1650498888,user-service,3
1650498888,user-service,3
1650498889,user-service,3
1650498889,user-service,3
1650498890,user-service,3
1650498890,user-service,3
1650498891,user-service,3
1650498891,user-service,3
1650498892,user-service,3
1650498892,user-service,3
1650498892,user-service,3
1650498892,user-service,3
1650498893,user-service,3
1650498893,user-service,3
1650498893,user-service,3
1650498893,user-service,3
1650498893,user-service,3
1650498893,user-service,3
1650498894,user-service,3
1650498894,user-service,3
1650498895,user-service,3
1650498895,user-service,3
1650498895,user-service,3
1650498895,user-service,3
1650498896,user-service,3
1650498896,user-service,3
1650498896,user-service,3
1650498896,user-service,3
1650498897,user-service,3
1650498897,user-service,3
1650498898,user-service,3
1650498898,user-service,3
1650498899,user-service,3
1650498899,user-service,3
1650498899,user-service,3
1650498899,user-service,3
1650498900,user-service,3
1650498900,user-service,3
1650498900,user-service,3
1650498900,user-service,3
1650498901,user-service,3
1650498901,user-service,3
1650498901,user-service,3
1650498901,user-service,3
1650498902,user-service,3
1650498902,user-service,3
1650498903,user-service,3
1650498903,user-service,3
1650498904,user-service,3
1650498904,user-service,3
1650498905,user-service,3
1650498905,user-service,3
1650498905,user-service,3
1650498905,user-service,3
1650498905,user-service,3
1650498905,user-service,3
1650498906,user-service,3
1650498906,user-service,3
1650498907,user-service,3
1650498907,user-service,3
1650498908,user-service,3
1650498908,user-service,3
1650498908,user-service,3
1650498908,user-service,3
1650498909,user-service,3
1650498909,user-service,3
1650498909,user-service,3
1650498909,user-service,3
1650498910,user-service,3
1650498910,user-service,3
1650498910,user-service,3
1650498910,user-service,3
1650498911,user-service,3
1650498911,user-service,3
1650498911,user-service,3
1650498911,user-service,3
1650498911,user-service,3
1650498911,user-service,3
1650498912,user-service,3
1650498912,user-service,3
1650498913,user-service,3
1650498913,user-service,3
1650498913,user-service,3
1650498913,user-service,3
1650498914,user-service,3
1650498914,user-service,3
1650498915,user-service,3
1650498915,user-service,3
1650498915,user-service,3
1650498915,user-service,3
1650498915,user-service,3
1650498915,user-service,3
1650498915,user-service,3
1650498915,user-service,3
1650498916,user-service,3
1650498916,user-service,3
1650498917,user-service,3
1650498917,user-service,3
1650498917,user-service,3
1650498917,user-service,3
1650498918,user-service,3
1650498918,user-service,3
1650498918,user-service,3
1650498918,user-service,3
1650498919,user-service,3
1650498919,user-service,3
1650498920,user-service,3
1650498920,user-service,3
1650498920,user-service,3
1650498920,user-service,3
1650498921,user-service,3
1650498921,user-service,3
1650498921,user-service,3
1650498921,user-service,3
1650498922,user-service,3
1650498922,user-service,3
1650498923,user-service,3
1650498923,user-service,3
1650498923,user-service,3
1650498923,user-service,3
1650498923,user-service,3
1650498923,user-service,3
1650498924,user-service,3
1650498924,user-service,3
1650498925,user-service,3
1650498925,user-service,3
1650498925,user-service,3
1650498925,user-service,3
1650498926,user-service,3
1650498926,user-service,3
1650498927,user-service,3
1650498927,user-service,3
1650498927,user-service,3
1650498927,user-service,3
1650498928,user-service,3
1650498928,user-service,3
1650498928,user-service,3
1650498928,user-service,3
1650498929,user-service,3
1650498929,user-service,3
1650498929,user-service,3
1650498929,user-service,3
1650498930,user-service,3
1650498930,user-service,3
1650498931,user-service,3
1650498931,user-service,3
1650498932,user-service,3
1650498932,user-service,3
1650498932,user-service,3
1650498932,user-service,3
1650498933,user-service,3
1650498933,user-service,3
1650498934,user-service,3
1650498934,user-service,3
1650498935,user-service,3
1650498935,user-service,3
1650498935,user-service,3
1650498935,user-service,3
1650498935,user-service,3
1650498935,user-service,3
1650498936,user-service,3
1650498936,user-service,3
1650498937,user-service,3
1650498937,user-service,3
1650498938,user-service,3
1650498938,user-service,3
1650498939,user-service,3
1650498939,user-service,3
1650498939,user-service,3
1650498939,user-service,3
1650498939,user-service,3
1650498939,user-service,3
1650498940,user-service,3
1650498940,user-service,3
1650498940,user-service,3
1650498940,user-service,3
1650498941,user-service,3
1650498941,user-service,3
1650498941,user-service,3
1650498941,user-service,3
1650498942,user-service,3
1650498942,user-service,3
1650498943,user-service,3
1650498943,user-service,3
1650498943,user-service,3
1650498943,user-service,3
1650498943,user-service,3
1650498943,user-service,3
1650498944,user-service,3
1650498944,user-service,3
1650498945,user-service,3
1650498945,user-service,3
1650498945,user-service,3
1650498945,user-service,3
1650498945,user-service,3
1650498945,user-service,3
1650498946,user-service,3
1650498946,user-service,3
1650498947,user-service,3
1650498947,user-service,3
1650498948,user-service,3
1650498948,user-service,3
1650498948,user-service,3
1650498948,user-service,3
1650498948,user-service,3
1650498948,user-service,3
1650498949,user-service,3
1650498949,user-service,3
1650498950,user-service,3
1650498950,user-service,3
1650498950,user-service,3
1650498950,user-service,3
1650498950,user-service,3
1650498950,user-service,3
1650498951,user-service,3
1650498951,user-service,3
1650498951,user-service,3
1650498951,user-service,3
1650498951,user-service,3
1650498951,user-service,3
1650498951,user-service,3
1650498951,user-service,3
1650498952,user-service,3
1650498952,user-service,3
1650498952,user-service,3
1650498952,user-service,3
1650498953,user-service,3
1650498953,user-service,3
1650498954,user-service,3
1650498954,user-service,3
1650498954,user-service,3
1650498954,user-service,3
1650498955,user-service,3
1650498955,user-service,3
1650498955,user-service,3
1650498955,user-service,3
1650498956,user-service,3
1650498956,user-service,3
1650498957,user-service,3
1650498957,user-service,3
1650498958,user-service,3
1650498958,user-service,3
1650498958,user-service,3
1650498958,user-service,3
1650498958,user-service,3
1650498958,user-service,3
1650498959,user-service,3
1650498959,user-service,3
1650498959,user-service,3
1650498959,user-service,3
1650498960,user-service,3
1650498960,user-service,3
1650498961,user-service,3
1650498961,user-service,3
1650498961,user-service,3
1650498961,user-service,3
1650498962,user-service,3
1650498962,user-service,3
1650498962,user-service,3
1650498962,user-service,3
1650498963,user-service,3
1650498963,user-service,3
1650498964,user-service,3
1650498964,user-service,3
1650498964,user-service,3
1650498964,user-service,3
1650498965,user-service,3
1650498965,user-service,3
1650498966,user-service,3
1650498966,user-service,3
1650498967,user-service,3
1650498967,user-service,3
1650498968,user-service,3
1650498968,user-service,3
1650498968,user-service,3
1650498968,user-service,3
1650498968,user-service,3
1650498968,user-service,3
1650498968,user-service,3
1650498968,user-service,3
1650498968,user-service,3
1650498968,user-service,3
1650498969,user-service,3
1650498969,user-service,3
1650498970,user-service,3
1650498970,user-service,3
1650498970,user-service,3
1650498970,user-service,3
1650498970,user-service,3
1650498970,user-service,3
1650498971,user-service,3
1650498971,user-service,3
1650498971,user-service,3
1650498971,user-service,3
1650498972,user-service,3
1650498972,user-service,3
1650498972,user-service,3
1650498972,user-service,3
1650498973,user-service,3
1650498973,user-service,3
1650498973,user-service,3
1650498973,user-service,3
1650498974,user-service,3
1650498974,user-service,3
1650498975,user-service,3
1650498975,user-service,3
1650498975,user-service,3
1650498975,user-service,3
1650498976,user-service,3
1650498976,user-service,3
1650498976,user-service,3
1650498976,user-service,3
1650498977,user-service,3
1650498977,user-service,3
1650498978,user-service,3
1650498978,user-service,3
1650498978,user-service,3
1650498978,user-service,3
1650498979,user-service,3
1650498979,user-service,3
1650498979,user-service,3
1650498979,user-service,3
1650498979,user-service,3
1650498979,user-service,3
1650498980,user-service,3
1650498980,user-service,3
1650498980,user-service,3
1650498980,user-service,3
1650498981,user-service,3
1650498981,user-service,3
1650498982,user-service,3
1650498982,user-service,3
1650498983,user-service,3
1650498983,user-service,3
1650498983,user-service,3
1650498983,user-service,3
1650498983,user-service,3
1650498983,user-service,3
1650498984,user-service,3
1650498984,user-service,3
1650498985,user-service,3
1650498985,user-service,3
1650498985,user-service,3
1650498985,user-service,3
1650498986,user-service,3
1650498986,user-service,3
1650498986,user-service,3
1650498986,user-service,3
1650498986,user-service,3
1650498986,user-service,3
1650498987,user-service,3
1650498987,user-service,3
1650498988,user-service,3
1650498988,user-service,3
1650498989,user-service,3
1650498989,user-service,3
1650498989,user-service,3
1650498989,user-service,3
1650498990,user-service,3
1650498990,user-service,3
1650498991,user-service,3
1650498991,user-service,3
1650498991,user-service,3
1650498991,user-service,3
1650498992,user-service,3
1650498992,user-service,3
1650498993,user-service,3
1650498993,user-service,3
1650498994,user-service,3
1650498994,user-service,3
1650498994,user-service,3
1650498994,user-service,3
1650498995,user-service,3
1650498995,user-service,3
1650498995,user-service,3
1650498995,user-service,3
1650498996,user-service,3
1650498996,user-service,3
1650498997,user-service,3
1650498997,user-service,3
1650498997,user-service,3
1650498997,user-service,3
1650498998,user-service,3
1650498998,user-service,3
1650498999,user-service,3
1650498999,user-service,3
1650499000,user-service,3
1650499000,user-service,3
1650499000,user-service,3
1650499000,user-service,3
1650499001,user-service,3
1650499001,user-service,3
1650499002,user-service,3
1650499002,user-service,3
1650499003,user-service,3
1650499003,user-service,3
1650499003,user-service,3
1650499003,user-service,3
1650499004,user-service,3
1650499004,user-service,3
1650499004,user-service,3
1650499004,user-service,3
1650499005,user-service,3
1650499005,user-service,3
1650499005,user-service,3
1650499005,user-service,3
1650499006,user-service,3
1650499006,user-service,3
1650499007,user-service,3
1650499007,user-service,3
1650499007,user-service,3
1650499007,user-service,3
1650499008,user-service,3
1650499008,user-service,3
1650499008,user-service,3
1650499008,user-service,3
1650499009,user-service,3
1650499009,user-service,3
1650499010,user-service,3
1650499010,user-service,3
1650499010,user-service,3
1650499010,user-service,3
1650499011,user-service,3
1650499011,user-service,3
1650499012,user-service,3
1650499012,user-service,3
1650499013,user-service,3
1650499013,user-service,3
1650499013,user-service,3
1650499013,user-service,3
1650499013,user-service,3
1650499013,user-service,3
1650499014,user-service,3
1650499014,user-service,3
1650499015,user-service,3
1650499015,user-service,3
1650499016,user-service,3
1650499016,user-service,3
1650499017,user-service,3
1650499017,user-service,3
1650499017,user-service,3
1650499017,user-service,3
1650499019,user-service,3
1650499019,user-service,3
1650499019,user-service,3
1650499019,user-service,3
1650499020,user-service,3
1650499020,user-service,3
1650499020,user-service,3
1650499020,user-service,3
1650499021,user-service,3
1650499021,user-service,3
1650499021,user-service,3
1650499021,user-service,3
1650499022,user-service,3
1650499022,user-service,3
1650499023,user-service,3
1650499023,user-service,3
1650497590,home-timeline-service,4
1650497590,home-timeline-service,4
1650497591,home-timeline-service,4
1650497591,home-timeline-service,4
1650497592,home-timeline-service,4
1650497592,home-timeline-service,4
1650497593,home-timeline-service,4
1650497593,home-timeline-service,4
1650497594,home-timeline-service,4
1650497595,home-timeline-service,4
1650497596,home-timeline-service,4
1650497596,home-timeline-service,4
1650497596,home-timeline-service,4
1650497597,home-timeline-service,4
1650497597,home-timeline-service,4
1650497598,home-timeline-service,4
1650497599,home-timeline-service,4
1650497599,home-timeline-service,4
1650497599,home-timeline-service,4
1650497600,home-timeline-service,4
1650497600,home-timeline-service,4
1650497600,home-timeline-service,4
1650497601,home-timeline-service,4
1650497601,home-timeline-service,4
1650497602,home-timeline-service,4
1650497603,home-timeline-service,4
1650497604,home-timeline-service,4
1650497604,home-timeline-service,4
1650497605,home-timeline-service,4
1650497606,home-timeline-service,4
1650497606,home-timeline-service,4
1650497607,home-timeline-service,4
1650497608,home-timeline-service,4
1650497609,home-timeline-service,4
1650497609,home-timeline-service,4
1650497610,home-timeline-service,4
1650497611,home-timeline-service,4
1650497611,home-timeline-service,4
1650497612,home-timeline-service,4
1650497612,home-timeline-service,4
1650497612,home-timeline-service,4
1650497613,home-timeline-service,4
1650497614,home-timeline-service,4
1650497614,home-timeline-service,4
1650497615,home-timeline-service,4
1650497615,home-timeline-service,4
1650497616,home-timeline-service,4
1650497617,home-timeline-service,4
1650497617,home-timeline-service,4
1650497617,home-timeline-service,4
1650497618,home-timeline-service,4
1650497618,home-timeline-service,4
1650497619,home-timeline-service,4
1650497619,home-timeline-service,4
1650497619,home-timeline-service,4
1650497620,home-timeline-service,4
1650497621,home-timeline-service,4
1650497621,home-timeline-service,4
1650497622,home-timeline-service,4
1650497623,home-timeline-service,4
1650497623,home-timeline-service,4
1650497624,home-timeline-service,4
1650497624,home-timeline-service,4
1650497625,home-timeline-service,4
1650497625,home-timeline-service,4
1650497626,home-timeline-service,4
1650497626,home-timeline-service,4
1650497627,home-timeline-service,4
1650497627,home-timeline-service,4
1650497628,home-timeline-service,4
1650497629,home-timeline-service,4
1650497629,home-timeline-service,4
1650497630,home-timeline-service,4
1650497630,home-timeline-service,4
1650497630,home-timeline-service,4
1650497631,home-timeline-service,4
1650497632,home-timeline-service,4
1650497633,home-timeline-service,4
1650497634,home-timeline-service,4
1650497634,home-timeline-service,4
1650497635,home-timeline-service,4
1650497636,home-timeline-service,4
1650497636,home-timeline-service,4
1650497637,home-timeline-service,4
1650497637,home-timeline-service,4
1650497638,home-timeline-service,4
1650497639,home-timeline-service,4
1650497639,home-timeline-service,4
1650497640,home-timeline-service,4
1650497641,home-timeline-service,4
1650497642,home-timeline-service,4
1650497642,home-timeline-service,4
1650497642,home-timeline-service,4
1650497643,home-timeline-service,4
1650497643,home-timeline-service,4
1650497644,home-timeline-service,4
1650497644,home-timeline-service,4
1650497645,home-timeline-service,4
1650497645,home-timeline-service,4
1650497646,home-timeline-service,4
1650497647,home-timeline-service,4
1650497647,home-timeline-service,4
1650497648,home-timeline-service,4
1650497649,home-timeline-service,4
1650497650,home-timeline-service,4
1650497650,home-timeline-service,4
1650497651,home-timeline-service,4
1650497652,home-timeline-service,4
1650497652,home-timeline-service,4
1650497652,home-timeline-service,4
1650497653,home-timeline-service,4
1650497653,home-timeline-service,4
1650497654,home-timeline-service,4
1650497655,home-timeline-service,4
1650497655,home-timeline-service,4
1650497655,home-timeline-service,4
1650497656,home-timeline-service,4
1650497657,home-timeline-service,4
1650497657,home-timeline-service,4
1650497658,home-timeline-service,4
1650497658,home-timeline-service,4
1650497658,home-timeline-service,4
1650497659,home-timeline-service,4
1650497659,home-timeline-service,4
1650497660,home-timeline-service,4
1650497660,home-timeline-service,4
1650497661,home-timeline-service,4
1650497661,home-timeline-service,4
1650497662,home-timeline-service,4
1650497662,home-timeline-service,4
1650497663,home-timeline-service,4
1650497663,home-timeline-service,4
1650497664,home-timeline-service,4
1650497664,home-timeline-service,4
1650497665,home-timeline-service,4
1650497666,home-timeline-service,4
1650497666,home-timeline-service,4
1650497667,home-timeline-service,4
1650497668,home-timeline-service,4
1650497668,home-timeline-service,4
1650497668,home-timeline-service,4
1650497669,home-timeline-service,4
1650497670,home-timeline-service,4
1650497671,home-timeline-service,4
1650497672,home-timeline-service,4
1650497673,home-timeline-service,4
1650497673,home-timeline-service,4
1650497674,home-timeline-service,4
1650497675,home-timeline-service,4
1650497676,home-timeline-service,4
1650497677,home-timeline-service,4
1650497677,home-timeline-service,4
1650497678,home-timeline-service,4
1650497679,home-timeline-service,4
1650497679,home-timeline-service,4
1650497679,home-timeline-service,4
1650497680,home-timeline-service,4
1650497680,home-timeline-service,4
1650497681,home-timeline-service,4
1650497681,home-timeline-service,4
1650497682,home-timeline-service,4
1650497682,home-timeline-service,4
1650497683,home-timeline-service,4
1650497683,home-timeline-service,4
1650497684,home-timeline-service,4
1650497685,home-timeline-service,4
1650497685,home-timeline-service,4
1650497685,home-timeline-service,4
1650497686,home-timeline-service,4
1650497686,home-timeline-service,4
1650497687,home-timeline-service,4
1650497688,home-timeline-service,4
1650497688,home-timeline-service,4
1650497689,home-timeline-service,4
1650497690,home-timeline-service,4
1650497690,home-timeline-service,4
1650497691,home-timeline-service,4
1650497691,home-timeline-service,4
1650497692,home-timeline-service,4
1650497692,home-timeline-service,4
1650497693,home-timeline-service,4
1650497693,home-timeline-service,4
1650497694,home-timeline-service,4
1650497694,home-timeline-service,4
1650497694,home-timeline-service,4
1650497695,home-timeline-service,4
1650497695,home-timeline-service,4
1650497696,home-timeline-service,4
1650497696,home-timeline-service,4
1650497697,home-timeline-service,4
1650497697,home-timeline-service,4
1650497698,home-timeline-service,4
1650497699,home-timeline-service,4
1650497700,home-timeline-service,4
1650497701,home-timeline-service,4
1650497701,home-timeline-service,4
1650497701,home-timeline-service,4
1650497701,home-timeline-service,4
1650497702,home-timeline-service,4
1650497703,home-timeline-service,4
1650497703,home-timeline-service,4
1650497704,home-timeline-service,4
1650497704,home-timeline-service,4
1650497705,home-timeline-service,4
1650497705,home-timeline-service,4
1650497706,home-timeline-service,4
1650497707,home-timeline-service,4
1650497707,home-timeline-service,4
1650497708,home-timeline-service,4
1650497708,home-timeline-service,4
1650497709,home-timeline-service,4
1650497710,home-timeline-service,4
1650497710,home-timeline-service,4
1650497710,home-timeline-service,4
1650497711,home-timeline-service,4
1650497711,home-timeline-service,4
1650497712,home-timeline-service,4
1650497713,home-timeline-service,4
1650497714,home-timeline-service,4
1650497715,home-timeline-service,4
1650497715,home-timeline-service,4
1650497715,home-timeline-service,4
1650497716,home-timeline-service,4
1650497717,home-timeline-service,4
1650497717,home-timeline-service,4
1650497718,home-timeline-service,4
1650497719,home-timeline-service,4
1650497720,home-timeline-service,4
1650497720,home-timeline-service,4
1650497721,home-timeline-service,4
1650497722,home-timeline-service,4
1650497723,home-timeline-service,4
1650497723,home-timeline-service,4
1650497724,home-timeline-service,4
1650497724,home-timeline-service,4
1650497725,home-timeline-service,4
1650497726,home-timeline-service,4
1650497727,home-timeline-service,4
1650497727,home-timeline-service,4
1650497728,home-timeline-service,4
1650497729,home-timeline-service,4
1650497730,home-timeline-service,4
1650497730,home-timeline-service,4
1650497731,home-timeline-service,4
1650497731,home-timeline-service,4
1650497732,home-timeline-service,4
1650497732,home-timeline-service,4
1650497733,home-timeline-service,4
1650497733,home-timeline-service,4
1650497733,home-timeline-service,4
1650497733,home-timeline-service,4
1650497734,home-timeline-service,4
1650497735,home-timeline-service,4
1650497736,home-timeline-service,4
1650497737,home-timeline-service,4
1650497737,home-timeline-service,4
1650497737,home-timeline-service,4
1650497738,home-timeline-service,4
1650497739,home-timeline-service,4
1650497739,home-timeline-service,4
1650497739,home-timeline-service,4
1650497740,home-timeline-service,4
1650497741,home-timeline-service,4
1650497741,home-timeline-service,4
1650497742,home-timeline-service,4
1650497743,home-timeline-service,4
1650497743,home-timeline-service,4
1650497743,home-timeline-service,4
1650497744,home-timeline-service,4
1650497745,home-timeline-service,4
1650497746,home-timeline-service,4
1650497746,home-timeline-service,4
1650497747,home-timeline-service,4
1650497747,home-timeline-service,4
1650497747,home-timeline-service,4
1650497748,home-timeline-service,4
1650497749,home-timeline-service,4
1650497749,home-timeline-service,4
1650497749,home-timeline-service,4
1650497750,home-timeline-service,4
1650497750,home-timeline-service,4
1650497750,home-timeline-service,4
1650497751,home-timeline-service,4
1650497752,home-timeline-service,4
1650497753,home-timeline-service,4
1650497753,home-timeline-service,4
1650497753,home-timeline-service,4
1650497754,home-timeline-service,4
1650497754,home-timeline-service,4
1650497755,home-timeline-service,4
1650497755,home-timeline-service,4
1650497756,home-timeline-service,4
1650497756,home-timeline-service,4
1650497757,home-timeline-service,4
1650497758,home-timeline-service,4
1650497758,home-timeline-service,4
1650497759,home-timeline-service,4
1650497760,home-timeline-service,4
1650497760,home-timeline-service,4
1650497761,home-timeline-service,4
1650497762,home-timeline-service,4
1650497763,home-timeline-service,4
1650497763,home-timeline-service,4
1650497764,home-timeline-service,4
1650497765,home-timeline-service,4
1650497765,home-timeline-service,4
1650497766,home-timeline-service,4
1650497766,home-timeline-service,4
1650497767,home-timeline-service,4
1650497768,home-timeline-service,4
1650497768,home-timeline-service,4
1650497769,home-timeline-service,4
1650497770,home-timeline-service,4
1650497770,home-timeline-service,4
1650497771,home-timeline-service,4
1650497771,home-timeline-service,4
1650497771,home-timeline-service,4
1650497772,home-timeline-service,4
1650497772,home-timeline-service,4
1650497773,home-timeline-service,4
1650497773,home-timeline-service,4
1650497774,home-timeline-service,4
1650497774,home-timeline-service,4
1650497775,home-timeline-service,4
1650497775,home-timeline-service,4
1650497775,home-timeline-service,4
1650497776,home-timeline-service,4
1650497777,home-timeline-service,4
1650497778,home-timeline-service,4
1650497779,home-timeline-service,4
1650497779,home-timeline-service,4
1650497780,home-timeline-service,4
1650497780,home-timeline-service,4
1650497781,home-timeline-service,4
1650497781,home-timeline-service,4
1650497782,home-timeline-service,4
1650497783,home-timeline-service,4
1650497783,home-timeline-service,4
1650497783,home-timeline-service,4
1650497785,home-timeline-service,4
1650497785,home-timeline-service,4
1650497786,home-timeline-service,4
1650497786,home-timeline-service,4
1650497787,home-timeline-service,4
1650497788,home-timeline-service,4
1650497788,home-timeline-service,4
1650497789,home-timeline-service,4
1650497790,home-timeline-service,4
1650497790,home-timeline-service,4
1650497791,home-timeline-service,4
1650497791,home-timeline-service,4
1650497791,home-timeline-service,4
1650497792,home-timeline-service,4
1650497792,home-timeline-service,4
1650497793,home-timeline-service,4
1650497793,home-timeline-service,4
1650497794,home-timeline-service,4
1650497795,home-timeline-service,4
1650497795,home-timeline-service,4
1650497796,home-timeline-service,4
1650497797,home-timeline-service,4
1650497798,home-timeline-service,4
1650497798,home-timeline-service,4
1650497799,home-timeline-service,4
1650497800,home-timeline-service,4
1650497800,home-timeline-service,4
1650497801,home-timeline-service,4
1650497801,home-timeline-service,4
1650497802,home-timeline-service,4
1650497802,home-timeline-service,4
1650497803,home-timeline-service,4
1650497804,home-timeline-service,4
1650497804,home-timeline-service,4
1650497805,home-timeline-service,4
1650497805,home-timeline-service,4
1650497806,home-timeline-service,4
1650497806,home-timeline-service,4
1650497806,home-timeline-service,4
1650497807,home-timeline-service,4
1650497808,home-timeline-service,4
1650497808,home-timeline-service,4
1650497809,home-timeline-service,4
1650497810,home-timeline-service,4
1650497810,home-timeline-service,4
1650497811,home-timeline-service,4
1650497811,home-timeline-service,4
1650497812,home-timeline-service,4
1650497812,home-timeline-service,4
1650497812,home-timeline-service,4
1650497813,home-timeline-service,4
1650497813,home-timeline-service,4
1650497814,home-timeline-service,4
1650497815,home-timeline-service,4
1650497815,home-timeline-service,4
1650497816,home-timeline-service,4
1650497816,home-timeline-service,4
1650497817,home-timeline-service,4
1650497818,home-timeline-service,4
1650497819,home-timeline-service,4
1650497819,home-timeline-service,4
1650497819,home-timeline-service,4
1650497820,home-timeline-service,4
1650497821,home-timeline-service,4
1650497821,home-timeline-service,4
1650497822,home-timeline-service,4
1650497822,home-timeline-service,4
1650497822,home-timeline-service,4
1650497823,home-timeline-service,4
1650497824,home-timeline-service,4
1650497825,home-timeline-service,4
1650497825,home-timeline-service,4
1650497825,home-timeline-service,4
1650497826,home-timeline-service,4
1650497827,home-timeline-service,4
1650497827,home-timeline-service,4
1650497828,home-timeline-service,4
1650497829,home-timeline-service,4
1650497829,home-timeline-service,4
1650497830,home-timeline-service,4
1650497830,home-timeline-service,4
1650497831,home-timeline-service,4
1650497831,home-timeline-service,4
1650497831,home-timeline-service,4
1650497832,home-timeline-service,4
1650497833,home-timeline-service,4
1650497833,home-timeline-service,4
1650497834,home-timeline-service,4
1650497834,home-timeline-service,4
1650497835,home-timeline-service,4
1650497836,home-timeline-service,4
1650497836,home-timeline-service,4
1650497836,home-timeline-service,4
1650497837,home-timeline-service,4
1650497838,home-timeline-service,4
1650497839,home-timeline-service,4
1650497839,home-timeline-service,4
1650497840,home-timeline-service,4
1650497840,home-timeline-service,4
1650497841,home-timeline-service,4
1650497841,home-timeline-service,4
1650497842,home-timeline-service,4
1650497842,home-timeline-service,4
1650497843,home-timeline-service,4
1650497843,home-timeline-service,4
1650497844,home-timeline-service,4
1650497845,home-timeline-service,4
1650497845,home-timeline-service,4
1650497845,home-timeline-service,4
1650497846,home-timeline-service,4
1650497847,home-timeline-service,4
1650497848,home-timeline-service,4
1650497848,home-timeline-service,4
1650497849,home-timeline-service,4
1650497849,home-timeline-service,4
1650497850,home-timeline-service,4
1650497850,home-timeline-service,4
1650497851,home-timeline-service,4
1650497852,home-timeline-service,4
1650497852,home-timeline-service,4
1650497853,home-timeline-service,4
1650497854,home-timeline-service,4
1650497855,home-timeline-service,4
1650497855,home-timeline-service,4
1650497856,home-timeline-service,4
1650497856,home-timeline-service,4
1650497857,home-timeline-service,4
1650497858,home-timeline-service,4
1650497859,home-timeline-service,4
1650497859,home-timeline-service,4
1650497859,home-timeline-service,4
1650497860,home-timeline-service,4
1650497860,home-timeline-service,4
1650497861,home-timeline-service,4
1650497861,home-timeline-service,4
1650497862,home-timeline-service,4
1650497862,home-timeline-service,4
1650497863,home-timeline-service,4
1650497864,home-timeline-service,4
1650497864,home-timeline-service,4
1650497865,home-timeline-service,4
1650497866,home-timeline-service,4
1650497866,home-timeline-service,4
1650497867,home-timeline-service,4
1650497867,home-timeline-service,4
1650497868,home-timeline-service,4
1650497868,home-timeline-service,4
1650497869,home-timeline-service,4
1650497869,home-timeline-service,4
1650497869,home-timeline-service,4
1650497870,home-timeline-service,4
1650497871,home-timeline-service,4
1650497871,home-timeline-service,4
1650497872,home-timeline-service,4
1650497873,home-timeline-service,4
1650497873,home-timeline-service,4
1650497873,home-timeline-service,4
1650497874,home-timeline-service,4
1650497874,home-timeline-service,4
1650497875,home-timeline-service,4
1650497875,home-timeline-service,4
1650497876,home-timeline-service,4
1650497876,home-timeline-service,4
1650497877,home-timeline-service,4
1650497878,home-timeline-service,4
1650497879,home-timeline-service,4
1650497880,home-timeline-service,4
1650497881,home-timeline-service,4
1650497881,home-timeline-service,4
1650497882,home-timeline-service,4
1650497883,home-timeline-service,4
1650497883,home-timeline-service,4
1650497884,home-timeline-service,4
1650497885,home-timeline-service,4
1650497885,home-timeline-service,4
1650497886,home-timeline-service,4
1650497886,home-timeline-service,4
1650497887,home-timeline-service,4
1650497887,home-timeline-service,4
1650497888,home-timeline-service,4
1650497888,home-timeline-service,4
1650497889,home-timeline-service,4
1650497889,home-timeline-service,4
1650497890,home-timeline-service,4
1650497891,home-timeline-service,4
1650497891,home-timeline-service,4
1650497892,home-timeline-service,4
1650497893,home-timeline-service,4
1650497893,home-timeline-service,4
1650497894,home-timeline-service,4
1650497894,home-timeline-service,4
1650497894,home-timeline-service,4
1650497895,home-timeline-service,4
1650497896,home-timeline-service,4
1650497896,home-timeline-service,4
1650497897,home-timeline-service,4
1650497898,home-timeline-service,4
1650497898,home-timeline-service,4
1650497899,home-timeline-service,4
1650497900,home-timeline-service,4
1650497901,home-timeline-service,4
1650497902,home-timeline-service,4
1650497902,home-timeline-service,4
1650497903,home-timeline-service,4
1650497903,home-timeline-service,4
1650497903,home-timeline-service,4
1650497904,home-timeline-service,4
1650497905,home-timeline-service,4
1650497905,home-timeline-service,4
1650497906,home-timeline-service,4
1650497907,home-timeline-service,4
1650497907,home-timeline-service,4
1650497908,home-timeline-service,4
1650497908,home-timeline-service,4
1650497908,home-timeline-service,4
1650497909,home-timeline-service,4
1650497909,home-timeline-service,4
1650497910,home-timeline-service,4
1650497910,home-timeline-service,4
1650497911,home-timeline-service,4
1650497911,home-timeline-service,4
1650497912,home-timeline-service,4
1650497913,home-timeline-service,4
1650497913,home-timeline-service,4
1650497914,home-timeline-service,4
1650497916,home-timeline-service,4
1650497916,home-timeline-service,4
1650497916,home-timeline-service,4
1650497917,home-timeline-service,4
1650497917,home-timeline-service,4
1650497918,home-timeline-service,4
1650497919,home-timeline-service,4
1650497919,home-timeline-service,4
1650497919,home-timeline-service,4
1650497920,home-timeline-service,4
1650497921,home-timeline-service,4
1650497921,home-timeline-service,4
1650497921,home-timeline-service,4
1650497922,home-timeline-service,4
1650497922,home-timeline-service,4
1650497923,home-timeline-service,4
1650497923,home-timeline-service,4
1650497924,home-timeline-service,4
1650497925,home-timeline-service,4
1650497925,home-timeline-service,4
1650497926,home-timeline-service,4
1650497926,home-timeline-service,4
1650497926,home-timeline-service,4
1650497927,home-timeline-service,4
1650497927,home-timeline-service,4
1650497928,home-timeline-service,4
1650497929,home-timeline-service,4
1650497929,home-timeline-service,4
1650497929,home-timeline-service,4
1650497929,home-timeline-service,4
1650497929,home-timeline-service,4
1650497930,home-timeline-service,4
1650497931,home-timeline-service,4
1650497931,home-timeline-service,4
1650497932,home-timeline-service,4
1650497933,home-timeline-service,4
1650497933,home-timeline-service,4
1650497933,home-timeline-service,4
1650497934,home-timeline-service,4
1650497934,home-timeline-service,4
1650497935,home-timeline-service,4
1650497935,home-timeline-service,4
1650497936,home-timeline-service,4
1650497937,home-timeline-service,4
1650497937,home-timeline-service,4
1650497938,home-timeline-service,4
1650497939,home-timeline-service,4
1650497939,home-timeline-service,4
1650497940,home-timeline-service,4
1650497941,home-timeline-service,4
1650497941,home-timeline-service,4
1650497942,home-timeline-service,4
1650497943,home-timeline-service,4
1650497943,home-timeline-service,4
1650497944,home-timeline-service,4
1650497944,home-timeline-service,4
1650497944,home-timeline-service,4
1650497945,home-timeline-service,4
1650497946,home-timeline-service,4
1650497946,home-timeline-service,4
1650497947,home-timeline-service,4
1650497948,home-timeline-service,4
1650497949,home-timeline-service,4
1650497950,home-timeline-service,4
1650497950,home-timeline-service,4
1650497951,home-timeline-service,4
1650497951,home-timeline-service,4
1650497952,home-timeline-service,4
1650497952,home-timeline-service,4
1650497953,home-timeline-service,4
1650497954,home-timeline-service,4
1650497955,home-timeline-service,4
1650497955,home-timeline-service,4
1650497956,home-timeline-service,4
1650497956,home-timeline-service,4
1650497957,home-timeline-service,4
1650497957,home-timeline-service,4
1650497957,home-timeline-service,4
1650497958,home-timeline-service,4
1650497958,home-timeline-service,4
1650497959,home-timeline-service,4
1650497959,home-timeline-service,4
1650497960,home-timeline-service,4
1650497961,home-timeline-service,4
1650497961,home-timeline-service,4
1650497961,home-timeline-service,4
1650497962,home-timeline-service,4
1650497962,home-timeline-service,4
1650497963,home-timeline-service,4
1650497964,home-timeline-service,4
1650497964,home-timeline-service,4
1650497965,home-timeline-service,4
1650497966,home-timeline-service,4
1650497966,home-timeline-service,4
1650497966,home-timeline-service,4
1650497966,home-timeline-service,4
1650497966,home-timeline-service,4
1650497967,home-timeline-service,4
1650497967,home-timeline-service,4
1650497967,home-timeline-service,4
1650497968,home-timeline-service,4
1650497968,home-timeline-service,4
1650497969,home-timeline-service,4
1650497969,home-timeline-service,4
1650497970,home-timeline-service,4
1650497970,home-timeline-service,4
1650497971,home-timeline-service,4
1650497972,home-timeline-service,4
1650497973,home-timeline-service,4
1650497973,home-timeline-service,4
1650497973,home-timeline-service,4
1650497974,home-timeline-service,4
1650497974,home-timeline-service,4
1650497975,home-timeline-service,4
1650497975,home-timeline-service,4
1650497975,home-timeline-service,4
1650497976,home-timeline-service,4
1650497977,home-timeline-service,4
1650497978,home-timeline-service,4
1650497979,home-timeline-service,4
1650497979,home-timeline-service,4
1650497980,home-timeline-service,4
1650497980,home-timeline-service,4
1650497981,home-timeline-service,4
1650497982,home-timeline-service,4
1650497983,home-timeline-service,4
1650497983,home-timeline-service,4
1650497983,home-timeline-service,4
1650497984,home-timeline-service,4
1650497984,home-timeline-service,4
1650497985,home-timeline-service,4
1650497985,home-timeline-service,4
1650497986,home-timeline-service,4
1650497987,home-timeline-service,4
1650497987,home-timeline-service,4
1650497988,home-timeline-service,4
1650497989,home-timeline-service,4
1650497989,home-timeline-service,4
1650497990,home-timeline-service,4
1650497990,home-timeline-service,4
1650497991,home-timeline-service,4
1650497991,home-timeline-service,4
1650497991,home-timeline-service,4
1650497992,home-timeline-service,4
1650497992,home-timeline-service,4
1650497993,home-timeline-service,4
1650497993,home-timeline-service,4
1650497994,home-timeline-service,4
1650497995,home-timeline-service,4
1650497996,home-timeline-service,4
1650497997,home-timeline-service,4
1650497997,home-timeline-service,4
1650497997,home-timeline-service,4
1650497998,home-timeline-service,4
1650497998,home-timeline-service,4
1650497999,home-timeline-service,4
1650498000,home-timeline-service,4
1650498000,home-timeline-service,4
1650498001,home-timeline-service,4
1650498001,home-timeline-service,4
1650498002,home-timeline-service,4
1650498003,home-timeline-service,4
1650498004,home-timeline-service,4
1650498005,home-timeline-service,4
1650498005,home-timeline-service,4
1650498006,home-timeline-service,4
1650498006,home-timeline-service,4
1650498006,home-timeline-service,4
1650498007,home-timeline-service,4
1650498007,home-timeline-service,4
1650498007,home-timeline-service,4
1650498009,home-timeline-service,4
1650498009,home-timeline-service,4
1650498009,home-timeline-service,4
1650498010,home-timeline-service,4
1650498010,home-timeline-service,4
1650498011,home-timeline-service,4
1650498011,home-timeline-service,4
1650498012,home-timeline-service,4
1650498012,home-timeline-service,4
1650498013,home-timeline-service,4
1650498014,home-timeline-service,4
1650498014,home-timeline-service,4
1650498015,home-timeline-service,4
1650498015,home-timeline-service,4
1650498016,home-timeline-service,4
1650498017,home-timeline-service,4
1650498018,home-timeline-service,4
1650498018,home-timeline-service,4
1650498019,home-timeline-service,4
1650498020,home-timeline-service,4
1650498020,home-timeline-service,4
1650498020,home-timeline-service,4
1650498021,home-timeline-service,4
1650498021,home-timeline-service,4
1650498021,home-timeline-service,4
1650498022,home-timeline-service,4
1650498023,home-timeline-service,4
1650498023,home-timeline-service,4
1650498023,home-timeline-service,4
1650498023,home-timeline-service,4
1650498024,home-timeline-service,4
1650498025,home-timeline-service,4
1650498026,home-timeline-service,4
1650498026,home-timeline-service,4
1650498027,home-timeline-service,4
1650498027,home-timeline-service,4
1650498028,home-timeline-service,4
1650498029,home-timeline-service,4
1650498029,home-timeline-service,4
1650498029,home-timeline-service,4
1650498030,home-timeline-service,4
1650498031,home-timeline-service,4
1650498032,home-timeline-service,4
1650498032,home-timeline-service,4
1650498032,home-timeline-service,4
1650498033,home-timeline-service,4
1650498033,home-timeline-service,4
1650498033,home-timeline-service,4
1650498034,home-timeline-service,4
1650498034,home-timeline-service,4
1650498035,home-timeline-service,4
1650498035,home-timeline-service,4
1650498036,home-timeline-service,4
1650498037,home-timeline-service,4
1650498037,home-timeline-service,4
1650498038,home-timeline-service,4
1650498038,home-timeline-service,4
1650498039,home-timeline-service,4
1650498040,home-timeline-service,4
1650498040,home-timeline-service,4
1650498040,home-timeline-service,4
1650498040,home-timeline-service,4
1650498041,home-timeline-service,4
1650498042,home-timeline-service,4
1650498042,home-timeline-service,4
1650498042,home-timeline-service,4
1650498042,home-timeline-service,4
1650498043,home-timeline-service,4
1650498044,home-timeline-service,4
1650498045,home-timeline-service,4
1650498046,home-timeline-service,4
1650498046,home-timeline-service,4
1650498047,home-timeline-service,4
1650498048,home-timeline-service,4
1650498048,home-timeline-service,4
1650498049,home-timeline-service,4
1650498049,home-timeline-service,4
1650498050,home-timeline-service,4
1650498050,home-timeline-service,4
1650498050,home-timeline-service,4
1650498050,home-timeline-service,4
1650498051,home-timeline-service,4
1650498052,home-timeline-service,4
1650498052,home-timeline-service,4
1650498053,home-timeline-service,4
1650498053,home-timeline-service,4
1650498053,home-timeline-service,4
1650498054,home-timeline-service,4
1650498054,home-timeline-service,4
1650498055,home-timeline-service,4
1650498055,home-timeline-service,4
1650498055,home-timeline-service,4
1650498056,home-timeline-service,4
1650498057,home-timeline-service,4
1650498057,home-timeline-service,4
1650498058,home-timeline-service,4
1650498058,home-timeline-service,4
1650498059,home-timeline-service,4
1650498059,home-timeline-service,4
1650498059,home-timeline-service,4
1650498060,home-timeline-service,4
1650498060,home-timeline-service,4
1650498061,home-timeline-service,4
1650498061,home-timeline-service,4
1650498062,home-timeline-service,4
1650498062,home-timeline-service,4
1650498063,home-timeline-service,4
1650498064,home-timeline-service,4
1650498064,home-timeline-service,4
1650498065,home-timeline-service,4
1650498065,home-timeline-service,4
1650498066,home-timeline-service,4
1650498067,home-timeline-service,4
1650498068,home-timeline-service,4
1650498069,home-timeline-service,4
1650498069,home-timeline-service,4
1650498070,home-timeline-service,4
1650498070,home-timeline-service,4
1650498071,home-timeline-service,4
1650498072,home-timeline-service,4
1650498073,home-timeline-service,4
1650498074,home-timeline-service,4
1650498074,home-timeline-service,4
1650498075,home-timeline-service,4
1650498075,home-timeline-service,4
1650498076,home-timeline-service,4
1650498077,home-timeline-service,4
1650498077,home-timeline-service,4
1650498078,home-timeline-service,4
1650498078,home-timeline-service,4
1650498079,home-timeline-service,4
1650498079,home-timeline-service,4
1650498080,home-timeline-service,4
1650498080,home-timeline-service,4
1650498081,home-timeline-service,4
1650498081,home-timeline-service,4
1650498082,home-timeline-service,4
1650498083,home-timeline-service,4
1650498083,home-timeline-service,4
1650498084,home-timeline-service,4
1650498085,home-timeline-service,4
1650498085,home-timeline-service,4
1650498086,home-timeline-service,4
1650498086,home-timeline-service,4
1650498087,home-timeline-service,4
1650498088,home-timeline-service,4
1650498088,home-timeline-service,4
1650498089,home-timeline-service,4
1650498090,home-timeline-service,4
1650498090,home-timeline-service,4
1650498090,home-timeline-service,4
1650498091,home-timeline-service,4
1650498092,home-timeline-service,4
1650498092,home-timeline-service,4
1650498092,home-timeline-service,4
1650498092,home-timeline-service,4
1650498093,home-timeline-service,4
1650498093,home-timeline-service,4
1650498093,home-timeline-service,4
1650498094,home-timeline-service,4
1650498094,home-timeline-service,4
1650498095,home-timeline-service,4
1650498095,home-timeline-service,4
1650498096,home-timeline-service,4
1650498097,home-timeline-service,4
1650498097,home-timeline-service,4
1650498098,home-timeline-service,4
1650498098,home-timeline-service,4
1650498099,home-timeline-service,4
1650498100,home-timeline-service,4
1650498101,home-timeline-service,4
1650498101,home-timeline-service,4
1650498101,home-timeline-service,4
1650498102,home-timeline-service,4
1650498103,home-timeline-service,4
1650498103,home-timeline-service,4
1650498104,home-timeline-service,4
1650498104,home-timeline-service,4
1650498105,home-timeline-service,4
1650498105,home-timeline-service,4
1650498106,home-timeline-service,4
1650498107,home-timeline-service,4
1650498108,home-timeline-service,4
1650498108,home-timeline-service,4
1650498108,home-timeline-service,4
1650498108,home-timeline-service,4
1650498109,home-timeline-service,4
1650498109,home-timeline-service,4
1650498110,home-timeline-service,4
1650498110,home-timeline-service,4
1650498111,home-timeline-service,4
1650498112,home-timeline-service,4
1650498112,home-timeline-service,4
1650498113,home-timeline-service,4
1650498113,home-timeline-service,4
1650498114,home-timeline-service,4
1650498115,home-timeline-service,4
1650498115,home-timeline-service,4
1650498116,home-timeline-service,4
1650498117,home-timeline-service,4
1650498118,home-timeline-service,4
1650498118,home-timeline-service,4
1650498118,home-timeline-service,4
1650498118,home-timeline-service,4
1650498119,home-timeline-service,4
1650498120,home-timeline-service,4
1650498121,home-timeline-service,4
1650498121,home-timeline-service,4
1650498121,home-timeline-service,4
1650498122,home-timeline-service,4
1650498122,home-timeline-service,4
1650498123,home-timeline-service,4
1650498123,home-timeline-service,4
1650498124,home-timeline-service,4
1650498124,home-timeline-service,4
1650498124,home-timeline-service,4
1650498124,home-timeline-service,4
1650498125,home-timeline-service,4
1650498126,home-timeline-service,4
1650498126,home-timeline-service,4
1650498127,home-timeline-service,4
1650498128,home-timeline-service,4
1650498128,home-timeline-service,4
1650498129,home-timeline-service,4
1650498130,home-timeline-service,4
1650498130,home-timeline-service,4
1650498130,home-timeline-service,4
1650498131,home-timeline-service,4
1650498131,home-timeline-service,4
1650498132,home-timeline-service,4
1650498132,home-timeline-service,4
1650498133,home-timeline-service,4
1650498134,home-timeline-service,4
1650498134,home-timeline-service,4
1650498135,home-timeline-service,4
1650498135,home-timeline-service,4
1650498135,home-timeline-service,4
1650498136,home-timeline-service,4
1650498136,home-timeline-service,4
1650498137,home-timeline-service,4
1650498138,home-timeline-service,4
1650498138,home-timeline-service,4
1650498138,home-timeline-service,4
1650498139,home-timeline-service,4
1650498140,home-timeline-service,4
1650498140,home-timeline-service,4
1650498141,home-timeline-service,4
1650498142,home-timeline-service,4
1650498142,home-timeline-service,4
1650498143,home-timeline-service,4
1650498144,home-timeline-service,4
1650498144,home-timeline-service,4
1650498145,home-timeline-service,4
1650498146,home-timeline-service,4
1650498146,home-timeline-service,4
1650498147,home-timeline-service,4
1650498147,home-timeline-service,4
1650498148,home-timeline-service,4
1650498148,home-timeline-service,4
1650498148,home-timeline-service,4
1650498149,home-timeline-service,4
1650498150,home-timeline-service,4
1650498150,home-timeline-service,4
1650498151,home-timeline-service,4
1650498151,home-timeline-service,4
1650498152,home-timeline-service,4
1650498152,home-timeline-service,4
1650498153,home-timeline-service,4
1650498153,home-timeline-service,4
1650498154,home-timeline-service,4
1650498154,home-timeline-service,4
1650498155,home-timeline-service,4
1650498156,home-timeline-service,4
1650498156,home-timeline-service,4
1650498157,home-timeline-service,4
1650498158,home-timeline-service,4
1650498159,home-timeline-service,4
1650498159,home-timeline-service,4
1650498160,home-timeline-service,4
1650498160,home-timeline-service,4
1650498160,home-timeline-service,4
1650498161,home-timeline-service,4
1650498161,home-timeline-service,4
1650498161,home-timeline-service,4
1650498162,home-timeline-service,4
1650498162,home-timeline-service,4
1650498162,home-timeline-service,4
1650498162,home-timeline-service,4
1650498162,home-timeline-service,4
1650498163,home-timeline-service,4
1650498164,home-timeline-service,4
1650498164,home-timeline-service,4
1650498165,home-timeline-service,4
1650498166,home-timeline-service,4
1650498166,home-timeline-service,4
1650498166,home-timeline-service,4
1650498167,home-timeline-service,4
1650498168,home-timeline-service,4
1650498168,home-timeline-service,4
1650498169,home-timeline-service,4
1650498170,home-timeline-service,4
1650498171,home-timeline-service,4
1650498172,home-timeline-service,4
1650498172,home-timeline-service,4
1650498173,home-timeline-service,4
1650498174,home-timeline-service,4
1650498174,home-timeline-service,4
1650498175,home-timeline-service,4
1650498175,home-timeline-service,4
1650498176,home-timeline-service,4
1650498177,home-timeline-service,4
1650498178,home-timeline-service,4
1650498179,home-timeline-service,4
1650498179,home-timeline-service,4
1650498179,home-timeline-service,4
1650498179,home-timeline-service,4
1650498180,home-timeline-service,4
1650498181,home-timeline-service,4
1650498181,home-timeline-service,4
1650498181,home-timeline-service,4
1650498182,home-timeline-service,4
1650498182,home-timeline-service,4
1650498183,home-timeline-service,4
1650498184,home-timeline-service,4
1650498184,home-timeline-service,4
1650498185,home-timeline-service,4
1650498186,home-timeline-service,4
1650498186,home-timeline-service,4
1650498187,home-timeline-service,4
1650498187,home-timeline-service,4
1650498187,home-timeline-service,4
1650498187,home-timeline-service,4
1650498188,home-timeline-service,4
1650498189,home-timeline-service,4
1650498189,home-timeline-service,4
1650498190,home-timeline-service,4
1650498191,home-timeline-service,4
1650498191,home-timeline-service,4
1650498192,home-timeline-service,4
1650498192,home-timeline-service,4
1650498193,home-timeline-service,4
1650498193,home-timeline-service,4
1650498194,home-timeline-service,4
1650498195,home-timeline-service,4
1650498195,home-timeline-service,4
1650498196,home-timeline-service,4
1650498196,home-timeline-service,4
1650498197,home-timeline-service,4
1650498197,home-timeline-service,4
1650498198,home-timeline-service,4
1650498199,home-timeline-service,4
1650498199,home-timeline-service,4
1650498200,home-timeline-service,4
1650498201,home-timeline-service,4
1650498201,home-timeline-service,4
1650498202,home-timeline-service,4
1650498203,home-timeline-service,4
1650498203,home-timeline-service,4
1650498203,home-timeline-service,4
1650498203,home-timeline-service,4
1650498204,home-timeline-service,4
1650498205,home-timeline-service,4
1650498206,home-timeline-service,4
1650498206,home-timeline-service,4
1650498207,home-timeline-service,4
1650498207,home-timeline-service,4
1650498208,home-timeline-service,4
1650498209,home-timeline-service,4
1650498210,home-timeline-service,4
1650498210,home-timeline-service,4
1650498210,home-timeline-service,4
1650498211,home-timeline-service,4
1650498211,home-timeline-service,4
1650498211,home-timeline-service,4
1650498212,home-timeline-service,4
1650498212,home-timeline-service,4
1650498213,home-timeline-service,4
1650498214,home-timeline-service,4
1650498214,home-timeline-service,4
1650498215,home-timeline-service,4
1650498216,home-timeline-service,4
1650498216,home-timeline-service,4
1650498217,home-timeline-service,4
1650498218,home-timeline-service,4
1650498218,home-timeline-service,4
1650498219,home-timeline-service,4
1650498220,home-timeline-service,4
1650498221,home-timeline-service,4
1650498222,home-timeline-service,4
1650498222,home-timeline-service,4
1650498222,home-timeline-service,4
1650498222,home-timeline-service,4
1650498223,home-timeline-service,4
1650498224,home-timeline-service,4
1650498224,home-timeline-service,4
1650498224,home-timeline-service,4
1650498225,home-timeline-service,4
1650498225,home-timeline-service,4
1650498225,home-timeline-service,4
1650498226,home-timeline-service,4
1650498227,home-timeline-service,4
1650498227,home-timeline-service,4
1650498228,home-timeline-service,4
1650498229,home-timeline-service,4
1650498230,home-timeline-service,4
1650498231,home-timeline-service,4
1650498231,home-timeline-service,4
1650498232,home-timeline-service,4
1650498233,home-timeline-service,4
1650498233,home-timeline-service,4
1650498234,home-timeline-service,4
1650498234,home-timeline-service,4
1650498235,home-timeline-service,4
1650498236,home-timeline-service,4
1650498237,home-timeline-service,4
1650498237,home-timeline-service,4
1650498238,home-timeline-service,4
1650498239,home-timeline-service,4
1650498239,home-timeline-service,4
1650498239,home-timeline-service,4
1650498239,home-timeline-service,4
1650498239,home-timeline-service,4
1650498240,home-timeline-service,4
1650498241,home-timeline-service,4
1650498241,home-timeline-service,4
1650498241,home-timeline-service,4
1650498242,home-timeline-service,4
1650498242,home-timeline-service,4
1650498243,home-timeline-service,4
1650498243,home-timeline-service,4
1650498244,home-timeline-service,4
1650498244,home-timeline-service,4
1650498244,home-timeline-service,4
1650498245,home-timeline-service,4
1650498245,home-timeline-service,4
1650498246,home-timeline-service,4
1650498247,home-timeline-service,4
1650498248,home-timeline-service,4
1650498248,home-timeline-service,4
1650498249,home-timeline-service,4
1650498249,home-timeline-service,4
1650498250,home-timeline-service,4
1650498250,home-timeline-service,4
1650498250,home-timeline-service,4
1650498251,home-timeline-service,4
1650498252,home-timeline-service,4
1650498252,home-timeline-service,4
1650498253,home-timeline-service,4
1650498254,home-timeline-service,4
1650498254,home-timeline-service,4
1650498255,home-timeline-service,4
1650498255,home-timeline-service,4
1650498255,home-timeline-service,4
1650498256,home-timeline-service,4
1650498257,home-timeline-service,4
1650498257,home-timeline-service,4
1650498257,home-timeline-service,4
1650498258,home-timeline-service,4
1650498259,home-timeline-service,4
1650498259,home-timeline-service,4
1650498260,home-timeline-service,4
1650498260,home-timeline-service,4
1650498260,home-timeline-service,4
1650498261,home-timeline-service,4
1650498262,home-timeline-service,4
1650498262,home-timeline-service,4
1650498262,home-timeline-service,4
1650498263,home-timeline-service,4
1650498263,home-timeline-service,4
1650498264,home-timeline-service,4
1650498264,home-timeline-service,4
1650498265,home-timeline-service,4
1650498266,home-timeline-service,4
1650498266,home-timeline-service,4
1650498267,home-timeline-service,4
1650498267,home-timeline-service,4
1650498268,home-timeline-service,4
1650498268,home-timeline-service,4
1650498269,home-timeline-service,4
1650498270,home-timeline-service,4
1650498270,home-timeline-service,4
1650498270,home-timeline-service,4
1650498271,home-timeline-service,4
1650498271,home-timeline-service,4
1650498272,home-timeline-service,4
1650498272,home-timeline-service,4
1650498273,home-timeline-service,4
1650498273,home-timeline-service,4
1650498273,home-timeline-service,4
1650498274,home-timeline-service,4
1650498274,home-timeline-service,4
1650498275,home-timeline-service,4
1650498275,home-timeline-service,4
1650498276,home-timeline-service,4
1650498277,home-timeline-service,4
1650498278,home-timeline-service,4
1650498278,home-timeline-service,4
1650498279,home-timeline-service,4
1650498280,home-timeline-service,4
1650498280,home-timeline-service,4
1650498281,home-timeline-service,4
1650498281,home-timeline-service,4
1650498282,home-timeline-service,4
1650498283,home-timeline-service,4
1650498284,home-timeline-service,4
1650498284,home-timeline-service,4
1650498285,home-timeline-service,4
1650498285,home-timeline-service,4
1650498286,home-timeline-service,4
1650498286,home-timeline-service,4
1650498287,home-timeline-service,4
1650498288,home-timeline-service,4
1650498288,home-timeline-service,4
1650498289,home-timeline-service,4
1650498290,home-timeline-service,4
1650498290,home-timeline-service,4
1650498291,home-timeline-service,4
1650498292,home-timeline-service,4
1650498292,home-timeline-service,4
1650498293,home-timeline-service,4
1650498293,home-timeline-service,4
1650498294,home-timeline-service,4
1650498295,home-timeline-service,4
1650498296,home-timeline-service,4
1650498296,home-timeline-service,4
1650498297,home-timeline-service,4
1650498298,home-timeline-service,4
1650498298,home-timeline-service,4
1650498299,home-timeline-service,4
1650498300,home-timeline-service,4
1650498301,home-timeline-service,4
1650498302,home-timeline-service,4
1650498302,home-timeline-service,4
1650498303,home-timeline-service,4
1650498303,home-timeline-service,4
1650498304,home-timeline-service,4
1650498304,home-timeline-service,4
1650498305,home-timeline-service,4
1650498306,home-timeline-service,4
1650498306,home-timeline-service,4
1650498307,home-timeline-service,4
1650498307,home-timeline-service,4
1650498308,home-timeline-service,4
1650498309,home-timeline-service,4
1650498309,home-timeline-service,4
1650498309,home-timeline-service,4
1650498310,home-timeline-service,4
1650498310,home-timeline-service,4
1650498311,home-timeline-service,4
1650498312,home-timeline-service,4
1650498312,home-timeline-service,4
1650498313,home-timeline-service,4
1650498314,home-timeline-service,4
1650498314,home-timeline-service,4
1650498315,home-timeline-service,4
1650498316,home-timeline-service,4
1650498316,home-timeline-service,4
1650498317,home-timeline-service,4
1650498317,home-timeline-service,4
1650498317,home-timeline-service,4
1650498318,home-timeline-service,4
1650498319,home-timeline-service,4
1650498319,home-timeline-service,4
1650498320,home-timeline-service,4
1650498321,home-timeline-service,4
1650498321,home-timeline-service,4
1650498322,home-timeline-service,4
1650498323,home-timeline-service,4
1650498324,home-timeline-service,4
1650498324,home-timeline-service,4
1650498325,home-timeline-service,4
1650498326,home-timeline-service,4
1650498326,home-timeline-service,4
1650498326,home-timeline-service,4
1650498327,home-timeline-service,4
1650498327,home-timeline-service,4
1650498328,home-timeline-service,4
1650498329,home-timeline-service,4
1650498330,home-timeline-service,4
1650498331,home-timeline-service,4
1650498331,home-timeline-service,4
1650498332,home-timeline-service,4
1650498333,home-timeline-service,4
1650498334,home-timeline-service,4
1650498334,home-timeline-service,4
1650498334,home-timeline-service,4
1650498335,home-timeline-service,4
1650498335,home-timeline-service,4
1650498336,home-timeline-service,4
1650498336,home-timeline-service,4
1650498336,home-timeline-service,4
1650498337,home-timeline-service,4
1650498338,home-timeline-service,4
1650498338,home-timeline-service,4
1650498339,home-timeline-service,4
1650498340,home-timeline-service,4
1650498341,home-timeline-service,4
1650498341,home-timeline-service,4
1650498342,home-timeline-service,4
1650498342,home-timeline-service,4
1650498342,home-timeline-service,4
1650498343,home-timeline-service,4
1650498343,home-timeline-service,4
1650498344,home-timeline-service,4
1650498344,home-timeline-service,4
1650498345,home-timeline-service,4
1650498346,home-timeline-service,4
1650498346,home-timeline-service,4
1650498346,home-timeline-service,4
1650498347,home-timeline-service,4
1650498347,home-timeline-service,4
1650498348,home-timeline-service,4
1650498349,home-timeline-service,4
1650498350,home-timeline-service,4
1650498350,home-timeline-service,4
1650498350,home-timeline-service,4
1650498350,home-timeline-service,4
1650498351,home-timeline-service,4
1650498351,home-timeline-service,4
1650498351,home-timeline-service,4
1650498352,home-timeline-service,4
1650498352,home-timeline-service,4
1650498353,home-timeline-service,4
1650498353,home-timeline-service,4
1650498354,home-timeline-service,4
1650498355,home-timeline-service,4
1650498355,home-timeline-service,4
1650498355,home-timeline-service,4
1650498356,home-timeline-service,4
1650498357,home-timeline-service,4
1650498358,home-timeline-service,4
1650498359,home-timeline-service,4
1650498359,home-timeline-service,4
1650498360,home-timeline-service,4
1650498361,home-timeline-service,4
1650498361,home-timeline-service,4
1650498362,home-timeline-service,4
1650498363,home-timeline-service,4
1650498363,home-timeline-service,4
1650498364,home-timeline-service,4
1650498364,home-timeline-service,4
1650498365,home-timeline-service,4
1650498366,home-timeline-service,4
1650498367,home-timeline-service,4
1650498367,home-timeline-service,4
1650498367,home-timeline-service,4
1650498368,home-timeline-service,4
1650498369,home-timeline-service,4
1650498369,home-timeline-service,4
1650498369,home-timeline-service,4
1650498370,home-timeline-service,4
1650498370,home-timeline-service,4
1650498371,home-timeline-service,4
1650498371,home-timeline-service,4
1650498372,home-timeline-service,4
1650498373,home-timeline-service,4
1650498374,home-timeline-service,4
1650498375,home-timeline-service,4
1650498375,home-timeline-service,4
1650498376,home-timeline-service,4
1650498376,home-timeline-service,4
1650498377,home-timeline-service,4
1650498378,home-timeline-service,4
1650498378,home-timeline-service,4
1650498378,home-timeline-service,4
1650498379,home-timeline-service,4
1650498379,home-timeline-service,4
1650498379,home-timeline-service,4
1650498380,home-timeline-service,4
1650498380,home-timeline-service,4
1650498381,home-timeline-service,4
1650498381,home-timeline-service,4
1650498382,home-timeline-service,4
1650498382,home-timeline-service,4
1650498382,home-timeline-service,4
1650498383,home-timeline-service,4
1650498383,home-timeline-service,4
1650498384,home-timeline-service,4
1650498384,home-timeline-service,4
1650498385,home-timeline-service,4
1650498385,home-timeline-service,4
1650498386,home-timeline-service,4
1650498387,home-timeline-service,4
1650498387,home-timeline-service,4
1650498388,home-timeline-service,4
1650498389,home-timeline-service,4
1650498390,home-timeline-service,4
1650498391,home-timeline-service,4
1650498392,home-timeline-service,4
1650498393,home-timeline-service,4
1650498393,home-timeline-service,4
1650498394,home-timeline-service,4
1650498395,home-timeline-service,4
1650498396,home-timeline-service,4
1650498396,home-timeline-service,4
1650498396,home-timeline-service,4
1650498397,home-timeline-service,4
1650498397,home-timeline-service,4
1650498397,home-timeline-service,4
1650498398,home-timeline-service,4
1650498399,home-timeline-service,4
1650498400,home-timeline-service,4
1650498400,home-timeline-service,4
1650498401,home-timeline-service,4
1650498401,home-timeline-service,4
1650498402,home-timeline-service,4
1650498403,home-timeline-service,4
1650498404,home-timeline-service,4
1650498404,home-timeline-service,4
1650498405,home-timeline-service,4
1650498405,home-timeline-service,4
1650498406,home-timeline-service,4
1650498406,home-timeline-service,4
1650498407,home-timeline-service,4
1650498408,home-timeline-service,4
1650498409,home-timeline-service,4
1650498409,home-timeline-service,4
1650498410,home-timeline-service,4
1650498410,home-timeline-service,4
1650498410,home-timeline-service,4
1650498411,home-timeline-service,4
1650498412,home-timeline-service,4
1650498413,home-timeline-service,4
1650498414,home-timeline-service,4
1650498414,home-timeline-service,4
1650498415,home-timeline-service,4
1650498415,home-timeline-service,4
1650498416,home-timeline-service,4
1650498417,home-timeline-service,4
1650498418,home-timeline-service,4
1650498418,home-timeline-service,4
1650498419,home-timeline-service,4
1650498419,home-timeline-service,4
1650498419,home-timeline-service,4
1650498420,home-timeline-service,4
1650498420,home-timeline-service,4
1650498421,home-timeline-service,4
1650498422,home-timeline-service,4
1650498422,home-timeline-service,4
1650498423,home-timeline-service,4
1650498423,home-timeline-service,4
1650498423,home-timeline-service,4
1650498424,home-timeline-service,4
1650498424,home-timeline-service,4
1650498426,home-timeline-service,4
1650498426,home-timeline-service,4
1650498426,home-timeline-service,4
1650498427,home-timeline-service,4
1650498428,home-timeline-service,4
1650498428,home-timeline-service,4
1650498429,home-timeline-service,4
1650498429,home-timeline-service,4
1650498430,home-timeline-service,4
1650498430,home-timeline-service,4
1650498431,home-timeline-service,4
1650498431,home-timeline-service,4
1650498431,home-timeline-service,4
1650498432,home-timeline-service,4
1650498433,home-timeline-service,4
1650498433,home-timeline-service,4
1650498434,home-timeline-service,4
1650498434,home-timeline-service,4
1650498434,home-timeline-service,4
1650498435,home-timeline-service,4
1650498436,home-timeline-service,4
1650498436,home-timeline-service,4
1650498437,home-timeline-service,4
1650498438,home-timeline-service,4
1650498439,home-timeline-service,4
1650498439,home-timeline-service,4
1650498439,home-timeline-service,4
1650498440,home-timeline-service,4
1650498440,home-timeline-service,4
1650498441,home-timeline-service,4
1650498441,home-timeline-service,4
1650498442,home-timeline-service,4
1650498443,home-timeline-service,4
1650498444,home-timeline-service,4
1650498444,home-timeline-service,4
1650498445,home-timeline-service,4
1650498446,home-timeline-service,4
1650498446,home-timeline-service,4
1650498447,home-timeline-service,4
1650498447,home-timeline-service,4
1650498448,home-timeline-service,4
1650498449,home-timeline-service,4
1650498450,home-timeline-service,4
1650498450,home-timeline-service,4
1650498451,home-timeline-service,4
1650498451,home-timeline-service,4
1650498451,home-timeline-service,4
1650498452,home-timeline-service,4
1650498452,home-timeline-service,4
1650498452,home-timeline-service,4
1650498452,home-timeline-service,4
1650498453,home-timeline-service,4
1650498453,home-timeline-service,4
1650498454,home-timeline-service,4
1650498455,home-timeline-service,4
1650498455,home-timeline-service,4
1650498456,home-timeline-service,4
1650498456,home-timeline-service,4
1650498457,home-timeline-service,4
1650498457,home-timeline-service,4
1650498458,home-timeline-service,4
1650498458,home-timeline-service,4
1650498458,home-timeline-service,4
1650498458,home-timeline-service,4
1650498458,home-timeline-service,4
1650498459,home-timeline-service,4
1650498460,home-timeline-service,4
1650498460,home-timeline-service,4
1650498461,home-timeline-service,4
1650498461,home-timeline-service,4
1650498462,home-timeline-service,4
1650498463,home-timeline-service,4
1650498463,home-timeline-service,4
1650498464,home-timeline-service,4
1650498464,home-timeline-service,4
1650498465,home-timeline-service,4
1650498465,home-timeline-service,4
1650498466,home-timeline-service,4
1650498467,home-timeline-service,4
1650498467,home-timeline-service,4
1650498468,home-timeline-service,4
1650498469,home-timeline-service,4
1650498470,home-timeline-service,4
1650498470,home-timeline-service,4
1650498470,home-timeline-service,4
1650498471,home-timeline-service,4
1650498472,home-timeline-service,4
1650498472,home-timeline-service,4
1650498473,home-timeline-service,4
1650498473,home-timeline-service,4
1650498474,home-timeline-service,4
1650498474,home-timeline-service,4
1650498474,home-timeline-service,4
1650498474,home-timeline-service,4
1650498475,home-timeline-service,4
1650498476,home-timeline-service,4
1650498476,home-timeline-service,4
1650498477,home-timeline-service,4
1650498477,home-timeline-service,4
1650498478,home-timeline-service,4
1650498479,home-timeline-service,4
1650498479,home-timeline-service,4
1650498479,home-timeline-service,4
1650498480,home-timeline-service,4
1650498480,home-timeline-service,4
1650498480,home-timeline-service,4
1650498481,home-timeline-service,4
1650498481,home-timeline-service,4
1650498482,home-timeline-service,4
1650498483,home-timeline-service,4
1650498483,home-timeline-service,4
1650498484,home-timeline-service,4
1650498484,home-timeline-service,4
1650498485,home-timeline-service,4
1650498485,home-timeline-service,4
1650498485,home-timeline-service,4
1650498486,home-timeline-service,4
1650498486,home-timeline-service,4
1650498487,home-timeline-service,4
1650498487,home-timeline-service,4
1650498488,home-timeline-service,4
1650498488,home-timeline-service,4
1650498489,home-timeline-service,4
1650498490,home-timeline-service,4
1650498490,home-timeline-service,4
1650498491,home-timeline-service,4
1650498492,home-timeline-service,4
1650498493,home-timeline-service,4
1650498494,home-timeline-service,4
1650498495,home-timeline-service,4
1650498495,home-timeline-service,4
1650498496,home-timeline-service,4
1650498496,home-timeline-service,4
1650498497,home-timeline-service,4
1650498498,home-timeline-service,4
1650498499,home-timeline-service,4
1650498500,home-timeline-service,4
1650498501,home-timeline-service,4
1650498501,home-timeline-service,4
1650498501,home-timeline-service,4
1650498502,home-timeline-service,4
1650498503,home-timeline-service,4
1650498504,home-timeline-service,4
1650498505,home-timeline-service,4
1650498505,home-timeline-service,4
1650498505,home-timeline-service,4
1650498506,home-timeline-service,4
1650498506,home-timeline-service,4
1650498506,home-timeline-service,4
1650498507,home-timeline-service,4
1650498508,home-timeline-service,4
1650498509,home-timeline-service,4
1650498510,home-timeline-service,4
1650498510,home-timeline-service,4
1650498511,home-timeline-service,4
1650498511,home-timeline-service,4
1650498512,home-timeline-service,4
1650498513,home-timeline-service,4
1650498514,home-timeline-service,4
1650498515,home-timeline-service,4
1650498516,home-timeline-service,4
1650498517,home-timeline-service,4
1650498517,home-timeline-service,4
1650498518,home-timeline-service,4
1650498519,home-timeline-service,4
1650498519,home-timeline-service,4
1650498519,home-timeline-service,4
1650498519,home-timeline-service,4
1650498520,home-timeline-service,4
1650498520,home-timeline-service,4
1650498521,home-timeline-service,4
1650498521,home-timeline-service,4
1650498522,home-timeline-service,4
1650498523,home-timeline-service,4
1650498523,home-timeline-service,4
1650498524,home-timeline-service,4
1650498525,home-timeline-service,4
1650498525,home-timeline-service,4
1650498525,home-timeline-service,4
1650498525,home-timeline-service,4
1650498526,home-timeline-service,4
1650498526,home-timeline-service,4
1650498527,home-timeline-service,4
1650498527,home-timeline-service,4
1650498527,home-timeline-service,4
1650498528,home-timeline-service,4
1650498528,home-timeline-service,4
1650498529,home-timeline-service,4
1650498529,home-timeline-service,4
1650498530,home-timeline-service,4
1650498531,home-timeline-service,4
1650498531,home-timeline-service,4
1650498532,home-timeline-service,4
1650498532,home-timeline-service,4
1650498532,home-timeline-service,4
1650498533,home-timeline-service,4
1650498533,home-timeline-service,4
1650498534,home-timeline-service,4
1650498534,home-timeline-service,4
1650498535,home-timeline-service,4
1650498535,home-timeline-service,4
1650498536,home-timeline-service,4
1650498536,home-timeline-service,4
1650498537,home-timeline-service,4
1650498537,home-timeline-service,4
1650498538,home-timeline-service,4
1650498538,home-timeline-service,4
1650498539,home-timeline-service,4
1650498540,home-timeline-service,4
1650498541,home-timeline-service,4
1650498542,home-timeline-service,4
1650498542,home-timeline-service,4
1650498543,home-timeline-service,4
1650498543,home-timeline-service,4
1650498544,home-timeline-service,4
1650498545,home-timeline-service,4
1650498545,home-timeline-service,4
1650498546,home-timeline-service,4
1650498546,home-timeline-service,4
1650498547,home-timeline-service,4
1650498547,home-timeline-service,4
1650498548,home-timeline-service,4
1650498549,home-timeline-service,4
1650498549,home-timeline-service,4
1650498549,home-timeline-service,4
1650498550,home-timeline-service,4
1650498551,home-timeline-service,4
1650498552,home-timeline-service,4
1650498553,home-timeline-service,4
1650498554,home-timeline-service,4
1650498554,home-timeline-service,4
1650498554,home-timeline-service,4
1650498555,home-timeline-service,4
1650498555,home-timeline-service,4
1650498556,home-timeline-service,4
1650498556,home-timeline-service,4
1650498556,home-timeline-service,4
1650498556,home-timeline-service,4
1650498557,home-timeline-service,4
1650498558,home-timeline-service,4
1650498559,home-timeline-service,4
1650498559,home-timeline-service,4
1650498559,home-timeline-service,4
1650498560,home-timeline-service,4
1650498560,home-timeline-service,4
1650498561,home-timeline-service,4
1650498561,home-timeline-service,4
1650498562,home-timeline-service,4
1650498563,home-timeline-service,4
1650498563,home-timeline-service,4
1650498564,home-timeline-service,4
1650498565,home-timeline-service,4
1650498566,home-timeline-service,4
1650498566,home-timeline-service,4
1650498567,home-timeline-service,4
1650498567,home-timeline-service,4
1650498568,home-timeline-service,4
1650498569,home-timeline-service,4
1650498570,home-timeline-service,4
1650498570,home-timeline-service,4
1650498570,home-timeline-service,4
1650498571,home-timeline-service,4
1650498572,home-timeline-service,4
1650498572,home-timeline-service,4
1650498572,home-timeline-service,4
1650498573,home-timeline-service,4
1650498574,home-timeline-service,4
1650498574,home-timeline-service,4
1650498575,home-timeline-service,4
1650498575,home-timeline-service,4
1650498576,home-timeline-service,4
1650498577,home-timeline-service,4
1650498578,home-timeline-service,4
1650498578,home-timeline-service,4
1650498579,home-timeline-service,4
1650498579,home-timeline-service,4
1650498580,home-timeline-service,4
1650498580,home-timeline-service,4
1650498581,home-timeline-service,4
1650498581,home-timeline-service,4
1650498582,home-timeline-service,4
1650498583,home-timeline-service,4
1650498583,home-timeline-service,4
1650498583,home-timeline-service,4
1650498583,home-timeline-service,4
1650498584,home-timeline-service,4
1650498584,home-timeline-service,4
1650498585,home-timeline-service,4
1650498585,home-timeline-service,4
1650498585,home-timeline-service,4
1650498586,home-timeline-service,4
1650498586,home-timeline-service,4
1650498587,home-timeline-service,4
1650498587,home-timeline-service,4
1650498587,home-timeline-service,4
1650498588,home-timeline-service,4
1650498589,home-timeline-service,4
1650498590,home-timeline-service,4
1650498590,home-timeline-service,4
1650498590,home-timeline-service,4
1650498591,home-timeline-service,4
1650498592,home-timeline-service,4
1650498592,home-timeline-service,4
1650498593,home-timeline-service,4
1650498593,home-timeline-service,4
1650498594,home-timeline-service,4
1650498594,home-timeline-service,4
1650498594,home-timeline-service,4
1650498595,home-timeline-service,4
1650498596,home-timeline-service,4
1650498596,home-timeline-service,4
1650498597,home-timeline-service,4
1650498598,home-timeline-service,4
1650498598,home-timeline-service,4
1650498599,home-timeline-service,4
1650498600,home-timeline-service,4
1650498601,home-timeline-service,4
1650498601,home-timeline-service,4
1650498602,home-timeline-service,4
1650498602,home-timeline-service,4
1650498602,home-timeline-service,4
1650498602,home-timeline-service,4
1650498603,home-timeline-service,4
1650498603,home-timeline-service,4
1650498604,home-timeline-service,4
1650498604,home-timeline-service,4
1650498604,home-timeline-service,4
1650498605,home-timeline-service,4
1650498605,home-timeline-service,4
1650498606,home-timeline-service,4
1650498607,home-timeline-service,4
1650498608,home-timeline-service,4
1650498608,home-timeline-service,4
1650498609,home-timeline-service,4
1650498610,home-timeline-service,4
1650498610,home-timeline-service,4
1650498611,home-timeline-service,4
1650498611,home-timeline-service,4
1650498612,home-timeline-service,4
1650498612,home-timeline-service,4
1650498613,home-timeline-service,4
1650498613,home-timeline-service,4
1650498614,home-timeline-service,4
1650498614,home-timeline-service,4
1650498614,home-timeline-service,4
1650498614,home-timeline-service,4
1650498615,home-timeline-service,4
1650498616,home-timeline-service,4
1650498617,home-timeline-service,4
1650498618,home-timeline-service,4
1650498619,home-timeline-service,4
1650498619,home-timeline-service,4
1650498620,home-timeline-service,4
1650498620,home-timeline-service,4
1650498621,home-timeline-service,4
1650498621,home-timeline-service,4
1650498622,home-timeline-service,4
1650498623,home-timeline-service,4
1650498623,home-timeline-service,4
1650498623,home-timeline-service,4
1650498624,home-timeline-service,4
1650498624,home-timeline-service,4
1650498624,home-timeline-service,4
1650498625,home-timeline-service,4
1650498625,home-timeline-service,4
1650498625,home-timeline-service,4
1650498626,home-timeline-service,4
1650498627,home-timeline-service,4
1650498628,home-timeline-service,4
1650498628,home-timeline-service,4
1650498629,home-timeline-service,4
1650498629,home-timeline-service,4
1650498630,home-timeline-service,4
1650498630,home-timeline-service,4
1650498630,home-timeline-service,4
1650498630,home-timeline-service,4
1650498631,home-timeline-service,4
1650498631,home-timeline-service,4
1650498632,home-timeline-service,4
1650498633,home-timeline-service,4
1650498633,home-timeline-service,4
1650498634,home-timeline-service,4
1650498635,home-timeline-service,4
1650498635,home-timeline-service,4
1650498636,home-timeline-service,4
1650498636,home-timeline-service,4
1650498637,home-timeline-service,4
1650498638,home-timeline-service,4
1650498638,home-timeline-service,4
1650498639,home-timeline-service,4
1650498640,home-timeline-service,4
1650498641,home-timeline-service,4
1650498642,home-timeline-service,4
1650498642,home-timeline-service,4
1650498643,home-timeline-service,4
1650498643,home-timeline-service,4
1650498644,home-timeline-service,4
1650498645,home-timeline-service,4
1650498646,home-timeline-service,4
1650498646,home-timeline-service,4
1650498647,home-timeline-service,4
1650498647,home-timeline-service,4
1650498648,home-timeline-service,4
1650498648,home-timeline-service,4
1650498649,home-timeline-service,4
1650498649,home-timeline-service,4
1650498650,home-timeline-service,4
1650498651,home-timeline-service,4
1650498651,home-timeline-service,4
1650498652,home-timeline-service,4
1650498652,home-timeline-service,4
1650498653,home-timeline-service,4
1650498654,home-timeline-service,4
1650498655,home-timeline-service,4
1650498656,home-timeline-service,4
1650498656,home-timeline-service,4
1650498657,home-timeline-service,4
1650498657,home-timeline-service,4
1650498658,home-timeline-service,4
1650498658,home-timeline-service,4
1650498659,home-timeline-service,4
1650498659,home-timeline-service,4
1650498659,home-timeline-service,4
1650498660,home-timeline-service,4
1650498660,home-timeline-service,4
1650498661,home-timeline-service,4
1650498661,home-timeline-service,4
1650498662,home-timeline-service,4
1650498663,home-timeline-service,4
1650498663,home-timeline-service,4
1650498664,home-timeline-service,4
1650498664,home-timeline-service,4
1650498666,home-timeline-service,4
1650498666,home-timeline-service,4
1650498666,home-timeline-service,4
1650498667,home-timeline-service,4
1650498667,home-timeline-service,4
1650498668,home-timeline-service,4
1650498668,home-timeline-service,4
1650498669,home-timeline-service,4
1650498669,home-timeline-service,4
1650498670,home-timeline-service,4
1650498671,home-timeline-service,4
1650498672,home-timeline-service,4
1650498672,home-timeline-service,4
1650498673,home-timeline-service,4
1650498673,home-timeline-service,4
1650498673,home-timeline-service,4
1650498674,home-timeline-service,4
1650498674,home-timeline-service,4
1650498675,home-timeline-service,4
1650498675,home-timeline-service,4
1650498675,home-timeline-service,4
1650498675,home-timeline-service,4
1650498676,home-timeline-service,4
1650498677,home-timeline-service,4
1650498677,home-timeline-service,4
1650498678,home-timeline-service,4
1650498679,home-timeline-service,4
1650498679,home-timeline-service,4
1650498680,home-timeline-service,4
1650498680,home-timeline-service,4
1650498681,home-timeline-service,4
1650498682,home-timeline-service,4
1650498683,home-timeline-service,4
1650498683,home-timeline-service,4
1650498684,home-timeline-service,4
1650498685,home-timeline-service,4
1650498685,home-timeline-service,4
1650498686,home-timeline-service,4
1650498687,home-timeline-service,4
1650498687,home-timeline-service,4
1650498687,home-timeline-service,4
1650498687,home-timeline-service,4
1650498688,home-timeline-service,4
1650498689,home-timeline-service,4
1650498689,home-timeline-service,4
1650498690,home-timeline-service,4
1650498690,home-timeline-service,4
1650498691,home-timeline-service,4
1650498692,home-timeline-service,4
1650498692,home-timeline-service,4
1650498693,home-timeline-service,4
1650498693,home-timeline-service,4
1650498694,home-timeline-service,4
1650498694,home-timeline-service,4
1650498694,home-timeline-service,4
1650498695,home-timeline-service,4
1650498696,home-timeline-service,4
1650498697,home-timeline-service,4
1650498698,home-timeline-service,4
1650498699,home-timeline-service,4
1650498700,home-timeline-service,4
1650498701,home-timeline-service,4
1650498701,home-timeline-service,4
1650498701,home-timeline-service,4
1650498701,home-timeline-service,4
1650498702,home-timeline-service,4
1650498702,home-timeline-service,4
1650498702,home-timeline-service,4
1650498702,home-timeline-service,4
1650498703,home-timeline-service,4
1650498703,home-timeline-service,4
1650498704,home-timeline-service,4
1650498704,home-timeline-service,4
1650498704,home-timeline-service,4
1650498705,home-timeline-service,4
1650498705,home-timeline-service,4
1650498706,home-timeline-service,4
1650498707,home-timeline-service,4
1650498708,home-timeline-service,4
1650498708,home-timeline-service,4
1650498709,home-timeline-service,4
1650498709,home-timeline-service,4
1650498710,home-timeline-service,4
1650498711,home-timeline-service,4
1650498711,home-timeline-service,4
1650498712,home-timeline-service,4
1650498713,home-timeline-service,4
1650498713,home-timeline-service,4
1650498714,home-timeline-service,4
1650498715,home-timeline-service,4
1650498716,home-timeline-service,4
1650498717,home-timeline-service,4
1650498718,home-timeline-service,4
1650498718,home-timeline-service,4
1650498719,home-timeline-service,4
1650498720,home-timeline-service,4
1650498721,home-timeline-service,4
1650498722,home-timeline-service,4
1650498722,home-timeline-service,4
1650498722,home-timeline-service,4
1650498722,home-timeline-service,4
1650498723,home-timeline-service,4
1650498724,home-timeline-service,4
1650498724,home-timeline-service,4
1650498725,home-timeline-service,4
1650498726,home-timeline-service,4
1650498726,home-timeline-service,4
1650498727,home-timeline-service,4
1650498728,home-timeline-service,4
1650498729,home-timeline-service,4
1650498729,home-timeline-service,4
1650498729,home-timeline-service,4
1650498730,home-timeline-service,4
1650498730,home-timeline-service,4
1650498731,home-timeline-service,4
1650498731,home-timeline-service,4
1650498732,home-timeline-service,4
1650498733,home-timeline-service,4
1650498734,home-timeline-service,4
1650498735,home-timeline-service,4
1650498735,home-timeline-service,4
1650498736,home-timeline-service,4
1650498737,home-timeline-service,4
1650498737,home-timeline-service,4
1650498737,home-timeline-service,4
1650498738,home-timeline-service,4
1650498739,home-timeline-service,4
1650498740,home-timeline-service,4
1650498740,home-timeline-service,4
1650498741,home-timeline-service,4
1650498741,home-timeline-service,4
1650498742,home-timeline-service,4
1650498742,home-timeline-service,4
1650498743,home-timeline-service,4
1650498744,home-timeline-service,4
1650498744,home-timeline-service,4
1650498745,home-timeline-service,4
1650498746,home-timeline-service,4
1650498746,home-timeline-service,4
1650498747,home-timeline-service,4
1650498747,home-timeline-service,4
1650498748,home-timeline-service,4
1650498748,home-timeline-service,4
1650498749,home-timeline-service,4
1650498749,home-timeline-service,4
1650498750,home-timeline-service,4
1650498750,home-timeline-service,4
1650498751,home-timeline-service,4
1650498752,home-timeline-service,4
1650498752,home-timeline-service,4
1650498753,home-timeline-service,4
1650498754,home-timeline-service,4
1650498755,home-timeline-service,4
1650498755,home-timeline-service,4
1650498756,home-timeline-service,4
1650498757,home-timeline-service,4
1650498757,home-timeline-service,4
1650498758,home-timeline-service,4
1650498758,home-timeline-service,4
1650498759,home-timeline-service,4
1650498760,home-timeline-service,4
1650498761,home-timeline-service,4
1650498762,home-timeline-service,4
1650498763,home-timeline-service,4
1650498763,home-timeline-service,4
1650498763,home-timeline-service,4
1650498765,home-timeline-service,4
1650498765,home-timeline-service,4
1650498765,home-timeline-service,4
1650498766,home-timeline-service,4
1650498767,home-timeline-service,4
1650498768,home-timeline-service,4
1650498769,home-timeline-service,4
1650498770,home-timeline-service,4
1650498771,home-timeline-service,4
1650498771,home-timeline-service,4
1650498771,home-timeline-service,4
1650498772,home-timeline-service,4
1650498772,home-timeline-service,4
1650498773,home-timeline-service,4
1650498774,home-timeline-service,4
1650498775,home-timeline-service,4
1650498775,home-timeline-service,4
1650498775,home-timeline-service,4
1650498777,home-timeline-service,4
1650498777,home-timeline-service,4
1650498778,home-timeline-service,4
1650498779,home-timeline-service,4
1650498779,home-timeline-service,4
1650498780,home-timeline-service,4
1650498780,home-timeline-service,4
1650498781,home-timeline-service,4
1650498781,home-timeline-service,4
1650498782,home-timeline-service,4
1650498782,home-timeline-service,4
1650498783,home-timeline-service,4
1650498784,home-timeline-service,4
1650498785,home-timeline-service,4
1650498786,home-timeline-service,4
1650498786,home-timeline-service,4
1650498787,home-timeline-service,4
1650498787,home-timeline-service,4
1650498787,home-timeline-service,4
1650498788,home-timeline-service,4
1650498789,home-timeline-service,4
1650498789,home-timeline-service,4
1650498790,home-timeline-service,4
1650498790,home-timeline-service,4
1650498791,home-timeline-service,4
1650498792,home-timeline-service,4
1650498793,home-timeline-service,4
1650498793,home-timeline-service,4
1650498794,home-timeline-service,4
1650498795,home-timeline-service,4
1650498795,home-timeline-service,4
1650498795,home-timeline-service,4
1650498796,home-timeline-service,4
1650498796,home-timeline-service,4
1650498797,home-timeline-service,4
1650498798,home-timeline-service,4
1650498798,home-timeline-service,4
1650498799,home-timeline-service,4
1650498800,home-timeline-service,4
1650498800,home-timeline-service,4
1650498801,home-timeline-service,4
1650498801,home-timeline-service,4
1650498801,home-timeline-service,4
1650498802,home-timeline-service,4
1650498803,home-timeline-service,4
1650498804,home-timeline-service,4
1650498804,home-timeline-service,4
1650498805,home-timeline-service,4
1650498805,home-timeline-service,4
1650498805,home-timeline-service,4
1650498806,home-timeline-service,4
1650498807,home-timeline-service,4
1650498808,home-timeline-service,4
1650498809,home-timeline-service,4
1650498809,home-timeline-service,4
1650498810,home-timeline-service,4
1650498810,home-timeline-service,4
1650498810,home-timeline-service,4
1650498810,home-timeline-service,4
1650498811,home-timeline-service,4
1650498812,home-timeline-service,4
1650498813,home-timeline-service,4
1650498814,home-timeline-service,4
1650498814,home-timeline-service,4
1650498815,home-timeline-service,4
1650498816,home-timeline-service,4
1650498817,home-timeline-service,4
1650498817,home-timeline-service,4
1650498817,home-timeline-service,4
1650498818,home-timeline-service,4
1650498819,home-timeline-service,4
1650498820,home-timeline-service,4
1650498820,home-timeline-service,4
1650498821,home-timeline-service,4
1650498821,home-timeline-service,4
1650498822,home-timeline-service,4
1650498823,home-timeline-service,4
1650498824,home-timeline-service,4
1650498824,home-timeline-service,4
1650498825,home-timeline-service,4
1650498825,home-timeline-service,4
1650498826,home-timeline-service,4
1650498826,home-timeline-service,4
1650498827,home-timeline-service,4
1650498827,home-timeline-service,4
1650498828,home-timeline-service,4
1650498828,home-timeline-service,4
1650498829,home-timeline-service,4
1650498829,home-timeline-service,4
1650498829,home-timeline-service,4
1650498830,home-timeline-service,4
1650498830,home-timeline-service,4
1650498830,home-timeline-service,4
1650498831,home-timeline-service,4
1650498832,home-timeline-service,4
1650498832,home-timeline-service,4
1650498832,home-timeline-service,4
1650498833,home-timeline-service,4
1650498834,home-timeline-service,4
1650498834,home-timeline-service,4
1650498834,home-timeline-service,4
1650498835,home-timeline-service,4
1650498836,home-timeline-service,4
1650498836,home-timeline-service,4
1650498837,home-timeline-service,4
1650498837,home-timeline-service,4
1650498838,home-timeline-service,4
1650498838,home-timeline-service,4
1650498839,home-timeline-service,4
1650498840,home-timeline-service,4
1650498840,home-timeline-service,4
1650498841,home-timeline-service,4
1650498841,home-timeline-service,4
1650498841,home-timeline-service,4
1650498842,home-timeline-service,4
1650498843,home-timeline-service,4
1650498843,home-timeline-service,4
1650498844,home-timeline-service,4
1650498844,home-timeline-service,4
1650498845,home-timeline-service,4
1650498846,home-timeline-service,4
1650498846,home-timeline-service,4
1650498847,home-timeline-service,4
1650498847,home-timeline-service,4
1650498848,home-timeline-service,4
1650498848,home-timeline-service,4
1650498849,home-timeline-service,4
1650498849,home-timeline-service,4
1650498850,home-timeline-service,4
1650498850,home-timeline-service,4
1650498851,home-timeline-service,4
1650498851,home-timeline-service,4
1650498851,home-timeline-service,4
1650498852,home-timeline-service,4
1650498852,home-timeline-service,4
1650498853,home-timeline-service,4
1650498854,home-timeline-service,4
1650498855,home-timeline-service,4
1650498855,home-timeline-service,4
1650498856,home-timeline-service,4
1650498856,home-timeline-service,4
1650498857,home-timeline-service,4
1650498857,home-timeline-service,4
1650498857,home-timeline-service,4
1650498858,home-timeline-service,4
1650498858,home-timeline-service,4
1650498858,home-timeline-service,4
1650498859,home-timeline-service,4
1650498859,home-timeline-service,4
1650498860,home-timeline-service,4
1650498861,home-timeline-service,4
1650498861,home-timeline-service,4
1650498862,home-timeline-service,4
1650498862,home-timeline-service,4
1650498862,home-timeline-service,4
1650498863,home-timeline-service,4
1650498864,home-timeline-service,4
1650498864,home-timeline-service,4
1650498865,home-timeline-service,4
1650498866,home-timeline-service,4
1650498866,home-timeline-service,4
1650498867,home-timeline-service,4
1650498868,home-timeline-service,4
1650498868,home-timeline-service,4
1650498869,home-timeline-service,4
1650498869,home-timeline-service,4
1650498869,home-timeline-service,4
1650498869,home-timeline-service,4
1650498870,home-timeline-service,4
1650498871,home-timeline-service,4
1650498872,home-timeline-service,4
1650498872,home-timeline-service,4
1650498872,home-timeline-service,4
1650498873,home-timeline-service,4
1650498874,home-timeline-service,4
1650498875,home-timeline-service,4
1650498876,home-timeline-service,4
1650498876,home-timeline-service,4
1650498877,home-timeline-service,4
1650498878,home-timeline-service,4
1650498879,home-timeline-service,4
1650498879,home-timeline-service,4
1650498880,home-timeline-service,4
1650498880,home-timeline-service,4
1650498880,home-timeline-service,4
1650498881,home-timeline-service,4
1650498881,home-timeline-service,4
1650498881,home-timeline-service,4
1650498882,home-timeline-service,4
1650498882,home-timeline-service,4
1650498883,home-timeline-service,4
1650498884,home-timeline-service,4
1650498885,home-timeline-service,4
1650498886,home-timeline-service,4
1650498886,home-timeline-service,4
1650498887,home-timeline-service,4
1650498888,home-timeline-service,4
1650498889,home-timeline-service,4
1650498890,home-timeline-service,4
1650498891,home-timeline-service,4
1650498892,home-timeline-service,4
1650498892,home-timeline-service,4
1650498893,home-timeline-service,4
1650498893,home-timeline-service,4
1650498893,home-timeline-service,4
1650498894,home-timeline-service,4
1650498895,home-timeline-service,4
1650498895,home-timeline-service,4
1650498896,home-timeline-service,4
1650498896,home-timeline-service,4
1650498897,home-timeline-service,4
1650498898,home-timeline-service,4
1650498899,home-timeline-service,4
1650498899,home-timeline-service,4
1650498900,home-timeline-service,4
1650498900,home-timeline-service,4
1650498901,home-timeline-service,4
1650498901,home-timeline-service,4
1650498902,home-timeline-service,4
1650498903,home-timeline-service,4
1650498904,home-timeline-service,4
1650498905,home-timeline-service,4
1650498905,home-timeline-service,4
1650498905,home-timeline-service,4
1650498906,home-timeline-service,4
1650498907,home-timeline-service,4
1650498908,home-timeline-service,4
1650498908,home-timeline-service,4
1650498909,home-timeline-service,4
1650498909,home-timeline-service,4
1650498910,home-timeline-service,4
1650498910,home-timeline-service,4
1650498911,home-timeline-service,4
1650498911,home-timeline-service,4
1650498911,home-timeline-service,4
1650498912,home-timeline-service,4
1650498913,home-timeline-service,4
1650498913,home-timeline-service,4
1650498914,home-timeline-service,4
1650498915,home-timeline-service,4
1650498915,home-timeline-service,4
1650498915,home-timeline-service,4
1650498915,home-timeline-service,4
1650498916,home-timeline-service,4
1650498917,home-timeline-service,4
1650498917,home-timeline-service,4
1650498918,home-timeline-service,4
1650498918,home-timeline-service,4
1650498919,home-timeline-service,4
1650498920,home-timeline-service,4
1650498921,home-timeline-service,4
1650498921,home-timeline-service,4
1650498921,home-timeline-service,4
1650498922,home-timeline-service,4
1650498923,home-timeline-service,4
1650498923,home-timeline-service,4
1650498923,home-timeline-service,4
1650498924,home-timeline-service,4
1650498925,home-timeline-service,4
1650498925,home-timeline-service,4
1650498926,home-timeline-service,4
1650498927,home-timeline-service,4
1650498927,home-timeline-service,4
1650498928,home-timeline-service,4
1650498928,home-timeline-service,4
1650498929,home-timeline-service,4
1650498929,home-timeline-service,4
1650498930,home-timeline-service,4
1650498931,home-timeline-service,4
1650498932,home-timeline-service,4
1650498932,home-timeline-service,4
1650498933,home-timeline-service,4
1650498934,home-timeline-service,4
1650498935,home-timeline-service,4
1650498935,home-timeline-service,4
1650498936,home-timeline-service,4
1650498936,home-timeline-service,4
1650498937,home-timeline-service,4
1650498938,home-timeline-service,4
1650498939,home-timeline-service,4
1650498939,home-timeline-service,4
1650498939,home-timeline-service,4
1650498940,home-timeline-service,4
1650498940,home-timeline-service,4
1650498941,home-timeline-service,4
1650498942,home-timeline-service,4
1650498942,home-timeline-service,4
1650498943,home-timeline-service,4
1650498943,home-timeline-service,4
1650498943,home-timeline-service,4
1650498944,home-timeline-service,4
1650498945,home-timeline-service,4
1650498945,home-timeline-service,4
1650498945,home-timeline-service,4
1650498946,home-timeline-service,4
1650498947,home-timeline-service,4
1650498948,home-timeline-service,4
1650498948,home-timeline-service,4
1650498948,home-timeline-service,4
1650498949,home-timeline-service,4
1650498950,home-timeline-service,4
1650498950,home-timeline-service,4
1650498950,home-timeline-service,4
1650498951,home-timeline-service,4
1650498951,home-timeline-service,4
1650498951,home-timeline-service,4
1650498951,home-timeline-service,4
1650498952,home-timeline-service,4
1650498952,home-timeline-service,4
1650498953,home-timeline-service,4
1650498954,home-timeline-service,4
1650498954,home-timeline-service,4
1650498955,home-timeline-service,4
1650498955,home-timeline-service,4
1650498956,home-timeline-service,4
1650498957,home-timeline-service,4
1650498958,home-timeline-service,4
1650498958,home-timeline-service,4
1650498958,home-timeline-service,4
1650498959,home-timeline-service,4
1650498959,home-timeline-service,4
1650498960,home-timeline-service,4
1650498961,home-timeline-service,4
1650498961,home-timeline-service,4
1650498962,home-timeline-service,4
1650498962,home-timeline-service,4
1650498963,home-timeline-service,4
1650498964,home-timeline-service,4
1650498964,home-timeline-service,4
1650498965,home-timeline-service,4
1650498966,home-timeline-service,4
1650498967,home-timeline-service,4
1650498968,home-timeline-service,4
1650498968,home-timeline-service,4
1650498968,home-timeline-service,4
1650498968,home-timeline-service,4
1650498968,home-timeline-service,4
1650498969,home-timeline-service,4
1650498970,home-timeline-service,4
1650498970,home-timeline-service,4
1650498970,home-timeline-service,4
1650498971,home-timeline-service,4
1650498971,home-timeline-service,4
1650498972,home-timeline-service,4
1650498972,home-timeline-service,4
1650498973,home-timeline-service,4
1650498973,home-timeline-service,4
1650498974,home-timeline-service,4
1650498975,home-timeline-service,4
1650498975,home-timeline-service,4
1650498976,home-timeline-service,4
1650498976,home-timeline-service,4
1650498977,home-timeline-service,4
1650498978,home-timeline-service,4
1650498978,home-timeline-service,4
1650498979,home-timeline-service,4
1650498979,home-timeline-service,4
1650498979,home-timeline-service,4
1650498980,home-timeline-service,4
1650498980,home-timeline-service,4
1650498981,home-timeline-service,4
1650498982,home-timeline-service,4
1650498983,home-timeline-service,4
1650498983,home-timeline-service,4
1650498983,home-timeline-service,4
1650498984,home-timeline-service,4
1650498985,home-timeline-service,4
1650498986,home-timeline-service,4
1650498986,home-timeline-service,4
1650498986,home-timeline-service,4
1650498987,home-timeline-service,4
1650498988,home-timeline-service,4
1650498988,home-timeline-service,4
1650498989,home-timeline-service,4
1650498989,home-timeline-service,4
1650498990,home-timeline-service,4
1650498991,home-timeline-service,4
1650498991,home-timeline-service,4
1650498992,home-timeline-service,4
1650498993,home-timeline-service,4
1650498994,home-timeline-service,4
1650498995,home-timeline-service,4
1650498995,home-timeline-service,4
1650498995,home-timeline-service,4
1650498996,home-timeline-service,4
1650498997,home-timeline-service,4
1650498997,home-timeline-service,4
1650498998,home-timeline-service,4
1650498999,home-timeline-service,4
1650499000,home-timeline-service,4
1650499001,home-timeline-service,4
1650499001,home-timeline-service,4
1650499002,home-timeline-service,4
1650499003,home-timeline-service,4
1650499003,home-timeline-service,4
1650499004,home-timeline-service,4
1650499004,home-timeline-service,4
1650499005,home-timeline-service,4
1650499005,home-timeline-service,4
1650499006,home-timeline-service,4
1650499007,home-timeline-service,4
1650499007,home-timeline-service,4
1650499008,home-timeline-service,4
1650499008,home-timeline-service,4
1650499009,home-timeline-service,4
1650499010,home-timeline-service,4
1650499010,home-timeline-service,4
1650499011,home-timeline-service,4
1650499012,home-timeline-service,4
1650499013,home-timeline-service,4
1650499013,home-timeline-service,4
1650499013,home-timeline-service,4
1650499014,home-timeline-service,4
1650499015,home-timeline-service,4
1650499016,home-timeline-service,4
1650499017,home-timeline-service,4
1650499018,home-timeline-service,4
1650499019,home-timeline-service,4
1650499019,home-timeline-service,4
1650499020,home-timeline-service,4
1650499020,home-timeline-service,4
1650499021,home-timeline-service,4
1650499021,home-timeline-service,4
1650499022,home-timeline-service,4
1650499023,home-timeline-service,4
