timestamp,cpu_usage_system,cpu_usage_total,cpu_usage_user,memory_usage,memory_working_set,rx_bytes,tx_bytes
1650497582,0.0,0.0010477455,0.0,2.3752450942993164e-05,2.3573637008666992e-05,1894.0,1170.5
1650497583,0.0,0.0010477455,0.0,2.3752450942993164e-05,2.3573637008666992e-05,1894.0,1170.5
1650497584,0.0,0.0010477455,0.0,2.3752450942993164e-05,2.3573637008666992e-05,1894.0,1170.5
1650497585,0.0,0.000779637,0.0,2.3752450942993164e-05,2.3573637008666992e-05,1094.5,1096.5
1650497586,0.0,0.000779637,0.0,2.3752450942993164e-05,2.3573637008666992e-05,1094.5,1096.5
1650497587,0.0,0.0004877365,0.0,2.3752450942993164e-05,2.3573637008666992e-05,1997.0,643.0
1650497588,0.0,0.0004877365,0.0,2.3752450942993164e-05,2.3573637008666992e-05,1997.0,643.0
1650497589,0.0,0.0011098955,0.0,2.3752450942993164e-05,2.3573637008666992e-05,13177.0,1471.5
1650497590,0.0,0.0011098955,0.0,2.3752450942993164e-05,2.3573637008666992e-05,13177.0,1471.5
1650497591,0.0,0.000812394,0.0,2.3752450942993164e-05,2.3573637008666992e-05,1094.5,964.5
1650497592,0.01,0.00156396,0.0,2.3752450942993164e-05,2.3573637008666992e-05,2232.0,1929.0
1650497593,0.01,0.00156396,0.0,2.3752450942993164e-05,2.3573637008666992e-05,2232.0,1929.0
1650497594,0.0,0.00098967,0.0,2.3752450942993164e-05,2.3573637008666992e-05,1387.0,1125.5
1650497595,0.0,0.000965145,0.0,2.3752450942993164e-05,2.3573637008666992e-05,1460.0,1550.0
1650497596,0.0,0.000965145,0.0,2.3752450942993164e-05,2.3573637008666992e-05,1460.0,1550.0
1650497597,0.0,0.0010615245,0.005,2.3752450942993164e-05,2.3573637008666992e-05,1459.5,1352.0
1650497598,0.0,0.0010615245,0.005,2.3752450942993164e-05,2.3573637008666992e-05,1459.5,1352.0
1650497599,0.0,0.0007778835,0.0,2.3752450942993164e-05,2.3573637008666992e-05,922.5,1753.5
1650497600,0.0,0.003017056,0.0,2.3752450942993164e-05,2.3573637008666992e-05,4378.0,3858.0
1650497601,0.0,0.003017056,0.0,2.3752450942993164e-05,2.3573637008666992e-05,4378.0,3858.0
1650497602,0.0,0.000465952,0.0,2.3752450942993164e-05,2.3573637008666992e-05,730.0,643.0
1650497603,0.0,0.000438361,0.0,2.3752450942993164e-05,2.3573637008666992e-05,730.0,643.0
1650497604,0.0,0.000477065,0.0,2.3752450942993164e-05,2.3573637008666992e-05,729.0,643.0
1650497605,0.0,0.002013347,0.0,2.3752450942993164e-05,2.3573637008666992e-05,2733.0,2341.0
1650497606,0.0,0.001075256,0.0,2.3752450942993164e-05,2.3573637008666992e-05,1459.0,1550.0
1650497607,0.0,0.001075256,0.0,2.3752450942993164e-05,2.3573637008666992e-05,1459.0,1550.0
1650497608,0.0,0.0003035345,0.0,2.3752450942993164e-05,2.3573637008666992e-05,364.5,321.5
1650497609,0.0,0.001360994,0.0,2.3752450942993164e-05,2.3573637008666992e-05,1845.0,2410.0
1650497610,0.0,0.000880197,0.0,2.3752450942993164e-05,2.3573637008666992e-05,1459.0,1286.0
1650497611,0.0,0.000880197,0.0,2.3752450942993164e-05,2.3573637008666992e-05,1459.0,1286.0
1650497612,0.0,0.0004551685,0.0,2.3752450942993164e-05,2.3573637008666992e-05,730.0,643.0
1650497613,0.0,0.00131775,0.0,2.3752450942993164e-05,2.3573637008666992e-05,2189.0,1929.0
1650497614,0.0,0.00131775,0.0,2.3752450942993164e-05,2.3573637008666992e-05,2189.0,1929.0
1650497615,0.0,0.0012954825,0.0,2.3752450942993164e-05,2.3573637008666992e-05,1731.5,1426.0
1650497616,0.0,0.000594422,0.0,2.3752450942993164e-05,2.3573637008666992e-05,730.0,775.0
1650497617,0.0,0.001939386,0.0,2.3752450942993164e-05,2.3573637008666992e-05,2920.0,2836.0
1650497618,0.0,0.001939386,0.0,2.3752450942993164e-05,2.3573637008666992e-05,2920.0,2836.0
1650497619,0.0,0.000921699,0.0,2.3752450942993164e-05,2.3573637008666992e-05,1287.5,1461.5
1650497620,0.0,0.000918301,0.0,2.3752450942993164e-05,2.3573637008666992e-05,1460.0,1286.0
1650497621,0.0,0.000918301,0.0,2.3752450942993164e-05,2.3573637008666992e-05,1460.0,1286.0
1650497622,0.0,0.000810021,0.0,2.3752450942993164e-05,2.3573637008666992e-05,1094.0,964.5
1650497623,0.0,0.000467352,0.0,2.3752450942993164e-05,2.3573637008666992e-05,730.0,643.0
1650497624,0.0,0.002121061,0.0,2.3752450942993164e-05,2.3573637008666992e-05,2959.0,2614.0
1650497625,0.0,0.002121061,0.0,2.3752450942993164e-05,2.3573637008666992e-05,2959.0,2614.0
1650497626,0.0,0.0008525125,0.0,2.3752450942993164e-05,2.3573637008666992e-05,1131.5,866.0
1650497627,0.0,0.000973521,0.0,2.3752450942993164e-05,2.3573637008666992e-05,1201.0,1384.0
1650497628,0.0,0.000973521,0.0,2.3752450942993164e-05,2.3573637008666992e-05,1201.0,1384.0
1650497629,0.0,0.000996916,0.005,2.3752450942993164e-05,2.3573637008666992e-05,1287.0,1858.5
1650497630,0.0,0.000933137,0.0,2.3752450942993164e-05,2.3573637008666992e-05,1459.0,1286.0
1650497631,0.0,0.002020899,0.0,2.3752450942993164e-05,2.3573637008666992e-05,2918.0,2572.0
1650497632,0.0,0.002020899,0.0,2.3752450942993164e-05,2.3573637008666992e-05,2918.0,2572.0
1650497633,0.0,0.0002373015,0.0,2.3752450942993164e-05,2.3573637008666992e-05,364.5,321.5
1650497634,0.0,0.001047343,0.0,2.3752450942993164e-05,2.3573637008666992e-05,1460.0,1286.0
1650497635,0.0,0.001047343,0.0,2.3752450942993164e-05,2.3573637008666992e-05,1460.0,1286.0
1650497636,0.0,0.00053629,0.0,2.3752450942993164e-05,2.3573637008666992e-05,729.0,643.0
1650497637,0.0,0.00149268,0.0,2.3752450942993164e-05,2.3573637008666992e-05,2003.0,1566.0
1650497638,0.0,0.00121448,0.0,2.3752450942993164e-05,2.3573637008666992e-05,1457.0,2690.0
1650497639,0.0,0.001398803,0.0,2.3752450942993164e-05,2.3573637008666992e-05,1845.0,1608.0
1650497640,0.0,0.001209487,0.0,2.3752450942993164e-05,2.3573637008666992e-05,1459.0,1286.0
1650497641,0.0,0.000547192,0.0,2.3752450942993164e-05,2.3573637008666992e-05,730.0,643.0
1650497642,0.0,0.000547192,0.0,2.3752450942993164e-05,2.3573637008666992e-05,730.0,643.0
1650497643,0.0,0.0011385265,0.0,2.3752450942993164e-05,2.3573637008666992e-05,1460.0,1286.0
1650497644,0.0,0.0011385265,0.0,2.3752450942993164e-05,2.3573637008666992e-05,1460.0,1286.0
1650497645,0.005,0.000810605,0.0,2.3752450942993164e-05,2.3573637008666992e-05,1095.0,964.5
1650497646,0.0,0.001623409,0.0,2.3752450942993164e-05,2.3573637008666992e-05,2190.0,1929.0
1650497647,0.0,0.001623409,0.0,2.3752450942993164e-05,2.3573637008666992e-05,2190.0,1929.0
1650497648,0.0,0.0008223995,0.005,2.3752450942993164e-05,2.3573637008666992e-05,1002.0,1348.5
1650497649,0.0,0.001360826,0.0,2.3752450942993164e-05,2.3573637008666992e-05,1844.0,1740.0
1650497650,0.0,0.001360826,0.0,2.3752450942993164e-05,2.3573637008666992e-05,1844.0,1740.0
1650497651,0.0,0.000532486,0.0,2.3752450942993164e-05,2.3573637008666992e-05,729.5,709.0
1650497652,0.0,0.001866015,0.0,2.3752450942993164e-05,2.3573637008666992e-05,2920.0,2572.0
1650497653,0.0,0.001866015,0.0,2.3752450942993164e-05,2.3573637008666992e-05,2920.0,2572.0
1650497654,0.0,0.0007049265,0.005,2.3752450942993164e-05,2.3573637008666992e-05,1116.0,985.5
1650497655,0.0,0.0007049265,0.005,2.3752450942993164e-05,2.3573637008666992e-05,1116.0,985.5
1650497656,0.0,0.0008200545,0.0,2.3752450942993164e-05,2.3573637008666992e-05,1094.5,964.5
1650497657,0.0,0.001519788,0.0,2.3752450942993164e-05,2.3573637008666992e-05,2187.0,1929.0
1650497658,0.0,0.001519788,0.0,2.3752450942993164e-05,2.3573637008666992e-05,2187.0,1929.0
1650497659,0.0,0.0011901255,0.0,2.3752450942993164e-05,2.3573637008666992e-05,1559.0,1993.5
1650497660,0.0,0.001680978,0.0,2.3752450942993164e-05,2.3573637008666992e-05,2190.0,2193.0
1650497661,0.0,0.001680978,0.0,2.3752450942993164e-05,2.3573637008666992e-05,2190.0,2193.0
1650497662,0.0,0.00109199,0.0,2.3752450942993164e-05,2.3573637008666992e-05,1459.0,1286.0
1650497663,0.01,0.001713231,0.0,2.3752450942993164e-05,2.3573637008666992e-05,2187.0,1929.0
1650497664,0.01,0.001713231,0.0,2.3752450942993164e-05,2.3573637008666992e-05,2187.0,1929.0
1650497665,0.0,0.0004853305,0.0,2.3752450942993164e-05,2.3573637008666992e-05,730.0,643.0
1650497666,0.0,0.0004853305,0.0,2.3752450942993164e-05,2.3573637008666992e-05,730.0,643.0
1650497667,0.0,0.0007933805,0.0,2.3752450942993164e-05,2.3573637008666992e-05,1095.0,964.5
1650497668,0.0,0.000812917,0.01,2.3752450942993164e-05,2.3573637008666992e-05,988.0,2443.0
1650497669,0.0,0.002781628,0.0,2.3752450942993164e-05,2.3573637008666992e-05,3590.0,3074.0
1650497670,0.0,0.002781628,0.0,2.3752450942993164e-05,2.3573637008666992e-05,3590.0,3074.0
1650497671,0.0,0.000230046,0.0,2.3752450942993164e-05,2.3573637008666992e-05,364.5,387.5
1650497672,0.0,0.001021255,0.0,2.3752450942993164e-05,2.3573637008666992e-05,1460.0,1418.0
1650497673,0.0,0.000518038,0.0,2.3752450942993164e-05,2.3573637008666992e-05,730.0,643.0
1650497674,0.0,0.000518038,0.0,2.3752450942993164e-05,2.3573637008666992e-05,730.0,643.0
1650497675,0.0,0.000543244,0.0,2.3752450942993164e-05,2.3573637008666992e-05,730.0,643.0
1650497676,0.01,0.000962817,0.0,2.3752450942993164e-05,2.3573637008666992e-05,1460.0,1286.0
1650497677,0.01,0.000962817,0.0,2.3752450942993164e-05,2.3573637008666992e-05,1460.0,1286.0
1650497678,0.0,0.000611212,0.0,2.3752450942993164e-05,2.3573637008666992e-05,730.0,1048.0
1650497679,0.0,0.000611212,0.0,2.3752450942993164e-05,2.3573637008666992e-05,730.0,1048.0
1650497680,0.0,0.001304197,0.0,2.3752450942993164e-05,2.3573637008666992e-05,1924.0,1653.0
1650497681,0.0,0.001304197,0.0,2.3752450942993164e-05,2.3573637008666992e-05,1924.0,1653.0
1650497682,0.0,0.0011021795,0.0,2.3752450942993164e-05,2.3573637008666992e-05,1458.5,1352.0
1650497683,0.01,0.000949772,0.0,2.3752450942993164e-05,2.3573637008666992e-05,1459.0,1286.0
1650497684,0.0,0.000884737,0.0,2.3752450942993164e-05,2.3573637008666992e-05,1501.0,1328.0
1650497685,0.0,0.000884737,0.0,2.3752450942993164e-05,2.3573637008666992e-05,1501.0,1328.0
1650497686,0.0,0.0010939,0.0,2.3752450942993164e-05,2.3573637008666992e-05,1459.5,1286.0
1650497687,0.0,0.001137469,0.0,2.3752450942993164e-05,2.3573637008666992e-05,1460.0,1286.0
1650497688,0.0,0.001137469,0.0,2.3752450942993164e-05,2.3573637008666992e-05,1460.0,1286.0
1650497689,0.0,0.000938994,0.0,2.3752450942993164e-05,2.3573637008666992e-05,1286.5,1787.5
1650497690,0.0,0.002022754,0.0,2.3752450942993164e-05,2.3573637008666992e-05,2734.0,2341.0
1650497691,0.0,0.002022754,0.0,2.3752450942993164e-05,2.3573637008666992e-05,2734.0,2341.0
1650497692,0.0,0.000763937,0.0,2.3752450942993164e-05,2.3573637008666992e-05,1094.5,1096.5
1650497693,0.0,0.000895368,0.0,2.3752450942993164e-05,2.3573637008666992e-05,1460.0,1286.0
1650497694,0.0,0.000895368,0.0,2.3752450942993164e-05,2.3573637008666992e-05,1460.0,1286.0
1650497695,0.0,0.000982994,0.0,2.3752450942993164e-05,2.3573637008666992e-05,1459.5,1286.0
1650497696,0.0,0.000982994,0.0,2.3752450942993164e-05,2.3573637008666992e-05,1459.5,1286.0
1650497697,0.0,0.0009790895,0.0,2.3752450942993164e-05,2.3573637008666992e-05,1460.0,1286.0
1650497698,0.0,0.001718012,0.0,2.3752450942993164e-05,2.3573637008666992e-05,2572.0,2497.0
1650497699,0.0,0.001718012,0.0,2.3752450942993164e-05,2.3573637008666992e-05,2572.0,2497.0
1650497700,0.0,0.000600288,0.0,2.3752450942993164e-05,2.3573637008666992e-05,729.5,643.0
1650497701,0.0,0.000720689,0.0,2.339482307434082e-05,2.321600914001465e-05,992.0,643.0
1650497702,0.0,0.002395339,0.0,2.3752450942993164e-05,2.3573637008666992e-05,3200.0,3248.0
1650497703,0.0,0.002395339,0.0,2.3752450942993164e-05,2.3573637008666992e-05,3200.0,3248.0
1650497704,0.0,0.0007871355,0.0,2.3752450942993164e-05,2.3573637008666992e-05,1094.5,964.5
1650497705,0.0,0.001498745,0.0,2.3752450942993164e-05,2.3573637008666992e-05,2189.0,1929.0
1650497706,0.0,0.001498745,0.0,2.3752450942993164e-05,2.3573637008666992e-05,2189.0,1929.0
1650497707,0.0,0.0002669645,0.005,2.3752450942993164e-05,2.3573637008666992e-05,365.0,321.5
1650497708,0.0,0.001946798,0.0,2.3752450942993164e-05,2.3573637008666992e-05,2571.0,3386.0
1650497709,0.0,0.000935251,0.0,2.3752450942993164e-05,2.3573637008666992e-05,1460.0,1286.0
1650497710,0.0,0.000935251,0.0,2.3752450942993164e-05,2.3573637008666992e-05,1460.0,1286.0
1650497711,0.0,0.000729396,0.0,2.3752450942993164e-05,2.3573637008666992e-05,1094.5,964.5
1650497712,0.0,0.002057574,0.0,2.3752450942993164e-05,2.3573637008666992e-05,2733.0,2209.0
1650497713,0.0,0.000537573,0.0,2.3752450942993164e-05,2.3573637008666992e-05,771.0,817.0
1650497714,0.0,0.000574967,0.0,2.3752450942993164e-05,2.3573637008666992e-05,728.0,775.0
1650497715,0.0,0.000574967,0.0,2.3752450942993164e-05,2.3573637008666992e-05,728.0,775.0
1650497716,0.0,0.0010242255,0.0,2.3752450942993164e-05,2.3573637008666992e-05,1459.0,1352.0
1650497717,0.0,0.000935733,0.0,2.3752450942993164e-05,2.3573637008666992e-05,1459.0,1286.0
1650497718,0.0,0.000935733,0.0,2.3752450942993164e-05,2.3573637008666992e-05,1459.0,1286.0
1650497719,0.0,0.0006160275,0.0,2.3752450942993164e-05,2.3573637008666992e-05,988.0,1316.0
1650497720,0.0,0.0006160275,0.0,2.3752450942993164e-05,2.3573637008666992e-05,988.0,1316.0
1650497721,0.0,0.000475724,0.0,2.3752450942993164e-05,2.3573637008666992e-05,730.0,643.0
1650497722,0.0,0.001007491,0.0,2.3752450942993164e-05,2.3573637008666992e-05,1460.0,1286.0
1650497723,0.0,0.001007491,0.0,2.3752450942993164e-05,2.3573637008666992e-05,1460.0,1286.0
1650497724,0.005,0.0010973,0.0,2.3752450942993164e-05,2.3573637008666992e-05,1366.0,1170.5
1650497725,0.005,0.0010973,0.0,2.3752450942993164e-05,2.3573637008666992e-05,1366.0,1170.5
1650497726,0.0,0.000495596,0.0,2.3752450942993164e-05,2.3573637008666992e-05,730.0,775.0
1650497727,0.0,0.000961237,0.0,2.3752450942993164e-05,2.3573637008666992e-05,1460.0,1286.0
1650497728,0.0,0.001249813,0.0,2.3752450942993164e-05,2.3573637008666992e-05,1845.0,2077.0
1650497729,0.0,0.001249813,0.0,2.3752450942993164e-05,2.3573637008666992e-05,1845.0,2077.0
1650497730,0.0,0.000493018,0.0,2.3752450942993164e-05,2.3573637008666992e-05,729.5,643.0
1650497731,0.0,0.001801777,0.0,2.3752450942993164e-05,2.3573637008666992e-05,2188.0,1929.0
1650497732,0.0,0.0005771,0.0,2.3752450942993164e-05,2.3573637008666992e-05,730.0,643.0
1650497733,0.0,0.0005771,0.0,2.3752450942993164e-05,2.3573637008666992e-05,730.0,643.0
1650497734,0.0,0.0015457445,0.0,2.3752450942993164e-05,2.3573637008666992e-05,2096.0,1813.5
1650497735,0.0,0.000468326,0.0,2.3752450942993164e-05,2.3573637008666992e-05,728.0,775.0
1650497736,0.0,0.001085934,0.0,2.3752450942993164e-05,2.3573637008666992e-05,1457.0,1418.0
1650497737,0.0,0.001085934,0.0,2.3752450942993164e-05,2.3573637008666992e-05,1457.0,1418.0
1650497738,0.0,0.000865809,0.0,2.3752450942993164e-05,2.3573637008666992e-05,1095.0,1934.5
1650497739,0.0,0.000865809,0.0,2.3752450942993164e-05,2.3573637008666992e-05,1095.0,1934.5
1650497740,0.0,0.0012778875,0.005,2.3752450942993164e-05,2.3573637008666992e-05,1652.5,1381.0
1650497741,0.0,0.001141339,0.0,2.3752450942993164e-05,2.3573637008666992e-05,1459.0,1286.0
1650497742,0.0,0.001166414,0.0,2.3752450942993164e-05,2.3573637008666992e-05,1460.0,1286.0
1650497743,0.0,0.001166414,0.0,2.3752450942993164e-05,2.3573637008666992e-05,1460.0,1286.0
1650497744,0.005,0.000800319,0.0,2.3752450942993164e-05,2.3573637008666992e-05,1116.0,985.5
1650497745,0.005,0.000800319,0.0,2.3752450942993164e-05,2.3573637008666992e-05,1116.0,985.5
1650497746,0.0,0.0007842915,0.0,2.3752450942993164e-05,2.3573637008666992e-05,1001.0,783.0
1650497747,0.0,0.00209256,0.0,2.3752450942993164e-05,2.3573637008666992e-05,2918.0,2968.0
1650497748,0.0,0.000933701,0.0,2.3752450942993164e-05,2.3573637008666992e-05,1115.0,2668.0
1650497749,0.0,0.000933701,0.0,2.3752450942993164e-05,2.3573637008666992e-05,1115.0,2668.0
1650497750,0.0,0.001280077,0.0,2.3752450942993164e-05,2.3573637008666992e-05,1825.0,1607.5
1650497751,0.0,0.001280077,0.0,2.3752450942993164e-05,2.3573637008666992e-05,1825.0,1607.5
1650497752,0.0,0.0007513405,0.005,2.3752450942993164e-05,2.3573637008666992e-05,1095.0,964.5
1650497753,0.0,0.002175918,0.0,2.3752450942993164e-05,2.3573637008666992e-05,2919.0,2572.0
1650497754,0.0,0.002175918,0.0,2.3752450942993164e-05,2.3573637008666992e-05,2919.0,2572.0
1650497755,0.0,0.000493702,0.0,2.3752450942993164e-05,2.3573637008666992e-05,730.0,643.0
1650497756,0.0,0.002117952,0.0,2.3752450942993164e-05,2.3573637008666992e-05,2731.0,2209.0
1650497757,0.0,0.002117952,0.0,2.3752450942993164e-05,2.3573637008666992e-05,2731.0,2209.0
1650497758,0.0,0.00055148,0.0,2.3752450942993164e-05,2.3573637008666992e-05,730.0,775.0
1650497759,0.0,0.001391506,0.0,2.3752450942993164e-05,2.3573637008666992e-05,1843.0,2978.0
1650497760,0.0,0.001391506,0.0,2.3752450942993164e-05,2.3573637008666992e-05,1843.0,2978.0
1650497761,0.0,0.00081888,0.0,2.3752450942993164e-05,2.3573637008666992e-05,1094.5,964.5
1650497762,0.0,0.00081888,0.0,2.3752450942993164e-05,2.3573637008666992e-05,1094.5,964.5
1650497763,0.005,0.0008068885,0.0,2.3752450942993164e-05,2.3573637008666992e-05,1094.0,964.5
1650497764,0.0,0.000618632,0.0,2.3752450942993164e-05,2.3573637008666992e-05,729.0,643.0
1650497765,0.0,0.001751739,0.0,2.3752450942993164e-05,2.3573637008666992e-05,2189.0,1929.0
1650497766,0.0,0.001601335,0.0,2.3752450942993164e-05,2.3573637008666992e-05,2004.0,1566.0
1650497767,0.0,0.001601335,0.0,2.3752450942993164e-05,2.3573637008666992e-05,2004.0,1566.0
1650497768,0.0,0.000634052,0.0,2.3752450942993164e-05,2.3573637008666992e-05,730.0,1569.5
1650497769,0.0,0.001309783,0.0,2.3752450942993164e-05,2.3573637008666992e-05,1845.0,1608.0
1650497770,0.0,0.001309783,0.0,2.3752450942993164e-05,2.3573637008666992e-05,1845.0,1608.0
1650497771,0.0,0.000763131,0.0,2.3752450942993164e-05,2.3573637008666992e-05,1094.5,964.5
1650497772,0.0,0.00197398,0.0,2.3752450942993164e-05,2.3573637008666992e-05,2920.0,2572.0
1650497773,0.0,0.00197398,0.0,2.3752450942993164e-05,2.3573637008666992e-05,2920.0,2572.0
1650497774,0.005,0.000733435,0.0,2.3752450942993164e-05,2.3573637008666992e-05,1116.0,985.5
1650497775,0.005,0.000733435,0.0,2.3752450942993164e-05,2.3573637008666992e-05,1116.0,985.5
1650497776,0.0,0.001090525,0.005,2.3752450942993164e-05,2.3573637008666992e-05,1458.0,1286.0
1650497777,0.0,0.000634907,0.0,2.339482307434082e-05,2.321600914001465e-05,993.0,643.0
1650497778,0.0,0.000634907,0.0,2.339482307434082e-05,2.321600914001465e-05,993.0,643.0
1650497779,0.0,0.001150031,0.0,2.3752450942993164e-05,2.3573637008666992e-05,1427.0,2010.5
1650497780,0.0,0.001150031,0.0,2.3752450942993164e-05,2.3573637008666992e-05,1427.0,2010.5
1650497781,0.0,0.00075537,0.0,2.3752450942993164e-05,2.3573637008666992e-05,1094.0,1030.5
1650497782,0.0,0.001524766,0.0,2.3752450942993164e-05,2.3573637008666992e-05,2190.0,1929.0
1650497783,0.0,0.001524766,0.0,2.3752450942993164e-05,2.3573637008666992e-05,2190.0,1929.0
1650497784,0.0,0.0007342865,0.0,2.3752450942993164e-05,2.3573637008666992e-05,1094.0,964.5
1650497785,0.0,0.000539323,0.0,2.3752450942993164e-05,2.3573637008666992e-05,730.0,643.0
1650497786,0.0,0.001471195,0.0,2.3752450942993164e-05,2.3573637008666992e-05,2186.0,1929.0
1650497787,0.0,0.000583283,0.0,2.3752450942993164e-05,2.3573637008666992e-05,730.0,643.0
1650497788,0.0,0.000583283,0.0,2.3752450942993164e-05,2.3573637008666992e-05,730.0,643.0
1650497789,0.0,0.000880612,0.0,2.3752450942993164e-05,2.3573637008666992e-05,1194.5,1240.0
1650497790,0.0,0.001573877,0.0,2.3752450942993164e-05,2.3573637008666992e-05,2188.0,2325.0
1650497791,0.0,0.001573877,0.0,2.3752450942993164e-05,2.3573637008666992e-05,2188.0,2325.0
1650497792,0.0,0.000728485,0.0,2.3752450942993164e-05,2.3573637008666992e-05,1094.0,964.5
1650497793,0.0,0.001459693,0.0,2.3752450942993164e-05,2.3573637008666992e-05,2189.0,1929.0
1650497794,0.0,0.001101188,0.0,2.3752450942993164e-05,2.3573637008666992e-05,1460.0,1286.0
1650497795,0.0,0.001031091,0.0,2.3752450942993164e-05,2.3573637008666992e-05,1460.0,1286.0
1650497796,0.0,0.001031091,0.0,2.3752450942993164e-05,2.3573637008666992e-05,1460.0,1286.0
1650497797,0.0,0.000512004,0.0,2.3752450942993164e-05,2.3573637008666992e-05,729.5,643.0
1650497798,0.0,0.000512004,0.0,2.3752450942993164e-05,2.3573637008666992e-05,729.5,643.0
1650497799,0.0,0.0008232835,0.0,2.342462539672852e-05,2.3245811462402344e-05,1053.0,1301.0
1650497800,0.0,0.001327007,0.0,2.3752450942993164e-05,2.3573637008666992e-05,1872.0,1830.0
1650497801,0.0,0.00138816,0.0,2.3752450942993164e-05,2.3573637008666992e-05,2190.0,2193.0
1650497802,0.0,0.001007238,0.0,2.3752450942993164e-05,2.3573637008666992e-05,1459.0,1286.0
1650497803,0.0,0.001007238,0.0,2.3752450942993164e-05,2.3573637008666992e-05,1459.0,1286.0
1650497804,0.0,0.000223228,0.0,2.3752450942993164e-05,2.3573637008666992e-05,386.0,342.5
1650497805,0.0,0.001476157,0.0,2.3752450942993164e-05,2.3573637008666992e-05,2190.0,1929.0
1650497806,0.0,0.001476157,0.0,2.3752450942993164e-05,2.3573637008666992e-05,2190.0,1929.0
1650497807,0.005,0.001505135,0.005,2.3752450942993164e-05,2.3573637008666992e-05,1824.5,1607.5
1650497808,0.0,0.001415161,0.0,2.3752450942993164e-05,2.3573637008666992e-05,1842.0,3173.0
1650497809,0.0,0.001415161,0.0,2.3752450942993164e-05,2.3573637008666992e-05,1842.0,3173.0
1650497810,0.0,0.0005683385,0.0,2.339482307434082e-05,2.321600914001465e-05,861.5,643.0
1650497811,0.0,0.0005683385,0.0,2.339482307434082e-05,2.321600914001465e-05,861.5,643.0
1650497812,0.0,0.000791407,0.0,2.3752450942993164e-05,2.3573637008666992e-05,1234.0,1236.5
1650497813,0.0,0.002125472,0.0,2.3752450942993164e-05,2.3573637008666992e-05,2919.0,2704.0
1650497814,0.0,0.002125472,0.0,2.3752450942993164e-05,2.3573637008666992e-05,2919.0,2704.0
1650497815,0.0,0.000738881,0.0,2.3752450942993164e-05,2.3573637008666992e-05,1095.0,964.5
1650497816,0.0,0.001079769,0.0,2.3752450942993164e-05,2.3573637008666992e-05,1458.0,1286.0
1650497817,0.0,0.000968336,0.0,2.3752450942993164e-05,2.3573637008666992e-05,1460.0,1286.0
1650497818,0.0,0.000809698,0.0,2.3752450942993164e-05,2.3573637008666992e-05,1115.0,1859.0
1650497819,0.0,0.000809698,0.0,2.3752450942993164e-05,2.3573637008666992e-05,1115.0,1859.0
1650497820,0.0,0.00079744,0.0,2.3752450942993164e-05,2.3573637008666992e-05,1094.5,964.5
1650497821,0.0,0.001373318,0.0,2.3752450942993164e-05,2.3573637008666992e-05,2004.0,1566.0
1650497822,0.0,0.001373318,0.0,2.3752450942993164e-05,2.3573637008666992e-05,2004.0,1566.0
1650497823,0.0,0.0010527745,0.0,2.3752450942993164e-05,2.3573637008666992e-05,1459.5,1484.0
1650497824,0.0,0.000529416,0.0,2.3752450942993164e-05,2.3573637008666992e-05,729.0,643.0
1650497825,0.0,0.000529416,0.0,2.3752450942993164e-05,2.3573637008666992e-05,729.0,643.0
1650497826,0.0,0.0011913005,0.0,2.3752450942993164e-05,2.3573637008666992e-05,1824.0,1607.5
1650497827,0.0,0.000979097,0.0,2.3752450942993164e-05,2.3573637008666992e-05,1457.0,1286.0
1650497828,0.0,0.000979097,0.0,2.3752450942993164e-05,2.3573637008666992e-05,1457.0,1286.0
1650497829,0.005,0.0006591125,0.0,2.3752450942993164e-05,2.3573637008666992e-05,922.5,1148.5
1650497830,0.0,0.0011062,0.0,2.3752450942993164e-05,2.3573637008666992e-05,1458.0,1286.0
1650497831,0.0,0.0011062,0.0,2.3752450942993164e-05,2.3573637008666992e-05,1458.0,1286.0
1650497832,0.0,0.0014978265,0.0,2.3752450942993164e-05,2.3573637008666992e-05,2096.5,1813.5
1650497833,0.0,0.0014978265,0.0,2.3752450942993164e-05,2.3573637008666992e-05,2096.5,1813.5
1650497834,0.0,0.000682638,0.0,2.3752450942993164e-05,2.3573637008666992e-05,1005.5,1017.5
1650497835,0.0,0.001226371,0.0,2.3752450942993164e-05,2.3573637008666992e-05,1635.0,1444.0
1650497836,0.0,0.001226371,0.0,2.3752450942993164e-05,2.3573637008666992e-05,1635.0,1444.0
1650497837,0.0,0.000788958,0.0,2.3752450942993164e-05,2.3573637008666992e-05,1093.5,964.5
1650497838,0.0,0.00153003,0.0,2.3752450942993164e-05,2.3573637008666992e-05,1844.0,3083.0
1650497839,0.0,0.00153003,0.0,2.3752450942993164e-05,2.3573637008666992e-05,1844.0,3083.0
1650497840,0.0,0.0005364875,0.0,2.3752450942993164e-05,2.3573637008666992e-05,729.0,643.0
1650497841,0.0,0.00142429,0.0,2.3752450942993164e-05,2.3573637008666992e-05,2190.0,1929.0
1650497842,0.01,0.001980445,0.0,2.3752450942993164e-05,2.3573637008666992e-05,2733.0,2209.0
1650497843,0.01,0.001980445,0.0,2.3752450942993164e-05,2.3573637008666992e-05,2733.0,2209.0
1650497844,0.0,0.000780833,0.0,2.3752450942993164e-05,2.3573637008666992e-05,1094.5,1162.5
1650497845,0.0,0.000780833,0.0,2.3752450942993164e-05,2.3573637008666992e-05,1094.5,1162.5
1650497846,0.0,0.000713245,0.0,2.3752450942993164e-05,2.3573637008666992e-05,1095.0,964.5
1650497847,0.0,0.000713245,0.0,2.3752450942993164e-05,2.3573637008666992e-05,1095.0,964.5
1650497848,0.0,0.000511105,0.0,2.3752450942993164e-05,2.3573637008666992e-05,729.5,643.0
1650497849,0.0,0.000511105,0.0,2.3752450942993164e-05,2.3573637008666992e-05,729.5,643.0
1650497850,0.0,0.0011431035,0.0,2.3752450942993164e-05,2.3573637008666992e-05,1651.5,1629.5
1650497851,0.0,0.001462935,0.0,2.3752450942993164e-05,2.3573637008666992e-05,2188.0,1929.0
1650497852,0.0,0.001462935,0.0,2.3752450942993164e-05,2.3573637008666992e-05,2188.0,1929.0
1650497853,0.0,0.0011261475,0.0,2.3752450942993164e-05,2.3573637008666992e-05,1366.0,1104.5
1650497854,0.0,0.0011261475,0.0,2.3752450942993164e-05,2.3573637008666992e-05,1366.0,1104.5
1650497855,0.0,0.0006225465,0.0,2.3752450942993164e-05,2.3573637008666992e-05,729.0,775.0
1650497856,0.0,0.001051471,0.01,2.3752450942993164e-05,2.3573637008666992e-05,1459.0,1418.0
1650497857,0.0,0.001051471,0.01,2.3752450942993164e-05,2.3573637008666992e-05,1459.0,1418.0
1650497858,0.0,0.000878998,0.0,2.3752450942993164e-05,2.3573637008666992e-05,1286.0,1733.5
1650497859,0.0,0.000878998,0.0,2.3752450942993164e-05,2.3573637008666992e-05,1286.0,1733.5
1650497860,0.0,0.0012030205,0.0,2.3752450942993164e-05,2.3573637008666992e-05,1822.5,1607.5
1650497861,0.0,0.0012030205,0.0,2.3752450942993164e-05,2.3573637008666992e-05,1822.5,1607.5
1650497862,0.0,0.000863129,0.0,2.3752450942993164e-05,2.3573637008666992e-05,1093.5,964.5
1650497863,0.0,0.000464765,0.0,2.3752450942993164e-05,2.3573637008666992e-05,772.0,685.0
1650497864,0.0,0.000464765,0.0,2.3752450942993164e-05,2.3573637008666992e-05,772.0,685.0
1650497865,0.0,0.0013064295,0.005,2.3752450942993164e-05,2.3573637008666992e-05,1730.5,1558.0
1650497866,0.0,0.000977232,0.0,2.3752450942993164e-05,2.3573637008666992e-05,1460.0,1418.0
1650497867,0.0,0.001046209,0.0,2.3752450942993164e-05,2.3573637008666992e-05,1460.0,1286.0
1650497868,0.0,0.001046209,0.0,2.3752450942993164e-05,2.3573637008666992e-05,1460.0,1286.0
1650497869,0.0,0.001302021,0.0,2.3752450942993164e-05,2.3573637008666992e-05,2017.0,2430.5
1650497870,0.0,0.001302021,0.0,2.3752450942993164e-05,2.3573637008666992e-05,2017.0,2430.5
1650497871,0.005,0.000774593,0.0,2.3752450942993164e-05,2.3573637008666992e-05,1094.5,964.5
1650497872,0.005,0.000774593,0.0,2.3752450942993164e-05,2.3573637008666992e-05,1094.5,964.5
1650497873,0.0,0.0005326125,0.0,2.3752450942993164e-05,2.3573637008666992e-05,730.0,643.0
1650497874,0.0,0.001610362,0.0,2.3752450942993164e-05,2.3573637008666992e-05,2190.0,1929.0
1650497875,0.0,0.001838039,0.0,2.3752450942993164e-05,2.3573637008666992e-05,2734.0,2341.0
1650497876,0.0,0.001838039,0.0,2.3752450942993164e-05,2.3573637008666992e-05,2734.0,2341.0
1650497877,0.0,0.0004651425,0.0,2.3752450942993164e-05,2.3573637008666992e-05,730.0,775.0
1650497878,0.0,0.001098802,0.0,2.3752450942993164e-05,2.3573637008666992e-05,1460.0,2306.0
1650497879,0.0,0.000770372,0.0,2.3752450942993164e-05,2.3573637008666992e-05,1114.0,833.0
1650497880,0.0,0.000770372,0.0,2.3752450942993164e-05,2.3573637008666992e-05,1114.0,833.0
1650497881,0.0,0.0002321445,0.0,2.3752450942993164e-05,2.3573637008666992e-05,365.0,321.5
1650497882,0.0,0.001119089,0.0,2.3752450942993164e-05,2.3573637008666992e-05,1458.0,1286.0
1650497883,0.0,0.000966324,0.0,2.3752450942993164e-05,2.3573637008666992e-05,1459.0,1286.0
1650497884,0.0,0.001089242,0.0,2.3752450942993164e-05,2.3573637008666992e-05,1459.0,1286.0
1650497885,0.0,0.001334071,0.0,2.339482307434082e-05,2.321600914001465e-05,1721.0,1286.0
1650497886,0.0,0.001334071,0.0,2.339482307434082e-05,2.321600914001465e-05,1721.0,1286.0
1650497887,0.0,0.00091952,0.0,2.3752450942993164e-05,2.3573637008666992e-05,1235.0,1236.5
1650497888,0.0,0.00091952,0.0,2.3752450942993164e-05,2.3573637008666992e-05,1235.0,1236.5
1650497889,0.0,0.0009287795,0.0,2.3752450942993164e-05,2.3573637008666992e-05,1287.5,1745.5
1650497890,0.0,0.001166537,0.0,2.3752450942993164e-05,2.3573637008666992e-05,1458.0,1286.0
1650497891,0.0,0.001166537,0.0,2.3752450942993164e-05,2.3573637008666992e-05,1458.0,1286.0
1650497892,0.0,0.0008083435,0.0,2.3752450942993164e-05,2.3573637008666992e-05,1094.0,964.5
1650497893,0.0,0.001082638,0.0,2.3752450942993164e-05,2.3573637008666992e-05,1460.0,1286.0
1650497894,0.0,0.001082638,0.0,2.3752450942993164e-05,2.3573637008666992e-05,1460.0,1286.0
1650497895,0.0,0.0010368225,0.005,2.3752450942993164e-05,2.3573637008666992e-05,1460.0,1286.0
1650497896,0.0,0.001082991,0.0,2.3752450942993164e-05,2.3573637008666992e-05,1459.0,1286.0
1650497897,0.0,0.001548488,0.0,2.3752450942993164e-05,2.3573637008666992e-05,2002.0,1566.0
1650497898,0.0,0.001548488,0.0,2.3752450942993164e-05,2.3573637008666992e-05,2002.0,1566.0
1650497899,0.0,0.000724113,0.0,2.3752450942993164e-05,2.3573637008666992e-05,922.0,1495.0
1650497900,0.0,0.000647384,0.0,2.3752450942993164e-05,2.3573637008666992e-05,730.0,775.0
1650497901,0.0,0.001121333,0.0,2.3752450942993164e-05,2.3573637008666992e-05,1460.0,1286.0
1650497902,0.0,0.000468071,0.0,2.3752450942993164e-05,2.3573637008666992e-05,729.0,643.0
1650497903,0.0,0.001553575,0.0,2.3752450942993164e-05,2.3573637008666992e-05,2190.0,1929.0
1650497904,0.0,0.001553575,0.0,2.3752450942993164e-05,2.3573637008666992e-05,2190.0,1929.0
1650497905,0.005,0.0007951435,0.0,2.3752450942993164e-05,2.3573637008666992e-05,1094.0,964.5
1650497906,0.005,0.0007951435,0.0,2.3752450942993164e-05,2.3573637008666992e-05,1094.0,964.5
1650497907,0.0,0.000953843,0.0,2.3752450942993164e-05,2.3573637008666992e-05,1224.5,1014.5
1650497908,0.0,0.002167634,0.0,2.3752450942993164e-05,2.3573637008666992e-05,2860.0,3762.0
1650497909,0.0,0.002167634,0.0,2.3752450942993164e-05,2.3573637008666992e-05,2860.0,3762.0
1650497910,0.0,0.001015304,0.0,2.3752450942993164e-05,2.3573637008666992e-05,1458.5,1484.0
1650497911,0.0,0.001015304,0.0,2.3752450942993164e-05,2.3573637008666992e-05,1458.5,1484.0
1650497912,0.005,0.0007835725,0.005,2.3752450942993164e-05,2.3573637008666992e-05,1094.0,964.5
1650497913,0.005,0.0007835725,0.005,2.3752450942993164e-05,2.3573637008666992e-05,1094.0,964.5
1650497914,0.0,0.0007604705,0.0,2.3752450942993164e-05,2.3573637008666992e-05,1095.0,964.5
1650497915,0.0,0.000555126,0.0,2.3752450942993164e-05,2.3573637008666992e-05,729.0,643.0
1650497916,0.0,0.000555126,0.0,2.3752450942993164e-05,2.3573637008666992e-05,729.0,643.0
1650497917,0.0,0.0009977315,0.0,2.3752450942993164e-05,2.3573637008666992e-05,1459.5,1286.0
1650497918,0.0,0.001386773,0.0,2.35140323638916e-05,2.333521842956543e-05,1723.0,2320.0
1650497919,0.0,0.001386773,0.0,2.35140323638916e-05,2.333521842956543e-05,1723.0,2320.0
1650497920,0.0,0.0012442745,0.0,2.3752450942993164e-05,2.3573637008666992e-05,1792.0,1719.0
1650497921,0.0,0.001038797,0.01,2.3752450942993164e-05,2.3573637008666992e-05,1459.0,1286.0
1650497922,0.0,0.001519739,0.0,2.3752450942993164e-05,2.3573637008666992e-05,2189.0,1929.0
1650497923,0.0,0.001519739,0.0,2.3752450942993164e-05,2.3573637008666992e-05,2189.0,1929.0
1650497924,0.0,0.0006385535,0.0,2.3752450942993164e-05,2.3573637008666992e-05,750.0,664.0
1650497925,0.0,0.000936067,0.0,2.3752450942993164e-05,2.3573637008666992e-05,1460.0,1286.0
1650497926,0.0,0.000936067,0.0,2.3752450942993164e-05,2.3573637008666992e-05,1460.0,1286.0
1650497927,0.005,0.0012369595,0.0,2.3752450942993164e-05,2.3573637008666992e-05,1824.0,1607.5
1650497928,0.005,0.0012369595,0.0,2.3752450942993164e-05,2.3573637008666992e-05,1824.0,1607.5
1650497929,0.0,0.0010471755,0.0,2.339482307434082e-05,2.321600914001465e-05,1418.5,2180.5
1650497930,0.0,0.002925668,0.0,2.3752450942993164e-05,2.3573637008666992e-05,3927.0,3891.0
1650497931,0.0,0.002925668,0.0,2.3752450942993164e-05,2.3573637008666992e-05,3927.0,3891.0
1650497932,0.0,0.000523625,0.0,2.3752450942993164e-05,2.3573637008666992e-05,729.5,643.0
1650497933,0.0,0.001505984,0.0,2.3752450942993164e-05,2.3573637008666992e-05,2190.0,1929.0
1650497934,0.0,0.001582844,0.0,2.3752450942993164e-05,2.3573637008666992e-05,2186.0,1929.0
1650497935,0.0,0.001150825,0.0,2.3752450942993164e-05,2.3573637008666992e-05,1459.0,1286.0
1650497936,0.0,0.001150825,0.0,2.3752450942993164e-05,2.3573637008666992e-05,1459.0,1286.0
1650497937,0.0,0.0008125465,0.0,2.3752450942993164e-05,2.3573637008666992e-05,1094.0,964.5
1650497938,0.0,0.0008125465,0.0,2.3752450942993164e-05,2.3573637008666992e-05,1094.0,964.5
1650497939,0.0,0.000572725,0.0,2.3752450942993164e-05,2.3573637008666992e-05,686.5,1477.5
1650497940,0.0,0.001059514,0.0,2.339482307434082e-05,2.321600914001465e-05,1464.0,1186.0
1650497941,0.0,0.00173511,0.0,2.3752450942993164e-05,2.3573637008666992e-05,2469.0,2473.0
1650497942,0.0,0.000538995,0.0,2.3752450942993164e-05,2.3573637008666992e-05,730.0,775.0
1650497943,0.0,0.000538995,0.0,2.3752450942993164e-05,2.3573637008666992e-05,730.0,775.0
1650497944,0.0,0.0007838485,0.0,2.3752450942993164e-05,2.3573637008666992e-05,1095.0,964.5
1650497945,0.0,0.0007838485,0.0,2.3752450942993164e-05,2.3573637008666992e-05,1095.0,964.5
1650497946,0.0,0.00083279,0.0,2.3752450942993164e-05,2.3573637008666992e-05,1095.0,964.5
1650497947,0.01,0.001458988,0.0,2.3752450942993164e-05,2.3573637008666992e-05,2190.0,1929.0
1650497948,0.0,0.000685534,0.01,2.3752450942993164e-05,2.3573637008666992e-05,730.0,1986.0
1650497949,0.0,0.000685534,0.01,2.3752450942993164e-05,2.3573637008666992e-05,730.0,1986.0
1650497950,0.0,0.0003822745,0.0,2.3752450942993164e-05,2.3573637008666992e-05,557.5,416.5
1650497951,0.0,0.001993722,0.0,2.3752450942993164e-05,2.3573637008666992e-05,2732.0,2341.0
1650497952,0.0,0.001993722,0.0,2.3752450942993164e-05,2.3573637008666992e-05,2732.0,2341.0
1650497953,0.0,0.001018225,0.005,2.3752450942993164e-05,2.3573637008666992e-05,1459.5,1418.0
1650497954,0.0,0.001018225,0.005,2.3752450942993164e-05,2.3573637008666992e-05,1459.5,1418.0
1650497955,0.0,0.0002457435,0.0,2.3752450942993164e-05,2.3573637008666992e-05,365.0,321.5
1650497956,0.0,0.001446698,0.0,2.3752450942993164e-05,2.3573637008666992e-05,2186.0,1929.0
1650497957,0.0,0.001446698,0.0,2.3752450942993164e-05,2.3573637008666992e-05,2186.0,1929.0
1650497958,0.0,0.000940634,0.0,2.3752450942993164e-05,2.3573637008666992e-05,1460.0,1286.0
1650497959,0.0,0.00197082,0.0,2.3752450942993164e-05,2.3573637008666992e-05,2574.0,2936.0
1650497960,0.0,0.00197082,0.0,2.3752450942993164e-05,2.3573637008666992e-05,2574.0,2936.0
1650497961,0.0,0.0008901935,0.0,2.339482307434082e-05,2.321600914001465e-05,1226.0,964.5
1650497962,0.0,0.002199311,0.0,2.3752450942993164e-05,2.3573637008666992e-05,2727.0,2639.0
1650497963,0.0,0.000774265,0.0,2.3752450942993164e-05,2.3573637008666992e-05,1200.0,1252.0
1650497964,0.0,0.000774265,0.0,2.3752450942993164e-05,2.3573637008666992e-05,1200.0,1252.0
1650497965,0.0,0.000534779,0.0,2.3752450942993164e-05,2.3573637008666992e-05,729.5,643.0
1650497966,0.0,0.002584479,0.0,2.3752450942993164e-05,2.3573637008666992e-05,3648.0,3215.0
1650497967,0.0,0.002584479,0.0,2.3752450942993164e-05,2.3573637008666992e-05,3648.0,3215.0
1650497968,0.0,0.001692625,0.0,2.3752450942993164e-05,2.3573637008666992e-05,2189.5,3159.5
1650497969,0.0,0.000748859,0.0,2.3752450942993164e-05,2.3573637008666992e-05,1115.0,833.0
1650497970,0.0,0.000748859,0.0,2.3752450942993164e-05,2.3573637008666992e-05,1115.0,833.0
1650497971,0.0,0.0007307235,0.0,2.3752450942993164e-05,2.3573637008666992e-05,1094.5,964.5
1650497972,0.0,0.0007307235,0.0,2.3752450942993164e-05,2.3573637008666992e-05,1094.5,964.5
1650497973,0.0,0.0007393705,0.0,2.3752450942993164e-05,2.3573637008666992e-05,1098.5,783.0
1650497974,0.0,0.002430958,0.0,2.3752450942993164e-05,2.3573637008666992e-05,3455.0,3611.0
1650497975,0.0,0.00142818,0.0,2.3752450942993164e-05,2.3573637008666992e-05,2190.0,1929.0
1650497976,0.0,0.00142818,0.0,2.3752450942993164e-05,2.3573637008666992e-05,2190.0,1929.0
1650497977,0.0,0.000254879,0.0,2.3752450942993164e-05,2.3573637008666992e-05,365.0,321.5
1650497978,0.01,0.001606977,0.0,2.3752450942993164e-05,2.3573637008666992e-05,1844.0,1757.0
1650497979,0.01,0.001606977,0.0,2.3752450942993164e-05,2.3573637008666992e-05,1844.0,1757.0
1650497980,0.0,0.000552709,0.0,2.3752450942993164e-05,2.3573637008666992e-05,729.0,643.0
1650497981,0.0,0.001020616,0.0,2.3752450942993164e-05,2.3573637008666992e-05,1459.0,1286.0
1650497982,0.0,0.001020616,0.0,2.3752450942993164e-05,2.3573637008666992e-05,1459.0,1286.0
1650497983,0.0,0.000876672,0.0,2.339482307434082e-05,2.321600914001465e-05,1247.0,985.5
1650497984,0.0,0.001940663,0.0,2.3752450942993164e-05,2.3573637008666992e-05,2469.0,2473.0
1650497985,0.0,0.001652497,0.0,2.3752450942993164e-05,2.3573637008666992e-05,2188.0,2061.0
1650497986,0.0,0.001652497,0.0,2.3752450942993164e-05,2.3573637008666992e-05,2188.0,2061.0
1650497987,0.0,0.000765344,0.0,2.3752450942993164e-05,2.3573637008666992e-05,1094.5,964.5
1650497988,0.0,0.000824327,0.0,2.3752450942993164e-05,2.3573637008666992e-05,1114.0,2841.0
1650497989,0.0,0.000824327,0.0,2.3752450942993164e-05,2.3573637008666992e-05,1114.0,2841.0
1650497990,0.005,0.000524842,0.0,2.3752450942993164e-05,2.3573637008666992e-05,730.0,643.0
1650497991,0.0,0.001914423,0.0,2.3752450942993164e-05,2.3573637008666992e-05,2919.0,2572.0
1650497992,0.0,0.001721177,0.01,2.3752450942993164e-05,2.3573637008666992e-05,2187.0,1929.0
1650497993,0.0,0.001721177,0.01,2.3752450942993164e-05,2.3573637008666992e-05,2187.0,1929.0
1650497994,0.0,0.0008235945,0.0,2.3573637008666992e-05,2.339482307434082e-05,1061.0,763.0
1650497995,0.0,0.0008235945,0.0,2.3573637008666992e-05,2.339482307434082e-05,1061.0,763.0
1650497996,0.0,0.000693107,0.0,2.3752450942993164e-05,2.3573637008666992e-05,1035.5,1116.5
1650497997,0.0,0.000693107,0.0,2.3752450942993164e-05,2.3573637008666992e-05,1035.5,1116.5
1650497998,0.0,0.0010295335,0.0,2.3752450942993164e-05,2.3573637008666992e-05,1460.0,1923.5
1650497999,0.0,0.0010295335,0.0,2.3752450942993164e-05,2.3573637008666992e-05,1460.0,1923.5
1650498000,0.0,0.000588018,0.0,2.3752450942993164e-05,2.3573637008666992e-05,922.5,738.0
1650498001,0.0,0.001555383,0.0,2.3752450942993164e-05,2.3573637008666992e-05,2190.0,1929.0
1650498002,0.0,0.001555383,0.0,2.3752450942993164e-05,2.3573637008666992e-05,2190.0,1929.0
1650498003,0.0,0.000495516,0.0,2.3752450942993164e-05,2.3573637008666992e-05,729.0,643.0
1650498004,0.0,0.000495516,0.0,2.3752450942993164e-05,2.3573637008666992e-05,729.0,643.0
1650498005,0.0,0.000830305,0.0,2.339482307434082e-05,2.321600914001465e-05,1227.0,964.5
1650498006,0.0,0.001300307,0.0,2.3752450942993164e-05,2.3573637008666992e-05,1740.0,1698.0
1650498007,0.0,0.001300307,0.0,2.3752450942993164e-05,2.3573637008666992e-05,1740.0,1698.0
1650498008,0.0,0.0011865555,0.0,2.3752450942993164e-05,2.3573637008666992e-05,1824.5,1739.5
1650498009,0.0,0.001346175,0.0,2.3752450942993164e-05,2.3573637008666992e-05,1844.0,1976.0
1650498010,0.0,0.001346175,0.0,2.3752450942993164e-05,2.3573637008666992e-05,1844.0,1976.0
1650498011,0.0,0.0012213235,0.0,2.3752450942993164e-05,2.3573637008666992e-05,1824.5,1607.5
1650498012,0.0,0.001028866,0.0,2.3752450942993164e-05,2.3573637008666992e-05,1459.0,1286.0
1650498013,0.0,0.001028866,0.0,2.3752450942993164e-05,2.3573637008666992e-05,1459.0,1286.0
1650498014,0.0,0.000532141,0.0,2.3752450942993164e-05,2.3573637008666992e-05,728.5,643.0
1650498015,0.0,0.001922932,0.0,2.339482307434082e-05,2.321600914001465e-05,2452.0,1929.0
1650498016,0.0,0.001922932,0.0,2.339482307434082e-05,2.321600914001465e-05,2452.0,1929.0
1650498017,0.0,0.0005027615,0.0,2.3752450942993164e-05,2.3573637008666992e-05,504.5,461.5
1650498018,0.0,0.001311988,0.0,2.3752450942993164e-05,2.3573637008666992e-05,1460.0,2590.0
1650498019,0.0,0.001389636,0.0,2.3752450942993164e-05,2.3573637008666992e-05,1844.0,1608.0
1650498020,0.0,0.000473225,0.0,2.3752450942993164e-05,2.3573637008666992e-05,730.0,643.0
1650498021,0.0,0.000473225,0.0,2.3752450942993164e-05,2.3573637008666992e-05,730.0,643.0
1650498022,0.0,0.0014708295,0.0,2.3752450942993164e-05,2.3573637008666992e-05,2189.0,1929.0
1650498023,0.0,0.0014708295,0.0,2.3752450942993164e-05,2.3573637008666992e-05,2189.0,1929.0
1650498024,0.005,0.0011279645,0.005,2.3752450942993164e-05,2.3573637008666992e-05,1459.5,1286.0
1650498025,0.0,0.001011864,0.0,2.3752450942993164e-05,2.3573637008666992e-05,1460.0,1286.0
1650498026,0.0,0.001011864,0.0,2.3752450942993164e-05,2.3573637008666992e-05,1460.0,1286.0
1650498027,0.0,0.0009261405,0.0,2.339482307434082e-05,2.321600914001465e-05,1226.0,964.5
1650498028,0.0,0.001664691,0.0,2.3752450942993164e-05,2.3573637008666992e-05,2122.0,3718.0
1650498029,0.0,0.001664691,0.0,2.3752450942993164e-05,2.3573637008666992e-05,2122.0,3718.0
1650498030,0.0,0.000669368,0.0,2.3752450942993164e-05,2.3573637008666992e-05,1161.0,1162.5
1650498031,0.0,0.000932304,0.0,2.3752450942993164e-05,2.3573637008666992e-05,1460.0,1286.0
1650498032,0.0,0.001458352,0.0,2.3752450942993164e-05,2.3573637008666992e-05,2190.0,1929.0
1650498033,0.0,0.001458352,0.0,2.3752450942993164e-05,2.3573637008666992e-05,2190.0,1929.0
1650498034,0.0,0.0013886255,0.0,2.3752450942993164e-05,2.3573637008666992e-05,1823.5,1607.5
1650498035,0.0,0.0013886255,0.0,2.3752450942993164e-05,2.3573637008666992e-05,1823.5,1607.5
1650498036,0.0,0.0005157,0.0,2.3752450942993164e-05,2.3573637008666992e-05,729.5,643.0
1650498037,0.0,0.0005157,0.0,2.3752450942993164e-05,2.3573637008666992e-05,729.5,643.0
1650498038,0.0,0.001219246,0.0,2.339482307434082e-05,2.321600914001465e-05,1590.0,2084.0
1650498039,0.0,0.001755231,0.0,2.3752450942993164e-05,2.3573637008666992e-05,2125.0,1888.0
1650498040,0.0,0.001755231,0.0,2.3752450942993164e-05,2.3573637008666992e-05,2125.0,1888.0
1650498041,0.005,0.0012144485,0.0,2.3752450942993164e-05,2.3573637008666992e-05,1823.0,1739.5
1650498042,0.0,0.00151332,0.0,2.3752450942993164e-05,2.3573637008666992e-05,2189.0,1929.0
1650498043,0.0,0.00151332,0.0,2.3752450942993164e-05,2.3573637008666992e-05,2189.0,1929.0
1650498044,0.0,0.000816054,0.0,2.3752450942993164e-05,2.3573637008666992e-05,1113.5,985.5
1650498045,0.0,0.000449153,0.0,2.3752450942993164e-05,2.3573637008666992e-05,729.0,643.0
1650498046,0.0,0.000449153,0.0,2.3752450942993164e-05,2.3573637008666992e-05,729.0,643.0
1650498047,0.0,0.0005134745,0.0,2.3752450942993164e-05,2.3573637008666992e-05,729.5,643.0
1650498048,0.0,0.000991413,0.0,2.3752450942993164e-05,2.3573637008666992e-05,1460.0,2436.0
1650498049,0.0,0.000991413,0.0,2.3752450942993164e-05,2.3573637008666992e-05,1460.0,2436.0
1650498050,0.0,0.001371629,0.0,2.3752450942993164e-05,2.3573637008666992e-05,1924.0,1587.0
1650498051,0.0,0.002123868,0.01,2.3752450942993164e-05,2.3573637008666992e-05,2920.0,2836.0
1650498052,0.0,0.002123868,0.01,2.3752450942993164e-05,2.3573637008666992e-05,2920.0,2836.0
1650498053,0.0,0.000789807,0.0,2.3752450942993164e-05,2.3573637008666992e-05,1093.0,964.5
1650498054,0.0,0.00189926,0.0,2.3752450942993164e-05,2.3573637008666992e-05,2918.0,2572.0
1650498055,0.0,0.00189926,0.0,2.3752450942993164e-05,2.3573637008666992e-05,2918.0,2572.0
1650498056,0.0,0.000972636,0.0,2.3752450942993164e-05,2.3573637008666992e-05,1458.5,1286.0
1650498057,0.0,0.001036022,0.0,2.3752450942993164e-05,2.3573637008666992e-05,1460.0,1286.0
1650498058,0.0,0.000914158,0.0,2.3752450942993164e-05,2.3573637008666992e-05,1115.0,2284.0
1650498059,0.0,0.000914158,0.0,2.3752450942993164e-05,2.3573637008666992e-05,1115.0,2284.0
1650498060,0.0,0.001488085,0.0,2.3752450942993164e-05,2.3573637008666992e-05,2097.0,1813.5
1650498061,0.0,0.001488085,0.0,2.3752450942993164e-05,2.3573637008666992e-05,2097.0,1813.5
1650498062,0.0,0.0007270315,0.0,2.3752450942993164e-05,2.3573637008666992e-05,1095.0,1096.5
1650498063,0.0,0.001114778,0.0,2.3752450942993164e-05,2.3573637008666992e-05,1458.0,1286.0
1650498064,0.0,0.001114778,0.0,2.3752450942993164e-05,2.3573637008666992e-05,1458.0,1286.0
1650498065,0.0,0.0007690105,0.0,2.3752450942993164e-05,2.3573637008666992e-05,1094.5,964.5
1650498066,0.0,0.00163774,0.0,2.3752450942993164e-05,2.3573637008666992e-05,2190.0,1929.0
1650498067,0.0,0.00163774,0.0,2.3752450942993164e-05,2.3573637008666992e-05,2190.0,1929.0
1650498068,0.0,0.000337757,0.0,2.3752450942993164e-05,2.3573637008666992e-05,365.0,941.0
1650498069,0.0,0.000337757,0.0,2.3752450942993164e-05,2.3573637008666992e-05,365.0,941.0
1650498070,0.0,0.001171551,0.0,2.35140323638916e-05,2.333521842956543e-05,1784.5,1381.0
1650498071,0.0,0.001171551,0.0,2.35140323638916e-05,2.333521842956543e-05,1784.5,1381.0
1650498072,0.0,0.0006865795,0.0,2.3752450942993164e-05,2.3573637008666992e-05,869.5,849.0
1650498073,0.0,0.000968771,0.0,2.3752450942993164e-05,2.3573637008666992e-05,1460.0,1550.0
1650498074,0.0,0.001000562,0.0,2.3752450942993164e-05,2.3573637008666992e-05,1459.0,1286.0
1650498075,0.0,0.001082456,0.0,2.3752450942993164e-05,2.3573637008666992e-05,1457.0,1286.0
1650498076,0.0,0.001082456,0.0,2.3752450942993164e-05,2.3573637008666992e-05,1457.0,1286.0
1650498077,0.0,0.0005082115,0.0,2.3752450942993164e-05,2.3573637008666992e-05,729.5,643.0
1650498078,0.0,0.002078904,0.0,2.3752450942993164e-05,2.3573637008666992e-05,2574.0,2709.0
1650498079,0.0,0.002078904,0.0,2.3752450942993164e-05,2.3573637008666992e-05,2574.0,2709.0
1650498080,0.0,0.0004708705,0.0,2.3752450942993164e-05,2.3573637008666992e-05,730.0,643.0
1650498081,0.0,0.0004708705,0.0,2.3752450942993164e-05,2.3573637008666992e-05,730.0,643.0
1650498082,0.0,0.001261928,0.0,2.3752450942993164e-05,2.3573637008666992e-05,1730.5,1426.0
1650498083,0.0,0.000927001,0.0,2.3752450942993164e-05,2.3573637008666992e-05,1458.0,1550.0
1650498084,0.0,0.000947175,0.0,2.3752450942993164e-05,2.3573637008666992e-05,1460.0,1418.0
1650498085,0.0,0.000947175,0.0,2.3752450942993164e-05,2.3573637008666992e-05,1460.0,1418.0
1650498086,0.0,0.001017764,0.0,2.3752450942993164e-05,2.3573637008666992e-05,1459.0,1286.0
1650498087,0.0,0.001017764,0.0,2.3752450942993164e-05,2.3573637008666992e-05,1459.0,1286.0
1650498088,0.0,0.000711565,0.0,2.3752450942993164e-05,2.3573637008666992e-05,922.0,1301.5
1650498089,0.0,0.000711565,0.0,2.3752450942993164e-05,2.3573637008666992e-05,922.0,1301.5
1650498090,0.0,0.0005793465,0.0,2.3752450942993164e-05,2.3573637008666992e-05,730.0,643.0
1650498091,0.0,0.001844976,0.0,2.3752450942993164e-05,2.3573637008666992e-05,2189.0,1929.0
1650498092,0.0,0.002037753,0.01,2.3752450942993164e-05,2.3573637008666992e-05,2733.0,2209.0
1650498093,0.0,0.002037753,0.01,2.3752450942993164e-05,2.3573637008666992e-05,2733.0,2209.0
1650498094,0.0,0.001115313,0.0,2.3752450942993164e-05,2.3573637008666992e-05,1824.0,1805.5
1650498095,0.0,0.002142167,0.0,2.3752450942993164e-05,2.3573637008666992e-05,2919.0,2572.0
1650498096,0.0,0.002142167,0.0,2.3752450942993164e-05,2.3573637008666992e-05,2919.0,2572.0
1650498097,0.0,0.0002761275,0.0,2.3752450942993164e-05,2.3573637008666992e-05,365.0,321.5
1650498098,0.0,0.001582811,0.0,2.3752450942993164e-05,2.3573637008666992e-05,2190.0,3414.0
1650498099,0.0,0.001582811,0.0,2.3752450942993164e-05,2.3573637008666992e-05,2190.0,3414.0
1650498100,0.0,0.000589585,0.0,2.3752450942993164e-05,2.3573637008666992e-05,922.5,738.0
1650498101,0.0,0.000589585,0.0,2.3752450942993164e-05,2.3573637008666992e-05,922.5,738.0
1650498102,0.0,0.0010361515,0.0,2.3752450942993164e-05,2.3573637008666992e-05,1459.5,1286.0
1650498103,0.0,0.0010361515,0.0,2.3752450942993164e-05,2.3573637008666992e-05,1459.5,1286.0
1650498104,0.0,0.000988895,0.0,2.3752450942993164e-05,2.3573637008666992e-05,1388.0,1191.5
1650498105,0.0,0.001520897,0.0,2.3752450942993164e-05,2.3573637008666992e-05,2189.0,2193.0
1650498106,0.0,0.001520897,0.0,2.3752450942993164e-05,2.3573637008666992e-05,2189.0,2193.0
1650498107,0.0,0.0004656305,0.0,2.3752450942993164e-05,2.3573637008666992e-05,730.0,643.0
1650498108,0.0,0.0004656305,0.0,2.3752450942993164e-05,2.3573637008666992e-05,730.0,643.0
1650498109,0.0,0.0016589485,0.0,2.3752450942993164e-05,2.3573637008666992e-05,2382.0,2481.0
1650498110,0.0,0.001537666,0.0,2.3752450942993164e-05,2.3573637008666992e-05,2189.0,1929.0
1650498111,0.0,0.001537666,0.0,2.3752450942993164e-05,2.3573637008666992e-05,2189.0,1929.0
1650498112,0.0,0.000231511,0.0,2.3752450942993164e-05,2.3573637008666992e-05,431.0,387.5
1650498113,0.0,0.001477522,0.0,2.3752450942993164e-05,2.3573637008666992e-05,2190.0,1929.0
1650498114,0.0,0.001477522,0.0,2.3752450942993164e-05,2.3573637008666992e-05,2190.0,1929.0
1650498115,0.0,0.0008009535,0.0,2.3752450942993164e-05,2.3573637008666992e-05,1002.0,783.0
1650498116,0.0,0.001203149,0.0,2.3752450942993164e-05,2.3573637008666992e-05,1458.0,1550.0
1650498117,0.0,0.001203149,0.0,2.3752450942993164e-05,2.3573637008666992e-05,1458.0,1550.0
1650498118,0.0,0.000488693,0.0,2.3752450942993164e-05,2.3573637008666992e-05,729.5,709.0
1650498119,0.0,0.002917678,0.0,2.3752450942993164e-05,2.3573637008666992e-05,4034.0,4857.0
1650498120,0.0,0.002917678,0.0,2.3752450942993164e-05,2.3573637008666992e-05,4034.0,4857.0
1650498121,0.0,0.000498966,0.0,2.3752450942993164e-05,2.3573637008666992e-05,729.5,643.0
1650498122,0.0,0.002267422,0.01,2.3752450942993164e-05,2.3573637008666992e-05,2920.0,2572.0
1650498123,0.0,0.002267422,0.01,2.3752450942993164e-05,2.3573637008666992e-05,2920.0,2572.0
1650498124,0.0,0.001658715,0.0,2.3752450942993164e-05,2.3573637008666992e-05,2462.0,2135.0
1650498125,0.0,0.001658715,0.0,2.3752450942993164e-05,2.3573637008666992e-05,2462.0,2135.0
1650498126,0.0,0.0002539065,0.0,2.3752450942993164e-05,2.3573637008666992e-05,365.0,387.5
1650498127,0.0,0.00153286,0.0,2.3752450942993164e-05,2.3573637008666992e-05,2189.0,2061.0
1650498128,0.0,0.00153286,0.0,2.3752450942993164e-05,2.3573637008666992e-05,2189.0,2061.0
1650498129,0.005,0.0008119695,0.0,2.3752450942993164e-05,2.3573637008666992e-05,922.5,1414.0
1650498130,0.0,0.00220944,0.0,2.3752450942993164e-05,2.3573637008666992e-05,2919.0,2572.0
1650498131,0.0,0.001040773,0.0,2.3752450942993164e-05,2.3573637008666992e-05,1460.0,1286.0
1650498132,0.0,0.001040773,0.0,2.3752450942993164e-05,2.3573637008666992e-05,1460.0,1286.0
1650498133,0.0,0.0007801995,0.0,2.3752450942993164e-05,2.3573637008666992e-05,1094.5,964.5
1650498134,0.0,0.001099077,0.0,2.3752450942993164e-05,2.3573637008666992e-05,1460.0,1286.0
1650498135,0.0,0.001099077,0.0,2.3752450942993164e-05,2.3573637008666992e-05,1460.0,1286.0
1650498136,0.0,0.0012247585,0.0,2.3752450942993164e-05,2.3573637008666992e-05,1732.0,1558.0
1650498137,0.0,0.000931064,0.0,2.3752450942993164e-05,2.3573637008666992e-05,1459.0,1418.0
1650498138,0.0,0.000931064,0.0,2.3752450942993164e-05,2.3573637008666992e-05,1459.0,1418.0
1650498139,0.0,0.001089047,0.005,2.3752450942993164e-05,2.3573637008666992e-05,1287.0,1908.5
1650498140,0.0,0.001089047,0.005,2.3752450942993164e-05,2.3573637008666992e-05,1287.0,1908.5
1650498141,0.0,0.000801579,0.0,2.3752450942993164e-05,2.3573637008666992e-05,1094.5,964.5
1650498142,0.0,0.001734249,0.0,2.3752450942993164e-05,2.3573637008666992e-05,2189.0,1929.0
1650498143,0.0,0.001734249,0.0,2.3752450942993164e-05,2.3573637008666992e-05,2189.0,1929.0
1650498144,0.0,0.000530917,0.0,2.3752450942993164e-05,2.3573637008666992e-05,730.0,643.0
1650498145,0.0,0.000530917,0.0,2.3752450942993164e-05,2.3573637008666992e-05,730.0,643.0
1650498146,0.0,0.0006784495,0.0,2.339482307434082e-05,2.321600914001465e-05,860.5,643.0
1650498147,0.01,0.002273035,0.0,2.3752450942993164e-05,2.3573637008666992e-05,3199.0,3248.0
1650498148,0.01,0.002273035,0.0,2.3752450942993164e-05,2.3573637008666992e-05,3199.0,3248.0
1650498149,0.0,0.0008768955,0.0,2.3752450942993164e-05,2.3573637008666992e-05,1384.0,1789.0
1650498150,0.0,0.001086804,0.0,2.3752450942993164e-05,2.3573637008666992e-05,1267.0,1286.0
1650498151,0.0,0.001086804,0.0,2.3752450942993164e-05,2.3573637008666992e-05,1267.0,1286.0
1650498152,0.0,0.000999098,0.0,2.3752450942993164e-05,2.3573637008666992e-05,1459.5,1286.0
1650498153,0.0,0.001657034,0.0,2.3752450942993164e-05,2.3573637008666992e-05,2188.0,1929.0
1650498154,0.0,0.001657034,0.0,2.3752450942993164e-05,2.3573637008666992e-05,2188.0,1929.0
1650498155,0.0,0.0004476755,0.0,2.3752450942993164e-05,2.3573637008666992e-05,730.0,643.0
1650498156,0.0,0.001925856,0.0,2.339482307434082e-05,2.321600914001465e-05,2454.0,1929.0
1650498157,0.0,0.000896781,0.0,2.3752450942993164e-05,2.3573637008666992e-05,1007.0,923.0
1650498158,0.0,0.000896781,0.0,2.3752450942993164e-05,2.3573637008666992e-05,1007.0,923.0
1650498159,0.0,0.00068065,0.0,2.3752450942993164e-05,2.3573637008666992e-05,922.5,1881.0
1650498160,0.0,0.00068065,0.0,2.3752450942993164e-05,2.3573637008666992e-05,922.5,1881.0
1650498161,0.0,0.000966288,0.0,2.3752450942993164e-05,2.3573637008666992e-05,1459.5,1352.0
1650498162,0.0,0.002938208,0.0,2.3752450942993164e-05,2.3573637008666992e-05,4379.0,3858.0
1650498163,0.0,0.00163503,0.01,2.3752450942993164e-05,2.3573637008666992e-05,2232.0,1971.0
1650498164,0.0,0.00163503,0.01,2.3752450942993164e-05,2.3573637008666992e-05,2232.0,1971.0
1650498165,0.0,0.000555347,0.0,2.3752450942993164e-05,2.3573637008666992e-05,729.5,643.0
1650498166,0.0,0.001515563,0.0,2.3752450942993164e-05,2.3573637008666992e-05,2189.0,1929.0
1650498167,0.0,0.001515563,0.0,2.3752450942993164e-05,2.3573637008666992e-05,2189.0,1929.0
1650498168,0.0,0.000679111,0.0,2.339482307434082e-05,2.321600914001465e-05,862.0,995.5
1650498169,0.0,0.000679111,0.0,2.339482307434082e-05,2.321600914001465e-05,862.0,995.5
1650498170,0.0,0.000985931,0.0,2.3752450942993164e-05,2.3573637008666992e-05,1427.5,1331.5
1650498171,0.0,0.000707346,0.0,2.3752450942993164e-05,2.3573637008666992e-05,989.0,875.0
1650498172,0.0,0.000963037,0.0,2.3752450942993164e-05,2.3573637008666992e-05,1460.0,1286.0
1650498173,0.0,0.000963037,0.0,2.3752450942993164e-05,2.3573637008666992e-05,1460.0,1286.0
1650498174,0.0,0.0004103085,0.0,2.3752450942993164e-05,2.3573637008666992e-05,599.5,593.0
1650498175,0.0,0.00185997,0.0,2.3752450942993164e-05,2.3573637008666992e-05,2918.0,2572.0
1650498176,0.0,0.00185997,0.0,2.3752450942993164e-05,2.3573637008666992e-05,2918.0,2572.0
1650498177,0.0,0.0005033715,0.0,2.3752450942993164e-05,2.3573637008666992e-05,729.0,643.0
1650498178,0.0,0.000820051,0.0,2.3752450942993164e-05,2.3573637008666992e-05,1115.0,1435.0
1650498179,0.0,0.000820051,0.0,2.3752450942993164e-05,2.3573637008666992e-05,1115.0,1435.0
1650498180,0.0,0.001290337,0.0,2.3752450942993164e-05,2.3573637008666992e-05,1732.0,1558.0
1650498181,0.0,0.002131796,0.0,2.3752450942993164e-05,2.3573637008666992e-05,2919.0,2704.0
1650498182,0.0,0.002131796,0.0,2.3752450942993164e-05,2.3573637008666992e-05,2919.0,2704.0
1650498183,0.0,0.000777835,0.005,2.3752450942993164e-05,2.3573637008666992e-05,1095.0,964.5
1650498184,0.0,0.000777835,0.005,2.3752450942993164e-05,2.3573637008666992e-05,1095.0,964.5
1650498185,0.0,0.000515382,0.0,2.3752450942993164e-05,2.3573637008666992e-05,729.5,643.0
1650498186,0.0,0.001532213,0.0,2.3752450942993164e-05,2.3573637008666992e-05,2188.0,1929.0
1650498187,0.0,0.001532213,0.0,2.3752450942993164e-05,2.3573637008666992e-05,2188.0,1929.0
1650498188,0.0,0.0014249625,0.0,2.3752450942993164e-05,2.3573637008666992e-05,2017.5,2557.5
1650498189,0.0,0.001230747,0.0,2.339482307434082e-05,2.321600914001465e-05,1724.0,1286.0
1650498190,0.0,0.001230747,0.0,2.339482307434082e-05,2.321600914001465e-05,1724.0,1286.0
1650498191,0.0,0.000651951,0.0,2.3752450942993164e-05,2.3573637008666992e-05,869.5,849.0
1650498192,0.0,0.000651951,0.0,2.3752450942993164e-05,2.3573637008666992e-05,869.5,849.0
1650498193,0.0,0.0007205575,0.0,2.3752450942993164e-05,2.3573637008666992e-05,1093.5,1096.5
1650498194,0.0,0.0007205575,0.0,2.3752450942993164e-05,2.3573637008666992e-05,1093.5,1096.5
1650498195,0.005,0.0007651205,0.0,2.3752450942993164e-05,2.3573637008666992e-05,1094.5,964.5
1650498196,0.0,0.001873982,0.0,2.3752450942993164e-05,2.3573637008666992e-05,2918.0,2572.0
1650498197,0.0,0.001873982,0.0,2.3752450942993164e-05,2.3573637008666992e-05,2918.0,2572.0
1650498198,0.0,0.00052655,0.0,2.3752450942993164e-05,2.3573637008666992e-05,730.0,1210.5
1650498199,0.0,0.00052655,0.0,2.3752450942993164e-05,2.3573637008666992e-05,730.0,1210.5
1650498200,0.0,0.000825908,0.0,2.3752450942993164e-05,2.3573637008666992e-05,1287.0,1059.5
1650498201,0.0,0.000793362,0.0,2.339482307434082e-05,2.321600914001465e-05,993.0,643.0
1650498202,0.0,0.001275884,0.0,2.3752450942993164e-05,2.3573637008666992e-05,1740.0,1698.0
1650498203,0.0,0.001275884,0.0,2.3752450942993164e-05,2.3573637008666992e-05,1740.0,1698.0
1650498204,0.0,0.001438592,0.0,2.3752450942993164e-05,2.3573637008666992e-05,2210.5,2082.0
1650498205,0.0,0.000454302,0.0,2.3752450942993164e-05,2.3573637008666992e-05,730.0,643.0
1650498206,0.0,0.000454302,0.0,2.3752450942993164e-05,2.3573637008666992e-05,730.0,643.0
1650498207,0.0,0.000972276,0.0,2.3752450942993164e-05,2.3573637008666992e-05,1459.5,1286.0
1650498208,0.0,0.000972276,0.0,2.3752450942993164e-05,2.3573637008666992e-05,1459.5,1286.0
1650498209,0.0,0.000602881,0.0,2.3752450942993164e-05,2.3573637008666992e-05,922.5,1145.0
1650498210,0.0,0.001414729,0.0,2.3752450942993164e-05,2.3573637008666992e-05,2189.0,1929.0
1650498211,0.0,0.001414729,0.0,2.3752450942993164e-05,2.3573637008666992e-05,2189.0,1929.0
1650498212,0.0,0.001107264,0.0,2.339482307434082e-05,2.321600914001465e-05,1591.0,1286.0
1650498213,0.0,0.001107264,0.0,2.339482307434082e-05,2.321600914001465e-05,1591.0,1286.0
1650498214,0.0,0.0009296985,0.0,2.3752450942993164e-05,2.3573637008666992e-05,1364.0,1319.5
1650498215,0.0,0.00087553,0.0,2.3752450942993164e-05,2.3573637008666992e-05,1201.0,1252.0
1650498216,0.0,0.00087553,0.0,2.3752450942993164e-05,2.3573637008666992e-05,1201.0,1252.0
1650498217,0.0,0.000758643,0.0,2.3752450942993164e-05,2.3573637008666992e-05,1094.0,964.5
1650498218,0.0,0.000869271,0.0,2.3752450942993164e-05,2.3573637008666992e-05,1114.0,1433.0
1650498219,0.0,0.000869271,0.0,2.3752450942993164e-05,2.3573637008666992e-05,1114.0,1433.0
1650498220,0.0,0.000530303,0.0,2.3752450942993164e-05,2.3573637008666992e-05,729.5,643.0
1650498221,0.0,0.000513599,0.0,2.3752450942993164e-05,2.3573637008666992e-05,730.0,643.0
1650498222,0.0,0.001685299,0.01,2.3752450942993164e-05,2.3573637008666992e-05,2187.0,1929.0
1650498223,0.01,0.0018295,0.0,2.345442771911621e-05,2.327561378479004e-05,2453.0,1929.0
1650498224,0.0,0.001801498,0.0,2.3752450942993164e-05,2.3573637008666992e-05,2470.0,2473.0
1650498225,0.0,0.001801498,0.0,2.3752450942993164e-05,2.3573637008666992e-05,2470.0,2473.0
1650498226,0.0,0.0006900665,0.0,2.3752450942993164e-05,2.3573637008666992e-05,1094.5,1030.5
1650498227,0.0,0.001175945,0.0,2.3752450942993164e-05,2.3573637008666992e-05,1460.0,1286.0
1650498228,0.0,0.000809485,0.0,2.3752450942993164e-05,2.3573637008666992e-05,1115.0,2437.0
1650498229,0.0,0.000809485,0.0,2.3752450942993164e-05,2.3573637008666992e-05,1115.0,2437.0
1650498230,0.0,0.0007808155,0.0,2.3752450942993164e-05,2.3573637008666992e-05,1094.5,964.5
1650498231,0.0,0.001042728,0.0,2.3752450942993164e-05,2.3573637008666992e-05,1458.0,1286.0
1650498232,0.0,0.001042728,0.0,2.3752450942993164e-05,2.3573637008666992e-05,1458.0,1286.0
1650498233,0.0,0.0005725755,0.0,2.3752450942993164e-05,2.3573637008666992e-05,729.0,643.0
1650498234,0.0,0.001172279,0.0,2.339482307434082e-05,2.321600914001465e-05,1723.0,1286.0
1650498235,0.0,0.001366387,0.0,2.3752450942993164e-05,2.3573637008666992e-05,1738.0,1698.0
1650498236,0.0,0.001366387,0.0,2.3752450942993164e-05,2.3573637008666992e-05,1738.0,1698.0
1650498237,0.0,0.000328329,0.0,2.3752450942993164e-05,2.3573637008666992e-05,364.5,387.5
1650498238,0.0,0.001602034,0.0,2.3752450942993164e-05,2.3573637008666992e-05,2575.0,3597.0
1650498239,0.0,0.001602034,0.0,2.3752450942993164e-05,2.3573637008666992e-05,2575.0,3597.0
1650498240,0.0,0.0013238515,0.0,2.3752450942993164e-05,2.3573637008666992e-05,1824.0,1607.5
1650498241,0.0,0.001097605,0.0,2.3752450942993164e-05,2.3573637008666992e-05,1459.0,1286.0
1650498242,0.0,0.001097605,0.0,2.3752450942993164e-05,2.3573637008666992e-05,1459.0,1286.0
1650498243,0.005,0.000959912,0.0,2.3752450942993164e-05,2.3573637008666992e-05,1459.5,1286.0
1650498244,0.0,0.001548428,0.01,2.3752450942993164e-05,2.3573637008666992e-05,2230.0,1971.0
1650498245,0.0,0.001548428,0.01,2.3752450942993164e-05,2.3573637008666992e-05,2230.0,1971.0
1650498246,0.0,0.0012849835,0.0,2.3752450942993164e-05,2.3573637008666992e-05,1731.0,1492.0
1650498247,0.0,0.000923523,0.0,2.3752450942993164e-05,2.3573637008666992e-05,1459.0,1550.0
1650498248,0.0,0.000923523,0.0,2.3752450942993164e-05,2.3573637008666992e-05,1459.0,1550.0
1650498249,0.0,0.001185381,0.0,2.3752450942993164e-05,2.3573637008666992e-05,1650.0,2002.5
1650498250,0.0,0.001185381,0.0,2.3752450942993164e-05,2.3573637008666992e-05,1650.0,2002.5
1650498251,0.0,0.000756361,0.0,2.3752450942993164e-05,2.3573637008666992e-05,1094.0,964.5
1650498252,0.0,0.000922143,0.0,2.3752450942993164e-05,2.3573637008666992e-05,1460.0,1286.0
1650498253,0.0,0.000922143,0.0,2.3752450942993164e-05,2.3573637008666992e-05,1460.0,1286.0
1650498254,0.0,0.0005734125,0.0,2.3752450942993164e-05,2.3573637008666992e-05,729.5,643.0
1650498255,0.0,0.001506776,0.0,2.3752450942993164e-05,2.3573637008666992e-05,2189.0,1929.0
1650498256,0.0,0.002064164,0.01,2.3752450942993164e-05,2.3573637008666992e-05,2729.0,2341.0
1650498257,0.0,0.002064164,0.01,2.3752450942993164e-05,2.3573637008666992e-05,2729.0,2341.0
1650498258,0.0,0.000854442,0.0,2.3752450942993164e-05,2.3573637008666992e-05,1094.5,1822.5
1650498259,0.0,0.001769973,0.0,2.3752450942993164e-05,2.3573637008666992e-05,2572.0,2119.0
1650498260,0.0,0.001769973,0.0,2.3752450942993164e-05,2.3573637008666992e-05,2572.0,2119.0
1650498261,0.0,0.0010163205,0.0,2.3752450942993164e-05,2.3573637008666992e-05,1460.0,1286.0
1650498262,0.0,0.0010163205,0.0,2.3752450942993164e-05,2.3573637008666992e-05,1460.0,1286.0
1650498263,0.0,0.000770987,0.0,2.3752450942993164e-05,2.3573637008666992e-05,1094.0,964.5
1650498264,0.0,0.002214042,0.0,2.3752450942993164e-05,2.3573637008666992e-05,2918.0,2572.0
1650498265,0.0,0.002214042,0.0,2.3752450942993164e-05,2.3573637008666992e-05,2918.0,2572.0
1650498266,0.0,0.001056151,0.0,2.3752450942993164e-05,2.3573637008666992e-05,1367.0,1104.5
1650498267,0.0,0.001056151,0.0,2.3752450942993164e-05,2.3573637008666992e-05,1367.0,1104.5
1650498268,0.0,0.00046726,0.0,2.3752450942993164e-05,2.3573637008666992e-05,728.5,775.0
1650498269,0.0,0.001832233,0.0,2.3752450942993164e-05,2.3573637008666992e-05,2575.0,3377.0
1650498270,0.0,0.001647753,0.0,2.3752450942993164e-05,2.3573637008666992e-05,2189.0,1929.0
1650498271,0.0,0.001647753,0.0,2.3752450942993164e-05,2.3573637008666992e-05,2189.0,1929.0
1650498272,0.0,0.0011181305,0.0,2.3752450942993164e-05,2.3573637008666992e-05,1457.5,1286.0
1650498273,0.0,0.0011181305,0.0,2.3752450942993164e-05,2.3573637008666992e-05,1457.5,1286.0
1650498274,0.0,0.0010472505,0.0,2.3752450942993164e-05,2.3573637008666992e-05,1458.0,1286.0
1650498275,0.0,0.0010472505,0.0,2.3752450942993164e-05,2.3573637008666992e-05,1458.0,1286.0
1650498276,0.0,0.000731063,0.0,2.3752450942993164e-05,2.3573637008666992e-05,1094.0,964.5
1650498277,0.0,0.000731063,0.0,2.3752450942993164e-05,2.3573637008666992e-05,1094.0,964.5
1650498278,0.005,0.0006795285,0.0,2.342462539672852e-05,2.3245811462402344e-05,862.0,1448.0
1650498279,0.005,0.0006795285,0.0,2.342462539672852e-05,2.3245811462402344e-05,862.0,1448.0
1650498280,0.0,0.001080079,0.0,2.3752450942993164e-05,2.3573637008666992e-05,1427.0,1331.5
1650498281,0.0,0.001043121,0.0,2.3752450942993164e-05,2.3573637008666992e-05,1459.0,1418.0
1650498282,0.0,0.001538964,0.01,2.3752450942993164e-05,2.3573637008666992e-05,2188.0,1929.0
1650498283,0.0,0.001538964,0.01,2.3752450942993164e-05,2.3573637008666992e-05,2188.0,1929.0
1650498284,0.0,0.000451468,0.0,2.3752450942993164e-05,2.3573637008666992e-05,751.0,664.0
1650498285,0.0,0.001508999,0.0,2.3752450942993164e-05,2.3573637008666992e-05,2189.0,1929.0
1650498286,0.0,0.001508999,0.0,2.3752450942993164e-05,2.3573637008666992e-05,2189.0,1929.0
1650498287,0.0,0.000822945,0.0,2.3752450942993164e-05,2.3573637008666992e-05,1094.0,964.5
1650498288,0.0,0.000822945,0.0,2.3752450942993164e-05,2.3573637008666992e-05,1094.0,964.5
1650498289,0.0,0.0009780785,0.005,2.3752450942993164e-05,2.3573637008666992e-05,1194.5,1675.0
1650498290,0.0,0.001020824,0.0,2.3752450942993164e-05,2.3573637008666992e-05,1459.0,1550.0
1650498291,0.0,0.000941572,0.0,2.3752450942993164e-05,2.3573637008666992e-05,1460.0,1418.0
1650498292,0.0,0.000941572,0.0,2.3752450942993164e-05,2.3573637008666992e-05,1460.0,1418.0
1650498293,0.0,0.0009815765,0.0,2.3752450942993164e-05,2.3573637008666992e-05,1458.5,1286.0
1650498294,0.0,0.0009815765,0.0,2.3752450942993164e-05,2.3573637008666992e-05,1458.5,1286.0
1650498295,0.0,0.000507074,0.0,2.3752450942993164e-05,2.3573637008666992e-05,730.0,643.0
1650498296,0.0,0.000507074,0.0,2.3752450942993164e-05,2.3573637008666992e-05,730.0,643.0
1650498297,0.0,0.000547747,0.0,2.3752450942993164e-05,2.3573637008666992e-05,728.5,643.0
1650498298,0.0,0.001986047,0.0,2.339482307434082e-05,2.321600914001465e-05,2838.0,2931.0
1650498299,0.0,0.000718978,0.0,2.3752450942993164e-05,2.3573637008666992e-05,1010.0,923.0
1650498300,0.0,0.000718978,0.0,2.3752450942993164e-05,2.3573637008666992e-05,1010.0,923.0
1650498301,0.0,0.0002294,0.0,2.3752450942993164e-05,2.3573637008666992e-05,365.0,387.5
1650498302,0.0,0.0002294,0.0,2.3752450942993164e-05,2.3573637008666992e-05,365.0,387.5
1650498303,0.0,0.00075541,0.0,2.3752450942993164e-05,2.3573637008666992e-05,1093.5,1096.5
1650498304,0.0,0.001073988,0.0,2.3752450942993164e-05,2.3573637008666992e-05,1458.0,1286.0
1650498305,0.0,0.001475369,0.0,2.3752450942993164e-05,2.3573637008666992e-05,2190.0,1929.0
1650498306,0.0,0.000964564,0.0,2.3752450942993164e-05,2.3573637008666992e-05,1456.0,1286.0
1650498307,0.0,0.000964564,0.0,2.3752450942993164e-05,2.3573637008666992e-05,1456.0,1286.0
1650498308,0.0,0.0008875635,0.0,2.3752450942993164e-05,2.3573637008666992e-05,1094.0,1425.5
1650498309,0.0,0.000742836,0.0,2.3752450942993164e-05,2.3573637008666992e-05,1115.0,833.0
1650498310,0.01,0.001402258,0.0,2.339482307434082e-05,2.321600914001465e-05,1724.0,1286.0
1650498311,0.0,0.001880956,0.0,2.3752450942993164e-05,2.3573637008666992e-05,2470.0,2473.0
1650498312,0.0,0.001880956,0.0,2.3752450942993164e-05,2.3573637008666992e-05,2470.0,2473.0
1650498313,0.0,0.0008163275,0.0,2.3752450942993164e-05,2.3573637008666992e-05,1094.5,1030.5
1650498314,0.0,0.0008163275,0.0,2.3752450942993164e-05,2.3573637008666992e-05,1094.5,1030.5
1650498315,0.0,0.000735348,0.0,2.3752450942993164e-05,2.3573637008666992e-05,1095.0,964.5
1650498316,0.0,0.000735348,0.0,2.3752450942993164e-05,2.3573637008666992e-05,1095.0,964.5
1650498317,0.0,0.000745541,0.0,2.3752450942993164e-05,2.3573637008666992e-05,1094.0,964.5
1650498318,0.0,0.001194424,0.0,2.3752450942993164e-05,2.3573637008666992e-05,1460.0,3113.0
1650498319,0.0,0.001194424,0.0,2.3752450942993164e-05,2.3573637008666992e-05,1460.0,3113.0
1650498320,0.0,0.000830658,0.0,2.3752450942993164e-05,2.3573637008666992e-05,1287.5,1059.5
1650498321,0.0,0.001923969,0.0,2.3752450942993164e-05,2.3573637008666992e-05,2729.0,2209.0
1650498322,0.0,0.001923969,0.0,2.3752450942993164e-05,2.3573637008666992e-05,2729.0,2209.0
1650498323,0.0,0.0004675465,0.0,2.3752450942993164e-05,2.3573637008666992e-05,751.0,796.0
1650498324,0.0,0.001154648,0.0,2.3752450942993164e-05,2.3573637008666992e-05,1457.0,1418.0
1650498325,0.0,0.001154648,0.0,2.3752450942993164e-05,2.3573637008666992e-05,1457.0,1418.0
1650498326,0.0,0.000724082,0.0,2.3752450942993164e-05,2.3573637008666992e-05,1094.5,964.5
1650498327,0.0,0.000724082,0.0,2.3752450942993164e-05,2.3573637008666992e-05,1094.5,964.5
1650498328,0.0,0.000765751,0.0,2.3752450942993164e-05,2.3573637008666992e-05,1095.0,1377.0
1650498329,0.0,0.000725552,0.0,2.3752450942993164e-05,2.3573637008666992e-05,1115.0,833.0
1650498330,0.0,0.000725552,0.0,2.3752450942993164e-05,2.3573637008666992e-05,1115.0,833.0
1650498331,0.005,0.000488671,0.0,2.3752450942993164e-05,2.3573637008666992e-05,729.0,643.0
1650498332,0.0,0.001992507,0.0,2.3752450942993164e-05,2.3573637008666992e-05,2734.0,2209.0
1650498333,0.0,0.001992507,0.0,2.3752450942993164e-05,2.3573637008666992e-05,2734.0,2209.0
1650498334,0.0,0.000970405,0.0,2.3752450942993164e-05,2.3573637008666992e-05,1459.5,1484.0
1650498335,0.0,0.000970405,0.0,2.3752450942993164e-05,2.3573637008666992e-05,1459.5,1484.0
1650498336,0.0,0.000484257,0.0,2.3752450942993164e-05,2.3573637008666992e-05,728.5,643.0
1650498337,0.0,0.002093981,0.0,2.3752450942993164e-05,2.3573637008666992e-05,2918.0,2572.0
1650498338,0.0,0.002093981,0.0,2.3752450942993164e-05,2.3573637008666992e-05,2918.0,2572.0
1650498339,0.0,0.0006571815,0.0,2.3752450942993164e-05,2.3573637008666992e-05,922.5,1256.5
1650498340,0.0,0.000454146,0.0,2.3752450942993164e-05,2.3573637008666992e-05,730.0,643.0
1650498341,0.0,0.000454146,0.0,2.3752450942993164e-05,2.3573637008666992e-05,730.0,643.0
1650498342,0.0,0.000717203,0.0,2.3752450942993164e-05,2.3573637008666992e-05,1161.0,1030.5
1650498343,0.0,0.003152527,0.0,2.3752450942993164e-05,2.3573637008666992e-05,4191.0,3891.0
1650498344,0.0,0.003152527,0.0,2.3752450942993164e-05,2.3573637008666992e-05,4191.0,3891.0
1650498345,0.0,0.000726148,0.005,2.3752450942993164e-05,2.3573637008666992e-05,1095.0,964.5
1650498346,0.0,0.000726148,0.005,2.3752450942993164e-05,2.3573637008666992e-05,1095.0,964.5
1650498347,0.0,0.0012347315,0.0,2.3752450942993164e-05,2.3573637008666992e-05,1823.5,1607.5
1650498348,0.0,0.0012347315,0.0,2.3752450942993164e-05,2.3573637008666992e-05,1823.5,1607.5
1650498349,0.0,0.0004121935,0.0,2.3752450942993164e-05,2.3573637008666992e-05,557.5,770.5
1650498350,0.01,0.002059082,0.0,2.3752450942993164e-05,2.3573637008666992e-05,2919.0,2572.0
1650498351,0.0,0.002015553,0.0,2.3752450942993164e-05,2.3573637008666992e-05,2917.0,2572.0
1650498352,0.0,0.002015553,0.0,2.3752450942993164e-05,2.3573637008666992e-05,2917.0,2572.0
1650498353,0.0,0.0007940695,0.0,2.339482307434082e-05,2.321600914001465e-05,1227.0,964.5
1650498354,0.0,0.001301047,0.0,2.3752450942993164e-05,2.3573637008666992e-05,1740.0,1698.0
1650498355,0.0,0.001301047,0.0,2.3752450942993164e-05,2.3573637008666992e-05,1740.0,1698.0
1650498356,0.0,0.0007343555,0.0,2.3752450942993164e-05,2.3573637008666992e-05,1094.5,1096.5
1650498357,0.0,0.0007343555,0.0,2.3752450942993164e-05,2.3573637008666992e-05,1094.5,1096.5
1650498358,0.0,0.0005591655,0.0,2.3752450942993164e-05,2.3573637008666992e-05,730.0,941.0
1650498359,0.0,0.001647622,0.0,2.3752450942993164e-05,2.3573637008666992e-05,2573.0,2119.0
1650498360,0.0,0.001647622,0.0,2.3752450942993164e-05,2.3573637008666992e-05,2573.0,2119.0
1650498361,0.0,0.0003064955,0.0,2.3752450942993164e-05,2.3573637008666992e-05,365.0,321.5
1650498362,0.0,0.0003064955,0.0,2.3752450942993164e-05,2.3573637008666992e-05,365.0,321.5
1650498363,0.005,0.0008648535,0.0,2.3752450942993164e-05,2.3573637008666992e-05,1094.5,964.5
1650498364,0.0,0.001753465,0.0,2.339482307434082e-05,2.321600914001465e-05,2495.0,1971.0
1650498365,0.0,0.001535093,0.0,2.3752450942993164e-05,2.3573637008666992e-05,1739.0,1698.0
1650498366,0.0,0.001535093,0.0,2.3752450942993164e-05,2.3573637008666992e-05,1739.0,1698.0
1650498367,0.0,0.0004563205,0.0,2.3752450942993164e-05,2.3573637008666992e-05,730.0,775.0
1650498368,0.0,0.001733847,0.0,2.3752450942993164e-05,2.3573637008666992e-05,2572.0,3249.0
1650498369,0.0,0.001590174,0.0,2.3752450942993164e-05,2.3573637008666992e-05,2190.0,1929.0
1650498370,0.0,0.001590174,0.0,2.3752450942993164e-05,2.3573637008666992e-05,2190.0,1929.0
1650498371,0.0,0.000558486,0.0,2.3752450942993164e-05,2.3573637008666992e-05,729.0,643.0
1650498372,0.0,0.000974919,0.0,2.3752450942993164e-05,2.3573637008666992e-05,1457.0,1286.0
1650498373,0.0,0.000974919,0.0,2.3752450942993164e-05,2.3573637008666992e-05,1457.0,1286.0
1650498374,0.0,0.0005088,0.0,2.3752450942993164e-05,2.3573637008666992e-05,729.5,643.0
1650498375,0.0,0.000510763,0.0,2.3752450942993164e-05,2.3573637008666992e-05,729.0,643.0
1650498376,0.0,0.002499357,0.01,2.3752450942993164e-05,2.3573637008666992e-05,3462.0,3116.0
1650498377,0.0,0.000436559,0.0,2.3752450942993164e-05,2.3573637008666992e-05,729.0,775.0
1650498378,0.0,0.000436559,0.0,2.3752450942993164e-05,2.3573637008666992e-05,729.0,775.0
1650498379,0.0,0.0011748135,0.0,2.3752450942993164e-05,2.3573637008666992e-05,1652.0,1942.0
1650498380,0.0,0.001870317,0.0,2.3752450942993164e-05,2.3573637008666992e-05,2920.0,2572.0
1650498381,0.0,0.001870317,0.0,2.3752450942993164e-05,2.3573637008666992e-05,2920.0,2572.0
1650498382,0.0,0.000789623,0.0,2.3752450942993164e-05,2.3573637008666992e-05,1093.5,964.5
1650498383,0.0,0.001521162,0.0,2.3752450942993164e-05,2.3573637008666992e-05,2190.0,1929.0
1650498384,0.0,0.001521162,0.0,2.3752450942993164e-05,2.3573637008666992e-05,2190.0,1929.0
1650498385,0.0,0.0008161695,0.0,2.3752450942993164e-05,2.3573637008666992e-05,1093.5,964.5
1650498386,0.0,0.0008161695,0.0,2.3752450942993164e-05,2.3573637008666992e-05,1093.5,964.5
1650498387,0.0,0.0010448525,0.0,2.3752450942993164e-05,2.3573637008666992e-05,1366.5,1104.5
1650498388,0.0,0.001182648,0.0,2.3752450942993164e-05,2.3573637008666992e-05,1460.0,3577.0
1650498389,0.0,0.001182648,0.0,2.3752450942993164e-05,2.3573637008666992e-05,1460.0,3577.0
1650498390,0.0,0.000663723,0.0,2.3752450942993164e-05,2.3573637008666992e-05,922.0,804.0
1650498391,0.0,0.001189183,0.0,2.3752450942993164e-05,2.3573637008666992e-05,1459.0,1286.0
1650498392,0.0,0.001189183,0.0,2.3752450942993164e-05,2.3573637008666992e-05,1459.0,1286.0
1650498393,0.0,0.000492572,0.0,2.3752450942993164e-05,2.3573637008666992e-05,729.5,643.0
1650498394,0.0,0.000492572,0.0,2.3752450942993164e-05,2.3573637008666992e-05,729.5,643.0
1650498395,0.0,0.000472606,0.0,2.3752450942993164e-05,2.3573637008666992e-05,729.5,643.0
1650498396,0.0,0.000579013,0.0,2.3752450942993164e-05,2.3573637008666992e-05,729.0,643.0
1650498397,0.0,0.003647668,0.0,2.3752450942993164e-05,2.3573637008666992e-05,4922.0,4534.0
1650498398,0.0,0.003647668,0.0,2.3752450942993164e-05,2.3573637008666992e-05,4922.0,4534.0
1650498399,0.0,0.0005649225,0.0,2.3752450942993164e-05,2.3573637008666992e-05,687.0,1088.5
1650498400,0.0,0.001428854,0.0,2.3752450942993164e-05,2.3573637008666992e-05,1929.0,1829.0
1650498401,0.0,0.001428854,0.0,2.3752450942993164e-05,2.3573637008666992e-05,1929.0,1829.0
1650498402,0.0,0.000491639,0.0,2.3752450942993164e-05,2.3573637008666992e-05,729.0,643.0
1650498403,0.0,0.000491639,0.0,2.3752450942993164e-05,2.3573637008666992e-05,729.0,643.0
1650498404,0.0,0.000739904,0.0,2.3752450942993164e-05,2.3573637008666992e-05,1114.5,985.5
1650498405,0.0,0.000576802,0.01,2.3752450942993164e-05,2.3573637008666992e-05,730.0,643.0
1650498406,0.01,0.002201354,0.0,2.3752450942993164e-05,2.3573637008666992e-05,2919.0,2572.0
1650498407,0.01,0.002201354,0.0,2.3752450942993164e-05,2.3573637008666992e-05,2919.0,2572.0
1650498408,0.0,0.000408178,0.0,2.339482307434082e-05,2.321600914001465e-05,496.5,889.0
1650498409,0.0,0.001562761,0.0,2.3752450942993164e-05,2.3573637008666992e-05,2125.0,1888.0
1650498410,0.0,0.001562761,0.0,2.3752450942993164e-05,2.3573637008666992e-05,2125.0,1888.0
1650498411,0.0,0.0009867195,0.0,2.3752450942993164e-05,2.3573637008666992e-05,1458.5,1418.0
1650498412,0.0,0.000448611,0.0,2.3752450942993164e-05,2.3573637008666992e-05,730.0,643.0
1650498413,0.0,0.000984623,0.0,2.3752450942993164e-05,2.3573637008666992e-05,1460.0,1286.0
1650498414,0.0,0.000984623,0.0,2.3752450942993164e-05,2.3573637008666992e-05,1460.0,1286.0
1650498415,0.0,0.000506558,0.0,2.3752450942993164e-05,2.3573637008666992e-05,729.5,643.0
1650498416,0.0,0.00100098,0.0,2.3752450942993164e-05,2.3573637008666992e-05,1459.0,1286.0
1650498417,0.0,0.00100098,0.0,2.3752450942993164e-05,2.3573637008666992e-05,1459.0,1286.0
1650498418,0.0,0.001020066,0.0,2.339482307434082e-05,2.321600914001465e-05,1418.5,1522.0
1650498419,0.0,0.001020066,0.0,2.339482307434082e-05,2.321600914001465e-05,1418.5,1522.0
1650498420,0.0,0.0013715485,0.005,2.3752450942993164e-05,2.3573637008666992e-05,1963.0,1945.5
1650498421,0.0,0.0013715485,0.005,2.3752450942993164e-05,2.3573637008666992e-05,1963.0,1945.5
1650498422,0.0,0.000541803,0.0,2.3752450942993164e-05,2.3573637008666992e-05,729.0,643.0
1650498423,0.0,0.001879045,0.0,2.3752450942993164e-05,2.3573637008666992e-05,3050.0,2704.0
1650498424,0.0,0.001164521,0.0,2.3752450942993164e-05,2.3573637008666992e-05,1459.0,1286.0
1650498425,0.0,0.001164521,0.0,2.3752450942993164e-05,2.3573637008666992e-05,1459.0,1286.0
1650498426,0.0,0.0005681725,0.0,2.3752450942993164e-05,2.3573637008666992e-05,730.0,643.0
1650498427,0.0,0.0005681725,0.0,2.3752450942993164e-05,2.3573637008666992e-05,730.0,643.0
1650498428,0.0,0.0007408025,0.0,2.3752450942993164e-05,2.3573637008666992e-05,1093.5,964.5
1650498429,0.0,0.001351611,0.0,2.3752450942993164e-05,2.3573637008666992e-05,1845.0,2932.0
1650498430,0.0,0.002027674,0.0,2.3752450942993164e-05,2.3573637008666992e-05,2734.0,2341.0
1650498431,0.0,0.002027674,0.0,2.3752450942993164e-05,2.3573637008666992e-05,2734.0,2341.0
1650498432,0.0,0.001001995,0.0,2.3752450942993164e-05,2.3573637008666992e-05,1459.5,1418.0
1650498433,0.0,0.001001995,0.0,2.3752450942993164e-05,2.3573637008666992e-05,1459.5,1418.0
1650498434,0.0,0.001108598,0.0,2.3752450942993164e-05,2.3573637008666992e-05,1460.0,1286.0
1650498435,0.01,0.001642831,0.0,2.3752450942993164e-05,2.3573637008666992e-05,2187.0,1929.0
1650498436,0.01,0.001642831,0.0,2.3752450942993164e-05,2.3573637008666992e-05,2187.0,1929.0
1650498437,0.0,0.000468329,0.0,2.3752450942993164e-05,2.3573637008666992e-05,730.0,643.0
1650498438,0.0,0.000468329,0.0,2.3752450942993164e-05,2.3573637008666992e-05,730.0,643.0
1650498439,0.0,0.0008803995,0.0,2.3752450942993164e-05,2.3573637008666992e-05,1287.0,1628.5
1650498440,0.0,0.0008803995,0.0,2.3752450942993164e-05,2.3573637008666992e-05,1287.0,1628.5
1650498441,0.0,0.00127646,0.0,2.3752450942993164e-05,2.3573637008666992e-05,1730.5,1558.0
1650498442,0.0,0.001556311,0.01,2.3752450942993164e-05,2.3573637008666992e-05,2189.0,2061.0
1650498443,0.0,0.001556311,0.01,2.3752450942993164e-05,2.3573637008666992e-05,2189.0,2061.0
1650498444,0.0,0.00028492,0.0,2.3752450942993164e-05,2.3573637008666992e-05,385.0,342.5
1650498445,0.0,0.000966052,0.0,2.3752450942993164e-05,2.3573637008666992e-05,1458.0,1286.0
1650498446,0.0,0.001497257,0.0,2.3752450942993164e-05,2.3573637008666992e-05,2189.0,1929.0
1650498447,0.0,0.001497257,0.0,2.3752450942993164e-05,2.3573637008666992e-05,2189.0,1929.0
1650498448,0.0,0.000632549,0.0,2.3752450942993164e-05,2.3573637008666992e-05,922.5,1361.5
1650498449,0.0,0.000931633,0.0,2.3752450942993164e-05,2.3573637008666992e-05,1460.0,1286.0
1650498450,0.0,0.000931633,0.0,2.3752450942993164e-05,2.3573637008666992e-05,1460.0,1286.0
1650498451,0.0,0.0015088805,0.0,2.3752450942993164e-05,2.3573637008666992e-05,2096.5,1945.5
1650498452,0.0,0.0015088805,0.0,2.3752450942993164e-05,2.3573637008666992e-05,2096.5,1945.5
1650498453,0.0,0.0010917425,0.0,2.3752450942993164e-05,2.3573637008666992e-05,1459.0,1286.0
1650498454,0.0,0.001519988,0.0,2.3752450942993164e-05,2.3573637008666992e-05,2190.0,1929.0
1650498455,0.0,0.001519988,0.0,2.3752450942993164e-05,2.3573637008666992e-05,2190.0,1929.0
1650498456,0.0,0.0007303185,0.0,2.3752450942993164e-05,2.3573637008666992e-05,1095.0,964.5
1650498457,0.0,0.001518899,0.0,2.3752450942993164e-05,2.3573637008666992e-05,2190.0,1929.0
1650498458,0.0,0.001518899,0.0,2.3752450942993164e-05,2.3573637008666992e-05,2190.0,1929.0
1650498459,0.0,0.0014712945,0.0,2.3752450942993164e-05,2.3573637008666992e-05,2016.5,2269.5
1650498460,0.0,0.001103435,0.0,2.3752450942993164e-05,2.3573637008666992e-05,1459.0,1286.0
1650498461,0.0,0.001103435,0.0,2.3752450942993164e-05,2.3573637008666992e-05,1459.0,1286.0
1650498462,0.0,0.000999109,0.0,2.3752450942993164e-05,2.3573637008666992e-05,1366.5,1104.5
1650498463,0.0,0.001517292,0.0,2.3752450942993164e-05,2.3573637008666992e-05,2190.0,2325.0
1650498464,0.0,0.001517292,0.0,2.3752450942993164e-05,2.3573637008666992e-05,2190.0,2325.0
1650498465,0.0,0.0007555225,0.0,2.3752450942993164e-05,2.3573637008666992e-05,1094.5,964.5
1650498466,0.0,0.001051968,0.0,2.3752450942993164e-05,2.3573637008666992e-05,1457.0,1286.0
1650498467,0.0,0.001051968,0.0,2.3752450942993164e-05,2.3573637008666992e-05,1457.0,1286.0
1650498468,0.0,0.000934108,0.0,2.3752450942993164e-05,2.3573637008666992e-05,1285.0,1965.0
1650498469,0.0,0.000934108,0.0,2.3752450942993164e-05,2.3573637008666992e-05,1285.0,1965.0
1650498470,0.0,0.0008769325,0.0,2.3752450942993164e-05,2.3573637008666992e-05,1094.0,964.5
1650498471,0.0,0.001197573,0.0,2.3752450942993164e-05,2.3573637008666992e-05,1459.0,1286.0
1650498472,0.0,0.001197573,0.0,2.3752450942993164e-05,2.3573637008666992e-05,1459.0,1286.0
1650498473,0.0,0.0009725085,0.0,2.3752450942993164e-05,2.3573637008666992e-05,1387.5,1191.5
1650498474,0.0,0.0009725085,0.0,2.3752450942993164e-05,2.3573637008666992e-05,1387.5,1191.5
1650498475,0.0,0.0016558965,0.0,2.3752450942993164e-05,2.3573637008666992e-05,2188.0,2061.0
1650498476,0.0,0.0016558965,0.0,2.3752450942993164e-05,2.3573637008666992e-05,2188.0,2061.0
1650498477,0.0,0.0007610525,0.005,2.3752450942993164e-05,2.3573637008666992e-05,1094.5,964.5
1650498478,0.0,0.001224187,0.0,2.3752450942993164e-05,2.3573637008666992e-05,1457.0,3420.0
1650498479,0.0,0.001224187,0.0,2.3752450942993164e-05,2.3573637008666992e-05,1457.0,3420.0
1650498480,0.0,0.0010903005,0.0,2.3752450942993164e-05,2.3573637008666992e-05,1652.0,1381.0
1650498481,0.0,0.0019674,0.0,2.3752450942993164e-05,2.3573637008666992e-05,2919.0,2572.0
1650498482,0.0,0.000508238,0.0,2.3752450942993164e-05,2.3573637008666992e-05,729.0,643.0
1650498483,0.0,0.000508238,0.0,2.3752450942993164e-05,2.3573637008666992e-05,729.0,643.0
1650498484,0.0,0.0007213965,0.0,2.3752450942993164e-05,2.3573637008666992e-05,1002.0,783.0
1650498485,0.0,0.002686391,0.0,2.3752450942993164e-05,2.3573637008666992e-05,3647.0,3611.0
1650498486,0.0,0.001058337,0.0,2.3752450942993164e-05,2.3573637008666992e-05,1459.0,1286.0
1650498487,0.0,0.001058337,0.0,2.3752450942993164e-05,2.3573637008666992e-05,1459.0,1286.0
1650498488,0.0,0.00059842,0.0,2.3752450942993164e-05,2.3573637008666992e-05,729.0,1156.0
1650498489,0.0,0.001265974,0.0,2.3752450942993164e-05,2.3573637008666992e-05,1844.0,1476.0
1650498490,0.0,0.001265974,0.0,2.3752450942993164e-05,2.3573637008666992e-05,1844.0,1476.0
1650498491,0.0,0.0007147975,0.0,2.3752450942993164e-05,2.3573637008666992e-05,1093.5,964.5
1650498492,0.0,0.00118882,0.0,2.3752450942993164e-05,2.3573637008666992e-05,1460.0,1286.0
1650498493,0.0,0.00118882,0.0,2.3752450942993164e-05,2.3573637008666992e-05,1460.0,1286.0
1650498494,0.0,0.000208659,0.0,2.3752450942993164e-05,2.3573637008666992e-05,365.0,321.5
1650498495,0.0,0.001989724,0.0,2.3752450942993164e-05,2.3573637008666992e-05,2733.0,2341.0
1650498496,0.0,0.001989724,0.0,2.3752450942993164e-05,2.3573637008666992e-05,2733.0,2341.0
1650498497,0.0,0.0007922305,0.0,2.3752450942993164e-05,2.3573637008666992e-05,1094.0,1096.5
1650498498,0.0,0.000559562,0.0,2.3752450942993164e-05,2.3573637008666992e-05,730.0,2332.0
1650498499,0.0,0.000559562,0.0,2.3752450942993164e-05,2.3573637008666992e-05,730.0,2332.0
1650498500,0.0,0.000350639,0.0,2.3752450942993164e-05,2.3573637008666992e-05,557.5,416.5
1650498501,0.01,0.00154613,0.0,2.3752450942993164e-05,2.3573637008666992e-05,2189.0,1929.0
1650498502,0.01,0.00154613,0.0,2.3752450942993164e-05,2.3573637008666992e-05,2189.0,1929.0
1650498503,0.0,0.000509665,0.0,2.3752450942993164e-05,2.3573637008666992e-05,751.0,664.0
1650498504,0.0,0.000509665,0.0,2.3752450942993164e-05,2.3573637008666992e-05,751.0,664.0
1650498505,0.0,0.0004824475,0.0,2.3752450942993164e-05,2.3573637008666992e-05,730.0,643.0
1650498506,0.0,0.002127954,0.0,2.3752450942993164e-05,2.3573637008666992e-05,2732.0,2341.0
1650498507,0.0,0.001956097,0.0,2.3752450942993164e-05,2.3573637008666992e-05,2919.0,2836.0
1650498508,0.0,0.001956097,0.0,2.3752450942993164e-05,2.3573637008666992e-05,2919.0,2836.0
1650498509,0.0,0.000403396,0.0,2.3752450942993164e-05,2.3573637008666992e-05,557.5,1091.0
1650498510,0.0,0.001512062,0.0,2.3752450942993164e-05,2.3573637008666992e-05,2187.0,1929.0
1650498511,0.0,0.001512062,0.0,2.3752450942993164e-05,2.3573637008666992e-05,2187.0,1929.0
1650498512,0.0,0.0004563485,0.0,2.3752450942993164e-05,2.3573637008666992e-05,730.0,643.0
1650498513,0.0,0.0004563485,0.0,2.3752450942993164e-05,2.3573637008666992e-05,730.0,643.0
1650498514,0.0,0.0005967405,0.0,2.3752450942993164e-05,2.3573637008666992e-05,730.0,643.0
1650498515,0.0,0.001192906,0.0,2.3752450942993164e-05,2.3573637008666992e-05,1459.0,1286.0
1650498516,0.0,0.001192906,0.0,2.3752450942993164e-05,2.3573637008666992e-05,1459.0,1286.0
1650498517,0.0,0.000781219,0.0,2.3752450942993164e-05,2.3573637008666992e-05,1001.0,783.0
1650498518,0.0,0.001271118,0.0,2.3752450942993164e-05,2.3573637008666992e-05,1843.0,2661.0
1650498519,0.0,0.001271118,0.0,2.3752450942993164e-05,2.3573637008666992e-05,1843.0,2661.0
1650498520,0.0,0.0011396495,0.0,2.3752450942993164e-05,2.3573637008666992e-05,1824.5,1673.5
1650498521,0.0,0.0011396495,0.0,2.3752450942993164e-05,2.3573637008666992e-05,1824.5,1673.5
1650498522,0.0,0.000990462,0.0,2.3752450942993164e-05,2.3573637008666992e-05,1459.5,1286.0
1650498523,0.0,0.000990462,0.0,2.3752450942993164e-05,2.3573637008666992e-05,1459.5,1286.0
1650498524,0.0,0.000704613,0.0,2.3752450942993164e-05,2.3573637008666992e-05,1094.5,964.5
1650498525,0.0,0.002010073,0.0,2.3752450942993164e-05,2.3573637008666992e-05,2920.0,2572.0
1650498526,0.0,0.002010073,0.0,2.3752450942993164e-05,2.3573637008666992e-05,2920.0,2572.0
1650498527,0.0,0.0015477135,0.005,2.3752450942993164e-05,2.3573637008666992e-05,2096.0,1813.5
1650498528,0.0,0.00128284,0.0,2.3752450942993164e-05,2.3573637008666992e-05,1844.0,3558.0
1650498529,0.0,0.00128284,0.0,2.3752450942993164e-05,2.3573637008666992e-05,1844.0,3558.0
1650498530,0.0,0.0006717055,0.0,2.3752450942993164e-05,2.3573637008666992e-05,1095.0,964.5
1650498531,0.0,0.0006717055,0.0,2.3752450942993164e-05,2.3573637008666992e-05,1095.0,964.5
1650498532,0.0,0.001073465,0.0,2.3752450942993164e-05,2.3573637008666992e-05,1459.5,1286.0
1650498533,0.0,0.001073465,0.0,2.3752450942993164e-05,2.3573637008666992e-05,1459.5,1286.0
1650498534,0.0,0.0007179105,0.0,2.3752450942993164e-05,2.3573637008666992e-05,1116.0,985.5
1650498535,0.01,0.00205168,0.0,2.3752450942993164e-05,2.3573637008666992e-05,2918.0,2572.0
1650498536,0.01,0.00205168,0.0,2.3752450942993164e-05,2.3573637008666992e-05,2918.0,2572.0
1650498537,0.0,0.001172132,0.0,2.339482307434082e-05,2.321600914001465e-05,1590.5,1286.0
1650498538,0.0,0.001636295,0.0,2.3752450942993164e-05,2.3573637008666992e-05,2125.0,3350.0
1650498539,0.0,0.001636295,0.0,2.3752450942993164e-05,2.3573637008666992e-05,2125.0,3350.0
1650498540,0.0,0.000253461,0.0,2.3752450942993164e-05,2.3573637008666992e-05,365.0,387.5
1650498541,0.0,0.000253461,0.0,2.3752450942993164e-05,2.3573637008666992e-05,365.0,387.5
1650498542,0.005,0.00077536,0.0,2.3752450942993164e-05,2.3573637008666992e-05,1093.5,1030.5
1650498543,0.01,0.001681848,0.0,2.3752450942993164e-05,2.3573637008666992e-05,2189.0,1929.0
1650498544,0.01,0.001681848,0.0,2.3752450942993164e-05,2.3573637008666992e-05,2189.0,1929.0
1650498545,0.0,0.0005315425,0.0,2.3752450942993164e-05,2.3573637008666992e-05,729.5,643.0
1650498546,0.0,0.001433058,0.0,2.3752450942993164e-05,2.3573637008666992e-05,2189.0,1929.0
1650498547,0.0,0.001433058,0.0,2.3752450942993164e-05,2.3573637008666992e-05,2189.0,1929.0
1650498548,0.0,0.0006182905,0.0,2.3752450942993164e-05,2.3573637008666992e-05,730.0,998.0
1650498549,0.0,0.001794658,0.01,2.3752450942993164e-05,2.3573637008666992e-05,2388.0,1756.0
1650498550,0.0,0.001794658,0.01,2.3752450942993164e-05,2.3573637008666992e-05,2388.0,1756.0
1650498551,0.0,0.0007671995,0.0,2.3752450942993164e-05,2.3573637008666992e-05,1095.0,1162.5
1650498552,0.0,0.000547434,0.0,2.3752450942993164e-05,2.3573637008666992e-05,730.0,643.0
1650498553,0.0,0.000547434,0.0,2.3752450942993164e-05,2.3573637008666992e-05,730.0,643.0
1650498554,0.0,0.000742494,0.0,2.3752450942993164e-05,2.3573637008666992e-05,1094.5,964.5
1650498555,0.0,0.000742494,0.0,2.3752450942993164e-05,2.3573637008666992e-05,1094.5,964.5
1650498556,0.0,0.0013596165,0.0,2.3752450942993164e-05,2.3573637008666992e-05,1824.5,1607.5
1650498557,0.0,0.002049427,0.0,2.3752450942993164e-05,2.3573637008666992e-05,2917.0,2572.0
1650498558,0.0,0.002049427,0.0,2.3752450942993164e-05,2.3573637008666992e-05,2917.0,2572.0
1650498559,0.0,0.0003984985,0.0,2.3752450942993164e-05,2.3573637008666992e-05,557.5,1266.5
1650498560,0.0,0.0003984985,0.0,2.3752450942993164e-05,2.3573637008666992e-05,557.5,1266.5
1650498561,0.0,0.001456754,0.0,2.3752450942993164e-05,2.3573637008666992e-05,2095.5,1813.5
1650498562,0.0,0.001565927,0.01,2.3752450942993164e-05,2.3573637008666992e-05,2188.0,2193.0
1650498563,0.0,0.001565927,0.01,2.3752450942993164e-05,2.3573637008666992e-05,2188.0,2193.0
1650498564,0.0,0.0004635475,0.0,2.3752450942993164e-05,2.3573637008666992e-05,750.5,664.0
1650498565,0.0,0.0004635475,0.0,2.3752450942993164e-05,2.3573637008666992e-05,750.5,664.0
1650498566,0.0,0.0008576235,0.0,2.3752450942993164e-05,2.3573637008666992e-05,1094.5,964.5
1650498567,0.0,0.001077817,0.01,2.3752450942993164e-05,2.3573637008666992e-05,1458.0,1286.0
1650498568,0.0,0.001444483,0.0,2.3752450942993164e-05,2.3573637008666992e-05,1845.0,2499.0
1650498569,0.0,0.001444483,0.0,2.3752450942993164e-05,2.3573637008666992e-05,1845.0,2499.0
1650498570,0.0,0.0005985805,0.0,2.339482307434082e-05,2.321600914001465e-05,861.5,643.0
1650498571,0.0,0.001324426,0.0,2.3752450942993164e-05,2.3573637008666992e-05,1740.0,1698.0
1650498572,0.0,0.001034274,0.0,2.3752450942993164e-05,2.3573637008666992e-05,1457.0,1550.0
1650498573,0.0,0.001720378,0.0,2.3752450942993164e-05,2.3573637008666992e-05,2189.0,1929.0
1650498574,0.0,0.001720378,0.0,2.3752450942993164e-05,2.3573637008666992e-05,2189.0,1929.0
1650498575,0.0,0.0005398875,0.0,2.3752450942993164e-05,2.3573637008666992e-05,729.5,643.0
1650498576,0.0,0.001032899,0.0,2.3752450942993164e-05,2.3573637008666992e-05,1460.0,1286.0
1650498577,0.0,0.000452531,0.0,2.3752450942993164e-05,2.3573637008666992e-05,730.0,643.0
1650498578,0.0,0.002012869,0.0,2.3752450942993164e-05,2.3573637008666992e-05,2575.0,3724.0
1650498579,0.0,0.002012869,0.0,2.3752450942993164e-05,2.3573637008666992e-05,2575.0,3724.0
1650498580,0.0,0.000805391,0.0,2.3752450942993164e-05,2.3573637008666992e-05,1095.0,964.5
1650498581,0.0,0.000805391,0.0,2.3752450942993164e-05,2.3573637008666992e-05,1095.0,964.5
1650498582,0.0,0.0010421645,0.0,2.3752450942993164e-05,2.3573637008666992e-05,1367.0,1170.5
1650498583,0.0,0.0010421645,0.0,2.3752450942993164e-05,2.3573637008666992e-05,1367.0,1170.5
1650498584,0.0,0.0012171535,0.0,2.3752450942993164e-05,2.3573637008666992e-05,1823.5,1739.5
1650498585,0.0,0.001885597,0.0,2.3752450942993164e-05,2.3573637008666992e-05,2920.0,2572.0
1650498586,0.0,0.001606697,0.0,2.3752450942993164e-05,2.3573637008666992e-05,2189.0,1929.0
1650498587,0.0,0.001606697,0.0,2.3752450942993164e-05,2.3573637008666992e-05,2189.0,1929.0
1650498588,0.005,0.0008958005,0.0,2.3752450942993164e-05,2.3573637008666992e-05,1094.5,1638.5
1650498589,0.0,0.000770638,0.0,2.3752450942993164e-05,2.3573637008666992e-05,1115.0,833.0
1650498590,0.0,0.000770638,0.0,2.3752450942993164e-05,2.3573637008666992e-05,1115.0,833.0
1650498591,0.0,0.001030194,0.0,2.3752450942993164e-05,2.3573637008666992e-05,1459.5,1286.0
1650498592,0.0,0.001568067,0.0,2.3752450942993164e-05,2.3573637008666992e-05,2003.0,1566.0
1650498593,0.0,0.000971222,0.0,2.3752450942993164e-05,2.3573637008666992e-05,1501.0,1592.0
1650498594,0.0,0.000971222,0.0,2.3752450942993164e-05,2.3573637008666992e-05,1501.0,1592.0
1650498595,0.0,0.001203513,0.0,2.3752450942993164e-05,2.3573637008666992e-05,1824.5,1673.5
1650498596,0.0,0.000428087,0.0,2.3752450942993164e-05,2.3573637008666992e-05,730.0,643.0
1650498597,0.0,0.000883804,0.0,2.3752450942993164e-05,2.3573637008666992e-05,1460.0,1286.0
1650498598,0.0,0.000883804,0.0,2.3752450942993164e-05,2.3573637008666992e-05,1460.0,1286.0
1650498599,0.0,0.000616806,0.0,2.3752450942993164e-05,2.3573637008666992e-05,922.5,1142.5
1650498600,0.01,0.001043409,0.0,2.3752450942993164e-05,2.3573637008666992e-05,1459.0,1286.0
1650498601,0.01,0.001043409,0.0,2.3752450942993164e-05,2.3573637008666992e-05,1459.0,1286.0
1650498602,0.0,0.000576861,0.0,2.3752450942993164e-05,2.3573637008666992e-05,858.5,693.0
1650498603,0.0,0.003160979,0.0,2.3752450942993164e-05,2.3573637008666992e-05,4663.0,4434.0
1650498604,0.0,0.000560959,0.0,2.3752450942993164e-05,2.3573637008666992e-05,730.0,643.0
1650498605,0.0,0.000560959,0.0,2.3752450942993164e-05,2.3573637008666992e-05,730.0,643.0
1650498606,0.0,0.0012765275,0.0,2.3752450942993164e-05,2.3573637008666992e-05,1824.5,1607.5
1650498607,0.0,0.0012765275,0.0,2.3752450942993164e-05,2.3573637008666992e-05,1824.5,1607.5
1650498608,0.0,0.000630154,0.0,2.3752450942993164e-05,2.3573637008666992e-05,729.5,1153.0
1650498609,0.0,0.000770236,0.0,2.3752450942993164e-05,2.3573637008666992e-05,1115.0,833.0
1650498610,0.0,0.000770236,0.0,2.3752450942993164e-05,2.3573637008666992e-05,1115.0,833.0
1650498611,0.0,0.000791021,0.0,2.3752450942993164e-05,2.3573637008666992e-05,1094.0,964.5
1650498612,0.0,0.001470729,0.0,2.3752450942993164e-05,2.3573637008666992e-05,2189.0,1929.0
1650498613,0.0,0.001470729,0.0,2.3752450942993164e-05,2.3573637008666992e-05,2189.0,1929.0
1650498614,0.0,0.0012290955,0.0,2.3752450942993164e-05,2.3573637008666992e-05,1731.0,1558.0
1650498615,0.0,0.001601453,0.0,2.3752450942993164e-05,2.3573637008666992e-05,2188.0,2061.0
1650498616,0.0,0.001601453,0.0,2.3752450942993164e-05,2.3573637008666992e-05,2188.0,2061.0
1650498617,0.0,0.000539715,0.0,2.3752450942993164e-05,2.3573637008666992e-05,729.5,643.0
1650498618,0.0,0.001097416,0.0,2.3752450942993164e-05,2.3573637008666992e-05,1460.0,2746.0
1650498619,0.0,0.001097416,0.0,2.3752450942993164e-05,2.3573637008666992e-05,1460.0,2746.0
1650498620,0.0,0.000907842,0.005,2.3752450942993164e-05,2.3573637008666992e-05,1286.5,1059.5
1650498621,0.0,0.000907842,0.005,2.3752450942993164e-05,2.3573637008666992e-05,1286.5,1059.5
1650498622,0.005,0.0008337655,0.0,2.3752450942993164e-05,2.3573637008666992e-05,1095.0,964.5
1650498623,0.005,0.0008337655,0.0,2.3752450942993164e-05,2.3573637008666992e-05,1095.0,964.5
1650498624,0.0,0.001049453,0.0,2.339482307434082e-05,2.321600914001465e-05,1612.5,1307.0
1650498625,0.0,0.002380914,0.0,2.3752450942993164e-05,2.3573637008666992e-05,3200.0,3248.0
1650498626,0.0,0.001529136,0.0,2.3752450942993164e-05,2.3573637008666992e-05,2190.0,1929.0
1650498627,0.0,0.001529136,0.0,2.3752450942993164e-05,2.3573637008666992e-05,2190.0,1929.0
1650498628,0.0,0.0002437125,0.0,2.3752450942993164e-05,2.3573637008666992e-05,365.0,779.0
1650498629,0.0,0.002545845,0.01,2.3752450942993164e-05,2.3573637008666992e-05,3303.0,2762.0
1650498630,0.0,0.002187123,0.0,2.3752450942993164e-05,2.3573637008666992e-05,2915.0,2572.0
1650498631,0.0,0.002187123,0.0,2.3752450942993164e-05,2.3573637008666992e-05,2915.0,2572.0
1650498632,0.0,0.0007245465,0.0,2.3752450942993164e-05,2.3573637008666992e-05,1094.5,964.5
1650498633,0.0,0.0007245465,0.0,2.3752450942993164e-05,2.3573637008666992e-05,1094.5,964.5
1650498634,0.0,0.0004598995,0.0,2.3752450942993164e-05,2.3573637008666992e-05,730.0,643.0
1650498635,0.0,0.0004598995,0.0,2.3752450942993164e-05,2.3573637008666992e-05,730.0,643.0
1650498636,0.0,0.00108822,0.0,2.3752450942993164e-05,2.3573637008666992e-05,1366.5,1170.5
1650498637,0.0,0.00172377,0.0,2.3752450942993164e-05,2.3573637008666992e-05,2186.0,2193.0
1650498638,0.0,0.00172377,0.0,2.3752450942993164e-05,2.3573637008666992e-05,2186.0,2193.0
1650498639,0.0,0.0008194925,0.0,2.3752450942993164e-05,2.3573637008666992e-05,922.0,1648.0
1650498640,0.0,0.0008194925,0.0,2.3752450942993164e-05,2.3573637008666992e-05,922.0,1648.0
1650498641,0.0,0.000513133,0.0,2.3752450942993164e-05,2.3573637008666992e-05,730.0,643.0
1650498642,0.0,0.000513133,0.0,2.3752450942993164e-05,2.3573637008666992e-05,730.0,643.0
1650498643,0.0,0.000706086,0.0,2.3752450942993164e-05,2.3573637008666992e-05,1094.5,964.5
1650498644,0.0,0.000932547,0.0,2.3752450942993164e-05,2.3573637008666992e-05,1459.0,1286.0
1650498645,0.0,0.001174494,0.01,2.345442771911621e-05,2.327561378479004e-05,1724.0,1286.0
1650498646,0.0,0.001174494,0.01,2.345442771911621e-05,2.327561378479004e-05,1724.0,1286.0
1650498647,0.0,0.0009276555,0.0,2.3752450942993164e-05,2.3573637008666992e-05,1234.5,1236.5
1650498648,0.0,0.0009276555,0.0,2.3752450942993164e-05,2.3573637008666992e-05,1234.5,1236.5
1650498649,0.0,0.0009067985,0.0,2.3752450942993164e-05,2.3573637008666992e-05,1285.5,1475.5
1650498650,0.0,0.001680413,0.0,2.3752450942993164e-05,2.3573637008666992e-05,2188.0,1929.0
1650498651,0.01,0.001040123,0.0,2.3752450942993164e-05,2.3573637008666992e-05,1459.0,1286.0
1650498652,0.01,0.001040123,0.0,2.3752450942993164e-05,2.3573637008666992e-05,1459.0,1286.0
1650498653,0.0,0.000456566,0.0,2.3752450942993164e-05,2.3573637008666992e-05,817.0,730.0
1650498654,0.0,0.00095879,0.0,2.3752450942993164e-05,2.3573637008666992e-05,1459.0,1286.0
1650498655,0.0,0.000456494,0.0,2.3752450942993164e-05,2.3573637008666992e-05,730.0,643.0
1650498656,0.0,0.000456494,0.0,2.3752450942993164e-05,2.3573637008666992e-05,730.0,643.0
1650498657,0.0,0.001049251,0.0,2.3752450942993164e-05,2.3573637008666992e-05,1365.5,1104.5
1650498658,0.0,0.001049251,0.0,2.3752450942993164e-05,2.3573637008666992e-05,1365.5,1104.5
1650498659,0.0,0.0011625765,0.0,2.3752450942993164e-05,2.3573637008666992e-05,1652.0,2096.0
1650498660,0.0,0.0011625765,0.0,2.3752450942993164e-05,2.3573637008666992e-05,1652.0,2096.0
1650498661,0.0,0.000943339,0.0,2.3752450942993164e-05,2.3573637008666992e-05,1459.0,1286.0
1650498662,0.0,0.001309122,0.0,2.3752450942993164e-05,2.3573637008666992e-05,2189.0,1929.0
1650498663,0.0,0.001309122,0.0,2.3752450942993164e-05,2.3573637008666992e-05,2189.0,1929.0
1650498664,0.0,0.0004745175,0.0,2.3752450942993164e-05,2.3573637008666992e-05,730.0,643.0
1650498665,0.0,0.001136096,0.0,2.3752450942993164e-05,2.3573637008666992e-05,1459.0,1286.0
1650498666,0.0,0.001360675,0.0,2.3752450942993164e-05,2.3573637008666992e-05,2190.0,1929.0
1650498667,0.0,0.000597109,0.0,2.3752450942993164e-05,2.3573637008666992e-05,728.0,643.0
1650498668,0.0,0.000597109,0.0,2.3752450942993164e-05,2.3573637008666992e-05,728.0,643.0
1650498669,0.0,0.0012520885,0.005,2.3752450942993164e-05,2.3573637008666992e-05,1559.0,1782.0
1650498670,0.0,0.0012520885,0.005,2.3752450942993164e-05,2.3573637008666992e-05,1559.0,1782.0
1650498671,0.0,0.000733708,0.0,2.3752450942993164e-05,2.3573637008666992e-05,1094.5,1096.5
1650498672,0.0,0.001511051,0.0,2.3752450942993164e-05,2.3573637008666992e-05,2189.0,1929.0
1650498673,0.0,0.001511051,0.0,2.3752450942993164e-05,2.3573637008666992e-05,2189.0,1929.0
1650498674,0.0,0.000962418,0.0,2.3752450942993164e-05,2.3573637008666992e-05,1459.5,1286.0
1650498675,0.0,0.002100331,0.01,2.3752450942993164e-05,2.3573637008666992e-05,2920.0,2572.0
1650498676,0.0,0.002100331,0.01,2.3752450942993164e-05,2.3573637008666992e-05,2920.0,2572.0
1650498677,0.0,0.000774474,0.0,2.3752450942993164e-05,2.3573637008666992e-05,1094.5,964.5
1650498678,0.0,0.001577744,0.0,2.339482307434082e-05,2.321600914001465e-05,2108.0,3054.0
1650498679,0.0,0.001577744,0.0,2.339482307434082e-05,2.321600914001465e-05,2108.0,3054.0
1650498680,0.005,0.000851044,0.0,2.3752450942993164e-05,2.3573637008666992e-05,1233.5,1236.5
1650498681,0.005,0.000851044,0.0,2.3752450942993164e-05,2.3573637008666992e-05,1233.5,1236.5
1650498682,0.0,0.0005273175,0.0,2.3752450942993164e-05,2.3573637008666992e-05,729.0,709.0
1650498683,0.0,0.001406942,0.0,2.3752450942993164e-05,2.3573637008666992e-05,2231.0,1971.0
1650498684,0.0,0.001406942,0.0,2.3752450942993164e-05,2.3573637008666992e-05,2231.0,1971.0
1650498685,0.0,0.0002898865,0.0,2.3752450942993164e-05,2.3573637008666992e-05,365.0,321.5
1650498686,0.0,0.001542868,0.0,2.3752450942993164e-05,2.3573637008666992e-05,2188.0,1929.0
1650498687,0.0,0.001542868,0.0,2.3752450942993164e-05,2.3573637008666992e-05,2188.0,1929.0
1650498688,0.0,0.001414204,0.0,2.3752450942993164e-05,2.3573637008666992e-05,1824.5,2072.5
1650498689,0.01,0.001457431,0.0,2.339482307434082e-05,2.321600914001465e-05,2108.0,1476.0
1650498690,0.0,0.001266414,0.0,2.3752450942993164e-05,2.3573637008666992e-05,1740.0,1698.0
1650498691,0.0,0.001266414,0.0,2.3752450942993164e-05,2.3573637008666992e-05,1740.0,1698.0
1650498692,0.0,0.000514423,0.0,2.3752450942993164e-05,2.3573637008666992e-05,730.0,775.0
1650498693,0.0,0.001038668,0.0,2.3752450942993164e-05,2.3573637008666992e-05,1459.0,1286.0
1650498694,0.0,0.001038668,0.0,2.3752450942993164e-05,2.3573637008666992e-05,1459.0,1286.0
1650498695,0.0,0.0010061055,0.0,2.3752450942993164e-05,2.3573637008666992e-05,1459.5,1286.0
1650498696,0.0,0.000525025,0.01,2.3752450942993164e-05,2.3573637008666992e-05,730.0,643.0
1650498697,0.0,0.000525025,0.01,2.3752450942993164e-05,2.3573637008666992e-05,730.0,643.0
1650498698,0.0,0.000877301,0.0,2.3752450942993164e-05,2.3573637008666992e-05,1094.5,1369.5
1650498699,0.0,0.000877301,0.0,2.3752450942993164e-05,2.3573637008666992e-05,1094.5,1369.5
1650498700,0.0,0.0006697365,0.0,2.339482307434082e-05,2.321600914001465e-05,1054.0,738.0
1650498701,0.0,0.001795212,0.01,2.3752450942993164e-05,2.3573637008666992e-05,2468.0,2473.0
1650498702,0.0,0.002563623,0.0,2.3752450942993164e-05,2.3573637008666992e-05,3647.0,3347.0
1650498703,0.0,0.002563623,0.0,2.3752450942993164e-05,2.3573637008666992e-05,3647.0,3347.0
1650498704,0.0,0.000807317,0.0,2.3752450942993164e-05,2.3573637008666992e-05,1094.5,964.5
1650498705,0.0,0.000807317,0.0,2.3752450942993164e-05,2.3573637008666992e-05,1094.5,964.5
1650498706,0.0,0.001019763,0.0,2.3752450942993164e-05,2.3573637008666992e-05,1459.5,1286.0
1650498707,0.0,0.000541877,0.0,2.3752450942993164e-05,2.3573637008666992e-05,729.0,643.0
1650498708,0.0,0.000983836,0.0,2.3752450942993164e-05,2.3573637008666992e-05,1460.0,2319.0
1650498709,0.0,0.001680779,0.0,2.3752450942993164e-05,2.3573637008666992e-05,2574.0,2119.0
1650498710,0.0,0.001680779,0.0,2.3752450942993164e-05,2.3573637008666992e-05,2574.0,2119.0
1650498711,0.0,0.000453532,0.0,2.3752450942993164e-05,2.3573637008666992e-05,730.0,643.0
1650498712,0.0,0.000673099,0.0,2.339482307434082e-05,2.321600914001465e-05,994.0,643.0
1650498713,0.0,0.000801065,0.0,2.3752450942993164e-05,2.3573637008666992e-05,1052.0,965.0
1650498714,0.0,0.000801065,0.0,2.3752450942993164e-05,2.3573637008666992e-05,1052.0,965.0
1650498715,0.0,0.0007045315,0.0,2.3752450942993164e-05,2.3573637008666992e-05,1095.0,1162.5
1650498716,0.0,0.0007045315,0.0,2.3752450942993164e-05,2.3573637008666992e-05,1095.0,1162.5
1650498717,0.005,0.000514953,0.0,2.3752450942993164e-05,2.3573637008666992e-05,729.5,643.0
1650498718,0.0,0.001095469,0.0,2.3752450942993164e-05,2.3573637008666992e-05,1460.0,1674.0
1650498719,0.0,0.001095469,0.0,2.3752450942993164e-05,2.3573637008666992e-05,1460.0,1674.0
1650498720,0.0,0.000620728,0.0,2.3752450942993164e-05,2.3573637008666992e-05,922.5,738.0
1650498721,0.0,0.001109934,0.0,2.3752450942993164e-05,2.3573637008666992e-05,1460.0,1286.0
1650498722,0.0,0.001109934,0.0,2.3752450942993164e-05,2.3573637008666992e-05,1460.0,1286.0
1650498723,0.0,0.001058178,0.0,2.3752450942993164e-05,2.3573637008666992e-05,1460.0,1286.0
1650498724,0.0,0.001490562,0.0,2.3752450942993164e-05,2.3573637008666992e-05,2003.0,1566.0
1650498725,0.0,0.001490562,0.0,2.3752450942993164e-05,2.3573637008666992e-05,2003.0,1566.0
1650498726,0.005,0.000449562,0.0,2.3752450942993164e-05,2.3573637008666992e-05,729.0,775.0
1650498727,0.0,0.001711981,0.0,2.3752450942993164e-05,2.3573637008666992e-05,2189.0,2061.0
1650498728,0.0,0.000937159,0.0,2.3752450942993164e-05,2.3573637008666992e-05,1113.0,1861.0
1650498729,0.0,0.000937159,0.0,2.3752450942993164e-05,2.3573637008666992e-05,1113.0,1861.0
1650498730,0.0,0.0009546615,0.0,2.3752450942993164e-05,2.3573637008666992e-05,1458.5,1286.0
1650498731,0.0,0.000970761,0.0,2.3752450942993164e-05,2.3573637008666992e-05,1460.0,1286.0
1650498732,0.0,0.000901163,0.0,2.3752450942993164e-05,2.3573637008666992e-05,1459.0,1286.0
1650498733,0.0,0.000901163,0.0,2.3752450942993164e-05,2.3573637008666992e-05,1459.0,1286.0
1650498734,0.0,0.000291981,0.0,2.3752450942993164e-05,2.3573637008666992e-05,560.5,437.5
1650498735,0.0,0.001698517,0.0,2.3752450942993164e-05,2.3573637008666992e-05,2475.0,2109.0
1650498736,0.0,0.000448095,0.0,2.3752450942993164e-05,2.3573637008666992e-05,729.0,775.0
1650498737,0.0,0.000448095,0.0,2.3752450942993164e-05,2.3573637008666992e-05,729.0,775.0
1650498738,0.0,0.0008323955,0.0,2.3752450942993164e-05,2.3573637008666992e-05,1094.5,1292.5
1650498739,0.0,0.0008323955,0.0,2.3752450942993164e-05,2.3573637008666992e-05,1094.5,1292.5
1650498740,0.0,0.0006117295,0.0,2.3752450942993164e-05,2.3573637008666992e-05,922.5,738.0
1650498741,0.0,0.001861751,0.0,2.3752450942993164e-05,2.3573637008666992e-05,2190.0,1929.0
1650498742,0.0,0.00151341,0.0,2.3752450942993164e-05,2.3573637008666992e-05,2189.0,1929.0
1650498743,0.0,0.00151341,0.0,2.3752450942993164e-05,2.3573637008666992e-05,2189.0,1929.0
1650498744,0.0,0.0005057265,0.0,2.3752450942993164e-05,2.3573637008666992e-05,730.0,643.0
1650498745,0.0,0.0005057265,0.0,2.3752450942993164e-05,2.3573637008666992e-05,730.0,643.0
1650498746,0.0,0.000599624,0.0,2.339482307434082e-05,2.321600914001465e-05,862.0,643.0
1650498747,0.0,0.000599624,0.0,2.339482307434082e-05,2.321600914001465e-05,862.0,643.0
1650498748,0.005,0.001499953,0.0,2.3752450942993164e-05,2.3573637008666992e-05,1964.5,2575.0
1650498749,0.0,0.001206147,0.0,2.3752450942993164e-05,2.3573637008666992e-05,1845.0,1476.0
1650498750,0.0,0.001555944,0.0,2.3752450942993164e-05,2.3573637008666992e-05,2189.0,1929.0
1650498751,0.0,0.001555944,0.0,2.3752450942993164e-05,2.3573637008666992e-05,2189.0,1929.0
1650498752,0.0,0.0005717565,0.0,2.3752450942993164e-05,2.3573637008666992e-05,729.5,643.0
1650498753,0.0,0.0005717565,0.0,2.3752450942993164e-05,2.3573637008666992e-05,729.5,643.0
1650498754,0.0,0.0004671645,0.0,2.3752450942993164e-05,2.3573637008666992e-05,730.0,643.0
1650498755,0.0,0.000986254,0.0,2.3752450942993164e-05,2.3573637008666992e-05,1460.0,1286.0
1650498756,0.0,0.000986254,0.0,2.3752450942993164e-05,2.3573637008666992e-05,1460.0,1286.0
1650498757,0.0,0.0007986185,0.0,2.339482307434082e-05,2.321600914001465e-05,1227.0,964.5
1650498758,0.0,0.0007986185,0.0,2.339482307434082e-05,2.321600914001465e-05,1227.0,964.5
1650498759,0.005,0.001217975,0.005,2.3752450942993164e-05,2.3573637008666992e-05,1427.5,1744.5
1650498760,0.0,0.000622447,0.0,2.3752450942993164e-05,2.3573637008666992e-05,729.0,775.0
1650498761,0.0,0.001173425,0.0,2.3752450942993164e-05,2.3573637008666992e-05,1459.0,1286.0
1650498762,0.0,0.001173425,0.0,2.3752450942993164e-05,2.3573637008666992e-05,1459.0,1286.0
1650498763,0.0,0.000292927,0.0,2.3752450942993164e-05,2.3573637008666992e-05,386.0,342.5
1650498764,0.0,0.000292927,0.0,2.3752450942993164e-05,2.3573637008666992e-05,386.0,342.5
1650498765,0.0,0.001126883,0.0,2.3752450942993164e-05,2.3573637008666992e-05,1459.0,1286.0
1650498766,0.0,0.001335252,0.0,2.3752450942993164e-05,2.3573637008666992e-05,1459.0,1286.0
1650498767,0.0,0.000470153,0.0,2.3752450942993164e-05,2.3573637008666992e-05,730.0,643.0
1650498768,0.0,0.000470153,0.0,2.3752450942993164e-05,2.3573637008666992e-05,730.0,643.0
1650498769,0.0,0.0007358725,0.0,2.339482307434082e-05,2.321600914001465e-05,1054.5,1538.0
1650498770,0.0,0.000795192,0.0,2.3752450942993164e-05,2.3573637008666992e-05,1010.0,923.0
1650498771,0.0,0.001544877,0.0,2.3752450942993164e-05,2.3573637008666992e-05,2190.0,2325.0
1650498772,0.0,0.001544877,0.0,2.3752450942993164e-05,2.3573637008666992e-05,2190.0,2325.0
1650498773,0.0,0.0010412355,0.0,2.3752450942993164e-05,2.3573637008666992e-05,1460.0,1286.0
1650498774,0.0,0.0010412355,0.0,2.3752450942993164e-05,2.3573637008666992e-05,1460.0,1286.0
1650498775,0.0,0.000577444,0.005,2.3752450942993164e-05,2.3573637008666992e-05,729.5,643.0
1650498776,0.0,0.001046945,0.0,2.3752450942993164e-05,2.3573637008666992e-05,1458.0,1286.0
1650498777,0.0,0.000479409,0.0,2.3752450942993164e-05,2.3573637008666992e-05,730.0,643.0
1650498778,0.0,0.000479409,0.0,2.3752450942993164e-05,2.3573637008666992e-05,730.0,643.0
1650498779,0.0,0.00116417,0.0,2.339482307434082e-05,2.321600914001465e-05,1419.0,1786.5
1650498780,0.0,0.001774058,0.0,2.3752450942993164e-05,2.3573637008666992e-05,2468.0,2473.0
1650498781,0.0,0.001774058,0.0,2.3752450942993164e-05,2.3573637008666992e-05,2468.0,2473.0
1650498782,0.0,0.000473247,0.0,2.3752450942993164e-05,2.3573637008666992e-05,730.0,709.0
1650498783,0.0,0.001513006,0.01,2.3752450942993164e-05,2.3573637008666992e-05,2188.0,1929.0
1650498784,0.0,0.000422445,0.0,2.3752450942993164e-05,2.3573637008666992e-05,730.0,643.0
1650498785,0.0,0.000422445,0.0,2.3752450942993164e-05,2.3573637008666992e-05,730.0,643.0
1650498786,0.0,0.000502415,0.0,2.3752450942993164e-05,2.3573637008666992e-05,730.0,643.0
1650498787,0.0,0.000502415,0.0,2.3752450942993164e-05,2.3573637008666992e-05,730.0,643.0
1650498788,0.0,0.0010749535,0.0,2.3752450942993164e-05,2.3573637008666992e-05,1459.0,1797.5
1650498789,0.0,0.0010749535,0.0,2.3752450942993164e-05,2.3573637008666992e-05,1459.0,1797.5
1650498790,0.005,0.001410809,0.0,2.3752450942993164e-05,2.3573637008666992e-05,1923.0,1521.0
1650498791,0.0,0.000942123,0.0,2.3752450942993164e-05,2.3573637008666992e-05,1459.0,1550.0
1650498792,0.0,0.000942123,0.0,2.3752450942993164e-05,2.3573637008666992e-05,1459.0,1550.0
1650498793,0.0,0.0005303805,0.0,2.3752450942993164e-05,2.3573637008666992e-05,729.0,709.0
1650498794,0.0,0.001023367,0.0,2.3752450942993164e-05,2.3573637008666992e-05,1459.0,1286.0
1650498795,0.0,0.001023367,0.0,2.3752450942993164e-05,2.3573637008666992e-05,1459.0,1286.0
1650498796,0.0,0.000789972,0.005,2.3752450942993164e-05,2.3573637008666992e-05,1094.0,964.5
1650498797,0.0,0.001522478,0.0,2.3752450942993164e-05,2.3573637008666992e-05,2189.0,1929.0
1650498798,0.0,0.001522478,0.0,2.3752450942993164e-05,2.3573637008666992e-05,2189.0,1929.0
1650498799,0.005,0.000725186,0.0,2.3752450942993164e-05,2.3573637008666992e-05,922.0,1461.5
1650498800,0.01,0.002146004,0.0,2.3752450942993164e-05,2.3573637008666992e-05,2732.0,2209.0
1650498801,0.01,0.002146004,0.0,2.3752450942993164e-05,2.3573637008666992e-05,2732.0,2209.0
1650498802,0.0,0.000769287,0.0,2.3752450942993164e-05,2.3573637008666992e-05,1094.5,1162.5
1650498803,0.0,0.000769287,0.0,2.3752450942993164e-05,2.3573637008666992e-05,1094.5,1162.5
1650498804,0.0,0.00081686,0.0,2.3752450942993164e-05,2.3573637008666992e-05,1095.0,964.5
1650498805,0.0,0.00081686,0.0,2.3752450942993164e-05,2.3573637008666992e-05,1095.0,964.5
1650498806,0.0,0.00113752,0.0,2.3752450942993164e-05,2.3573637008666992e-05,1458.0,1286.0
1650498807,0.0,0.001260909,0.0,2.3752450942993164e-05,2.3573637008666992e-05,1459.0,1286.0
1650498808,0.0,0.001152771,0.0,2.3752450942993164e-05,2.3573637008666992e-05,1114.0,3284.0
1650498809,0.0,0.001152771,0.0,2.3752450942993164e-05,2.3573637008666992e-05,1114.0,3284.0
1650498810,0.0,0.0013199405,0.0,2.3752450942993164e-05,2.3573637008666992e-05,1824.5,1607.5
1650498811,0.0,0.001473681,0.0,2.3752450942993164e-05,2.3573637008666992e-05,2004.0,1566.0
1650498812,0.01,0.000648633,0.0,2.3752450942993164e-05,2.3573637008666992e-05,730.0,775.0
1650498813,0.01,0.000648633,0.0,2.3752450942993164e-05,2.3573637008666992e-05,730.0,775.0
1650498814,0.0,0.000467609,0.0,2.3752450942993164e-05,2.3573637008666992e-05,751.0,796.0
1650498815,0.0,0.000467609,0.0,2.3752450942993164e-05,2.3573637008666992e-05,751.0,796.0
1650498816,0.0,0.000881051,0.0,2.3752450942993164e-05,2.3573637008666992e-05,1095.0,964.5
1650498817,0.0,0.000881051,0.0,2.3752450942993164e-05,2.3573637008666992e-05,1095.0,964.5
1650498818,0.0,0.000716155,0.0,2.3752450942993164e-05,2.3573637008666992e-05,1094.5,964.5
1650498819,0.0,0.000844023,0.0,2.3752450942993164e-05,2.3573637008666992e-05,1113.0,1990.0
1650498820,0.0,0.001082895,0.0,2.3752450942993164e-05,2.3573637008666992e-05,1459.0,1286.0
1650498821,0.0,0.001082895,0.0,2.3752450942993164e-05,2.3573637008666992e-05,1459.0,1286.0
1650498822,0.0,0.0008908565,0.0,2.339482307434082e-05,2.321600914001465e-05,1227.0,964.5
1650498823,0.0,0.000878667,0.0,2.3752450942993164e-05,2.3573637008666992e-05,1009.0,923.0
1650498824,0.0,0.000878667,0.0,2.3752450942993164e-05,2.3573637008666992e-05,1009.0,923.0
1650498825,0.0,0.000745848,0.0,2.3752450942993164e-05,2.3573637008666992e-05,1094.0,1162.5
1650498826,0.0,0.001711319,0.01,2.3752450942993164e-05,2.3573637008666992e-05,2190.0,1929.0
1650498827,0.0,0.001112128,0.0,2.3752450942993164e-05,2.3573637008666992e-05,1460.0,1286.0
1650498828,0.0,0.001112128,0.0,2.3752450942993164e-05,2.3573637008666992e-05,1460.0,1286.0
1650498829,0.0,0.001241467,0.0,2.3752450942993164e-05,2.3573637008666992e-05,1652.0,2052.0
1650498830,0.0,0.001491115,0.0,2.3752450942993164e-05,2.3573637008666992e-05,2190.0,1929.0
1650498831,0.0,0.001491115,0.0,2.3752450942993164e-05,2.3573637008666992e-05,2190.0,1929.0
1650498832,0.0,0.001275086,0.0,2.3752450942993164e-05,2.3573637008666992e-05,1825.0,1607.5
1650498833,0.0,0.001135293,0.0,2.339482307434082e-05,2.321600914001465e-05,1724.0,1286.0
1650498834,0.0,0.001135293,0.0,2.339482307434082e-05,2.321600914001465e-05,1724.0,1286.0
1650498835,0.0,0.000948518,0.0,2.3752450942993164e-05,2.3573637008666992e-05,1235.0,1236.5
1650498836,0.0,0.001736717,0.0,2.3752450942993164e-05,2.3573637008666992e-05,2190.0,2061.0
1650498837,0.0,0.001019504,0.0,2.3752450942993164e-05,2.3573637008666992e-05,1460.0,1286.0
1650498838,0.0,0.001019504,0.0,2.3752450942993164e-05,2.3573637008666992e-05,1460.0,1286.0
1650498839,0.0,0.000976438,0.0,2.3752450942993164e-05,2.3573637008666992e-05,1287.0,1914.5
1650498840,0.0,0.000976438,0.0,2.3752450942993164e-05,2.3573637008666992e-05,1287.0,1914.5
1650498841,0.0,0.000548624,0.0,2.3752450942993164e-05,2.3573637008666992e-05,730.0,643.0
1650498842,0.0,0.00218925,0.01,2.3752450942993164e-05,2.3573637008666992e-05,2918.0,2572.0
1650498843,0.0,0.00218925,0.01,2.3752450942993164e-05,2.3573637008666992e-05,2918.0,2572.0
1650498844,0.0,0.0005066695,0.0,2.3752450942993164e-05,2.3573637008666992e-05,729.5,643.0
1650498845,0.0,0.001860915,0.0,2.3752450942993164e-05,2.3573637008666992e-05,2734.0,2341.0
1650498846,0.0,0.001860915,0.0,2.3752450942993164e-05,2.3573637008666992e-05,2734.0,2341.0
1650498847,0.0,0.0009760355,0.0,2.3752450942993164e-05,2.3573637008666992e-05,1460.0,1418.0
1650498848,0.0,0.0009760355,0.0,2.3752450942993164e-05,2.3573637008666992e-05,1460.0,1418.0
1650498849,0.0,0.00065437,0.0,2.3752450942993164e-05,2.3573637008666992e-05,922.5,1201.0
1650498850,0.0,0.00065437,0.0,2.3752450942993164e-05,2.3573637008666992e-05,922.5,1201.0
1650498851,0.0,0.0013089915,0.0,2.3752450942993164e-05,2.3573637008666992e-05,1823.0,1607.5
1650498852,0.01,0.001728966,0.0,2.3752450942993164e-05,2.3573637008666992e-05,2187.0,1929.0
1650498853,0.01,0.001728966,0.0,2.3752450942993164e-05,2.3573637008666992e-05,2187.0,1929.0
1650498854,0.0,0.0007904485,0.0,2.3752450942993164e-05,2.3573637008666992e-05,1093.0,964.5
1650498855,0.0,0.0007904485,0.0,2.3752450942993164e-05,2.3573637008666992e-05,1093.0,964.5
1650498856,0.0,0.001014793,0.0,2.3752450942993164e-05,2.3573637008666992e-05,1366.5,1170.5
1650498857,0.0,0.001014793,0.0,2.3752450942993164e-05,2.3573637008666992e-05,1366.5,1170.5
1650498858,0.005,0.000953118,0.0,2.3752450942993164e-05,2.3573637008666992e-05,1460.0,1418.0
1650498859,0.0,0.002919162,0.0,2.3752450942993164e-05,2.3573637008666992e-05,4029.0,5314.0
1650498860,0.0,0.002919162,0.0,2.3752450942993164e-05,2.3573637008666992e-05,4029.0,5314.0
1650498861,0.0,0.000449497,0.0,2.3752450942993164e-05,2.3573637008666992e-05,730.0,643.0
1650498862,0.0,0.000449497,0.0,2.3752450942993164e-05,2.3573637008666992e-05,730.0,643.0
1650498863,0.0,0.0011791345,0.0,2.3752450942993164e-05,2.3573637008666992e-05,1823.5,1607.5
1650498864,0.0,0.000479479,0.0,2.3752450942993164e-05,2.3573637008666992e-05,772.0,685.0
1650498865,0.0,0.000901939,0.0,2.3752450942993164e-05,2.3573637008666992e-05,1460.0,1286.0
1650498866,0.0,0.00147122,0.0,2.3752450942993164e-05,2.3573637008666992e-05,2003.0,1566.0
1650498867,0.0,0.00050398,0.0,2.3752450942993164e-05,2.3573637008666992e-05,730.0,775.0
1650498868,0.0,0.00050398,0.0,2.3752450942993164e-05,2.3573637008666992e-05,730.0,775.0
1650498869,0.0,0.001922402,0.005,2.3752450942993164e-05,2.3573637008666992e-05,2380.0,2723.0
1650498870,0.0,0.001922402,0.005,2.3752450942993164e-05,2.3573637008666992e-05,2380.0,2723.0
1650498871,0.0,0.0004924885,0.0,2.3752450942993164e-05,2.3573637008666992e-05,730.0,643.0
1650498872,0.0,0.0004924885,0.0,2.3752450942993164e-05,2.3573637008666992e-05,730.0,643.0
1650498873,0.0,0.0007995025,0.0,2.3752450942993164e-05,2.3573637008666992e-05,1095.0,964.5
1650498874,0.0,0.000977658,0.0,2.3752450942993164e-05,2.3573637008666992e-05,1459.0,1286.0
1650498875,0.0,0.000613457,0.0,2.3752450942993164e-05,2.3573637008666992e-05,730.0,643.0
1650498876,0.0,0.001069462,0.0,2.3752450942993164e-05,2.3573637008666992e-05,1460.0,1286.0
1650498877,0.0,0.001069462,0.0,2.3752450942993164e-05,2.3573637008666992e-05,1460.0,1286.0
1650498878,0.0,0.000454792,0.0,2.339482307434082e-05,2.321600914001465e-05,496.5,1335.0
1650498879,0.0,0.001577982,0.0,2.3752450942993164e-05,2.3573637008666992e-05,2123.0,1888.0
1650498880,0.0,0.002080016,0.0,2.3752450942993164e-05,2.3573637008666992e-05,2919.0,2836.0
1650498881,0.0,0.002080016,0.0,2.3752450942993164e-05,2.3573637008666992e-05,2919.0,2836.0
1650498882,0.0,0.000836201,0.0,2.3752450942993164e-05,2.3573637008666992e-05,1093.5,964.5
1650498883,0.0,0.0014925,0.0,2.3752450942993164e-05,2.3573637008666992e-05,2189.0,1929.0
1650498884,0.0,0.0014925,0.0,2.3752450942993164e-05,2.3573637008666992e-05,2189.0,1929.0
1650498885,0.0,0.0002141335,0.0,2.3752450942993164e-05,2.3573637008666992e-05,365.0,321.5
1650498886,0.0,0.000994437,0.0,2.3752450942993164e-05,2.3573637008666992e-05,1459.0,1286.0
1650498887,0.0,0.000994437,0.0,2.3752450942993164e-05,2.3573637008666992e-05,1459.0,1286.0
1650498888,0.0,0.0007129925,0.0,2.3752450942993164e-05,2.3573637008666992e-05,729.5,1267.0
1650498889,0.0,0.001975108,0.0,2.3752450942993164e-05,2.3573637008666992e-05,2387.0,1756.0
1650498890,0.0,0.001975108,0.0,2.3752450942993164e-05,2.3573637008666992e-05,2387.0,1756.0
1650498891,0.0,0.0005670175,0.005,2.3752450942993164e-05,2.3573637008666992e-05,729.5,775.0
1650498892,0.0,0.00093054,0.0,2.3752450942993164e-05,2.3573637008666992e-05,1460.0,1418.0
1650498893,0.0,0.00093054,0.0,2.3752450942993164e-05,2.3573637008666992e-05,1460.0,1418.0
1650498894,0.0,0.0009057875,0.0,2.3752450942993164e-05,2.3573637008666992e-05,1459.0,1286.0
1650498895,0.0,0.0009057875,0.0,2.3752450942993164e-05,2.3573637008666992e-05,1459.0,1286.0
1650498896,0.0,0.000442599,0.0,2.3752450942993164e-05,2.3573637008666992e-05,729.5,643.0
1650498897,0.0,0.001077462,0.0,2.3752450942993164e-05,2.3573637008666992e-05,1460.0,1286.0
1650498898,0.0,0.001077462,0.0,2.3752450942993164e-05,2.3573637008666992e-05,1460.0,1286.0
1650498899,0.0,0.0007598265,0.0,2.3752450942993164e-05,2.3573637008666992e-05,922.0,1198.0
1650498900,0.0,0.001151495,0.0,2.339482307434082e-05,2.321600914001465e-05,1722.0,1286.0
1650498901,0.0,0.002444584,0.0,2.3752450942993164e-05,2.3573637008666992e-05,3198.0,3248.0
1650498902,0.0,0.002444584,0.0,2.3752450942993164e-05,2.3573637008666992e-05,3198.0,3248.0
1650498903,0.0,0.0003105015,0.0,2.3752450942993164e-05,2.3573637008666992e-05,365.0,321.5
1650498904,0.0,0.0003105015,0.0,2.3752450942993164e-05,2.3573637008666992e-05,365.0,321.5
1650498905,0.0,0.0004652345,0.0,2.3752450942993164e-05,2.3573637008666992e-05,730.0,643.0
1650498906,0.0,0.001536913,0.0,2.3752450942993164e-05,2.3573637008666992e-05,2188.0,1929.0
1650498907,0.0,0.00106846,0.0,2.3752450942993164e-05,2.3573637008666992e-05,1460.0,1286.0
1650498908,0.0,0.001329149,0.0,2.3752450942993164e-05,2.3573637008666992e-05,1844.0,2615.0
1650498909,0.0,0.001329149,0.0,2.3752450942993164e-05,2.3573637008666992e-05,1844.0,2615.0
1650498910,0.0,0.0008094075,0.0,2.3752450942993164e-05,2.3573637008666992e-05,1095.0,964.5
1650498911,0.0,0.0008094075,0.0,2.3752450942993164e-05,2.3573637008666992e-05,1095.0,964.5
1650498912,0.0,0.001272778,0.0,2.3752450942993164e-05,2.3573637008666992e-05,1731.0,1558.0
1650498913,0.0,0.001110339,0.0,2.3752450942993164e-05,2.3573637008666992e-05,1502.0,1460.0
1650498914,0.0,0.001110339,0.0,2.3752450942993164e-05,2.3573637008666992e-05,1502.0,1460.0
1650498915,0.005,0.000841278,0.0,2.3752450942993164e-05,2.3573637008666992e-05,1371.0,1014.5
1650498916,0.005,0.000841278,0.0,2.3752450942993164e-05,2.3573637008666992e-05,1371.0,1014.5
1650498917,0.0,0.0009767435,0.0,2.3752450942993164e-05,2.3573637008666992e-05,1182.5,1236.0
1650498918,0.0,0.001560882,0.0,2.3752450942993164e-05,2.3573637008666992e-05,2188.0,3736.0
1650498919,0.0,0.001560882,0.0,2.3752450942993164e-05,2.3573637008666992e-05,2188.0,3736.0
1650498920,0.0,0.000606059,0.0,2.3752450942993164e-05,2.3573637008666992e-05,921.5,738.0
1650498921,0.0,0.000977047,0.0,2.3752450942993164e-05,2.3573637008666992e-05,1459.0,1286.0
1650498922,0.0,0.000977047,0.0,2.3752450942993164e-05,2.3573637008666992e-05,1459.0,1286.0
1650498923,0.0,0.0010555565,0.0,2.3752450942993164e-05,2.3573637008666992e-05,1366.5,1104.5
1650498924,0.0,0.001949877,0.0,2.3752450942993164e-05,2.3573637008666992e-05,2920.0,2968.0
1650498925,0.0,0.001949877,0.0,2.3752450942993164e-05,2.3573637008666992e-05,2920.0,2968.0
1650498926,0.0,0.0005633905,0.0,2.3752450942993164e-05,2.3573637008666992e-05,728.5,643.0
1650498927,0.0,0.0005633905,0.0,2.3752450942993164e-05,2.3573637008666992e-05,728.5,643.0
1650498928,0.0,0.000853239,0.0,2.3752450942993164e-05,2.3573637008666992e-05,1095.0,1477.0
1650498929,0.0,0.000853239,0.0,2.3752450942993164e-05,2.3573637008666992e-05,1095.0,1477.0
1650498930,0.0,0.0010622905,0.0,2.3752450942993164e-05,2.3573637008666992e-05,1652.5,1381.0
1650498931,0.0,0.000974724,0.0,2.3752450942993164e-05,2.3573637008666992e-05,1459.0,1286.0
1650498932,0.0,0.001191225,0.0,2.345442771911621e-05,2.327561378479004e-05,1723.0,1286.0
1650498933,0.0,0.001191225,0.0,2.345442771911621e-05,2.327561378479004e-05,1723.0,1286.0
1650498934,0.0,0.000663594,0.0,2.3752450942993164e-05,2.3573637008666992e-05,870.0,849.0
1650498935,0.0,0.000989724,0.0,2.3752450942993164e-05,2.3573637008666992e-05,1459.0,1550.0
1650498936,0.0,0.000989724,0.0,2.3752450942993164e-05,2.3573637008666992e-05,1459.0,1550.0
1650498937,0.0,0.000504069,0.0,2.3752450942993164e-05,2.3573637008666992e-05,730.0,643.0
1650498938,0.0,0.001400211,0.0,2.3752450942993164e-05,2.3573637008666992e-05,1844.0,2285.0
1650498939,0.0,0.001400211,0.0,2.3752450942993164e-05,2.3573637008666992e-05,1844.0,2285.0
1650498940,0.0,0.000702703,0.0,2.3752450942993164e-05,2.3573637008666992e-05,1094.5,964.5
1650498941,0.0,0.000702703,0.0,2.3752450942993164e-05,2.3573637008666992e-05,1094.5,964.5
1650498942,0.0,0.000843965,0.005,2.3752450942993164e-05,2.3573637008666992e-05,1093.5,964.5
1650498943,0.0,0.001014486,0.0,2.3752450942993164e-05,2.3573637008666992e-05,1459.0,1286.0
1650498944,0.0,0.002075407,0.0,2.3752450942993164e-05,2.3573637008666992e-05,2732.0,2341.0
1650498945,0.0,0.001583071,0.0,2.3752450942993164e-05,2.3573637008666992e-05,2190.0,2193.0
1650498946,0.0,0.001583071,0.0,2.3752450942993164e-05,2.3573637008666992e-05,2190.0,2193.0
1650498947,0.0,0.0007578905,0.0,2.3752450942993164e-05,2.3573637008666992e-05,1095.0,964.5
1650498948,0.0,0.0007578905,0.0,2.3752450942993164e-05,2.3573637008666992e-05,1095.0,964.5
1650498949,0.0,0.000924876,0.0,2.3752450942993164e-05,2.3573637008666992e-05,1287.5,1578.5
1650498950,0.0,0.000924876,0.0,2.3752450942993164e-05,2.3573637008666992e-05,1287.5,1578.5
1650498951,0.0,0.0013437855,0.0,2.3752450942993164e-05,2.3573637008666992e-05,1824.5,1607.5
1650498952,0.0,0.0013437855,0.0,2.3752450942993164e-05,2.3573637008666992e-05,1824.5,1607.5
1650498953,0.0,0.001425723,0.0,2.3752450942993164e-05,2.3573637008666992e-05,1824.0,1607.5
1650498954,0.0,0.001425723,0.0,2.3752450942993164e-05,2.3573637008666992e-05,1824.0,1607.5
1650498955,0.0,0.0009976325,0.0,2.3752450942993164e-05,2.3573637008666992e-05,1367.0,1170.5
1650498956,0.0,0.001085835,0.0,2.3752450942993164e-05,2.3573637008666992e-05,1459.0,1550.0
1650498957,0.0,0.000470329,0.0,2.3752450942993164e-05,2.3573637008666992e-05,730.0,643.0
1650498958,0.0,0.002448822,0.0,2.3752450942993164e-05,2.3573637008666992e-05,3303.0,4895.0
1650498959,0.0,0.000491918,0.0,2.3752450942993164e-05,2.3573637008666992e-05,728.0,643.0
1650498960,0.0,0.000491918,0.0,2.3752450942993164e-05,2.3573637008666992e-05,728.0,643.0
1650498961,0.0,0.0006045925,0.0,2.3752450942993164e-05,2.3573637008666992e-05,728.5,643.0
1650498962,0.0,0.0006045925,0.0,2.3752450942993164e-05,2.3573637008666992e-05,728.5,643.0
1650498963,0.0,0.0010132455,0.0,2.3752450942993164e-05,2.3573637008666992e-05,1458.0,1286.0
1650498964,0.0,0.001190671,0.0,2.339482307434082e-05,2.321600914001465e-05,1898.0,1460.0
1650498965,0.0,0.001453038,0.0,2.3752450942993164e-05,2.3573637008666992e-05,1738.0,1698.0
1650498966,0.0,0.001453038,0.0,2.3752450942993164e-05,2.3573637008666992e-05,1738.0,1698.0
1650498967,0.0,0.0002912345,0.005,2.3752450942993164e-05,2.3573637008666992e-05,364.5,387.5
1650498968,0.0,0.001125997,0.0,2.3752450942993164e-05,2.3573637008666992e-05,1459.0,3660.0
1650498969,0.01,0.002834717,0.0,2.3752450942993164e-05,2.3573637008666992e-05,4031.0,3405.0
1650498970,0.01,0.002834717,0.0,2.3752450942993164e-05,2.3573637008666992e-05,4031.0,3405.0
1650498971,0.0,0.0007113715,0.0,2.3752450942993164e-05,2.3573637008666992e-05,1095.0,964.5
1650498972,0.0,0.0007113715,0.0,2.3752450942993164e-05,2.3573637008666992e-05,1095.0,964.5
1650498973,0.0,0.0010139415,0.0,2.3752450942993164e-05,2.3573637008666992e-05,1460.0,1286.0
1650498974,0.01,0.00122465,0.0,2.3752450942993164e-05,2.3573637008666992e-05,1460.0,1286.0
1650498975,0.0,0.000462665,0.0,2.3752450942993164e-05,2.3573637008666992e-05,730.0,643.0
1650498976,0.0,0.001984989,0.0,2.3752450942993164e-05,2.3573637008666992e-05,2734.0,2341.0
1650498977,0.0,0.001984989,0.0,2.3752450942993164e-05,2.3573637008666992e-05,2734.0,2341.0
1650498978,0.0,0.0008946465,0.005,2.3752450942993164e-05,2.3573637008666992e-05,1095.0,1946.5
1650498979,0.0,0.002107256,0.0,2.3752450942993164e-05,2.3573637008666992e-05,3305.0,2762.0
1650498980,0.0,0.002107256,0.0,2.3752450942993164e-05,2.3573637008666992e-05,3305.0,2762.0
1650498981,0.0,0.000730599,0.0,2.3752450942993164e-05,2.3573637008666992e-05,1094.5,964.5
1650498982,0.0,0.000730599,0.0,2.3752450942993164e-05,2.3573637008666992e-05,1094.5,964.5
1650498983,0.0,0.000449888,0.0,2.3752450942993164e-05,2.3573637008666992e-05,729.5,643.0
1650498984,0.0,0.000449888,0.0,2.3752450942993164e-05,2.3573637008666992e-05,729.5,643.0
1650498985,0.0,0.0007371435,0.0,2.3752450942993164e-05,2.3573637008666992e-05,1094.5,964.5
1650498986,0.0,0.001918417,0.0,2.3752450942993164e-05,2.3573637008666992e-05,2734.0,2209.0
1650498987,0.0,0.001154916,0.0,2.3752450942993164e-05,2.3573637008666992e-05,1459.0,1550.0
1650498988,0.0,0.001462166,0.0,2.3752450942993164e-05,2.3573637008666992e-05,1844.0,3209.0
1650498989,0.0,0.001462166,0.0,2.3752450942993164e-05,2.3573637008666992e-05,1844.0,3209.0
1650498990,0.0,0.0007704145,0.0,2.3752450942993164e-05,2.3573637008666992e-05,1095.0,964.5
1650498991,0.0,0.0007704145,0.0,2.3752450942993164e-05,2.3573637008666992e-05,1095.0,964.5
1650498992,0.0,0.000481528,0.0,2.3752450942993164e-05,2.3573637008666992e-05,729.5,643.0
1650498993,0.0,0.000481528,0.0,2.3752450942993164e-05,2.3573637008666992e-05,729.5,643.0
1650498994,0.0,0.000484191,0.0,2.3752450942993164e-05,2.3573637008666992e-05,729.5,643.0
1650498995,0.0,0.002002172,0.0,2.3752450942993164e-05,2.3573637008666992e-05,2918.0,2572.0
1650498996,0.0,0.002002172,0.0,2.3752450942993164e-05,2.3573637008666992e-05,2918.0,2572.0
1650498997,0.0,0.000998863,0.0,2.3752450942993164e-05,2.3573637008666992e-05,1366.0,1170.5
1650498998,0.0,0.000998863,0.0,2.3752450942993164e-05,2.3573637008666992e-05,1366.0,1170.5
1650498999,0.0,0.0007290855,0.0,2.3752450942993164e-05,2.3573637008666992e-05,922.5,1219.5
1650499000,0.0,0.000557013,0.0,2.3752450942993164e-05,2.3573637008666992e-05,730.0,643.0
1650499001,0.0,0.000557013,0.0,2.3752450942993164e-05,2.3573637008666992e-05,730.0,643.0
1650499002,0.0,0.0005527215,0.0,2.3752450942993164e-05,2.3573637008666992e-05,729.5,643.0
1650499003,0.0,0.001001985,0.0,2.3752450942993164e-05,2.3573637008666992e-05,1458.0,1286.0
1650499004,0.0,0.000490288,0.0,2.3752450942993164e-05,2.3573637008666992e-05,730.0,643.0
1650499005,0.0,0.000490288,0.0,2.3752450942993164e-05,2.3573637008666992e-05,730.0,643.0
1650499006,0.0,0.000981683,0.0,2.3752450942993164e-05,2.3573637008666992e-05,1459.0,1286.0
1650499007,0.0,0.00187355,0.0,2.3752450942993164e-05,2.3573637008666992e-05,2732.0,2209.0
1650499008,0.0,0.00187355,0.0,2.3752450942993164e-05,2.3573637008666992e-05,2732.0,2209.0
1650499009,0.0,0.0009671375,0.0,2.3752450942993164e-05,2.3573637008666992e-05,1286.5,1664.0
1650499010,0.0,0.000950679,0.0,2.3752450942993164e-05,2.3573637008666992e-05,1459.0,1286.0
1650499011,0.0,0.000950679,0.0,2.3752450942993164e-05,2.3573637008666992e-05,1459.0,1286.0
1650499012,0.0,0.000529074,0.0,2.3752450942993164e-05,2.3573637008666992e-05,729.5,643.0
1650499013,0.0,0.000529074,0.0,2.3752450942993164e-05,2.3573637008666992e-05,729.5,643.0
1650499014,0.005,0.0010878,0.0,2.3752450942993164e-05,2.3573637008666992e-05,1481.0,1307.0
1650499015,0.0,0.000530667,0.0,2.3752450942993164e-05,2.3573637008666992e-05,730.0,643.0
1650499016,0.0,0.000541532,0.0,2.3752450942993164e-05,2.3573637008666992e-05,730.0,643.0
1650499017,0.0,0.000541532,0.0,2.3752450942993164e-05,2.3573637008666992e-05,730.0,643.0
1650499018,0.0,0.000697006,0.0,2.339482307434082e-05,2.321600914001465e-05,862.0,1598.0
1650499019,0.0,0.000998485,0.0,2.3752450942993164e-05,2.3573637008666992e-05,1395.0,1113.0
1650499020,0.0,0.001624149,0.0,2.3752450942993164e-05,2.3573637008666992e-05,2187.0,2325.0
1650499021,0.0,0.001624149,0.0,2.3752450942993164e-05,2.3573637008666992e-05,2187.0,2325.0
1650499022,0.0,0.0007472345,0.0,2.3752450942993164e-05,2.3573637008666992e-05,1095.0,964.5
